{
 "type": "FeatureCollection",
 "name": "Benidorm_03031",
 "crs": {
  "type": "name",
  "properties": {
   "name": "urn:ogc:def:crs:OGC:1.3:CRS84"
  }
 },
 "features": [
  {
   "type": "Feature",
   "geometry": {
    "type": "Point",
    "coordinates": [
     -0.10366,
     38.54125
    ]
   },
   "properties": {
    "id_tecnico": "00606c22-1ba0-4b27-a2ad-de5e55929c52",
    "categoria": "equipamientos",
    "tipo": "alimentacion",
    "nombre": "Blue Bay",
    "estado_nombre": "correcto",
    "direccion": null,
    "lat": 38.54125,
    "lng": -0.10366,
    "utm_x": 753415.72,
    "utm_y": 4269836.49,
    "utm_huso": 30,
    "fuente": "OpenStreetMap (Overpass)",
    "licencia": "ODbL 1.0",
    "confianza": 23,
    "estado_espacial": "valido",
    "geometria_origen": "punto_representativo"
   }
  },
  {
   "type": "Feature",
   "geometry": {
    "type": "Point",
    "coordinates": [
     -0.10674,
     38.53687
    ]
   },
   "properties": {
    "id_tecnico": "010b3b05-8562-4ca3-bd17-b7222334df71",
    "categoria": "infraestructuras",
    "tipo": "parada_autobus",
    "nombre": "Av. Ametlla de Mar, 11AC",
    "estado_nombre": "correcto",
    "direccion": null,
    "lat": 38.53687,
    "lng": -0.10674,
    "utm_x": 753161.36,
    "utm_y": 4269341.9,
    "utm_huso": 30,
    "fuente": "OpenStreetMap (Overpass)",
    "licencia": "ODbL 1.0",
    "confianza": 23,
    "estado_espacial": "valido",
    "geometria_origen": "punto_representativo"
   }
  },
  {
   "type": "Feature",
   "geometry": {
    "type": "Point",
    "coordinates": [
     -0.16608,
     38.53305
    ]
   },
   "properties": {
    "id_tecnico": "013417fc-51d5-4920-a984-a06a63ac56c2",
    "categoria": "servicios_basicos",
    "tipo": "estacion_servicio",
    "nombre": "BP",
    "estado_nombre": "correcto",
    "direccion": "Avinguda de La Vila Joiosa 34",
    "lat": 38.53305,
    "lng": -0.16608,
    "utm_x": 747981.05,
    "utm_y": 4268757.24,
    "utm_huso": 30,
    "fuente": "OpenStreetMap (Overpass)",
    "licencia": "ODbL 1.0",
    "confianza": 26,
    "estado_espacial": "proximo_limite",
    "geometria_origen": "punto_representativo"
   }
  },
  {
   "type": "Feature",
   "geometry": {
    "type": "Point",
    "coordinates": [
     -0.16225,
     38.53483
    ]
   },
   "properties": {
    "id_tecnico": "0155c7c3-b1f4-472b-ae1f-923c945d6930",
    "categoria": "equipamientos",
    "tipo": "instituto",
    "nombre": "Centre de Turisme Domingo Devesa",
    "estado_nombre": "correcto",
    "direccion": null,
    "lat": 38.53483,
    "lng": -0.16225,
    "utm_x": 748310.2,
    "utm_y": 4268965.08,
    "utm_huso": 30,
    "fuente": "OpenStreetMap (Overpass)",
    "licencia": "ODbL 1.0",
    "confianza": 26,
    "estado_espacial": "valido",
    "geometria_origen": "punto_representativo"
   }
  },
  {
   "type": "Feature",
   "geometry": {
    "type": "Point",
    "coordinates": [
     -0.11711,
     38.53646
    ]
   },
   "properties": {
    "id_tecnico": "017b65a1-d70b-441d-85e3-a7cfbd9fb881",
    "categoria": "infraestructuras",
    "tipo": "parada_autobus",
    "nombre": "203 - A. Les Dunes",
    "estado_nombre": "correcto",
    "direccion": "Av. Mediterráneo, 38",
    "lat": 38.53646,
    "lng": -0.11711,
    "utm_x": 752255.22,
    "utm_y": 4269268.08,
    "utm_huso": 30,
    "fuente": "Plantilla municipal — Limpieza info (PTM Benidorm)",
    "licencia": "Uso interno del proyecto",
    "confianza": 26,
    "estado_espacial": "proximo_limite",
    "geometria_origen": "punto_representativo"
   }
  },
  {
   "type": "Feature",
   "geometry": {
    "type": "Point",
    "coordinates": [
     -0.1143,
     38.53881
    ]
   },
   "properties": {
    "id_tecnico": "01a03ede-3e5a-415b-9701-854920cef14e",
    "categoria": "infraestructuras",
    "tipo": "alojamiento",
    "nombre": "Hotel Servigroup Venus",
    "estado_nombre": "correcto",
    "direccion": null,
    "lat": 38.53881,
    "lng": -0.1143,
    "utm_x": 752493.02,
    "utm_y": 4269536.58,
    "utm_huso": 30,
    "fuente": "OpenStreetMap (Overpass)",
    "licencia": "ODbL 1.0",
    "confianza": 26,
    "estado_espacial": "valido",
    "geometria_origen": "punto_representativo"
   }
  },
  {
   "type": "Feature",
   "geometry": {
    "type": "Point",
    "coordinates": [
     -0.11556,
     38.58826
    ]
   },
   "properties": {
    "id_tecnico": "01b4b817-8e24-4ecb-a2dd-d3dc65cbc86e",
    "categoria": "equipamientos",
    "tipo": "farmacia",
    "nombre": "Farmacia Carlos Reche Moreno",
    "estado_nombre": "correcto",
    "direccion": "Avinguda Poeta Miguel Hernández 1",
    "lat": 38.58826,
    "lng": -0.11556,
    "utm_x": 752211.81,
    "utm_y": 4275021.88,
    "utm_huso": 30,
    "fuente": "OpenStreetMap (Overpass)",
    "licencia": "ODbL 1.0",
    "confianza": 9,
    "estado_espacial": "fuera_municipio",
    "geometria_origen": "punto_representativo"
   }
  },
  {
   "type": "Feature",
   "geometry": {
    "type": "Point",
    "coordinates": [
     -0.13546,
     38.53955
    ]
   },
   "properties": {
    "id_tecnico": "01c94ae9-c163-4775-81a2-0e333434fe54",
    "categoria": "infraestructuras",
    "tipo": "parada_autobus",
    "nombre": "Av. Jaume I, front 22",
    "estado_nombre": "correcto",
    "direccion": null,
    "lat": 38.53955,
    "lng": -0.13546,
    "utm_x": 750638.66,
    "utm_y": 4269561.19,
    "utm_huso": 30,
    "fuente": "OpenStreetMap (Overpass)",
    "licencia": "ODbL 1.0",
    "confianza": 23,
    "estado_espacial": "valido",
    "geometria_origen": "punto_representativo"
   }
  },
  {
   "type": "Feature",
   "geometry": {
    "type": "Point",
    "coordinates": [
     -0.13156,
     38.5364
    ]
   },
   "properties": {
    "id_tecnico": "01d50f8a-b1ca-4065-a87a-12b885524d82",
    "categoria": "equipamientos",
    "tipo": "alimentacion",
    "nombre": "alimentacion node/8867974513",
    "estado_nombre": "correcto",
    "direccion": "Passeig de la Carretera",
    "lat": 38.5364,
    "lng": -0.13156,
    "utm_x": 750990.79,
    "utm_y": 4269222.13,
    "utm_huso": 30,
    "fuente": "OpenStreetMap (Overpass)",
    "licencia": "ODbL 1.0",
    "confianza": 26,
    "estado_espacial": "proximo_limite",
    "geometria_origen": "punto_representativo"
   }
  },
  {
   "type": "Feature",
   "geometry": {
    "type": "Point",
    "coordinates": [
     -0.116,
     38.53687
    ]
   },
   "properties": {
    "id_tecnico": "02e094d7-ae62-44a7-badc-7a0a3a92f0ef",
    "categoria": "equipamientos",
    "tipo": "alimentacion",
    "nombre": "Ecomart",
    "estado_nombre": "correcto",
    "direccion": "Avinguda de Mallorca",
    "lat": 38.53687,
    "lng": -0.116,
    "utm_x": 752350.94,
    "utm_y": 4269316.61,
    "utm_huso": 30,
    "fuente": "OpenStreetMap (Overpass)",
    "licencia": "ODbL 1.0",
    "confianza": 26,
    "estado_espacial": "proximo_limite",
    "geometria_origen": "punto_representativo"
   }
  },
  {
   "type": "Feature",
   "geometry": {
    "type": "Point",
    "coordinates": [
     -0.15657,
     38.55637
    ]
   },
   "properties": {
    "id_tecnico": "03332c46-bac8-4c60-b9bb-fcdf797dee20",
    "categoria": "infraestructuras",
    "tipo": "parada_autobus",
    "nombre": "Av. Eduardo Zaplana",
    "estado_nombre": "correcto",
    "direccion": null,
    "lat": 38.55637,
    "lng": -0.15657,
    "utm_x": 748733.94,
    "utm_y": 4271371.16,
    "utm_huso": 30,
    "fuente": "OpenStreetMap (Overpass)",
    "licencia": "ODbL 1.0",
    "confianza": 23,
    "estado_espacial": "valido",
    "geometria_origen": "punto_representativo"
   }
  },
  {
   "type": "Feature",
   "geometry": {
    "type": "Point",
    "coordinates": [
     -0.13181,
     38.53999
    ]
   },
   "properties": {
    "id_tecnico": "0347e39a-8475-449e-8a89-3a901d12d171",
    "categoria": "equipamientos",
    "tipo": "centro_salud",
    "nombre": "Centro Médico Lago",
    "estado_nombre": "correcto",
    "direccion": "Avenida de Los Limones 4",
    "lat": 38.53999,
    "lng": -0.13181,
    "utm_x": 750956.57,
    "utm_y": 4269619.92,
    "utm_huso": 30,
    "fuente": "OpenStreetMap (Overpass)",
    "licencia": "ODbL 1.0",
    "confianza": 26,
    "estado_espacial": "valido",
    "geometria_origen": "punto_representativo"
   }
  },
  {
   "type": "Feature",
   "geometry": {
    "type": "Point",
    "coordinates": [
     -0.10238,
     38.5573
    ]
   },
   "properties": {
    "id_tecnico": "038f2d69-a184-41af-9b53-9552fb435cd0",
    "categoria": "infraestructuras",
    "tipo": "parada_autobus",
    "nombre": "Av. Comunitat Valenciana, km 124.9",
    "estado_nombre": "correcto",
    "direccion": null,
    "lat": 38.5573,
    "lng": -0.10238,
    "utm_x": 753472.02,
    "utm_y": 4271621.48,
    "utm_huso": 30,
    "fuente": "OpenStreetMap (Overpass)",
    "licencia": "ODbL 1.0",
    "confianza": 23,
    "estado_espacial": "valido",
    "geometria_origen": "punto_representativo"
   }
  },
  {
   "type": "Feature",
   "geometry": {
    "type": "Point",
    "coordinates": [
     -0.11521,
     38.53848
    ]
   },
   "properties": {
    "id_tecnico": "039c6730-d318-40f6-b976-c15c3e417986",
    "categoria": "equipamientos",
    "tipo": "alimentacion",
    "nombre": "Super Mart",
    "estado_nombre": "correcto",
    "direccion": null,
    "lat": 38.53848,
    "lng": -0.11521,
    "utm_x": 752414.52,
    "utm_y": 4269497.47,
    "utm_huso": 30,
    "fuente": "OpenStreetMap (Overpass)",
    "licencia": "ODbL 1.0",
    "confianza": 23,
    "estado_espacial": "valido",
    "geometria_origen": "punto_representativo"
   }
  },
  {
   "type": "Feature",
   "geometry": {
    "type": "Point",
    "coordinates": [
     -0.12182,
     38.54237
    ]
   },
   "properties": {
    "id_tecnico": "03ed8651-57e9-49d4-b7ba-7a4b95d41366",
    "categoria": "infraestructuras",
    "tipo": "parada_autobus",
    "nombre": "342 - Goldcar",
    "estado_nombre": "correcto",
    "direccion": "Av. Comunitat Valenciana, 8AC",
    "lat": 38.54237,
    "lng": -0.12182,
    "utm_x": 751822.63,
    "utm_y": 4269911.23,
    "utm_huso": 30,
    "fuente": "Plantilla municipal — Limpieza info (PTM Benidorm)",
    "licencia": "Uso interno del proyecto",
    "confianza": 26,
    "estado_espacial": "valido",
    "geometria_origen": "punto_representativo"
   }
  },
  {
   "type": "Feature",
   "geometry": {
    "type": "Point",
    "coordinates": [
     -0.13002,
     38.53845
    ]
   },
   "properties": {
    "id_tecnico": "042d1040-47ec-4a6b-a10a-0302d4d30727",
    "categoria": "infraestructuras",
    "tipo": "alojamiento",
    "nombre": "La Orozca",
    "estado_nombre": "correcto",
    "direccion": "Avenida de Ruzafa - Avinguda de Russafa 37",
    "lat": 38.53845,
    "lng": -0.13002,
    "utm_x": 751118.52,
    "utm_y": 4269453.85,
    "utm_huso": 30,
    "fuente": "OpenStreetMap (Overpass)",
    "licencia": "ODbL 1.0",
    "confianza": 26,
    "estado_espacial": "valido",
    "geometria_origen": "punto_representativo"
   }
  },
  {
   "type": "Feature",
   "geometry": {
    "type": "Point",
    "coordinates": [
     -0.12002,
     38.54283
    ]
   },
   "properties": {
    "id_tecnico": "043b786f-f74e-4b26-a7c5-317c85f47b4e",
    "categoria": "equipamientos",
    "tipo": "alimentacion",
    "nombre": "Udaco Express",
    "estado_nombre": "correcto",
    "direccion": "Avda. Europa 18-20",
    "lat": 38.54283,
    "lng": -0.12002,
    "utm_x": 751978.56,
    "utm_y": 4269967.19,
    "utm_huso": 30,
    "fuente": "OpenStreetMap (Overpass)",
    "licencia": "ODbL 1.0",
    "confianza": 26,
    "estado_espacial": "valido",
    "geometria_origen": "punto_representativo"
   }
  },
  {
   "type": "Feature",
   "geometry": {
    "type": "Point",
    "coordinates": [
     -0.10848,
     38.55259
    ]
   },
   "properties": {
    "id_tecnico": "049c7819-f26a-4709-a195-94f722b748ad",
    "categoria": "infraestructuras",
    "tipo": "parada_autobus",
    "nombre": "Av. Comunitat Valenciana, km 123.6",
    "estado_nombre": "correcto",
    "direccion": null,
    "lat": 38.55259,
    "lng": -0.10848,
    "utm_x": 752954.63,
    "utm_y": 4271081.99,
    "utm_huso": 30,
    "fuente": "OpenStreetMap (Overpass)",
    "licencia": "ODbL 1.0",
    "confianza": 23,
    "estado_espacial": "valido",
    "geometria_origen": "punto_representativo"
   }
  },
  {
   "type": "Feature",
   "geometry": {
    "type": "Point",
    "coordinates": [
     -0.1367,
     38.59912
    ]
   },
   "properties": {
    "id_tecnico": "04c197d8-e98b-4fe1-9fec-2006af08094c",
    "categoria": "equipamientos",
    "tipo": "mercado",
    "nombre": "Rastro La Nucía",
    "estado_nombre": "correcto",
    "direccion": "Avinguda La Vila Joiosa",
    "lat": 38.59912,
    "lng": -0.1367,
    "utm_x": 750325.7,
    "utm_y": 4276169.83,
    "utm_huso": 30,
    "fuente": "OpenStreetMap (Overpass)",
    "licencia": "ODbL 1.0",
    "confianza": 9,
    "estado_espacial": "fuera_municipio",
    "geometria_origen": "punto_representativo"
   }
  },
  {
   "type": "Feature",
   "geometry": {
    "type": "Point",
    "coordinates": [
     -0.12088,
     38.53706
    ]
   },
   "properties": {
    "id_tecnico": "050fac47-0e89-48ff-91c3-0f55057ffb06",
    "categoria": "infraestructuras",
    "tipo": "parada_autobus",
    "nombre": "Av. Mediterrani, 13 (Hotel Belroy)",
    "estado_nombre": "correcto",
    "direccion": null,
    "lat": 38.53706,
    "lng": -0.12088,
    "utm_x": 751923.2,
    "utm_y": 4269324.4,
    "utm_huso": 30,
    "fuente": "OpenStreetMap (Overpass)",
    "licencia": "ODbL 1.0",
    "confianza": 23,
    "estado_espacial": "proximo_limite",
    "geometria_origen": "punto_representativo"
   }
  },
  {
   "type": "Feature",
   "geometry": {
    "type": "Point",
    "coordinates": [
     -0.13444,
     38.55958
    ]
   },
   "properties": {
    "id_tecnico": "052df2ec-a228-4018-b89d-58787fa9ffb6",
    "categoria": "servicios_basicos",
    "tipo": "estacion_servicio",
    "nombre": "REPSOL · CARRETERA CV-70 KM. 47",
    "estado_nombre": "correcto",
    "direccion": "CARRETERA CV-70 KM. 47",
    "lat": 38.55958,
    "lng": -0.13444,
    "utm_x": 750659.16,
    "utm_y": 4271787.19,
    "utm_huso": 30,
    "fuente": "Geoportal de Gasolineras (MITECO, API REST)",
    "licencia": "Reutilización de información del sector público (Ley 37/2007), citando la fuente",
    "confianza": 29,
    "estado_espacial": "valido",
    "geometria_origen": "punto_representativo"
   }
  },
  {
   "type": "Feature",
   "geometry": {
    "type": "Point",
    "coordinates": [
     -0.11438,
     38.5377
    ]
   },
   "properties": {
    "id_tecnico": "054ae923-8b17-4b0f-aa49-13988e7628f4",
    "categoria": "infraestructuras",
    "tipo": "alojamiento",
    "nombre": "MC One Apartments",
    "estado_nombre": "correcto",
    "direccion": null,
    "lat": 38.5377,
    "lng": -0.11438,
    "utm_x": 752489.85,
    "utm_y": 4269413.16,
    "utm_huso": 30,
    "fuente": "OpenStreetMap (Overpass)",
    "licencia": "ODbL 1.0",
    "confianza": 23,
    "estado_espacial": "valido",
    "geometria_origen": "punto_representativo"
   }
  },
  {
   "type": "Feature",
   "geometry": {
    "type": "Point",
    "coordinates": [
     -0.1016,
     38.5572
    ]
   },
   "properties": {
    "id_tecnico": "0602fca6-5d95-4812-9ffe-2a2a7e4d8aa6",
    "categoria": "equipamientos",
    "tipo": "alimentacion",
    "nombre": "Cash & Carry MedMarket",
    "estado_nombre": "correcto",
    "direccion": null,
    "lat": 38.5572,
    "lng": -0.1016,
    "utm_x": 753540.61,
    "utm_y": 4271612.52,
    "utm_huso": 30,
    "fuente": "OpenStreetMap (Overpass)",
    "licencia": "ODbL 1.0",
    "confianza": 23,
    "estado_espacial": "valido",
    "geometria_origen": "punto_representativo"
   }
  },
  {
   "type": "Feature",
   "geometry": {
    "type": "Point",
    "coordinates": [
     -0.13233,
     38.53705
    ]
   },
   "properties": {
    "id_tecnico": "0604cb0a-86a5-4365-a964-553e891b08e4",
    "categoria": "infraestructuras",
    "tipo": "alojamiento",
    "nombre": "Voramar",
    "estado_nombre": "correcto",
    "direccion": null,
    "lat": 38.53705,
    "lng": -0.13233,
    "utm_x": 750921.16,
    "utm_y": 4269292.19,
    "utm_huso": 30,
    "fuente": "OpenStreetMap (Overpass)",
    "licencia": "ODbL 1.0",
    "confianza": 23,
    "estado_espacial": "proximo_limite",
    "geometria_origen": "punto_representativo"
   }
  },
  {
   "type": "Feature",
   "geometry": {
    "type": "Point",
    "coordinates": [
     -0.12132,
     38.55439
    ]
   },
   "properties": {
    "id_tecnico": "0626fef9-403a-476a-adf9-f76dd221152c",
    "categoria": "equipamientos",
    "tipo": "colegio",
    "nombre": "Col·legi d'Educació Primària i Infantil Mestre Gaspar López",
    "estado_nombre": "correcto",
    "direccion": null,
    "lat": 38.55439,
    "lng": -0.12132,
    "utm_x": 751824.93,
    "utm_y": 4271246.76,
    "utm_huso": 30,
    "fuente": "OpenStreetMap (Overpass)",
    "licencia": "ODbL 1.0",
    "confianza": 23,
    "estado_espacial": "valido",
    "geometria_origen": "punto_representativo"
   }
  },
  {
   "type": "Feature",
   "geometry": {
    "type": "Point",
    "coordinates": [
     -0.1234,
     38.54683
    ]
   },
   "properties": {
    "id_tecnico": "062fc7a8-9384-4afe-9b02-de4aa65bddf4",
    "categoria": "infraestructuras",
    "tipo": "parada_autobus",
    "nombre": "280 - C. Els Tolls",
    "estado_nombre": "correcto",
    "direccion": "Av. Municipi, 18",
    "lat": 38.54683,
    "lng": -0.1234,
    "utm_x": 751668.99,
    "utm_y": 4270401.97,
    "utm_huso": 30,
    "fuente": "Plantilla municipal — Limpieza info (PTM Benidorm)",
    "licencia": "Uso interno del proyecto",
    "confianza": 26,
    "estado_espacial": "valido",
    "geometria_origen": "punto_representativo"
   }
  },
  {
   "type": "Feature",
   "geometry": {
    "type": "Point",
    "coordinates": [
     -0.14208,
     38.54347
    ]
   },
   "properties": {
    "id_tecnico": "063ceb38-b748-4c4d-9600-174cefd82a64",
    "categoria": "infraestructuras",
    "tipo": "parada_autobus",
    "nombre": "139 - Nicaragua 33",
    "estado_nombre": "correcto",
    "direccion": "Av. Nicaragua, 33",
    "lat": 38.54347,
    "lng": -0.14208,
    "utm_x": 750045.9,
    "utm_y": 4269978.38,
    "utm_huso": 30,
    "fuente": "Plantilla municipal — Limpieza info (PTM Benidorm)",
    "licencia": "Uso interno del proyecto",
    "confianza": 26,
    "estado_espacial": "valido",
    "geometria_origen": "punto_representativo"
   }
  },
  {
   "type": "Feature",
   "geometry": {
    "type": "Point",
    "coordinates": [
     -0.12619,
     38.54665
    ]
   },
   "properties": {
    "id_tecnico": "065209bc-3233-4c72-b35e-ae8461584f69",
    "categoria": "equipamientos",
    "tipo": "farmacia",
    "nombre": "farmacia node/4344596896",
    "estado_nombre": "correcto",
    "direccion": "calle Noruega",
    "lat": 38.54665,
    "lng": -0.12619,
    "utm_x": 751425.47,
    "utm_y": 4270374.41,
    "utm_huso": 30,
    "fuente": "OpenStreetMap (Overpass)",
    "licencia": "ODbL 1.0",
    "confianza": 26,
    "estado_espacial": "valido",
    "geometria_origen": "punto_representativo"
   }
  },
  {
   "type": "Feature",
   "geometry": {
    "type": "Point",
    "coordinates": [
     -0.11287,
     38.53627
    ]
   },
   "properties": {
    "id_tecnico": "06583e28-e635-4bb8-a334-ba1066376958",
    "categoria": "equipamientos",
    "tipo": "alimentacion",
    "nombre": "Aarya",
    "estado_nombre": "correcto",
    "direccion": "Avenida del Mediterráneo - Avinguda del Mediterranio 41",
    "lat": 38.53627,
    "lng": -0.11287,
    "utm_x": 752626.95,
    "utm_y": 4269258.55,
    "utm_huso": 30,
    "fuente": "OpenStreetMap (Overpass)",
    "licencia": "ODbL 1.0",
    "confianza": 26,
    "estado_espacial": "proximo_limite",
    "geometria_origen": "punto_representativo"
   }
  },
  {
   "type": "Feature",
   "geometry": {
    "type": "Point",
    "coordinates": [
     -0.12163,
     38.53756
    ]
   },
   "properties": {
    "id_tecnico": "069b4bd7-5a76-4c5e-9704-bfa7d3e7029b",
    "categoria": "equipamientos",
    "tipo": "alimentacion",
    "nombre": "Benidorm",
    "estado_nombre": "correcto",
    "direccion": "Avenida del periodista y escritor Emilio Romero",
    "lat": 38.53756,
    "lng": -0.12163,
    "utm_x": 751855.84,
    "utm_y": 4269377.86,
    "utm_huso": 30,
    "fuente": "OpenStreetMap (Overpass)",
    "licencia": "ODbL 1.0",
    "confianza": 26,
    "estado_espacial": "valido",
    "geometria_origen": "punto_representativo"
   }
  },
  {
   "type": "Feature",
   "geometry": {
    "type": "Point",
    "coordinates": [
     -0.10247,
     38.53625
    ]
   },
   "properties": {
    "id_tecnico": "06a6a6e1-e21b-4741-b1e6-1a3d86dd550d",
    "categoria": "infraestructuras",
    "tipo": "parada_autobus",
    "nombre": "336 - Londres 16",
    "estado_nombre": "correcto",
    "direccion": "C/ Londres, 16",
    "lat": 38.53625,
    "lng": -0.10247,
    "utm_x": 753537.21,
    "utm_y": 4269284.77,
    "utm_huso": 30,
    "fuente": "Plantilla municipal — Limpieza info (PTM Benidorm)",
    "licencia": "Uso interno del proyecto",
    "confianza": 26,
    "estado_espacial": "valido",
    "geometria_origen": "punto_representativo"
   }
  },
  {
   "type": "Feature",
   "geometry": {
    "type": "Point",
    "coordinates": [
     -0.12448,
     38.54403
    ]
   },
   "properties": {
    "id_tecnico": "07238f1a-45a9-44b0-a9d6-02cf1cf48241",
    "categoria": "equipamientos",
    "tipo": "policia",
    "nombre": "Policía Local Benidorm",
    "estado_nombre": "correcto",
    "direccion": null,
    "lat": 38.54403,
    "lng": -0.12448,
    "utm_x": 751584.13,
    "utm_y": 4270088.25,
    "utm_huso": 30,
    "fuente": "OpenStreetMap (Overpass)",
    "licencia": "ODbL 1.0",
    "confianza": 26,
    "estado_espacial": "valido",
    "geometria_origen": "punto_representativo"
   }
  },
  {
   "type": "Feature",
   "geometry": {
    "type": "Point",
    "coordinates": [
     -0.1436,
     38.56163
    ]
   },
   "properties": {
    "id_tecnico": "074749ce-a0d7-499e-9954-b509c1d1fe31",
    "categoria": "infraestructuras",
    "tipo": "parada_autobus",
    "nombre": "Av. Eduardo Zaplana",
    "estado_nombre": "correcto",
    "direccion": null,
    "lat": 38.56163,
    "lng": -0.1436,
    "utm_x": 749850.73,
    "utm_y": 4271989.94,
    "utm_huso": 30,
    "fuente": "OpenStreetMap (Overpass)",
    "licencia": "ODbL 1.0",
    "confianza": 23,
    "estado_espacial": "valido",
    "geometria_origen": "punto_representativo"
   }
  },
  {
   "type": "Feature",
   "geometry": {
    "type": "Point",
    "coordinates": [
     -0.16822,
     38.53105
    ]
   },
   "properties": {
    "id_tecnico": "07639685-314b-49d8-9de9-99d6c723e084",
    "categoria": "infraestructuras",
    "tipo": "alojamiento",
    "nombre": "Hotel Alone",
    "estado_nombre": "correcto",
    "direccion": "Avinguda Marina Baixa 23",
    "lat": 38.53105,
    "lng": -0.16822,
    "utm_x": 747800.53,
    "utm_y": 4268529.52,
    "utm_huso": 30,
    "fuente": "OpenStreetMap (Overpass)",
    "licencia": "ODbL 1.0",
    "confianza": 6,
    "estado_espacial": "fuera_municipio",
    "geometria_origen": "punto_representativo"
   }
  },
  {
   "type": "Feature",
   "geometry": {
    "type": "Point",
    "coordinates": [
     -0.12339,
     38.54682
    ]
   },
   "properties": {
    "id_tecnico": "07664ce2-2053-4d12-9b51-63be6e98afa4",
    "categoria": "infraestructuras",
    "tipo": "parada_autobus",
    "nombre": "Av. Municipi, 18",
    "estado_nombre": "correcto",
    "direccion": null,
    "lat": 38.54682,
    "lng": -0.12339,
    "utm_x": 751669.9,
    "utm_y": 4270400.89,
    "utm_huso": 30,
    "fuente": "OpenStreetMap (Overpass)",
    "licencia": "ODbL 1.0",
    "confianza": 23,
    "estado_espacial": "valido",
    "geometria_origen": "punto_representativo"
   }
  },
  {
   "type": "Feature",
   "geometry": {
    "type": "Point",
    "coordinates": [
     -0.15772,
     38.53818
    ]
   },
   "properties": {
    "id_tecnico": "079c57be-f360-4ee6-b195-436758ef4475",
    "categoria": "infraestructuras",
    "tipo": "parada_autobus",
    "nombre": "Av. Vicente Pérez Devesa",
    "estado_nombre": "correcto",
    "direccion": null,
    "lat": 38.53818,
    "lng": -0.15772,
    "utm_x": 748695.26,
    "utm_y": 4269349.07,
    "utm_huso": 30,
    "fuente": "OpenStreetMap (Overpass)",
    "licencia": "ODbL 1.0",
    "confianza": 23,
    "estado_espacial": "valido",
    "geometria_origen": "punto_representativo"
   }
  },
  {
   "type": "Feature",
   "geometry": {
    "type": "Point",
    "coordinates": [
     -0.11743,
     38.53983
    ]
   },
   "properties": {
    "id_tecnico": "07f3abc6-5acd-4633-bd56-8f78723b0b45",
    "categoria": "equipamientos",
    "tipo": "alimentacion",
    "nombre": "alimentacion node/8016406183",
    "estado_nombre": "correcto",
    "direccion": "Carrer d'Evissa",
    "lat": 38.53983,
    "lng": -0.11743,
    "utm_x": 752215.57,
    "utm_y": 4269641.26,
    "utm_huso": 30,
    "fuente": "OpenStreetMap (Overpass)",
    "licencia": "ODbL 1.0",
    "confianza": 26,
    "estado_espacial": "valido",
    "geometria_origen": "punto_representativo"
   }
  },
  {
   "type": "Feature",
   "geometry": {
    "type": "Point",
    "coordinates": [
     -0.12758,
     38.54304
    ]
   },
   "properties": {
    "id_tecnico": "0838d59f-8ee9-4645-87d4-1577eab396e7",
    "categoria": "infraestructuras",
    "tipo": "parada_autobus",
    "nombre": "Av. Alfonso Puchades, 19",
    "estado_nombre": "correcto",
    "direccion": null,
    "lat": 38.54304,
    "lng": -0.12758,
    "utm_x": 751316.26,
    "utm_y": 4269969.94,
    "utm_huso": 30,
    "fuente": "OpenStreetMap (Overpass)",
    "licencia": "ODbL 1.0",
    "confianza": 23,
    "estado_espacial": "valido",
    "geometria_origen": "punto_representativo"
   }
  },
  {
   "type": "Feature",
   "geometry": {
    "type": "Point",
    "coordinates": [
     -0.12354,
     38.53597
    ]
   },
   "properties": {
    "id_tecnico": "083ee068-3fdb-4223-99a8-0a41a1832535",
    "categoria": "equipamientos",
    "tipo": "alimentacion",
    "nombre": "Supercor Exprés",
    "estado_nombre": "correcto",
    "direccion": "Avinguda d'Alcoi - Avenida de Alcoy 12",
    "lat": 38.53597,
    "lng": -0.12354,
    "utm_x": 751694.16,
    "utm_y": 4269196.18,
    "utm_huso": 30,
    "fuente": "OpenStreetMap (Overpass)",
    "licencia": "ODbL 1.0",
    "confianza": 26,
    "estado_espacial": "proximo_limite",
    "geometria_origen": "punto_representativo"
   }
  },
  {
   "type": "Feature",
   "geometry": {
    "type": "Point",
    "coordinates": [
     -0.15157,
     38.54489
    ]
   },
   "properties": {
    "id_tecnico": "085d565d-226f-4967-b2ed-74a85743c8ab",
    "categoria": "infraestructuras",
    "tipo": "alojamiento",
    "nombre": "Résidence Benidorm Poniente",
    "estado_nombre": "correcto",
    "direccion": null,
    "lat": 38.54489,
    "lng": -0.15157,
    "utm_x": 749210.59,
    "utm_y": 4270110.39,
    "utm_huso": 30,
    "fuente": "OpenStreetMap (Overpass)",
    "licencia": "ODbL 1.0",
    "confianza": 23,
    "estado_espacial": "valido",
    "geometria_origen": "punto_representativo"
   }
  },
  {
   "type": "Feature",
   "geometry": {
    "type": "Point",
    "coordinates": [
     -0.13279,
     38.54452
    ]
   },
   "properties": {
    "id_tecnico": "0894dad4-5798-4c8a-8882-1c1fc461eb45",
    "categoria": "infraestructuras",
    "tipo": "parada_autobus",
    "nombre": "Av. Beniardà, 13",
    "estado_nombre": "correcto",
    "direccion": null,
    "lat": 38.54452,
    "lng": -0.13279,
    "utm_x": 750855.25,
    "utm_y": 4270120.07,
    "utm_huso": 30,
    "fuente": "OpenStreetMap (Overpass)",
    "licencia": "ODbL 1.0",
    "confianza": 23,
    "estado_espacial": "valido",
    "geometria_origen": "punto_representativo"
   }
  },
  {
   "type": "Feature",
   "geometry": {
    "type": "MultiPolygon",
    "coordinates": [
     [
      [
       [
        -0.1869109,
        38.6075609
       ],
       [
        -0.1868222,
        38.6068921
       ],
       [
        -0.1866623,
        38.6062846
       ],
       [
        -0.1866125,
        38.6049139
       ],
       [
        -0.1795369,
        38.5956077
       ],
       [
        -0.1796983,
        38.5914852
       ],
       [
        -0.1678723,
        38.583361
       ],
       [
        -0.1672235,
        38.5829309
       ],
       [
        -0.1653239,
        38.5798666
       ],
       [
        -0.1645559,
        38.5789651
       ],
       [
        -0.1590437,
        38.5705965
       ],
       [
        -0.1643353,
        38.5667788
       ],
       [
        -0.1678709,
        38.5644139
       ],
       [
        -0.1682519,
        38.5642023
       ],
       [
        -0.1704048,
        38.5630066
       ],
       [
        -0.1731122,
        38.5618558
       ],
       [
        -0.1751117,
        38.5609041
       ],
       [
        -0.1741472,
        38.558286
       ],
       [
        -0.1740794,
        38.5582573
       ],
       [
        -0.1730358,
        38.5544391
       ],
       [
        -0.1727286,
        38.552909
       ],
       [
        -0.1709129,
        38.5465493
       ],
       [
        -0.170365,
        38.5441395
       ],
       [
        -0.1699286,
        38.5426874
       ],
       [
        -0.1696329,
        38.5409132
       ],
       [
        -0.1691555,
        38.5390418
       ],
       [
        -0.1668327,
        38.5329952
       ],
       [
        -0.1667251,
        38.5327185
       ],
       [
        -0.166712,
        38.5326847
       ],
       [
        -0.166707,
        38.5326632
       ],
       [
        -0.1666949,
        38.5326435
       ],
       [
        -0.1662828,
        38.5313041
       ],
       [
        -0.1661648,
        38.5312202
       ],
       [
        -0.1659315,
        38.5305172
       ],
       [
        -0.166028,
        38.5304732
       ],
       [
        -0.1658537,
        38.5298941
       ],
       [
        -0.1656901,
        38.5299004
       ],
       [
        -0.165285,
        38.5291513
       ],
       [
        -0.1648639,
        38.5284085
       ],
       [
        -0.1646759,
        38.5270189
       ],
       [
        -0.1644272,
        38.5251809
       ],
       [
        -0.1640162,
        38.5237452
       ],
       [
        -0.1640016,
        38.5237428
       ],
       [
        -0.1639954,
        38.5237307
       ],
       [
        -0.1639371,
        38.5237416
       ],
       [
        -0.1638971,
        38.523752
       ],
       [
        -0.163888,
        38.5237589
       ],
       [
        -0.1638701,
        38.5237586
       ],
       [
        -0.1637863,
        38.5237784
       ],
       [
        -0.1637632,
        38.5237643
       ],
       [
        -0.163725,
        38.5237605
       ],
       [
        -0.1637227,
        38.5237713
       ],
       [
        -0.1636958,
        38.5237763
       ],
       [
        -0.1636722,
        38.5237644
       ],
       [
        -0.1636609,
        38.5237669
       ],
       [
        -0.1636489,
        38.5237721
       ],
       [
        -0.1636429,
        38.5237664
       ],
       [
        -0.1632561,
        38.5238538
       ],
       [
        -0.1625468,
        38.5239916
       ],
       [
        -0.1618081,
        38.5241494
       ],
       [
        -0.1613294,
        38.5243145
       ],
       [
        -0.1609283,
        38.5245476
       ],
       [
        -0.1608473,
        38.5248456
       ],
       [
        -0.160812,
        38.5248904
       ],
       [
        -0.160785,
        38.5249462
       ],
       [
        -0.1607397,
        38.5250027
       ],
       [
        -0.1606829,
        38.5250434
       ],
       [
        -0.1607089,
        38.5250856
       ],
       [
        -0.1607137,
        38.5251218
       ],
       [
        -0.1606482,
        38.5251965
       ],
       [
        -0.1605662,
        38.5252584
       ],
       [
        -0.1606076,
        38.5253455
       ],
       [
        -0.1605805,
        38.525423
       ],
       [
        -0.1605405,
        38.5254556
       ],
       [
        -0.1604528,
        38.5255905
       ],
       [
        -0.1604397,
        38.5257008
       ],
       [
        -0.1604894,
        38.5258235
       ],
       [
        -0.1606124,
        38.5259223
       ],
       [
        -0.1609159,
        38.5262684
       ],
       [
        -0.1610885,
        38.5264979
       ],
       [
        -0.1612099,
        38.5266894
       ],
       [
        -0.1614729,
        38.5268296
       ],
       [
        -0.1617477,
        38.5269486
       ],
       [
        -0.1619464,
        38.5270205
       ],
       [
        -0.1620377,
        38.5270161
       ],
       [
        -0.1620106,
        38.5270965
       ],
       [
        -0.161721,
        38.5274672
       ],
       [
        -0.1617288,
        38.5275424
       ],
       [
        -0.1615928,
        38.5276823
       ],
       [
        -0.1615159,
        38.5279899
       ],
       [
        -0.161418,
        38.5281221
       ],
       [
        -0.1612343,
        38.5283624
       ],
       [
        -0.1610814,
        38.5285376
       ],
       [
        -0.1609124,
        38.5287159
       ],
       [
        -0.1607797,
        38.5288104
       ],
       [
        -0.1606871,
        38.5289268
       ],
       [
        -0.1606134,
        38.5290307
       ],
       [
        -0.1605718,
        38.5291083
       ],
       [
        -0.1605141,
        38.5291776
       ],
       [
        -0.1603264,
        38.5293905
       ],
       [
        -0.1602218,
        38.529507
       ],
       [
        -0.1601346,
        38.5295983
       ],
       [
        -0.1600139,
        38.5296853
       ],
       [
        -0.159946,
        38.5297856
       ],
       [
        -0.1599294,
        38.5298102
       ],
       [
        -0.159861,
        38.5298773
       ],
       [
        -0.1597859,
        38.5299508
       ],
       [
        -0.1595995,
        38.5300756
       ],
       [
        -0.1594882,
        38.5301564
       ],
       [
        -0.1592696,
        38.5303704
       ],
       [
        -0.1591194,
        38.5305194
       ],
       [
        -0.1588565,
        38.530683
       ],
       [
        -0.1586201,
        38.5308661
       ],
       [
        -0.1582986,
        38.5310712
       ],
       [
        -0.158084,
        38.5312286
       ],
       [
        -0.1577942,
        38.5315306
       ],
       [
        -0.1573525,
        38.5318145
       ],
       [
        -0.1569341,
        38.5321124
       ],
       [
        -0.1565881,
        38.5323411
       ],
       [
        -0.1561831,
        38.5325992
       ],
       [
        -0.1559256,
        38.5327545
       ],
       [
        -0.1555395,
        38.5329151
       ],
       [
        -0.155443,
        38.5329823
       ],
       [
        -0.154734,
        38.5334757
       ],
       [
        -0.154278,
        38.5337695
       ],
       [
        -0.1538569,
        38.5340737
       ],
       [
        -0.1533417,
        38.5343292
       ],
       [
        -0.1527151,
        38.5346448
       ],
       [
        -0.1522649,
        38.5348106
       ],
       [
        -0.1522355,
        38.5348214
       ],
       [
        -0.1515713,
        38.5350696
       ],
       [
        -0.1513957,
        38.5351318
       ],
       [
        -0.1512271,
        38.5351915
       ],
       [
        -0.1511202,
        38.5352258
       ],
       [
        -0.150646,
        38.5353217
       ],
       [
        -0.1492845,
        38.5356142
       ],
       [
        -0.1483403,
        38.5357954
       ],
       [
        -0.1473361,
        38.5359297
       ],
       [
        -0.1469559,
        38.5359648
       ],
       [
        -0.146876,
        38.5359722
       ],
       [
        -0.1458916,
        38.5361224
       ],
       [
        -0.1448867,
        38.5363087
       ],
       [
        -0.1437656,
        38.5363191
       ],
       [
        -0.1427013,
        38.5364534
       ],
       [
        -0.1405363,
        38.5367088
       ],
       [
        -0.1385581,
        38.5367202
       ],
       [
        -0.136967,
        38.5366066
       ],
       [
        -0.1361634,
        38.5364471
       ],
       [
        -0.1356956,
        38.5363929
       ],
       [
        -0.1356509,
        38.5363878
       ],
       [
        -0.1350612,
        38.5362563
       ],
       [
        -0.1346458,
        38.5360822
       ],
       [
        -0.1345006,
        38.5360214
       ],
       [
        -0.1340019,
        38.5354997
       ],
       [
        -0.1343452,
        38.5354286
       ],
       [
        -0.1345101,
        38.5354255
       ],
       [
        -0.1345937,
        38.5354457
       ],
       [
        -0.1346946,
        38.5354415
       ],
       [
        -0.1347552,
        38.5353927
       ],
       [
        -0.1347793,
        38.5353402
       ],
       [
        -0.1347542,
        38.5352924
       ],
       [
        -0.1347287,
        38.5352597
       ],
       [
        -0.1346765,
        38.5352294
       ],
       [
        -0.1345725,
        38.5352306
       ],
       [
        -0.1345053,
        38.5352686
       ],
       [
        -0.1340879,
        38.5353322
       ],
       [
        -0.1336787,
        38.5354165
       ],
       [
        -0.1330254,
        38.5355529
       ],
       [
        -0.1328562,
        38.5355984
       ],
       [
        -0.1328484,
        38.5354301
       ],
       [
        -0.1328663,
        38.5352874
       ],
       [
        -0.1329051,
        38.535262
       ],
       [
        -0.1329669,
        38.5353719
       ],
       [
        -0.1330424,
        38.5353571
       ],
       [
        -0.1329252,
        38.5350384
       ],
       [
        -0.1330477,
        38.5350166
       ],
       [
        -0.1329319,
        38.5346418
       ],
       [
        -0.1330508,
        38.5346164
       ],
       [
        -0.1330435,
        38.5345984
       ],
       [
        -0.13312,
        38.5345828
       ],
       [
        -0.1331022,
        38.5345295
       ],
       [
        -0.1332063,
        38.5345128
       ],
       [
        -0.1335442,
        38.5344451
       ],
       [
        -0.133889,
        38.5343781
       ],
       [
        -0.1340457,
        38.5348688
       ],
       [
        -0.1341845,
        38.5348397
       ],
       [
        -0.1340306,
        38.5343488
       ],
       [
        -0.1341642,
        38.5343261
       ],
       [
        -0.134198,
        38.5343203
       ],
       [
        -0.1342987,
        38.5342982
       ],
       [
        -0.1343585,
        38.5342703
       ],
       [
        -0.1344093,
        38.5342298
       ],
       [
        -0.1344539,
        38.5341923
       ],
       [
        -0.1344838,
        38.5341334
       ],
       [
        -0.1344573,
        38.5340157
       ],
       [
        -0.1343441,
        38.5339416
       ],
       [
        -0.1341784,
        38.5339233
       ],
       [
        -0.1339684,
        38.5339823
       ],
       [
        -0.1337599,
        38.5340492
       ],
       [
        -0.1336622,
        38.5340685
       ],
       [
        -0.1336328,
        38.534107
       ],
       [
        -0.1331591,
        38.5342089
       ],
       [
        -0.1323344,
        38.5344069
       ],
       [
        -0.1317193,
        38.5341912
       ],
       [
        -0.1314566,
        38.5340765
       ],
       [
        -0.1312881,
        38.5339102
       ],
       [
        -0.1313049,
        38.5338828
       ],
       [
        -0.1315233,
        38.533637
       ],
       [
        -0.1316701,
        38.5334756
       ],
       [
        -0.1317321,
        38.5333046
       ],
       [
        -0.1316258,
        38.533261
       ],
       [
        -0.1316757,
        38.5331526
       ],
       [
        -0.1314918,
        38.5330159
       ],
       [
        -0.1314047,
        38.5329848
       ],
       [
        -0.1313854,
        38.533044
       ],
       [
        -0.1314165,
        38.5331055
       ],
       [
        -0.1313661,
        38.5331821
       ],
       [
        -0.1312387,
        38.5332855
       ],
       [
        -0.1311748,
        38.5333352
       ],
       [
        -0.1310759,
        38.533321
       ],
       [
        -0.1308942,
        38.5335564
       ],
       [
        -0.1307684,
        38.5335648
       ],
       [
        -0.1306145,
        38.5337848
       ],
       [
        -0.1304447,
        38.5340492
       ],
       [
        -0.1303416,
        38.5341281
       ],
       [
        -0.128428,
        38.5347886
       ],
       [
        -0.1277551,
        38.5349396
       ],
       [
        -0.127741,
        38.5349428
       ],
       [
        -0.1267144,
        38.5351401
       ],
       [
        -0.1262757,
        38.5351733
       ],
       [
        -0.1256989,
        38.5352113
       ],
       [
        -0.1247425,
        38.5352742
       ],
       [
        -0.1240672,
        38.5352135
       ],
       [
        -0.1234494,
        38.5352113
       ],
       [
        -0.1228057,
        38.5351576
       ],
       [
        -0.1221448,
        38.5351576
       ],
       [
        -0.1218015,
        38.5351576
       ],
       [
        -0.1216259,
        38.5351431
       ],
       [
        -0.1201707,
        38.5350233
       ],
       [
        -0.118862,
        38.534891
       ],
       [
        -0.118536,
        38.534883
       ],
       [
        -0.1175872,
        38.5347749
       ],
       [
        -0.1169263,
        38.5347078
       ],
       [
        -0.1152097,
        38.5344527
       ],
       [
        -0.1139823,
        38.534305
       ],
       [
        -0.1126777,
        38.5341707
       ],
       [
        -0.1123172,
        38.5341035
       ],
       [
        -0.1107722,
        38.5338484
       ],
       [
        -0.1099139,
        38.5335664
       ],
       [
        -0.1093607,
        38.5333064
       ],
       [
        -0.1086265,
        38.5330159
       ],
       [
        -0.1081458,
        38.532707
       ],
       [
        -0.1076941,
        38.5324056
       ],
       [
        -0.1077167,
        38.5322236
       ],
       [
        -0.107622,
        38.5319292
       ],
       [
        -0.1075879,
        38.5315723
       ],
       [
        -0.1075588,
        38.5314069
       ],
       [
        -0.1077987,
        38.5307614
       ],
       [
        -0.1079514,
        38.5305137
       ],
       [
        -0.1080667,
        38.5304693
       ],
       [
        -0.1082478,
        38.5302427
       ],
       [
        -0.1082825,
        38.530077
       ],
       [
        -0.1084105,
        38.5299147
       ],
       [
        -0.1086417,
        38.5292987
       ],
       [
        -0.1086898,
        38.5292353
       ],
       [
        -0.1088407,
        38.5289852
       ],
       [
        -0.1089552,
        38.5289229
       ],
       [
        -0.109032,
        38.5287569
       ],
       [
        -0.1089938,
        38.5286659
       ],
       [
        -0.1089111,
        38.5286272
       ],
       [
        -0.1088396,
        38.5286163
       ],
       [
        -0.1088331,
        38.5285408
       ],
       [
        -0.108794,
        38.528524
       ],
       [
        -0.1087149,
        38.5285792
       ],
       [
        -0.1085858,
        38.5286585
       ],
       [
        -0.1085076,
        38.5286539
       ],
       [
        -0.1084267,
        38.5285866
       ],
       [
        -0.1085332,
        38.5283791
       ],
       [
        -0.1084376,
        38.528379
       ],
       [
        -0.108309,
        38.5285438
       ],
       [
        -0.1081753,
        38.5286469
       ],
       [
        -0.1078649,
        38.5287703
       ],
       [
        -0.1077377,
        38.5288386
       ],
       [
        -0.1075963,
        38.528862
       ],
       [
        -0.1074069,
        38.5288618
       ],
       [
        -0.1073174,
        38.5288915
       ],
       [
        -0.1072867,
        38.5289706
       ],
       [
        -0.1070193,
        38.5288402
       ],
       [
        -0.1068592,
        38.5288625
       ],
       [
        -0.1067397,
        38.5289293
       ],
       [
        -0.1066001,
        38.5287898
       ],
       [
        -0.1065063,
        38.5286449
       ],
       [
        -0.1064775,
        38.5285623
       ],
       [
        -0.1064837,
        38.5284961
       ],
       [
        -0.1064647,
        38.5284633
       ],
       [
        -0.1065745,
        38.5282712
       ],
       [
        -0.1066449,
        38.528168
       ],
       [
        -0.106716,
        38.528071
       ],
       [
        -0.1066723,
        38.5280464
       ],
       [
        -0.1066946,
        38.5279946
       ],
       [
        -0.1067551,
        38.5279893
       ],
       [
        -0.106801,
        38.5278627
       ],
       [
        -0.1067704,
        38.5277674
       ],
       [
        -0.1068263,
        38.5277245
       ],
       [
        -0.1067538,
        38.5276193
       ],
       [
        -0.1068676,
        38.5275481
       ],
       [
        -0.1068107,
        38.5274959
       ],
       [
        -0.1065132,
        38.5276106
       ],
       [
        -0.1062931,
        38.5275699
       ],
       [
        -0.1061263,
        38.5275959
       ],
       [
        -0.1059939,
        38.5274932
       ],
       [
        -0.1058991,
        38.527497
       ],
       [
        -0.105819,
        38.5274781
       ],
       [
        -0.1058229,
        38.527365
       ],
       [
        -0.1058106,
        38.5272784
       ],
       [
        -0.1056661,
        38.5272337
       ],
       [
        -0.1057948,
        38.5271008
       ],
       [
        -0.1057532,
        38.52705
       ],
       [
        -0.1057909,
        38.5268077
       ],
       [
        -0.1057378,
        38.526764
       ],
       [
        -0.105197,
        38.5270662
       ],
       [
        -0.1045282,
        38.5277438
       ],
       [
        -0.1043387,
        38.527872
       ],
       [
        -0.1041423,
        38.527971
       ],
       [
        -0.1039826,
        38.5279655
       ],
       [
        -0.1038967,
        38.5279194
       ],
       [
        -0.103786,
        38.527714
       ],
       [
        -0.1040295,
        38.5273921
       ],
       [
        -0.1039591,
        38.5273383
       ],
       [
        -0.1038316,
        38.527383
       ],
       [
        -0.1037363,
        38.5274798
       ],
       [
        -0.1036006,
        38.5273751
       ],
       [
        -0.1036245,
        38.5273387
       ],
       [
        -0.1037925,
        38.5270092
       ],
       [
        -0.1037726,
        38.5268011
       ],
       [
        -0.1037036,
        38.5266633
       ],
       [
        -0.1033541,
        38.5267415
       ],
       [
        -0.1031936,
        38.526709
       ],
       [
        -0.103223,
        38.5266207
       ],
       [
        -0.102852,
        38.526536
       ],
       [
        -0.1027108,
        38.5263671
       ],
       [
        -0.1024676,
        38.5262739
       ],
       [
        -0.102124,
        38.5261974
       ],
       [
        -0.1019853,
        38.5262342
       ],
       [
        -0.1013547,
        38.5260508
       ],
       [
        -0.1009853,
        38.5261834
       ],
       [
        -0.1009507,
        38.5261519
       ],
       [
        -0.100977,
        38.526061
       ],
       [
        -0.100914,
        38.525974
       ],
       [
        -0.1008204,
        38.5258468
       ],
       [
        -0.1007084,
        38.5259144
       ],
       [
        -0.1005752,
        38.5258947
       ],
       [
        -0.1005401,
        38.5257441
       ],
       [
        -0.1002846,
        38.5256168
       ],
       [
        -0.1001941,
        38.5256578
       ],
       [
        -0.0998875,
        38.5255
       ],
       [
        -0.0994974,
        38.5255755
       ],
       [
        -0.0991819,
        38.5254993
       ],
       [
        -0.0988198,
        38.5251726
       ],
       [
        -0.0987821,
        38.5250185
       ],
       [
        -0.0989328,
        38.5247213
       ],
       [
        -0.0989056,
        38.5246153
       ],
       [
        -0.0989334,
        38.524536
       ],
       [
        -0.0989034,
        38.5244653
       ],
       [
        -0.0987855,
        38.5244407
       ],
       [
        -0.0982533,
        38.5245213
       ],
       [
        -0.0984171,
        38.524265
       ],
       [
        -0.0984924,
        38.5241292
       ],
       [
        -0.0984937,
        38.5239237
       ],
       [
        -0.098008,
        38.5235423
       ],
       [
        -0.0975734,
        38.5234511
       ],
       [
        -0.0975839,
        38.5235544
       ],
       [
        -0.0971032,
        38.5238162
       ],
       [
        -0.0964766,
        38.524152
       ],
       [
        -0.0964034,
        38.5244672
       ],
       [
        -0.095925,
        38.5247506
       ],
       [
        -0.095794,
        38.5248058
       ],
       [
        -0.0959334,
        38.524881
       ],
       [
        -0.0958574,
        38.5250236
       ],
       [
        -0.0958566,
        38.5251193
       ],
       [
        -0.0959187,
        38.5253808
       ],
       [
        -0.0958779,
        38.525496
       ],
       [
        -0.0957903,
        38.525685
       ],
       [
        -0.0955135,
        38.5259931
       ],
       [
        -0.0953392,
        38.5261154
       ],
       [
        -0.0950408,
        38.5262561
       ],
       [
        -0.0952311,
        38.5265221
       ],
       [
        -0.0951457,
        38.5266399
       ],
       [
        -0.0949979,
        38.5267034
       ],
       [
        -0.0949231,
        38.5265923
       ],
       [
        -0.0946013,
        38.5266891
       ],
       [
        -0.0943652,
        38.5268043
       ],
       [
        -0.0943183,
        38.527236
       ],
       [
        -0.0938678,
        38.5273374
       ],
       [
        -0.0937438,
        38.527189
       ],
       [
        -0.0936581,
        38.5271828
       ],
       [
        -0.0936119,
        38.5271845
       ],
       [
        -0.0933438,
        38.5271804
       ],
       [
        -0.0933685,
        38.5272875
       ],
       [
        -0.0934468,
        38.5274154
       ],
       [
        -0.0928288,
        38.5275899
       ],
       [
        -0.0924168,
        38.5274422
       ],
       [
        -0.0918075,
        38.5277108
       ],
       [
        -0.0912324,
        38.5279458
       ],
       [
        -0.0903569,
        38.528577
       ],
       [
        -0.089799,
        38.5290269
       ],
       [
        -0.0891124,
        38.5295153
       ],
       [
        -0.0890508,
        38.5295816
       ],
       [
        -0.0884429,
        38.5302355
       ],
       [
        -0.0877648,
        38.5315917
       ],
       [
        -0.0875735,
        38.5317839
       ],
       [
        -0.0872316,
        38.5318365
       ],
       [
        -0.0871801,
        38.5319404
       ],
       [
        -0.0873187,
        38.5320765
       ],
       [
        -0.0871039,
        38.5322229
       ],
       [
        -0.086588,
        38.532679
       ],
       [
        -0.0863223,
        38.5328945
       ],
       [
        -0.0859275,
        38.5331094
       ],
       [
        -0.0853126,
        38.5334088
       ],
       [
        -0.084919,
        38.533537
       ],
       [
        -0.0838332,
        38.5338076
       ],
       [
        -0.0835757,
        38.5344186
       ],
       [
        -0.0831895,
        38.5346469
       ],
       [
        -0.082576,
        38.53489
       ],
       [
        -0.082244,
        38.535011
       ],
       [
        -0.0808795,
        38.5353878
       ],
       [
        -0.0808088,
        38.5355793
       ],
       [
        -0.0804085,
        38.5358151
       ],
       [
        -0.0800223,
        38.5359695
       ],
       [
        -0.0798249,
        38.5365738
       ],
       [
        -0.0793872,
        38.5371982
       ],
       [
        -0.0788893,
        38.5373123
       ],
       [
        -0.078232,
        38.537221
       ],
       [
        -0.0775761,
        38.537131
       ],
       [
        -0.0760684,
        38.5373789
       ],
       [
        -0.0752413,
        38.5380756
       ],
       [
        -0.0750532,
        38.5382971
       ],
       [
        -0.0747003,
        38.5385923
       ],
       [
        -0.0743188,
        38.5390622
       ],
       [
        -0.074197,
        38.5393201
       ],
       [
        -0.074278,
        38.5397001
       ],
       [
        -0.0740716,
        38.5401276
       ],
       [
        -0.0737703,
        38.5405576
       ],
       [
        -0.0732884,
        38.5411073
       ],
       [
        -0.0729182,
        38.5413816
       ],
       [
        -0.0722147,
        38.5414646
       ],
       [
        -0.0718767,
        38.5416818
       ],
       [
        -0.0710616,
        38.5421057
       ],
       [
        -0.0702977,
        38.542287
       ],
       [
        -0.069817,
        38.5424481
       ],
       [
        -0.0692162,
        38.5428307
       ],
       [
        -0.0690516,
        38.5433499
       ],
       [
        -0.0683558,
        38.543829
       ],
       [
        -0.0683922,
        38.5439424
       ],
       [
        -0.06858,
        38.543964
       ],
       [
        -0.0686339,
        38.5440417
       ],
       [
        -0.0683163,
        38.5442533
       ],
       [
        -0.0676916,
        38.5442738
       ],
       [
        -0.0676033,
        38.5444243
       ],
       [
        -0.0677592,
        38.5445636
       ],
       [
        -0.0677316,
        38.5445927
       ],
       [
        -0.067664,
        38.5447822
       ],
       [
        -0.067546,
        38.5449041
       ],
       [
        -0.0672612,
        38.5451782
       ],
       [
        -0.0671692,
        38.5456649
       ],
       [
        -0.066758,
        38.546049
       ],
       [
        -0.0682971,
        38.5472831
       ],
       [
        -0.0690337,
        38.547788
       ],
       [
        -0.0699981,
        38.5483347
       ],
       [
        -0.0788139,
        38.5552944
       ],
       [
        -0.0817746,
        38.5592514
       ],
       [
        -0.0869817,
        38.56385
       ],
       [
        -0.0885926,
        38.5651605
       ],
       [
        -0.0902655,
        38.5666436
       ],
       [
        -0.0936664,
        38.569386
       ],
       [
        -0.0941218,
        38.5700461
       ],
       [
        -0.0944363,
        38.570216
       ],
       [
        -0.0966565,
        38.5709379
       ],
       [
        -0.0996228,
        38.5716602
       ],
       [
        -0.1000761,
        38.5715183
       ],
       [
        -0.100591,
        38.5712698
       ],
       [
        -0.1013482,
        38.5709913
       ],
       [
        -0.1028269,
        38.5707486
       ],
       [
        -0.1039326,
        38.5706499
       ],
       [
        -0.1058992,
        38.5705454
       ],
       [
        -0.1073356,
        38.5702116
       ],
       [
        -0.1082096,
        38.5698818
       ],
       [
        -0.1088893,
        38.5695293
       ],
       [
        -0.1100502,
        38.5691976
       ],
       [
        -0.1112483,
        38.5690831
       ],
       [
        -0.1121415,
        38.5691321
       ],
       [
        -0.1127348,
        38.5692189
       ],
       [
        -0.1131034,
        38.5691829
       ],
       [
        -0.1146961,
        38.5683844
       ],
       [
        -0.1150089,
        38.568311
       ],
       [
        -0.115767,
        38.5682937
       ],
       [
        -0.1166,
        38.5684133
       ],
       [
        -0.117659,
        38.5683313
       ],
       [
        -0.1184357,
        38.5684226
       ],
       [
        -0.119643,
        38.5689388
       ],
       [
        -0.1209697,
        38.5687643
       ],
       [
        -0.1244038,
        38.5686397
       ],
       [
        -0.126874,
        38.5682052
       ],
       [
        -0.1278031,
        38.5680388
       ],
       [
        -0.1286434,
        38.5678566
       ],
       [
        -0.1304336,
        38.5675132
       ],
       [
        -0.1332793,
        38.56718
       ],
       [
        -0.1329267,
        38.5682112
       ],
       [
        -0.1338297,
        38.5706119
       ],
       [
        -0.1403275,
        38.5763388
       ],
       [
        -0.1409654,
        38.5767509
       ],
       [
        -0.1501015,
        38.5813886
       ],
       [
        -0.1543491,
        38.5833777
       ],
       [
        -0.1601728,
        38.5862105
       ],
       [
        -0.164942,
        38.5901553
       ],
       [
        -0.1676987,
        38.593907
       ],
       [
        -0.1715218,
        38.599162
       ],
       [
        -0.173119,
        38.6011738
       ],
       [
        -0.1742727,
        38.6022017
       ],
       [
        -0.1755641,
        38.603233
       ],
       [
        -0.18673,
        38.6101333
       ],
       [
        -0.1867013,
        38.6082226
       ],
       [
        -0.1869109,
        38.6075609
       ]
      ]
     ],
     [
      [
       [
        -0.1330027,
        38.5021191
       ],
       [
        -0.1329998,
        38.5020726
       ],
       [
        -0.1329164,
        38.5020297
       ],
       [
        -0.1328945,
        38.5019971
       ],
       [
        -0.1328375,
        38.5020039
       ],
       [
        -0.1327432,
        38.5019936
       ],
       [
        -0.1326642,
        38.5019233
       ],
       [
        -0.1327059,
        38.5018357
       ],
       [
        -0.1327841,
        38.5017615
       ],
       [
        -0.1327673,
        38.5017276
       ],
       [
        -0.1326686,
        38.5016829
       ],
       [
        -0.1326028,
        38.5016761
       ],
       [
        -0.1324931,
        38.5016469
       ],
       [
        -0.1323571,
        38.501652
       ],
       [
        -0.1323045,
        38.5016211
       ],
       [
        -0.1321553,
        38.5016229
       ],
       [
        -0.1320983,
        38.5016332
       ],
       [
        -0.1320961,
        38.5016967
       ],
       [
        -0.1320719,
        38.5017121
       ],
       [
        -0.1320237,
        38.5016932
       ],
       [
        -0.1319689,
        38.5017156
       ],
       [
        -0.1318811,
        38.5016864
       ],
       [
        -0.1317671,
        38.5017053
       ],
       [
        -0.1316837,
        38.5017671
       ],
       [
        -0.131664,
        38.5017532
       ],
       [
        -0.1316398,
        38.5017362
       ],
       [
        -0.1316589,
        38.5017105
       ],
       [
        -0.1316793,
        38.5016829
       ],
       [
        -0.1316771,
        38.5016126
       ],
       [
        -0.1316253,
        38.5015872
       ],
       [
        -0.1315367,
        38.5015868
       ],
       [
        -0.1314556,
        38.5016555
       ],
       [
        -0.1313761,
        38.5016314
       ],
       [
        -0.131325,
        38.5015833
       ],
       [
        -0.1313467,
        38.5015493
       ],
       [
        -0.131294,
        38.5015008
       ],
       [
        -0.1312133,
        38.501445
       ],
       [
        -0.1311157,
        38.5014429
       ],
       [
        -0.1310169,
        38.5014169
       ],
       [
        -0.130937,
        38.5013812
       ],
       [
        -0.1308535,
        38.5013843
       ],
       [
        -0.130779,
        38.5013381
       ],
       [
        -0.1306365,
        38.5013184
       ],
       [
        -0.1305495,
        38.5013381
       ],
       [
        -0.1303882,
        38.5014183
       ],
       [
        -0.1303137,
        38.5014352
       ],
       [
        -0.1301744,
        38.5013769
       ],
       [
        -0.1302207,
        38.5013381
       ],
       [
        -0.1301926,
        38.5013031
       ],
       [
        -0.1301174,
        38.5012391
       ],
       [
        -0.1300431,
        38.5011993
       ],
       [
        -0.1298257,
        38.5011806
       ],
       [
        -0.1296236,
        38.5011769
       ],
       [
        -0.1294917,
        38.5011901
       ],
       [
        -0.1291537,
        38.5013179
       ],
       [
        -0.129045,
        38.5014401
       ],
       [
        -0.1289557,
        38.5015663
       ],
       [
        -0.1288806,
        38.5015882
       ],
       [
        -0.1287069,
        38.5017241
       ],
       [
        -0.1286914,
        38.501814
       ],
       [
        -0.1286479,
        38.5018916
       ],
       [
        -0.1285642,
        38.5019669
       ],
       [
        -0.1286541,
        38.5020858
       ],
       [
        -0.1285618,
        38.5022091
       ],
       [
        -0.1286231,
        38.5023189
       ],
       [
        -0.1285797,
        38.5024184
       ],
       [
        -0.1286945,
        38.502518
       ],
       [
        -0.1287259,
        38.5025346
       ],
       [
        -0.1287906,
        38.5025689
       ],
       [
        -0.1288496,
        38.502717
       ],
       [
        -0.1289583,
        38.5027322
       ],
       [
        -0.1290574,
        38.5026466
       ],
       [
        -0.1292125,
        38.502785
       ],
       [
        -0.129197,
        38.5028748
       ],
       [
        -0.1292876,
        38.5029775
       ],
       [
        -0.1294297,
        38.5030909
       ],
       [
        -0.1295817,
        38.5031783
       ],
       [
        -0.1297611,
        38.5032239
       ],
       [
        -0.1298391,
        38.50337
       ],
       [
        -0.1299353,
        38.50354
       ],
       [
        -0.1300625,
        38.5036152
       ],
       [
        -0.1302619,
        38.5036631
       ],
       [
        -0.1304038,
        38.5036643
       ],
       [
        -0.1305606,
        38.5036657
       ],
       [
        -0.1306115,
        38.5036662
       ],
       [
        -0.1306983,
        38.5036894
       ],
       [
        -0.1308152,
        38.5037207
       ],
       [
        -0.1310255,
        38.5038774
       ],
       [
        -0.1311092,
        38.5039788
       ],
       [
        -0.1312395,
        38.5039453
       ],
       [
        -0.1313233,
        38.5038434
       ],
       [
        -0.1314711,
        38.5037676
       ],
       [
        -0.131559,
        38.503722
       ],
       [
        -0.1315373,
        38.503688
       ],
       [
        -0.1314722,
        38.503688
       ],
       [
        -0.1314691,
        38.5035132
       ],
       [
        -0.1314287,
        38.5034161
       ],
       [
        -0.1313588,
        38.5033696
       ],
       [
        -0.1313701,
        38.503302
       ],
       [
        -0.1313349,
        38.5032792
       ],
       [
        -0.1313371,
        38.5032586
       ],
       [
        -0.1312899,
        38.5032535
       ],
       [
        -0.1313218,
        38.5032277
       ],
       [
        -0.1313682,
        38.5032321
       ],
       [
        -0.1314117,
        38.5032363
       ],
       [
        -0.1314413,
        38.5032496
       ],
       [
        -0.1314835,
        38.5032673
       ],
       [
        -0.1315195,
        38.5032826
       ],
       [
        -0.1315674,
        38.5032131
       ],
       [
        -0.1316657,
        38.5031485
       ],
       [
        -0.1316776,
        38.5031094
       ],
       [
        -0.1316346,
        38.5031014
       ],
       [
        -0.1315892,
        38.5030929
       ],
       [
        -0.1316238,
        38.5029796
       ],
       [
        -0.1316505,
        38.502913
       ],
       [
        -0.1316946,
        38.5028664
       ],
       [
        -0.1317626,
        38.5028398
       ],
       [
        -0.1318175,
        38.5028304
       ],
       [
        -0.131846,
        38.5028055
       ],
       [
        -0.1318997,
        38.5027909
       ],
       [
        -0.1319513,
        38.502784
       ],
       [
        -0.1320193,
        38.5027643
       ],
       [
        -0.132039,
        38.5027703
       ],
       [
        -0.1321355,
        38.5027548
       ],
       [
        -0.1321597,
        38.5027188
       ],
       [
        -0.1321986,
        38.5026997
       ],
       [
        -0.1322331,
        38.5026972
       ],
       [
        -0.1323132,
        38.5026322
       ],
       [
        -0.1325414,
        38.5025223
       ],
       [
        -0.1326488,
        38.5024606
       ],
       [
        -0.132673,
        38.502464
       ],
       [
        -0.1326971,
        38.5024279
       ],
       [
        -0.1327563,
        38.5023816
       ],
       [
        -0.1327804,
        38.502397
       ],
       [
        -0.1328133,
        38.5023816
       ],
       [
        -0.1328616,
        38.5023026
       ],
       [
        -0.1329866,
        38.5021756
       ],
       [
        -0.1330027,
        38.5021191
       ]
      ]
     ],
     [
      [
       [
        -0.0734162,
        38.5366215
       ],
       [
        -0.0733424,
        38.5365488
       ],
       [
        -0.0732985,
        38.5365055
       ],
       [
        -0.0730471,
        38.536467
       ],
       [
        -0.0729402,
        38.5363756
       ],
       [
        -0.0729622,
        38.5362315
       ],
       [
        -0.0728248,
        38.5362874
       ],
       [
        -0.0727712,
        38.5363584
       ],
       [
        -0.072637,
        38.5363422
       ],
       [
        -0.0725615,
        38.536358
       ],
       [
        -0.0725581,
        38.5364508
       ],
       [
        -0.0725606,
        38.5365136
       ],
       [
        -0.0724751,
        38.5365344
       ],
       [
        -0.0724463,
        38.5366349
       ],
       [
        -0.0725113,
        38.5366685
       ],
       [
        -0.0725078,
        38.5367365
       ],
       [
        -0.0725352,
        38.5367923
       ],
       [
        -0.0724542,
        38.5367879
       ],
       [
        -0.0723605,
        38.5367557
       ],
       [
        -0.0721802,
        38.5368027
       ],
       [
        -0.0721326,
        38.5368707
       ],
       [
        -0.0718858,
        38.5368877
       ],
       [
        -0.0717947,
        38.5369292
       ],
       [
        -0.0717158,
        38.5369765
       ],
       [
        -0.0716696,
        38.5371097
       ],
       [
        -0.0717678,
        38.5371441
       ],
       [
        -0.0720019,
        38.5372203
       ],
       [
        -0.0722712,
        38.5371687
       ],
       [
        -0.0725824,
        38.5371431
       ],
       [
        -0.0728926,
        38.537125
       ],
       [
        -0.0730557,
        38.5369974
       ],
       [
        -0.0730072,
        38.5368898
       ],
       [
        -0.0731072,
        38.536843
       ],
       [
        -0.0733647,
        38.5367893
       ],
       [
        -0.0733473,
        38.536658
       ],
       [
        -0.0734162,
        38.5366215
       ]
      ]
     ]
    ]
   },
   "properties": {
    "id_tecnico": "08a7218d-82d5-4def-8a69-1c0b08742fc7",
    "categoria": "territorio",
    "tipo": "limite_municipal",
    "nombre": "Benidorm",
    "estado_nombre": "correcto",
    "direccion": null,
    "lat": 38.53063090229553,
    "lng": -0.12247683629842188,
    "utm_x": 751805.61,
    "utm_y": 4268606.46,
    "utm_huso": 30,
    "fuente": "OpenStreetMap (Nominatim)",
    "licencia": "ODbL 1.0",
    "confianza": 23,
    "estado_espacial": "valido",
    "geometria_origen": "fuente"
   }
  },
  {
   "type": "Feature",
   "geometry": {
    "type": "Point",
    "coordinates": [
     -0.12252,
     38.53641
    ]
   },
   "properties": {
    "id_tecnico": "08ff1d01-4b25-4b0f-bf81-ec374c25a328",
    "categoria": "infraestructuras",
    "tipo": "alojamiento",
    "nombre": "Hotel Sol Elite Costablanca",
    "estado_nombre": "correcto",
    "direccion": null,
    "lat": 38.53641,
    "lng": -0.12252,
    "utm_x": 751781.91,
    "utm_y": 4269247.79,
    "utm_huso": 30,
    "fuente": "OpenStreetMap (Overpass)",
    "licencia": "ODbL 1.0",
    "confianza": 23,
    "estado_espacial": "proximo_limite",
    "geometria_origen": "punto_representativo"
   }
  },
  {
   "type": "Feature",
   "geometry": {
    "type": "Point",
    "coordinates": [
     -0.13805,
     38.54236
    ]
   },
   "properties": {
    "id_tecnico": "092a0c5f-84f4-4c0c-bd05-22b598c00bf5",
    "categoria": "equipamientos",
    "tipo": "colegio",
    "nombre": "CEIP AUSIÀS MARCH",
    "estado_nombre": "correcto",
    "direccion": "CL. VENEZUELA, 5",
    "lat": 38.54236,
    "lng": -0.13805,
    "utm_x": 750402.36,
    "utm_y": 4269866.08,
    "utm_huso": 30,
    "fuente": "GVA - Centros docentes de la Comunitat Valenciana (ICV WFS)",
    "licencia": "CC BY 4.0",
    "confianza": 29,
    "estado_espacial": "valido",
    "geometria_origen": "punto_representativo"
   }
  },
  {
   "type": "Feature",
   "geometry": {
    "type": "Point",
    "coordinates": [
     -0.13964,
     38.5397
    ]
   },
   "properties": {
    "id_tecnico": "095420a8-7fe1-4a55-a801-4ad04d652584",
    "categoria": "equipamientos",
    "tipo": "farmacia",
    "nombre": "farmacia node/12407711989",
    "estado_nombre": "correcto",
    "direccion": null,
    "lat": 38.5397,
    "lng": -0.13964,
    "utm_x": 750272.34,
    "utm_y": 4269566.53,
    "utm_huso": 30,
    "fuente": "OpenStreetMap (Overpass)",
    "licencia": "ODbL 1.0",
    "confianza": 23,
    "estado_espacial": "valido",
    "geometria_origen": "punto_representativo"
   }
  },
  {
   "type": "Feature",
   "geometry": {
    "type": "Point",
    "coordinates": [
     -0.15935,
     38.54674
    ]
   },
   "properties": {
    "id_tecnico": "097e5b3a-a99a-46d9-8029-183f6dfcf13e",
    "categoria": "infraestructuras",
    "tipo": "parada_autobus",
    "nombre": "Bus Benidorm",
    "estado_nombre": "correcto",
    "direccion": null,
    "lat": 38.54674,
    "lng": -0.15935,
    "utm_x": 748523.49,
    "utm_y": 4270294.81,
    "utm_huso": 30,
    "fuente": "OpenStreetMap (Overpass)",
    "licencia": "ODbL 1.0",
    "confianza": 23,
    "estado_espacial": "valido",
    "geometria_origen": "punto_representativo"
   }
  },
  {
   "type": "Feature",
   "geometry": {
    "type": "Point",
    "coordinates": [
     -0.12016,
     38.55468
    ]
   },
   "properties": {
    "id_tecnico": "09ac3224-9a8f-4a99-a7bb-4c99e681b13f",
    "categoria": "equipamientos",
    "tipo": "instituto",
    "nombre": "IES BEATRIU FAJARDO DE MENDOZA",
    "estado_nombre": "correcto",
    "direccion": "CL. DE LA FRAGATA (SALT DE L'AIGUA), 2",
    "lat": 38.55468,
    "lng": -0.12016,
    "utm_x": 751925.43,
    "utm_y": 4271282.1,
    "utm_huso": 30,
    "fuente": "GVA - Centros docentes de la Comunitat Valenciana (ICV WFS)",
    "licencia": "CC BY 4.0",
    "confianza": 29,
    "estado_espacial": "valido",
    "geometria_origen": "punto_representativo"
   }
  },
  {
   "type": "Feature",
   "geometry": {
    "type": "Point",
    "coordinates": [
     -0.11332,
     38.53928
    ]
   },
   "properties": {
    "id_tecnico": "09be6562-ba74-4264-a61d-3f5ea1bb1145",
    "categoria": "infraestructuras",
    "tipo": "alojamiento",
    "nombre": "Hotel Helios",
    "estado_nombre": "correcto",
    "direccion": null,
    "lat": 38.53928,
    "lng": -0.11332,
    "utm_x": 752577.16,
    "utm_y": 4269591.42,
    "utm_huso": 30,
    "fuente": "OpenStreetMap (Overpass)",
    "licencia": "ODbL 1.0",
    "confianza": 23,
    "estado_espacial": "valido",
    "geometria_origen": "punto_representativo"
   }
  },
  {
   "type": "Feature",
   "geometry": {
    "type": "Point",
    "coordinates": [
     -0.17571,
     38.5332
    ]
   },
   "properties": {
    "id_tecnico": "09ce1770-d3ca-4e50-b3ce-bbd231208ffd",
    "categoria": "infraestructuras",
    "tipo": "camping",
    "nombre": "Área Camperalia Finestrat",
    "estado_nombre": "correcto",
    "direccion": "Carrer Beniarés 6",
    "lat": 38.5332,
    "lng": -0.17571,
    "utm_x": 747137.71,
    "utm_y": 4268748.13,
    "utm_huso": 30,
    "fuente": "OpenStreetMap (Overpass)",
    "licencia": "ODbL 1.0",
    "confianza": 9,
    "estado_espacial": "fuera_municipio",
    "geometria_origen": "punto_representativo"
   }
  },
  {
   "type": "Feature",
   "geometry": {
    "type": "Point",
    "coordinates": [
     -0.13894,
     38.53723
    ]
   },
   "properties": {
    "id_tecnico": "09e030af-ecea-4341-ade4-0232c7033ce0",
    "categoria": "infraestructuras",
    "tipo": "parada_autobus",
    "nombre": "Av. Armada Espanyola, 2",
    "estado_nombre": "correcto",
    "direccion": null,
    "lat": 38.53723,
    "lng": -0.13894,
    "utm_x": 750342.06,
    "utm_y": 4269294.27,
    "utm_huso": 30,
    "fuente": "OpenStreetMap (Overpass)",
    "licencia": "ODbL 1.0",
    "confianza": 23,
    "estado_espacial": "proximo_limite",
    "geometria_origen": "punto_representativo"
   }
  },
  {
   "type": "Feature",
   "geometry": {
    "type": "Point",
    "coordinates": [
     -0.09761,
     38.57967
    ]
   },
   "properties": {
    "id_tecnico": "09f11232-64c7-47d2-ae7e-db579897ce8d",
    "categoria": "equipamientos",
    "tipo": "colegio",
    "nombre": "Col·legi d'Educació Infantil i Primària Santíssim Crist del Bon Encert",
    "estado_nombre": "correcto",
    "direccion": null,
    "lat": 38.57967,
    "lng": -0.09761,
    "utm_x": 753811.54,
    "utm_y": 4274117.55,
    "utm_huso": 30,
    "fuente": "OpenStreetMap (Overpass)",
    "licencia": "ODbL 1.0",
    "confianza": 6,
    "estado_espacial": "fuera_municipio",
    "geometria_origen": "punto_representativo"
   }
  },
  {
   "type": "Feature",
   "geometry": {
    "type": "Point",
    "coordinates": [
     -0.11858,
     38.53654
    ]
   },
   "properties": {
    "id_tecnico": "0a0245c3-6679-4f6e-9789-6508025dd1d8",
    "categoria": "equipamientos",
    "tipo": "alimentacion",
    "nombre": "Udaco",
    "estado_nombre": "correcto",
    "direccion": "avenida del Mediterráneo - Avinguda del Mediterranio 32",
    "lat": 38.53654,
    "lng": -0.11858,
    "utm_x": 752126.29,
    "utm_y": 4269272.95,
    "utm_huso": 30,
    "fuente": "OpenStreetMap (Overpass)",
    "licencia": "ODbL 1.0",
    "confianza": 26,
    "estado_espacial": "proximo_limite",
    "geometria_origen": "punto_representativo"
   }
  },
  {
   "type": "Feature",
   "geometry": {
    "type": "Point",
    "coordinates": [
     -0.13267,
     38.54275
    ]
   },
   "properties": {
    "id_tecnico": "0a96f5cc-af11-4659-944f-726720205318",
    "categoria": "infraestructuras",
    "tipo": "parada_autobus",
    "nombre": "129 - Santander",
    "estado_nombre": "correcto",
    "direccion": "Av. Jaume I, 50",
    "lat": 38.54275,
    "lng": -0.13267,
    "utm_x": 750871.83,
    "utm_y": 4269923.94,
    "utm_huso": 30,
    "fuente": "Plantilla municipal — Limpieza info (PTM Benidorm)",
    "licencia": "Uso interno del proyecto",
    "confianza": 26,
    "estado_espacial": "valido",
    "geometria_origen": "punto_representativo"
   }
  },
  {
   "type": "Feature",
   "geometry": {
    "type": "Point",
    "coordinates": [
     -0.10694,
     38.53111
    ]
   },
   "properties": {
    "id_tecnico": "0a9d845b-a1f4-41d0-8dab-ab0bffe8e40a",
    "categoria": "infraestructuras",
    "tipo": "parada_autobus",
    "nombre": "260 - Ed. Coblanca 9",
    "estado_nombre": "correcto",
    "direccion": "C/ Alcalde Manuel Catalán Chana",
    "lat": 38.53111,
    "lng": -0.10694,
    "utm_x": 753163.81,
    "utm_y": 4268702.02,
    "utm_huso": 30,
    "fuente": "Plantilla municipal — Limpieza info (PTM Benidorm)",
    "licencia": "Uso interno del proyecto",
    "confianza": 26,
    "estado_espacial": "proximo_limite",
    "geometria_origen": "punto_representativo"
   }
  },
  {
   "type": "Feature",
   "geometry": {
    "type": "Point",
    "coordinates": [
     -0.15067,
     38.54013
    ]
   },
   "properties": {
    "id_tecnico": "0b0a73df-fdaa-4b0c-9c66-e630234ff7d6",
    "categoria": "infraestructuras",
    "tipo": "parada_autobus",
    "nombre": "148 - P. Devesa 11",
    "estado_nombre": "correcto",
    "direccion": "Av. Vicente Pérez Devesa, 11",
    "lat": 38.54013,
    "lng": -0.15067,
    "utm_x": 749305.59,
    "utm_y": 4269584.48,
    "utm_huso": 30,
    "fuente": "Plantilla municipal — Limpieza info (PTM Benidorm)",
    "licencia": "Uso interno del proyecto",
    "confianza": 26,
    "estado_espacial": "valido",
    "geometria_origen": "punto_representativo"
   }
  },
  {
   "type": "Feature",
   "geometry": {
    "type": "Point",
    "coordinates": [
     -0.13128,
     38.53975
    ]
   },
   "properties": {
    "id_tecnico": "0b597193-b9db-4870-8167-d845cf23a5b4",
    "categoria": "equipamientos",
    "tipo": "alimentacion",
    "nombre": "Super Maxi",
    "estado_nombre": "correcto",
    "direccion": "Carrer de Tomàs Ortuño",
    "lat": 38.53975,
    "lng": -0.13128,
    "utm_x": 751003.78,
    "utm_y": 4269594.72,
    "utm_huso": 30,
    "fuente": "OpenStreetMap (Overpass)",
    "licencia": "ODbL 1.0",
    "confianza": 26,
    "estado_espacial": "valido",
    "geometria_origen": "punto_representativo"
   }
  },
  {
   "type": "Feature",
   "geometry": {
    "type": "Point",
    "coordinates": [
     -0.07667,
     38.57407
    ]
   },
   "properties": {
    "id_tecnico": "0b6e4263-ba40-4880-aa3b-4f09429e4055",
    "categoria": "servicios_basicos",
    "tipo": "estacion_servicio",
    "nombre": "Plenergy",
    "estado_nombre": "correcto",
    "direccion": null,
    "lat": 38.57407,
    "lng": -0.07667,
    "utm_x": 755662.72,
    "utm_y": 4273553.66,
    "utm_huso": 30,
    "fuente": "OpenStreetMap (Overpass)",
    "licencia": "ODbL 1.0",
    "confianza": 3,
    "estado_espacial": "fuera_municipio",
    "geometria_origen": "punto_representativo"
   }
  },
  {
   "type": "Feature",
   "geometry": {
    "type": "Point",
    "coordinates": [
     -0.1333,
     38.54008
    ]
   },
   "properties": {
    "id_tecnico": "0dc2955a-1909-4d54-89b8-6f9c35f7e689",
    "categoria": "equipamientos",
    "tipo": "alimentacion",
    "nombre": "La Kimbaya",
    "estado_nombre": "correcto",
    "direccion": "Avenida de Los Limones 22",
    "lat": 38.54008,
    "lng": -0.1333,
    "utm_x": 750825.87,
    "utm_y": 4269625.87,
    "utm_huso": 30,
    "fuente": "OpenStreetMap (Overpass)",
    "licencia": "ODbL 1.0",
    "confianza": 26,
    "estado_espacial": "valido",
    "geometria_origen": "punto_representativo"
   }
  },
  {
   "type": "Feature",
   "geometry": {
    "type": "Point",
    "coordinates": [
     -0.14716,
     38.53714
    ]
   },
   "properties": {
    "id_tecnico": "0e1cc9c8-b972-4efb-8119-0a39b53bc7aa",
    "categoria": "infraestructuras",
    "tipo": "parada_autobus",
    "nombre": "123 - H. Poseidon Playa II",
    "estado_nombre": "correcto",
    "direccion": "Av. Puerto Rico, 2",
    "lat": 38.53714,
    "lng": -0.14716,
    "utm_x": 749622.98,
    "utm_y": 4269262.07,
    "utm_huso": 30,
    "fuente": "Plantilla municipal — Limpieza info (PTM Benidorm)",
    "licencia": "Uso interno del proyecto",
    "confianza": 26,
    "estado_espacial": "proximo_limite",
    "geometria_origen": "punto_representativo"
   }
  },
  {
   "type": "Feature",
   "geometry": {
    "type": "Point",
    "coordinates": [
     -0.14569,
     38.58744
    ]
   },
   "properties": {
    "id_tecnico": "0e3dcc63-3cc1-4d03-b026-4467ad5c167d",
    "categoria": "equipamientos",
    "tipo": "colegio",
    "nombre": "Elian's British School La Nucía",
    "estado_nombre": "correcto",
    "direccion": null,
    "lat": 38.58744,
    "lng": -0.14569,
    "utm_x": 749579.58,
    "utm_y": 4274849.09,
    "utm_huso": 30,
    "fuente": "OpenStreetMap (Overpass)",
    "licencia": "ODbL 1.0",
    "confianza": 3,
    "estado_espacial": "fuera_municipio",
    "geometria_origen": "punto_representativo"
   }
  },
  {
   "type": "Feature",
   "geometry": {
    "type": "Point",
    "coordinates": [
     -0.09563,
     38.54287
    ]
   },
   "properties": {
    "id_tecnico": "0e629ec0-9805-4235-9929-cb85c026fc69",
    "categoria": "infraestructuras",
    "tipo": "parada_autobus",
    "nombre": "C/ Marsella, 7",
    "estado_nombre": "correcto",
    "direccion": null,
    "lat": 38.54287,
    "lng": -0.09563,
    "utm_x": 754112.81,
    "utm_y": 4270038.33,
    "utm_huso": 30,
    "fuente": "OpenStreetMap (Overpass)",
    "licencia": "ODbL 1.0",
    "confianza": 23,
    "estado_espacial": "valido",
    "geometria_origen": "punto_representativo"
   }
  },
  {
   "type": "Feature",
   "geometry": {
    "type": "Point",
    "coordinates": [
     -0.13195,
     38.53525
    ]
   },
   "properties": {
    "id_tecnico": "0e6f059d-4fed-47e3-9217-c90c2ff8963a",
    "categoria": "infraestructuras",
    "tipo": "alojamiento",
    "nombre": "Mirador Del Castillo",
    "estado_nombre": "correcto",
    "direccion": "Carrer dels Quatre Cantons",
    "lat": 38.53525,
    "lng": -0.13195,
    "utm_x": 750960.6,
    "utm_y": 4269093.43,
    "utm_huso": 30,
    "fuente": "OpenStreetMap (Overpass)",
    "licencia": "ODbL 1.0",
    "confianza": 26,
    "estado_espacial": "proximo_limite",
    "geometria_origen": "punto_representativo"
   }
  },
  {
   "type": "Feature",
   "geometry": {
    "type": "Point",
    "coordinates": [
     -0.10935,
     38.53672
    ]
   },
   "properties": {
    "id_tecnico": "0eec0cf4-a2f3-47b4-b474-b0a6a9f28b1c",
    "categoria": "equipamientos",
    "tipo": "alimentacion",
    "nombre": "Supermercado La Orozca",
    "estado_nombre": "correcto",
    "direccion": "Carrer Girona - Calle Gerona",
    "lat": 38.53672,
    "lng": -0.10935,
    "utm_x": 752933.46,
    "utm_y": 4269318.12,
    "utm_huso": 30,
    "fuente": "OpenStreetMap (Overpass)",
    "licencia": "ODbL 1.0",
    "confianza": 26,
    "estado_espacial": "valido",
    "geometria_origen": "punto_representativo"
   }
  },
  {
   "type": "Feature",
   "geometry": {
    "type": "Point",
    "coordinates": [
     -0.12628,
     38.58019
    ]
   },
   "properties": {
    "id_tecnico": "0ef75307-0e11-43fd-a5fe-2537344712ba",
    "categoria": "infraestructuras",
    "tipo": "alojamiento",
    "nombre": "Barceló La Nucía Palms",
    "estado_nombre": "correcto",
    "direccion": "Partida Buena Vista 2",
    "lat": 38.58019,
    "lng": -0.12628,
    "utm_x": 751302.09,
    "utm_y": 4274096.95,
    "utm_huso": 30,
    "fuente": "OpenStreetMap (Overpass)",
    "licencia": "ODbL 1.0",
    "confianza": 9,
    "estado_espacial": "fuera_municipio",
    "geometria_origen": "punto_representativo"
   }
  },
  {
   "type": "Feature",
   "geometry": {
    "type": "Point",
    "coordinates": [
     -0.11471,
     38.5384
    ]
   },
   "properties": {
    "id_tecnico": "0f04e00a-96e9-45e7-957d-92105fcd8b78",
    "categoria": "equipamientos",
    "tipo": "alimentacion",
    "nombre": "alimentacion node/13437494856",
    "estado_nombre": "correcto",
    "direccion": null,
    "lat": 38.5384,
    "lng": -0.11471,
    "utm_x": 752458.56,
    "utm_y": 4269489.95,
    "utm_huso": 30,
    "fuente": "OpenStreetMap (Overpass)",
    "licencia": "ODbL 1.0",
    "confianza": 23,
    "estado_espacial": "valido",
    "geometria_origen": "punto_representativo"
   }
  },
  {
   "type": "Feature",
   "geometry": {
    "type": "Point",
    "coordinates": [
     -0.15732,
     38.55999
    ]
   },
   "properties": {
    "id_tecnico": "0f1f0924-74dd-4e19-9875-690a908e0f9a",
    "categoria": "infraestructuras",
    "tipo": "parada_autobus",
    "nombre": "187 - Terra Mítica",
    "estado_nombre": "correcto",
    "direccion": "Terra Mítica",
    "lat": 38.55999,
    "lng": -0.15732,
    "utm_x": 748655.99,
    "utm_y": 4271770.94,
    "utm_huso": 30,
    "fuente": "Plantilla municipal — Limpieza info (PTM Benidorm)",
    "licencia": "Uso interno del proyecto",
    "confianza": 26,
    "estado_espacial": "valido",
    "geometria_origen": "punto_representativo"
   }
  },
  {
   "type": "Feature",
   "geometry": {
    "type": "Point",
    "coordinates": [
     -0.13414,
     38.54172
    ]
   },
   "properties": {
    "id_tecnico": "0f80e6d3-ddd8-41b2-bccf-19f4d28ed964",
    "categoria": "servicios_basicos",
    "tipo": "estacion_servicio",
    "nombre": "BP LA ISLETA · AVENIDA JAIME I, 23",
    "estado_nombre": "correcto",
    "direccion": "AVENIDA JAIME I, 23",
    "lat": 38.54172,
    "lng": -0.13414,
    "utm_x": 750746.73,
    "utm_y": 4269805.63,
    "utm_huso": 30,
    "fuente": "Geoportal de Gasolineras (MITECO, API REST)",
    "licencia": "Reutilización de información del sector público (Ley 37/2007), citando la fuente",
    "confianza": 29,
    "estado_espacial": "valido",
    "geometria_origen": "punto_representativo"
   }
  },
  {
   "type": "Feature",
   "geometry": {
    "type": "Point",
    "coordinates": [
     -0.116,
     38.58823
    ]
   },
   "properties": {
    "id_tecnico": "0fcd0856-9ca8-4a50-a187-29102cb4f715",
    "categoria": "equipamientos",
    "tipo": "farmacia",
    "nombre": "Manuel Carlos Reche Moreno",
    "estado_nombre": "correcto",
    "direccion": "Avinguda Poeta Miguel Hernández 1",
    "lat": 38.58823,
    "lng": -0.116,
    "utm_x": 752173.43,
    "utm_y": 4275017.35,
    "utm_huso": 30,
    "fuente": "OpenStreetMap (Overpass)",
    "licencia": "ODbL 1.0",
    "confianza": 9,
    "estado_espacial": "fuera_municipio",
    "geometria_origen": "punto_representativo"
   }
  },
  {
   "type": "Feature",
   "geometry": {
    "type": "Point",
    "coordinates": [
     -0.10384,
     38.54161
    ]
   },
   "properties": {
    "id_tecnico": "0fcf2959-68de-484f-b637-31cbda92a28a",
    "categoria": "infraestructuras",
    "tipo": "parada_autobus",
    "nombre": "Av. Severo Ochoa, 5 (Hotel Levante)",
    "estado_nombre": "correcto",
    "direccion": null,
    "lat": 38.54161,
    "lng": -0.10384,
    "utm_x": 753398.72,
    "utm_y": 4269875.96,
    "utm_huso": 30,
    "fuente": "OpenStreetMap (Overpass)",
    "licencia": "ODbL 1.0",
    "confianza": 23,
    "estado_espacial": "valido",
    "geometria_origen": "punto_representativo"
   }
  },
  {
   "type": "Feature",
   "geometry": {
    "type": "Point",
    "coordinates": [
     -0.09845,
     38.54701
    ]
   },
   "properties": {
    "id_tecnico": "0fe50bc2-468a-4f4d-bcd8-4049da9002e4",
    "categoria": "infraestructuras",
    "tipo": "parada_autobus",
    "nombre": "301 - Rumanía 2",
    "estado_nombre": "correcto",
    "direccion": "C/ Romania, 2",
    "lat": 38.54701,
    "lng": -0.09845,
    "utm_x": 753851.64,
    "utm_y": 4270490.11,
    "utm_huso": 30,
    "fuente": "Plantilla municipal — Limpieza info (PTM Benidorm)",
    "licencia": "Uso interno del proyecto",
    "confianza": 26,
    "estado_espacial": "valido",
    "geometria_origen": "punto_representativo"
   }
  },
  {
   "type": "Feature",
   "geometry": {
    "type": "Point",
    "coordinates": [
     -0.10518,
     38.53063
    ]
   },
   "properties": {
    "id_tecnico": "0ff064c5-43b5-481b-bcf8-6829bd60ff9b",
    "categoria": "infraestructuras",
    "tipo": "parada_autobus",
    "nombre": "24",
    "estado_nombre": "por_revisar",
    "direccion": null,
    "lat": 38.53063,
    "lng": -0.10518,
    "utm_x": 753319.52,
    "utm_y": 4268653.56,
    "utm_huso": 30,
    "fuente": "OpenStreetMap (Overpass)",
    "licencia": "ODbL 1.0",
    "confianza": 23,
    "estado_espacial": "proximo_limite",
    "geometria_origen": "punto_representativo"
   }
  },
  {
   "type": "Feature",
   "geometry": {
    "type": "Point",
    "coordinates": [
     -0.12093,
     38.54171
    ]
   },
   "properties": {
    "id_tecnico": "101dba3c-fee2-4827-aab2-b4fad5f31f47",
    "categoria": "equipamientos",
    "tipo": "alimentacion",
    "nombre": "Carrefour Express",
    "estado_nombre": "correcto",
    "direccion": null,
    "lat": 38.54171,
    "lng": -0.12093,
    "utm_x": 751902.79,
    "utm_y": 4269840.4,
    "utm_huso": 30,
    "fuente": "OpenStreetMap (Overpass)",
    "licencia": "ODbL 1.0",
    "confianza": 26,
    "estado_espacial": "valido",
    "geometria_origen": "punto_representativo"
   }
  },
  {
   "type": "Feature",
   "geometry": {
    "type": "Point",
    "coordinates": [
     -0.12424,
     38.53726
    ]
   },
   "properties": {
    "id_tecnico": "104f871b-b063-4e01-abb4-f717fbd1e487",
    "categoria": "infraestructuras",
    "tipo": "parada_autobus",
    "nombre": "Av. Mediterráneo, 3 (Benidorm Centro)",
    "estado_nombre": "correcto",
    "direccion": null,
    "lat": 38.53726,
    "lng": -0.12424,
    "utm_x": 751628.46,
    "utm_y": 4269337.46,
    "utm_huso": 30,
    "fuente": "OpenStreetMap (Overpass)",
    "licencia": "ODbL 1.0",
    "confianza": 23,
    "estado_espacial": "proximo_limite",
    "geometria_origen": "punto_representativo"
   }
  },
  {
   "type": "Feature",
   "geometry": {
    "type": "Point",
    "coordinates": [
     -0.10667,
     38.53195
    ]
   },
   "properties": {
    "id_tecnico": "10670448-775f-4287-80a6-c590ffdd2f27",
    "categoria": "infraestructuras",
    "tipo": "parada_autobus",
    "nombre": "259 - Ed. Aries",
    "estado_nombre": "correcto",
    "direccion": "C/ Alcalde Manuel Catalán Chana",
    "lat": 38.53195,
    "lng": -0.10667,
    "utm_x": 753184.53,
    "utm_y": 4268795.99,
    "utm_huso": 30,
    "fuente": "Plantilla municipal — Limpieza info (PTM Benidorm)",
    "licencia": "Uso interno del proyecto",
    "confianza": 26,
    "estado_espacial": "proximo_limite",
    "geometria_origen": "punto_representativo"
   }
  },
  {
   "type": "Feature",
   "geometry": {
    "type": "Point",
    "coordinates": [
     -0.12956,
     38.60303
    ]
   },
   "properties": {
    "id_tecnico": "10d670cc-d976-4493-b4c4-c20cbec0f960",
    "categoria": "servicios_basicos",
    "tipo": "estacion_servicio",
    "nombre": "Galp",
    "estado_nombre": "correcto",
    "direccion": "P.I. La Nucia - Parcela 16",
    "lat": 38.60303,
    "lng": -0.12956,
    "utm_x": 750936.58,
    "utm_y": 4276623.18,
    "utm_huso": 30,
    "fuente": "OpenStreetMap (Overpass)",
    "licencia": "ODbL 1.0",
    "confianza": 12,
    "estado_espacial": "fuera_municipio",
    "geometria_origen": "punto_representativo"
   }
  },
  {
   "type": "Feature",
   "geometry": {
    "type": "Point",
    "coordinates": [
     -0.07906,
     38.57478
    ]
   },
   "properties": {
    "id_tecnico": "1162ae5d-cecb-4b4b-b989-23424bd6347d",
    "categoria": "infraestructuras",
    "tipo": "alojamiento",
    "nombre": "Hostal Ventorrillo",
    "estado_nombre": "correcto",
    "direccion": null,
    "lat": 38.57478,
    "lng": -0.07906,
    "utm_x": 755451.17,
    "utm_y": 4273625.86,
    "utm_huso": 30,
    "fuente": "OpenStreetMap (Overpass)",
    "licencia": "ODbL 1.0",
    "confianza": 3,
    "estado_espacial": "fuera_municipio",
    "geometria_origen": "punto_representativo"
   }
  },
  {
   "type": "Feature",
   "geometry": {
    "type": "Point",
    "coordinates": [
     -0.12123,
     38.54329
    ]
   },
   "properties": {
    "id_tecnico": "11d7a8fb-2b54-425a-83b0-0cb2d23e99e7",
    "categoria": "equipamientos",
    "tipo": "alimentacion",
    "nombre": "Lider",
    "estado_nombre": "correcto",
    "direccion": null,
    "lat": 38.54329,
    "lng": -0.12123,
    "utm_x": 751871.09,
    "utm_y": 4270014.95,
    "utm_huso": 30,
    "fuente": "OpenStreetMap (Overpass)",
    "licencia": "ODbL 1.0",
    "confianza": 23,
    "estado_espacial": "valido",
    "geometria_origen": "punto_representativo"
   }
  },
  {
   "type": "Feature",
   "geometry": {
    "type": "Point",
    "coordinates": [
     -0.11688,
     38.53789
    ]
   },
   "properties": {
    "id_tecnico": "1224aece-92ee-4f4c-8e57-5d41149b359f",
    "categoria": "infraestructuras",
    "tipo": "alojamiento",
    "nombre": "Hotel Marina",
    "estado_nombre": "correcto",
    "direccion": null,
    "lat": 38.53789,
    "lng": -0.11688,
    "utm_x": 752270.41,
    "utm_y": 4269427.43,
    "utm_huso": 30,
    "fuente": "OpenStreetMap (Overpass)",
    "licencia": "ODbL 1.0",
    "confianza": 23,
    "estado_espacial": "valido",
    "geometria_origen": "punto_representativo"
   }
  },
  {
   "type": "Feature",
   "geometry": {
    "type": "Point",
    "coordinates": [
     -0.09768,
     38.55263
    ]
   },
   "properties": {
    "id_tecnico": "122fa736-50e7-428c-9ba7-6d3fac53d261",
    "categoria": "infraestructuras",
    "tipo": "parada_autobus",
    "nombre": "226 - Las Monjas",
    "estado_nombre": "correcto",
    "direccion": "Av. Severo Ochoa, 39",
    "lat": 38.55263,
    "lng": -0.09768,
    "utm_x": 753899.48,
    "utm_y": 4271116.02,
    "utm_huso": 30,
    "fuente": "Plantilla municipal — Limpieza info (PTM Benidorm)",
    "licencia": "Uso interno del proyecto",
    "confianza": 26,
    "estado_espacial": "valido",
    "geometria_origen": "punto_representativo"
   }
  },
  {
   "type": "Feature",
   "geometry": {
    "type": "Point",
    "coordinates": [
     -0.12011,
     38.53558
    ]
   },
   "properties": {
    "id_tecnico": "1263c0c0-27b1-4d30-9c32-f6ac8b15059c",
    "categoria": "equipamientos",
    "tipo": "biblioteca",
    "nombre": "Biblioplaya Levante",
    "estado_nombre": "correcto",
    "direccion": null,
    "lat": 38.53558,
    "lng": -0.12011,
    "utm_x": 751995.7,
    "utm_y": 4269162.23,
    "utm_huso": 30,
    "fuente": "OpenStreetMap (Overpass)",
    "licencia": "ODbL 1.0",
    "confianza": 23,
    "estado_espacial": "proximo_limite",
    "geometria_origen": "punto_representativo"
   }
  },
  {
   "type": "Feature",
   "geometry": {
    "type": "Point",
    "coordinates": [
     -0.12018,
     38.53923
    ]
   },
   "properties": {
    "id_tecnico": "128356e0-c9c9-4a5c-8e14-97cf834c50f5",
    "categoria": "infraestructuras",
    "tipo": "parada_autobus",
    "nombre": "Av. Europa, 12",
    "estado_nombre": "correcto",
    "direccion": null,
    "lat": 38.53923,
    "lng": -0.12018,
    "utm_x": 751976.98,
    "utm_y": 4269567.17,
    "utm_huso": 30,
    "fuente": "OpenStreetMap (Overpass)",
    "licencia": "ODbL 1.0",
    "confianza": 23,
    "estado_espacial": "valido",
    "geometria_origen": "punto_representativo"
   }
  },
  {
   "type": "Feature",
   "geometry": {
    "type": "Point",
    "coordinates": [
     -0.1193,
     38.54422
    ]
   },
   "properties": {
    "id_tecnico": "128b5418-2f7f-49e2-a9c5-764b619b7dbf",
    "categoria": "servicios_basicos",
    "tipo": "estacion_servicio",
    "nombre": "BP",
    "estado_nombre": "correcto",
    "direccion": null,
    "lat": 38.54422,
    "lng": -0.1193,
    "utm_x": 752036.77,
    "utm_y": 4270123.43,
    "utm_huso": 30,
    "fuente": "OpenStreetMap (Overpass)",
    "licencia": "ODbL 1.0",
    "confianza": 29,
    "estado_espacial": "valido",
    "geometria_origen": "punto_representativo"
   }
  },
  {
   "type": "Feature",
   "geometry": {
    "type": "Point",
    "coordinates": [
     -0.1394,
     38.54008
    ]
   },
   "properties": {
    "id_tecnico": "129121b6-94e9-4c32-b225-3a37a846b81f",
    "categoria": "infraestructuras",
    "tipo": "parada_autobus",
    "nombre": "136 - Ed. Mª Cristina",
    "estado_nombre": "correcto",
    "direccion": "Av. Ricardo Bayona, 12",
    "lat": 38.54008,
    "lng": -0.1394,
    "utm_x": 750292.04,
    "utm_y": 4269609.36,
    "utm_huso": 30,
    "fuente": "Plantilla municipal — Limpieza info (PTM Benidorm)",
    "licencia": "Uso interno del proyecto",
    "confianza": 26,
    "estado_espacial": "valido",
    "geometria_origen": "punto_representativo"
   }
  },
  {
   "type": "Feature",
   "geometry": {
    "type": "Point",
    "coordinates": [
     -0.10679,
     38.53632
    ]
   },
   "properties": {
    "id_tecnico": "1295c863-0ffb-43c1-9700-8b48951146b6",
    "categoria": "equipamientos",
    "tipo": "alimentacion",
    "nombre": "Supermercado Londres",
    "estado_nombre": "correcto",
    "direccion": "Avinguda de L'Ametlla de Mar",
    "lat": 38.53632,
    "lng": -0.10679,
    "utm_x": 753158.89,
    "utm_y": 4269280.72,
    "utm_huso": 30,
    "fuente": "OpenStreetMap (Overpass)",
    "licencia": "ODbL 1.0",
    "confianza": 26,
    "estado_espacial": "valido",
    "geometria_origen": "punto_representativo"
   }
  },
  {
   "type": "Feature",
   "geometry": {
    "type": "Point",
    "coordinates": [
     -0.12377,
     38.54308
    ]
   },
   "properties": {
    "id_tecnico": "12a4f1e9-8e8a-4001-ad15-e98203aa8fa8",
    "categoria": "equipamientos",
    "tipo": "escuela_infantil",
    "nombre": "CENTRE PRIV. ED. INF. 1er CICLE MY BIG KINGDOM",
    "estado_nombre": "correcto",
    "direccion": "AV. FINLANDIA (LOCALS 8,9,10), 2",
    "lat": 38.54308,
    "lng": -0.12377,
    "utm_x": 751649.54,
    "utm_y": 4269984.73,
    "utm_huso": 30,
    "fuente": "GVA - Centros docentes de la Comunitat Valenciana (ICV WFS)",
    "licencia": "CC BY 4.0",
    "confianza": 29,
    "estado_espacial": "valido",
    "geometria_origen": "punto_representativo"
   }
  },
  {
   "type": "Feature",
   "geometry": {
    "type": "Point",
    "coordinates": [
     -0.11726,
     38.53667
    ]
   },
   "properties": {
    "id_tecnico": "12bc0902-c5dd-454c-867b-c5e9cf49024d",
    "categoria": "infraestructuras",
    "tipo": "parada_autobus",
    "nombre": "Av. Mediterráneo, 23",
    "estado_nombre": "correcto",
    "direccion": null,
    "lat": 38.53667,
    "lng": -0.11726,
    "utm_x": 752241.36,
    "utm_y": 4269290.98,
    "utm_huso": 30,
    "fuente": "OpenStreetMap (Overpass)",
    "licencia": "ODbL 1.0",
    "confianza": 23,
    "estado_espacial": "proximo_limite",
    "geometria_origen": "punto_representativo"
   }
  },
  {
   "type": "Feature",
   "geometry": {
    "type": "Point",
    "coordinates": [
     -0.16015,
     38.555
    ]
   },
   "properties": {
    "id_tecnico": "12f7c775-5918-4124-8c18-80df6fb7cb74",
    "categoria": "infraestructuras",
    "tipo": "parada_autobus",
    "nombre": "177 - Zaplana 177",
    "estado_nombre": "correcto",
    "direccion": "Av. Eduardo Zaplana",
    "lat": 38.555,
    "lng": -0.16015,
    "utm_x": 748425.38,
    "utm_y": 4271209.47,
    "utm_huso": 30,
    "fuente": "Plantilla municipal — Limpieza info (PTM Benidorm)",
    "licencia": "Uso interno del proyecto",
    "confianza": 26,
    "estado_espacial": "valido",
    "geometria_origen": "punto_representativo"
   }
  },
  {
   "type": "Feature",
   "geometry": {
    "type": "Point",
    "coordinates": [
     -0.15061,
     38.55965
    ]
   },
   "properties": {
    "id_tecnico": "13678d70-1c54-4c57-8463-02f3f768c84b",
    "categoria": "infraestructuras",
    "tipo": "parada_autobus",
    "nombre": "Av. Eduardo Zaplana (Villaitana)",
    "estado_nombre": "correcto",
    "direccion": null,
    "lat": 38.55965,
    "lng": -0.15061,
    "utm_x": 749244.21,
    "utm_y": 4271751.26,
    "utm_huso": 30,
    "fuente": "OpenStreetMap (Overpass)",
    "licencia": "ODbL 1.0",
    "confianza": 23,
    "estado_espacial": "valido",
    "geometria_origen": "punto_representativo"
   }
  },
  {
   "type": "Feature",
   "geometry": {
    "type": "Point",
    "coordinates": [
     -0.11957,
     38.53697
    ]
   },
   "properties": {
    "id_tecnico": "137d1b67-16ef-48a6-98c1-fb7ecb5173aa",
    "categoria": "infraestructuras",
    "tipo": "parada_taxi",
    "nombre": "parada taxi node/11112281429",
    "estado_nombre": "correcto",
    "direccion": null,
    "lat": 38.53697,
    "lng": -0.11957,
    "utm_x": 752038.16,
    "utm_y": 4269317.98,
    "utm_huso": 30,
    "fuente": "OpenStreetMap (Overpass)",
    "licencia": "ODbL 1.0",
    "confianza": 23,
    "estado_espacial": "proximo_limite",
    "geometria_origen": "punto_representativo"
   }
  },
  {
   "type": "Feature",
   "geometry": {
    "type": "Point",
    "coordinates": [
     -0.09632,
     38.54622
    ]
   },
   "properties": {
    "id_tecnico": "13f74ba8-7f81-4d17-b279-d21cfa13ac90",
    "categoria": "infraestructuras",
    "tipo": "parada_autobus",
    "nombre": "C/ Romania, 6",
    "estado_nombre": "correcto",
    "direccion": null,
    "lat": 38.54622,
    "lng": -0.09632,
    "utm_x": 754040.78,
    "utm_y": 4270408.27,
    "utm_huso": 30,
    "fuente": "OpenStreetMap (Overpass)",
    "licencia": "ODbL 1.0",
    "confianza": 23,
    "estado_espacial": "valido",
    "geometria_origen": "punto_representativo"
   }
  },
  {
   "type": "Feature",
   "geometry": {
    "type": "Point",
    "coordinates": [
     -0.12538,
     38.53998
    ]
   },
   "properties": {
    "id_tecnico": "13ff9472-775c-4bf5-bc87-4aad43ceda9c",
    "categoria": "equipamientos",
    "tipo": "farmacia",
    "nombre": "farmacia node/13511951952",
    "estado_nombre": "correcto",
    "direccion": null,
    "lat": 38.53998,
    "lng": -0.12538,
    "utm_x": 751519.32,
    "utm_y": 4269636.27,
    "utm_huso": 30,
    "fuente": "OpenStreetMap (Overpass)",
    "licencia": "ODbL 1.0",
    "confianza": 23,
    "estado_espacial": "valido",
    "geometria_origen": "punto_representativo"
   }
  },
  {
   "type": "Feature",
   "geometry": {
    "type": "Point",
    "coordinates": [
     -0.10341,
     38.54211
    ]
   },
   "properties": {
    "id_tecnico": "14139cc3-d01a-40f4-9f12-ea52a9aed541",
    "categoria": "infraestructuras",
    "tipo": "parada_autobus",
    "nombre": "211 - New Look",
    "estado_nombre": "correcto",
    "direccion": "Av. Severo Ochoa, 8",
    "lat": 38.54211,
    "lng": -0.10341,
    "utm_x": 753434.61,
    "utm_y": 4269932.63,
    "utm_huso": 30,
    "fuente": "Plantilla municipal — Limpieza info (PTM Benidorm)",
    "licencia": "Uso interno del proyecto",
    "confianza": 26,
    "estado_espacial": "valido",
    "geometria_origen": "punto_representativo"
   }
  },
  {
   "type": "Feature",
   "geometry": {
    "type": "Point",
    "coordinates": [
     -0.10579,
     38.538
    ]
   },
   "properties": {
    "id_tecnico": "144052e7-f9b2-4ed7-a0c7-df9249afadb9",
    "categoria": "equipamientos",
    "tipo": "alimentacion",
    "nombre": "Supermarket Save Benidorm",
    "estado_nombre": "correcto",
    "direccion": "Avinguda de L'Ametlla de Mar 24",
    "lat": 38.538,
    "lng": -0.10579,
    "utm_x": 753240.58,
    "utm_y": 4269469.93,
    "utm_huso": 30,
    "fuente": "OpenStreetMap (Overpass)",
    "licencia": "ODbL 1.0",
    "confianza": 26,
    "estado_espacial": "valido",
    "geometria_origen": "punto_representativo"
   }
  },
  {
   "type": "Feature",
   "geometry": {
    "type": "Point",
    "coordinates": [
     -0.10619,
     38.53939
    ]
   },
   "properties": {
    "id_tecnico": "14462cf5-013e-4511-a479-9bfb6b9b38e6",
    "categoria": "infraestructuras",
    "tipo": "alojamiento",
    "nombre": "Aparthotel Lux Mar",
    "estado_nombre": "correcto",
    "direccion": null,
    "lat": 38.53939,
    "lng": -0.10619,
    "utm_x": 753200.76,
    "utm_y": 4269623.11,
    "utm_huso": 30,
    "fuente": "OpenStreetMap (Overpass)",
    "licencia": "ODbL 1.0",
    "confianza": 23,
    "estado_espacial": "valido",
    "geometria_origen": "punto_representativo"
   }
  },
  {
   "type": "Feature",
   "geometry": {
    "type": "Point",
    "coordinates": [
     -0.13969,
     38.53842
    ]
   },
   "properties": {
    "id_tecnico": "1476339a-f25c-47e9-a429-b14d0e294694",
    "categoria": "infraestructuras",
    "tipo": "parada_autobus",
    "nombre": "PARADA (APTOS. BENIBEACH)",
    "estado_nombre": "correcto",
    "direccion": null,
    "lat": 38.53842,
    "lng": -0.13969,
    "utm_x": 750272.35,
    "utm_y": 4269424.32,
    "utm_huso": 30,
    "fuente": "OpenStreetMap (Overpass)",
    "licencia": "ODbL 1.0",
    "confianza": 23,
    "estado_espacial": "proximo_limite",
    "geometria_origen": "punto_representativo"
   }
  },
  {
   "type": "Feature",
   "geometry": {
    "type": "Point",
    "coordinates": [
     -0.13382,
     38.54147
    ]
   },
   "properties": {
    "id_tecnico": "14bc1ab0-3cb8-4527-b10c-37198ed95d28",
    "categoria": "infraestructuras",
    "tipo": "parada_autobus",
    "nombre": "Av. Jaume I, 38",
    "estado_nombre": "correcto",
    "direccion": null,
    "lat": 38.54147,
    "lng": -0.13382,
    "utm_x": 750775.59,
    "utm_y": 4269778.75,
    "utm_huso": 30,
    "fuente": "OpenStreetMap (Overpass)",
    "licencia": "ODbL 1.0",
    "confianza": 23,
    "estado_espacial": "valido",
    "geometria_origen": "punto_representativo"
   }
  },
  {
   "type": "Feature",
   "geometry": {
    "type": "Point",
    "coordinates": [
     -0.13777,
     38.53754
    ]
   },
   "properties": {
    "id_tecnico": "14d44830-f51b-4c36-b7e9-d66e9963335a",
    "categoria": "equipamientos",
    "tipo": "farmacia",
    "nombre": "farmacia node/11099118289",
    "estado_nombre": "correcto",
    "direccion": null,
    "lat": 38.53754,
    "lng": -0.13777,
    "utm_x": 750443.39,
    "utm_y": 4269331.84,
    "utm_huso": 30,
    "fuente": "OpenStreetMap (Overpass)",
    "licencia": "ODbL 1.0",
    "confianza": 23,
    "estado_espacial": "proximo_limite",
    "geometria_origen": "punto_representativo"
   }
  },
  {
   "type": "Feature",
   "geometry": {
    "type": "Point",
    "coordinates": [
     -0.12279,
     38.5384
    ]
   },
   "properties": {
    "id_tecnico": "1538562c-4dfd-48aa-844b-e4a2ba6fe102",
    "categoria": "infraestructuras",
    "tipo": "alojamiento",
    "nombre": "Hotel Los Álamos",
    "estado_nombre": "correcto",
    "direccion": null,
    "lat": 38.5384,
    "lng": -0.12279,
    "utm_x": 751751.43,
    "utm_y": 4269467.94,
    "utm_huso": 30,
    "fuente": "OpenStreetMap (Overpass)",
    "licencia": "ODbL 1.0",
    "confianza": 23,
    "estado_espacial": "valido",
    "geometria_origen": "punto_representativo"
   }
  },
  {
   "type": "Feature",
   "geometry": {
    "type": "Point",
    "coordinates": [
     -0.12829,
     38.53814
    ]
   },
   "properties": {
    "id_tecnico": "1551985d-2ee6-4969-b706-073a9de2c793",
    "categoria": "infraestructuras",
    "tipo": "parada_autobus",
    "nombre": "Pl. Dr. Fleming, 3AC (Ajuntament)",
    "estado_nombre": "correcto",
    "direccion": null,
    "lat": 38.53814,
    "lng": -0.12829,
    "utm_x": 751270.99,
    "utm_y": 4269424.13,
    "utm_huso": 30,
    "fuente": "OpenStreetMap (Overpass)",
    "licencia": "ODbL 1.0",
    "confianza": 23,
    "estado_espacial": "valido",
    "geometria_origen": "punto_representativo"
   }
  },
  {
   "type": "Feature",
   "geometry": {
    "type": "Point",
    "coordinates": [
     -0.09844,
     38.54701
    ]
   },
   "properties": {
    "id_tecnico": "155b803c-8231-4362-8bd5-4d7a9616161b",
    "categoria": "infraestructuras",
    "tipo": "parada_autobus",
    "nombre": "C/ Romania, 3AC",
    "estado_nombre": "correcto",
    "direccion": null,
    "lat": 38.54701,
    "lng": -0.09844,
    "utm_x": 753852.51,
    "utm_y": 4270490.14,
    "utm_huso": 30,
    "fuente": "OpenStreetMap (Overpass)",
    "licencia": "ODbL 1.0",
    "confianza": 23,
    "estado_espacial": "valido",
    "geometria_origen": "punto_representativo"
   }
  },
  {
   "type": "Feature",
   "geometry": {
    "type": "Point",
    "coordinates": [
     -0.12933,
     38.53724
    ]
   },
   "properties": {
    "id_tecnico": "15bffa2c-fad9-43f9-9e05-45958f8c63cc",
    "categoria": "infraestructuras",
    "tipo": "parada_taxi",
    "nombre": "parada taxi way/1495774107",
    "estado_nombre": "correcto",
    "direccion": null,
    "lat": 38.53724,
    "lng": -0.12933,
    "utm_x": 751183.06,
    "utm_y": 4269321.41,
    "utm_huso": 30,
    "fuente": "OpenStreetMap (Overpass)",
    "licencia": "ODbL 1.0",
    "confianza": 23,
    "estado_espacial": "valido",
    "geometria_origen": "punto_representativo"
   }
  },
  {
   "type": "Feature",
   "geometry": {
    "type": "Point",
    "coordinates": [
     -0.12317,
     38.53919
    ]
   },
   "properties": {
    "id_tecnico": "160c1789-5dfb-45f2-9a09-1e9e3cfd1abc",
    "categoria": "infraestructuras",
    "tipo": "parada_autobus",
    "nombre": "C/ Lepanto, 2",
    "estado_nombre": "correcto",
    "direccion": null,
    "lat": 38.53919,
    "lng": -0.12317,
    "utm_x": 751715.45,
    "utm_y": 4269554.59,
    "utm_huso": 30,
    "fuente": "OpenStreetMap (Overpass)",
    "licencia": "ODbL 1.0",
    "confianza": 23,
    "estado_espacial": "valido",
    "geometria_origen": "punto_representativo"
   }
  },
  {
   "type": "Feature",
   "geometry": {
    "type": "Point",
    "coordinates": [
     -0.10073,
     38.53503
    ]
   },
   "properties": {
    "id_tecnico": "163b1f39-9c1d-41c8-a226-e8c5ec08354b",
    "categoria": "infraestructuras",
    "tipo": "alojamiento",
    "nombre": "Hotel Benidorm East",
    "estado_nombre": "correcto",
    "direccion": null,
    "lat": 38.53503,
    "lng": -0.10073,
    "utm_x": 753693.73,
    "utm_y": 4269154.13,
    "utm_huso": 30,
    "fuente": "OpenStreetMap (Overpass)",
    "licencia": "ODbL 1.0",
    "confianza": 26,
    "estado_espacial": "valido",
    "geometria_origen": "punto_representativo"
   }
  },
  {
   "type": "Feature",
   "geometry": {
    "type": "Point",
    "coordinates": [
     -0.10501,
     38.54244
    ]
   },
   "properties": {
    "id_tecnico": "1647c6f3-d0d3-4456-8b19-fbaeb457b777",
    "categoria": "infraestructuras",
    "tipo": "parada_autobus",
    "nombre": "362 - C. Real CEEM",
    "estado_nombre": "correcto",
    "direccion": "Av. Ciudad Real, 4",
    "lat": 38.54244,
    "lng": -0.10501,
    "utm_x": 753293.45,
    "utm_y": 4269964.88,
    "utm_huso": 30,
    "fuente": "Plantilla municipal — Limpieza info (PTM Benidorm)",
    "licencia": "Uso interno del proyecto",
    "confianza": 26,
    "estado_espacial": "valido",
    "geometria_origen": "punto_representativo"
   }
  },
  {
   "type": "Feature",
   "geometry": {
    "type": "Point",
    "coordinates": [
     -0.16415,
     38.52962
    ]
   },
   "properties": {
    "id_tecnico": "173d32f5-c732-491e-906d-3769f23d6c22",
    "categoria": "infraestructuras",
    "tipo": "parada_autobus",
    "nombre": "C/ Juan Antonio Baldoví, 2",
    "estado_nombre": "correcto",
    "direccion": null,
    "lat": 38.52962,
    "lng": -0.16415,
    "utm_x": 748161.61,
    "utm_y": 4268381.7,
    "utm_huso": 30,
    "fuente": "OpenStreetMap (Overpass)",
    "licencia": "ODbL 1.0",
    "confianza": 23,
    "estado_espacial": "proximo_limite",
    "geometria_origen": "punto_representativo"
   }
  },
  {
   "type": "Feature",
   "geometry": {
    "type": "Point",
    "coordinates": [
     -0.13181,
     38.54033
    ]
   },
   "properties": {
    "id_tecnico": "1756b6a8-90d7-4812-aa14-c9c374a6e2d6",
    "categoria": "equipamientos",
    "tipo": "centro_salud",
    "nombre": "Centre de Salut - Tomàs Ortuño",
    "estado_nombre": "correcto",
    "direccion": null,
    "lat": 38.54033,
    "lng": -0.13181,
    "utm_x": 750955.41,
    "utm_y": 4269657.66,
    "utm_huso": 30,
    "fuente": "OpenStreetMap (Overpass)",
    "licencia": "ODbL 1.0",
    "confianza": 23,
    "estado_espacial": "valido",
    "geometria_origen": "punto_representativo"
   }
  },
  {
   "type": "Feature",
   "geometry": {
    "type": "Point",
    "coordinates": [
     -0.09996,
     38.54607
    ]
   },
   "properties": {
    "id_tecnico": "17721713-bac4-44cc-b9a3-2ef5bf29657a",
    "categoria": "infraestructuras",
    "tipo": "parada_autobus",
    "nombre": "Av. Severo Ochoa, 15",
    "estado_nombre": "correcto",
    "direccion": null,
    "lat": 38.54607,
    "lng": -0.09996,
    "utm_x": 753722.77,
    "utm_y": 4270381.63,
    "utm_huso": 30,
    "fuente": "OpenStreetMap (Overpass)",
    "licencia": "ODbL 1.0",
    "confianza": 23,
    "estado_espacial": "valido",
    "geometria_origen": "punto_representativo"
   }
  },
  {
   "type": "Feature",
   "geometry": {
    "type": "Point",
    "coordinates": [
     -0.14147,
     38.53843
    ]
   },
   "properties": {
    "id_tecnico": "1821bcdd-9441-4cbc-975b-e2ae6d276b36",
    "categoria": "infraestructuras",
    "tipo": "parada_autobus",
    "nombre": "APTOS. (BENIBEACH)",
    "estado_nombre": "correcto",
    "direccion": null,
    "lat": 38.53843,
    "lng": -0.14147,
    "utm_x": 750116.53,
    "utm_y": 4269420.62,
    "utm_huso": 30,
    "fuente": "OpenStreetMap (Overpass)",
    "licencia": "ODbL 1.0",
    "confianza": 23,
    "estado_espacial": "proximo_limite",
    "geometria_origen": "punto_representativo"
   }
  },
  {
   "type": "Feature",
   "geometry": {
    "type": "Point",
    "coordinates": [
     -0.09688,
     38.54067
    ]
   },
   "properties": {
    "id_tecnico": "18ae8e34-aa87-429b-9099-ade64e25e64a",
    "categoria": "equipamientos",
    "tipo": "colegio",
    "nombre": "Col·legi d'Educació Infantil i Primària Serra Gelada",
    "estado_nombre": "correcto",
    "direccion": null,
    "lat": 38.54067,
    "lng": -0.09688,
    "utm_x": 754011.07,
    "utm_y": 4269790.7,
    "utm_huso": 30,
    "fuente": "OpenStreetMap (Overpass)",
    "licencia": "ODbL 1.0",
    "confianza": 26,
    "estado_espacial": "valido",
    "geometria_origen": "punto_representativo"
   }
  },
  {
   "type": "Feature",
   "geometry": {
    "type": "Point",
    "coordinates": [
     -0.12247,
     38.54348
    ]
   },
   "properties": {
    "id_tecnico": "18ceaabd-668f-45b3-9beb-58f1096e5d11",
    "categoria": "infraestructuras",
    "tipo": "parada_autobus",
    "nombre": "278 - Ed. Negurigane",
    "estado_nombre": "correcto",
    "direccion": "Av. Municipi, 6",
    "lat": 38.54348,
    "lng": -0.12247,
    "utm_x": 751761.92,
    "utm_y": 4270032.67,
    "utm_huso": 30,
    "fuente": "Plantilla municipal — Limpieza info (PTM Benidorm)",
    "licencia": "Uso interno del proyecto",
    "confianza": 26,
    "estado_espacial": "valido",
    "geometria_origen": "punto_representativo"
   }
  },
  {
   "type": "Feature",
   "geometry": {
    "type": "Point",
    "coordinates": [
     -0.1088,
     38.55256
    ]
   },
   "properties": {
    "id_tecnico": "18d0fa0a-1fb3-4d2d-bd8c-6f9c1c701662",
    "categoria": "infraestructuras",
    "tipo": "parada_autobus",
    "nombre": "Av. Comunitat Valenciana, km. 123.6",
    "estado_nombre": "correcto",
    "direccion": null,
    "lat": 38.55256,
    "lng": -0.1088,
    "utm_x": 752926.73,
    "utm_y": 4271077.79,
    "utm_huso": 30,
    "fuente": "OpenStreetMap (Overpass)",
    "licencia": "ODbL 1.0",
    "confianza": 23,
    "estado_espacial": "valido",
    "geometria_origen": "punto_representativo"
   }
  },
  {
   "type": "Feature",
   "geometry": {
    "type": "Point",
    "coordinates": [
     -0.10417,
     38.54181
    ]
   },
   "properties": {
    "id_tecnico": "18fa1595-1772-4aff-ac25-6f1155b66a05",
    "categoria": "infraestructuras",
    "tipo": "alojamiento",
    "nombre": "Hotel Levante Club",
    "estado_nombre": "correcto",
    "direccion": null,
    "lat": 38.54181,
    "lng": -0.10417,
    "utm_x": 753369.15,
    "utm_y": 4269897.25,
    "utm_huso": 30,
    "fuente": "OpenStreetMap (Overpass)",
    "licencia": "ODbL 1.0",
    "confianza": 23,
    "estado_espacial": "valido",
    "geometria_origen": "punto_representativo"
   }
  },
  {
   "type": "Feature",
   "geometry": {
    "type": "Point",
    "coordinates": [
     -0.1015,
     38.55769
    ]
   },
   "properties": {
    "id_tecnico": "190bd50b-3d72-4e10-91eb-9c9e09f3d297",
    "categoria": "servicios_basicos",
    "tipo": "estacion_servicio",
    "nombre": "GALP · CARRETERA N-332 KM. 124,5",
    "estado_nombre": "correcto",
    "direccion": "CARRETERA N-332 KM. 124,5",
    "lat": 38.55769,
    "lng": -0.1015,
    "utm_x": 753547.66,
    "utm_y": 4271667.18,
    "utm_huso": 30,
    "fuente": "Geoportal de Gasolineras (MITECO, API REST)",
    "licencia": "Reutilización de información del sector público (Ley 37/2007), citando la fuente",
    "confianza": 29,
    "estado_espacial": "valido",
    "geometria_origen": "punto_representativo"
   }
  },
  {
   "type": "Feature",
   "geometry": {
    "type": "Point",
    "coordinates": [
     -0.12774,
     38.53853
    ]
   },
   "properties": {
    "id_tecnico": "190c3dc4-fd55-434d-81df-536e1eb3df63",
    "categoria": "infraestructuras",
    "tipo": "alojamiento",
    "nombre": "Hotel Agua Azul",
    "estado_nombre": "correcto",
    "direccion": null,
    "lat": 38.53853,
    "lng": -0.12774,
    "utm_x": 751317.78,
    "utm_y": 4269468.92,
    "utm_huso": 30,
    "fuente": "OpenStreetMap (Overpass)",
    "licencia": "ODbL 1.0",
    "confianza": 23,
    "estado_espacial": "valido",
    "geometria_origen": "punto_representativo"
   }
  },
  {
   "type": "Feature",
   "geometry": {
    "type": "Point",
    "coordinates": [
     -0.16815,
     38.55482
    ]
   },
   "properties": {
    "id_tecnico": "19485b98-2edf-4c72-87f3-8efec14dab67",
    "categoria": "infraestructuras",
    "tipo": "parada_autobus",
    "nombre": "Av. Eduardo Zaplana",
    "estado_nombre": "correcto",
    "direccion": null,
    "lat": 38.55482,
    "lng": -0.16815,
    "utm_x": 747726.03,
    "utm_y": 4271168.04,
    "utm_huso": 30,
    "fuente": "OpenStreetMap (Overpass)",
    "licencia": "ODbL 1.0",
    "confianza": 23,
    "estado_espacial": "valido",
    "geometria_origen": "punto_representativo"
   }
  },
  {
   "type": "Feature",
   "geometry": {
    "type": "Point",
    "coordinates": [
     -0.09546,
     38.55147
    ]
   },
   "properties": {
    "id_tecnico": "19c7f2d1-2885-429f-ac50-61d55c74e12c",
    "categoria": "infraestructuras",
    "tipo": "camping",
    "nombre": "Camping Arena Blanca",
    "estado_nombre": "correcto",
    "direccion": "Avenida del Doctor Severo Ochoa 44",
    "lat": 38.55147,
    "lng": -0.09546,
    "utm_x": 754097.76,
    "utm_y": 4270993.36,
    "utm_huso": 30,
    "fuente": "OpenStreetMap (Overpass)",
    "licencia": "ODbL 1.0",
    "confianza": 26,
    "estado_espacial": "valido",
    "geometria_origen": "punto_representativo"
   }
  },
  {
   "type": "Feature",
   "geometry": {
    "type": "Point",
    "coordinates": [
     -0.11974,
     38.54356
    ]
   },
   "properties": {
    "id_tecnico": "19f8d76a-b153-47fb-9fd0-283ab56e9191",
    "categoria": "infraestructuras",
    "tipo": "alojamiento",
    "nombre": "Pierre et Vacances Levante",
    "estado_nombre": "correcto",
    "direccion": null,
    "lat": 38.54356,
    "lng": -0.11974,
    "utm_x": 752000.55,
    "utm_y": 4270048.98,
    "utm_huso": 30,
    "fuente": "OpenStreetMap (Overpass)",
    "licencia": "ODbL 1.0",
    "confianza": 23,
    "estado_espacial": "valido",
    "geometria_origen": "punto_representativo"
   }
  },
  {
   "type": "Feature",
   "geometry": {
    "type": "Point",
    "coordinates": [
     -0.11376,
     38.59568
    ]
   },
   "properties": {
    "id_tecnico": "1a03a40b-8bba-405c-9349-662eaca1d2b3",
    "categoria": "equipamientos",
    "tipo": "colegio",
    "nombre": "Den norske skole Costa Blanca",
    "estado_nombre": "correcto",
    "direccion": "Calle Río Guadiana 14",
    "lat": 38.59568,
    "lng": -0.11376,
    "utm_x": 752343.55,
    "utm_y": 4275850.38,
    "utm_huso": 30,
    "fuente": "OpenStreetMap (Overpass)",
    "licencia": "ODbL 1.0",
    "confianza": 6,
    "estado_espacial": "fuera_municipio",
    "geometria_origen": "punto_representativo"
   }
  },
  {
   "type": "Feature",
   "geometry": {
    "type": "Point",
    "coordinates": [
     -0.12182,
     38.54237
    ]
   },
   "properties": {
    "id_tecnico": "1a1227fa-78c3-4d28-b4db-e949cde28022",
    "categoria": "infraestructuras",
    "tipo": "parada_autobus",
    "nombre": "Av. Comunitat Valenciana, 8AC",
    "estado_nombre": "correcto",
    "direccion": null,
    "lat": 38.54237,
    "lng": -0.12182,
    "utm_x": 751822.63,
    "utm_y": 4269911.23,
    "utm_huso": 30,
    "fuente": "OpenStreetMap (Overpass)",
    "licencia": "ODbL 1.0",
    "confianza": 23,
    "estado_espacial": "valido",
    "geometria_origen": "punto_representativo"
   }
  },
  {
   "type": "Feature",
   "geometry": {
    "type": "Point",
    "coordinates": [
     -0.10258,
     38.54378
    ]
   },
   "properties": {
    "id_tecnico": "1a15fbec-86e4-4f5d-8575-5f68c7be2c7a",
    "categoria": "infraestructuras",
    "tipo": "parada_autobus",
    "nombre": "229 - C. Lope de Vega",
    "estado_nombre": "correcto",
    "direccion": "Av. Severo Ochoa, 9 (Lope de Vega)",
    "lat": 38.54378,
    "lng": -0.10258,
    "utm_x": 753501.45,
    "utm_y": 4270120.27,
    "utm_huso": 30,
    "fuente": "Plantilla municipal — Limpieza info (PTM Benidorm)",
    "licencia": "Uso interno del proyecto",
    "confianza": 26,
    "estado_espacial": "valido",
    "geometria_origen": "punto_representativo"
   }
  },
  {
   "type": "Feature",
   "geometry": {
    "type": "Point",
    "coordinates": [
     -0.13141,
     38.5404
    ]
   },
   "properties": {
    "id_tecnico": "1a518341-fd38-488f-b782-4b6a983956a5",
    "categoria": "equipamientos",
    "tipo": "centro_salud",
    "nombre": "CS BENIDORM TOMAS ORTUÑO",
    "estado_nombre": "correcto",
    "direccion": "TOMAS ORTUÑO, 69",
    "lat": 38.5404,
    "lng": -0.13141,
    "utm_x": 750990.17,
    "utm_y": 4269666.52,
    "utm_huso": 30,
    "fuente": "GVA - Sistema Valenciano de Salud, centros sanitarios (ICV WFS)",
    "licencia": "CC BY 4.0",
    "confianza": 26,
    "estado_espacial": "valido",
    "geometria_origen": "punto_representativo"
   }
  },
  {
   "type": "Feature",
   "geometry": {
    "type": "Point",
    "coordinates": [
     -0.13351,
     38.56034
    ]
   },
   "properties": {
    "id_tecnico": "1b00875a-a109-4858-8f9d-3ec861779ae5",
    "categoria": "infraestructuras",
    "tipo": "parada_autobus",
    "nombre": "Carretera CV-70 (Tivoli)",
    "estado_nombre": "correcto",
    "direccion": null,
    "lat": 38.56034,
    "lng": -0.13351,
    "utm_x": 750737.91,
    "utm_y": 4271874.06,
    "utm_huso": 30,
    "fuente": "OpenStreetMap (Overpass)",
    "licencia": "ODbL 1.0",
    "confianza": 23,
    "estado_espacial": "valido",
    "geometria_origen": "punto_representativo"
   }
  },
  {
   "type": "Feature",
   "geometry": {
    "type": "Point",
    "coordinates": [
     -0.13,
     38.53644
    ]
   },
   "properties": {
    "id_tecnico": "1b0848b3-33dd-49cc-8cee-1464d60e3db5",
    "categoria": "infraestructuras",
    "tipo": "alojamiento",
    "nombre": "Hotel Fetiche",
    "estado_nombre": "correcto",
    "direccion": "Panaderos 4",
    "lat": 38.53644,
    "lng": -0.13,
    "utm_x": 751127.18,
    "utm_y": 4269230.8,
    "utm_huso": 30,
    "fuente": "OpenStreetMap (Overpass)",
    "licencia": "ODbL 1.0",
    "confianza": 26,
    "estado_espacial": "proximo_limite",
    "geometria_origen": "punto_representativo"
   }
  },
  {
   "type": "Feature",
   "geometry": {
    "type": "Point",
    "coordinates": [
     -0.11994,
     38.53834
    ]
   },
   "properties": {
    "id_tecnico": "1b355853-989f-4573-ba7d-94d253f6a16a",
    "categoria": "equipamientos",
    "tipo": "consultorio",
    "nombre": "Clínica Europa",
    "estado_nombre": "correcto",
    "direccion": null,
    "lat": 38.53834,
    "lng": -0.11994,
    "utm_x": 752001.05,
    "utm_y": 4269469.04,
    "utm_huso": 30,
    "fuente": "OpenStreetMap (Overpass)",
    "licencia": "ODbL 1.0",
    "confianza": 23,
    "estado_espacial": "valido",
    "geometria_origen": "punto_representativo"
   }
  },
  {
   "type": "Feature",
   "geometry": {
    "type": "Point",
    "coordinates": [
     -0.10652,
     38.53451
    ]
   },
   "properties": {
    "id_tecnico": "1b492991-fba4-4026-ba38-25b944271784",
    "categoria": "equipamientos",
    "tipo": "alimentacion",
    "nombre": "Supermarket",
    "estado_nombre": "correcto",
    "direccion": null,
    "lat": 38.53451,
    "lng": -0.10652,
    "utm_x": 753188.79,
    "utm_y": 4269080.55,
    "utm_huso": 30,
    "fuente": "OpenStreetMap (Overpass)",
    "licencia": "ODbL 1.0",
    "confianza": 23,
    "estado_espacial": "proximo_limite",
    "geometria_origen": "punto_representativo"
   }
  },
  {
   "type": "Feature",
   "geometry": {
    "type": "Point",
    "coordinates": [
     -0.10978,
     38.55114
    ]
   },
   "properties": {
    "id_tecnico": "1bc119e8-7b98-43b5-8371-aa7de7317333",
    "categoria": "servicios_basicos",
    "tipo": "estacion_servicio",
    "nombre": "PETROENERGY · AVENIDA COMUNIDAD VALENCIANA- CAMÍ DEL PALASIET, 2",
    "estado_nombre": "correcto",
    "direccion": "AVENIDA COMUNIDAD VALENCIANA- CAMÍ DEL PALASIET, 2",
    "lat": 38.55114,
    "lng": -0.10978,
    "utm_x": 752845.9,
    "utm_y": 4270917.5,
    "utm_huso": 30,
    "fuente": "Geoportal de Gasolineras (MITECO, API REST)",
    "licencia": "Reutilización de información del sector público (Ley 37/2007), citando la fuente",
    "confianza": 29,
    "estado_espacial": "valido",
    "geometria_origen": "punto_representativo"
   }
  },
  {
   "type": "Feature",
   "geometry": {
    "type": "Point",
    "coordinates": [
     -0.11379,
     38.53969
    ]
   },
   "properties": {
    "id_tecnico": "1becfbf3-85f1-45c6-8758-4273ed7c15e8",
    "categoria": "infraestructuras",
    "tipo": "parada_autobus",
    "nombre": "C/ Eivissa, 17 (Mercat)",
    "estado_nombre": "correcto",
    "direccion": null,
    "lat": 38.53969,
    "lng": -0.11379,
    "utm_x": 752534.61,
    "utm_y": 4269635.65,
    "utm_huso": 30,
    "fuente": "OpenStreetMap (Overpass)",
    "licencia": "ODbL 1.0",
    "confianza": 23,
    "estado_espacial": "valido",
    "geometria_origen": "punto_representativo"
   }
  },
  {
   "type": "Feature",
   "geometry": {
    "type": "Point",
    "coordinates": [
     -0.07766,
     38.57314
    ]
   },
   "properties": {
    "id_tecnico": "1c54b74e-454e-4ce0-b188-72069b73df23",
    "categoria": "infraestructuras",
    "tipo": "alojamiento",
    "nombre": "Lux Albir",
    "estado_nombre": "correcto",
    "direccion": "Calle Riu Girona",
    "lat": 38.57314,
    "lng": -0.07766,
    "utm_x": 755579.38,
    "utm_y": 4273447.69,
    "utm_huso": 30,
    "fuente": "OpenStreetMap (Overpass)",
    "licencia": "ODbL 1.0",
    "confianza": 6,
    "estado_espacial": "fuera_municipio",
    "geometria_origen": "punto_representativo"
   }
  },
  {
   "type": "Feature",
   "geometry": {
    "type": "Point",
    "coordinates": [
     -0.14708,
     38.56092
    ]
   },
   "properties": {
    "id_tecnico": "1c56fb0f-d05c-49af-bb6f-ae3378b8b53d",
    "categoria": "infraestructuras",
    "tipo": "parada_autobus",
    "nombre": "Av. Eduardo Zaplana",
    "estado_nombre": "correcto",
    "direccion": null,
    "lat": 38.56092,
    "lng": -0.14708,
    "utm_x": 749548.7,
    "utm_y": 4271901.74,
    "utm_huso": 30,
    "fuente": "OpenStreetMap (Overpass)",
    "licencia": "ODbL 1.0",
    "confianza": 23,
    "estado_espacial": "valido",
    "geometria_origen": "punto_representativo"
   }
  },
  {
   "type": "Feature",
   "geometry": {
    "type": "Point",
    "coordinates": [
     -0.10609,
     38.53821
    ]
   },
   "properties": {
    "id_tecnico": "1cd00cdd-1be4-4367-bfe1-453f607d528c",
    "categoria": "equipamientos",
    "tipo": "alimentacion",
    "nombre": "Supermarket Dicost",
    "estado_nombre": "correcto",
    "direccion": "Avinguda de L'Ametlla de Mar 26",
    "lat": 38.53821,
    "lng": -0.10609,
    "utm_x": 753213.6,
    "utm_y": 4269492.41,
    "utm_huso": 30,
    "fuente": "OpenStreetMap (Overpass)",
    "licencia": "ODbL 1.0",
    "confianza": 26,
    "estado_espacial": "valido",
    "geometria_origen": "punto_representativo"
   }
  },
  {
   "type": "Feature",
   "geometry": {
    "type": "Point",
    "coordinates": [
     -0.13413,
     38.5458
    ]
   },
   "properties": {
    "id_tecnico": "1cd5bcdc-50ee-4c4b-bfed-80695aa65aee",
    "categoria": "infraestructuras",
    "tipo": "parada_autobus",
    "nombre": "C/ Jardins, 1",
    "estado_nombre": "correcto",
    "direccion": null,
    "lat": 38.5458,
    "lng": -0.13413,
    "utm_x": 750733.6,
    "utm_y": 4270258.51,
    "utm_huso": 30,
    "fuente": "OpenStreetMap (Overpass)",
    "licencia": "ODbL 1.0",
    "confianza": 23,
    "estado_espacial": "valido",
    "geometria_origen": "punto_representativo"
   }
  },
  {
   "type": "Feature",
   "geometry": {
    "type": "Point",
    "coordinates": [
     -0.12999,
     38.53936
    ]
   },
   "properties": {
    "id_tecnico": "1d1a6ced-f450-44be-bc1e-4ffff0b8a73b",
    "categoria": "infraestructuras",
    "tipo": "alojamiento",
    "nombre": "Magic Cristal Park",
    "estado_nombre": "correcto",
    "direccion": "Avenida de Ruzafa 14",
    "lat": 38.53936,
    "lng": -0.12999,
    "utm_x": 751118.01,
    "utm_y": 4269554.93,
    "utm_huso": 30,
    "fuente": "OpenStreetMap (Overpass)",
    "licencia": "ODbL 1.0",
    "confianza": 26,
    "estado_espacial": "valido",
    "geometria_origen": "punto_representativo"
   }
  },
  {
   "type": "Feature",
   "geometry": {
    "type": "Point",
    "coordinates": [
     -0.12828,
     38.53815
    ]
   },
   "properties": {
    "id_tecnico": "1d47c231-60ad-4dd9-8891-680be74cae96",
    "categoria": "infraestructuras",
    "tipo": "parada_autobus",
    "nombre": "370 - Ayuntamiento",
    "estado_nombre": "correcto",
    "direccion": "Pl. Dr. Fleming, 3AC (Ajuntament)",
    "lat": 38.53815,
    "lng": -0.12828,
    "utm_x": 751271.83,
    "utm_y": 4269425.27,
    "utm_huso": 30,
    "fuente": "Plantilla municipal — Limpieza info (PTM Benidorm)",
    "licencia": "Uso interno del proyecto",
    "confianza": 26,
    "estado_espacial": "valido",
    "geometria_origen": "punto_representativo"
   }
  },
  {
   "type": "Feature",
   "geometry": {
    "type": "Point",
    "coordinates": [
     -0.16225,
     38.53364
    ]
   },
   "properties": {
    "id_tecnico": "1d4d0bdc-f7a6-4942-be59-60233680f0de",
    "categoria": "servicios_basicos",
    "tipo": "estacion_servicio",
    "nombre": "BP CALA BENIDORM · AVENIDA VILLAJOYOSA LA, 34",
    "estado_nombre": "correcto",
    "direccion": "AVENIDA VILLAJOYOSA LA, 34",
    "lat": 38.53364,
    "lng": -0.16225,
    "utm_x": 748314.25,
    "utm_y": 4268833,
    "utm_huso": 30,
    "fuente": "Geoportal de Gasolineras (MITECO, API REST)",
    "licencia": "Reutilización de información del sector público (Ley 37/2007), citando la fuente",
    "confianza": 29,
    "estado_espacial": "valido",
    "geometria_origen": "punto_representativo"
   }
  },
  {
   "type": "Feature",
   "geometry": {
    "type": "Point",
    "coordinates": [
     -0.1283,
     38.6086
    ]
   },
   "properties": {
    "id_tecnico": "1d801f55-38eb-44cf-adc1-24d21cef0d55",
    "categoria": "equipamientos",
    "tipo": "alimentacion",
    "nombre": "Mercadona",
    "estado_nombre": "correcto",
    "direccion": null,
    "lat": 38.6086,
    "lng": -0.1283,
    "utm_x": 751027.57,
    "utm_y": 4277244.85,
    "utm_huso": 30,
    "fuente": "OpenStreetMap (Overpass)",
    "licencia": "ODbL 1.0",
    "confianza": 3,
    "estado_espacial": "fuera_municipio",
    "geometria_origen": "punto_representativo"
   }
  },
  {
   "type": "Feature",
   "geometry": {
    "type": "Point",
    "coordinates": [
     -0.10431,
     38.53993
    ]
   },
   "properties": {
    "id_tecnico": "1e1f74cb-f397-424e-91df-4c8e864590dc",
    "categoria": "infraestructuras",
    "tipo": "parada_autobus",
    "nombre": "Av. Severo Ochoa, 2",
    "estado_nombre": "correcto",
    "direccion": null,
    "lat": 38.53993,
    "lng": -0.10431,
    "utm_x": 753363.41,
    "utm_y": 4269688.2,
    "utm_huso": 30,
    "fuente": "OpenStreetMap (Overpass)",
    "licencia": "ODbL 1.0",
    "confianza": 23,
    "estado_espacial": "valido",
    "geometria_origen": "punto_representativo"
   }
  },
  {
   "type": "Feature",
   "geometry": {
    "type": "Point",
    "coordinates": [
     -0.10007,
     38.53606
    ]
   },
   "properties": {
    "id_tecnico": "1e43c804-63d7-43a5-9a2b-e0c03ac4ad09",
    "categoria": "infraestructuras",
    "tipo": "parada_autobus",
    "nombre": "337 - Londres 20",
    "estado_nombre": "correcto",
    "direccion": "C/ Londres, 20",
    "lat": 38.53606,
    "lng": -0.10007,
    "utm_x": 753747.92,
    "utm_y": 4269270.26,
    "utm_huso": 30,
    "fuente": "Plantilla municipal — Limpieza info (PTM Benidorm)",
    "licencia": "Uso interno del proyecto",
    "confianza": 26,
    "estado_espacial": "valido",
    "geometria_origen": "punto_representativo"
   }
  },
  {
   "type": "Feature",
   "geometry": {
    "type": "Point",
    "coordinates": [
     -0.16015,
     38.555
    ]
   },
   "properties": {
    "id_tecnico": "1e4fb536-0e9a-4d6f-be1d-fcdc4ec13420",
    "categoria": "infraestructuras",
    "tipo": "parada_autobus",
    "nombre": "Av. Eduardo Zaplana",
    "estado_nombre": "correcto",
    "direccion": null,
    "lat": 38.555,
    "lng": -0.16015,
    "utm_x": 748425.38,
    "utm_y": 4271209.47,
    "utm_huso": 30,
    "fuente": "OpenStreetMap (Overpass)",
    "licencia": "ODbL 1.0",
    "confianza": 23,
    "estado_espacial": "valido",
    "geometria_origen": "punto_representativo"
   }
  },
  {
   "type": "Feature",
   "geometry": {
    "type": "Point",
    "coordinates": [
     -0.13553,
     38.54564
    ]
   },
   "properties": {
    "id_tecnico": "1f0eeed7-d61a-4800-9dcb-920d3b24e7f5",
    "categoria": "equipamientos",
    "tipo": "centro_comunitario",
    "nombre": "Centre Social José Llorca Llinares",
    "estado_nombre": "correcto",
    "direccion": null,
    "lat": 38.54564,
    "lng": -0.13553,
    "utm_x": 750611.64,
    "utm_y": 4270236.96,
    "utm_huso": 30,
    "fuente": "OpenStreetMap (Overpass)",
    "licencia": "ODbL 1.0",
    "confianza": 26,
    "estado_espacial": "valido",
    "geometria_origen": "punto_representativo"
   }
  },
  {
   "type": "Feature",
   "geometry": {
    "type": "Point",
    "coordinates": [
     -0.1652,
     38.52977
    ]
   },
   "properties": {
    "id_tecnico": "1f22ffec-5bc1-47fb-a98f-452fc6e0c9c7",
    "categoria": "equipamientos",
    "tipo": "centro_comunitario",
    "nombre": "Centro Pepita Esperanza Llinares",
    "estado_nombre": "correcto",
    "direccion": null,
    "lat": 38.52977,
    "lng": -0.1652,
    "utm_x": 748069.2,
    "utm_y": 4268395.54,
    "utm_huso": 30,
    "fuente": "OpenStreetMap (Overpass)",
    "licencia": "ODbL 1.0",
    "confianza": 26,
    "estado_espacial": "proximo_limite",
    "geometria_origen": "punto_representativo"
   }
  },
  {
   "type": "Feature",
   "geometry": {
    "type": "Point",
    "coordinates": [
     -0.09735,
     38.55009
    ]
   },
   "properties": {
    "id_tecnico": "1f290bb3-2744-4746-aba7-889b14010969",
    "categoria": "infraestructuras",
    "tipo": "parada_autobus",
    "nombre": "214 - Severo Ochoa 44",
    "estado_nombre": "correcto",
    "direccion": "Av. Severo Ochoa, 44",
    "lat": 38.55009,
    "lng": -0.09735,
    "utm_x": 753937.19,
    "utm_y": 4270834.99,
    "utm_huso": 30,
    "fuente": "Plantilla municipal — Limpieza info (PTM Benidorm)",
    "licencia": "Uso interno del proyecto",
    "confianza": 26,
    "estado_espacial": "valido",
    "geometria_origen": "punto_representativo"
   }
  },
  {
   "type": "Feature",
   "geometry": {
    "type": "Point",
    "coordinates": [
     -0.13389,
     38.5396
    ]
   },
   "properties": {
    "id_tecnico": "1f37e34d-66ba-45fc-9df3-c65937008350",
    "categoria": "infraestructuras",
    "tipo": "alojamiento",
    "nombre": "Center",
    "estado_nombre": "correcto",
    "direccion": "Calle del Apolo XI 34",
    "lat": 38.5396,
    "lng": -0.13389,
    "utm_x": 750775.88,
    "utm_y": 4269571,
    "utm_huso": 30,
    "fuente": "OpenStreetMap (Overpass)",
    "licencia": "ODbL 1.0",
    "confianza": 26,
    "estado_espacial": "valido",
    "geometria_origen": "punto_representativo"
   }
  },
  {
   "type": "Feature",
   "geometry": {
    "type": "Point",
    "coordinates": [
     -0.10444,
     38.58004
    ]
   },
   "properties": {
    "id_tecnico": "1f535007-8803-4657-af06-0d4781e0d4cd",
    "categoria": "equipamientos",
    "tipo": "alimentacion",
    "nombre": "Mendoza",
    "estado_nombre": "correcto",
    "direccion": "Avinguda del País Valencià 35",
    "lat": 38.58004,
    "lng": -0.10444,
    "utm_x": 753212.86,
    "utm_y": 4274139.89,
    "utm_huso": 30,
    "fuente": "OpenStreetMap (Overpass)",
    "licencia": "ODbL 1.0",
    "confianza": 6,
    "estado_espacial": "fuera_municipio",
    "geometria_origen": "punto_representativo"
   }
  },
  {
   "type": "Feature",
   "geometry": {
    "type": "Point",
    "coordinates": [
     -0.12889,
     38.5432
    ]
   },
   "properties": {
    "id_tecnico": "1fd40978-a8d5-4662-b7df-74316e22acdb",
    "categoria": "equipamientos",
    "tipo": "centro_salud",
    "nombre": "Policlínica Benidorm",
    "estado_nombre": "correcto",
    "direccion": null,
    "lat": 38.5432,
    "lng": -0.12889,
    "utm_x": 751201.07,
    "utm_y": 4269984.14,
    "utm_huso": 30,
    "fuente": "OpenStreetMap (Overpass)",
    "licencia": "ODbL 1.0",
    "confianza": 23,
    "estado_espacial": "valido",
    "geometria_origen": "punto_representativo"
   }
  },
  {
   "type": "Feature",
   "geometry": {
    "type": "Point",
    "coordinates": [
     -0.09155,
     38.54445
    ]
   },
   "properties": {
    "id_tecnico": "20567bd2-2e6c-405e-ae03-c9e6012ac6b0",
    "categoria": "infraestructuras",
    "tipo": "parada_autobus",
    "nombre": "C/ Romania, 26 (Ciudad Patricia)",
    "estado_nombre": "correcto",
    "direccion": null,
    "lat": 38.54445,
    "lng": -0.09155,
    "utm_x": 754464.35,
    "utm_y": 4270224.91,
    "utm_huso": 30,
    "fuente": "OpenStreetMap (Overpass)",
    "licencia": "ODbL 1.0",
    "confianza": 23,
    "estado_espacial": "valido",
    "geometria_origen": "punto_representativo"
   }
  },
  {
   "type": "Feature",
   "geometry": {
    "type": "Point",
    "coordinates": [
     -0.10675,
     38.53206
    ]
   },
   "properties": {
    "id_tecnico": "207138c8-0201-4100-9266-d5a9e7928191",
    "categoria": "equipamientos",
    "tipo": "alimentacion",
    "nombre": "Supermercado Halcón",
    "estado_nombre": "correcto",
    "direccion": null,
    "lat": 38.53206,
    "lng": -0.10675,
    "utm_x": 753177.15,
    "utm_y": 4268807.99,
    "utm_huso": 30,
    "fuente": "OpenStreetMap (Overpass)",
    "licencia": "ODbL 1.0",
    "confianza": 23,
    "estado_espacial": "proximo_limite",
    "geometria_origen": "punto_representativo"
   }
  },
  {
   "type": "Feature",
   "geometry": {
    "type": "Point",
    "coordinates": [
     -0.1128,
     38.5493
    ]
   },
   "properties": {
    "id_tecnico": "20b134ce-bc7c-4be5-bb6f-2ff0e92c27a2",
    "categoria": "infraestructuras",
    "tipo": "parada_autobus",
    "nombre": "357 - C. Armanello",
    "estado_nombre": "correcto",
    "direccion": "Av. Comunitat Valenciana, km 123.1 (Camí de l'A",
    "lat": 38.5493,
    "lng": -0.1128,
    "utm_x": 752588.01,
    "utm_y": 4270705.02,
    "utm_huso": 30,
    "fuente": "Plantilla municipal — Limpieza info (PTM Benidorm)",
    "licencia": "Uso interno del proyecto",
    "confianza": 26,
    "estado_espacial": "valido",
    "geometria_origen": "punto_representativo"
   }
  },
  {
   "type": "Feature",
   "geometry": {
    "type": "Point",
    "coordinates": [
     -0.11293,
     38.53646
    ]
   },
   "properties": {
    "id_tecnico": "20b9b5e2-52b0-496e-8a4b-a1fe72a6f686",
    "categoria": "equipamientos",
    "tipo": "alimentacion",
    "nombre": "alimentacion node/7973343590",
    "estado_nombre": "correcto",
    "direccion": "Avinguda de Almería",
    "lat": 38.53646,
    "lng": -0.11293,
    "utm_x": 752621.04,
    "utm_y": 4269279.48,
    "utm_huso": 30,
    "fuente": "OpenStreetMap (Overpass)",
    "licencia": "ODbL 1.0",
    "confianza": 26,
    "estado_espacial": "proximo_limite",
    "geometria_origen": "punto_representativo"
   }
  },
  {
   "type": "Feature",
   "geometry": {
    "type": "Point",
    "coordinates": [
     -0.12201,
     38.54248
    ]
   },
   "properties": {
    "id_tecnico": "20ff1b4d-58e8-48d4-925e-ab5cd956c468",
    "categoria": "infraestructuras",
    "tipo": "parada_autobus",
    "nombre": "Av. Comunitat Valenciana, 5",
    "estado_nombre": "correcto",
    "direccion": null,
    "lat": 38.54248,
    "lng": -0.12201,
    "utm_x": 751805.62,
    "utm_y": 4269922.92,
    "utm_huso": 30,
    "fuente": "OpenStreetMap (Overpass)",
    "licencia": "ODbL 1.0",
    "confianza": 23,
    "estado_espacial": "valido",
    "geometria_origen": "punto_representativo"
   }
  },
  {
   "type": "Feature",
   "geometry": {
    "type": "Point",
    "coordinates": [
     -0.09735,
     38.55009
    ]
   },
   "properties": {
    "id_tecnico": "210602ea-d588-4425-b468-efc139ed0998",
    "categoria": "infraestructuras",
    "tipo": "parada_autobus",
    "nombre": "Av. Severo Ochoa, 44",
    "estado_nombre": "correcto",
    "direccion": null,
    "lat": 38.55009,
    "lng": -0.09735,
    "utm_x": 753937.19,
    "utm_y": 4270834.99,
    "utm_huso": 30,
    "fuente": "OpenStreetMap (Overpass)",
    "licencia": "ODbL 1.0",
    "confianza": 23,
    "estado_espacial": "valido",
    "geometria_origen": "punto_representativo"
   }
  },
  {
   "type": "Feature",
   "geometry": {
    "type": "Point",
    "coordinates": [
     -0.10137,
     38.55767
    ]
   },
   "properties": {
    "id_tecnico": "2107a5c0-a50d-4700-9d78-4622141adf0c",
    "categoria": "equipamientos",
    "tipo": "alimentacion",
    "nombre": "alimentacion way/1025806731",
    "estado_nombre": "correcto",
    "direccion": null,
    "lat": 38.55767,
    "lng": -0.10137,
    "utm_x": 753559.1,
    "utm_y": 4271665.32,
    "utm_huso": 30,
    "fuente": "OpenStreetMap (Overpass)",
    "licencia": "ODbL 1.0",
    "confianza": 23,
    "estado_espacial": "valido",
    "geometria_origen": "punto_representativo"
   }
  },
  {
   "type": "Feature",
   "geometry": {
    "type": "Point",
    "coordinates": [
     -0.10084,
     38.53556
    ]
   },
   "properties": {
    "id_tecnico": "2168d135-d271-4b3b-98bf-76c818db99ce",
    "categoria": "infraestructuras",
    "tipo": "parada_autobus",
    "nombre": "267 - H. Palm Beach",
    "estado_nombre": "correcto",
    "direccion": "C/ Oslo",
    "lat": 38.53556,
    "lng": -0.10084,
    "utm_x": 753682.26,
    "utm_y": 4269212.65,
    "utm_huso": 30,
    "fuente": "Plantilla municipal — Limpieza info (PTM Benidorm)",
    "licencia": "Uso interno del proyecto",
    "confianza": 26,
    "estado_espacial": "valido",
    "geometria_origen": "punto_representativo"
   }
  },
  {
   "type": "Feature",
   "geometry": {
    "type": "Point",
    "coordinates": [
     -0.12818,
     38.53832
    ]
   },
   "properties": {
    "id_tecnico": "216a98b3-8231-4576-933b-aae209e71ed2",
    "categoria": "equipamientos",
    "tipo": "biblioteca",
    "nombre": "Biblioteca Pública Municipal Central Benidorm",
    "estado_nombre": "correcto",
    "direccion": null,
    "lat": 38.53832,
    "lng": -0.12818,
    "utm_x": 751279.99,
    "utm_y": 4269444.41,
    "utm_huso": 30,
    "fuente": "OpenStreetMap (Overpass)",
    "licencia": "ODbL 1.0",
    "confianza": 23,
    "estado_espacial": "valido",
    "geometria_origen": "punto_representativo"
   }
  },
  {
   "type": "Feature",
   "geometry": {
    "type": "Point",
    "coordinates": [
     -0.12669,
     38.53901
    ]
   },
   "properties": {
    "id_tecnico": "21bdfe76-a463-4cee-94d4-c69648690c18",
    "categoria": "infraestructuras",
    "tipo": "alojamiento",
    "nombre": "Hotel RH Royal",
    "estado_nombre": "correcto",
    "direccion": null,
    "lat": 38.53901,
    "lng": -0.12669,
    "utm_x": 751408.02,
    "utm_y": 4269525.05,
    "utm_huso": 30,
    "fuente": "OpenStreetMap (Overpass)",
    "licencia": "ODbL 1.0",
    "confianza": 23,
    "estado_espacial": "valido",
    "geometria_origen": "punto_representativo"
   }
  },
  {
   "type": "Feature",
   "geometry": {
    "type": "Point",
    "coordinates": [
     -0.13267,
     38.53914
    ]
   },
   "properties": {
    "id_tecnico": "21bef304-f3ec-484b-b35d-4b903463dc9c",
    "categoria": "infraestructuras",
    "tipo": "parada_autobus",
    "nombre": "Av. Ametlers, 21",
    "estado_nombre": "correcto",
    "direccion": null,
    "lat": 38.53914,
    "lng": -0.13267,
    "utm_x": 750884.23,
    "utm_y": 4269523.25,
    "utm_huso": 30,
    "fuente": "OpenStreetMap (Overpass)",
    "licencia": "ODbL 1.0",
    "confianza": 23,
    "estado_espacial": "valido",
    "geometria_origen": "punto_representativo"
   }
  },
  {
   "type": "Feature",
   "geometry": {
    "type": "Point",
    "coordinates": [
     -0.12938,
     38.53643
    ]
   },
   "properties": {
    "id_tecnico": "21c832eb-4e46-412c-b7d0-1d56229c63fe",
    "categoria": "infraestructuras",
    "tipo": "alojamiento",
    "nombre": "Hotel Olympia",
    "estado_nombre": "correcto",
    "direccion": "Carrer de l'Alt 2",
    "lat": 38.53643,
    "lng": -0.12938,
    "utm_x": 751181.47,
    "utm_y": 4269231.37,
    "utm_huso": 30,
    "fuente": "OpenStreetMap (Overpass)",
    "licencia": "ODbL 1.0",
    "confianza": 26,
    "estado_espacial": "proximo_limite",
    "geometria_origen": "punto_representativo"
   }
  },
  {
   "type": "Feature",
   "geometry": {
    "type": "Point",
    "coordinates": [
     -0.11947,
     38.53705
    ]
   },
   "properties": {
    "id_tecnico": "2211c1db-344a-4142-938c-c5df2a19821f",
    "categoria": "equipamientos",
    "tipo": "alimentacion",
    "nombre": "Alsuper",
    "estado_nombre": "correcto",
    "direccion": "Avenida del Mediterráneo - Avinguda del Mediterranio",
    "lat": 38.53705,
    "lng": -0.11947,
    "utm_x": 752046.64,
    "utm_y": 4269327.13,
    "utm_huso": 30,
    "fuente": "OpenStreetMap (Overpass)",
    "licencia": "ODbL 1.0",
    "confianza": 26,
    "estado_espacial": "proximo_limite",
    "geometria_origen": "punto_representativo"
   }
  },
  {
   "type": "Feature",
   "geometry": {
    "type": "Point",
    "coordinates": [
     -0.13061,
     38.57782
    ]
   },
   "properties": {
    "id_tecnico": "22149112-f7dc-4cd7-aab6-67f42dda26f1",
    "categoria": "equipamientos",
    "tipo": "alimentacion",
    "nombre": "Mercadona",
    "estado_nombre": "correcto",
    "direccion": null,
    "lat": 38.57782,
    "lng": -0.13061,
    "utm_x": 750931.52,
    "utm_y": 4273822.13,
    "utm_huso": 30,
    "fuente": "OpenStreetMap (Overpass)",
    "licencia": "ODbL 1.0",
    "confianza": 3,
    "estado_espacial": "fuera_municipio",
    "geometria_origen": "punto_representativo"
   }
  },
  {
   "type": "Feature",
   "geometry": {
    "type": "Point",
    "coordinates": [
     -0.10478,
     38.54417
    ]
   },
   "properties": {
    "id_tecnico": "22535b2b-5327-4b45-b80b-813be484b2d7",
    "categoria": "equipamientos",
    "tipo": "colegio",
    "nombre": "Lope de Vega International School",
    "estado_nombre": "correcto",
    "direccion": null,
    "lat": 38.54417,
    "lng": -0.10478,
    "utm_x": 753307.58,
    "utm_y": 4270157.53,
    "utm_huso": 30,
    "fuente": "OpenStreetMap (Overpass)",
    "licencia": "ODbL 1.0",
    "confianza": 26,
    "estado_espacial": "valido",
    "geometria_origen": "punto_representativo"
   }
  },
  {
   "type": "Feature",
   "geometry": {
    "type": "Point",
    "coordinates": [
     -0.12425,
     38.53813
    ]
   },
   "properties": {
    "id_tecnico": "22a4ded6-1c2b-4a67-bc02-1c0a039e985d",
    "categoria": "equipamientos",
    "tipo": "alimentacion",
    "nombre": "alimentacion node/8869455896",
    "estado_nombre": "correcto",
    "direccion": "Carrer de Girona - Calle de Gerona",
    "lat": 38.53813,
    "lng": -0.12425,
    "utm_x": 751624.58,
    "utm_y": 4269434,
    "utm_huso": 30,
    "fuente": "OpenStreetMap (Overpass)",
    "licencia": "ODbL 1.0",
    "confianza": 26,
    "estado_espacial": "valido",
    "geometria_origen": "punto_representativo"
   }
  },
  {
   "type": "Feature",
   "geometry": {
    "type": "Point",
    "coordinates": [
     -0.12853,
     38.53528
    ]
   },
   "properties": {
    "id_tecnico": "22b801f8-1b69-4257-b597-c4ba34c4e5d0",
    "categoria": "equipamientos",
    "tipo": "alimentacion",
    "nombre": "alimentacion node/6681841328",
    "estado_nombre": "correcto",
    "direccion": "Avinguda de la Mare de Déu del Sofratge",
    "lat": 38.53528,
    "lng": -0.12853,
    "utm_x": 751259.82,
    "utm_y": 4269106.04,
    "utm_huso": 30,
    "fuente": "OpenStreetMap (Overpass)",
    "licencia": "ODbL 1.0",
    "confianza": 26,
    "estado_espacial": "proximo_limite",
    "geometria_origen": "punto_representativo"
   }
  },
  {
   "type": "Feature",
   "geometry": {
    "type": "Point",
    "coordinates": [
     -0.14205,
     38.54365
    ]
   },
   "properties": {
    "id_tecnico": "2320938b-d508-45f0-9604-52e27ee20bb9",
    "categoria": "infraestructuras",
    "tipo": "parada_autobus",
    "nombre": "Av. Nicaragua, 44 (Aparthotel Terralta)",
    "estado_nombre": "correcto",
    "direccion": null,
    "lat": 38.54365,
    "lng": -0.14205,
    "utm_x": 750047.9,
    "utm_y": 4269998.44,
    "utm_huso": 30,
    "fuente": "OpenStreetMap (Overpass)",
    "licencia": "ODbL 1.0",
    "confianza": 23,
    "estado_espacial": "valido",
    "geometria_origen": "punto_representativo"
   }
  },
  {
   "type": "Feature",
   "geometry": {
    "type": "Point",
    "coordinates": [
     -0.13255,
     38.53748
    ]
   },
   "properties": {
    "id_tecnico": "235e2550-117d-4ce4-a9fb-c4eeeb156d65",
    "categoria": "equipamientos",
    "tipo": "alimentacion",
    "nombre": "alimentacion node/12672607213",
    "estado_nombre": "correcto",
    "direccion": "Av. de los Almendros 5",
    "lat": 38.53748,
    "lng": -0.13255,
    "utm_x": 750900.43,
    "utm_y": 4269339.32,
    "utm_huso": 30,
    "fuente": "OpenStreetMap (Overpass)",
    "licencia": "ODbL 1.0",
    "confianza": 26,
    "estado_espacial": "proximo_limite",
    "geometria_origen": "punto_representativo"
   }
  },
  {
   "type": "Feature",
   "geometry": {
    "type": "Point",
    "coordinates": [
     -0.16816,
     38.55482
    ]
   },
   "properties": {
    "id_tecnico": "238265a3-c378-436a-9674-850bfe0d2987",
    "categoria": "infraestructuras",
    "tipo": "parada_autobus",
    "nombre": "97 - Zaplana V",
    "estado_nombre": "correcto",
    "direccion": "Av. Eduardo Zaplana",
    "lat": 38.55482,
    "lng": -0.16816,
    "utm_x": 747725.15,
    "utm_y": 4271168.02,
    "utm_huso": 30,
    "fuente": "Plantilla municipal — Limpieza info (PTM Benidorm)",
    "licencia": "Uso interno del proyecto",
    "confianza": 26,
    "estado_espacial": "valido",
    "geometria_origen": "punto_representativo"
   }
  },
  {
   "type": "Feature",
   "geometry": {
    "type": "Point",
    "coordinates": [
     -0.13324,
     38.54588
    ]
   },
   "properties": {
    "id_tecnico": "2415e0d0-763e-44f7-ad36-adcecab8745b",
    "categoria": "equipamientos",
    "tipo": "farmacia",
    "nombre": "farmacia node/4736314626",
    "estado_nombre": "correcto",
    "direccion": "Avinguda de Beniardà",
    "lat": 38.54588,
    "lng": -0.13324,
    "utm_x": 750811.2,
    "utm_y": 4270269.81,
    "utm_huso": 30,
    "fuente": "OpenStreetMap (Overpass)",
    "licencia": "ODbL 1.0",
    "confianza": 26,
    "estado_espacial": "valido",
    "geometria_origen": "punto_representativo"
   }
  },
  {
   "type": "Feature",
   "geometry": {
    "type": "Point",
    "coordinates": [
     -0.12813,
     38.54148
    ]
   },
   "properties": {
    "id_tecnico": "241f03a3-d6a5-4b2d-bb8c-968695e3e524",
    "categoria": "equipamientos",
    "tipo": "alimentacion",
    "nombre": "Mercadona",
    "estado_nombre": "correcto",
    "direccion": null,
    "lat": 38.54148,
    "lng": -0.12813,
    "utm_x": 751273.5,
    "utm_y": 4269795.29,
    "utm_huso": 30,
    "fuente": "OpenStreetMap (Overpass)",
    "licencia": "ODbL 1.0",
    "confianza": 26,
    "estado_espacial": "valido",
    "geometria_origen": "punto_representativo"
   }
  },
  {
   "type": "Feature",
   "geometry": {
    "type": "Point",
    "coordinates": [
     -0.11624,
     38.53892
    ]
   },
   "properties": {
    "id_tecnico": "24332a80-cb06-4683-9bc2-3de71f3be90b",
    "categoria": "infraestructuras",
    "tipo": "alojamiento",
    "nombre": "Hotel Orange",
    "estado_nombre": "correcto",
    "direccion": null,
    "lat": 38.53892,
    "lng": -0.11624,
    "utm_x": 752322.86,
    "utm_y": 4269543.5,
    "utm_huso": 30,
    "fuente": "OpenStreetMap (Overpass)",
    "licencia": "ODbL 1.0",
    "confianza": 26,
    "estado_espacial": "valido",
    "geometria_origen": "punto_representativo"
   }
  },
  {
   "type": "Feature",
   "geometry": {
    "type": "Point",
    "coordinates": [
     -0.10539,
     38.58136
    ]
   },
   "properties": {
    "id_tecnico": "244fe43e-e32a-4635-b9c8-7e4d1a58dd67",
    "categoria": "servicios_basicos",
    "tipo": "estacion_servicio",
    "nombre": "Repsol",
    "estado_nombre": "correcto",
    "direccion": "CL AVDA. DEL PAIS VALENCIANO S.N.",
    "lat": 38.58136,
    "lng": -0.10539,
    "utm_x": 753125.19,
    "utm_y": 4274283.8,
    "utm_huso": 30,
    "fuente": "OpenStreetMap (Overpass)",
    "licencia": "ODbL 1.0",
    "confianza": 12,
    "estado_espacial": "fuera_municipio",
    "geometria_origen": "punto_representativo"
   }
  },
  {
   "type": "Feature",
   "geometry": {
    "type": "Point",
    "coordinates": [
     -0.17327,
     38.53949
    ]
   },
   "properties": {
    "id_tecnico": "24d992b8-58ee-48dc-b81f-78182c5c3dd9",
    "categoria": "equipamientos",
    "tipo": "alimentacion",
    "nombre": "Ecorganic",
    "estado_nombre": "correcto",
    "direccion": null,
    "lat": 38.53949,
    "lng": -0.17327,
    "utm_x": 747329.96,
    "utm_y": 4269452.8,
    "utm_huso": 30,
    "fuente": "OpenStreetMap (Overpass)",
    "licencia": "ODbL 1.0",
    "confianza": 3,
    "estado_espacial": "fuera_municipio",
    "geometria_origen": "punto_representativo"
   }
  },
  {
   "type": "Feature",
   "geometry": {
    "type": "Point",
    "coordinates": [
     -0.12913,
     38.53669
    ]
   },
   "properties": {
    "id_tecnico": "252433f6-f572-416a-bb85-0870d295823f",
    "categoria": "infraestructuras",
    "tipo": "alojamiento",
    "nombre": "2Sleep Apartments",
    "estado_nombre": "correcto",
    "direccion": "Avinguda de Martínez Alejos 2",
    "lat": 38.53669,
    "lng": -0.12913,
    "utm_x": 751202.46,
    "utm_y": 4269260.91,
    "utm_huso": 30,
    "fuente": "OpenStreetMap (Overpass)",
    "licencia": "ODbL 1.0",
    "confianza": 26,
    "estado_espacial": "proximo_limite",
    "geometria_origen": "punto_representativo"
   }
  },
  {
   "type": "Feature",
   "geometry": {
    "type": "Point",
    "coordinates": [
     -0.13271,
     38.53676
    ]
   },
   "properties": {
    "id_tecnico": "2529a6a8-9925-4fb0-a905-78991c681484",
    "categoria": "infraestructuras",
    "tipo": "alojamiento",
    "nombre": "Hotel Tanit",
    "estado_nombre": "correcto",
    "direccion": "Carrer dels Ametlers - Avenida de los Almendros 1",
    "lat": 38.53676,
    "lng": -0.13271,
    "utm_x": 750888.9,
    "utm_y": 4269258.97,
    "utm_huso": 30,
    "fuente": "OpenStreetMap (Overpass)",
    "licencia": "ODbL 1.0",
    "confianza": 26,
    "estado_espacial": "proximo_limite",
    "geometria_origen": "punto_representativo"
   }
  },
  {
   "type": "Feature",
   "geometry": {
    "type": "Point",
    "coordinates": [
     -0.11491,
     38.53642
    ]
   },
   "properties": {
    "id_tecnico": "258cae6a-53d9-4764-8ab5-d691dd463050",
    "categoria": "infraestructuras",
    "tipo": "parada_autobus",
    "nombre": "Av. Mediterráneo, 35",
    "estado_nombre": "correcto",
    "direccion": null,
    "lat": 38.53642,
    "lng": -0.11491,
    "utm_x": 752447.89,
    "utm_y": 4269269.64,
    "utm_huso": 30,
    "fuente": "OpenStreetMap (Overpass)",
    "licencia": "ODbL 1.0",
    "confianza": 23,
    "estado_espacial": "proximo_limite",
    "geometria_origen": "punto_representativo"
   }
  },
  {
   "type": "Feature",
   "geometry": {
    "type": "Point",
    "coordinates": [
     -0.14237,
     38.54038
    ]
   },
   "properties": {
    "id_tecnico": "258e7988-af48-4924-8e13-74edf6feff38",
    "categoria": "infraestructuras",
    "tipo": "parada_autobus",
    "nombre": "99 - Cuba 9",
    "estado_nombre": "correcto",
    "direccion": "Av. Cuba, 9",
    "lat": 38.54038,
    "lng": -0.14237,
    "utm_x": 750031.1,
    "utm_y": 4269634.63,
    "utm_huso": 30,
    "fuente": "Plantilla municipal — Limpieza info (PTM Benidorm)",
    "licencia": "Uso interno del proyecto",
    "confianza": 26,
    "estado_espacial": "valido",
    "geometria_origen": "punto_representativo"
   }
  },
  {
   "type": "Feature",
   "geometry": {
    "type": "Point",
    "coordinates": [
     -0.1245,
     38.58964
    ]
   },
   "properties": {
    "id_tecnico": "25a5339a-b175-4af1-8655-aa024fcf1ff5",
    "categoria": "servicios_basicos",
    "tipo": "estacion_servicio",
    "nombre": "BP",
    "estado_nombre": "correcto",
    "direccion": "CARRETERA CV-70 PARTIDA FOIA COMP KM 5.3",
    "lat": 38.58964,
    "lng": -0.1245,
    "utm_x": 751425.2,
    "utm_y": 4275150.7,
    "utm_huso": 30,
    "fuente": "OpenStreetMap (Overpass)",
    "licencia": "ODbL 1.0",
    "confianza": 12,
    "estado_espacial": "fuera_municipio",
    "geometria_origen": "punto_representativo"
   }
  },
  {
   "type": "Feature",
   "geometry": {
    "type": "Point",
    "coordinates": [
     -0.13656,
     38.54751
    ]
   },
   "properties": {
    "id_tecnico": "25ac89f1-bdc9-43f6-bf01-17e21866290c",
    "categoria": "equipamientos",
    "tipo": "colegio",
    "nombre": "Col·legi d'Educació Infantil i Primària Vasco Núñez de Balboa",
    "estado_nombre": "correcto",
    "direccion": null,
    "lat": 38.54751,
    "lng": -0.13656,
    "utm_x": 750515.09,
    "utm_y": 4270441.73,
    "utm_huso": 30,
    "fuente": "OpenStreetMap (Overpass)",
    "licencia": "ODbL 1.0",
    "confianza": 26,
    "estado_espacial": "valido",
    "geometria_origen": "punto_representativo"
   }
  },
  {
   "type": "Feature",
   "geometry": {
    "type": "Point",
    "coordinates": [
     -0.1004,
     38.57629
    ]
   },
   "properties": {
    "id_tecnico": "25edc9d9-7fef-4a2e-8289-1110f87e0834",
    "categoria": "equipamientos",
    "tipo": "farmacia",
    "nombre": "Miguel Ángel Criado Fuster",
    "estado_nombre": "correcto",
    "direccion": "Carrer La Ferreria 19",
    "lat": 38.57629,
    "lng": -0.1004,
    "utm_x": 753579.26,
    "utm_y": 4273734.72,
    "utm_huso": 30,
    "fuente": "OpenStreetMap (Overpass)",
    "licencia": "ODbL 1.0",
    "confianza": 9,
    "estado_espacial": "fuera_municipio",
    "geometria_origen": "punto_representativo"
   }
  },
  {
   "type": "Feature",
   "geometry": {
    "type": "Point",
    "coordinates": [
     -0.15272,
     38.54485
    ]
   },
   "properties": {
    "id_tecnico": "263ac09d-4632-4b02-8fd9-ca140b4e91f5",
    "categoria": "infraestructuras",
    "tipo": "parada_autobus",
    "nombre": "377 - Ed. Sol Poniente",
    "estado_nombre": "correcto",
    "direccion": "C/ Adolfo Suárez, 22",
    "lat": 38.54485,
    "lng": -0.15272,
    "utm_x": 749110.09,
    "utm_y": 4270102.86,
    "utm_huso": 30,
    "fuente": "Plantilla municipal — Limpieza info (PTM Benidorm)",
    "licencia": "Uso interno del proyecto",
    "confianza": 26,
    "estado_espacial": "valido",
    "geometria_origen": "punto_representativo"
   }
  },
  {
   "type": "Feature",
   "geometry": {
    "type": "Point",
    "coordinates": [
     -0.16281,
     38.5326
    ]
   },
   "properties": {
    "id_tecnico": "267b7494-a338-428f-8ab0-39826197b318",
    "categoria": "infraestructuras",
    "tipo": "parada_autobus",
    "nombre": "Av. Mont-Benidorm, 1",
    "estado_nombre": "correcto",
    "direccion": null,
    "lat": 38.5326,
    "lng": -0.16281,
    "utm_x": 748268.77,
    "utm_y": 4268716.06,
    "utm_huso": 30,
    "fuente": "OpenStreetMap (Overpass)",
    "licencia": "ODbL 1.0",
    "confianza": 23,
    "estado_espacial": "valido",
    "geometria_origen": "punto_representativo"
   }
  },
  {
   "type": "Feature",
   "geometry": {
    "type": "Point",
    "coordinates": [
     -0.12499,
     38.5495
    ]
   },
   "properties": {
    "id_tecnico": "267bd03a-741e-4638-9351-c38909571d0e",
    "categoria": "infraestructuras",
    "tipo": "parada_autobus",
    "nombre": "Estació d'Autobusos de Benidorm / Estación de Autobuses de Benidorm",
    "estado_nombre": "correcto",
    "direccion": null,
    "lat": 38.5495,
    "lng": -0.12499,
    "utm_x": 751520.66,
    "utm_y": 4270694,
    "utm_huso": 30,
    "fuente": "OpenStreetMap (Overpass)",
    "licencia": "ODbL 1.0",
    "confianza": 23,
    "estado_espacial": "valido",
    "geometria_origen": "punto_representativo"
   }
  },
  {
   "type": "Feature",
   "geometry": {
    "type": "Point",
    "coordinates": [
     -0.09506,
     38.5454
    ]
   },
   "properties": {
    "id_tecnico": "26eab8d2-2e2a-450b-ad8c-c648c365d14a",
    "categoria": "infraestructuras",
    "tipo": "parada_autobus",
    "nombre": "271 - Malta 12",
    "estado_nombre": "correcto",
    "direccion": "C/ Malta, 12",
    "lat": 38.5454,
    "lng": -0.09506,
    "utm_x": 754153.89,
    "utm_y": 4270320.71,
    "utm_huso": 30,
    "fuente": "Plantilla municipal — Limpieza info (PTM Benidorm)",
    "licencia": "Uso interno del proyecto",
    "confianza": 26,
    "estado_espacial": "valido",
    "geometria_origen": "punto_representativo"
   }
  },
  {
   "type": "Feature",
   "geometry": {
    "type": "Point",
    "coordinates": [
     -0.13089,
     38.54169
    ]
   },
   "properties": {
    "id_tecnico": "27143107-73c9-4c15-a996-957d3c77e034",
    "categoria": "infraestructuras",
    "tipo": "parada_autobus",
    "nombre": "Av. l'Aigüera, front 5",
    "estado_nombre": "correcto",
    "direccion": null,
    "lat": 38.54169,
    "lng": -0.13089,
    "utm_x": 751031.24,
    "utm_y": 4269811.11,
    "utm_huso": 30,
    "fuente": "OpenStreetMap (Overpass)",
    "licencia": "ODbL 1.0",
    "confianza": 23,
    "estado_espacial": "valido",
    "geometria_origen": "punto_representativo"
   }
  },
  {
   "type": "Feature",
   "geometry": {
    "type": "Point",
    "coordinates": [
     -0.15105,
     38.54035
    ]
   },
   "properties": {
    "id_tecnico": "272eaac8-538e-490d-b61e-be13317424d3",
    "categoria": "infraestructuras",
    "tipo": "parada_autobus",
    "nombre": "Av. Vicente Pérez Devesa, 8 (Institut)",
    "estado_nombre": "correcto",
    "direccion": null,
    "lat": 38.54035,
    "lng": -0.15105,
    "utm_x": 749271.59,
    "utm_y": 4269607.88,
    "utm_huso": 30,
    "fuente": "OpenStreetMap (Overpass)",
    "licencia": "ODbL 1.0",
    "confianza": 23,
    "estado_espacial": "valido",
    "geometria_origen": "punto_representativo"
   }
  },
  {
   "type": "Feature",
   "geometry": {
    "type": "Point",
    "coordinates": [
     -0.12903,
     38.54376
    ]
   },
   "properties": {
    "id_tecnico": "27653d1b-2326-4f07-99a1-d674a7283892",
    "categoria": "equipamientos",
    "tipo": "alimentacion",
    "nombre": "Economy Cash",
    "estado_nombre": "correcto",
    "direccion": "Avenida de Alfonso Puchades",
    "lat": 38.54376,
    "lng": -0.12903,
    "utm_x": 751186.9,
    "utm_y": 4270045.92,
    "utm_huso": 30,
    "fuente": "OpenStreetMap (Overpass)",
    "licencia": "ODbL 1.0",
    "confianza": 26,
    "estado_espacial": "valido",
    "geometria_origen": "punto_representativo"
   }
  },
  {
   "type": "Feature",
   "geometry": {
    "type": "Point",
    "coordinates": [
     -0.10044,
     38.54059
    ]
   },
   "properties": {
    "id_tecnico": "2781a606-ce18-42f2-b97c-6611de0a0486",
    "categoria": "infraestructuras",
    "tipo": "parada_autobus",
    "nombre": "Av. Montecarlo, 36",
    "estado_nombre": "correcto",
    "direccion": null,
    "lat": 38.54059,
    "lng": -0.10044,
    "utm_x": 753699.8,
    "utm_y": 4269772.06,
    "utm_huso": 30,
    "fuente": "OpenStreetMap (Overpass)",
    "licencia": "ODbL 1.0",
    "confianza": 23,
    "estado_espacial": "valido",
    "geometria_origen": "punto_representativo"
   }
  },
  {
   "type": "Feature",
   "geometry": {
    "type": "Point",
    "coordinates": [
     -0.12108,
     38.5558
    ]
   },
   "properties": {
    "id_tecnico": "279a545e-0e9b-4240-bbd4-11c37a2e030c",
    "categoria": "equipamientos",
    "tipo": "colegio",
    "nombre": "Institut d'Educació Secundària Bernat de Sarrià",
    "estado_nombre": "correcto",
    "direccion": null,
    "lat": 38.5558,
    "lng": -0.12108,
    "utm_x": 751841.07,
    "utm_y": 4271403.91,
    "utm_huso": 30,
    "fuente": "OpenStreetMap (Overpass)",
    "licencia": "ODbL 1.0",
    "confianza": 26,
    "estado_espacial": "valido",
    "geometria_origen": "punto_representativo"
   }
  },
  {
   "type": "Feature",
   "geometry": {
    "type": "Point",
    "coordinates": [
     -0.15786,
     38.53664
    ]
   },
   "properties": {
    "id_tecnico": "27d3c8ce-1777-4f3e-aa01-c45bac6c8774",
    "categoria": "infraestructuras",
    "tipo": "parada_autobus",
    "nombre": "109 - Murtal 3",
    "estado_nombre": "correcto",
    "direccion": "Av. Murtal 3",
    "lat": 38.53664,
    "lng": -0.15786,
    "utm_x": 748688.25,
    "utm_y": 4269177.77,
    "utm_huso": 30,
    "fuente": "Plantilla municipal — Limpieza info (PTM Benidorm)",
    "licencia": "Uso interno del proyecto",
    "confianza": 26,
    "estado_espacial": "valido",
    "geometria_origen": "punto_representativo"
   }
  },
  {
   "type": "Feature",
   "geometry": {
    "type": "Point",
    "coordinates": [
     -0.09842,
     38.56032
    ]
   },
   "properties": {
    "id_tecnico": "28502778-cedf-4d2b-8c85-dbbb266a61e2",
    "categoria": "infraestructuras",
    "tipo": "parada_autobus",
    "nombre": "Ctra. N-332, km 128 (Restaurant El Cisne)",
    "estado_nombre": "correcto",
    "direccion": null,
    "lat": 38.56032,
    "lng": -0.09842,
    "utm_x": 753807.99,
    "utm_y": 4271967.55,
    "utm_huso": 30,
    "fuente": "OpenStreetMap (Overpass)",
    "licencia": "ODbL 1.0",
    "confianza": 23,
    "estado_espacial": "valido",
    "geometria_origen": "punto_representativo"
   }
  },
  {
   "type": "Feature",
   "geometry": {
    "type": "Point",
    "coordinates": [
     -0.12095,
     38.54705
    ]
   },
   "properties": {
    "id_tecnico": "28a49ecb-37cd-4384-91f6-94f53522d3eb",
    "categoria": "infraestructuras",
    "tipo": "parada_autobus",
    "nombre": "26",
    "estado_nombre": "por_revisar",
    "direccion": null,
    "lat": 38.54705,
    "lng": -0.12095,
    "utm_x": 751882.62,
    "utm_y": 4270433.06,
    "utm_huso": 30,
    "fuente": "OpenStreetMap (Overpass)",
    "licencia": "ODbL 1.0",
    "confianza": 23,
    "estado_espacial": "valido",
    "geometria_origen": "punto_representativo"
   }
  },
  {
   "type": "Feature",
   "geometry": {
    "type": "Point",
    "coordinates": [
     -0.10428,
     38.54446
    ]
   },
   "properties": {
    "id_tecnico": "28b1a57a-536e-4e9c-b573-5ecad0afe8fa",
    "categoria": "infraestructuras",
    "tipo": "camping",
    "nombre": "Camping La Torreta",
    "estado_nombre": "correcto",
    "direccion": null,
    "lat": 38.54446,
    "lng": -0.10428,
    "utm_x": 753350.33,
    "utm_y": 4270191.09,
    "utm_huso": 30,
    "fuente": "OpenStreetMap (Overpass)",
    "licencia": "ODbL 1.0",
    "confianza": 23,
    "estado_espacial": "valido",
    "geometria_origen": "punto_representativo"
   }
  },
  {
   "type": "Feature",
   "geometry": {
    "type": "Point",
    "coordinates": [
     -0.13389,
     38.54033
    ]
   },
   "properties": {
    "id_tecnico": "28df6639-7b7b-4e74-b15c-630f9ff55500",
    "categoria": "equipamientos",
    "tipo": "alimentacion",
    "nombre": "Olivia",
    "estado_nombre": "correcto",
    "direccion": "Carrer Maravall 31",
    "lat": 38.54033,
    "lng": -0.13389,
    "utm_x": 750773.38,
    "utm_y": 4269652.02,
    "utm_huso": 30,
    "fuente": "OpenStreetMap (Overpass)",
    "licencia": "ODbL 1.0",
    "confianza": 26,
    "estado_espacial": "valido",
    "geometria_origen": "punto_representativo"
   }
  },
  {
   "type": "Feature",
   "geometry": {
    "type": "Point",
    "coordinates": [
     -0.16582,
     38.532
    ]
   },
   "properties": {
    "id_tecnico": "28f9dd9d-a87f-4515-83e2-f13c13406b6f",
    "categoria": "infraestructuras",
    "tipo": "parada_autobus",
    "nombre": "115 - Mercadona",
    "estado_nombre": "correcto",
    "direccion": "C/ Juan Antonio Baldovi, 13",
    "lat": 38.532,
    "lng": -0.16582,
    "utm_x": 748007.36,
    "utm_y": 4268641.39,
    "utm_huso": 30,
    "fuente": "Plantilla municipal — Limpieza info (PTM Benidorm)",
    "licencia": "Uso interno del proyecto",
    "confianza": 26,
    "estado_espacial": "proximo_limite",
    "geometria_origen": "punto_representativo"
   }
  },
  {
   "type": "Feature",
   "geometry": {
    "type": "Point",
    "coordinates": [
     -0.10794,
     38.53478
    ]
   },
   "properties": {
    "id_tecnico": "2914d696-08ab-40ae-ac52-5a2e4c625ef2",
    "categoria": "infraestructuras",
    "tipo": "parada_autobus",
    "nombre": "Av. Mediterráneo, 62 (Racó de l'Oix)",
    "estado_nombre": "correcto",
    "direccion": null,
    "lat": 38.53478,
    "lng": -0.10794,
    "utm_x": 753063.58,
    "utm_y": 4269106.64,
    "utm_huso": 30,
    "fuente": "OpenStreetMap (Overpass)",
    "licencia": "ODbL 1.0",
    "confianza": 23,
    "estado_espacial": "proximo_limite",
    "geometria_origen": "punto_representativo"
   }
  },
  {
   "type": "Feature",
   "geometry": {
    "type": "Point",
    "coordinates": [
     -0.12001,
     38.53981
    ]
   },
   "properties": {
    "id_tecnico": "292bda58-506a-40e7-8f3c-268e0d5df2b3",
    "categoria": "equipamientos",
    "tipo": "alimentacion",
    "nombre": "Superfour express",
    "estado_nombre": "correcto",
    "direccion": "Avinguda d'Europa",
    "lat": 38.53981,
    "lng": -0.12001,
    "utm_x": 751989.86,
    "utm_y": 4269632.01,
    "utm_huso": 30,
    "fuente": "OpenStreetMap (Overpass)",
    "licencia": "ODbL 1.0",
    "confianza": 26,
    "estado_espacial": "valido",
    "geometria_origen": "punto_representativo"
   }
  },
  {
   "type": "Feature",
   "geometry": {
    "type": "Point",
    "coordinates": [
     -0.10302,
     38.5424
    ]
   },
   "properties": {
    "id_tecnico": "29c6cbda-bd2d-4fca-bf40-c50f7a38b6d7",
    "categoria": "equipamientos",
    "tipo": "alimentacion",
    "nombre": "Supermercado masymas",
    "estado_nombre": "correcto",
    "direccion": null,
    "lat": 38.5424,
    "lng": -0.10302,
    "utm_x": 753467.74,
    "utm_y": 4269965.89,
    "utm_huso": 30,
    "fuente": "OpenStreetMap (Overpass)",
    "licencia": "ODbL 1.0",
    "confianza": 26,
    "estado_espacial": "valido",
    "geometria_origen": "punto_representativo"
   }
  },
  {
   "type": "Feature",
   "geometry": {
    "type": "Point",
    "coordinates": [
     -0.13245,
     38.53841
    ]
   },
   "properties": {
    "id_tecnico": "29eeddcf-d6f7-4cfc-b500-bd7c099a9f38",
    "categoria": "equipamientos",
    "tipo": "alimentacion",
    "nombre": "Almendros",
    "estado_nombre": "correcto",
    "direccion": null,
    "lat": 38.53841,
    "lng": -0.13245,
    "utm_x": 750905.99,
    "utm_y": 4269442.82,
    "utm_huso": 30,
    "fuente": "OpenStreetMap (Overpass)",
    "licencia": "ODbL 1.0",
    "confianza": 23,
    "estado_espacial": "valido",
    "geometria_origen": "punto_representativo"
   }
  },
  {
   "type": "Feature",
   "geometry": {
    "type": "Point",
    "coordinates": [
     -0.12895,
     38.53651
    ]
   },
   "properties": {
    "id_tecnico": "2a64402a-398c-4c1e-9aed-07cc7266b975",
    "categoria": "infraestructuras",
    "tipo": "alojamiento",
    "nombre": "Estudios Benidorm",
    "estado_nombre": "correcto",
    "direccion": "Avinguda de Martínez Alejos",
    "lat": 38.53651,
    "lng": -0.12895,
    "utm_x": 751218.83,
    "utm_y": 4269241.42,
    "utm_huso": 30,
    "fuente": "OpenStreetMap (Overpass)",
    "licencia": "ODbL 1.0",
    "confianza": 26,
    "estado_espacial": "proximo_limite",
    "geometria_origen": "punto_representativo"
   }
  },
  {
   "type": "Feature",
   "geometry": {
    "type": "Point",
    "coordinates": [
     -0.12177,
     38.53969
    ]
   },
   "properties": {
    "id_tecnico": "2a6623c6-908d-4603-bfcd-4aec8be57579",
    "categoria": "infraestructuras",
    "tipo": "alojamiento",
    "nombre": "Hotel Sandos Monaco",
    "estado_nombre": "correcto",
    "direccion": null,
    "lat": 38.53969,
    "lng": -0.12177,
    "utm_x": 751836.25,
    "utm_y": 4269613.9,
    "utm_huso": 30,
    "fuente": "OpenStreetMap (Overpass)",
    "licencia": "ODbL 1.0",
    "confianza": 26,
    "estado_espacial": "valido",
    "geometria_origen": "punto_representativo"
   }
  },
  {
   "type": "Feature",
   "geometry": {
    "type": "Point",
    "coordinates": [
     -0.09666,
     38.55868
    ]
   },
   "properties": {
    "id_tecnico": "2aac3b53-6cbc-4d1f-bbeb-28ff482f3f31",
    "categoria": "infraestructuras",
    "tipo": "camping",
    "nombre": "Camping Benisol",
    "estado_nombre": "correcto",
    "direccion": "Avinguda de la Comunitat Valenciana",
    "lat": 38.55868,
    "lng": -0.09666,
    "utm_x": 753967.68,
    "utm_y": 4271790.34,
    "utm_huso": 30,
    "fuente": "OpenStreetMap (Overpass)",
    "licencia": "ODbL 1.0",
    "confianza": 26,
    "estado_espacial": "valido",
    "geometria_origen": "punto_representativo"
   }
  },
  {
   "type": "Feature",
   "geometry": {
    "type": "Point",
    "coordinates": [
     -0.11491,
     38.53643
    ]
   },
   "properties": {
    "id_tecnico": "2ae879da-835b-448d-a02f-2a38c5486ff8",
    "categoria": "infraestructuras",
    "tipo": "parada_autobus",
    "nombre": "237 - Mistral",
    "estado_nombre": "correcto",
    "direccion": "Av. Mediterráneo, 35",
    "lat": 38.53643,
    "lng": -0.11491,
    "utm_x": 752447.86,
    "utm_y": 4269270.75,
    "utm_huso": 30,
    "fuente": "Plantilla municipal — Limpieza info (PTM Benidorm)",
    "licencia": "Uso interno del proyecto",
    "confianza": 26,
    "estado_espacial": "proximo_limite",
    "geometria_origen": "punto_representativo"
   }
  },
  {
   "type": "Feature",
   "geometry": {
    "type": "Point",
    "coordinates": [
     -0.15875,
     38.55782
    ]
   },
   "properties": {
    "id_tecnico": "2b18f813-c47c-4523-b894-f5412a955192",
    "categoria": "infraestructuras",
    "tipo": "alojamiento",
    "nombre": "Hotel Grand Luxor",
    "estado_nombre": "correcto",
    "direccion": "Avenida Alcalde Eduardo Zaplana Hernández-Soto",
    "lat": 38.55782,
    "lng": -0.15875,
    "utm_x": 748538.27,
    "utm_y": 4271526.24,
    "utm_huso": 30,
    "fuente": "OpenStreetMap (Overpass)",
    "licencia": "ODbL 1.0",
    "confianza": 26,
    "estado_espacial": "valido",
    "geometria_origen": "punto_representativo"
   }
  },
  {
   "type": "Feature",
   "geometry": {
    "type": "Point",
    "coordinates": [
     -0.10975,
     38.53622
    ]
   },
   "properties": {
    "id_tecnico": "2b26133f-f681-4825-94cf-b1f3b3810063",
    "categoria": "equipamientos",
    "tipo": "alimentacion",
    "nombre": "alimentacion node/8762128836",
    "estado_nombre": "correcto",
    "direccion": "Avinguda de Castelló",
    "lat": 38.53622,
    "lng": -0.10975,
    "utm_x": 752900.18,
    "utm_y": 4269261.52,
    "utm_huso": 30,
    "fuente": "OpenStreetMap (Overpass)",
    "licencia": "ODbL 1.0",
    "confianza": 26,
    "estado_espacial": "valido",
    "geometria_origen": "punto_representativo"
   }
  },
  {
   "type": "Feature",
   "geometry": {
    "type": "Point",
    "coordinates": [
     -0.12534,
     38.54001
    ]
   },
   "properties": {
    "id_tecnico": "2b453d4b-e47b-4b52-8ce5-9897c677bce6",
    "categoria": "equipamientos",
    "tipo": "alimentacion",
    "nombre": "alimentacion node/13511970057",
    "estado_nombre": "correcto",
    "direccion": null,
    "lat": 38.54001,
    "lng": -0.12534,
    "utm_x": 751522.72,
    "utm_y": 4269639.71,
    "utm_huso": 30,
    "fuente": "OpenStreetMap (Overpass)",
    "licencia": "ODbL 1.0",
    "confianza": 23,
    "estado_espacial": "valido",
    "geometria_origen": "punto_representativo"
   }
  },
  {
   "type": "Feature",
   "geometry": {
    "type": "Point",
    "coordinates": [
     -0.09978,
     38.54843
    ]
   },
   "properties": {
    "id_tecnico": "2b73afe7-f7b0-4cb6-9c25-79d69e371cc0",
    "categoria": "infraestructuras",
    "tipo": "camping",
    "nombre": "Camping El Racó",
    "estado_nombre": "correcto",
    "direccion": null,
    "lat": 38.54843,
    "lng": -0.09978,
    "utm_x": 753730.32,
    "utm_y": 4270644.07,
    "utm_huso": 30,
    "fuente": "OpenStreetMap (Overpass)",
    "licencia": "ODbL 1.0",
    "confianza": 23,
    "estado_espacial": "valido",
    "geometria_origen": "punto_representativo"
   }
  },
  {
   "type": "Feature",
   "geometry": {
    "type": "Point",
    "coordinates": [
     -0.10097,
     38.55883
    ]
   },
   "properties": {
    "id_tecnico": "2baa7d2b-f371-44f0-b3d3-01c02a3450bb",
    "categoria": "servicios_basicos",
    "tipo": "estacion_servicio",
    "nombre": "VCC ANOUER · POLIGONO APR 3, 68",
    "estado_nombre": "correcto",
    "direccion": "POLIGONO APR 3, 68",
    "lat": 38.55883,
    "lng": -0.10097,
    "utm_x": 753590.07,
    "utm_y": 4271795.17,
    "utm_huso": 30,
    "fuente": "Geoportal de Gasolineras (MITECO, API REST)",
    "licencia": "Reutilización de información del sector público (Ley 37/2007), citando la fuente",
    "confianza": 29,
    "estado_espacial": "valido",
    "geometria_origen": "punto_representativo"
   }
  },
  {
   "type": "Feature",
   "geometry": {
    "type": "Point",
    "coordinates": [
     -0.13008,
     38.53788
    ]
   },
   "properties": {
    "id_tecnico": "2bbc59b3-486c-4cad-9d2c-0da4c1a67527",
    "categoria": "equipamientos",
    "tipo": "alimentacion",
    "nombre": "Las Palmas",
    "estado_nombre": "correcto",
    "direccion": "Carrer de la Biga",
    "lat": 38.53788,
    "lng": -0.13008,
    "utm_x": 751115.23,
    "utm_y": 4269390.42,
    "utm_huso": 30,
    "fuente": "OpenStreetMap (Overpass)",
    "licencia": "ODbL 1.0",
    "confianza": 26,
    "estado_espacial": "valido",
    "geometria_origen": "punto_representativo"
   }
  },
  {
   "type": "Feature",
   "geometry": {
    "type": "Point",
    "coordinates": [
     -0.10694,
     38.53338
    ]
   },
   "properties": {
    "id_tecnico": "2cbdb85d-a15c-4b94-9303-ef9f34a705d1",
    "categoria": "equipamientos",
    "tipo": "farmacia",
    "nombre": "farmacia node/2295011461",
    "estado_nombre": "correcto",
    "direccion": null,
    "lat": 38.53338,
    "lng": -0.10694,
    "utm_x": 753155.95,
    "utm_y": 4268953.98,
    "utm_huso": 30,
    "fuente": "OpenStreetMap (Overpass)",
    "licencia": "ODbL 1.0",
    "confianza": 23,
    "estado_espacial": "proximo_limite",
    "geometria_origen": "punto_representativo"
   }
  },
  {
   "type": "Feature",
   "geometry": {
    "type": "Point",
    "coordinates": [
     -0.12918,
     38.54308
    ]
   },
   "properties": {
    "id_tecnico": "2cd19f51-734c-44c0-a3f6-5d69c15558af",
    "categoria": "equipamientos",
    "tipo": "hospital",
    "nombre": "Hospital Clínica Benidorm",
    "estado_nombre": "correcto",
    "direccion": null,
    "lat": 38.54308,
    "lng": -0.12918,
    "utm_x": 751176.11,
    "utm_y": 4269970.03,
    "utm_huso": 30,
    "fuente": "OpenStreetMap (Overpass)",
    "licencia": "ODbL 1.0",
    "confianza": 23,
    "estado_espacial": "valido",
    "geometria_origen": "punto_representativo"
   }
  },
  {
   "type": "Feature",
   "geometry": {
    "type": "Point",
    "coordinates": [
     -0.1249,
     38.55095
    ]
   },
   "properties": {
    "id_tecnico": "2cd2ee05-479c-4193-8b80-c978a6ef0bca",
    "categoria": "infraestructuras",
    "tipo": "parada_autobus",
    "nombre": "295 - Juzgados",
    "estado_nombre": "correcto",
    "direccion": "Pg. els Tolls, 2 (Jutjats)",
    "lat": 38.55095,
    "lng": -0.1249,
    "utm_x": 751523.55,
    "utm_y": 4270855.19,
    "utm_huso": 30,
    "fuente": "Plantilla municipal — Limpieza info (PTM Benidorm)",
    "licencia": "Uso interno del proyecto",
    "confianza": 26,
    "estado_espacial": "valido",
    "geometria_origen": "punto_representativo"
   }
  },
  {
   "type": "Feature",
   "geometry": {
    "type": "Point",
    "coordinates": [
     -0.10825,
     38.53764
    ]
   },
   "properties": {
    "id_tecnico": "2d0ef906-503c-41ad-bac7-0005bf4d675c",
    "categoria": "infraestructuras",
    "tipo": "alojamiento",
    "nombre": "Aquarium II Apartments",
    "estado_nombre": "correcto",
    "direccion": null,
    "lat": 38.53764,
    "lng": -0.10825,
    "utm_x": 753026.54,
    "utm_y": 4269423.24,
    "utm_huso": 30,
    "fuente": "OpenStreetMap (Overpass)",
    "licencia": "ODbL 1.0",
    "confianza": 23,
    "estado_espacial": "valido",
    "geometria_origen": "punto_representativo"
   }
  },
  {
   "type": "Feature",
   "geometry": {
    "type": "Point",
    "coordinates": [
     -0.10694,
     38.53661
    ]
   },
   "properties": {
    "id_tecnico": "2d18cdfd-83f3-4332-bfb9-43ece70bc7c5",
    "categoria": "equipamientos",
    "tipo": "alimentacion",
    "nombre": "Abdullah",
    "estado_nombre": "correcto",
    "direccion": "Avinguda de L'Ametlla de Mar",
    "lat": 38.53661,
    "lng": -0.10694,
    "utm_x": 753144.76,
    "utm_y": 4269312.5,
    "utm_huso": 30,
    "fuente": "OpenStreetMap (Overpass)",
    "licencia": "ODbL 1.0",
    "confianza": 26,
    "estado_espacial": "valido",
    "geometria_origen": "punto_representativo"
   }
  },
  {
   "type": "Feature",
   "geometry": {
    "type": "Point",
    "coordinates": [
     -0.09639,
     38.54616
    ]
   },
   "properties": {
    "id_tecnico": "2da284a7-a2d7-40a5-bb53-c5f1df05486b",
    "categoria": "infraestructuras",
    "tipo": "parada_autobus",
    "nombre": "C/ Romania, 9AC",
    "estado_nombre": "correcto",
    "direccion": null,
    "lat": 38.54616,
    "lng": -0.09639,
    "utm_x": 754034.86,
    "utm_y": 4270401.42,
    "utm_huso": 30,
    "fuente": "OpenStreetMap (Overpass)",
    "licencia": "ODbL 1.0",
    "confianza": 23,
    "estado_espacial": "valido",
    "geometria_origen": "punto_representativo"
   }
  },
  {
   "type": "Feature",
   "geometry": {
    "type": "Point",
    "coordinates": [
     -0.1147,
     38.53924
    ]
   },
   "properties": {
    "id_tecnico": "2dcf001e-3461-4058-be60-7e4fced64453",
    "categoria": "infraestructuras",
    "tipo": "alojamiento",
    "nombre": "Hotel Servigroup Venus",
    "estado_nombre": "correcto",
    "direccion": null,
    "lat": 38.53924,
    "lng": -0.1147,
    "utm_x": 752456.53,
    "utm_y": 4269583.22,
    "utm_huso": 30,
    "fuente": "OpenStreetMap (Overpass)",
    "licencia": "ODbL 1.0",
    "confianza": 26,
    "estado_espacial": "valido",
    "geometria_origen": "punto_representativo"
   }
  },
  {
   "type": "Feature",
   "geometry": {
    "type": "Point",
    "coordinates": [
     -0.06894,
     38.57702
    ]
   },
   "properties": {
    "id_tecnico": "2e92ce81-a3b0-42ae-8050-fe44925ad042",
    "categoria": "equipamientos",
    "tipo": "colegio",
    "nombre": "Col·legi d'Educació Infantil i Primària Racó de l'Albir",
    "estado_nombre": "correcto",
    "direccion": null,
    "lat": 38.57702,
    "lng": -0.06894,
    "utm_x": 756328.53,
    "utm_y": 4273902.5,
    "utm_huso": 30,
    "fuente": "OpenStreetMap (Overpass)",
    "licencia": "ODbL 1.0",
    "confianza": 6,
    "estado_espacial": "fuera_municipio",
    "geometria_origen": "punto_representativo"
   }
  },
  {
   "type": "Feature",
   "geometry": {
    "type": "Point",
    "coordinates": [
     -0.10009,
     38.53604
    ]
   },
   "properties": {
    "id_tecnico": "2e9449e8-288e-4ea1-a6cb-fd9a7fa110eb",
    "categoria": "infraestructuras",
    "tipo": "parada_autobus",
    "nombre": "C/ Londres, 20",
    "estado_nombre": "correcto",
    "direccion": null,
    "lat": 38.53604,
    "lng": -0.10009,
    "utm_x": 753746.24,
    "utm_y": 4269267.99,
    "utm_huso": 30,
    "fuente": "OpenStreetMap (Overpass)",
    "licencia": "ODbL 1.0",
    "confianza": 23,
    "estado_espacial": "valido",
    "geometria_origen": "punto_representativo"
   }
  },
  {
   "type": "Feature",
   "geometry": {
    "type": "Point",
    "coordinates": [
     -0.11291,
     38.54941
    ]
   },
   "properties": {
    "id_tecnico": "2eca5d29-12be-45b9-8cbb-fd8a8f6aac46",
    "categoria": "infraestructuras",
    "tipo": "parada_autobus",
    "nombre": "Av. Comunitat Valenciana, km 123.1 (ITV)",
    "estado_nombre": "correcto",
    "direccion": null,
    "lat": 38.54941,
    "lng": -0.11291,
    "utm_x": 752578.01,
    "utm_y": 4270716.92,
    "utm_huso": 30,
    "fuente": "OpenStreetMap (Overpass)",
    "licencia": "ODbL 1.0",
    "confianza": 23,
    "estado_espacial": "valido",
    "geometria_origen": "punto_representativo"
   }
  },
  {
   "type": "Feature",
   "geometry": {
    "type": "Point",
    "coordinates": [
     -0.14574,
     38.56946
    ]
   },
   "properties": {
    "id_tecnico": "2ef11b27-e22b-4dd1-9f1e-fdf2059f5a49",
    "categoria": "infraestructuras",
    "tipo": "parada_autobus",
    "nombre": "185 - Terra Natura",
    "estado_nombre": "correcto",
    "direccion": "Vials Terra Mítica",
    "lat": 38.56946,
    "lng": -0.14574,
    "utm_x": 749636.73,
    "utm_y": 4272853.26,
    "utm_huso": 30,
    "fuente": "Plantilla municipal — Limpieza info (PTM Benidorm)",
    "licencia": "Uso interno del proyecto",
    "confianza": 26,
    "estado_espacial": "valido",
    "geometria_origen": "punto_representativo"
   }
  },
  {
   "type": "Feature",
   "geometry": {
    "type": "Point",
    "coordinates": [
     -0.13539,
     38.53879
    ]
   },
   "properties": {
    "id_tecnico": "2f07b202-d477-46ba-8c9a-77f2e84dcc99",
    "categoria": "infraestructuras",
    "tipo": "alojamiento",
    "nombre": "Spanglish Hostel",
    "estado_nombre": "correcto",
    "direccion": "Carrer Maravall 11",
    "lat": 38.53879,
    "lng": -0.13539,
    "utm_x": 750647.39,
    "utm_y": 4269477.03,
    "utm_huso": 30,
    "fuente": "OpenStreetMap (Overpass)",
    "licencia": "ODbL 1.0",
    "confianza": 26,
    "estado_espacial": "valido",
    "geometria_origen": "punto_representativo"
   }
  },
  {
   "type": "Feature",
   "geometry": {
    "type": "Point",
    "coordinates": [
     -0.14421,
     38.53722
    ]
   },
   "properties": {
    "id_tecnico": "2f8b5c4f-d47e-4e6e-b12b-32269ad397dc",
    "categoria": "infraestructuras",
    "tipo": "parada_autobus",
    "nombre": "104 - Balcón Poniente",
    "estado_nombre": "correcto",
    "direccion": "Av. Armada Espanyola, 13",
    "lat": 38.53722,
    "lng": -0.14421,
    "utm_x": 749880.88,
    "utm_y": 4269278.91,
    "utm_huso": 30,
    "fuente": "Plantilla municipal — Limpieza info (PTM Benidorm)",
    "licencia": "Uso interno del proyecto",
    "confianza": 26,
    "estado_espacial": "proximo_limite",
    "geometria_origen": "punto_representativo"
   }
  },
  {
   "type": "Feature",
   "geometry": {
    "type": "Point",
    "coordinates": [
     -0.12041,
     38.54153
    ]
   },
   "properties": {
    "id_tecnico": "3053b9af-b680-40b8-beeb-007afb4e20c6",
    "categoria": "infraestructuras",
    "tipo": "parada_autobus",
    "nombre": "290 - Asturcon",
    "estado_nombre": "correcto",
    "direccion": "Av. Europa, 21",
    "lat": 38.54153,
    "lng": -0.12041,
    "utm_x": 751948.92,
    "utm_y": 4269821.83,
    "utm_huso": 30,
    "fuente": "Plantilla municipal — Limpieza info (PTM Benidorm)",
    "licencia": "Uso interno del proyecto",
    "confianza": 26,
    "estado_espacial": "valido",
    "geometria_origen": "punto_representativo"
   }
  },
  {
   "type": "Feature",
   "geometry": {
    "type": "Point",
    "coordinates": [
     -0.13145,
     38.53882
    ]
   },
   "properties": {
    "id_tecnico": "30ee8622-59dd-44fe-b5b6-54f1ee2f6cab",
    "categoria": "infraestructuras",
    "tipo": "alojamiento",
    "nombre": "Terraza Suites",
    "estado_nombre": "correcto",
    "direccion": "Calle de la Gaviota 2",
    "lat": 38.53882,
    "lng": -0.13145,
    "utm_x": 750992.1,
    "utm_y": 4269491.04,
    "utm_huso": 30,
    "fuente": "OpenStreetMap (Overpass)",
    "licencia": "ODbL 1.0",
    "confianza": 26,
    "estado_espacial": "valido",
    "geometria_origen": "punto_representativo"
   }
  },
  {
   "type": "Feature",
   "geometry": {
    "type": "Point",
    "coordinates": [
     -0.13105,
     38.53702
    ]
   },
   "properties": {
    "id_tecnico": "30fc5056-a45c-492e-af7c-dc9c528748b2",
    "categoria": "equipamientos",
    "tipo": "centro_formacion",
    "nombre": "ESCOLA PRIVADA DE MÚSICA UNIÓN MUSICAL",
    "estado_nombre": "correcto",
    "direccion": "CL. TOMÁS ORTUÑO, 8",
    "lat": 38.53702,
    "lng": -0.13105,
    "utm_x": 751033.29,
    "utm_y": 4269292.33,
    "utm_huso": 30,
    "fuente": "GVA - Centros docentes de la Comunitat Valenciana (ICV WFS)",
    "licencia": "CC BY 4.0",
    "confianza": 29,
    "estado_espacial": "proximo_limite",
    "geometria_origen": "punto_representativo"
   }
  },
  {
   "type": "Feature",
   "geometry": {
    "type": "Point",
    "coordinates": [
     -0.13363,
     38.53822
    ]
   },
   "properties": {
    "id_tecnico": "316bcee4-24a6-498f-933c-4b5bb2d28809",
    "categoria": "equipamientos",
    "tipo": "alimentacion",
    "nombre": "Mini Market",
    "estado_nombre": "correcto",
    "direccion": "Calle de Roldán 11",
    "lat": 38.53822,
    "lng": -0.13363,
    "utm_x": 750803.38,
    "utm_y": 4269418.53,
    "utm_huso": 30,
    "fuente": "OpenStreetMap (Overpass)",
    "licencia": "ODbL 1.0",
    "confianza": 26,
    "estado_espacial": "valido",
    "geometria_origen": "punto_representativo"
   }
  },
  {
   "type": "Feature",
   "geometry": {
    "type": "Point",
    "coordinates": [
     -0.10528,
     38.52806
    ]
   },
   "properties": {
    "id_tecnico": "31b55c4e-8fdf-4254-8386-772a52f59713",
    "categoria": "infraestructuras",
    "tipo": "parada_autobus",
    "nombre": "307 - Cala Tio Ximo",
    "estado_nombre": "correcto",
    "direccion": "C/ Sierra Dorada",
    "lat": 38.52806,
    "lng": -0.10528,
    "utm_x": 753319.68,
    "utm_y": 4268368.03,
    "utm_huso": 30,
    "fuente": "Plantilla municipal — Limpieza info (PTM Benidorm)",
    "licencia": "Uso interno del proyecto",
    "confianza": 26,
    "estado_espacial": "proximo_limite",
    "geometria_origen": "punto_representativo"
   }
  },
  {
   "type": "Feature",
   "geometry": {
    "type": "Point",
    "coordinates": [
     -0.1421,
     38.54057
    ]
   },
   "properties": {
    "id_tecnico": "32304a5e-0bc1-42a9-aae4-4927f43ac8d0",
    "categoria": "infraestructuras",
    "tipo": "parada_autobus",
    "nombre": "98 - Cuba 4",
    "estado_nombre": "correcto",
    "direccion": "Av. Cuba, 4",
    "lat": 38.54057,
    "lng": -0.1421,
    "utm_x": 750054.07,
    "utm_y": 4269656.44,
    "utm_huso": 30,
    "fuente": "Plantilla municipal — Limpieza info (PTM Benidorm)",
    "licencia": "Uso interno del proyecto",
    "confianza": 26,
    "estado_espacial": "valido",
    "geometria_origen": "punto_representativo"
   }
  },
  {
   "type": "Feature",
   "geometry": {
    "type": "Point",
    "coordinates": [
     -0.13108,
     38.5363
    ]
   },
   "properties": {
    "id_tecnico": "324d55ea-c87e-4f8f-abd3-5e2f95999968",
    "categoria": "equipamientos",
    "tipo": "farmacia",
    "nombre": "Farmacia Luz CB",
    "estado_nombre": "correcto",
    "direccion": "Passeig de la Carretera 27",
    "lat": 38.5363,
    "lng": -0.13108,
    "utm_x": 751033.14,
    "utm_y": 4269212.33,
    "utm_huso": 30,
    "fuente": "OpenStreetMap (Overpass)",
    "licencia": "ODbL 1.0",
    "confianza": 29,
    "estado_espacial": "proximo_limite",
    "geometria_origen": "punto_representativo"
   }
  },
  {
   "type": "Feature",
   "geometry": {
    "type": "Point",
    "coordinates": [
     -0.10247,
     38.5376
    ]
   },
   "properties": {
    "id_tecnico": "324fbc81-f014-4899-9459-7d15c6b1e146",
    "categoria": "infraestructuras",
    "tipo": "parada_autobus",
    "nombre": "Av. Montecarlo, 15AC",
    "estado_nombre": "correcto",
    "direccion": null,
    "lat": 38.5376,
    "lng": -0.10247,
    "utm_x": 753532.53,
    "utm_y": 4269434.62,
    "utm_huso": 30,
    "fuente": "OpenStreetMap (Overpass)",
    "licencia": "ODbL 1.0",
    "confianza": 23,
    "estado_espacial": "valido",
    "geometria_origen": "punto_representativo"
   }
  },
  {
   "type": "Feature",
   "geometry": {
    "type": "Point",
    "coordinates": [
     -0.1313,
     38.53991
    ]
   },
   "properties": {
    "id_tecnico": "335240cf-16c6-4275-9838-1bc4e2742f65",
    "categoria": "infraestructuras",
    "tipo": "alojamiento",
    "nombre": "Ático Carrasco",
    "estado_nombre": "correcto",
    "direccion": null,
    "lat": 38.53991,
    "lng": -0.1313,
    "utm_x": 751001.48,
    "utm_y": 4269612.43,
    "utm_huso": 30,
    "fuente": "OpenStreetMap (Overpass)",
    "licencia": "ODbL 1.0",
    "confianza": 23,
    "estado_espacial": "valido",
    "geometria_origen": "punto_representativo"
   }
  },
  {
   "type": "Feature",
   "geometry": {
    "type": "Point",
    "coordinates": [
     -0.13156,
     38.54059
    ]
   },
   "properties": {
    "id_tecnico": "3379bdfd-85fb-4f9f-973a-baf1e620de22",
    "categoria": "equipamientos",
    "tipo": "farmacia",
    "nombre": "farmacia node/8776948655",
    "estado_nombre": "correcto",
    "direccion": "Carrer de Tomàs Ortuño",
    "lat": 38.54059,
    "lng": -0.13156,
    "utm_x": 750976.39,
    "utm_y": 4269687.2,
    "utm_huso": 30,
    "fuente": "OpenStreetMap (Overpass)",
    "licencia": "ODbL 1.0",
    "confianza": 26,
    "estado_espacial": "valido",
    "geometria_origen": "punto_representativo"
   }
  },
  {
   "type": "Feature",
   "geometry": {
    "type": "Point",
    "coordinates": [
     -0.13604,
     38.54122
    ]
   },
   "properties": {
    "id_tecnico": "339b00da-46e2-4aee-b8f4-1c89a9072526",
    "categoria": "infraestructuras",
    "tipo": "parada_autobus",
    "nombre": "Av. 9 d'Octubre",
    "estado_nombre": "correcto",
    "direccion": null,
    "lat": 38.54122,
    "lng": -0.13604,
    "utm_x": 750582.17,
    "utm_y": 4269744.98,
    "utm_huso": 30,
    "fuente": "OpenStreetMap (Overpass)",
    "licencia": "ODbL 1.0",
    "confianza": 23,
    "estado_espacial": "valido",
    "geometria_origen": "punto_representativo"
   }
  },
  {
   "type": "Feature",
   "geometry": {
    "type": "Point",
    "coordinates": [
     -0.07734,
     38.57588
    ]
   },
   "properties": {
    "id_tecnico": "33b16437-7c62-4924-beaf-cb808d3f98c3",
    "categoria": "equipamientos",
    "tipo": "alimentacion",
    "nombre": "ALDI",
    "estado_nombre": "correcto",
    "direccion": "Avinguda d'Europa 3",
    "lat": 38.57588,
    "lng": -0.07734,
    "utm_x": 755597.77,
    "utm_y": 4273752.71,
    "utm_huso": 30,
    "fuente": "OpenStreetMap (Overpass)",
    "licencia": "ODbL 1.0",
    "confianza": 9,
    "estado_espacial": "fuera_municipio",
    "geometria_origen": "punto_representativo"
   }
  },
  {
   "type": "Feature",
   "geometry": {
    "type": "Point",
    "coordinates": [
     -0.06924,
     38.57161
    ]
   },
   "properties": {
    "id_tecnico": "34111120-b95d-40bb-a61f-0d711d4adfcf",
    "categoria": "equipamientos",
    "tipo": "farmacia",
    "nombre": "Marina Criado Fuster",
    "estado_nombre": "correcto",
    "direccion": "Avenida del Albir 44",
    "lat": 38.57161,
    "lng": -0.06924,
    "utm_x": 756321.3,
    "utm_y": 4273301.17,
    "utm_huso": 30,
    "fuente": "OpenStreetMap (Overpass)",
    "licencia": "ODbL 1.0",
    "confianza": 9,
    "estado_espacial": "fuera_municipio",
    "geometria_origen": "punto_representativo"
   }
  },
  {
   "type": "Feature",
   "geometry": {
    "type": "Point",
    "coordinates": [
     -0.10808,
     38.53485
    ]
   },
   "properties": {
    "id_tecnico": "34447c87-9d8b-490c-922f-a2a032c31099",
    "categoria": "infraestructuras",
    "tipo": "parada_taxi",
    "nombre": "parada taxi node/3710213161",
    "estado_nombre": "correcto",
    "direccion": null,
    "lat": 38.53485,
    "lng": -0.10808,
    "utm_x": 753051.08,
    "utm_y": 4269114.03,
    "utm_huso": 30,
    "fuente": "OpenStreetMap (Overpass)",
    "licencia": "ODbL 1.0",
    "confianza": 23,
    "estado_espacial": "proximo_limite",
    "geometria_origen": "punto_representativo"
   }
  },
  {
   "type": "Feature",
   "geometry": {
    "type": "Point",
    "coordinates": [
     -0.16354,
     38.53149
    ]
   },
   "properties": {
    "id_tecnico": "345c0893-0cff-4d00-96fb-3a5ff1ff7b18",
    "categoria": "infraestructuras",
    "tipo": "alojamiento",
    "nombre": "Gran Hotel Bali",
    "estado_nombre": "correcto",
    "direccion": null,
    "lat": 38.53149,
    "lng": -0.16354,
    "utm_x": 748208.65,
    "utm_y": 4268590.9,
    "utm_huso": 30,
    "fuente": "OpenStreetMap (Overpass)",
    "licencia": "ODbL 1.0",
    "confianza": 23,
    "estado_espacial": "proximo_limite",
    "geometria_origen": "punto_representativo"
   }
  },
  {
   "type": "Feature",
   "geometry": {
    "type": "Point",
    "coordinates": [
     -0.16325,
     38.53243
    ]
   },
   "properties": {
    "id_tecnico": "347839bc-d3f2-47fd-ab07-4e11b8344ad9",
    "categoria": "infraestructuras",
    "tipo": "parada_autobus",
    "nombre": "C/ Langreo, 1 (Hotel Bali)",
    "estado_nombre": "correcto",
    "direccion": null,
    "lat": 38.53243,
    "lng": -0.16325,
    "utm_x": 748230.84,
    "utm_y": 4268696.01,
    "utm_huso": 30,
    "fuente": "OpenStreetMap (Overpass)",
    "licencia": "ODbL 1.0",
    "confianza": 23,
    "estado_espacial": "valido",
    "geometria_origen": "punto_representativo"
   }
  },
  {
   "type": "Feature",
   "geometry": {
    "type": "Point",
    "coordinates": [
     -0.13414,
     38.54175
    ]
   },
   "properties": {
    "id_tecnico": "351af516-3f8d-4fc6-b6e5-bbd0eb899db9",
    "categoria": "servicios_basicos",
    "tipo": "estacion_servicio",
    "nombre": "BP",
    "estado_nombre": "correcto",
    "direccion": null,
    "lat": 38.54175,
    "lng": -0.13414,
    "utm_x": 750746.63,
    "utm_y": 4269808.96,
    "utm_huso": 30,
    "fuente": "OpenStreetMap (Overpass)",
    "licencia": "ODbL 1.0",
    "confianza": 26,
    "estado_espacial": "valido",
    "geometria_origen": "punto_representativo"
   }
  },
  {
   "type": "Feature",
   "geometry": {
    "type": "Point",
    "coordinates": [
     -0.13109,
     38.53968
    ]
   },
   "properties": {
    "id_tecnico": "3552cd6e-386b-44d0-aae7-78a34ee6258e",
    "categoria": "infraestructuras",
    "tipo": "alojamiento",
    "nombre": "Hostal Anna",
    "estado_nombre": "correcto",
    "direccion": "Carrer de les Escoles 1",
    "lat": 38.53968,
    "lng": -0.13109,
    "utm_x": 751020.65,
    "utm_y": 4269587.47,
    "utm_huso": 30,
    "fuente": "OpenStreetMap (Overpass)",
    "licencia": "ODbL 1.0",
    "confianza": 26,
    "estado_espacial": "valido",
    "geometria_origen": "punto_representativo"
   }
  },
  {
   "type": "Feature",
   "geometry": {
    "type": "Point",
    "coordinates": [
     -0.13227,
     38.5367
    ]
   },
   "properties": {
    "id_tecnico": "355f195c-61b8-4df7-b4e6-7cd31ff1fa7c",
    "categoria": "infraestructuras",
    "tipo": "alojamiento",
    "nombre": "Milord's Suites",
    "estado_nombre": "correcto",
    "direccion": null,
    "lat": 38.5367,
    "lng": -0.13227,
    "utm_x": 750927.62,
    "utm_y": 4269253.5,
    "utm_huso": 30,
    "fuente": "OpenStreetMap (Overpass)",
    "licencia": "ODbL 1.0",
    "confianza": 23,
    "estado_espacial": "proximo_limite",
    "geometria_origen": "punto_representativo"
   }
  },
  {
   "type": "Feature",
   "geometry": {
    "type": "Point",
    "coordinates": [
     -0.12042,
     38.53921
    ]
   },
   "properties": {
    "id_tecnico": "357b3728-5f4d-405d-bbb9-04f159643e6b",
    "categoria": "infraestructuras",
    "tipo": "parada_autobus",
    "nombre": "291 - Europa 15",
    "estado_nombre": "correcto",
    "direccion": "Av. Europa, 15",
    "lat": 38.53921,
    "lng": -0.12042,
    "utm_x": 751956.05,
    "utm_y": 4269564.3,
    "utm_huso": 30,
    "fuente": "Plantilla municipal — Limpieza info (PTM Benidorm)",
    "licencia": "Uso interno del proyecto",
    "confianza": 26,
    "estado_espacial": "valido",
    "geometria_origen": "punto_representativo"
   }
  },
  {
   "type": "Feature",
   "geometry": {
    "type": "Point",
    "coordinates": [
     -0.13441,
     38.53795
    ]
   },
   "properties": {
    "id_tecnico": "359b655b-d371-45f9-ba31-688b2595423a",
    "categoria": "equipamientos",
    "tipo": "alimentacion",
    "nombre": "Udaco",
    "estado_nombre": "correcto",
    "direccion": "Marqués de Comillas 22",
    "lat": 38.53795,
    "lng": -0.13441,
    "utm_x": 750736.04,
    "utm_y": 4269386.45,
    "utm_huso": 30,
    "fuente": "OpenStreetMap (Overpass)",
    "licencia": "ODbL 1.0",
    "confianza": 26,
    "estado_espacial": "proximo_limite",
    "geometria_origen": "punto_representativo"
   }
  },
  {
   "type": "Feature",
   "geometry": {
    "type": "Point",
    "coordinates": [
     -0.07545,
     38.574
    ]
   },
   "properties": {
    "id_tecnico": "35d43b4e-6dce-4cd3-b95f-311e8669087b",
    "categoria": "equipamientos",
    "tipo": "alimentacion",
    "nombre": "Lidl",
    "estado_nombre": "correcto",
    "direccion": "Avenida del Albir 84",
    "lat": 38.574,
    "lng": -0.07545,
    "utm_x": 755769.69,
    "utm_y": 4273549.26,
    "utm_huso": 30,
    "fuente": "OpenStreetMap (Overpass)",
    "licencia": "ODbL 1.0",
    "confianza": 9,
    "estado_espacial": "fuera_municipio",
    "geometria_origen": "punto_representativo"
   }
  },
  {
   "type": "Feature",
   "geometry": {
    "type": "Point",
    "coordinates": [
     -0.12757,
     38.54305
    ]
   },
   "properties": {
    "id_tecnico": "36370a8c-e404-4756-b1d1-867e108f66fd",
    "categoria": "infraestructuras",
    "tipo": "parada_autobus",
    "nombre": "303 - Ed. Zaragoza",
    "estado_nombre": "correcto",
    "direccion": "Av. Alfonso Puchades, 19",
    "lat": 38.54305,
    "lng": -0.12757,
    "utm_x": 751317.1,
    "utm_y": 4269971.08,
    "utm_huso": 30,
    "fuente": "Plantilla municipal — Limpieza info (PTM Benidorm)",
    "licencia": "Uso interno del proyecto",
    "confianza": 26,
    "estado_espacial": "valido",
    "geometria_origen": "punto_representativo"
   }
  },
  {
   "type": "Feature",
   "geometry": {
    "type": "Point",
    "coordinates": [
     -0.10579,
     38.52951
    ]
   },
   "properties": {
    "id_tecnico": "3654ae32-0f0b-4ebd-855c-a5ff484f60a1",
    "categoria": "infraestructuras",
    "tipo": "parada_autobus",
    "nombre": "261 - Sierra Dorada",
    "estado_nombre": "correcto",
    "direccion": "C/ Sierra Dorada",
    "lat": 38.52951,
    "lng": -0.10579,
    "utm_x": 753270.01,
    "utm_y": 4268527.57,
    "utm_huso": 30,
    "fuente": "Plantilla municipal — Limpieza info (PTM Benidorm)",
    "licencia": "Uso interno del proyecto",
    "confianza": 26,
    "estado_espacial": "proximo_limite",
    "geometria_origen": "punto_representativo"
   }
  },
  {
   "type": "Feature",
   "geometry": {
    "type": "Point",
    "coordinates": [
     -0.12587,
     38.53785
    ]
   },
   "properties": {
    "id_tecnico": "36b1e4d1-c5f0-4e89-a81e-a9a4a3a20c62",
    "categoria": "infraestructuras",
    "tipo": "alojamiento",
    "nombre": "Hotel Madeira Centro",
    "estado_nombre": "correcto",
    "direccion": null,
    "lat": 38.53785,
    "lng": -0.12587,
    "utm_x": 751483.77,
    "utm_y": 4269398.52,
    "utm_huso": 30,
    "fuente": "OpenStreetMap (Overpass)",
    "licencia": "ODbL 1.0",
    "confianza": 23,
    "estado_espacial": "valido",
    "geometria_origen": "punto_representativo"
   }
  },
  {
   "type": "Feature",
   "geometry": {
    "type": "Point",
    "coordinates": [
     -0.1343,
     38.5422
    ]
   },
   "properties": {
    "id_tecnico": "37222576-c922-487c-ad39-f6b9c33d2b31",
    "categoria": "infraestructuras",
    "tipo": "alojamiento",
    "nombre": "Hotel Andalucía",
    "estado_nombre": "correcto",
    "direccion": null,
    "lat": 38.5422,
    "lng": -0.1343,
    "utm_x": 750731.08,
    "utm_y": 4269858.47,
    "utm_huso": 30,
    "fuente": "OpenStreetMap (Overpass)",
    "licencia": "ODbL 1.0",
    "confianza": 23,
    "estado_espacial": "valido",
    "geometria_origen": "punto_representativo"
   }
  },
  {
   "type": "Feature",
   "geometry": {
    "type": "Point",
    "coordinates": [
     -0.11409,
     38.56461
    ]
   },
   "properties": {
    "id_tecnico": "378cc708-2bf7-4194-b776-e30701d7f73d",
    "categoria": "infraestructuras",
    "tipo": "parada_autobus",
    "nombre": "Partida el Marxasso (Cementeri)",
    "estado_nombre": "correcto",
    "direccion": null,
    "lat": 38.56461,
    "lng": -0.11409,
    "utm_x": 752422.19,
    "utm_y": 4272400.84,
    "utm_huso": 30,
    "fuente": "OpenStreetMap (Overpass)",
    "licencia": "ODbL 1.0",
    "confianza": 23,
    "estado_espacial": "valido",
    "geometria_origen": "punto_representativo"
   }
  },
  {
   "type": "Feature",
   "geometry": {
    "type": "Point",
    "coordinates": [
     -0.13135,
     38.57134
    ]
   },
   "properties": {
    "id_tecnico": "378fc165-41b8-44bf-9ab1-4e84962c11e9",
    "categoria": "equipamientos",
    "tipo": "farmacia",
    "nombre": "farmacia node/3756235459",
    "estado_nombre": "correcto",
    "direccion": null,
    "lat": 38.57134,
    "lng": -0.13135,
    "utm_x": 750889.07,
    "utm_y": 4273100.87,
    "utm_huso": 30,
    "fuente": "OpenStreetMap (Overpass)",
    "licencia": "ODbL 1.0",
    "confianza": 3,
    "estado_espacial": "fuera_municipio",
    "geometria_origen": "punto_representativo"
   }
  },
  {
   "type": "Feature",
   "geometry": {
    "type": "Point",
    "coordinates": [
     -0.1204,
     38.54153
    ]
   },
   "properties": {
    "id_tecnico": "37e18526-182d-4a2b-ad43-9165f44d067c",
    "categoria": "infraestructuras",
    "tipo": "parada_autobus",
    "nombre": "Av. Europa, 21",
    "estado_nombre": "correcto",
    "direccion": null,
    "lat": 38.54153,
    "lng": -0.1204,
    "utm_x": 751949.79,
    "utm_y": 4269821.86,
    "utm_huso": 30,
    "fuente": "OpenStreetMap (Overpass)",
    "licencia": "ODbL 1.0",
    "confianza": 23,
    "estado_espacial": "valido",
    "geometria_origen": "punto_representativo"
   }
  },
  {
   "type": "Feature",
   "geometry": {
    "type": "Point",
    "coordinates": [
     -0.13245,
     38.53997
    ]
   },
   "properties": {
    "id_tecnico": "3818bc03-738c-47d7-a4b2-30827a8d08e8",
    "categoria": "infraestructuras",
    "tipo": "alojamiento",
    "nombre": "Pensión Pardo",
    "estado_nombre": "correcto",
    "direccion": "Avenida de Los Limones 14",
    "lat": 38.53997,
    "lng": -0.13245,
    "utm_x": 750900.63,
    "utm_y": 4269615.97,
    "utm_huso": 30,
    "fuente": "OpenStreetMap (Overpass)",
    "licencia": "ODbL 1.0",
    "confianza": 26,
    "estado_espacial": "valido",
    "geometria_origen": "punto_representativo"
   }
  },
  {
   "type": "Feature",
   "geometry": {
    "type": "Point",
    "coordinates": [
     -0.09563,
     38.54287
    ]
   },
   "properties": {
    "id_tecnico": "382bdcbd-195a-4cdb-b9b0-f842eb211e9c",
    "categoria": "infraestructuras",
    "tipo": "parada_autobus",
    "nombre": "339 - Marsella 7",
    "estado_nombre": "correcto",
    "direccion": "C/ Marsella, 7",
    "lat": 38.54287,
    "lng": -0.09563,
    "utm_x": 754112.81,
    "utm_y": 4270038.33,
    "utm_huso": 30,
    "fuente": "Plantilla municipal — Limpieza info (PTM Benidorm)",
    "licencia": "Uso interno del proyecto",
    "confianza": 26,
    "estado_espacial": "valido",
    "geometria_origen": "punto_representativo"
   }
  },
  {
   "type": "Feature",
   "geometry": {
    "type": "Point",
    "coordinates": [
     -0.13267,
     38.53914
    ]
   },
   "properties": {
    "id_tecnico": "385e0021-2217-4ae9-9ce4-3ff1e2cf0cce",
    "categoria": "infraestructuras",
    "tipo": "parada_autobus",
    "nombre": "131 - Moderna",
    "estado_nombre": "correcto",
    "direccion": "Av. Ametlers, 21",
    "lat": 38.53914,
    "lng": -0.13267,
    "utm_x": 750884.23,
    "utm_y": 4269523.25,
    "utm_huso": 30,
    "fuente": "Plantilla municipal — Limpieza info (PTM Benidorm)",
    "licencia": "Uso interno del proyecto",
    "confianza": 26,
    "estado_espacial": "valido",
    "geometria_origen": "punto_representativo"
   }
  },
  {
   "type": "Feature",
   "geometry": {
    "type": "Point",
    "coordinates": [
     -0.15754,
     38.53346
    ]
   },
   "properties": {
    "id_tecnico": "387d68ee-f279-4f84-8a8a-782ac2ae9e80",
    "categoria": "infraestructuras",
    "tipo": "alojamiento",
    "nombre": "Hotel Palmeral",
    "estado_nombre": "correcto",
    "direccion": null,
    "lat": 38.53346,
    "lng": -0.15754,
    "utm_x": 748727.08,
    "utm_y": 4268825.67,
    "utm_huso": 30,
    "fuente": "OpenStreetMap (Overpass)",
    "licencia": "ODbL 1.0",
    "confianza": 23,
    "estado_espacial": "proximo_limite",
    "geometria_origen": "punto_representativo"
   }
  },
  {
   "type": "Feature",
   "geometry": {
    "type": "Point",
    "coordinates": [
     -0.10705,
     38.54543
    ]
   },
   "properties": {
    "id_tecnico": "388a1303-1811-43db-89f8-3476bf77d0c4",
    "categoria": "infraestructuras",
    "tipo": "camping",
    "nombre": "Camping Villasol",
    "estado_nombre": "correcto",
    "direccion": "Avinguda de l'Almirall Bernat de Sarrià 13",
    "lat": 38.54543,
    "lng": -0.10705,
    "utm_x": 753104.57,
    "utm_y": 4270291.18,
    "utm_huso": 30,
    "fuente": "OpenStreetMap (Overpass)",
    "licencia": "ODbL 1.0",
    "confianza": 26,
    "estado_espacial": "valido",
    "geometria_origen": "punto_representativo"
   }
  },
  {
   "type": "Feature",
   "geometry": {
    "type": "Point",
    "coordinates": [
     -0.11707,
     38.5387
    ]
   },
   "properties": {
    "id_tecnico": "38c66804-70f3-4426-9d2b-3e6e4dcfb2e6",
    "categoria": "equipamientos",
    "tipo": "alimentacion",
    "nombre": "One Stop",
    "estado_nombre": "correcto",
    "direccion": "Calle Lepanto",
    "lat": 38.5387,
    "lng": -0.11707,
    "utm_x": 752250.98,
    "utm_y": 4269516.82,
    "utm_huso": 30,
    "fuente": "OpenStreetMap (Overpass)",
    "licencia": "ODbL 1.0",
    "confianza": 26,
    "estado_espacial": "valido",
    "geometria_origen": "punto_representativo"
   }
  },
  {
   "type": "Feature",
   "geometry": {
    "type": "Point",
    "coordinates": [
     -0.13437,
     38.5402
    ]
   },
   "properties": {
    "id_tecnico": "39161f4a-8538-43a9-847d-33bef472074e",
    "categoria": "equipamientos",
    "tipo": "alimentacion",
    "nombre": "Spar",
    "estado_nombre": "correcto",
    "direccion": "Calle Tordo 0",
    "lat": 38.5402,
    "lng": -0.13437,
    "utm_x": 750731.82,
    "utm_y": 4269636.29,
    "utm_huso": 30,
    "fuente": "OpenStreetMap (Overpass)",
    "licencia": "ODbL 1.0",
    "confianza": 26,
    "estado_espacial": "valido",
    "geometria_origen": "punto_representativo"
   }
  },
  {
   "type": "Feature",
   "geometry": {
    "type": "Point",
    "coordinates": [
     -0.10663,
     38.53205
    ]
   },
   "properties": {
    "id_tecnico": "39509c17-a261-4a3f-a4f3-88901752d78d",
    "categoria": "infraestructuras",
    "tipo": "parada_autobus",
    "nombre": "24",
    "estado_nombre": "por_revisar",
    "direccion": null,
    "lat": 38.53205,
    "lng": -0.10663,
    "utm_x": 753187.69,
    "utm_y": 4268807.2,
    "utm_huso": 30,
    "fuente": "OpenStreetMap (Overpass)",
    "licencia": "ODbL 1.0",
    "confianza": 23,
    "estado_espacial": "proximo_limite",
    "geometria_origen": "punto_representativo"
   }
  },
  {
   "type": "Feature",
   "geometry": {
    "type": "Point",
    "coordinates": [
     -0.11529,
     38.54051
    ]
   },
   "properties": {
    "id_tecnico": "3959bc52-765c-4a14-b997-861037356bb3",
    "categoria": "infraestructuras",
    "tipo": "alojamiento",
    "nombre": "Palm Court Apartments",
    "estado_nombre": "correcto",
    "direccion": null,
    "lat": 38.54051,
    "lng": -0.11529,
    "utm_x": 752400.51,
    "utm_y": 4269722.57,
    "utm_huso": 30,
    "fuente": "OpenStreetMap (Overpass)",
    "licencia": "ODbL 1.0",
    "confianza": 23,
    "estado_espacial": "valido",
    "geometria_origen": "punto_representativo"
   }
  },
  {
   "type": "Feature",
   "geometry": {
    "type": "Point",
    "coordinates": [
     -0.13144,
     38.5381
    ]
   },
   "properties": {
    "id_tecnico": "399ba33a-6adf-4d2b-91c0-560416be3e42",
    "categoria": "equipamientos",
    "tipo": "centro_salud",
    "nombre": "Instituto Ginecólogo Marina Baixa",
    "estado_nombre": "correcto",
    "direccion": null,
    "lat": 38.5381,
    "lng": -0.13144,
    "utm_x": 750995.45,
    "utm_y": 4269411.15,
    "utm_huso": 30,
    "fuente": "OpenStreetMap (Overpass)",
    "licencia": "ODbL 1.0",
    "confianza": 23,
    "estado_espacial": "valido",
    "geometria_origen": "punto_representativo"
   }
  },
  {
   "type": "Feature",
   "geometry": {
    "type": "Point",
    "coordinates": [
     -0.12059,
     38.54038
    ]
   },
   "properties": {
    "id_tecnico": "39cdf1c6-9630-408d-b778-6cd010b749fc",
    "categoria": "animales",
    "tipo": "clinica_veterinaria",
    "nombre": "Energy Vet",
    "estado_nombre": "correcto",
    "direccion": "Avinguda d'Europa 19",
    "lat": 38.54038,
    "lng": -0.12059,
    "utm_x": 751937.13,
    "utm_y": 4269693.7,
    "utm_huso": 30,
    "fuente": "OpenStreetMap (Overpass)",
    "licencia": "ODbL 1.0",
    "confianza": 26,
    "estado_espacial": "valido",
    "geometria_origen": "punto_representativo"
   }
  },
  {
   "type": "Feature",
   "geometry": {
    "type": "Point",
    "coordinates": [
     -0.10512,
     38.56147
    ]
   },
   "properties": {
    "id_tecnico": "39e9b780-9ab8-435d-9842-e91a4cc2c4e2",
    "categoria": "equipamientos",
    "tipo": "servicios_sociales",
    "nombre": "Asociación Doble Amor Para la Promoción de Personas Con Discapacidad Intelectual",
    "estado_nombre": "correcto",
    "direccion": null,
    "lat": 38.56147,
    "lng": -0.10512,
    "utm_x": 753217.82,
    "utm_y": 4272076.83,
    "utm_huso": 30,
    "fuente": "OpenStreetMap (Overpass)",
    "licencia": "ODbL 1.0",
    "confianza": 23,
    "estado_espacial": "valido",
    "geometria_origen": "punto_representativo"
   }
  },
  {
   "type": "Feature",
   "geometry": {
    "type": "Point",
    "coordinates": [
     -0.11584,
     38.5396
    ]
   },
   "properties": {
    "id_tecnico": "39f92b32-b473-4ca2-a1d5-65e16abfe0e5",
    "categoria": "infraestructuras",
    "tipo": "parada_autobus",
    "nombre": "C/ Eivissa, 15",
    "estado_nombre": "correcto",
    "direccion": null,
    "lat": 38.5396,
    "lng": -0.11584,
    "utm_x": 752355.52,
    "utm_y": 4269620.06,
    "utm_huso": 30,
    "fuente": "OpenStreetMap (Overpass)",
    "licencia": "ODbL 1.0",
    "confianza": 23,
    "estado_espacial": "valido",
    "geometria_origen": "punto_representativo"
   }
  },
  {
   "type": "Feature",
   "geometry": {
    "type": "Point",
    "coordinates": [
     -0.10329,
     38.55613
    ]
   },
   "properties": {
    "id_tecnico": "3ab1e31c-6222-461f-8d87-97603f954ca9",
    "categoria": "infraestructuras",
    "tipo": "parada_autobus",
    "nombre": "Av. Severo Ochoa, 67 (Estanquet)",
    "estado_nombre": "correcto",
    "direccion": null,
    "lat": 38.55613,
    "lng": -0.10329,
    "utm_x": 753396.46,
    "utm_y": 4271489.12,
    "utm_huso": 30,
    "fuente": "OpenStreetMap (Overpass)",
    "licencia": "ODbL 1.0",
    "confianza": 23,
    "estado_espacial": "valido",
    "geometria_origen": "punto_representativo"
   }
  },
  {
   "type": "Feature",
   "geometry": {
    "type": "Point",
    "coordinates": [
     -0.10613,
     38.5404
    ]
   },
   "properties": {
    "id_tecnico": "3b0062a0-1d93-4ce4-8837-714735887274",
    "categoria": "equipamientos",
    "tipo": "consultorio",
    "nombre": "Ibermutua",
    "estado_nombre": "correcto",
    "direccion": "Carrer del Doctor Ramón y Cajal",
    "lat": 38.5404,
    "lng": -0.10613,
    "utm_x": 753202.51,
    "utm_y": 4269735.38,
    "utm_huso": 30,
    "fuente": "OpenStreetMap (Overpass)",
    "licencia": "ODbL 1.0",
    "confianza": 26,
    "estado_espacial": "valido",
    "geometria_origen": "punto_representativo"
   }
  },
  {
   "type": "Feature",
   "geometry": {
    "type": "Point",
    "coordinates": [
     -0.13413,
     38.5458
    ]
   },
   "properties": {
    "id_tecnico": "3b0f9fe7-a71a-4a1e-a337-df636310e674",
    "categoria": "infraestructuras",
    "tipo": "parada_autobus",
    "nombre": "156 - Jardines 1",
    "estado_nombre": "correcto",
    "direccion": "C/ Jardins, 1",
    "lat": 38.5458,
    "lng": -0.13413,
    "utm_x": 750733.6,
    "utm_y": 4270258.51,
    "utm_huso": 30,
    "fuente": "Plantilla municipal — Limpieza info (PTM Benidorm)",
    "licencia": "Uso interno del proyecto",
    "confianza": 26,
    "estado_espacial": "valido",
    "geometria_origen": "punto_representativo"
   }
  },
  {
   "type": "Feature",
   "geometry": {
    "type": "Point",
    "coordinates": [
     -0.12724,
     38.54265
    ]
   },
   "properties": {
    "id_tecnico": "3b0fe79f-9661-4e7b-bc23-62e81456ef6e",
    "categoria": "equipamientos",
    "tipo": "farmacia",
    "nombre": "Farmacia Fuster Criado",
    "estado_nombre": "correcto",
    "direccion": null,
    "lat": 38.54265,
    "lng": -0.12724,
    "utm_x": 751347.36,
    "utm_y": 4269927.57,
    "utm_huso": 30,
    "fuente": "OpenStreetMap (Overpass)",
    "licencia": "ODbL 1.0",
    "confianza": 23,
    "estado_espacial": "valido",
    "geometria_origen": "punto_representativo"
   }
  },
  {
   "type": "Feature",
   "geometry": {
    "type": "Point",
    "coordinates": [
     -0.13016,
     38.53891
    ]
   },
   "properties": {
    "id_tecnico": "3b19df84-0ba2-41f4-b5b2-ea404098ac1d",
    "categoria": "infraestructuras",
    "tipo": "parada_autobus",
    "nombre": "368 - Ruzafa 39",
    "estado_nombre": "correcto",
    "direccion": "C/ Russafa, 29",
    "lat": 38.53891,
    "lng": -0.13016,
    "utm_x": 751104.68,
    "utm_y": 4269504.52,
    "utm_huso": 30,
    "fuente": "Plantilla municipal — Limpieza info (PTM Benidorm)",
    "licencia": "Uso interno del proyecto",
    "confianza": 26,
    "estado_espacial": "valido",
    "geometria_origen": "punto_representativo"
   }
  },
  {
   "type": "Feature",
   "geometry": {
    "type": "Point",
    "coordinates": [
     -0.13538,
     38.54165
    ]
   },
   "properties": {
    "id_tecnico": "3b2d5536-9cec-4725-802f-98d735097078",
    "categoria": "infraestructuras",
    "tipo": "parada_autobus",
    "nombre": "26",
    "estado_nombre": "por_revisar",
    "direccion": null,
    "lat": 38.54165,
    "lng": -0.13538,
    "utm_x": 750638.45,
    "utm_y": 4269794.5,
    "utm_huso": 30,
    "fuente": "OpenStreetMap (Overpass)",
    "licencia": "ODbL 1.0",
    "confianza": 23,
    "estado_espacial": "valido",
    "geometria_origen": "punto_representativo"
   }
  },
  {
   "type": "Feature",
   "geometry": {
    "type": "Point",
    "coordinates": [
     -0.13136,
     38.53689
    ]
   },
   "properties": {
    "id_tecnico": "3bbc203e-8c30-4874-82e4-b595b42ab48b",
    "categoria": "equipamientos",
    "tipo": "alimentacion",
    "nombre": "Mercadona",
    "estado_nombre": "correcto",
    "direccion": null,
    "lat": 38.53689,
    "lng": -0.13136,
    "utm_x": 751006.61,
    "utm_y": 4269277.06,
    "utm_huso": 30,
    "fuente": "OpenStreetMap (Overpass)",
    "licencia": "ODbL 1.0",
    "confianza": 23,
    "estado_espacial": "proximo_limite",
    "geometria_origen": "punto_representativo"
   }
  },
  {
   "type": "Feature",
   "geometry": {
    "type": "Point",
    "coordinates": [
     -0.16581,
     38.532
    ]
   },
   "properties": {
    "id_tecnico": "3bccea62-7034-47ae-a5b0-8813217ca9b3",
    "categoria": "infraestructuras",
    "tipo": "parada_autobus",
    "nombre": "C/ Juan Antonio Baldoví, 13",
    "estado_nombre": "correcto",
    "direccion": null,
    "lat": 38.532,
    "lng": -0.16581,
    "utm_x": 748008.24,
    "utm_y": 4268641.42,
    "utm_huso": 30,
    "fuente": "OpenStreetMap (Overpass)",
    "licencia": "ODbL 1.0",
    "confianza": 23,
    "estado_espacial": "proximo_limite",
    "geometria_origen": "punto_representativo"
   }
  },
  {
   "type": "Feature",
   "geometry": {
    "type": "Point",
    "coordinates": [
     -0.11702,
     38.54045
    ]
   },
   "properties": {
    "id_tecnico": "3bcf447b-754e-41ad-8687-66f57b0ba190",
    "categoria": "equipamientos",
    "tipo": "alimentacion",
    "nombre": "Quick Save",
    "estado_nombre": "correcto",
    "direccion": "Avenida de Cuenca 18",
    "lat": 38.54045,
    "lng": -0.11702,
    "utm_x": 752249.31,
    "utm_y": 4269711.19,
    "utm_huso": 30,
    "fuente": "OpenStreetMap (Overpass)",
    "licencia": "ODbL 1.0",
    "confianza": 26,
    "estado_espacial": "valido",
    "geometria_origen": "punto_representativo"
   }
  },
  {
   "type": "Feature",
   "geometry": {
    "type": "Point",
    "coordinates": [
     -0.13359,
     38.53725
    ]
   },
   "properties": {
    "id_tecnico": "3bd9a080-85c4-4297-b3fc-9426303dc76c",
    "categoria": "infraestructuras",
    "tipo": "alojamiento",
    "nombre": "La Costera",
    "estado_nombre": "correcto",
    "direccion": "Costera del Campo",
    "lat": 38.53725,
    "lng": -0.13359,
    "utm_x": 750810.21,
    "utm_y": 4269310.97,
    "utm_huso": 30,
    "fuente": "OpenStreetMap (Overpass)",
    "licencia": "ODbL 1.0",
    "confianza": 26,
    "estado_espacial": "proximo_limite",
    "geometria_origen": "punto_representativo"
   }
  },
  {
   "type": "Feature",
   "geometry": {
    "type": "Point",
    "coordinates": [
     -0.12001,
     38.53923
    ]
   },
   "properties": {
    "id_tecnico": "3c147a1c-27d8-46dd-af63-295d3cfd6dd1",
    "categoria": "equipamientos",
    "tipo": "alimentacion",
    "nombre": "British Bar",
    "estado_nombre": "correcto",
    "direccion": null,
    "lat": 38.53923,
    "lng": -0.12001,
    "utm_x": 751991.86,
    "utm_y": 4269567.63,
    "utm_huso": 30,
    "fuente": "OpenStreetMap (Overpass)",
    "licencia": "ODbL 1.0",
    "confianza": 23,
    "estado_espacial": "valido",
    "geometria_origen": "punto_representativo"
   }
  },
  {
   "type": "Feature",
   "geometry": {
    "type": "Point",
    "coordinates": [
     -0.10747,
     38.53644
    ]
   },
   "properties": {
    "id_tecnico": "3c36bb89-2604-43c2-8960-857898b9ceef",
    "categoria": "equipamientos",
    "tipo": "alimentacion",
    "nombre": "Mercaloix",
    "estado_nombre": "correcto",
    "direccion": null,
    "lat": 38.53644,
    "lng": -0.10747,
    "utm_x": 753098.96,
    "utm_y": 4269292.18,
    "utm_huso": 30,
    "fuente": "OpenStreetMap (Overpass)",
    "licencia": "ODbL 1.0",
    "confianza": 23,
    "estado_espacial": "valido",
    "geometria_origen": "punto_representativo"
   }
  },
  {
   "type": "Feature",
   "geometry": {
    "type": "Point",
    "coordinates": [
     -0.13465,
     38.53787
    ]
   },
   "properties": {
    "id_tecnico": "3ce4b7fa-9245-464f-9ffe-4f0e6b0e91c4",
    "categoria": "equipamientos",
    "tipo": "alimentacion",
    "nombre": "masymas",
    "estado_nombre": "correcto",
    "direccion": "Marqués de Comillas 33",
    "lat": 38.53787,
    "lng": -0.13465,
    "utm_x": 750715.31,
    "utm_y": 4269376.92,
    "utm_huso": 30,
    "fuente": "OpenStreetMap (Overpass)",
    "licencia": "ODbL 1.0",
    "confianza": 29,
    "estado_espacial": "proximo_limite",
    "geometria_origen": "punto_representativo"
   }
  },
  {
   "type": "Feature",
   "geometry": {
    "type": "Point",
    "coordinates": [
     -0.09692,
     38.57126
    ]
   },
   "properties": {
    "id_tecnico": "3d0d3acd-3e40-485a-9be7-bd6a8dd8a35e",
    "categoria": "equipamientos",
    "tipo": "alimentacion",
    "nombre": "alimentacion way/1256809419",
    "estado_nombre": "correcto",
    "direccion": null,
    "lat": 38.57126,
    "lng": -0.09692,
    "utm_x": 753901.16,
    "utm_y": 4273185.96,
    "utm_huso": 30,
    "fuente": "OpenStreetMap (Overpass)",
    "licencia": "ODbL 1.0",
    "confianza": 3,
    "estado_espacial": "fuera_municipio",
    "geometria_origen": "punto_representativo"
   }
  },
  {
   "type": "Feature",
   "geometry": {
    "type": "Point",
    "coordinates": [
     -0.13122,
     38.53809
    ]
   },
   "properties": {
    "id_tecnico": "3d5d790b-1d39-4d72-b758-ae2916ee1a95",
    "categoria": "equipamientos",
    "tipo": "alimentacion",
    "nombre": "Supermercado Llorca",
    "estado_nombre": "correcto",
    "direccion": "Carrer de Tomás Ortuño 21",
    "lat": 38.53809,
    "lng": -0.13122,
    "utm_x": 751014.74,
    "utm_y": 4269410.63,
    "utm_huso": 30,
    "fuente": "OpenStreetMap (Overpass)",
    "licencia": "ODbL 1.0",
    "confianza": 26,
    "estado_espacial": "valido",
    "geometria_origen": "punto_representativo"
   }
  },
  {
   "type": "Feature",
   "geometry": {
    "type": "Point",
    "coordinates": [
     -0.14315,
     38.54622
    ]
   },
   "properties": {
    "id_tecnico": "3d7b587c-93ad-4eb2-b7ac-aa51c9e09c4a",
    "categoria": "infraestructuras",
    "tipo": "parada_autobus",
    "nombre": "26",
    "estado_nombre": "por_revisar",
    "direccion": null,
    "lat": 38.54622,
    "lng": -0.14315,
    "utm_x": 749942.85,
    "utm_y": 4270280.73,
    "utm_huso": 30,
    "fuente": "OpenStreetMap (Overpass)",
    "licencia": "ODbL 1.0",
    "confianza": 23,
    "estado_espacial": "valido",
    "geometria_origen": "punto_representativo"
   }
  },
  {
   "type": "Feature",
   "geometry": {
    "type": "Point",
    "coordinates": [
     -0.13628,
     38.53863
    ]
   },
   "properties": {
    "id_tecnico": "3dabf214-3f7a-4714-832e-d5c48824a180",
    "categoria": "infraestructuras",
    "tipo": "parada_autobus",
    "nombre": "Av. Jaume I, 16",
    "estado_nombre": "correcto",
    "direccion": null,
    "lat": 38.53863,
    "lng": -0.13628,
    "utm_x": 750570.05,
    "utm_y": 4269456.86,
    "utm_huso": 30,
    "fuente": "OpenStreetMap (Overpass)",
    "licencia": "ODbL 1.0",
    "confianza": 23,
    "estado_espacial": "proximo_limite",
    "geometria_origen": "punto_representativo"
   }
  },
  {
   "type": "Feature",
   "geometry": {
    "type": "Point",
    "coordinates": [
     -0.10571,
     38.52954
    ]
   },
   "properties": {
    "id_tecnico": "3e2ff1fb-cf8c-40e9-bfda-e260f83060ff",
    "categoria": "infraestructuras",
    "tipo": "parada_autobus",
    "nombre": "308 - Sierra Dorada",
    "estado_nombre": "correcto",
    "direccion": "C/ Sierra Dorada",
    "lat": 38.52954,
    "lng": -0.10571,
    "utm_x": 753276.91,
    "utm_y": 4268531.12,
    "utm_huso": 30,
    "fuente": "Plantilla municipal — Limpieza info (PTM Benidorm)",
    "licencia": "Uso interno del proyecto",
    "confianza": 26,
    "estado_espacial": "proximo_limite",
    "geometria_origen": "punto_representativo"
   }
  },
  {
   "type": "Feature",
   "geometry": {
    "type": "Point",
    "coordinates": [
     -0.12971,
     38.55001
    ]
   },
   "properties": {
    "id_tecnico": "3e4c5f95-5f1e-4c8b-96df-3177a23c95e6",
    "categoria": "equipamientos",
    "tipo": "centro_formacion",
    "nombre": "CENTRE ESTRANGER OAKWOOD BRITISH SCHOOL",
    "estado_nombre": "correcto",
    "direccion": "PD. ELS TOLLS, 19",
    "lat": 38.55001,
    "lng": -0.12971,
    "utm_x": 751105.9,
    "utm_y": 4270737.79,
    "utm_huso": 30,
    "fuente": "GVA - Centros docentes de la Comunitat Valenciana (ICV WFS)",
    "licencia": "CC BY 4.0",
    "confianza": 29,
    "estado_espacial": "valido",
    "geometria_origen": "punto_representativo"
   }
  },
  {
   "type": "Feature",
   "geometry": {
    "type": "Point",
    "coordinates": [
     -0.13725,
     38.54064
    ]
   },
   "properties": {
    "id_tecnico": "3eeb639d-8ce5-4906-808d-936106087b53",
    "categoria": "equipamientos",
    "tipo": "centro_salud",
    "nombre": "CENTRO DE SALUD DE BENIDORM LES FOIETES",
    "estado_nombre": "correcto",
    "direccion": "AVDA. VENEZUELA, 12",
    "lat": 38.54064,
    "lng": -0.13725,
    "utm_x": 750478.27,
    "utm_y": 4269677.33,
    "utm_huso": 30,
    "fuente": "GVA - Sistema Valenciano de Salud, centros sanitarios (ICV WFS)",
    "licencia": "CC BY 4.0",
    "confianza": 26,
    "estado_espacial": "valido",
    "geometria_origen": "punto_representativo"
   }
  },
  {
   "type": "Feature",
   "geometry": {
    "type": "Point",
    "coordinates": [
     -0.11374,
     38.53957
    ]
   },
   "properties": {
    "id_tecnico": "3eed8565-41c2-4d4f-96bd-8ed05e3d8b25",
    "categoria": "infraestructuras",
    "tipo": "parada_autobus",
    "nombre": "312 - H. Pueblo",
    "estado_nombre": "correcto",
    "direccion": "C/ Eivissa, 17 (Mercat)",
    "lat": 38.53957,
    "lng": -0.11374,
    "utm_x": 752539.4,
    "utm_y": 4269622.46,
    "utm_huso": 30,
    "fuente": "Plantilla municipal — Limpieza info (PTM Benidorm)",
    "licencia": "Uso interno del proyecto",
    "confianza": 26,
    "estado_espacial": "valido",
    "geometria_origen": "punto_representativo"
   }
  },
  {
   "type": "Feature",
   "geometry": {
    "type": "Point",
    "coordinates": [
     -0.16261,
     38.53233
    ]
   },
   "properties": {
    "id_tecnico": "3f18ee99-bbe9-4d55-ba8b-b84ed865e12e",
    "categoria": "infraestructuras",
    "tipo": "parada_taxi",
    "nombre": "parada taxi node/975411715",
    "estado_nombre": "correcto",
    "direccion": null,
    "lat": 38.53233,
    "lng": -0.16261,
    "utm_x": 748287.19,
    "utm_y": 4268686.63,
    "utm_huso": 30,
    "fuente": "OpenStreetMap (Overpass)",
    "licencia": "ODbL 1.0",
    "confianza": 23,
    "estado_espacial": "valido",
    "geometria_origen": "punto_representativo"
   }
  },
  {
   "type": "Feature",
   "geometry": {
    "type": "Point",
    "coordinates": [
     -0.13444,
     38.53914
    ]
   },
   "properties": {
    "id_tecnico": "3f330109-022c-415d-a3fc-878724e4f604",
    "categoria": "infraestructuras",
    "tipo": "alojamiento",
    "nombre": "Hotel BBB",
    "estado_nombre": "correcto",
    "direccion": "Calle de los Tulipanes 6",
    "lat": 38.53914,
    "lng": -0.13444,
    "utm_x": 750729.33,
    "utm_y": 4269518.45,
    "utm_huso": 30,
    "fuente": "OpenStreetMap (Overpass)",
    "licencia": "ODbL 1.0",
    "confianza": 26,
    "estado_espacial": "valido",
    "geometria_origen": "punto_representativo"
   }
  },
  {
   "type": "Feature",
   "geometry": {
    "type": "Point",
    "coordinates": [
     -0.12004,
     38.53591
    ]
   },
   "properties": {
    "id_tecnico": "3fe8c66b-1af8-4c52-b8eb-2aa7c8e2bd67",
    "categoria": "equipamientos",
    "tipo": "alimentacion",
    "nombre": "Europa Express",
    "estado_nombre": "correcto",
    "direccion": "Avinguda de Madrid - Avenida de Madrid 1",
    "lat": 38.53591,
    "lng": -0.12004,
    "utm_x": 752000.68,
    "utm_y": 4269199.05,
    "utm_huso": 30,
    "fuente": "OpenStreetMap (Overpass)",
    "licencia": "ODbL 1.0",
    "confianza": 26,
    "estado_espacial": "proximo_limite",
    "geometria_origen": "punto_representativo"
   }
  },
  {
   "type": "Feature",
   "geometry": {
    "type": "Point",
    "coordinates": [
     -0.13013,
     38.57358
    ]
   },
   "properties": {
    "id_tecnico": "401de8fe-4214-4db8-8652-eadb69e2fa94",
    "categoria": "equipamientos",
    "tipo": "farmacia",
    "nombre": "farmacia node/4737083722",
    "estado_nombre": "correcto",
    "direccion": null,
    "lat": 38.57358,
    "lng": -0.13013,
    "utm_x": 750988.09,
    "utm_y": 4273352.81,
    "utm_huso": 30,
    "fuente": "OpenStreetMap (Overpass)",
    "licencia": "ODbL 1.0",
    "confianza": 3,
    "estado_espacial": "fuera_municipio",
    "geometria_origen": "punto_representativo"
   }
  },
  {
   "type": "Feature",
   "geometry": {
    "type": "Point",
    "coordinates": [
     -0.15101,
     38.54227
    ]
   },
   "properties": {
    "id_tecnico": "40b46ce9-f2fa-4339-8740-28550ec9c473",
    "categoria": "infraestructuras",
    "tipo": "parada_autobus",
    "nombre": "C/ Adolfo Suárez, 12",
    "estado_nombre": "correcto",
    "direccion": null,
    "lat": 38.54227,
    "lng": -0.15101,
    "utm_x": 749268.53,
    "utm_y": 4269821.1,
    "utm_huso": 30,
    "fuente": "OpenStreetMap (Overpass)",
    "licencia": "ODbL 1.0",
    "confianza": 23,
    "estado_espacial": "valido",
    "geometria_origen": "punto_representativo"
   }
  },
  {
   "type": "Feature",
   "geometry": {
    "type": "Point",
    "coordinates": [
     -0.10442,
     38.53949
    ]
   },
   "properties": {
    "id_tecnico": "40eb26b6-5e88-4c36-90b9-74fb969b5b57",
    "categoria": "equipamientos",
    "tipo": "alimentacion",
    "nombre": "Stop And Shop",
    "estado_nombre": "correcto",
    "direccion": null,
    "lat": 38.53949,
    "lng": -0.10442,
    "utm_x": 753355.31,
    "utm_y": 4269639.06,
    "utm_huso": 30,
    "fuente": "OpenStreetMap (Overpass)",
    "licencia": "ODbL 1.0",
    "confianza": 23,
    "estado_espacial": "valido",
    "geometria_origen": "punto_representativo"
   }
  },
  {
   "type": "Feature",
   "geometry": {
    "type": "Point",
    "coordinates": [
     -0.13271,
     38.53767
    ]
   },
   "properties": {
    "id_tecnico": "4113fa89-4539-4a7d-861f-ed8e62d1edd7",
    "categoria": "animales",
    "tipo": "clinica_veterinaria",
    "nombre": "La Clínica De Marina",
    "estado_nombre": "correcto",
    "direccion": "Carrer Marqués de Comillas 4",
    "lat": 38.53767,
    "lng": -0.13271,
    "utm_x": 750885.78,
    "utm_y": 4269359.97,
    "utm_huso": 30,
    "fuente": "OpenStreetMap (Overpass)",
    "licencia": "ODbL 1.0",
    "confianza": 26,
    "estado_espacial": "proximo_limite",
    "geometria_origen": "punto_representativo"
   }
  },
  {
   "type": "Feature",
   "geometry": {
    "type": "Point",
    "coordinates": [
     -0.11957,
     38.53796
    ]
   },
   "properties": {
    "id_tecnico": "413ea71f-3ab5-453a-8348-59ec0492fdf5",
    "categoria": "equipamientos",
    "tipo": "alimentacion",
    "nombre": "alimentacion node/8807288199",
    "estado_nombre": "correcto",
    "direccion": "Calle de Gerona 16",
    "lat": 38.53796,
    "lng": -0.11957,
    "utm_x": 752034.75,
    "utm_y": 4269427.87,
    "utm_huso": 30,
    "fuente": "OpenStreetMap (Overpass)",
    "licencia": "ODbL 1.0",
    "confianza": 26,
    "estado_espacial": "valido",
    "geometria_origen": "punto_representativo"
   }
  },
  {
   "type": "Feature",
   "geometry": {
    "type": "Point",
    "coordinates": [
     -0.15672,
     38.53664
    ]
   },
   "properties": {
    "id_tecnico": "4140e3bf-e854-40f7-a6be-50ebc2058c20",
    "categoria": "infraestructuras",
    "tipo": "parada_autobus",
    "nombre": "3, 25",
    "estado_nombre": "correcto",
    "direccion": null,
    "lat": 38.53664,
    "lng": -0.15672,
    "utm_x": 748788.02,
    "utm_y": 4269180.83,
    "utm_huso": 30,
    "fuente": "OpenStreetMap (Overpass)",
    "licencia": "ODbL 1.0",
    "confianza": 23,
    "estado_espacial": "valido",
    "geometria_origen": "punto_representativo"
   }
  },
  {
   "type": "Feature",
   "geometry": {
    "type": "Point",
    "coordinates": [
     -0.13439,
     38.54802
    ]
   },
   "properties": {
    "id_tecnico": "418855d9-6844-4c8b-af1c-fc3cfce21f00",
    "categoria": "medios_recursos",
    "tipo": "desfibrilador",
    "nombre": "desfibrilador node/12716728301",
    "estado_nombre": "correcto",
    "direccion": null,
    "lat": 38.54802,
    "lng": -0.13439,
    "utm_x": 750703.22,
    "utm_y": 4270504.22,
    "utm_huso": 30,
    "fuente": "OpenStreetMap (Overpass)",
    "licencia": "ODbL 1.0",
    "confianza": 23,
    "estado_espacial": "valido",
    "geometria_origen": "punto_representativo"
   }
  },
  {
   "type": "Feature",
   "geometry": {
    "type": "Point",
    "coordinates": [
     -0.14585,
     38.54058
    ]
   },
   "properties": {
    "id_tecnico": "426cea0e-0549-4b25-b2ef-70fc022590d0",
    "categoria": "infraestructuras",
    "tipo": "parada_autobus",
    "nombre": "Av. Cuba 6",
    "estado_nombre": "correcto",
    "direccion": null,
    "lat": 38.54058,
    "lng": -0.14585,
    "utm_x": 749725.87,
    "utm_y": 4269647.43,
    "utm_huso": 30,
    "fuente": "OpenStreetMap (Overpass)",
    "licencia": "ODbL 1.0",
    "confianza": 23,
    "estado_espacial": "valido",
    "geometria_origen": "punto_representativo"
   }
  },
  {
   "type": "Feature",
   "geometry": {
    "type": "Point",
    "coordinates": [
     -0.12345,
     38.53844
    ]
   },
   "properties": {
    "id_tecnico": "430c659d-4f31-4851-a742-59c34d558dd7",
    "categoria": "infraestructuras",
    "tipo": "parada_autobus",
    "nombre": "Av. Orts Llorca, 5AC",
    "estado_nombre": "correcto",
    "direccion": null,
    "lat": 38.53844,
    "lng": -0.12345,
    "utm_x": 751693.53,
    "utm_y": 4269470.58,
    "utm_huso": 30,
    "fuente": "OpenStreetMap (Overpass)",
    "licencia": "ODbL 1.0",
    "confianza": 23,
    "estado_espacial": "valido",
    "geometria_origen": "punto_representativo"
   }
  },
  {
   "type": "Feature",
   "geometry": {
    "type": "Point",
    "coordinates": [
     -0.12449,
     38.54618
    ]
   },
   "properties": {
    "id_tecnico": "431c6f94-5fdc-426c-a839-39ec25e18488",
    "categoria": "infraestructuras",
    "tipo": "parada_autobus",
    "nombre": "Av. Bèlgica, 17",
    "estado_nombre": "correcto",
    "direccion": null,
    "lat": 38.54618,
    "lng": -0.12449,
    "utm_x": 751575.85,
    "utm_y": 4270326.86,
    "utm_huso": 30,
    "fuente": "OpenStreetMap (Overpass)",
    "licencia": "ODbL 1.0",
    "confianza": 23,
    "estado_espacial": "valido",
    "geometria_origen": "punto_representativo"
   }
  },
  {
   "type": "Feature",
   "geometry": {
    "type": "Point",
    "coordinates": [
     -0.12254,
     38.55502
    ]
   },
   "properties": {
    "id_tecnico": "4333c53e-bafc-423e-bde8-e996cb4edbec",
    "categoria": "equipamientos",
    "tipo": "colegio",
    "nombre": "Institut d'Educació Secundària l'Almadrava",
    "estado_nombre": "correcto",
    "direccion": null,
    "lat": 38.55502,
    "lng": -0.12254,
    "utm_x": 751716.01,
    "utm_y": 4271313.36,
    "utm_huso": 30,
    "fuente": "OpenStreetMap (Overpass)",
    "licencia": "ODbL 1.0",
    "confianza": 26,
    "estado_espacial": "valido",
    "geometria_origen": "punto_representativo"
   }
  },
  {
   "type": "Feature",
   "geometry": {
    "type": "Point",
    "coordinates": [
     -0.12155,
     38.53795
    ]
   },
   "properties": {
    "id_tecnico": "4336704e-f0d6-4c8c-9673-c24eaf1591e4",
    "categoria": "infraestructuras",
    "tipo": "parada_autobus",
    "nombre": "C/ Girona, 12",
    "estado_nombre": "correcto",
    "direccion": null,
    "lat": 38.53795,
    "lng": -0.12155,
    "utm_x": 751861.5,
    "utm_y": 4269421.37,
    "utm_huso": 30,
    "fuente": "OpenStreetMap (Overpass)",
    "licencia": "ODbL 1.0",
    "confianza": 23,
    "estado_espacial": "valido",
    "geometria_origen": "punto_representativo"
   }
  },
  {
   "type": "Feature",
   "geometry": {
    "type": "Point",
    "coordinates": [
     -0.10803,
     38.53512
    ]
   },
   "properties": {
    "id_tecnico": "4357613b-7c40-4ce7-81e4-a786714386c3",
    "categoria": "equipamientos",
    "tipo": "alimentacion",
    "nombre": "Big Ben",
    "estado_nombre": "correcto",
    "direccion": "Avenida del Mediterráneo",
    "lat": 38.53512,
    "lng": -0.10803,
    "utm_x": 753054.52,
    "utm_y": 4269144.13,
    "utm_huso": 30,
    "fuente": "OpenStreetMap (Overpass)",
    "licencia": "ODbL 1.0",
    "confianza": 26,
    "estado_espacial": "proximo_limite",
    "geometria_origen": "punto_representativo"
   }
  },
  {
   "type": "Feature",
   "geometry": {
    "type": "Point",
    "coordinates": [
     -0.13391,
     38.53907
    ]
   },
   "properties": {
    "id_tecnico": "435a8364-6111-46ed-83b0-b5c8104642d5",
    "categoria": "infraestructuras",
    "tipo": "alojamiento",
    "nombre": "Rosabel",
    "estado_nombre": "correcto",
    "direccion": "Calle de los Tulipanes",
    "lat": 38.53907,
    "lng": -0.13391,
    "utm_x": 750775.95,
    "utm_y": 4269512.11,
    "utm_huso": 30,
    "fuente": "OpenStreetMap (Overpass)",
    "licencia": "ODbL 1.0",
    "confianza": 26,
    "estado_espacial": "valido",
    "geometria_origen": "punto_representativo"
   }
  },
  {
   "type": "Feature",
   "geometry": {
    "type": "Point",
    "coordinates": [
     -0.10193,
     38.54428
    ]
   },
   "properties": {
    "id_tecnico": "435d2fc4-065f-44ca-a3a7-5730c5680760",
    "categoria": "infraestructuras",
    "tipo": "parada_autobus",
    "nombre": "Av. Severo Ochoa, 16 (Hotel Mediterráneo)",
    "estado_nombre": "correcto",
    "direccion": null,
    "lat": 38.54428,
    "lng": -0.10193,
    "utm_x": 753556.6,
    "utm_y": 4270177.55,
    "utm_huso": 30,
    "fuente": "OpenStreetMap (Overpass)",
    "licencia": "ODbL 1.0",
    "confianza": 23,
    "estado_espacial": "valido",
    "geometria_origen": "punto_representativo"
   }
  },
  {
   "type": "Feature",
   "geometry": {
    "type": "Point",
    "coordinates": [
     -0.12489,
     38.55095
    ]
   },
   "properties": {
    "id_tecnico": "437ca9e3-83c5-4aad-a11b-2ba9f69c3fb4",
    "categoria": "infraestructuras",
    "tipo": "parada_autobus",
    "nombre": "Pg. els Tolls, 2 (Jutjats)",
    "estado_nombre": "correcto",
    "direccion": null,
    "lat": 38.55095,
    "lng": -0.12489,
    "utm_x": 751524.42,
    "utm_y": 4270855.22,
    "utm_huso": 30,
    "fuente": "OpenStreetMap (Overpass)",
    "licencia": "ODbL 1.0",
    "confianza": 23,
    "estado_espacial": "valido",
    "geometria_origen": "punto_representativo"
   }
  },
  {
   "type": "Feature",
   "geometry": {
    "type": "Point",
    "coordinates": [
     -0.13821,
     38.56128
    ]
   },
   "properties": {
    "id_tecnico": "43c65f9b-1374-4263-b412-909818e9c781",
    "categoria": "infraestructuras",
    "tipo": "parada_autobus",
    "nombre": "184 - Zaplana 184",
    "estado_nombre": "correcto",
    "direccion": "Av. Eduardo Zaplana, s/n",
    "lat": 38.56128,
    "lng": -0.13821,
    "utm_x": 750323.49,
    "utm_y": 4271965.67,
    "utm_huso": 30,
    "fuente": "Plantilla municipal — Limpieza info (PTM Benidorm)",
    "licencia": "Uso interno del proyecto",
    "confianza": 26,
    "estado_espacial": "valido",
    "geometria_origen": "punto_representativo"
   }
  },
  {
   "type": "Feature",
   "geometry": {
    "type": "Point",
    "coordinates": [
     -0.1421,
     38.54056
    ]
   },
   "properties": {
    "id_tecnico": "43ce196f-e14e-484a-9b01-5174770d1b83",
    "categoria": "infraestructuras",
    "tipo": "parada_autobus",
    "nombre": "Av. Cuba, 4",
    "estado_nombre": "correcto",
    "direccion": null,
    "lat": 38.54056,
    "lng": -0.1421,
    "utm_x": 750054.11,
    "utm_y": 4269655.33,
    "utm_huso": 30,
    "fuente": "OpenStreetMap (Overpass)",
    "licencia": "ODbL 1.0",
    "confianza": 23,
    "estado_espacial": "valido",
    "geometria_origen": "punto_representativo"
   }
  },
  {
   "type": "Feature",
   "geometry": {
    "type": "Point",
    "coordinates": [
     -0.10085,
     38.55846
    ]
   },
   "properties": {
    "id_tecnico": "43d117dd-0146-4e30-ac55-733e17f1da3c",
    "categoria": "infraestructuras",
    "tipo": "parada_autobus",
    "nombre": "Av. Comunitat Valenciana, km 124.6",
    "estado_nombre": "correcto",
    "direccion": null,
    "lat": 38.55846,
    "lng": -0.10085,
    "utm_x": 753601.85,
    "utm_y": 4271754.43,
    "utm_huso": 30,
    "fuente": "OpenStreetMap (Overpass)",
    "licencia": "ODbL 1.0",
    "confianza": 23,
    "estado_espacial": "valido",
    "geometria_origen": "punto_representativo"
   }
  },
  {
   "type": "Feature",
   "geometry": {
    "type": "Point",
    "coordinates": [
     -0.12211,
     38.5519
    ]
   },
   "properties": {
    "id_tecnico": "4426693f-eb2d-4252-ac4c-d0a3ebc8ceb0",
    "categoria": "infraestructuras",
    "tipo": "parada_autobus",
    "nombre": "C/ Nau Llondro, 1 (Escola Oficial d'Idiomes)",
    "estado_nombre": "correcto",
    "direccion": null,
    "lat": 38.5519,
    "lng": -0.12211,
    "utm_x": 751764.4,
    "utm_y": 4270968.23,
    "utm_huso": 30,
    "fuente": "OpenStreetMap (Overpass)",
    "licencia": "ODbL 1.0",
    "confianza": 23,
    "estado_espacial": "valido",
    "geometria_origen": "punto_representativo"
   }
  },
  {
   "type": "Feature",
   "geometry": {
    "type": "Point",
    "coordinates": [
     -0.11555,
     38.53838
    ]
   },
   "properties": {
    "id_tecnico": "4458329c-0031-4b79-8f45-ef8dbea421c3",
    "categoria": "infraestructuras",
    "tipo": "parada_autobus",
    "nombre": "332 - Lepanto 22",
    "estado_nombre": "correcto",
    "direccion": "C/ Lepanto, 22",
    "lat": 38.53838,
    "lng": -0.11555,
    "utm_x": 752385.11,
    "utm_y": 4269485.44,
    "utm_huso": 30,
    "fuente": "Plantilla municipal — Limpieza info (PTM Benidorm)",
    "licencia": "Uso interno del proyecto",
    "confianza": 26,
    "estado_espacial": "valido",
    "geometria_origen": "punto_representativo"
   }
  },
  {
   "type": "Feature",
   "geometry": {
    "type": "Point",
    "coordinates": [
     -0.15928,
     38.53524
    ]
   },
   "properties": {
    "id_tecnico": "44d00d14-04f6-4a12-804f-4dc21de020ce",
    "categoria": "animales",
    "tipo": "clinica_veterinaria",
    "nombre": "Veterinario Benidorm Love Paws",
    "estado_nombre": "correcto",
    "direccion": null,
    "lat": 38.53524,
    "lng": -0.15928,
    "utm_x": 748568.74,
    "utm_y": 4269018.56,
    "utm_huso": 30,
    "fuente": "OpenStreetMap (Overpass)",
    "licencia": "ODbL 1.0",
    "confianza": 29,
    "estado_espacial": "valido",
    "geometria_origen": "punto_representativo"
   }
  },
  {
   "type": "Feature",
   "geometry": {
    "type": "Point",
    "coordinates": [
     -0.09721,
     38.57448
    ]
   },
   "properties": {
    "id_tecnico": "44d33667-d4a3-44e3-9fea-2392c3568427",
    "categoria": "equipamientos",
    "tipo": "colegio",
    "nombre": "Col·legi d'Educació Infantil i Primària Veles e Vents",
    "estado_nombre": "correcto",
    "direccion": null,
    "lat": 38.57448,
    "lng": -0.09721,
    "utm_x": 753864.59,
    "utm_y": 4273542.57,
    "utm_huso": 30,
    "fuente": "OpenStreetMap (Overpass)",
    "licencia": "ODbL 1.0",
    "confianza": 6,
    "estado_espacial": "fuera_municipio",
    "geometria_origen": "punto_representativo"
   }
  },
  {
   "type": "Feature",
   "geometry": {
    "type": "Point",
    "coordinates": [
     -0.10561,
     38.53043
    ]
   },
   "properties": {
    "id_tecnico": "4507e3ca-97c8-4bf1-a585-c0c83767cead",
    "categoria": "infraestructuras",
    "tipo": "parada_autobus",
    "nombre": "24",
    "estado_nombre": "por_revisar",
    "direccion": null,
    "lat": 38.53043,
    "lng": -0.10561,
    "utm_x": 753282.58,
    "utm_y": 4268630.18,
    "utm_huso": 30,
    "fuente": "OpenStreetMap (Overpass)",
    "licencia": "ODbL 1.0",
    "confianza": 23,
    "estado_espacial": "proximo_limite",
    "geometria_origen": "punto_representativo"
   }
  },
  {
   "type": "Feature",
   "geometry": {
    "type": "Point",
    "coordinates": [
     -0.13422,
     38.54306
    ]
   },
   "properties": {
    "id_tecnico": "4577f522-8df5-419b-a2cd-befc97bc77f3",
    "categoria": "infraestructuras",
    "tipo": "parada_autobus",
    "nombre": "26",
    "estado_nombre": "por_revisar",
    "direccion": null,
    "lat": 38.54306,
    "lng": -0.13422,
    "utm_x": 750735.13,
    "utm_y": 4269954.14,
    "utm_huso": 30,
    "fuente": "OpenStreetMap (Overpass)",
    "licencia": "ODbL 1.0",
    "confianza": 23,
    "estado_espacial": "valido",
    "geometria_origen": "punto_representativo"
   }
  },
  {
   "type": "Feature",
   "geometry": {
    "type": "Point",
    "coordinates": [
     -0.13511,
     38.54694
    ]
   },
   "properties": {
    "id_tecnico": "45928515-7bb9-41c8-af5b-726e373f5129",
    "categoria": "equipamientos",
    "tipo": "colegio",
    "nombre": "Col·legi d'Educació Infantil i Primària Bautista Lledó Pérez",
    "estado_nombre": "correcto",
    "direccion": "Carrer del Capità Cortés 12",
    "lat": 38.54694,
    "lng": -0.13511,
    "utm_x": 750643.93,
    "utm_y": 4270382.39,
    "utm_huso": 30,
    "fuente": "OpenStreetMap (Overpass)",
    "licencia": "ODbL 1.0",
    "confianza": 29,
    "estado_espacial": "valido",
    "geometria_origen": "punto_representativo"
   }
  },
  {
   "type": "Feature",
   "geometry": {
    "type": "Point",
    "coordinates": [
     -0.1174,
     38.5371
    ]
   },
   "properties": {
    "id_tecnico": "45ac4ca5-b2d9-481f-a628-99543f759923",
    "categoria": "equipamientos",
    "tipo": "alimentacion",
    "nombre": "alimentacion node/7973343597",
    "estado_nombre": "correcto",
    "direccion": null,
    "lat": 38.5371,
    "lng": -0.1174,
    "utm_x": 752227.63,
    "utm_y": 4269338.32,
    "utm_huso": 30,
    "fuente": "OpenStreetMap (Overpass)",
    "licencia": "ODbL 1.0",
    "confianza": 23,
    "estado_espacial": "valido",
    "geometria_origen": "punto_representativo"
   }
  },
  {
   "type": "Feature",
   "geometry": {
    "type": "Point",
    "coordinates": [
     -0.12752,
     38.54037
    ]
   },
   "properties": {
    "id_tecnico": "469401bb-acba-4120-89ab-004c22b4b02e",
    "categoria": "infraestructuras",
    "tipo": "alojamiento",
    "nombre": "Hotel La Era Park",
    "estado_nombre": "correcto",
    "direccion": null,
    "lat": 38.54037,
    "lng": -0.12752,
    "utm_x": 751330.7,
    "utm_y": 4269673.74,
    "utm_huso": 30,
    "fuente": "OpenStreetMap (Overpass)",
    "licencia": "ODbL 1.0",
    "confianza": 23,
    "estado_espacial": "valido",
    "geometria_origen": "punto_representativo"
   }
  },
  {
   "type": "Feature",
   "geometry": {
    "type": "Point",
    "coordinates": [
     -0.14158,
     38.53727
    ]
   },
   "properties": {
    "id_tecnico": "46acf32d-3058-4854-9d07-4f32a3de8265",
    "categoria": "equipamientos",
    "tipo": "alimentacion",
    "nombre": "Poniente",
    "estado_nombre": "correcto",
    "direccion": "Avinguda de l'Armada Espanyola 9",
    "lat": 38.53727,
    "lng": -0.14158,
    "utm_x": 750110.88,
    "utm_y": 4269291.57,
    "utm_huso": 30,
    "fuente": "OpenStreetMap (Overpass)",
    "licencia": "ODbL 1.0",
    "confianza": 26,
    "estado_espacial": "proximo_limite",
    "geometria_origen": "punto_representativo"
   }
  },
  {
   "type": "Feature",
   "geometry": {
    "type": "Point",
    "coordinates": [
     -0.16857,
     38.55499
    ]
   },
   "properties": {
    "id_tecnico": "46e9450c-8328-4027-9e57-3ba46bb8a795",
    "categoria": "infraestructuras",
    "tipo": "parada_autobus",
    "nombre": "Av. Eduardo Zaplana",
    "estado_nombre": "correcto",
    "direccion": null,
    "lat": 38.55499,
    "lng": -0.16857,
    "utm_x": 747688.7,
    "utm_y": 4271185.79,
    "utm_huso": 30,
    "fuente": "OpenStreetMap (Overpass)",
    "licencia": "ODbL 1.0",
    "confianza": 23,
    "estado_espacial": "valido",
    "geometria_origen": "punto_representativo"
   }
  },
  {
   "type": "Feature",
   "geometry": {
    "type": "Point",
    "coordinates": [
     -0.1345,
     38.54797
    ]
   },
   "properties": {
    "id_tecnico": "46fc2bd2-aa84-4b76-bff6-269e87a53697",
    "categoria": "infraestructuras",
    "tipo": "parada_autobus",
    "nombre": "155 - Estacion Tren",
    "estado_nombre": "correcto",
    "direccion": "C/ Estació, 2 - FGV",
    "lat": 38.54797,
    "lng": -0.1345,
    "utm_x": 750693.77,
    "utm_y": 4270498.37,
    "utm_huso": 30,
    "fuente": "Plantilla municipal — Limpieza info (PTM Benidorm)",
    "licencia": "Uso interno del proyecto",
    "confianza": 26,
    "estado_espacial": "valido",
    "geometria_origen": "punto_representativo"
   }
  },
  {
   "type": "Feature",
   "geometry": {
    "type": "Point",
    "coordinates": [
     -0.12303,
     38.54359
    ]
   },
   "properties": {
    "id_tecnico": "471198a8-d5c7-4d3e-a684-437169715c17",
    "categoria": "infraestructuras",
    "tipo": "parada_autobus",
    "nombre": "Av. Bèlgica, 8",
    "estado_nombre": "correcto",
    "direccion": null,
    "lat": 38.54359,
    "lng": -0.12303,
    "utm_x": 751712.54,
    "utm_y": 4270043.35,
    "utm_huso": 30,
    "fuente": "OpenStreetMap (Overpass)",
    "licencia": "ODbL 1.0",
    "confianza": 23,
    "estado_espacial": "valido",
    "geometria_origen": "punto_representativo"
   }
  },
  {
   "type": "Feature",
   "geometry": {
    "type": "Point",
    "coordinates": [
     -0.12819,
     38.54609
    ]
   },
   "properties": {
    "id_tecnico": "4719d820-9560-467d-b7e1-7ee13c74f9c9",
    "categoria": "infraestructuras",
    "tipo": "parada_autobus",
    "nombre": "Av. Suècia, 6",
    "estado_nombre": "correcto",
    "direccion": null,
    "lat": 38.54609,
    "lng": -0.12819,
    "utm_x": 751252.39,
    "utm_y": 4270306.82,
    "utm_huso": 30,
    "fuente": "OpenStreetMap (Overpass)",
    "licencia": "ODbL 1.0",
    "confianza": 23,
    "estado_espacial": "valido",
    "geometria_origen": "punto_representativo"
   }
  },
  {
   "type": "Feature",
   "geometry": {
    "type": "Point",
    "coordinates": [
     -0.10312,
     38.53578
    ]
   },
   "properties": {
    "id_tecnico": "47530fc1-1a61-495a-82b3-31f4e88a282d",
    "categoria": "equipamientos",
    "tipo": "farmacia",
    "nombre": "Farmacia Ochoa",
    "estado_nombre": "correcto",
    "direccion": "Avenida de Montecarlo 11",
    "lat": 38.53578,
    "lng": -0.10312,
    "utm_x": 753481.96,
    "utm_y": 4269230.82,
    "utm_huso": 30,
    "fuente": "OpenStreetMap (Overpass)",
    "licencia": "ODbL 1.0",
    "confianza": 29,
    "estado_espacial": "valido",
    "geometria_origen": "punto_representativo"
   }
  },
  {
   "type": "Feature",
   "geometry": {
    "type": "Point",
    "coordinates": [
     -0.13032,
     38.5472
    ]
   },
   "properties": {
    "id_tecnico": "47c3dfcd-0b4d-4617-b540-62b067456ba0",
    "categoria": "infraestructuras",
    "tipo": "parada_autobus",
    "nombre": "C/ Anglaterra, 6",
    "estado_nombre": "correcto",
    "direccion": null,
    "lat": 38.5472,
    "lng": -0.13032,
    "utm_x": 751062.18,
    "utm_y": 4270424.24,
    "utm_huso": 30,
    "fuente": "OpenStreetMap (Overpass)",
    "licencia": "ODbL 1.0",
    "confianza": 23,
    "estado_espacial": "valido",
    "geometria_origen": "punto_representativo"
   }
  },
  {
   "type": "Feature",
   "geometry": {
    "type": "Point",
    "coordinates": [
     -0.13526,
     38.53851
    ]
   },
   "properties": {
    "id_tecnico": "47f9c5a1-74e0-4d34-8448-cdfa8dd3b50f",
    "categoria": "infraestructuras",
    "tipo": "alojamiento",
    "nombre": "Hotel Fleming",
    "estado_nombre": "correcto",
    "direccion": null,
    "lat": 38.53851,
    "lng": -0.13526,
    "utm_x": 750659.73,
    "utm_y": 4269446.3,
    "utm_huso": 30,
    "fuente": "OpenStreetMap (Overpass)",
    "licencia": "ODbL 1.0",
    "confianza": 23,
    "estado_espacial": "proximo_limite",
    "geometria_origen": "punto_representativo"
   }
  },
  {
   "type": "Feature",
   "geometry": {
    "type": "Point",
    "coordinates": [
     -0.16386,
     38.53269
    ]
   },
   "properties": {
    "id_tecnico": "48056759-8c07-48c8-a98a-4f3f9542d5e3",
    "categoria": "equipamientos",
    "tipo": "farmacia",
    "nombre": "farmacia node/1057347009",
    "estado_nombre": "correcto",
    "direccion": null,
    "lat": 38.53269,
    "lng": -0.16386,
    "utm_x": 748176.57,
    "utm_y": 4268723.23,
    "utm_huso": 30,
    "fuente": "OpenStreetMap (Overpass)",
    "licencia": "ODbL 1.0",
    "confianza": 23,
    "estado_espacial": "proximo_limite",
    "geometria_origen": "punto_representativo"
   }
  },
  {
   "type": "Feature",
   "geometry": {
    "type": "Point",
    "coordinates": [
     -0.10155,
     38.55774
    ]
   },
   "properties": {
    "id_tecnico": "48540fe1-7a8a-4574-971a-d62b6bf666a2",
    "categoria": "servicios_basicos",
    "tipo": "estacion_servicio",
    "nombre": "estacion_servicio way/191269805",
    "estado_nombre": "correcto",
    "direccion": null,
    "lat": 38.55774,
    "lng": -0.10155,
    "utm_x": 753543.11,
    "utm_y": 4271672.59,
    "utm_huso": 30,
    "fuente": "OpenStreetMap (Overpass)",
    "licencia": "ODbL 1.0",
    "confianza": 23,
    "estado_espacial": "valido",
    "geometria_origen": "punto_representativo"
   }
  },
  {
   "type": "Feature",
   "geometry": {
    "type": "Point",
    "coordinates": [
     -0.09835,
     38.55996
    ]
   },
   "properties": {
    "id_tecnico": "488a2f79-9eff-4703-aec7-19f60768814f",
    "categoria": "medios_recursos",
    "tipo": "desfibrilador",
    "nombre": "desfibrilador node/12830871492",
    "estado_nombre": "correcto",
    "direccion": null,
    "lat": 38.55996,
    "lng": -0.09835,
    "utm_x": 753815.37,
    "utm_y": 4271927.78,
    "utm_huso": 30,
    "fuente": "OpenStreetMap (Overpass)",
    "licencia": "ODbL 1.0",
    "confianza": 23,
    "estado_espacial": "valido",
    "geometria_origen": "punto_representativo"
   }
  },
  {
   "type": "Feature",
   "geometry": {
    "type": "Point",
    "coordinates": [
     -0.12385,
     38.54869
    ]
   },
   "properties": {
    "id_tecnico": "48ce1f5f-8a76-4330-8c77-b00dcf00cc49",
    "categoria": "infraestructuras",
    "tipo": "parada_autobus",
    "nombre": "385 - Intermodal",
    "estado_nombre": "correcto",
    "direccion": "C/ Francisco Llorca Antón (Estació d'autobusos)",
    "lat": 38.54869,
    "lng": -0.12385,
    "utm_x": 751623.21,
    "utm_y": 4270607.2,
    "utm_huso": 30,
    "fuente": "Plantilla municipal — Limpieza info (PTM Benidorm)",
    "licencia": "Uso interno del proyecto",
    "confianza": 26,
    "estado_espacial": "valido",
    "geometria_origen": "punto_representativo"
   }
  },
  {
   "type": "Feature",
   "geometry": {
    "type": "Point",
    "coordinates": [
     -0.10306,
     38.53528
    ]
   },
   "properties": {
    "id_tecnico": "48d09c75-4ba5-49aa-83d9-57d5d28035bc",
    "categoria": "infraestructuras",
    "tipo": "parada_autobus",
    "nombre": "268 - Virgen del Mar",
    "estado_nombre": "correcto",
    "direccion": "Av. Montecarlo, 11",
    "lat": 38.53528,
    "lng": -0.10306,
    "utm_x": 753488.94,
    "utm_y": 4269175.49,
    "utm_huso": 30,
    "fuente": "Plantilla municipal — Limpieza info (PTM Benidorm)",
    "licencia": "Uso interno del proyecto",
    "confianza": 26,
    "estado_espacial": "valido",
    "geometria_origen": "punto_representativo"
   }
  },
  {
   "type": "Feature",
   "geometry": {
    "type": "Point",
    "coordinates": [
     -0.11232,
     38.5368
    ]
   },
   "properties": {
    "id_tecnico": "48d6b221-e575-429a-aae4-bbb63e15c1b3",
    "categoria": "equipamientos",
    "tipo": "alimentacion",
    "nombre": "City Market Express",
    "estado_nombre": "correcto",
    "direccion": "Calle de Gerona",
    "lat": 38.5368,
    "lng": -0.11232,
    "utm_x": 752673.25,
    "utm_y": 4269318.88,
    "utm_huso": 30,
    "fuente": "OpenStreetMap (Overpass)",
    "licencia": "ODbL 1.0",
    "confianza": 26,
    "estado_espacial": "valido",
    "geometria_origen": "punto_representativo"
   }
  },
  {
   "type": "Feature",
   "geometry": {
    "type": "Point",
    "coordinates": [
     -0.12317,
     38.53919
    ]
   },
   "properties": {
    "id_tecnico": "48ff2958-f476-40e5-9e37-cb80190c769c",
    "categoria": "infraestructuras",
    "tipo": "parada_autobus",
    "nombre": "202 - Valor",
    "estado_nombre": "correcto",
    "direccion": "C/ Lepanto, 2",
    "lat": 38.53919,
    "lng": -0.12317,
    "utm_x": 751715.45,
    "utm_y": 4269554.59,
    "utm_huso": 30,
    "fuente": "Plantilla municipal — Limpieza info (PTM Benidorm)",
    "licencia": "Uso interno del proyecto",
    "confianza": 26,
    "estado_espacial": "valido",
    "geometria_origen": "punto_representativo"
   }
  },
  {
   "type": "Feature",
   "geometry": {
    "type": "Point",
    "coordinates": [
     -0.107,
     38.53767
    ]
   },
   "properties": {
    "id_tecnico": "4919511b-5e26-44aa-b38d-04bbf08c5838",
    "categoria": "equipamientos",
    "tipo": "alimentacion",
    "nombre": "Dialprix",
    "estado_nombre": "correcto",
    "direccion": null,
    "lat": 38.53767,
    "lng": -0.107,
    "utm_x": 753135.83,
    "utm_y": 4269429.99,
    "utm_huso": 30,
    "fuente": "OpenStreetMap (Overpass)",
    "licencia": "ODbL 1.0",
    "confianza": 23,
    "estado_espacial": "valido",
    "geometria_origen": "punto_representativo"
   }
  },
  {
   "type": "Feature",
   "geometry": {
    "type": "Point",
    "coordinates": [
     -0.13176,
     38.53519
    ]
   },
   "properties": {
    "id_tecnico": "49898924-4dc4-466d-bfab-17d07b7a40e2",
    "categoria": "infraestructuras",
    "tipo": "alojamiento",
    "nombre": "Rocamar",
    "estado_nombre": "correcto",
    "direccion": null,
    "lat": 38.53519,
    "lng": -0.13176,
    "utm_x": 750977.44,
    "utm_y": 4269087.28,
    "utm_huso": 30,
    "fuente": "OpenStreetMap (Overpass)",
    "licencia": "ODbL 1.0",
    "confianza": 23,
    "estado_espacial": "proximo_limite",
    "geometria_origen": "punto_representativo"
   }
  },
  {
   "type": "Feature",
   "geometry": {
    "type": "Point",
    "coordinates": [
     -0.13325,
     38.54263
    ]
   },
   "properties": {
    "id_tecnico": "499540da-a8d0-48bd-a37a-fa9ea85141fb",
    "categoria": "equipamientos",
    "tipo": "centro_formacion",
    "nombre": "CENTRE PRIVAT FP ARCE FORMACIÓN",
    "estado_nombre": "correcto",
    "direccion": "AV. JAIME I, 31",
    "lat": 38.54263,
    "lng": -0.13325,
    "utm_x": 750821.49,
    "utm_y": 4269909.05,
    "utm_huso": 30,
    "fuente": "GVA - Centros docentes de la Comunitat Valenciana (ICV WFS)",
    "licencia": "CC BY 4.0",
    "confianza": 29,
    "estado_espacial": "valido",
    "geometria_origen": "punto_representativo"
   }
  },
  {
   "type": "Feature",
   "geometry": {
    "type": "Point",
    "coordinates": [
     -0.17346,
     38.53513
    ]
   },
   "properties": {
    "id_tecnico": "49a5db73-94f7-4cb9-87a3-f73005b77244",
    "categoria": "infraestructuras",
    "tipo": "alojamiento",
    "nombre": "B&B hotels",
    "estado_nombre": "correcto",
    "direccion": null,
    "lat": 38.53513,
    "lng": -0.17346,
    "utm_x": 747328.1,
    "utm_y": 4268968.36,
    "utm_huso": 30,
    "fuente": "OpenStreetMap (Overpass)",
    "licencia": "ODbL 1.0",
    "confianza": 3,
    "estado_espacial": "fuera_municipio",
    "geometria_origen": "punto_representativo"
   }
  },
  {
   "type": "Feature",
   "geometry": {
    "type": "Point",
    "coordinates": [
     -0.14655,
     38.53719
    ]
   },
   "properties": {
    "id_tecnico": "49b372f5-1abb-43de-b610-7e954e868766",
    "categoria": "equipamientos",
    "tipo": "alimentacion",
    "nombre": "Prensa Goya",
    "estado_nombre": "correcto",
    "direccion": "Avinguda de l'Armada Espanyola 17",
    "lat": 38.53719,
    "lng": -0.14655,
    "utm_x": 749676.19,
    "utm_y": 4269269.27,
    "utm_huso": 30,
    "fuente": "OpenStreetMap (Overpass)",
    "licencia": "ODbL 1.0",
    "confianza": 26,
    "estado_espacial": "proximo_limite",
    "geometria_origen": "punto_representativo"
   }
  },
  {
   "type": "Feature",
   "geometry": {
    "type": "Point",
    "coordinates": [
     -0.10084,
     38.55846
    ]
   },
   "properties": {
    "id_tecnico": "49cfc0af-c4a3-4cd9-96a4-dd7a68423dcf",
    "categoria": "infraestructuras",
    "tipo": "parada_autobus",
    "nombre": "218 - La Valenciana",
    "estado_nombre": "correcto",
    "direccion": "Av. Comunitat Valenciana, km 124.6",
    "lat": 38.55846,
    "lng": -0.10084,
    "utm_x": 753602.73,
    "utm_y": 4271754.46,
    "utm_huso": 30,
    "fuente": "Plantilla municipal — Limpieza info (PTM Benidorm)",
    "licencia": "Uso interno del proyecto",
    "confianza": 26,
    "estado_espacial": "valido",
    "geometria_origen": "punto_representativo"
   }
  },
  {
   "type": "Feature",
   "geometry": {
    "type": "Point",
    "coordinates": [
     -0.13719,
     38.54562
    ]
   },
   "properties": {
    "id_tecnico": "49ffeafa-dfb1-4ace-85b5-12a8d7ddb55e",
    "categoria": "equipamientos",
    "tipo": "mercado",
    "nombre": "Mercat setmanal de Foietes",
    "estado_nombre": "correcto",
    "direccion": null,
    "lat": 38.54562,
    "lng": -0.13719,
    "utm_x": 750466.44,
    "utm_y": 4270230.25,
    "utm_huso": 30,
    "fuente": "OpenStreetMap (Overpass)",
    "licencia": "ODbL 1.0",
    "confianza": 29,
    "estado_espacial": "valido",
    "geometria_origen": "punto_representativo"
   }
  },
  {
   "type": "Feature",
   "geometry": {
    "type": "Point",
    "coordinates": [
     -0.12427,
     38.5472
    ]
   },
   "properties": {
    "id_tecnico": "4a143965-c877-4c80-a38f-3329078f6a8b",
    "categoria": "equipamientos",
    "tipo": "colegio",
    "nombre": "Col·legi d'Educació Infantil i Primària Puig Campana",
    "estado_nombre": "correcto",
    "direccion": null,
    "lat": 38.5472,
    "lng": -0.12427,
    "utm_x": 751591.59,
    "utm_y": 4270440.67,
    "utm_huso": 30,
    "fuente": "OpenStreetMap (Overpass)",
    "licencia": "ODbL 1.0",
    "confianza": 26,
    "estado_espacial": "valido",
    "geometria_origen": "punto_representativo"
   }
  },
  {
   "type": "Feature",
   "geometry": {
    "type": "Point",
    "coordinates": [
     -0.10431,
     38.53992
    ]
   },
   "properties": {
    "id_tecnico": "4a930b11-20c8-4626-a617-65d53ea4ddea",
    "categoria": "infraestructuras",
    "tipo": "parada_autobus",
    "nombre": "210 - U. Almirall",
    "estado_nombre": "correcto",
    "direccion": "Av. Severo Ochoa, 2",
    "lat": 38.53992,
    "lng": -0.10431,
    "utm_x": 753363.45,
    "utm_y": 4269687.09,
    "utm_huso": 30,
    "fuente": "Plantilla municipal — Limpieza info (PTM Benidorm)",
    "licencia": "Uso interno del proyecto",
    "confianza": 26,
    "estado_espacial": "valido",
    "geometria_origen": "punto_representativo"
   }
  },
  {
   "type": "Feature",
   "geometry": {
    "type": "Point",
    "coordinates": [
     -0.10408,
     38.53131
    ]
   },
   "properties": {
    "id_tecnico": "4aabb1fb-aa65-42a3-b782-e41a9b48bae7",
    "categoria": "infraestructuras",
    "tipo": "parada_autobus",
    "nombre": "319 - Pekín 4",
    "estado_nombre": "correcto",
    "direccion": "C/ Pekín, 4",
    "lat": 38.53131,
    "lng": -0.10408,
    "utm_x": 753413.44,
    "utm_y": 4268732.05,
    "utm_huso": 30,
    "fuente": "Plantilla municipal — Limpieza info (PTM Benidorm)",
    "licencia": "Uso interno del proyecto",
    "confianza": 26,
    "estado_espacial": "valido",
    "geometria_origen": "punto_representativo"
   }
  },
  {
   "type": "Feature",
   "geometry": {
    "type": "Point",
    "coordinates": [
     -0.13265,
     38.53851
    ]
   },
   "properties": {
    "id_tecnico": "4ad70515-a49a-4494-960e-ad512011949a",
    "categoria": "equipamientos",
    "tipo": "farmacia",
    "nombre": "Farmacia los Almendros",
    "estado_nombre": "correcto",
    "direccion": null,
    "lat": 38.53851,
    "lng": -0.13265,
    "utm_x": 750888.14,
    "utm_y": 4269453.37,
    "utm_huso": 30,
    "fuente": "OpenStreetMap (Overpass)",
    "licencia": "ODbL 1.0",
    "confianza": 23,
    "estado_espacial": "valido",
    "geometria_origen": "punto_representativo"
   }
  },
  {
   "type": "Feature",
   "geometry": {
    "type": "Point",
    "coordinates": [
     -0.12353,
     38.53609
    ]
   },
   "properties": {
    "id_tecnico": "4ae991aa-52fb-467c-a621-a18f156aab65",
    "categoria": "equipamientos",
    "tipo": "alimentacion",
    "nombre": "Playa",
    "estado_nombre": "correcto",
    "direccion": "Avenida Sacerdote D. Juan Andrés Rodríguez Serrano",
    "lat": 38.53609,
    "lng": -0.12353,
    "utm_x": 751694.62,
    "utm_y": 4269209.53,
    "utm_huso": 30,
    "fuente": "OpenStreetMap (Overpass)",
    "licencia": "ODbL 1.0",
    "confianza": 26,
    "estado_espacial": "proximo_limite",
    "geometria_origen": "punto_representativo"
   }
  },
  {
   "type": "Feature",
   "geometry": {
    "type": "Point",
    "coordinates": [
     -0.1317,
     38.54516
    ]
   },
   "properties": {
    "id_tecnico": "4b0cddc7-251d-4696-bad0-e56a73810717",
    "categoria": "equipamientos",
    "tipo": "policia",
    "nombre": "Expedición DNI y pasaporte",
    "estado_nombre": "correcto",
    "direccion": "Avinguda de Callosa d'en Sarrià 2",
    "lat": 38.54516,
    "lng": -0.1317,
    "utm_x": 750948.44,
    "utm_y": 4270194.07,
    "utm_huso": 30,
    "fuente": "OpenStreetMap (Overpass)",
    "licencia": "ODbL 1.0",
    "confianza": 26,
    "estado_espacial": "valido",
    "geometria_origen": "punto_representativo"
   }
  },
  {
   "type": "Feature",
   "geometry": {
    "type": "Point",
    "coordinates": [
     -0.12258,
     38.55438
    ]
   },
   "properties": {
    "id_tecnico": "4b4e23f6-2d46-4dcf-af81-373aa96b3462",
    "categoria": "equipamientos",
    "tipo": "instituto",
    "nombre": "IES L'ALMADRAVA",
    "estado_nombre": "correcto",
    "direccion": "CL. DEL LLAÜT (SALT DE L'AIGUA), 10",
    "lat": 38.55438,
    "lng": -0.12258,
    "utm_x": 751714.72,
    "utm_y": 4271242.22,
    "utm_huso": 30,
    "fuente": "GVA - Centros docentes de la Comunitat Valenciana (ICV WFS)",
    "licencia": "CC BY 4.0",
    "confianza": 29,
    "estado_espacial": "valido",
    "geometria_origen": "punto_representativo"
   }
  },
  {
   "type": "Feature",
   "geometry": {
    "type": "Point",
    "coordinates": [
     -0.1442,
     38.53722
    ]
   },
   "properties": {
    "id_tecnico": "4ba615d6-7acf-492d-80d5-b5a2758c7497",
    "categoria": "infraestructuras",
    "tipo": "parada_autobus",
    "nombre": "Av. Armada Espanyola, 13",
    "estado_nombre": "correcto",
    "direccion": null,
    "lat": 38.53722,
    "lng": -0.1442,
    "utm_x": 749881.76,
    "utm_y": 4269278.94,
    "utm_huso": 30,
    "fuente": "OpenStreetMap (Overpass)",
    "licencia": "ODbL 1.0",
    "confianza": 23,
    "estado_espacial": "proximo_limite",
    "geometria_origen": "punto_representativo"
   }
  },
  {
   "type": "Feature",
   "geometry": {
    "type": "Point",
    "coordinates": [
     -0.12766,
     38.54287
    ]
   },
   "properties": {
    "id_tecnico": "4bbe2098-89d3-4eb2-b434-7ba21abb78b6",
    "categoria": "infraestructuras",
    "tipo": "parada_autobus",
    "nombre": "Av. Alfonso Puchades, 12",
    "estado_nombre": "correcto",
    "direccion": null,
    "lat": 38.54287,
    "lng": -0.12766,
    "utm_x": 751309.85,
    "utm_y": 4269950.85,
    "utm_huso": 30,
    "fuente": "OpenStreetMap (Overpass)",
    "licencia": "ODbL 1.0",
    "confianza": 23,
    "estado_espacial": "valido",
    "geometria_origen": "punto_representativo"
   }
  },
  {
   "type": "Feature",
   "geometry": {
    "type": "Point",
    "coordinates": [
     -0.12905,
     38.55015
    ]
   },
   "properties": {
    "id_tecnico": "4bf46681-3aa5-4ed3-bcdd-3b604ff806a6",
    "categoria": "equipamientos",
    "tipo": "colegio",
    "nombre": "Escuela Waldorf La Marina",
    "estado_nombre": "correcto",
    "direccion": null,
    "lat": 38.55015,
    "lng": -0.12905,
    "utm_x": 751163.17,
    "utm_y": 4270755.12,
    "utm_huso": 30,
    "fuente": "OpenStreetMap (Overpass)",
    "licencia": "ODbL 1.0",
    "confianza": 23,
    "estado_espacial": "valido",
    "geometria_origen": "punto_representativo"
   }
  },
  {
   "type": "Feature",
   "geometry": {
    "type": "Point",
    "coordinates": [
     -0.11114,
     38.53446
    ]
   },
   "properties": {
    "id_tecnico": "4c32a834-ceb8-42a1-826f-b75eeb87141a",
    "categoria": "medios_recursos",
    "tipo": "desfibrilador",
    "nombre": "desfibrilador node/5874107874",
    "estado_nombre": "correcto",
    "direccion": null,
    "lat": 38.53446,
    "lng": -0.11114,
    "utm_x": 752784.62,
    "utm_y": 4269062.38,
    "utm_huso": 30,
    "fuente": "OpenStreetMap (Overpass)",
    "licencia": "ODbL 1.0",
    "confianza": 23,
    "estado_espacial": "proximo_limite",
    "geometria_origen": "punto_representativo"
   }
  },
  {
   "type": "Feature",
   "geometry": {
    "type": "Point",
    "coordinates": [
     -0.15865,
     38.53577
    ]
   },
   "properties": {
    "id_tecnico": "4c4f4ca0-930f-4de6-bdd9-3681a879fa2d",
    "categoria": "infraestructuras",
    "tipo": "parada_autobus",
    "nombre": "110 - Ed. Coblanca 31",
    "estado_nombre": "correcto",
    "direccion": "Av. Marina Baixa, 7",
    "lat": 38.53577,
    "lng": -0.15865,
    "utm_x": 748622.07,
    "utm_y": 4269079.08,
    "utm_huso": 30,
    "fuente": "Plantilla municipal — Limpieza info (PTM Benidorm)",
    "licencia": "Uso interno del proyecto",
    "confianza": 26,
    "estado_espacial": "valido",
    "geometria_origen": "punto_representativo"
   }
  },
  {
   "type": "Feature",
   "geometry": {
    "type": "Point",
    "coordinates": [
     -0.13034,
     38.53564
    ]
   },
   "properties": {
    "id_tecnico": "4c56adf6-d758-4c0e-8b77-74cfbd43419a",
    "categoria": "infraestructuras",
    "tipo": "alojamiento",
    "nombre": "Hotel Alameda",
    "estado_nombre": "correcto",
    "direccion": "Alameda de l'Alcalde Pedro Zaragoza Orts 34",
    "lat": 38.53564,
    "lng": -0.13034,
    "utm_x": 751100.17,
    "utm_y": 4269141.08,
    "utm_huso": 30,
    "fuente": "OpenStreetMap (Overpass)",
    "licencia": "ODbL 1.0",
    "confianza": 26,
    "estado_espacial": "proximo_limite",
    "geometria_origen": "punto_representativo"
   }
  },
  {
   "type": "Feature",
   "geometry": {
    "type": "Point",
    "coordinates": [
     -0.10193,
     38.54428
    ]
   },
   "properties": {
    "id_tecnico": "4c8fabf2-2fc3-4fe4-bd5c-1811ef7dad40",
    "categoria": "infraestructuras",
    "tipo": "parada_autobus",
    "nombre": "212 - Hotel Medit.",
    "estado_nombre": "correcto",
    "direccion": "Av. Severo Ochoa, 16 (H.Mediterráneo)",
    "lat": 38.54428,
    "lng": -0.10193,
    "utm_x": 753556.6,
    "utm_y": 4270177.55,
    "utm_huso": 30,
    "fuente": "Plantilla municipal — Limpieza info (PTM Benidorm)",
    "licencia": "Uso interno del proyecto",
    "confianza": 26,
    "estado_espacial": "valido",
    "geometria_origen": "punto_representativo"
   }
  },
  {
   "type": "Feature",
   "geometry": {
    "type": "Point",
    "coordinates": [
     -0.14295,
     38.57173
    ]
   },
   "properties": {
    "id_tecnico": "4cfc2812-93aa-45dc-b690-b654f2a16f70",
    "categoria": "infraestructuras",
    "tipo": "alojamiento",
    "nombre": "Magic Natura",
    "estado_nombre": "correcto",
    "direccion": null,
    "lat": 38.57173,
    "lng": -0.14295,
    "utm_x": 749873.02,
    "utm_y": 4273112.75,
    "utm_huso": 30,
    "fuente": "OpenStreetMap (Overpass)",
    "licencia": "ODbL 1.0",
    "confianza": 23,
    "estado_espacial": "valido",
    "geometria_origen": "punto_representativo"
   }
  },
  {
   "type": "Feature",
   "geometry": {
    "type": "Point",
    "coordinates": [
     -0.16169,
     38.53262
    ]
   },
   "properties": {
    "id_tecnico": "4d4e8ba9-8d50-40b4-8320-7e05f9012004",
    "categoria": "equipamientos",
    "tipo": "colegio",
    "nombre": "colegio way/1479914162",
    "estado_nombre": "correcto",
    "direccion": null,
    "lat": 38.53262,
    "lng": -0.16169,
    "utm_x": 748366.73,
    "utm_y": 4268721.29,
    "utm_huso": 30,
    "fuente": "OpenStreetMap (Overpass)",
    "licencia": "ODbL 1.0",
    "confianza": 23,
    "estado_espacial": "valido",
    "geometria_origen": "punto_representativo"
   }
  },
  {
   "type": "Feature",
   "geometry": {
    "type": "Point",
    "coordinates": [
     -0.14573,
     38.56946
    ]
   },
   "properties": {
    "id_tecnico": "4d82d75b-535c-4733-b663-b75d19b90c90",
    "categoria": "infraestructuras",
    "tipo": "parada_autobus",
    "nombre": "Terra Natura",
    "estado_nombre": "correcto",
    "direccion": null,
    "lat": 38.56946,
    "lng": -0.14573,
    "utm_x": 749637.6,
    "utm_y": 4272853.28,
    "utm_huso": 30,
    "fuente": "OpenStreetMap (Overpass)",
    "licencia": "ODbL 1.0",
    "confianza": 23,
    "estado_espacial": "valido",
    "geometria_origen": "punto_representativo"
   }
  },
  {
   "type": "Feature",
   "geometry": {
    "type": "Point",
    "coordinates": [
     -0.15657,
     38.55637
    ]
   },
   "properties": {
    "id_tecnico": "4da5d928-833c-4976-8647-1cb52da15ac0",
    "categoria": "infraestructuras",
    "tipo": "parada_autobus",
    "nombre": "193 - Zaplana 193",
    "estado_nombre": "correcto",
    "direccion": "Av. Eduardo Zaplana",
    "lat": 38.55637,
    "lng": -0.15657,
    "utm_x": 748733.94,
    "utm_y": 4271371.16,
    "utm_huso": 30,
    "fuente": "Plantilla municipal — Limpieza info (PTM Benidorm)",
    "licencia": "Uso interno del proyecto",
    "confianza": 26,
    "estado_espacial": "valido",
    "geometria_origen": "punto_representativo"
   }
  },
  {
   "type": "Feature",
   "geometry": {
    "type": "Point",
    "coordinates": [
     -0.11999,
     38.53988
    ]
   },
   "properties": {
    "id_tecnico": "4dee0d65-9f39-4b4b-a016-c982a845d7ff",
    "categoria": "equipamientos",
    "tipo": "farmacia",
    "nombre": "Farmacia Europa",
    "estado_nombre": "correcto",
    "direccion": "Avinguda d'Europa",
    "lat": 38.53988,
    "lng": -0.11999,
    "utm_x": 751991.37,
    "utm_y": 4269639.83,
    "utm_huso": 30,
    "fuente": "OpenStreetMap (Overpass)",
    "licencia": "ODbL 1.0",
    "confianza": 26,
    "estado_espacial": "valido",
    "geometria_origen": "punto_representativo"
   }
  },
  {
   "type": "Feature",
   "geometry": {
    "type": "Point",
    "coordinates": [
     -0.10251,
     38.53624
    ]
   },
   "properties": {
    "id_tecnico": "4e357e54-5efb-416b-b0df-1f6c73b09354",
    "categoria": "infraestructuras",
    "tipo": "parada_autobus",
    "nombre": "C/ Londres, 16",
    "estado_nombre": "correcto",
    "direccion": null,
    "lat": 38.53624,
    "lng": -0.10251,
    "utm_x": 753533.75,
    "utm_y": 4269283.55,
    "utm_huso": 30,
    "fuente": "OpenStreetMap (Overpass)",
    "licencia": "ODbL 1.0",
    "confianza": 23,
    "estado_espacial": "valido",
    "geometria_origen": "punto_representativo"
   }
  },
  {
   "type": "Feature",
   "geometry": {
    "type": "Point",
    "coordinates": [
     -0.12194,
     38.55389
    ]
   },
   "properties": {
    "id_tecnico": "4e41c730-20f7-4f0f-ace9-b87aec2a303b",
    "categoria": "infraestructuras",
    "tipo": "parada_autobus",
    "nombre": "247 - Salt Aigua",
    "estado_nombre": "correcto",
    "direccion": "C/ Barca del Bou",
    "lat": 38.55389,
    "lng": -0.12194,
    "utm_x": 751772.41,
    "utm_y": 4271189.57,
    "utm_huso": 30,
    "fuente": "Plantilla municipal — Limpieza info (PTM Benidorm)",
    "licencia": "Uso interno del proyecto",
    "confianza": 26,
    "estado_espacial": "valido",
    "geometria_origen": "punto_representativo"
   }
  },
  {
   "type": "Feature",
   "geometry": {
    "type": "Point",
    "coordinates": [
     -0.12449,
     38.54618
    ]
   },
   "properties": {
    "id_tecnico": "4e5423d4-38b5-466c-ab0b-9c68ea6b0dff",
    "categoria": "infraestructuras",
    "tipo": "parada_autobus",
    "nombre": "285 - Belgica 17",
    "estado_nombre": "correcto",
    "direccion": "Av. Bèlgica, 17",
    "lat": 38.54618,
    "lng": -0.12449,
    "utm_x": 751575.85,
    "utm_y": 4270326.86,
    "utm_huso": 30,
    "fuente": "Plantilla municipal — Limpieza info (PTM Benidorm)",
    "licencia": "Uso interno del proyecto",
    "confianza": 26,
    "estado_espacial": "valido",
    "geometria_origen": "punto_representativo"
   }
  },
  {
   "type": "Feature",
   "geometry": {
    "type": "Point",
    "coordinates": [
     -0.11987,
     38.53679
    ]
   },
   "properties": {
    "id_tecnico": "4f198025-ffb2-4fa9-bd78-b008a5944249",
    "categoria": "infraestructuras",
    "tipo": "parada_autobus",
    "nombre": "Av. Mediterráneo, 26",
    "estado_nombre": "correcto",
    "direccion": null,
    "lat": 38.53679,
    "lng": -0.11987,
    "utm_x": 752012.53,
    "utm_y": 4269297.19,
    "utm_huso": 30,
    "fuente": "OpenStreetMap (Overpass)",
    "licencia": "ODbL 1.0",
    "confianza": 23,
    "estado_espacial": "proximo_limite",
    "geometria_origen": "punto_representativo"
   }
  },
  {
   "type": "Feature",
   "geometry": {
    "type": "Point",
    "coordinates": [
     -0.10037,
     38.54066
    ]
   },
   "properties": {
    "id_tecnico": "4f55f42a-a748-4c05-98c9-bf4510fa7b75",
    "categoria": "infraestructuras",
    "tipo": "parada_autobus",
    "nombre": "310 - Montecarlo 36",
    "estado_nombre": "correcto",
    "direccion": "Av. Montecarlo, 36",
    "lat": 38.54066,
    "lng": -0.10037,
    "utm_x": 753705.69,
    "utm_y": 4269780.02,
    "utm_huso": 30,
    "fuente": "Plantilla municipal — Limpieza info (PTM Benidorm)",
    "licencia": "Uso interno del proyecto",
    "confianza": 26,
    "estado_espacial": "valido",
    "geometria_origen": "punto_representativo"
   }
  },
  {
   "type": "Feature",
   "geometry": {
    "type": "Point",
    "coordinates": [
     -0.13477,
     38.54292
    ]
   },
   "properties": {
    "id_tecnico": "4f684529-9dc2-428c-9b7b-f07a13ebcd8c",
    "categoria": "infraestructuras",
    "tipo": "alojamiento",
    "nombre": "Hotel Atenea",
    "estado_nombre": "correcto",
    "direccion": null,
    "lat": 38.54292,
    "lng": -0.13477,
    "utm_x": 750687.48,
    "utm_y": 4269937.12,
    "utm_huso": 30,
    "fuente": "OpenStreetMap (Overpass)",
    "licencia": "ODbL 1.0",
    "confianza": 23,
    "estado_espacial": "valido",
    "geometria_origen": "punto_representativo"
   }
  },
  {
   "type": "Feature",
   "geometry": {
    "type": "Point",
    "coordinates": [
     -0.10469,
     38.53918
    ]
   },
   "properties": {
    "id_tecnico": "4fae9c3d-1414-4c35-b3b7-bf1612f0e249",
    "categoria": "equipamientos",
    "tipo": "alimentacion",
    "nombre": "alimentacion node/12254712243",
    "estado_nombre": "correcto",
    "direccion": "Avinguda de L'Ametlla de Mar",
    "lat": 38.53918,
    "lng": -0.10469,
    "utm_x": 753332.76,
    "utm_y": 4269603.91,
    "utm_huso": 30,
    "fuente": "OpenStreetMap (Overpass)",
    "licencia": "ODbL 1.0",
    "confianza": 26,
    "estado_espacial": "valido",
    "geometria_origen": "punto_representativo"
   }
  },
  {
   "type": "Feature",
   "geometry": {
    "type": "Point",
    "coordinates": [
     -0.07202,
     38.58003
    ]
   },
   "properties": {
    "id_tecnico": "4fbe7547-bd82-48fa-b412-516cad5e1ee9",
    "categoria": "infraestructuras",
    "tipo": "alojamiento",
    "nombre": "Hotel Noguera",
    "estado_nombre": "correcto",
    "direccion": "Avinguda d'Europa 210",
    "lat": 38.58003,
    "lng": -0.07202,
    "utm_x": 756048.55,
    "utm_y": 4274228.06,
    "utm_huso": 30,
    "fuente": "OpenStreetMap (Overpass)",
    "licencia": "ODbL 1.0",
    "confianza": 6,
    "estado_espacial": "fuera_municipio",
    "geometria_origen": "punto_representativo"
   }
  },
  {
   "type": "Feature",
   "geometry": {
    "type": "Point",
    "coordinates": [
     -0.13328,
     38.54713
    ]
   },
   "properties": {
    "id_tecnico": "4fc81ab1-ccf9-4af1-add9-46a27cb39fc9",
    "categoria": "infraestructuras",
    "tipo": "parada_autobus",
    "nombre": "Av. Beniardà, 16",
    "estado_nombre": "correcto",
    "direccion": null,
    "lat": 38.54713,
    "lng": -0.13328,
    "utm_x": 750803.41,
    "utm_y": 4270408.44,
    "utm_huso": 30,
    "fuente": "OpenStreetMap (Overpass)",
    "licencia": "ODbL 1.0",
    "confianza": 23,
    "estado_espacial": "valido",
    "geometria_origen": "punto_representativo"
   }
  },
  {
   "type": "Feature",
   "geometry": {
    "type": "Point",
    "coordinates": [
     -0.15804,
     38.53234
    ]
   },
   "properties": {
    "id_tecnico": "4ffa7dec-a551-43a5-be26-c68e2e91b711",
    "categoria": "infraestructuras",
    "tipo": "parada_autobus",
    "nombre": "Av. Vicent Llorca Alós, 18",
    "estado_nombre": "correcto",
    "direccion": null,
    "lat": 38.53234,
    "lng": -0.15804,
    "utm_x": 748687.13,
    "utm_y": 4268700.01,
    "utm_huso": 30,
    "fuente": "OpenStreetMap (Overpass)",
    "licencia": "ODbL 1.0",
    "confianza": 23,
    "estado_espacial": "proximo_limite",
    "geometria_origen": "punto_representativo"
   }
  },
  {
   "type": "Feature",
   "geometry": {
    "type": "Point",
    "coordinates": [
     -0.0971,
     38.54106
    ]
   },
   "properties": {
    "id_tecnico": "4fffb0d6-75eb-4ed0-b109-a4455d9591f8",
    "categoria": "equipamientos",
    "tipo": "colegio",
    "nombre": "CEIP SERRA GELADA",
    "estado_nombre": "correcto",
    "direccion": "AV. MALTA, 2",
    "lat": 38.54106,
    "lng": -0.0971,
    "utm_x": 753990.46,
    "utm_y": 4269833.39,
    "utm_huso": 30,
    "fuente": "GVA - Centros docentes de la Comunitat Valenciana (ICV WFS)",
    "licencia": "CC BY 4.0",
    "confianza": 29,
    "estado_espacial": "valido",
    "geometria_origen": "punto_representativo"
   }
  },
  {
   "type": "Feature",
   "geometry": {
    "type": "Point",
    "coordinates": [
     -0.12155,
     38.53794
    ]
   },
   "properties": {
    "id_tecnico": "50065231-b3c0-44c3-adb2-22aa4ec0d470",
    "categoria": "infraestructuras",
    "tipo": "parada_autobus",
    "nombre": "240 - GERONA",
    "estado_nombre": "correcto",
    "direccion": "C/ Girona, 12",
    "lat": 38.53794,
    "lng": -0.12155,
    "utm_x": 751861.53,
    "utm_y": 4269420.26,
    "utm_huso": 30,
    "fuente": "Plantilla municipal — Limpieza info (PTM Benidorm)",
    "licencia": "Uso interno del proyecto",
    "confianza": 26,
    "estado_espacial": "valido",
    "geometria_origen": "punto_representativo"
   }
  },
  {
   "type": "Feature",
   "geometry": {
    "type": "Point",
    "coordinates": [
     -0.10018,
     38.55412
    ]
   },
   "properties": {
    "id_tecnico": "503a92be-1a75-4846-bf73-5f436f5c03e2",
    "categoria": "infraestructuras",
    "tipo": "parada_autobus",
    "nombre": "Av. Severo Ochoa, 43",
    "estado_nombre": "correcto",
    "direccion": null,
    "lat": 38.55412,
    "lng": -0.10018,
    "utm_x": 753675.55,
    "utm_y": 4271274.54,
    "utm_huso": 30,
    "fuente": "OpenStreetMap (Overpass)",
    "licencia": "ODbL 1.0",
    "confianza": 23,
    "estado_espacial": "valido",
    "geometria_origen": "punto_representativo"
   }
  },
  {
   "type": "Feature",
   "geometry": {
    "type": "Point",
    "coordinates": [
     -0.11664,
     38.53954
    ]
   },
   "properties": {
    "id_tecnico": "505e1352-36bf-44a8-867f-9508c0b360ee",
    "categoria": "equipamientos",
    "tipo": "alimentacion",
    "nombre": "alimentacion node/8016271028",
    "estado_nombre": "correcto",
    "direccion": "Carrer d'Evissa",
    "lat": 38.53954,
    "lng": -0.11664,
    "utm_x": 752285.71,
    "utm_y": 4269611.22,
    "utm_huso": 30,
    "fuente": "OpenStreetMap (Overpass)",
    "licencia": "ODbL 1.0",
    "confianza": 26,
    "estado_espacial": "valido",
    "geometria_origen": "punto_representativo"
   }
  },
  {
   "type": "Feature",
   "geometry": {
    "type": "Point",
    "coordinates": [
     -0.12604,
     38.53888
    ]
   },
   "properties": {
    "id_tecnico": "50aa063f-f343-4892-81ab-1db54d6de04c",
    "categoria": "infraestructuras",
    "tipo": "alojamiento",
    "nombre": "Hotel RH Victoria",
    "estado_nombre": "correcto",
    "direccion": null,
    "lat": 38.53888,
    "lng": -0.12604,
    "utm_x": 751465.35,
    "utm_y": 4269512.38,
    "utm_huso": 30,
    "fuente": "OpenStreetMap (Overpass)",
    "licencia": "ODbL 1.0",
    "confianza": 23,
    "estado_espacial": "valido",
    "geometria_origen": "punto_representativo"
   }
  },
  {
   "type": "Feature",
   "geometry": {
    "type": "Point",
    "coordinates": [
     -0.1023,
     38.5376
    ]
   },
   "properties": {
    "id_tecnico": "50c238b5-ac1f-4fa8-8167-cfdee48d5590",
    "categoria": "infraestructuras",
    "tipo": "parada_autobus",
    "nombre": "338 - París 5",
    "estado_nombre": "correcto",
    "direccion": "Av. París, 5",
    "lat": 38.5376,
    "lng": -0.1023,
    "utm_x": 753547.41,
    "utm_y": 4269435.08,
    "utm_huso": 30,
    "fuente": "Plantilla municipal — Limpieza info (PTM Benidorm)",
    "licencia": "Uso interno del proyecto",
    "confianza": 26,
    "estado_espacial": "valido",
    "geometria_origen": "punto_representativo"
   }
  },
  {
   "type": "Feature",
   "geometry": {
    "type": "Point",
    "coordinates": [
     -0.127,
     38.54558
    ]
   },
   "properties": {
    "id_tecnico": "50e1035d-bfa6-4a1e-a8e5-9280f0854082",
    "categoria": "infraestructuras",
    "tipo": "parada_autobus",
    "nombre": "281 - Holanda 3A",
    "estado_nombre": "correcto",
    "direccion": "Av. Holanda, 3A",
    "lat": 38.54558,
    "lng": -0.127,
    "utm_x": 751358.28,
    "utm_y": 4270253.44,
    "utm_huso": 30,
    "fuente": "Plantilla municipal — Limpieza info (PTM Benidorm)",
    "licencia": "Uso interno del proyecto",
    "confianza": 26,
    "estado_espacial": "valido",
    "geometria_origen": "punto_representativo"
   }
  },
  {
   "type": "Feature",
   "geometry": {
    "type": "Point",
    "coordinates": [
     -0.14205,
     38.54365
    ]
   },
   "properties": {
    "id_tecnico": "50f332d7-d443-43a0-b6c8-5d1d45a1de71",
    "categoria": "infraestructuras",
    "tipo": "parada_autobus",
    "nombre": "137 - A. Terralta",
    "estado_nombre": "correcto",
    "direccion": "Av. Nicaragua, 44 (Aparthotel Terralta)",
    "lat": 38.54365,
    "lng": -0.14205,
    "utm_x": 750047.9,
    "utm_y": 4269998.44,
    "utm_huso": 30,
    "fuente": "Plantilla municipal — Limpieza info (PTM Benidorm)",
    "licencia": "Uso interno del proyecto",
    "confianza": 26,
    "estado_espacial": "valido",
    "geometria_origen": "punto_representativo"
   }
  },
  {
   "type": "Feature",
   "geometry": {
    "type": "Point",
    "coordinates": [
     -0.13021,
     38.54296
    ]
   },
   "properties": {
    "id_tecnico": "5160aa63-feb9-4ccc-89d5-195cb1338d8d",
    "categoria": "infraestructuras",
    "tipo": "alojamiento",
    "nombre": "Hotel Prince Park",
    "estado_nombre": "correcto",
    "direccion": null,
    "lat": 38.54296,
    "lng": -0.13021,
    "utm_x": 751086.39,
    "utm_y": 4269953.92,
    "utm_huso": 30,
    "fuente": "OpenStreetMap (Overpass)",
    "licencia": "ODbL 1.0",
    "confianza": 23,
    "estado_espacial": "valido",
    "geometria_origen": "punto_representativo"
   }
  },
  {
   "type": "Feature",
   "geometry": {
    "type": "Point",
    "coordinates": [
     -0.10445,
     38.54004
    ]
   },
   "properties": {
    "id_tecnico": "51e1f63a-e3e8-4604-8146-157ca19ccde2",
    "categoria": "infraestructuras",
    "tipo": "parada_autobus",
    "nombre": "231 - H. Melia",
    "estado_nombre": "correcto",
    "direccion": "Av. Severo Ochoa, 1 (Hotel Meliá)",
    "lat": 38.54004,
    "lng": -0.10445,
    "utm_x": 753350.78,
    "utm_y": 4269700.02,
    "utm_huso": 30,
    "fuente": "Plantilla municipal — Limpieza info (PTM Benidorm)",
    "licencia": "Uso interno del proyecto",
    "confianza": 26,
    "estado_espacial": "valido",
    "geometria_origen": "punto_representativo"
   }
  },
  {
   "type": "Feature",
   "geometry": {
    "type": "Point",
    "coordinates": [
     -0.13454,
     38.53798
    ]
   },
   "properties": {
    "id_tecnico": "52086cc7-c399-40aa-a55e-590593063a5a",
    "categoria": "equipamientos",
    "tipo": "farmacia",
    "nombre": "Farmacia Marqués de Comillas",
    "estado_nombre": "correcto",
    "direccion": "Marqués de Comillas 24",
    "lat": 38.53798,
    "lng": -0.13454,
    "utm_x": 750724.56,
    "utm_y": 4269389.42,
    "utm_huso": 30,
    "fuente": "OpenStreetMap (Overpass)",
    "licencia": "ODbL 1.0",
    "confianza": 26,
    "estado_espacial": "proximo_limite",
    "geometria_origen": "punto_representativo"
   }
  },
  {
   "type": "Feature",
   "geometry": {
    "type": "Point",
    "coordinates": [
     -0.12016,
     38.53816
    ]
   },
   "properties": {
    "id_tecnico": "520b9b35-ee9c-4958-877f-f5c4b9699c37",
    "categoria": "infraestructuras",
    "tipo": "parada_autobus",
    "nombre": "Benidorm, Av. Europa 8",
    "estado_nombre": "correcto",
    "direccion": null,
    "lat": 38.53816,
    "lng": -0.12016,
    "utm_x": 751982.42,
    "utm_y": 4269448.46,
    "utm_huso": 30,
    "fuente": "OpenStreetMap (Overpass)",
    "licencia": "ODbL 1.0",
    "confianza": 23,
    "estado_espacial": "valido",
    "geometria_origen": "punto_representativo"
   }
  },
  {
   "type": "Feature",
   "geometry": {
    "type": "Point",
    "coordinates": [
     -0.12071,
     38.53801
    ]
   },
   "properties": {
    "id_tecnico": "521bca51-d1ef-4fdd-802b-55395e190c21",
    "categoria": "equipamientos",
    "tipo": "alimentacion",
    "nombre": "Beni Tech",
    "estado_nombre": "correcto",
    "direccion": "Carrer de Girona",
    "lat": 38.53801,
    "lng": -0.12071,
    "utm_x": 751934.8,
    "utm_y": 4269430.31,
    "utm_huso": 30,
    "fuente": "OpenStreetMap (Overpass)",
    "licencia": "ODbL 1.0",
    "confianza": 26,
    "estado_espacial": "valido",
    "geometria_origen": "punto_representativo"
   }
  },
  {
   "type": "Feature",
   "geometry": {
    "type": "Point",
    "coordinates": [
     -0.13754,
     38.54237
    ]
   },
   "properties": {
    "id_tecnico": "525bd759-f4ec-4138-ba7d-b015fb1109fc",
    "categoria": "infraestructuras",
    "tipo": "parada_autobus",
    "nombre": "parada autobus node/3423566518",
    "estado_nombre": "correcto",
    "direccion": null,
    "lat": 38.54237,
    "lng": -0.13754,
    "utm_x": 750446.96,
    "utm_y": 4269868.57,
    "utm_huso": 30,
    "fuente": "OpenStreetMap (Overpass)",
    "licencia": "ODbL 1.0",
    "confianza": 23,
    "estado_espacial": "valido",
    "geometria_origen": "punto_representativo"
   }
  },
  {
   "type": "Feature",
   "geometry": {
    "type": "Point",
    "coordinates": [
     -0.1268,
     38.53652
    ]
   },
   "properties": {
    "id_tecnico": "528d019c-2772-4b3f-8d7b-c462b089d351",
    "categoria": "equipamientos",
    "tipo": "alimentacion",
    "nombre": "alimentacion node/5024882103",
    "estado_nombre": "correcto",
    "direccion": "Carrer de València 14",
    "lat": 38.53652,
    "lng": -0.1268,
    "utm_x": 751406.96,
    "utm_y": 4269248.37,
    "utm_huso": 30,
    "fuente": "OpenStreetMap (Overpass)",
    "licencia": "ODbL 1.0",
    "confianza": 26,
    "estado_espacial": "proximo_limite",
    "geometria_origen": "punto_representativo"
   }
  },
  {
   "type": "Feature",
   "geometry": {
    "type": "Point",
    "coordinates": [
     -0.0693,
     38.5712
    ]
   },
   "properties": {
    "id_tecnico": "5361e2db-a538-481b-a543-79309e151035",
    "categoria": "equipamientos",
    "tipo": "alimentacion",
    "nombre": "Consum",
    "estado_nombre": "correcto",
    "direccion": "Avenida del Albir 67",
    "lat": 38.5712,
    "lng": -0.0693,
    "utm_x": 756317.49,
    "utm_y": 4273255.5,
    "utm_huso": 30,
    "fuente": "OpenStreetMap (Overpass)",
    "licencia": "ODbL 1.0",
    "confianza": 9,
    "estado_espacial": "fuera_municipio",
    "geometria_origen": "punto_representativo"
   }
  },
  {
   "type": "Feature",
   "geometry": {
    "type": "Point",
    "coordinates": [
     -0.10307,
     38.55612
    ]
   },
   "properties": {
    "id_tecnico": "53639d22-7f1d-45f3-b8cf-75aa1a802a44",
    "categoria": "infraestructuras",
    "tipo": "parada_autobus",
    "nombre": "217 - fr. Estanquet",
    "estado_nombre": "correcto",
    "direccion": "Av. Severo Ochoa (Estanquet)",
    "lat": 38.55612,
    "lng": -0.10307,
    "utm_x": 753415.74,
    "utm_y": 4271488.62,
    "utm_huso": 30,
    "fuente": "Plantilla municipal — Limpieza info (PTM Benidorm)",
    "licencia": "Uso interno del proyecto",
    "confianza": 26,
    "estado_espacial": "valido",
    "geometria_origen": "punto_representativo"
   }
  },
  {
   "type": "Feature",
   "geometry": {
    "type": "Point",
    "coordinates": [
     -0.1248,
     38.55133
    ]
   },
   "properties": {
    "id_tecnico": "538ccf15-32c3-4218-95ef-0b3d802994ca",
    "categoria": "equipamientos",
    "tipo": "administracion",
    "nombre": "Registro Civil",
    "estado_nombre": "correcto",
    "direccion": null,
    "lat": 38.55133,
    "lng": -0.1248,
    "utm_x": 751530.99,
    "utm_y": 4270897.64,
    "utm_huso": 30,
    "fuente": "OpenStreetMap (Overpass)",
    "licencia": "ODbL 1.0",
    "confianza": 23,
    "estado_espacial": "valido",
    "geometria_origen": "punto_representativo"
   }
  },
  {
   "type": "Feature",
   "geometry": {
    "type": "Point",
    "coordinates": [
     -0.12983,
     38.53644
    ]
   },
   "properties": {
    "id_tecnico": "53a6c97c-1dc8-4bef-81a8-9affeb14b606",
    "categoria": "equipamientos",
    "tipo": "alimentacion",
    "nombre": "alimentacion node/10847063392",
    "estado_nombre": "correcto",
    "direccion": null,
    "lat": 38.53644,
    "lng": -0.12983,
    "utm_x": 751142.05,
    "utm_y": 4269231.26,
    "utm_huso": 30,
    "fuente": "OpenStreetMap (Overpass)",
    "licencia": "ODbL 1.0",
    "confianza": 23,
    "estado_espacial": "proximo_limite",
    "geometria_origen": "punto_representativo"
   }
  },
  {
   "type": "Feature",
   "geometry": {
    "type": "Point",
    "coordinates": [
     -0.13258,
     38.53766
    ]
   },
   "properties": {
    "id_tecnico": "53b7f34d-c141-4cee-9deb-81759549be8c",
    "categoria": "equipamientos",
    "tipo": "alimentacion",
    "nombre": "La Calle",
    "estado_nombre": "correcto",
    "direccion": null,
    "lat": 38.53766,
    "lng": -0.13258,
    "utm_x": 750897.19,
    "utm_y": 4269359.22,
    "utm_huso": 30,
    "fuente": "OpenStreetMap (Overpass)",
    "licencia": "ODbL 1.0",
    "confianza": 23,
    "estado_espacial": "proximo_limite",
    "geometria_origen": "punto_representativo"
   }
  },
  {
   "type": "Feature",
   "geometry": {
    "type": "Point",
    "coordinates": [
     -0.13756,
     38.53999
    ]
   },
   "properties": {
    "id_tecnico": "53f10338-54d0-4c3b-b977-f31c0041baf6",
    "categoria": "infraestructuras",
    "tipo": "alojamiento",
    "nombre": "Hotel Acapulco",
    "estado_nombre": "correcto",
    "direccion": null,
    "lat": 38.53999,
    "lng": -0.13756,
    "utm_x": 750453.37,
    "utm_y": 4269604.35,
    "utm_huso": 30,
    "fuente": "OpenStreetMap (Overpass)",
    "licencia": "ODbL 1.0",
    "confianza": 23,
    "estado_espacial": "valido",
    "geometria_origen": "punto_representativo"
   }
  },
  {
   "type": "Feature",
   "geometry": {
    "type": "Point",
    "coordinates": [
     -0.16328,
     38.55383
    ]
   },
   "properties": {
    "id_tecnico": "54329ac4-1095-4652-8497-0d180ab3ae7b",
    "categoria": "infraestructuras",
    "tipo": "parada_autobus",
    "nombre": "parada autobus node/4671428319",
    "estado_nombre": "correcto",
    "direccion": null,
    "lat": 38.55383,
    "lng": -0.16328,
    "utm_x": 748155.5,
    "utm_y": 4271071.21,
    "utm_huso": 30,
    "fuente": "OpenStreetMap (Overpass)",
    "licencia": "ODbL 1.0",
    "confianza": 23,
    "estado_espacial": "valido",
    "geometria_origen": "punto_representativo"
   }
  },
  {
   "type": "Feature",
   "geometry": {
    "type": "Point",
    "coordinates": [
     -0.15535,
     38.53383
    ]
   },
   "properties": {
    "id_tecnico": "54a6d08b-6235-4040-8cbd-9c354ef5b266",
    "categoria": "infraestructuras",
    "tipo": "parada_autobus",
    "nombre": "Av. Vicent Llorca Alós, 11",
    "estado_nombre": "correcto",
    "direccion": null,
    "lat": 38.53383,
    "lng": -0.15535,
    "utm_x": 748917.49,
    "utm_y": 4268872.62,
    "utm_huso": 30,
    "fuente": "OpenStreetMap (Overpass)",
    "licencia": "ODbL 1.0",
    "confianza": 23,
    "estado_espacial": "proximo_limite",
    "geometria_origen": "punto_representativo"
   }
  },
  {
   "type": "Feature",
   "geometry": {
    "type": "Point",
    "coordinates": [
     -0.1327,
     38.5426
    ]
   },
   "properties": {
    "id_tecnico": "552c147b-a009-4980-bef2-aa0ff1c9b654",
    "categoria": "equipamientos",
    "tipo": "centro_salud",
    "nombre": "Dr Agullo",
    "estado_nombre": "correcto",
    "direccion": "Avinguda del Rei Jaume I 50",
    "lat": 38.5426,
    "lng": -0.1327,
    "utm_x": 750869.72,
    "utm_y": 4269907.21,
    "utm_huso": 30,
    "fuente": "OpenStreetMap (Overpass)",
    "licencia": "ODbL 1.0",
    "confianza": 26,
    "estado_espacial": "valido",
    "geometria_origen": "punto_representativo"
   }
  },
  {
   "type": "Feature",
   "geometry": {
    "type": "Point",
    "coordinates": [
     -0.13008,
     38.53923
    ]
   },
   "properties": {
    "id_tecnico": "552f873f-28f7-4eb6-8bd7-ac735626e576",
    "categoria": "equipamientos",
    "tipo": "farmacia",
    "nombre": "farmacia node/7947705205",
    "estado_nombre": "correcto",
    "direccion": "Avenida de Ruzafa - Avinguda de Russafa",
    "lat": 38.53923,
    "lng": -0.13008,
    "utm_x": 751110.58,
    "utm_y": 4269540.26,
    "utm_huso": 30,
    "fuente": "OpenStreetMap (Overpass)",
    "licencia": "ODbL 1.0",
    "confianza": 26,
    "estado_espacial": "valido",
    "geometria_origen": "punto_representativo"
   }
  },
  {
   "type": "Feature",
   "geometry": {
    "type": "Point",
    "coordinates": [
     -0.11223,
     38.53829
    ]
   },
   "properties": {
    "id_tecnico": "5530e621-5181-40d1-8eca-7eec510345f0",
    "categoria": "equipamientos",
    "tipo": "alimentacion",
    "nombre": "One Stop",
    "estado_nombre": "correcto",
    "direccion": null,
    "lat": 38.53829,
    "lng": -0.11223,
    "utm_x": 752675.97,
    "utm_y": 4269484.51,
    "utm_huso": 30,
    "fuente": "OpenStreetMap (Overpass)",
    "licencia": "ODbL 1.0",
    "confianza": 23,
    "estado_espacial": "valido",
    "geometria_origen": "punto_representativo"
   }
  },
  {
   "type": "Feature",
   "geometry": {
    "type": "Point",
    "coordinates": [
     -0.1065,
     38.53596
    ]
   },
   "properties": {
    "id_tecnico": "55454d57-8e28-4691-9858-7af3bb0389f2",
    "categoria": "infraestructuras",
    "tipo": "alojamiento",
    "nombre": "Hotel Servigroup Nereo",
    "estado_nombre": "correcto",
    "direccion": null,
    "lat": 38.53596,
    "lng": -0.1065,
    "utm_x": 753185.52,
    "utm_y": 4269241.55,
    "utm_huso": 30,
    "fuente": "OpenStreetMap (Overpass)",
    "licencia": "ODbL 1.0",
    "confianza": 23,
    "estado_espacial": "valido",
    "geometria_origen": "punto_representativo"
   }
  },
  {
   "type": "Feature",
   "geometry": {
    "type": "Point",
    "coordinates": [
     -0.07818,
     38.60512
    ]
   },
   "properties": {
    "id_tecnico": "556abac9-424a-4c28-b18f-ceda998d4d83",
    "categoria": "equipamientos",
    "tipo": "alimentacion",
    "nombre": "Charter",
    "estado_nombre": "correcto",
    "direccion": null,
    "lat": 38.60512,
    "lng": -0.07818,
    "utm_x": 755421.84,
    "utm_y": 4276995.94,
    "utm_huso": 30,
    "fuente": "OpenStreetMap (Overpass)",
    "licencia": "ODbL 1.0",
    "confianza": 6,
    "estado_espacial": "fuera_municipio",
    "geometria_origen": "punto_representativo"
   }
  },
  {
   "type": "Feature",
   "geometry": {
    "type": "Point",
    "coordinates": [
     -0.10027,
     38.55434
    ]
   },
   "properties": {
    "id_tecnico": "556d18a2-65a0-4f04-a441-10318e7eaf00",
    "categoria": "infraestructuras",
    "tipo": "parada_autobus",
    "nombre": "Av. Severo Ochoa, 54",
    "estado_nombre": "correcto",
    "direccion": null,
    "lat": 38.55434,
    "lng": -0.10027,
    "utm_x": 753666.91,
    "utm_y": 4271298.72,
    "utm_huso": 30,
    "fuente": "OpenStreetMap (Overpass)",
    "licencia": "ODbL 1.0",
    "confianza": 23,
    "estado_espacial": "valido",
    "geometria_origen": "punto_representativo"
   }
  },
  {
   "type": "Feature",
   "geometry": {
    "type": "Point",
    "coordinates": [
     -0.10374,
     38.54218
    ]
   },
   "properties": {
    "id_tecnico": "556dc214-1c21-4fc7-a172-0f4343ecfdcb",
    "categoria": "equipamientos",
    "tipo": "farmacia",
    "nombre": "Jorge Crespo Soria",
    "estado_nombre": "correcto",
    "direccion": "Avenida del Doctor Severo Ochoa 7",
    "lat": 38.54218,
    "lng": -0.10374,
    "utm_x": 753405.49,
    "utm_y": 4269939.5,
    "utm_huso": 30,
    "fuente": "OpenStreetMap (Overpass)",
    "licencia": "ODbL 1.0",
    "confianza": 26,
    "estado_espacial": "valido",
    "geometria_origen": "punto_representativo"
   }
  },
  {
   "type": "Feature",
   "geometry": {
    "type": "Point",
    "coordinates": [
     -0.1579,
     38.5381
    ]
   },
   "properties": {
    "id_tecnico": "55bbbecf-e5e0-4c39-81ec-09237a4afe37",
    "categoria": "infraestructuras",
    "tipo": "parada_autobus",
    "nombre": "143 - Ed. Coblanca 40",
    "estado_nombre": "correcto",
    "direccion": "Av. Vicente Pérez Devesa, s/n",
    "lat": 38.5381,
    "lng": -0.1579,
    "utm_x": 748679.78,
    "utm_y": 4269339.71,
    "utm_huso": 30,
    "fuente": "Plantilla municipal — Limpieza info (PTM Benidorm)",
    "licencia": "Uso interno del proyecto",
    "confianza": 26,
    "estado_espacial": "valido",
    "geometria_origen": "punto_representativo"
   }
  },
  {
   "type": "Feature",
   "geometry": {
    "type": "Point",
    "coordinates": [
     -0.15272,
     38.54485
    ]
   },
   "properties": {
    "id_tecnico": "55da0589-07f2-4212-9ab5-83504f5c1751",
    "categoria": "infraestructuras",
    "tipo": "parada_autobus",
    "nombre": "C/ Adolfo Suárez, 22",
    "estado_nombre": "correcto",
    "direccion": null,
    "lat": 38.54485,
    "lng": -0.15272,
    "utm_x": 749110.09,
    "utm_y": 4270102.86,
    "utm_huso": 30,
    "fuente": "OpenStreetMap (Overpass)",
    "licencia": "ODbL 1.0",
    "confianza": 23,
    "estado_espacial": "valido",
    "geometria_origen": "punto_representativo"
   }
  },
  {
   "type": "Feature",
   "geometry": {
    "type": "Point",
    "coordinates": [
     -0.13718,
     38.54042
    ]
   },
   "properties": {
    "id_tecnico": "562208c8-fd37-490f-83fc-0583f0ab52e8",
    "categoria": "infraestructuras",
    "tipo": "parada_autobus",
    "nombre": "135 - R. Bayona 8",
    "estado_nombre": "correcto",
    "direccion": "Av. Ricardo Bayona, 8",
    "lat": 38.54042,
    "lng": -0.13718,
    "utm_x": 750485.15,
    "utm_y": 4269653.1,
    "utm_huso": 30,
    "fuente": "Plantilla municipal — Limpieza info (PTM Benidorm)",
    "licencia": "Uso interno del proyecto",
    "confianza": 26,
    "estado_espacial": "valido",
    "geometria_origen": "punto_representativo"
   }
  },
  {
   "type": "Feature",
   "geometry": {
    "type": "Point",
    "coordinates": [
     -0.11522,
     38.53934
    ]
   },
   "properties": {
    "id_tecnico": "5666129f-d7c1-493c-a654-e29e25dde52b",
    "categoria": "equipamientos",
    "tipo": "alimentacion",
    "nombre": "All In One",
    "estado_nombre": "correcto",
    "direccion": "Carrer d'Evissa",
    "lat": 38.53934,
    "lng": -0.11522,
    "utm_x": 752410.67,
    "utm_y": 4269592.9,
    "utm_huso": 30,
    "fuente": "OpenStreetMap (Overpass)",
    "licencia": "ODbL 1.0",
    "confianza": 26,
    "estado_espacial": "valido",
    "geometria_origen": "punto_representativo"
   }
  },
  {
   "type": "Feature",
   "geometry": {
    "type": "Point",
    "coordinates": [
     -0.13231,
     38.53661
    ]
   },
   "properties": {
    "id_tecnico": "574f8a3c-8d7e-4e5a-b82b-50d8ed2cd87c",
    "categoria": "equipamientos",
    "tipo": "alimentacion",
    "nombre": "alimentacion node/11944448013",
    "estado_nombre": "correcto",
    "direccion": null,
    "lat": 38.53661,
    "lng": -0.13231,
    "utm_x": 750924.43,
    "utm_y": 4269243.4,
    "utm_huso": 30,
    "fuente": "OpenStreetMap (Overpass)",
    "licencia": "ODbL 1.0",
    "confianza": 23,
    "estado_espacial": "proximo_limite",
    "geometria_origen": "punto_representativo"
   }
  },
  {
   "type": "Feature",
   "geometry": {
    "type": "Point",
    "coordinates": [
     -0.10562,
     38.53886
    ]
   },
   "properties": {
    "id_tecnico": "5780e18c-7ae5-4c87-937f-9d321436ec2a",
    "categoria": "equipamientos",
    "tipo": "alimentacion",
    "nombre": "Supermarket",
    "estado_nombre": "correcto",
    "direccion": "Avinguda de L'Ametlla de Mar 17",
    "lat": 38.53886,
    "lng": -0.10562,
    "utm_x": 753252.48,
    "utm_y": 4269565.85,
    "utm_huso": 30,
    "fuente": "OpenStreetMap (Overpass)",
    "licencia": "ODbL 1.0",
    "confianza": 26,
    "estado_espacial": "valido",
    "geometria_origen": "punto_representativo"
   }
  },
  {
   "type": "Feature",
   "geometry": {
    "type": "Point",
    "coordinates": [
     -0.07849,
     38.60594
    ]
   },
   "properties": {
    "id_tecnico": "57e9c717-268f-4012-a9fd-99dfe3413e5f",
    "categoria": "servicios_basicos",
    "tipo": "estacion_servicio",
    "nombre": "Repsol",
    "estado_nombre": "correcto",
    "direccion": null,
    "lat": 38.60594,
    "lng": -0.07849,
    "utm_x": 755391.87,
    "utm_y": 4277086.1,
    "utm_huso": 30,
    "fuente": "OpenStreetMap (Overpass)",
    "licencia": "ODbL 1.0",
    "confianza": 3,
    "estado_espacial": "fuera_municipio",
    "geometria_origen": "punto_representativo"
   }
  },
  {
   "type": "Feature",
   "geometry": {
    "type": "Point",
    "coordinates": [
     -0.11447,
     38.53532
    ]
   },
   "properties": {
    "id_tecnico": "581d044d-7de7-4e3e-b961-c8179614a8e0",
    "categoria": "equipamientos",
    "tipo": "alimentacion",
    "nombre": "Yago",
    "estado_nombre": "correcto",
    "direccion": "Avinguda de Filipines  -  Avenida de Filipinas",
    "lat": 38.53532,
    "lng": -0.11447,
    "utm_x": 752490.2,
    "utm_y": 4269148.74,
    "utm_huso": 30,
    "fuente": "OpenStreetMap (Overpass)",
    "licencia": "ODbL 1.0",
    "confianza": 26,
    "estado_espacial": "proximo_limite",
    "geometria_origen": "punto_representativo"
   }
  },
  {
   "type": "Feature",
   "geometry": {
    "type": "Point",
    "coordinates": [
     -0.13555,
     38.53745
    ]
   },
   "properties": {
    "id_tecnico": "58328746-d225-4cad-a2fe-451b89007d7f",
    "categoria": "infraestructuras",
    "tipo": "alojamiento",
    "nombre": "Hotel Porto Poniente",
    "estado_nombre": "correcto",
    "direccion": null,
    "lat": 38.53745,
    "lng": -0.13555,
    "utm_x": 750637.99,
    "utm_y": 4269327.86,
    "utm_huso": 30,
    "fuente": "OpenStreetMap (Overpass)",
    "licencia": "ODbL 1.0",
    "confianza": 23,
    "estado_espacial": "proximo_limite",
    "geometria_origen": "punto_representativo"
   }
  },
  {
   "type": "Feature",
   "geometry": {
    "type": "Point",
    "coordinates": [
     -0.09638,
     38.54616
    ]
   },
   "properties": {
    "id_tecnico": "584e420e-97c2-4ee6-8e88-81cb2bb1d5d5",
    "categoria": "infraestructuras",
    "tipo": "parada_autobus",
    "nombre": "300 - Rumania 6",
    "estado_nombre": "correcto",
    "direccion": "C/ Romania, 6",
    "lat": 38.54616,
    "lng": -0.09638,
    "utm_x": 754035.73,
    "utm_y": 4270401.44,
    "utm_huso": 30,
    "fuente": "Plantilla municipal — Limpieza info (PTM Benidorm)",
    "licencia": "Uso interno del proyecto",
    "confianza": 26,
    "estado_espacial": "valido",
    "geometria_origen": "punto_representativo"
   }
  },
  {
   "type": "Feature",
   "geometry": {
    "type": "Point",
    "coordinates": [
     -0.11046,
     38.53566
    ]
   },
   "properties": {
    "id_tecnico": "589040e3-743f-44f6-9c4a-3d845a3aeacf",
    "categoria": "infraestructuras",
    "tipo": "parada_autobus",
    "nombre": "206 - Mediterraneo 58",
    "estado_nombre": "correcto",
    "direccion": "Av. Mediterráneo, 58",
    "lat": 38.53566,
    "lng": -0.11046,
    "utm_x": 752839.98,
    "utm_y": 4269197.43,
    "utm_huso": 30,
    "fuente": "Plantilla municipal — Limpieza info (PTM Benidorm)",
    "licencia": "Uso interno del proyecto",
    "confianza": 26,
    "estado_espacial": "proximo_limite",
    "geometria_origen": "punto_representativo"
   }
  },
  {
   "type": "Feature",
   "geometry": {
    "type": "Point",
    "coordinates": [
     -0.10756,
     38.53404
    ]
   },
   "properties": {
    "id_tecnico": "589e3b3d-9812-4220-a53b-2ba2ef86dc8b",
    "categoria": "equipamientos",
    "tipo": "alimentacion",
    "nombre": "Sunrise Beach",
    "estado_nombre": "correcto",
    "direccion": null,
    "lat": 38.53404,
    "lng": -0.10756,
    "utm_x": 753099.4,
    "utm_y": 4269025.54,
    "utm_huso": 30,
    "fuente": "OpenStreetMap (Overpass)",
    "licencia": "ODbL 1.0",
    "confianza": 23,
    "estado_espacial": "proximo_limite",
    "geometria_origen": "punto_representativo"
   }
  },
  {
   "type": "Feature",
   "geometry": {
    "type": "Point",
    "coordinates": [
     -0.0971,
     38.57602
    ]
   },
   "properties": {
    "id_tecnico": "58a4c687-c15d-4ec5-b64e-fca20b0e7358",
    "categoria": "equipamientos",
    "tipo": "colegio",
    "nombre": "Institut d'Educació Secundària l'Arabí",
    "estado_nombre": "correcto",
    "direccion": null,
    "lat": 38.57602,
    "lng": -0.0971,
    "utm_x": 753868.85,
    "utm_y": 4273713.81,
    "utm_huso": 30,
    "fuente": "OpenStreetMap (Overpass)",
    "licencia": "ODbL 1.0",
    "confianza": 6,
    "estado_espacial": "fuera_municipio",
    "geometria_origen": "punto_representativo"
   }
  },
  {
   "type": "Feature",
   "geometry": {
    "type": "Point",
    "coordinates": [
     -0.0716,
     38.57319
    ]
   },
   "properties": {
    "id_tecnico": "59003a72-ed19-4c87-b4b1-354e4d7891ac",
    "categoria": "equipamientos",
    "tipo": "mercado",
    "nombre": "Mercadillo de El Albir",
    "estado_nombre": "correcto",
    "direccion": "Carrer Isaac Albéniz",
    "lat": 38.57319,
    "lng": -0.0716,
    "utm_x": 756109.3,
    "utm_y": 4273470.01,
    "utm_huso": 30,
    "fuente": "OpenStreetMap (Overpass)",
    "licencia": "ODbL 1.0",
    "confianza": 12,
    "estado_espacial": "fuera_municipio",
    "geometria_origen": "punto_representativo"
   }
  },
  {
   "type": "Feature",
   "geometry": {
    "type": "Point",
    "coordinates": [
     -0.13444,
     38.54065
    ]
   },
   "properties": {
    "id_tecnico": "592df1fd-3801-4a45-aca9-448954a7c3a8",
    "categoria": "equipamientos",
    "tipo": "farmacia",
    "nombre": "Farmacia Carbonell",
    "estado_nombre": "correcto",
    "direccion": "Avinguda del Rei Jaume I 38",
    "lat": 38.54065,
    "lng": -0.13444,
    "utm_x": 750724.15,
    "utm_y": 4269686.05,
    "utm_huso": 30,
    "fuente": "OpenStreetMap (Overpass)",
    "licencia": "ODbL 1.0",
    "confianza": 29,
    "estado_espacial": "valido",
    "geometria_origen": "punto_representativo"
   }
  },
  {
   "type": "Feature",
   "geometry": {
    "type": "Point",
    "coordinates": [
     -0.11318,
     38.53822
    ]
   },
   "properties": {
    "id_tecnico": "593740db-2fa7-4c79-92d0-ac76f411e7fe",
    "categoria": "equipamientos",
    "tipo": "alimentacion",
    "nombre": "alimentacion node/13094051312",
    "estado_nombre": "correcto",
    "direccion": null,
    "lat": 38.53822,
    "lng": -0.11318,
    "utm_x": 752593.08,
    "utm_y": 4269474.15,
    "utm_huso": 30,
    "fuente": "OpenStreetMap (Overpass)",
    "licencia": "ODbL 1.0",
    "confianza": 23,
    "estado_espacial": "valido",
    "geometria_origen": "punto_representativo"
   }
  },
  {
   "type": "Feature",
   "geometry": {
    "type": "Point",
    "coordinates": [
     -0.15061,
     38.55966
    ]
   },
   "properties": {
    "id_tecnico": "594ff368-e215-47b9-a706-f15fcd3a1635",
    "categoria": "infraestructuras",
    "tipo": "parada_autobus",
    "nombre": "179 - H. Villaitana",
    "estado_nombre": "correcto",
    "direccion": "Av. Eduardo Zaplana (Villaitana)",
    "lat": 38.55966,
    "lng": -0.15061,
    "utm_x": 749244.17,
    "utm_y": 4271752.37,
    "utm_huso": 30,
    "fuente": "Plantilla municipal — Limpieza info (PTM Benidorm)",
    "licencia": "Uso interno del proyecto",
    "confianza": 26,
    "estado_espacial": "valido",
    "geometria_origen": "punto_representativo"
   }
  },
  {
   "type": "Feature",
   "geometry": {
    "type": "Point",
    "coordinates": [
     -0.10492,
     38.53664
    ]
   },
   "properties": {
    "id_tecnico": "5969f763-e1c1-4c8b-8b84-a0715b28a715",
    "categoria": "infraestructuras",
    "tipo": "alojamiento",
    "nombre": "Las Bermudas",
    "estado_nombre": "correcto",
    "direccion": null,
    "lat": 38.53664,
    "lng": -0.10492,
    "utm_x": 753321.44,
    "utm_y": 4269321.35,
    "utm_huso": 30,
    "fuente": "OpenStreetMap (Overpass)",
    "licencia": "ODbL 1.0",
    "confianza": 23,
    "estado_espacial": "valido",
    "geometria_origen": "punto_representativo"
   }
  },
  {
   "type": "Feature",
   "geometry": {
    "type": "Point",
    "coordinates": [
     -0.09825,
     38.54703
    ]
   },
   "properties": {
    "id_tecnico": "59a73816-e471-42fc-8324-5bd721be62ad",
    "categoria": "infraestructuras",
    "tipo": "parada_autobus",
    "nombre": "C/ Romania, 2",
    "estado_nombre": "correcto",
    "direccion": null,
    "lat": 38.54703,
    "lng": -0.09825,
    "utm_x": 753869.07,
    "utm_y": 4270492.88,
    "utm_huso": 30,
    "fuente": "OpenStreetMap (Overpass)",
    "licencia": "ODbL 1.0",
    "confianza": 23,
    "estado_espacial": "valido",
    "geometria_origen": "punto_representativo"
   }
  },
  {
   "type": "Feature",
   "geometry": {
    "type": "Point",
    "coordinates": [
     -0.13108,
     38.53792
    ]
   },
   "properties": {
    "id_tecnico": "59b09967-307b-40f1-878e-268ced42a5fe",
    "categoria": "infraestructuras",
    "tipo": "alojamiento",
    "nombre": "Aparthotel Posidonia",
    "estado_nombre": "correcto",
    "direccion": "Carrer de Tomás Ortuño 30",
    "lat": 38.53792,
    "lng": -0.13108,
    "utm_x": 751027.57,
    "utm_y": 4269392.14,
    "utm_huso": 30,
    "fuente": "OpenStreetMap (Overpass)",
    "licencia": "ODbL 1.0",
    "confianza": 26,
    "estado_espacial": "valido",
    "geometria_origen": "punto_representativo"
   }
  },
  {
   "type": "Feature",
   "geometry": {
    "type": "Point",
    "coordinates": [
     -0.13046,
     38.54443
    ]
   },
   "properties": {
    "id_tecnico": "59d41e78-a463-47a7-b823-278fe7e31b01",
    "categoria": "infraestructuras",
    "tipo": "parada_autobus",
    "nombre": "C/ Àustria, 1",
    "estado_nombre": "correcto",
    "direccion": null,
    "lat": 38.54443,
    "lng": -0.13046,
    "utm_x": 751059.46,
    "utm_y": 4270116.4,
    "utm_huso": 30,
    "fuente": "OpenStreetMap (Overpass)",
    "licencia": "ODbL 1.0",
    "confianza": 23,
    "estado_espacial": "valido",
    "geometria_origen": "punto_representativo"
   }
  },
  {
   "type": "Feature",
   "geometry": {
    "type": "Point",
    "coordinates": [
     -0.0974,
     38.5526
    ]
   },
   "properties": {
    "id_tecnico": "59d61636-0f9c-42d6-91b6-29beca507a27",
    "categoria": "infraestructuras",
    "tipo": "parada_autobus",
    "nombre": "Av. Severo Ochoa, 47 (Càmping Benidorm)",
    "estado_nombre": "correcto",
    "direccion": null,
    "lat": 38.5526,
    "lng": -0.0974,
    "utm_x": 753924.08,
    "utm_y": 4271113.46,
    "utm_huso": 30,
    "fuente": "OpenStreetMap (Overpass)",
    "licencia": "ODbL 1.0",
    "confianza": 23,
    "estado_espacial": "valido",
    "geometria_origen": "punto_representativo"
   }
  },
  {
   "type": "Feature",
   "geometry": {
    "type": "Point",
    "coordinates": [
     -0.13258,
     38.53675
    ]
   },
   "properties": {
    "id_tecnico": "5a26be9a-4058-4f68-8022-7301835805ab",
    "categoria": "infraestructuras",
    "tipo": "parada_taxi",
    "nombre": "parada taxi node/11425248344",
    "estado_nombre": "correcto",
    "direccion": null,
    "lat": 38.53675,
    "lng": -0.13258,
    "utm_x": 750900.32,
    "utm_y": 4269258.21,
    "utm_huso": 30,
    "fuente": "OpenStreetMap (Overpass)",
    "licencia": "ODbL 1.0",
    "confianza": 23,
    "estado_espacial": "proximo_limite",
    "geometria_origen": "punto_representativo"
   }
  },
  {
   "type": "Feature",
   "geometry": {
    "type": "Point",
    "coordinates": [
     -0.15833,
     38.5325
    ]
   },
   "properties": {
    "id_tecnico": "5a2ceb92-4e64-42cf-82bb-ffaf64e19928",
    "categoria": "infraestructuras",
    "tipo": "parada_autobus",
    "nombre": "120 - A. Maria Cristina",
    "estado_nombre": "correcto",
    "direccion": "C/ Alfás del Pi",
    "lat": 38.5325,
    "lng": -0.15833,
    "utm_x": 748661.21,
    "utm_y": 4268716.99,
    "utm_huso": 30,
    "fuente": "Plantilla municipal — Limpieza info (PTM Benidorm)",
    "licencia": "Uso interno del proyecto",
    "confianza": 26,
    "estado_espacial": "proximo_limite",
    "geometria_origen": "punto_representativo"
   }
  },
  {
   "type": "Feature",
   "geometry": {
    "type": "Point",
    "coordinates": [
     -0.16365,
     38.53313
    ]
   },
   "properties": {
    "id_tecnico": "5a33eedf-f0c3-47ac-8594-9308a484735f",
    "categoria": "infraestructuras",
    "tipo": "parada_autobus",
    "nombre": "Av. la Vila Joiosa, 28 (Edifici l'Illa)",
    "estado_nombre": "correcto",
    "direccion": null,
    "lat": 38.53313,
    "lng": -0.16365,
    "utm_x": 748193.45,
    "utm_y": 4268772.63,
    "utm_huso": 30,
    "fuente": "OpenStreetMap (Overpass)",
    "licencia": "ODbL 1.0",
    "confianza": 23,
    "estado_espacial": "valido",
    "geometria_origen": "punto_representativo"
   }
  },
  {
   "type": "Feature",
   "geometry": {
    "type": "Point",
    "coordinates": [
     -0.17016,
     38.52337
    ]
   },
   "properties": {
    "id_tecnico": "5a5f17a3-9058-4902-8f95-dc05cb44b26c",
    "categoria": "equipamientos",
    "tipo": "servicios_sociales",
    "nombre": "Ballesol Senior Resort",
    "estado_nombre": "correcto",
    "direccion": "Carrer Tramuntana",
    "lat": 38.52337,
    "lng": -0.17016,
    "utm_x": 747656.76,
    "utm_y": 4267671.9,
    "utm_huso": 30,
    "fuente": "OpenStreetMap (Overpass)",
    "licencia": "ODbL 1.0",
    "confianza": 6,
    "estado_espacial": "fuera_municipio",
    "geometria_origen": "punto_representativo"
   }
  },
  {
   "type": "Feature",
   "geometry": {
    "type": "Point",
    "coordinates": [
     -0.09675,
     38.56101
    ]
   },
   "properties": {
    "id_tecnico": "5aac984a-2e01-42db-8eaf-6534147db6e4",
    "categoria": "equipamientos",
    "tipo": "mercado",
    "nombre": "Antiguedades El Cisne",
    "estado_nombre": "correcto",
    "direccion": null,
    "lat": 38.56101,
    "lng": -0.09675,
    "utm_x": 753951.7,
    "utm_y": 4272048.72,
    "utm_huso": 30,
    "fuente": "OpenStreetMap (Overpass)",
    "licencia": "ODbL 1.0",
    "confianza": 23,
    "estado_espacial": "valido",
    "geometria_origen": "punto_representativo"
   }
  },
  {
   "type": "Feature",
   "geometry": {
    "type": "Point",
    "coordinates": [
     -0.09205,
     38.5608
    ]
   },
   "properties": {
    "id_tecnico": "5ab89fdc-340e-430b-a3d9-cfc94578d0d6",
    "categoria": "equipamientos",
    "tipo": "colegio",
    "nombre": "Costa Blanca International College",
    "estado_nombre": "correcto",
    "direccion": null,
    "lat": 38.5608,
    "lng": -0.09205,
    "utm_x": 754363.63,
    "utm_y": 4272038.32,
    "utm_huso": 30,
    "fuente": "OpenStreetMap (Overpass)",
    "licencia": "ODbL 1.0",
    "confianza": 26,
    "estado_espacial": "valido",
    "geometria_origen": "punto_representativo"
   }
  },
  {
   "type": "Feature",
   "geometry": {
    "type": "Point",
    "coordinates": [
     -0.14487,
     38.56805
    ]
   },
   "properties": {
    "id_tecnico": "5b251d7f-2c83-41d6-ae96-cde609b50c31",
    "categoria": "infraestructuras",
    "tipo": "parada_autobus",
    "nombre": "Terra Natura",
    "estado_nombre": "correcto",
    "direccion": null,
    "lat": 38.56805,
    "lng": -0.14487,
    "utm_x": 749717.66,
    "utm_y": 4272699.1,
    "utm_huso": 30,
    "fuente": "OpenStreetMap (Overpass)",
    "licencia": "ODbL 1.0",
    "confianza": 23,
    "estado_espacial": "valido",
    "geometria_origen": "punto_representativo"
   }
  },
  {
   "type": "Feature",
   "geometry": {
    "type": "Point",
    "coordinates": [
     -0.11187,
     38.5368
    ]
   },
   "properties": {
    "id_tecnico": "5bafd3bc-ca6d-4e56-919b-f1df60601eeb",
    "categoria": "equipamientos",
    "tipo": "alimentacion",
    "nombre": "Ecomart",
    "estado_nombre": "correcto",
    "direccion": null,
    "lat": 38.5368,
    "lng": -0.11187,
    "utm_x": 752712.63,
    "utm_y": 4269320.11,
    "utm_huso": 30,
    "fuente": "OpenStreetMap (Overpass)",
    "licencia": "ODbL 1.0",
    "confianza": 23,
    "estado_espacial": "valido",
    "geometria_origen": "punto_representativo"
   }
  },
  {
   "type": "Feature",
   "geometry": {
    "type": "Point",
    "coordinates": [
     -0.12053,
     38.53816
    ]
   },
   "properties": {
    "id_tecnico": "5bc72399-c823-4419-a504-14c2c63b00ce",
    "categoria": "equipamientos",
    "tipo": "alimentacion",
    "nombre": "All In One",
    "estado_nombre": "correcto",
    "direccion": null,
    "lat": 38.53816,
    "lng": -0.12053,
    "utm_x": 751950.04,
    "utm_y": 4269447.45,
    "utm_huso": 30,
    "fuente": "OpenStreetMap (Overpass)",
    "licencia": "ODbL 1.0",
    "confianza": 23,
    "estado_espacial": "valido",
    "geometria_origen": "punto_representativo"
   }
  },
  {
   "type": "Feature",
   "geometry": {
    "type": "Point",
    "coordinates": [
     -0.11374,
     38.53957
    ]
   },
   "properties": {
    "id_tecnico": "5c565b7d-5991-4058-9893-4962071f0b38",
    "categoria": "infraestructuras",
    "tipo": "parada_autobus",
    "nombre": "C/ Eivissa, 17 (Mercat)",
    "estado_nombre": "correcto",
    "direccion": null,
    "lat": 38.53957,
    "lng": -0.11374,
    "utm_x": 752539.4,
    "utm_y": 4269622.46,
    "utm_huso": 30,
    "fuente": "OpenStreetMap (Overpass)",
    "licencia": "ODbL 1.0",
    "confianza": 23,
    "estado_espacial": "valido",
    "geometria_origen": "punto_representativo"
   }
  },
  {
   "type": "Feature",
   "geometry": {
    "type": "Point",
    "coordinates": [
     -0.12154,
     38.53808
    ]
   },
   "properties": {
    "id_tecnico": "5ca0f8d3-ccb3-4f29-a39f-3c267bafdbf7",
    "categoria": "equipamientos",
    "tipo": "alimentacion",
    "nombre": "Aaryan",
    "estado_nombre": "correcto",
    "direccion": "Carrer de Girona",
    "lat": 38.53808,
    "lng": -0.12154,
    "utm_x": 751861.93,
    "utm_y": 4269435.82,
    "utm_huso": 30,
    "fuente": "OpenStreetMap (Overpass)",
    "licencia": "ODbL 1.0",
    "confianza": 26,
    "estado_espacial": "valido",
    "geometria_origen": "punto_representativo"
   }
  },
  {
   "type": "Feature",
   "geometry": {
    "type": "Point",
    "coordinates": [
     -0.13371,
     38.54703
    ]
   },
   "properties": {
    "id_tecnico": "5ce89ad1-11cd-455f-9aeb-c64be97bd3fd",
    "categoria": "equipamientos",
    "tipo": "policia",
    "nombre": "Guardia Civil",
    "estado_nombre": "correcto",
    "direccion": null,
    "lat": 38.54703,
    "lng": -0.13371,
    "utm_x": 750766.13,
    "utm_y": 4270396.18,
    "utm_huso": 30,
    "fuente": "OpenStreetMap (Overpass)",
    "licencia": "ODbL 1.0",
    "confianza": 26,
    "estado_espacial": "valido",
    "geometria_origen": "punto_representativo"
   }
  },
  {
   "type": "Feature",
   "geometry": {
    "type": "Point",
    "coordinates": [
     -0.1591,
     38.5331
    ]
   },
   "properties": {
    "id_tecnico": "5ce9cd9f-e6be-43a4-ab27-31ccd0dc8a52",
    "categoria": "equipamientos",
    "tipo": "alimentacion",
    "nombre": "Supermarket Articulos Playa & Souvenirs",
    "estado_nombre": "correcto",
    "direccion": null,
    "lat": 38.5331,
    "lng": -0.1591,
    "utm_x": 748591.77,
    "utm_y": 4268781.52,
    "utm_huso": 30,
    "fuente": "OpenStreetMap (Overpass)",
    "licencia": "ODbL 1.0",
    "confianza": 23,
    "estado_espacial": "proximo_limite",
    "geometria_origen": "punto_representativo"
   }
  },
  {
   "type": "Feature",
   "geometry": {
    "type": "Point",
    "coordinates": [
     -0.12078,
     38.55348
    ]
   },
   "properties": {
    "id_tecnico": "5cf8b682-1aae-45f2-ba68-a783eccdb853",
    "categoria": "equipamientos",
    "tipo": "colegio",
    "nombre": "Institut d'Educació Secundària Pere Maria Orts i Bosch",
    "estado_nombre": "correcto",
    "direccion": null,
    "lat": 38.55348,
    "lng": -0.12078,
    "utm_x": 751875.32,
    "utm_y": 4271147.22,
    "utm_huso": 30,
    "fuente": "OpenStreetMap (Overpass)",
    "licencia": "ODbL 1.0",
    "confianza": 26,
    "estado_espacial": "valido",
    "geometria_origen": "punto_representativo"
   }
  },
  {
   "type": "Feature",
   "geometry": {
    "type": "Point",
    "coordinates": [
     -0.1268,
     38.54027
    ]
   },
   "properties": {
    "id_tecnico": "5d2d1270-443f-47ee-bd0d-f86c86bfdd9e",
    "categoria": "infraestructuras",
    "tipo": "alojamiento",
    "nombre": "Hotel RH Princesa",
    "estado_nombre": "correcto",
    "direccion": null,
    "lat": 38.54027,
    "lng": -0.1268,
    "utm_x": 751394.05,
    "utm_y": 4269664.6,
    "utm_huso": 30,
    "fuente": "OpenStreetMap (Overpass)",
    "licencia": "ODbL 1.0",
    "confianza": 23,
    "estado_espacial": "valido",
    "geometria_origen": "punto_representativo"
   }
  },
  {
   "type": "Feature",
   "geometry": {
    "type": "Point",
    "coordinates": [
     -0.15722,
     38.56002
    ]
   },
   "properties": {
    "id_tecnico": "5d577a77-1e54-4841-aa01-fc412ddc3367",
    "categoria": "infraestructuras",
    "tipo": "parada_autobus",
    "nombre": "parada autobus node/8286534207",
    "estado_nombre": "correcto",
    "direccion": null,
    "lat": 38.56002,
    "lng": -0.15722,
    "utm_x": 748664.64,
    "utm_y": 4271774.54,
    "utm_huso": 30,
    "fuente": "OpenStreetMap (Overpass)",
    "licencia": "ODbL 1.0",
    "confianza": 23,
    "estado_espacial": "valido",
    "geometria_origen": "punto_representativo"
   }
  },
  {
   "type": "Feature",
   "geometry": {
    "type": "Point",
    "coordinates": [
     -0.12902,
     38.53596
    ]
   },
   "properties": {
    "id_tecnico": "5d642716-eb3e-4292-9452-6be7265e1cd1",
    "categoria": "equipamientos",
    "tipo": "colegio",
    "nombre": "CENTRE PRIVAT NUESTRA SEÑORA DE LOS DOLORES",
    "estado_nombre": "correcto",
    "direccion": "CL. EL PAL, 6",
    "lat": 38.53596,
    "lng": -0.12902,
    "utm_x": 751214.59,
    "utm_y": 4269180.18,
    "utm_huso": 30,
    "fuente": "GVA - Centros docentes de la Comunitat Valenciana (ICV WFS)",
    "licencia": "CC BY 4.0",
    "confianza": 29,
    "estado_espacial": "proximo_limite",
    "geometria_origen": "punto_representativo"
   }
  },
  {
   "type": "Feature",
   "geometry": {
    "type": "Point",
    "coordinates": [
     -0.13231,
     38.53618
    ]
   },
   "properties": {
    "id_tecnico": "5dd87cf5-651b-4315-bb7a-0c09d26c65bd",
    "categoria": "infraestructuras",
    "tipo": "alojamiento",
    "nombre": "Apartamentos La Barca",
    "estado_nombre": "correcto",
    "direccion": "Carrer del Condestable Zaragoza 6",
    "lat": 38.53618,
    "lng": -0.13231,
    "utm_x": 750925.9,
    "utm_y": 4269195.68,
    "utm_huso": 30,
    "fuente": "OpenStreetMap (Overpass)",
    "licencia": "ODbL 1.0",
    "confianza": 26,
    "estado_espacial": "proximo_limite",
    "geometria_origen": "punto_representativo"
   }
  },
  {
   "type": "Feature",
   "geometry": {
    "type": "Point",
    "coordinates": [
     -0.13014,
     38.53892
    ]
   },
   "properties": {
    "id_tecnico": "5df3ab64-9487-4f55-8734-b9332f804fe7",
    "categoria": "infraestructuras",
    "tipo": "parada_autobus",
    "nombre": "C/ Russafa, 29",
    "estado_nombre": "correcto",
    "direccion": null,
    "lat": 38.53892,
    "lng": -0.13014,
    "utm_x": 751106.4,
    "utm_y": 4269505.69,
    "utm_huso": 30,
    "fuente": "OpenStreetMap (Overpass)",
    "licencia": "ODbL 1.0",
    "confianza": 23,
    "estado_espacial": "valido",
    "geometria_origen": "punto_representativo"
   }
  },
  {
   "type": "Feature",
   "geometry": {
    "type": "Point",
    "coordinates": [
     -0.13334,
     38.54631
    ]
   },
   "properties": {
    "id_tecnico": "5df6f742-9d70-4123-8364-e796a1a6c870",
    "categoria": "equipamientos",
    "tipo": "alimentacion",
    "nombre": "Supermercado Beniarda",
    "estado_nombre": "correcto",
    "direccion": "Avinguda de Beniardà 47",
    "lat": 38.54631,
    "lng": -0.13334,
    "utm_x": 750800.98,
    "utm_y": 4270317.26,
    "utm_huso": 30,
    "fuente": "OpenStreetMap (Overpass)",
    "licencia": "ODbL 1.0",
    "confianza": 26,
    "estado_espacial": "valido",
    "geometria_origen": "punto_representativo"
   }
  },
  {
   "type": "Feature",
   "geometry": {
    "type": "Point",
    "coordinates": [
     -0.13655,
     38.53813
    ]
   },
   "properties": {
    "id_tecnico": "5e2a9e25-6731-495d-aceb-af3f089668f2",
    "categoria": "infraestructuras",
    "tipo": "alojamiento",
    "nombre": "Hotel Golden",
    "estado_nombre": "correcto",
    "direccion": null,
    "lat": 38.53813,
    "lng": -0.13655,
    "utm_x": 750548.14,
    "utm_y": 4269400.63,
    "utm_huso": 30,
    "fuente": "OpenStreetMap (Overpass)",
    "licencia": "ODbL 1.0",
    "confianza": 23,
    "estado_espacial": "proximo_limite",
    "geometria_origen": "punto_representativo"
   }
  },
  {
   "type": "Feature",
   "geometry": {
    "type": "Point",
    "coordinates": [
     -0.09506,
     38.54539
    ]
   },
   "properties": {
    "id_tecnico": "5e3d3873-55aa-4123-a200-848999586a7a",
    "categoria": "infraestructuras",
    "tipo": "parada_autobus",
    "nombre": "C/ Malta, 12",
    "estado_nombre": "correcto",
    "direccion": null,
    "lat": 38.54539,
    "lng": -0.09506,
    "utm_x": 754153.92,
    "utm_y": 4270319.6,
    "utm_huso": 30,
    "fuente": "OpenStreetMap (Overpass)",
    "licencia": "ODbL 1.0",
    "confianza": 23,
    "estado_espacial": "valido",
    "geometria_origen": "punto_representativo"
   }
  },
  {
   "type": "Feature",
   "geometry": {
    "type": "Point",
    "coordinates": [
     -0.15264,
     38.53613
    ]
   },
   "properties": {
    "id_tecnico": "5e521498-95bd-4cac-8826-9d65c60415e2",
    "categoria": "infraestructuras",
    "tipo": "parada_autobus",
    "nombre": "107 - Ed. Altamira",
    "estado_nombre": "correcto",
    "direccion": "Av. la Vila Joiosa, 4",
    "lat": 38.53613,
    "lng": -0.15264,
    "utm_x": 749146.83,
    "utm_y": 4269135.2,
    "utm_huso": 30,
    "fuente": "Plantilla municipal — Limpieza info (PTM Benidorm)",
    "licencia": "Uso interno del proyecto",
    "confianza": 26,
    "estado_espacial": "proximo_limite",
    "geometria_origen": "punto_representativo"
   }
  },
  {
   "type": "Feature",
   "geometry": {
    "type": "Point",
    "coordinates": [
     -0.13547,
     38.54233
    ]
   },
   "properties": {
    "id_tecnico": "5e8e7a01-1feb-4278-b34e-b466013adfd8",
    "categoria": "infraestructuras",
    "tipo": "alojamiento",
    "nombre": "Hotel Carlos I",
    "estado_nombre": "correcto",
    "direccion": null,
    "lat": 38.54233,
    "lng": -0.13547,
    "utm_x": 750628.24,
    "utm_y": 4269869.73,
    "utm_huso": 30,
    "fuente": "OpenStreetMap (Overpass)",
    "licencia": "ODbL 1.0",
    "confianza": 23,
    "estado_espacial": "valido",
    "geometria_origen": "punto_representativo"
   }
  },
  {
   "type": "Feature",
   "geometry": {
    "type": "Point",
    "coordinates": [
     -0.12082,
     38.53609
    ]
   },
   "properties": {
    "id_tecnico": "5ef3b527-f81a-4d56-8321-46bac359a815",
    "categoria": "infraestructuras",
    "tipo": "alojamiento",
    "nombre": "Hotel Cimbel",
    "estado_nombre": "correcto",
    "direccion": null,
    "lat": 38.53609,
    "lng": -0.12082,
    "utm_x": 751931.8,
    "utm_y": 4269216.9,
    "utm_huso": 30,
    "fuente": "OpenStreetMap (Overpass)",
    "licencia": "ODbL 1.0",
    "confianza": 23,
    "estado_espacial": "proximo_limite",
    "geometria_origen": "punto_representativo"
   }
  },
  {
   "type": "Feature",
   "geometry": {
    "type": "Point",
    "coordinates": [
     -0.12554,
     38.54989
    ]
   },
   "properties": {
    "id_tecnico": "5f1885b6-8e80-4117-bbbd-50108b2e773f",
    "categoria": "infraestructuras",
    "tipo": "alojamiento",
    "nombre": "Hotel La Estación",
    "estado_nombre": "correcto",
    "direccion": null,
    "lat": 38.54989,
    "lng": -0.12554,
    "utm_x": 751471.2,
    "utm_y": 4270735.8,
    "utm_huso": 30,
    "fuente": "OpenStreetMap (Overpass)",
    "licencia": "ODbL 1.0",
    "confianza": 26,
    "estado_espacial": "valido",
    "geometria_origen": "punto_representativo"
   }
  },
  {
   "type": "Feature",
   "geometry": {
    "type": "Point",
    "coordinates": [
     -0.10879,
     38.55256
    ]
   },
   "properties": {
    "id_tecnico": "5f2124b7-2c9f-4516-83d2-6b15ee34be6e",
    "categoria": "infraestructuras",
    "tipo": "parada_autobus",
    "nombre": "360 - Deposito grua",
    "estado_nombre": "correcto",
    "direccion": "Av. Comunitat Valenciana, km. 123.6",
    "lat": 38.55256,
    "lng": -0.10879,
    "utm_x": 752927.61,
    "utm_y": 4271077.82,
    "utm_huso": 30,
    "fuente": "Plantilla municipal — Limpieza info (PTM Benidorm)",
    "licencia": "Uso interno del proyecto",
    "confianza": 26,
    "estado_espacial": "valido",
    "geometria_origen": "punto_representativo"
   }
  },
  {
   "type": "Feature",
   "geometry": {
    "type": "Point",
    "coordinates": [
     -0.11591,
     38.53967
    ]
   },
   "properties": {
    "id_tecnico": "5f5af037-f2b4-4ba4-98c2-f245aa97c3ec",
    "categoria": "equipamientos",
    "tipo": "alimentacion",
    "nombre": "Consum",
    "estado_nombre": "correcto",
    "direccion": "Carrer d'Evissa",
    "lat": 38.53967,
    "lng": -0.11591,
    "utm_x": 752349.15,
    "utm_y": 4269627.64,
    "utm_huso": 30,
    "fuente": "OpenStreetMap (Overpass)",
    "licencia": "ODbL 1.0",
    "confianza": 26,
    "estado_espacial": "valido",
    "geometria_origen": "punto_representativo"
   }
  },
  {
   "type": "Feature",
   "geometry": {
    "type": "Point",
    "coordinates": [
     -0.14117,
     38.54057
    ]
   },
   "properties": {
    "id_tecnico": "5f65d038-d3bb-451d-a812-a881839d0274",
    "categoria": "equipamientos",
    "tipo": "colegio",
    "nombre": "Col·legi d'Educació Infantil i Primària Miguel Hernández",
    "estado_nombre": "correcto",
    "direccion": null,
    "lat": 38.54057,
    "lng": -0.14117,
    "utm_x": 750135.46,
    "utm_y": 4269658.96,
    "utm_huso": 30,
    "fuente": "OpenStreetMap (Overpass)",
    "licencia": "ODbL 1.0",
    "confianza": 26,
    "estado_espacial": "valido",
    "geometria_origen": "punto_representativo"
   }
  },
  {
   "type": "Feature",
   "geometry": {
    "type": "Point",
    "coordinates": [
     -0.12802,
     38.5375
    ]
   },
   "properties": {
    "id_tecnico": "601cce32-39b0-4d45-aa8d-afcd40e250e1",
    "categoria": "infraestructuras",
    "tipo": "parada_autobus",
    "nombre": "Av. Emilio Ortuño",
    "estado_nombre": "correcto",
    "direccion": null,
    "lat": 38.5375,
    "lng": -0.12802,
    "utm_x": 751296.82,
    "utm_y": 4269353.83,
    "utm_huso": 30,
    "fuente": "OpenStreetMap (Overpass)",
    "licencia": "ODbL 1.0",
    "confianza": 23,
    "estado_espacial": "valido",
    "geometria_origen": "punto_representativo"
   }
  },
  {
   "type": "Feature",
   "geometry": {
    "type": "Point",
    "coordinates": [
     -0.15986,
     38.53717
    ]
   },
   "properties": {
    "id_tecnico": "60506416-8b2d-408e-991b-9a83caf5dbed",
    "categoria": "equipamientos",
    "tipo": "colegio",
    "nombre": "CEIP LA CALA",
    "estado_nombre": "correcto",
    "direccion": "AV. DE LA MARINA BAIXA, 9",
    "lat": 38.53717,
    "lng": -0.15986,
    "utm_x": 748511.41,
    "utm_y": 4269231.22,
    "utm_huso": 30,
    "fuente": "GVA - Centros docentes de la Comunitat Valenciana (ICV WFS)",
    "licencia": "CC BY 4.0",
    "confianza": 29,
    "estado_espacial": "valido",
    "geometria_origen": "punto_representativo"
   }
  },
  {
   "type": "Feature",
   "geometry": {
    "type": "Point",
    "coordinates": [
     -0.11993,
     38.55061
    ]
   },
   "properties": {
    "id_tecnico": "609f6c29-ac86-4e09-81e6-ecbcc9a62a7c",
    "categoria": "infraestructuras",
    "tipo": "parada_autobus",
    "nombre": "359 - Palau Esports",
    "estado_nombre": "correcto",
    "direccion": "Camí Salt de l'Aigua, 23 (Palau d'Esports)",
    "lat": 38.55061,
    "lng": -0.11993,
    "utm_x": 751959.6,
    "utm_y": 4270830.98,
    "utm_huso": 30,
    "fuente": "Plantilla municipal — Limpieza info (PTM Benidorm)",
    "licencia": "Uso interno del proyecto",
    "confianza": 26,
    "estado_espacial": "valido",
    "geometria_origen": "punto_representativo"
   }
  },
  {
   "type": "Feature",
   "geometry": {
    "type": "Point",
    "coordinates": [
     -0.12766,
     38.54288
    ]
   },
   "properties": {
    "id_tecnico": "60c07aef-7ab4-48ab-85e1-9d1c30fd168d",
    "categoria": "infraestructuras",
    "tipo": "parada_autobus",
    "nombre": "288 - Puchades 12",
    "estado_nombre": "correcto",
    "direccion": "Av. Alfonso Puchades, 12",
    "lat": 38.54288,
    "lng": -0.12766,
    "utm_x": 751309.81,
    "utm_y": 4269951.96,
    "utm_huso": 30,
    "fuente": "Plantilla municipal — Limpieza info (PTM Benidorm)",
    "licencia": "Uso interno del proyecto",
    "confianza": 26,
    "estado_espacial": "valido",
    "geometria_origen": "punto_representativo"
   }
  },
  {
   "type": "Feature",
   "geometry": {
    "type": "Point",
    "coordinates": [
     -0.10192,
     38.55806
    ]
   },
   "properties": {
    "id_tecnico": "6118cb92-9635-4866-b37f-a5223ecc8893",
    "categoria": "servicios_basicos",
    "tipo": "estacion_servicio",
    "nombre": "GALP · CARRETERA N-332 KM. 124,5",
    "estado_nombre": "correcto",
    "direccion": "CARRETERA N-332 KM. 124,5",
    "lat": 38.55806,
    "lng": -0.10192,
    "utm_x": 753509.63,
    "utm_y": 4271707.1,
    "utm_huso": 30,
    "fuente": "Geoportal de Gasolineras (MITECO, API REST)",
    "licencia": "Reutilización de información del sector público (Ley 37/2007), citando la fuente",
    "confianza": 29,
    "estado_espacial": "valido",
    "geometria_origen": "punto_representativo"
   }
  },
  {
   "type": "Feature",
   "geometry": {
    "type": "Point",
    "coordinates": [
     -0.09981,
     38.54581
    ]
   },
   "properties": {
    "id_tecnico": "6126460a-c4c1-4475-beff-21b4f5f5a5c8",
    "categoria": "animales",
    "tipo": "clinica_veterinaria",
    "nombre": "Clínica Veterinaria El Rincón",
    "estado_nombre": "correcto",
    "direccion": null,
    "lat": 38.54581,
    "lng": -0.09981,
    "utm_x": 753736.8,
    "utm_y": 4270353.18,
    "utm_huso": 30,
    "fuente": "OpenStreetMap (Overpass)",
    "licencia": "ODbL 1.0",
    "confianza": 23,
    "estado_espacial": "valido",
    "geometria_origen": "punto_representativo"
   }
  },
  {
   "type": "Feature",
   "geometry": {
    "type": "Point",
    "coordinates": [
     -0.13598,
     38.5377
    ]
   },
   "properties": {
    "id_tecnico": "61a7f26a-7978-4af2-8339-f869d1e01221",
    "categoria": "equipamientos",
    "tipo": "alimentacion",
    "nombre": "Marisol",
    "estado_nombre": "correcto",
    "direccion": "Carrer Maravall",
    "lat": 38.5377,
    "lng": -0.13598,
    "utm_x": 750599.5,
    "utm_y": 4269354.44,
    "utm_huso": 30,
    "fuente": "OpenStreetMap (Overpass)",
    "licencia": "ODbL 1.0",
    "confianza": 26,
    "estado_espacial": "proximo_limite",
    "geometria_origen": "punto_representativo"
   }
  },
  {
   "type": "Feature",
   "geometry": {
    "type": "Point",
    "coordinates": [
     -0.15603,
     38.55634
    ]
   },
   "properties": {
    "id_tecnico": "6206eddd-fb01-48b9-b581-137ef8471de1",
    "categoria": "infraestructuras",
    "tipo": "parada_autobus",
    "nombre": "178 - Zaplana 178",
    "estado_nombre": "correcto",
    "direccion": "Av. Eduardo Zaplana",
    "lat": 38.55634,
    "lng": -0.15603,
    "utm_x": 748781.29,
    "utm_y": 4271369.28,
    "utm_huso": 30,
    "fuente": "Plantilla municipal — Limpieza info (PTM Benidorm)",
    "licencia": "Uso interno del proyecto",
    "confianza": 26,
    "estado_espacial": "valido",
    "geometria_origen": "punto_representativo"
   }
  },
  {
   "type": "Feature",
   "geometry": {
    "type": "Point",
    "coordinates": [
     -0.11305,
     38.53745
    ]
   },
   "properties": {
    "id_tecnico": "62a07966-7f11-4155-88ca-ace9bbd1b97c",
    "categoria": "equipamientos",
    "tipo": "alimentacion",
    "nombre": "Best Price",
    "estado_nombre": "correcto",
    "direccion": "Avinguda de Almería",
    "lat": 38.53745,
    "lng": -0.11305,
    "utm_x": 752607.12,
    "utm_y": 4269389.04,
    "utm_huso": 30,
    "fuente": "OpenStreetMap (Overpass)",
    "licencia": "ODbL 1.0",
    "confianza": 26,
    "estado_espacial": "valido",
    "geometria_origen": "punto_representativo"
   }
  },
  {
   "type": "Feature",
   "geometry": {
    "type": "Point",
    "coordinates": [
     -0.12802,
     38.5375
    ]
   },
   "properties": {
    "id_tecnico": "63173dd8-e67e-452e-bda7-50cf4f80e2e8",
    "categoria": "infraestructuras",
    "tipo": "parada_autobus",
    "nombre": "369 - Gambo",
    "estado_nombre": "correcto",
    "direccion": "Av. Emilio Ortuño",
    "lat": 38.5375,
    "lng": -0.12802,
    "utm_x": 751296.82,
    "utm_y": 4269353.83,
    "utm_huso": 30,
    "fuente": "Plantilla municipal — Limpieza info (PTM Benidorm)",
    "licencia": "Uso interno del proyecto",
    "confianza": 26,
    "estado_espacial": "valido",
    "geometria_origen": "punto_representativo"
   }
  },
  {
   "type": "Feature",
   "geometry": {
    "type": "Point",
    "coordinates": [
     -0.08135,
     38.59246
    ]
   },
   "properties": {
    "id_tecnico": "63323795-5d25-4c85-a36a-f6d2f203ce69",
    "categoria": "equipamientos",
    "tipo": "centro_comunitario",
    "nombre": "Jardin Foya Blanca",
    "estado_nombre": "correcto",
    "direccion": null,
    "lat": 38.59246,
    "lng": -0.08135,
    "utm_x": 755188.99,
    "utm_y": 4275581.96,
    "utm_huso": 30,
    "fuente": "OpenStreetMap (Overpass)",
    "licencia": "ODbL 1.0",
    "confianza": 3,
    "estado_espacial": "fuera_municipio",
    "geometria_origen": "punto_representativo"
   }
  },
  {
   "type": "Feature",
   "geometry": {
    "type": "Point",
    "coordinates": [
     -0.07693,
     38.57006
    ]
   },
   "properties": {
    "id_tecnico": "6370abcb-2f43-40a6-8daf-4e0ae873e67f",
    "categoria": "equipamientos",
    "tipo": "alimentacion",
    "nombre": "Mendoza",
    "estado_nombre": "correcto",
    "direccion": null,
    "lat": 38.57006,
    "lng": -0.07693,
    "utm_x": 755654.03,
    "utm_y": 4273107.84,
    "utm_huso": 30,
    "fuente": "OpenStreetMap (Overpass)",
    "licencia": "ODbL 1.0",
    "confianza": 6,
    "estado_espacial": "fuera_municipio",
    "geometria_origen": "punto_representativo"
   }
  },
  {
   "type": "Feature",
   "geometry": {
    "type": "Point",
    "coordinates": [
     -0.13821,
     38.56128
    ]
   },
   "properties": {
    "id_tecnico": "639440c4-ba0e-49ec-ab52-739844db88e7",
    "categoria": "infraestructuras",
    "tipo": "parada_autobus",
    "nombre": "parada autobus node/4658972457",
    "estado_nombre": "correcto",
    "direccion": null,
    "lat": 38.56128,
    "lng": -0.13821,
    "utm_x": 750323.49,
    "utm_y": 4271965.67,
    "utm_huso": 30,
    "fuente": "OpenStreetMap (Overpass)",
    "licencia": "ODbL 1.0",
    "confianza": 23,
    "estado_espacial": "valido",
    "geometria_origen": "punto_representativo"
   }
  },
  {
   "type": "Feature",
   "geometry": {
    "type": "Point",
    "coordinates": [
     -0.13717,
     38.54039
    ]
   },
   "properties": {
    "id_tecnico": "63e1becd-a685-4f8e-9fe0-967205902683",
    "categoria": "infraestructuras",
    "tipo": "parada_autobus",
    "nombre": "Av. Ricardo Bayona, 8",
    "estado_nombre": "correcto",
    "direccion": null,
    "lat": 38.54039,
    "lng": -0.13717,
    "utm_x": 750486.13,
    "utm_y": 4269649.8,
    "utm_huso": 30,
    "fuente": "OpenStreetMap (Overpass)",
    "licencia": "ODbL 1.0",
    "confianza": 23,
    "estado_espacial": "valido",
    "geometria_origen": "punto_representativo"
   }
  },
  {
   "type": "Feature",
   "geometry": {
    "type": "Point",
    "coordinates": [
     -0.13129,
     38.54006
    ]
   },
   "properties": {
    "id_tecnico": "63fe53b1-d4c4-47b9-9d80-37a76b9bd1ab",
    "categoria": "equipamientos",
    "tipo": "alimentacion",
    "nombre": "Supermarket Unico",
    "estado_nombre": "correcto",
    "direccion": "Carrer de Tomàs Ortuño",
    "lat": 38.54006,
    "lng": -0.13129,
    "utm_x": 751001.84,
    "utm_y": 4269629.1,
    "utm_huso": 30,
    "fuente": "OpenStreetMap (Overpass)",
    "licencia": "ODbL 1.0",
    "confianza": 26,
    "estado_espacial": "valido",
    "geometria_origen": "punto_representativo"
   }
  },
  {
   "type": "Feature",
   "geometry": {
    "type": "Point",
    "coordinates": [
     -0.10665,
     38.53812
    ]
   },
   "properties": {
    "id_tecnico": "643110bc-3205-4679-b35a-819989455eeb",
    "categoria": "infraestructuras",
    "tipo": "alojamiento",
    "nombre": "Hotel Dynastic",
    "estado_nombre": "correcto",
    "direccion": null,
    "lat": 38.53812,
    "lng": -0.10665,
    "utm_x": 753164.9,
    "utm_y": 4269480.89,
    "utm_huso": 30,
    "fuente": "OpenStreetMap (Overpass)",
    "licencia": "ODbL 1.0",
    "confianza": 23,
    "estado_espacial": "valido",
    "geometria_origen": "punto_representativo"
   }
  },
  {
   "type": "Feature",
   "geometry": {
    "type": "Point",
    "coordinates": [
     -0.10093,
     38.55856
    ]
   },
   "properties": {
    "id_tecnico": "6439a819-ae58-480a-bf55-3c1b253569d9",
    "categoria": "infraestructuras",
    "tipo": "parada_autobus",
    "nombre": "Av. Comunitat Valenciana, km 124.6",
    "estado_nombre": "correcto",
    "direccion": null,
    "lat": 38.55856,
    "lng": -0.10093,
    "utm_x": 753594.51,
    "utm_y": 4271765.31,
    "utm_huso": 30,
    "fuente": "OpenStreetMap (Overpass)",
    "licencia": "ODbL 1.0",
    "confianza": 23,
    "estado_espacial": "valido",
    "geometria_origen": "punto_representativo"
   }
  },
  {
   "type": "Feature",
   "geometry": {
    "type": "Point",
    "coordinates": [
     -0.11044,
     38.53584
    ]
   },
   "properties": {
    "id_tecnico": "643f3932-2433-4e9c-b624-7fcc0878dbc5",
    "categoria": "infraestructuras",
    "tipo": "parada_autobus",
    "nombre": "235 - Ed. Viña del Mar",
    "estado_nombre": "correcto",
    "direccion": "Av. Mediterráneo, 49",
    "lat": 38.53584,
    "lng": -0.11044,
    "utm_x": 752841.11,
    "utm_y": 4269217.46,
    "utm_huso": 30,
    "fuente": "Plantilla municipal — Limpieza info (PTM Benidorm)",
    "licencia": "Uso interno del proyecto",
    "confianza": 26,
    "estado_espacial": "proximo_limite",
    "geometria_origen": "punto_representativo"
   }
  },
  {
   "type": "Feature",
   "geometry": {
    "type": "Point",
    "coordinates": [
     -0.121,
     38.5558
    ]
   },
   "properties": {
    "id_tecnico": "6443236f-fe3b-49f7-8850-c06264852fe4",
    "categoria": "equipamientos",
    "tipo": "instituto",
    "nombre": "IES BERNAT DE SARRIÀ",
    "estado_nombre": "correcto",
    "direccion": "CL. DE LA FRAGATA (SALT DE L'AIGUA), 5",
    "lat": 38.5558,
    "lng": -0.121,
    "utm_x": 751848.07,
    "utm_y": 4271404.13,
    "utm_huso": 30,
    "fuente": "GVA - Centros docentes de la Comunitat Valenciana (ICV WFS)",
    "licencia": "CC BY 4.0",
    "confianza": 29,
    "estado_espacial": "valido",
    "geometria_origen": "punto_representativo"
   }
  },
  {
   "type": "Feature",
   "geometry": {
    "type": "Point",
    "coordinates": [
     -0.16956,
     38.5346
    ]
   },
   "properties": {
    "id_tecnico": "64442ae9-1f6e-4014-9cca-1b5a4402db2b",
    "categoria": "equipamientos",
    "tipo": "alimentacion",
    "nombre": "Carrefour Express",
    "estado_nombre": "correcto",
    "direccion": null,
    "lat": 38.5346,
    "lng": -0.16956,
    "utm_x": 747671.22,
    "utm_y": 4268919.96,
    "utm_huso": 30,
    "fuente": "OpenStreetMap (Overpass)",
    "licencia": "ODbL 1.0",
    "confianza": 3,
    "estado_espacial": "fuera_municipio",
    "geometria_origen": "punto_representativo"
   }
  },
  {
   "type": "Feature",
   "geometry": {
    "type": "Point",
    "coordinates": [
     -0.1371,
     38.53975
    ]
   },
   "properties": {
    "id_tecnico": "64a73772-d5e5-43d9-be11-3c581aba0ea7",
    "categoria": "infraestructuras",
    "tipo": "alojamiento",
    "nombre": "Hotel Benilux Park",
    "estado_nombre": "correcto",
    "direccion": null,
    "lat": 38.53975,
    "lng": -0.1371,
    "utm_x": 750494.45,
    "utm_y": 4269578.95,
    "utm_huso": 30,
    "fuente": "OpenStreetMap (Overpass)",
    "licencia": "ODbL 1.0",
    "confianza": 23,
    "estado_espacial": "valido",
    "geometria_origen": "punto_representativo"
   }
  },
  {
   "type": "Feature",
   "geometry": {
    "type": "Point",
    "coordinates": [
     -0.10388,
     38.53399
    ]
   },
   "properties": {
    "id_tecnico": "6515ee01-c487-48fc-b6f1-d1cdbad1d9c9",
    "categoria": "infraestructuras",
    "tipo": "parada_autobus",
    "nombre": "321 - Montecarlo 1",
    "estado_nombre": "correcto",
    "direccion": "Av. Montecarlo, 1",
    "lat": 38.53399,
    "lng": -0.10388,
    "utm_x": 753421.65,
    "utm_y": 4269030.06,
    "utm_huso": 30,
    "fuente": "Plantilla municipal — Limpieza info (PTM Benidorm)",
    "licencia": "Uso interno del proyecto",
    "confianza": 26,
    "estado_espacial": "valido",
    "geometria_origen": "punto_representativo"
   }
  },
  {
   "type": "Feature",
   "geometry": {
    "type": "Point",
    "coordinates": [
     -0.16514,
     38.53212
    ]
   },
   "properties": {
    "id_tecnico": "6533f1b9-d0f0-429a-8c7f-1ed51f49a049",
    "categoria": "equipamientos",
    "tipo": "farmacia",
    "nombre": "Farmacia Bali",
    "estado_nombre": "correcto",
    "direccion": null,
    "lat": 38.53212,
    "lng": -0.16514,
    "utm_x": 748066.47,
    "utm_y": 4268656.54,
    "utm_huso": 30,
    "fuente": "OpenStreetMap (Overpass)",
    "licencia": "ODbL 1.0",
    "confianza": 23,
    "estado_espacial": "proximo_limite",
    "geometria_origen": "punto_representativo"
   }
  },
  {
   "type": "Feature",
   "geometry": {
    "type": "Point",
    "coordinates": [
     -0.12004,
     38.53863
    ]
   },
   "properties": {
    "id_tecnico": "6559a2d1-1fe9-4ae2-8928-fb355583fd27",
    "categoria": "equipamientos",
    "tipo": "alimentacion",
    "nombre": "alimentacion node/1240716256",
    "estado_nombre": "correcto",
    "direccion": null,
    "lat": 38.53863,
    "lng": -0.12004,
    "utm_x": 751991.3,
    "utm_y": 4269500.95,
    "utm_huso": 30,
    "fuente": "OpenStreetMap (Overpass)",
    "licencia": "ODbL 1.0",
    "confianza": 23,
    "estado_espacial": "valido",
    "geometria_origen": "punto_representativo"
   }
  },
  {
   "type": "Feature",
   "geometry": {
    "type": "Point",
    "coordinates": [
     -0.10737,
     38.54029
    ]
   },
   "properties": {
    "id_tecnico": "65f9eae3-5f77-480f-85cb-89f7cc50a8a3",
    "categoria": "equipamientos",
    "tipo": "centro_salud",
    "nombre": "Centre de Salut Racó de l'Oix",
    "estado_nombre": "correcto",
    "direccion": "Calle de Zamora",
    "lat": 38.54029,
    "lng": -0.10737,
    "utm_x": 753094.37,
    "utm_y": 4269719.78,
    "utm_huso": 30,
    "fuente": "OpenStreetMap (Overpass)",
    "licencia": "ODbL 1.0",
    "confianza": 29,
    "estado_espacial": "valido",
    "geometria_origen": "punto_representativo"
   }
  },
  {
   "type": "Feature",
   "geometry": {
    "type": "Point",
    "coordinates": [
     -0.1292,
     38.53551
    ]
   },
   "properties": {
    "id_tecnico": "660e8a16-af97-493d-9934-054ecc2934b4",
    "categoria": "infraestructuras",
    "tipo": "alojamiento",
    "nombre": "Hostal del Mar",
    "estado_nombre": "correcto",
    "direccion": null,
    "lat": 38.53551,
    "lng": -0.1292,
    "utm_x": 751200.39,
    "utm_y": 4269129.75,
    "utm_huso": 30,
    "fuente": "OpenStreetMap (Overpass)",
    "licencia": "ODbL 1.0",
    "confianza": 23,
    "estado_espacial": "proximo_limite",
    "geometria_origen": "punto_representativo"
   }
  },
  {
   "type": "Feature",
   "geometry": {
    "type": "Point",
    "coordinates": [
     -0.13417,
     38.53964
    ]
   },
   "properties": {
    "id_tecnico": "666e3114-beca-4594-b7d8-085a195fa816",
    "categoria": "equipamientos",
    "tipo": "policia",
    "nombre": "Comisaría de la Policía Nacional",
    "estado_nombre": "correcto",
    "direccion": null,
    "lat": 38.53964,
    "lng": -0.13417,
    "utm_x": 750751.24,
    "utm_y": 4269574.68,
    "utm_huso": 30,
    "fuente": "OpenStreetMap (Overpass)",
    "licencia": "ODbL 1.0",
    "confianza": 23,
    "estado_espacial": "valido",
    "geometria_origen": "punto_representativo"
   }
  },
  {
   "type": "Feature",
   "geometry": {
    "type": "Point",
    "coordinates": [
     -0.11826,
     38.53689
    ]
   },
   "properties": {
    "id_tecnico": "66bfb303-e68a-4c32-ab4c-1f190deecd5c",
    "categoria": "equipamientos",
    "tipo": "alimentacion",
    "nombre": "alimentacion node/8807273049",
    "estado_nombre": "correcto",
    "direccion": "Avenida del Mediterráneo 19",
    "lat": 38.53689,
    "lng": -0.11826,
    "utm_x": 752153.09,
    "utm_y": 4269312.67,
    "utm_huso": 30,
    "fuente": "OpenStreetMap (Overpass)",
    "licencia": "ODbL 1.0",
    "confianza": 26,
    "estado_espacial": "proximo_limite",
    "geometria_origen": "punto_representativo"
   }
  },
  {
   "type": "Feature",
   "geometry": {
    "type": "Point",
    "coordinates": [
     -0.1222,
     38.54592
    ]
   },
   "properties": {
    "id_tecnico": "66d76edf-a5ba-48cd-b6f2-f3bef54cec58",
    "categoria": "infraestructuras",
    "tipo": "parada_autobus",
    "nombre": "279 - Municipi 12",
    "estado_nombre": "correcto",
    "direccion": "Av. Municipi, 12",
    "lat": 38.54592,
    "lng": -0.1222,
    "utm_x": 751777.14,
    "utm_y": 4270304.23,
    "utm_huso": 30,
    "fuente": "Plantilla municipal — Limpieza info (PTM Benidorm)",
    "licencia": "Uso interno del proyecto",
    "confianza": 26,
    "estado_espacial": "valido",
    "geometria_origen": "punto_representativo"
   }
  },
  {
   "type": "Feature",
   "geometry": {
    "type": "Point",
    "coordinates": [
     -0.16627,
     38.52634
    ]
   },
   "properties": {
    "id_tecnico": "684b4553-9569-4d31-ba82-9baaba81d6d7",
    "categoria": "equipamientos",
    "tipo": "farmacia",
    "nombre": "Aurelio Martínez Sánchez",
    "estado_nombre": "correcto",
    "direccion": "Avinguda Marina Baixa 26",
    "lat": 38.52634,
    "lng": -0.16627,
    "utm_x": 747987.19,
    "utm_y": 4268011.96,
    "utm_huso": 30,
    "fuente": "OpenStreetMap (Overpass)",
    "licencia": "ODbL 1.0",
    "confianza": 6,
    "estado_espacial": "fuera_municipio",
    "geometria_origen": "punto_representativo"
   }
  },
  {
   "type": "Feature",
   "geometry": {
    "type": "Point",
    "coordinates": [
     -0.10612,
     38.58209
    ]
   },
   "properties": {
    "id_tecnico": "689a5a11-1618-4d4c-92ff-169a36081d0b",
    "categoria": "servicios_basicos",
    "tipo": "estacion_servicio",
    "nombre": "estacion_servicio node/9896186359",
    "estado_nombre": "correcto",
    "direccion": null,
    "lat": 38.58209,
    "lng": -0.10612,
    "utm_x": 753058.8,
    "utm_y": 4274362.83,
    "utm_huso": 30,
    "fuente": "OpenStreetMap (Overpass)",
    "licencia": "ODbL 1.0",
    "confianza": 3,
    "estado_espacial": "fuera_municipio",
    "geometria_origen": "punto_representativo"
   }
  },
  {
   "type": "Feature",
   "geometry": {
    "type": "Point",
    "coordinates": [
     -0.10601,
     38.53783
    ]
   },
   "properties": {
    "id_tecnico": "68a3d37a-2288-4d74-9d4a-2e372269bc4e",
    "categoria": "infraestructuras",
    "tipo": "parada_autobus",
    "nombre": "209 - Parrilla",
    "estado_nombre": "correcto",
    "direccion": "Av. Ametlla de Mar, 22",
    "lat": 38.53783,
    "lng": -0.10601,
    "utm_x": 753221.92,
    "utm_y": 4269450.45,
    "utm_huso": 30,
    "fuente": "Plantilla municipal — Limpieza info (PTM Benidorm)",
    "licencia": "Uso interno del proyecto",
    "confianza": 26,
    "estado_espacial": "valido",
    "geometria_origen": "punto_representativo"
   }
  },
  {
   "type": "Feature",
   "geometry": {
    "type": "Point",
    "coordinates": [
     -0.13405,
     38.53417
    ]
   },
   "properties": {
    "id_tecnico": "68b39ed2-54f3-4dfd-b01b-c5f991d52232",
    "categoria": "equipamientos",
    "tipo": "policia",
    "nombre": "Policía Local Playas",
    "estado_nombre": "correcto",
    "direccion": null,
    "lat": 38.53417,
    "lng": -0.13405,
    "utm_x": 750780.52,
    "utm_y": 4268967.86,
    "utm_huso": 30,
    "fuente": "OpenStreetMap (Overpass)",
    "licencia": "ODbL 1.0",
    "confianza": 23,
    "estado_espacial": "proximo_limite",
    "geometria_origen": "punto_representativo"
   }
  },
  {
   "type": "Feature",
   "geometry": {
    "type": "Point",
    "coordinates": [
     -0.09468,
     38.54234
    ]
   },
   "properties": {
    "id_tecnico": "68b626b3-6e9d-4b05-ae1f-3ae11384f8bf",
    "categoria": "infraestructuras",
    "tipo": "parada_autobus",
    "nombre": "292 - Aqualandia",
    "estado_nombre": "correcto",
    "direccion": "Aqualandia / Mundomar",
    "lat": 38.54234,
    "lng": -0.09468,
    "utm_x": 754197.79,
    "utm_y": 4269982.11,
    "utm_huso": 30,
    "fuente": "Plantilla municipal — Limpieza info (PTM Benidorm)",
    "licencia": "Uso interno del proyecto",
    "confianza": 26,
    "estado_espacial": "valido",
    "geometria_origen": "punto_representativo"
   }
  },
  {
   "type": "Feature",
   "geometry": {
    "type": "Point",
    "coordinates": [
     -0.13491,
     38.55928
    ]
   },
   "properties": {
    "id_tecnico": "68db5637-c9bf-45ca-b2d4-1d4a5c62435c",
    "categoria": "servicios_basicos",
    "tipo": "estacion_servicio",
    "nombre": "Repsol",
    "estado_nombre": "correcto",
    "direccion": null,
    "lat": 38.55928,
    "lng": -0.13491,
    "utm_x": 750619.07,
    "utm_y": 4271752.62,
    "utm_huso": 30,
    "fuente": "OpenStreetMap (Overpass)",
    "licencia": "ODbL 1.0",
    "confianza": 26,
    "estado_espacial": "valido",
    "geometria_origen": "punto_representativo"
   }
  },
  {
   "type": "Feature",
   "geometry": {
    "type": "Point",
    "coordinates": [
     -0.13338,
     38.54248
    ]
   },
   "properties": {
    "id_tecnico": "68fb1c7e-6081-4ed4-b4bf-cdccda3de993",
    "categoria": "equipamientos",
    "tipo": "alimentacion",
    "nombre": "Trafy'd",
    "estado_nombre": "correcto",
    "direccion": "Avinguda del Rei Jaume I 27",
    "lat": 38.54248,
    "lng": -0.13338,
    "utm_x": 750810.63,
    "utm_y": 4269892.04,
    "utm_huso": 30,
    "fuente": "OpenStreetMap (Overpass)",
    "licencia": "ODbL 1.0",
    "confianza": 26,
    "estado_espacial": "valido",
    "geometria_origen": "punto_representativo"
   }
  },
  {
   "type": "Feature",
   "geometry": {
    "type": "Point",
    "coordinates": [
     -0.15151,
     38.5361
    ]
   },
   "properties": {
    "id_tecnico": "691b122a-452d-4b94-9a8e-925f0b683ee0",
    "categoria": "equipamientos",
    "tipo": "policia",
    "nombre": "Policía Local Playas",
    "estado_nombre": "correcto",
    "direccion": null,
    "lat": 38.5361,
    "lng": -0.15151,
    "utm_x": 749245.83,
    "utm_y": 4269134.91,
    "utm_huso": 30,
    "fuente": "OpenStreetMap (Overpass)",
    "licencia": "ODbL 1.0",
    "confianza": 26,
    "estado_espacial": "proximo_limite",
    "geometria_origen": "punto_representativo"
   }
  },
  {
   "type": "Feature",
   "geometry": {
    "type": "Point",
    "coordinates": [
     -0.10515,
     38.5384
    ]
   },
   "properties": {
    "id_tecnico": "691f1eac-b14f-4ed9-9f46-903c11a61029",
    "categoria": "infraestructuras",
    "tipo": "alojamiento",
    "nombre": "Regente",
    "estado_nombre": "correcto",
    "direccion": null,
    "lat": 38.5384,
    "lng": -0.10515,
    "utm_x": 753295.21,
    "utm_y": 4269516.08,
    "utm_huso": 30,
    "fuente": "OpenStreetMap (Overpass)",
    "licencia": "ODbL 1.0",
    "confianza": 23,
    "estado_espacial": "valido",
    "geometria_origen": "punto_representativo"
   }
  },
  {
   "type": "Feature",
   "geometry": {
    "type": "Point",
    "coordinates": [
     -0.16253,
     38.53489
    ]
   },
   "properties": {
    "id_tecnico": "692083a7-6466-4f76-9179-12dbe7c80b6c",
    "categoria": "equipamientos",
    "tipo": "centro_salud",
    "nombre": "CENTRO DE SALUD DE BENIDORM LA CALA",
    "estado_nombre": "correcto",
    "direccion": "BENISSA, 6",
    "lat": 38.53489,
    "lng": -0.16253,
    "utm_x": 748285.49,
    "utm_y": 4268970.99,
    "utm_huso": 30,
    "fuente": "GVA - Sistema Valenciano de Salud, centros sanitarios (ICV WFS)",
    "licencia": "CC BY 4.0",
    "confianza": 26,
    "estado_espacial": "valido",
    "geometria_origen": "punto_representativo"
   }
  },
  {
   "type": "Feature",
   "geometry": {
    "type": "Point",
    "coordinates": [
     -0.17086,
     38.52914
    ]
   },
   "properties": {
    "id_tecnico": "6936fcd3-2fbe-4899-880d-0ef7e8057f26",
    "categoria": "infraestructuras",
    "tipo": "alojamiento",
    "nombre": "residencial aguaviva 4",
    "estado_nombre": "correcto",
    "direccion": null,
    "lat": 38.52914,
    "lng": -0.17086,
    "utm_x": 747575.94,
    "utm_y": 4268310.46,
    "utm_huso": 30,
    "fuente": "OpenStreetMap (Overpass)",
    "licencia": "ODbL 1.0",
    "confianza": 3,
    "estado_espacial": "fuera_municipio",
    "geometria_origen": "punto_representativo"
   }
  },
  {
   "type": "Feature",
   "geometry": {
    "type": "Point",
    "coordinates": [
     -0.12425,
     38.53726
    ]
   },
   "properties": {
    "id_tecnico": "69487afe-cdb5-414c-aef0-e06a3920a4c6",
    "categoria": "infraestructuras",
    "tipo": "parada_autobus",
    "nombre": "201 - Iglesia Carmen",
    "estado_nombre": "correcto",
    "direccion": "Av. Mediterráneo, 3 (Benidorm Centro)",
    "lat": 38.53726,
    "lng": -0.12425,
    "utm_x": 751627.58,
    "utm_y": 4269337.44,
    "utm_huso": 30,
    "fuente": "Plantilla municipal — Limpieza info (PTM Benidorm)",
    "licencia": "Uso interno del proyecto",
    "confianza": 26,
    "estado_espacial": "proximo_limite",
    "geometria_origen": "punto_representativo"
   }
  },
  {
   "type": "Feature",
   "geometry": {
    "type": "Point",
    "coordinates": [
     -0.16592,
     38.55655
    ]
   },
   "properties": {
    "id_tecnico": "69770a9f-33af-4844-9fcd-053ce9bd8865",
    "categoria": "infraestructuras",
    "tipo": "alojamiento",
    "nombre": "Grand Luxor Village",
    "estado_nombre": "correcto",
    "direccion": null,
    "lat": 38.55655,
    "lng": -0.16592,
    "utm_x": 747915.27,
    "utm_y": 4271366.04,
    "utm_huso": 30,
    "fuente": "OpenStreetMap (Overpass)",
    "licencia": "ODbL 1.0",
    "confianza": 23,
    "estado_espacial": "valido",
    "geometria_origen": "punto_representativo"
   }
  },
  {
   "type": "Feature",
   "geometry": {
    "type": "Point",
    "coordinates": [
     -0.10682,
     38.53685
    ]
   },
   "properties": {
    "id_tecnico": "69edaa3e-34c2-4512-ba76-59bb3e15810e",
    "categoria": "equipamientos",
    "tipo": "alimentacion",
    "nombre": "Supermercado masymas",
    "estado_nombre": "correcto",
    "direccion": "Avinguda de L'Ametlla de Mar 19",
    "lat": 38.53685,
    "lng": -0.10682,
    "utm_x": 753154.43,
    "utm_y": 4269339.46,
    "utm_huso": 30,
    "fuente": "OpenStreetMap (Overpass)",
    "licencia": "ODbL 1.0",
    "confianza": 29,
    "estado_espacial": "valido",
    "geometria_origen": "punto_representativo"
   }
  },
  {
   "type": "Feature",
   "geometry": {
    "type": "Point",
    "coordinates": [
     -0.1436,
     38.56163
    ]
   },
   "properties": {
    "id_tecnico": "6a0934c2-86c1-4cc3-af25-86ead5f3af03",
    "categoria": "infraestructuras",
    "tipo": "parada_autobus",
    "nombre": "190 - Zaplana 190",
    "estado_nombre": "correcto",
    "direccion": "Av. Eduardo Zaplana",
    "lat": 38.56163,
    "lng": -0.1436,
    "utm_x": 749850.73,
    "utm_y": 4271989.94,
    "utm_huso": 30,
    "fuente": "Plantilla municipal — Limpieza info (PTM Benidorm)",
    "licencia": "Uso interno del proyecto",
    "confianza": 26,
    "estado_espacial": "valido",
    "geometria_origen": "punto_representativo"
   }
  },
  {
   "type": "Feature",
   "geometry": {
    "type": "Point",
    "coordinates": [
     -0.14487,
     38.56805
    ]
   },
   "properties": {
    "id_tecnico": "6a3d0630-bc36-4648-a41c-754de1692562",
    "categoria": "infraestructuras",
    "tipo": "parada_autobus",
    "nombre": "189 - Terra Natura",
    "estado_nombre": "correcto",
    "direccion": "Vials Terra Mítica",
    "lat": 38.56805,
    "lng": -0.14487,
    "utm_x": 749717.66,
    "utm_y": 4272699.1,
    "utm_huso": 30,
    "fuente": "Plantilla municipal — Limpieza info (PTM Benidorm)",
    "licencia": "Uso interno del proyecto",
    "confianza": 26,
    "estado_espacial": "valido",
    "geometria_origen": "punto_representativo"
   }
  },
  {
   "type": "Feature",
   "geometry": {
    "type": "Point",
    "coordinates": [
     -0.13594,
     38.54124
    ]
   },
   "properties": {
    "id_tecnico": "6aa8715d-18f4-40c8-9d9a-8925d79c2e44",
    "categoria": "infraestructuras",
    "tipo": "parada_autobus",
    "nombre": "Av. 9 d'Octubre",
    "estado_nombre": "correcto",
    "direccion": null,
    "lat": 38.54124,
    "lng": -0.13594,
    "utm_x": 750590.85,
    "utm_y": 4269747.47,
    "utm_huso": 30,
    "fuente": "OpenStreetMap (Overpass)",
    "licencia": "ODbL 1.0",
    "confianza": 23,
    "estado_espacial": "valido",
    "geometria_origen": "punto_representativo"
   }
  },
  {
   "type": "Feature",
   "geometry": {
    "type": "Point",
    "coordinates": [
     -0.1128,
     38.5493
    ]
   },
   "properties": {
    "id_tecnico": "6ab28fb1-16dd-434c-aec8-cad749bac316",
    "categoria": "infraestructuras",
    "tipo": "parada_autobus",
    "nombre": "Av. Comunitat Valenciana, km 123.1 (Camí de l'Armanello)",
    "estado_nombre": "correcto",
    "direccion": null,
    "lat": 38.5493,
    "lng": -0.1128,
    "utm_x": 752588.01,
    "utm_y": 4270705.02,
    "utm_huso": 30,
    "fuente": "OpenStreetMap (Overpass)",
    "licencia": "ODbL 1.0",
    "confianza": 23,
    "estado_espacial": "valido",
    "geometria_origen": "punto_representativo"
   }
  },
  {
   "type": "Feature",
   "geometry": {
    "type": "Point",
    "coordinates": [
     -0.13136,
     38.53695
    ]
   },
   "properties": {
    "id_tecnico": "6ab878c5-3c9d-484c-89e9-026f4f26ff0c",
    "categoria": "equipamientos",
    "tipo": "mercado",
    "nombre": "Mercat Municipal de Benidorm",
    "estado_nombre": "correcto",
    "direccion": null,
    "lat": 38.53695,
    "lng": -0.13136,
    "utm_x": 751006.4,
    "utm_y": 4269283.72,
    "utm_huso": 30,
    "fuente": "OpenStreetMap (Overpass)",
    "licencia": "ODbL 1.0",
    "confianza": 23,
    "estado_espacial": "proximo_limite",
    "geometria_origen": "punto_representativo"
   }
  },
  {
   "type": "Feature",
   "geometry": {
    "type": "Point",
    "coordinates": [
     -0.12199,
     38.5533
    ]
   },
   "properties": {
    "id_tecnico": "6b2ad6e3-10c6-4ba4-839a-20c4c2a9970c",
    "categoria": "infraestructuras",
    "tipo": "parada_autobus",
    "nombre": "C/ Llaüt, 1AC",
    "estado_nombre": "correcto",
    "direccion": null,
    "lat": 38.5533,
    "lng": -0.12199,
    "utm_x": 751770.07,
    "utm_y": 4271123.95,
    "utm_huso": 30,
    "fuente": "OpenStreetMap (Overpass)",
    "licencia": "ODbL 1.0",
    "confianza": 23,
    "estado_espacial": "valido",
    "geometria_origen": "punto_representativo"
   }
  },
  {
   "type": "Feature",
   "geometry": {
    "type": "Point",
    "coordinates": [
     -0.16264,
     38.53567
    ]
   },
   "properties": {
    "id_tecnico": "6b303a12-db1c-42d4-ba91-2db045409bdc",
    "categoria": "infraestructuras",
    "tipo": "parada_autobus",
    "nombre": "Av. Benissa, 6",
    "estado_nombre": "correcto",
    "direccion": null,
    "lat": 38.53567,
    "lng": -0.16264,
    "utm_x": 748273.22,
    "utm_y": 4269057.27,
    "utm_huso": 30,
    "fuente": "OpenStreetMap (Overpass)",
    "licencia": "ODbL 1.0",
    "confianza": 23,
    "estado_espacial": "valido",
    "geometria_origen": "punto_representativo"
   }
  },
  {
   "type": "Feature",
   "geometry": {
    "type": "Point",
    "coordinates": [
     -0.13428,
     38.54125
    ]
   },
   "properties": {
    "id_tecnico": "6b722337-213e-4e2f-83df-7e6e2e84ecbc",
    "categoria": "infraestructuras",
    "tipo": "parada_autobus",
    "nombre": "134 - Ed. Bruselas",
    "estado_nombre": "correcto",
    "direccion": "Av. Jaume I, 19",
    "lat": 38.54125,
    "lng": -0.13428,
    "utm_x": 750736.09,
    "utm_y": 4269753.08,
    "utm_huso": 30,
    "fuente": "Plantilla municipal — Limpieza info (PTM Benidorm)",
    "licencia": "Uso interno del proyecto",
    "confianza": 26,
    "estado_espacial": "valido",
    "geometria_origen": "punto_representativo"
   }
  },
  {
   "type": "Feature",
   "geometry": {
    "type": "Point",
    "coordinates": [
     -0.0984,
     38.54811
    ]
   },
   "properties": {
    "id_tecnico": "6b911fc0-9aca-4e4d-930a-5706b4e5bda4",
    "categoria": "equipamientos",
    "tipo": "alimentacion",
    "nombre": "Mini Market Dumbrava",
    "estado_nombre": "correcto",
    "direccion": null,
    "lat": 38.54811,
    "lng": -0.0984,
    "utm_x": 753852.19,
    "utm_y": 4270612.34,
    "utm_huso": 30,
    "fuente": "OpenStreetMap (Overpass)",
    "licencia": "ODbL 1.0",
    "confianza": 23,
    "estado_espacial": "valido",
    "geometria_origen": "punto_representativo"
   }
  },
  {
   "type": "Feature",
   "geometry": {
    "type": "Point",
    "coordinates": [
     -0.1293,
     38.5353
    ]
   },
   "properties": {
    "id_tecnico": "6bfb4701-ef0f-4e51-83cd-3a7846ea1a82",
    "categoria": "infraestructuras",
    "tipo": "alojamiento",
    "nombre": "Apartamentos Senabre Palais",
    "estado_nombre": "correcto",
    "direccion": "Plaça Torrejo 5",
    "lat": 38.5353,
    "lng": -0.1293,
    "utm_x": 751192.36,
    "utm_y": 4269106.17,
    "utm_huso": 30,
    "fuente": "OpenStreetMap (Overpass)",
    "licencia": "ODbL 1.0",
    "confianza": 26,
    "estado_espacial": "proximo_limite",
    "geometria_origen": "punto_representativo"
   }
  },
  {
   "type": "Feature",
   "geometry": {
    "type": "Point",
    "coordinates": [
     -0.12769,
     38.60989
    ]
   },
   "properties": {
    "id_tecnico": "6c2d967e-a1ad-4e6a-9d38-0cda8bc63f45",
    "categoria": "equipamientos",
    "tipo": "policia",
    "nombre": "Policia local de la Nucía",
    "estado_nombre": "correcto",
    "direccion": null,
    "lat": 38.60989,
    "lng": -0.12769,
    "utm_x": 751076.45,
    "utm_y": 4277389.7,
    "utm_huso": 30,
    "fuente": "OpenStreetMap (Overpass)",
    "licencia": "ODbL 1.0",
    "confianza": 3,
    "estado_espacial": "fuera_municipio",
    "geometria_origen": "punto_representativo"
   }
  },
  {
   "type": "Feature",
   "geometry": {
    "type": "Point",
    "coordinates": [
     -0.16192,
     38.53246
    ]
   },
   "properties": {
    "id_tecnico": "6cd92479-9132-4f4a-8242-04e74c5080e4",
    "categoria": "infraestructuras",
    "tipo": "alojamiento",
    "nombre": "Sonrisa Apartments",
    "estado_nombre": "correcto",
    "direccion": "Avinguda de Mont-Benidorm 5",
    "lat": 38.53246,
    "lng": -0.16192,
    "utm_x": 748347.14,
    "utm_y": 4268702.91,
    "utm_huso": 30,
    "fuente": "OpenStreetMap (Overpass)",
    "licencia": "ODbL 1.0",
    "confianza": 29,
    "estado_espacial": "valido",
    "geometria_origen": "punto_representativo"
   }
  },
  {
   "type": "Feature",
   "geometry": {
    "type": "Point",
    "coordinates": [
     -0.12217,
     38.55214
    ]
   },
   "properties": {
    "id_tecnico": "6ce04a59-8b4c-4c6c-a4eb-73e225062671",
    "categoria": "equipamientos",
    "tipo": "centro_formacion",
    "nombre": "ESCOLA OFICIAL IDIOMES BENIDORM",
    "estado_nombre": "correcto",
    "direccion": "CL. DE LA NAU LLONDRO (SALT DE L'AIGUA",
    "lat": 38.55214,
    "lng": -0.12217,
    "utm_x": 751758.32,
    "utm_y": 4270994.7,
    "utm_huso": 30,
    "fuente": "GVA - Centros docentes de la Comunitat Valenciana (ICV WFS)",
    "licencia": "CC BY 4.0",
    "confianza": 29,
    "estado_espacial": "valido",
    "geometria_origen": "punto_representativo"
   }
  },
  {
   "type": "Feature",
   "geometry": {
    "type": "Point",
    "coordinates": [
     -0.12481,
     38.54177
    ]
   },
   "properties": {
    "id_tecnico": "6cef065a-63b2-4f25-a751-13d574ce4ca9",
    "categoria": "infraestructuras",
    "tipo": "parada_autobus",
    "nombre": "Av. Alfonso Puchades,24",
    "estado_nombre": "correcto",
    "direccion": null,
    "lat": 38.54177,
    "lng": -0.12481,
    "utm_x": 751563.04,
    "utm_y": 4269836.5,
    "utm_huso": 30,
    "fuente": "OpenStreetMap (Overpass)",
    "licencia": "ODbL 1.0",
    "confianza": 23,
    "estado_espacial": "valido",
    "geometria_origen": "punto_representativo"
   }
  },
  {
   "type": "Feature",
   "geometry": {
    "type": "Point",
    "coordinates": [
     -0.12967,
     38.54363
    ]
   },
   "properties": {
    "id_tecnico": "6d4a27f7-9acb-4294-9136-4cd9dfd41101",
    "categoria": "infraestructuras",
    "tipo": "parada_autobus",
    "nombre": "Av. Alfonso Puchades, 6",
    "estado_nombre": "correcto",
    "direccion": null,
    "lat": 38.54363,
    "lng": -0.12967,
    "utm_x": 751131.34,
    "utm_y": 4270029.75,
    "utm_huso": 30,
    "fuente": "OpenStreetMap (Overpass)",
    "licencia": "ODbL 1.0",
    "confianza": 23,
    "estado_espacial": "valido",
    "geometria_origen": "punto_representativo"
   }
  },
  {
   "type": "Feature",
   "geometry": {
    "type": "Point",
    "coordinates": [
     -0.10854,
     38.53527
    ]
   },
   "properties": {
    "id_tecnico": "6d6ad5ed-b3d8-4751-bfbd-79c6c66d7228",
    "categoria": "infraestructuras",
    "tipo": "parada_autobus",
    "nombre": "234 - Ed. Albatros",
    "estado_nombre": "correcto",
    "direccion": "Av. Mediterráneo, 55 (Casino)",
    "lat": 38.53527,
    "lng": -0.10854,
    "utm_x": 753009.37,
    "utm_y": 4269159.39,
    "utm_huso": 30,
    "fuente": "Plantilla municipal — Limpieza info (PTM Benidorm)",
    "licencia": "Uso interno del proyecto",
    "confianza": 26,
    "estado_espacial": "proximo_limite",
    "geometria_origen": "punto_representativo"
   }
  },
  {
   "type": "Feature",
   "geometry": {
    "type": "Point",
    "coordinates": [
     -0.12247,
     38.54348
    ]
   },
   "properties": {
    "id_tecnico": "6d70922a-6cde-41df-88ac-df0c0c04f56d",
    "categoria": "infraestructuras",
    "tipo": "parada_autobus",
    "nombre": "Av. Municipi, 6",
    "estado_nombre": "correcto",
    "direccion": null,
    "lat": 38.54348,
    "lng": -0.12247,
    "utm_x": 751761.92,
    "utm_y": 4270032.67,
    "utm_huso": 30,
    "fuente": "OpenStreetMap (Overpass)",
    "licencia": "ODbL 1.0",
    "confianza": 23,
    "estado_espacial": "valido",
    "geometria_origen": "punto_representativo"
   }
  },
  {
   "type": "Feature",
   "geometry": {
    "type": "Point",
    "coordinates": [
     -0.13807,
     38.5433
    ]
   },
   "properties": {
    "id_tecnico": "6dbc39cf-5574-4a35-80c6-75bb805384c0",
    "categoria": "infraestructuras",
    "tipo": "parada_autobus",
    "nombre": "Av. 9 d'Octubre (Centre de Salut)",
    "estado_nombre": "correcto",
    "direccion": null,
    "lat": 38.5433,
    "lng": -0.13807,
    "utm_x": 750397.39,
    "utm_y": 4269970.36,
    "utm_huso": 30,
    "fuente": "OpenStreetMap (Overpass)",
    "licencia": "ODbL 1.0",
    "confianza": 23,
    "estado_espacial": "valido",
    "geometria_origen": "punto_representativo"
   }
  },
  {
   "type": "Feature",
   "geometry": {
    "type": "Point",
    "coordinates": [
     -0.09997,
     38.54607
    ]
   },
   "properties": {
    "id_tecnico": "6de5a817-00cb-4cdd-809e-3e6f5ccd604f",
    "categoria": "infraestructuras",
    "tipo": "parada_autobus",
    "nombre": "228 - U. Rocas Blancas",
    "estado_nombre": "correcto",
    "direccion": "Av. Severo Ochoa, 15",
    "lat": 38.54607,
    "lng": -0.09997,
    "utm_x": 753721.9,
    "utm_y": 4270381.6,
    "utm_huso": 30,
    "fuente": "Plantilla municipal — Limpieza info (PTM Benidorm)",
    "licencia": "Uso interno del proyecto",
    "confianza": 26,
    "estado_espacial": "valido",
    "geometria_origen": "punto_representativo"
   }
  },
  {
   "type": "Feature",
   "geometry": {
    "type": "Point",
    "coordinates": [
     -0.1121,
     38.54117
    ]
   },
   "properties": {
    "id_tecnico": "6e054744-6e51-423a-ac8c-28603738061e",
    "categoria": "equipamientos",
    "tipo": "mercado",
    "nombre": "Mercadillo Pueblo",
    "estado_nombre": "correcto",
    "direccion": "Avinguda de l'Almirall Bernat de Sarrià",
    "lat": 38.54117,
    "lng": -0.1121,
    "utm_x": 752677.39,
    "utm_y": 4269804.53,
    "utm_huso": 30,
    "fuente": "OpenStreetMap (Overpass)",
    "licencia": "ODbL 1.0",
    "confianza": 29,
    "estado_espacial": "valido",
    "geometria_origen": "punto_representativo"
   }
  },
  {
   "type": "Feature",
   "geometry": {
    "type": "Point",
    "coordinates": [
     -0.13609,
     38.54499
    ]
   },
   "properties": {
    "id_tecnico": "6e2fa8d6-4b50-4faf-8d7b-73906834bdab",
    "categoria": "infraestructuras",
    "tipo": "parada_autobus",
    "nombre": "26",
    "estado_nombre": "por_revisar",
    "direccion": null,
    "lat": 38.54499,
    "lng": -0.13609,
    "utm_x": 750564.86,
    "utm_y": 4270163.3,
    "utm_huso": 30,
    "fuente": "OpenStreetMap (Overpass)",
    "licencia": "ODbL 1.0",
    "confianza": 23,
    "estado_espacial": "valido",
    "geometria_origen": "punto_representativo"
   }
  },
  {
   "type": "Feature",
   "geometry": {
    "type": "Point",
    "coordinates": [
     -0.11292,
     38.53654
    ]
   },
   "properties": {
    "id_tecnico": "6e3e57ce-4e56-453c-a096-061129d51cd8",
    "categoria": "equipamientos",
    "tipo": "farmacia",
    "nombre": "farmacia node/5874107862",
    "estado_nombre": "correcto",
    "direccion": null,
    "lat": 38.53654,
    "lng": -0.11292,
    "utm_x": 752621.64,
    "utm_y": 4269288.39,
    "utm_huso": 30,
    "fuente": "OpenStreetMap (Overpass)",
    "licencia": "ODbL 1.0",
    "confianza": 23,
    "estado_espacial": "valido",
    "geometria_origen": "punto_representativo"
   }
  },
  {
   "type": "Feature",
   "geometry": {
    "type": "Point",
    "coordinates": [
     -0.13178,
     38.53986
    ]
   },
   "properties": {
    "id_tecnico": "6eaa74b4-6c77-434c-a7f0-9ce5acfa06a2",
    "categoria": "equipamientos",
    "tipo": "consultorio",
    "nombre": "Elite Capilar",
    "estado_nombre": "correcto",
    "direccion": "Avenida de Los Limones 3",
    "lat": 38.53986,
    "lng": -0.13178,
    "utm_x": 750959.65,
    "utm_y": 4269605.57,
    "utm_huso": 30,
    "fuente": "OpenStreetMap (Overpass)",
    "licencia": "ODbL 1.0",
    "confianza": 26,
    "estado_espacial": "valido",
    "geometria_origen": "punto_representativo"
   }
  },
  {
   "type": "Feature",
   "geometry": {
    "type": "Point",
    "coordinates": [
     -0.11467,
     38.53616
    ]
   },
   "properties": {
    "id_tecnico": "6ed7324b-5331-44b2-9b30-519a1f2f24fd",
    "categoria": "infraestructuras",
    "tipo": "parada_autobus",
    "nombre": "204 - Mediterraneo 44",
    "estado_nombre": "correcto",
    "direccion": "Av. Mediterráneo, 44",
    "lat": 38.53616,
    "lng": -0.11467,
    "utm_x": 752469.8,
    "utm_y": 4269241.43,
    "utm_huso": 30,
    "fuente": "Plantilla municipal — Limpieza info (PTM Benidorm)",
    "licencia": "Uso interno del proyecto",
    "confianza": 26,
    "estado_espacial": "proximo_limite",
    "geometria_origen": "punto_representativo"
   }
  },
  {
   "type": "Feature",
   "geometry": {
    "type": "Point",
    "coordinates": [
     -0.12007,
     38.53724
    ]
   },
   "properties": {
    "id_tecnico": "6ee0ec78-3a10-498c-94ca-5646e878b38b",
    "categoria": "equipamientos",
    "tipo": "farmacia",
    "nombre": "farmacia node/929217738",
    "estado_nombre": "correcto",
    "direccion": null,
    "lat": 38.53724,
    "lng": -0.12007,
    "utm_x": 751993.47,
    "utm_y": 4269346.59,
    "utm_huso": 30,
    "fuente": "OpenStreetMap (Overpass)",
    "licencia": "ODbL 1.0",
    "confianza": 23,
    "estado_espacial": "proximo_limite",
    "geometria_origen": "punto_representativo"
   }
  },
  {
   "type": "Feature",
   "geometry": {
    "type": "Point",
    "coordinates": [
     -0.1188,
     38.53751
    ]
   },
   "properties": {
    "id_tecnico": "6ee2cd6a-3cdd-4ca8-aac0-c2893b295b69",
    "categoria": "equipamientos",
    "tipo": "alimentacion",
    "nombre": "Bazar Market",
    "estado_nombre": "correcto",
    "direccion": "Avenida de Murcia",
    "lat": 38.53751,
    "lng": -0.1188,
    "utm_x": 752103.69,
    "utm_y": 4269380.02,
    "utm_huso": 30,
    "fuente": "OpenStreetMap (Overpass)",
    "licencia": "ODbL 1.0",
    "confianza": 26,
    "estado_espacial": "valido",
    "geometria_origen": "punto_representativo"
   }
  },
  {
   "type": "Feature",
   "geometry": {
    "type": "Point",
    "coordinates": [
     -0.10519,
     38.53063
    ]
   },
   "properties": {
    "id_tecnico": "6efff85c-7470-4f3a-ad68-8bebddae6930",
    "categoria": "infraestructuras",
    "tipo": "parada_autobus",
    "nombre": "318 - Ed. Villa Marina",
    "estado_nombre": "correcto",
    "direccion": "C/ Sierra Dorada",
    "lat": 38.53063,
    "lng": -0.10519,
    "utm_x": 753318.65,
    "utm_y": 4268653.53,
    "utm_huso": 30,
    "fuente": "Plantilla municipal — Limpieza info (PTM Benidorm)",
    "licencia": "Uso interno del proyecto",
    "confianza": 26,
    "estado_espacial": "proximo_limite",
    "geometria_origen": "punto_representativo"
   }
  },
  {
   "type": "Feature",
   "geometry": {
    "type": "Point",
    "coordinates": [
     -0.10696,
     38.53112
    ]
   },
   "properties": {
    "id_tecnico": "6f397468-2c00-4443-824f-65db5675ec98",
    "categoria": "infraestructuras",
    "tipo": "parada_autobus",
    "nombre": "24",
    "estado_nombre": "por_revisar",
    "direccion": null,
    "lat": 38.53112,
    "lng": -0.10696,
    "utm_x": 753162.03,
    "utm_y": 4268703.08,
    "utm_huso": 30,
    "fuente": "OpenStreetMap (Overpass)",
    "licencia": "ODbL 1.0",
    "confianza": 23,
    "estado_espacial": "proximo_limite",
    "geometria_origen": "punto_representativo"
   }
  },
  {
   "type": "Feature",
   "geometry": {
    "type": "Point",
    "coordinates": [
     -0.16402,
     38.5274
    ]
   },
   "properties": {
    "id_tecnico": "6f3b0cb7-d0d8-4d1e-bd15-1e62a490eff2",
    "categoria": "infraestructuras",
    "tipo": "parada_autobus",
    "nombre": "Llorente Bus",
    "estado_nombre": "correcto",
    "direccion": null,
    "lat": 38.5274,
    "lng": -0.16402,
    "utm_x": 748180.53,
    "utm_y": 4268135.65,
    "utm_huso": 30,
    "fuente": "OpenStreetMap (Overpass)",
    "licencia": "ODbL 1.0",
    "confianza": 23,
    "estado_espacial": "proximo_limite",
    "geometria_origen": "punto_representativo"
   }
  },
  {
   "type": "Feature",
   "geometry": {
    "type": "Point",
    "coordinates": [
     -0.12901,
     38.53655
    ]
   },
   "properties": {
    "id_tecnico": "6f3f02a0-d0a2-4490-a9f0-20348d588f84",
    "categoria": "infraestructuras",
    "tipo": "alojamiento",
    "nombre": "MUNDOBOOKING",
    "estado_nombre": "correcto",
    "direccion": null,
    "lat": 38.53655,
    "lng": -0.12901,
    "utm_x": 751213.44,
    "utm_y": 4269245.7,
    "utm_huso": 30,
    "fuente": "OpenStreetMap (Overpass)",
    "licencia": "ODbL 1.0",
    "confianza": 23,
    "estado_espacial": "proximo_limite",
    "geometria_origen": "punto_representativo"
   }
  },
  {
   "type": "Feature",
   "geometry": {
    "type": "Point",
    "coordinates": [
     -0.13962,
     38.53984
    ]
   },
   "properties": {
    "id_tecnico": "703afedc-d7a7-4fac-81fa-174639b91c1f",
    "categoria": "infraestructuras",
    "tipo": "parada_autobus",
    "nombre": "150 - Farmacia",
    "estado_nombre": "correcto",
    "direccion": "Av. Cuba, 1",
    "lat": 38.53984,
    "lng": -0.13962,
    "utm_x": 750273.61,
    "utm_y": 4269582.12,
    "utm_huso": 30,
    "fuente": "Plantilla municipal — Limpieza info (PTM Benidorm)",
    "licencia": "Uso interno del proyecto",
    "confianza": 26,
    "estado_espacial": "valido",
    "geometria_origen": "punto_representativo"
   }
  },
  {
   "type": "Feature",
   "geometry": {
    "type": "Point",
    "coordinates": [
     -0.1282,
     38.54508
    ]
   },
   "properties": {
    "id_tecnico": "70a0b1c8-0610-4f80-a2ec-dc314ec822ea",
    "categoria": "equipamientos",
    "tipo": "alimentacion",
    "nombre": "Consum",
    "estado_nombre": "correcto",
    "direccion": "Calle de Austria",
    "lat": 38.54508,
    "lng": -0.1282,
    "utm_x": 751254.99,
    "utm_y": 4270194.68,
    "utm_huso": 30,
    "fuente": "OpenStreetMap (Overpass)",
    "licencia": "ODbL 1.0",
    "confianza": 26,
    "estado_espacial": "valido",
    "geometria_origen": "punto_representativo"
   }
  },
  {
   "type": "Feature",
   "geometry": {
    "type": "Point",
    "coordinates": [
     -0.17522,
     38.53732
    ]
   },
   "properties": {
    "id_tecnico": "70fdb956-a986-4ca2-8e6d-b68a9f0ac10e",
    "categoria": "servicios_basicos",
    "tipo": "estacion_servicio",
    "nombre": "Carrefour",
    "estado_nombre": "correcto",
    "direccion": null,
    "lat": 38.53732,
    "lng": -0.17522,
    "utm_x": 747166.65,
    "utm_y": 4269206.74,
    "utm_huso": 30,
    "fuente": "OpenStreetMap (Overpass)",
    "licencia": "ODbL 1.0",
    "confianza": 9,
    "estado_espacial": "fuera_municipio",
    "geometria_origen": "punto_representativo"
   }
  },
  {
   "type": "Feature",
   "geometry": {
    "type": "Point",
    "coordinates": [
     -0.09861,
     38.56026
    ]
   },
   "properties": {
    "id_tecnico": "71032e24-3892-44f8-8b9e-b575c42d165c",
    "categoria": "infraestructuras",
    "tipo": "parada_autobus",
    "nombre": "222 - fr. Rte. Cisne",
    "estado_nombre": "correcto",
    "direccion": "Ctra. N-332, km 128",
    "lat": 38.56026,
    "lng": -0.09861,
    "utm_x": 753791.58,
    "utm_y": 4271960.37,
    "utm_huso": 30,
    "fuente": "Plantilla municipal — Limpieza info (PTM Benidorm)",
    "licencia": "Uso interno del proyecto",
    "confianza": 26,
    "estado_espacial": "valido",
    "geometria_origen": "punto_representativo"
   }
  },
  {
   "type": "Feature",
   "geometry": {
    "type": "Point",
    "coordinates": [
     -0.15106,
     38.54153
    ]
   },
   "properties": {
    "id_tecnico": "7125c8e1-3e25-4ef3-b7cf-903ae03eaa02",
    "categoria": "equipamientos",
    "tipo": "instituto",
    "nombre": "IES MEDITERRÀNIA",
    "estado_nombre": "correcto",
    "direccion": "CL. PRESIDENTE ADOLFO SUÁREZ, 1",
    "lat": 38.54153,
    "lng": -0.15106,
    "utm_x": 749266.68,
    "utm_y": 4269738.83,
    "utm_huso": 30,
    "fuente": "GVA - Centros docentes de la Comunitat Valenciana (ICV WFS)",
    "licencia": "CC BY 4.0",
    "confianza": 29,
    "estado_espacial": "valido",
    "geometria_origen": "punto_representativo"
   }
  },
  {
   "type": "Feature",
   "geometry": {
    "type": "Point",
    "coordinates": [
     -0.10015,
     38.5362
    ]
   },
   "properties": {
    "id_tecnico": "7126417f-d50e-4b56-bb55-4b38a10a1873",
    "categoria": "equipamientos",
    "tipo": "administracion",
    "nombre": "Taller d'Ocupació Benidorm X",
    "estado_nombre": "correcto",
    "direccion": null,
    "lat": 38.5362,
    "lng": -0.10015,
    "utm_x": 753740.43,
    "utm_y": 4269285.58,
    "utm_huso": 30,
    "fuente": "OpenStreetMap (Overpass)",
    "licencia": "ODbL 1.0",
    "confianza": 23,
    "estado_espacial": "valido",
    "geometria_origen": "punto_representativo"
   }
  },
  {
   "type": "Feature",
   "geometry": {
    "type": "Point",
    "coordinates": [
     -0.124,
     38.53733
    ]
   },
   "properties": {
    "id_tecnico": "71358b67-be5b-4313-8af3-31ac27b59021",
    "categoria": "equipamientos",
    "tipo": "centro_salud",
    "nombre": "Valverde & Arpino",
    "estado_nombre": "correcto",
    "direccion": "Avenida del Mediterráneo - Avinguda del Mediterrani 3",
    "lat": 38.53733,
    "lng": -0.124,
    "utm_x": 751649.22,
    "utm_y": 4269345.88,
    "utm_huso": 30,
    "fuente": "OpenStreetMap (Overpass)",
    "licencia": "ODbL 1.0",
    "confianza": 26,
    "estado_espacial": "proximo_limite",
    "geometria_origen": "punto_representativo"
   }
  },
  {
   "type": "Feature",
   "geometry": {
    "type": "Point",
    "coordinates": [
     -0.10601,
     38.53783
    ]
   },
   "properties": {
    "id_tecnico": "713796fc-437c-426f-a10c-f36f7c16e97c",
    "categoria": "infraestructuras",
    "tipo": "parada_autobus",
    "nombre": "Av. Ametlla de Mar, 22",
    "estado_nombre": "correcto",
    "direccion": null,
    "lat": 38.53783,
    "lng": -0.10601,
    "utm_x": 753221.92,
    "utm_y": 4269450.45,
    "utm_huso": 30,
    "fuente": "OpenStreetMap (Overpass)",
    "licencia": "ODbL 1.0",
    "confianza": 23,
    "estado_espacial": "valido",
    "geometria_origen": "punto_representativo"
   }
  },
  {
   "type": "Feature",
   "geometry": {
    "type": "Point",
    "coordinates": [
     -0.1337,
     38.54194
    ]
   },
   "properties": {
    "id_tecnico": "71513ce7-d678-4384-8300-5aa081ade1da",
    "categoria": "infraestructuras",
    "tipo": "parada_autobus",
    "nombre": "Benidorm, Av. Rei Jaume I 25",
    "estado_nombre": "correcto",
    "direccion": null,
    "lat": 38.54194,
    "lng": -0.1337,
    "utm_x": 750784.48,
    "utm_y": 4269831.24,
    "utm_huso": 30,
    "fuente": "OpenStreetMap (Overpass)",
    "licencia": "ODbL 1.0",
    "confianza": 23,
    "estado_espacial": "valido",
    "geometria_origen": "punto_representativo"
   }
  },
  {
   "type": "Feature",
   "geometry": {
    "type": "Point",
    "coordinates": [
     -0.13896,
     38.53728
    ]
   },
   "properties": {
    "id_tecnico": "7154d8a5-6836-42b2-b55f-63c9bc2a0505",
    "categoria": "equipamientos",
    "tipo": "alimentacion",
    "nombre": "Marisol",
    "estado_nombre": "correcto",
    "direccion": "Avinguda de l'Armada Espanyola",
    "lat": 38.53728,
    "lng": -0.13896,
    "utm_x": 750340.14,
    "utm_y": 4269299.76,
    "utm_huso": 30,
    "fuente": "OpenStreetMap (Overpass)",
    "licencia": "ODbL 1.0",
    "confianza": 26,
    "estado_espacial": "proximo_limite",
    "geometria_origen": "punto_representativo"
   }
  },
  {
   "type": "Feature",
   "geometry": {
    "type": "Point",
    "coordinates": [
     -0.10435,
     38.53619
    ]
   },
   "properties": {
    "id_tecnico": "715668f4-8254-4aec-8091-f188825c5ada",
    "categoria": "equipamientos",
    "tipo": "alimentacion",
    "nombre": "Supermarket Overseas Asdaa",
    "estado_nombre": "correcto",
    "direccion": "Calle de Londres 9",
    "lat": 38.53619,
    "lng": -0.10435,
    "utm_x": 753372.89,
    "utm_y": 4269272.96,
    "utm_huso": 30,
    "fuente": "OpenStreetMap (Overpass)",
    "licencia": "ODbL 1.0",
    "confianza": 26,
    "estado_espacial": "valido",
    "geometria_origen": "punto_representativo"
   }
  },
  {
   "type": "Feature",
   "geometry": {
    "type": "Point",
    "coordinates": [
     -0.11003,
     38.53666
    ]
   },
   "properties": {
    "id_tecnico": "718a1c0a-0da0-413a-9184-86253a5d44e2",
    "categoria": "equipamientos",
    "tipo": "policia",
    "nombre": "Policia Nacional",
    "estado_nombre": "correcto",
    "direccion": null,
    "lat": 38.53666,
    "lng": -0.11003,
    "utm_x": 752874.15,
    "utm_y": 4269309.6,
    "utm_huso": 30,
    "fuente": "OpenStreetMap (Overpass)",
    "licencia": "ODbL 1.0",
    "confianza": 23,
    "estado_espacial": "valido",
    "geometria_origen": "punto_representativo"
   }
  },
  {
   "type": "Feature",
   "geometry": {
    "type": "Point",
    "coordinates": [
     -0.12406,
     38.53692
    ]
   },
   "properties": {
    "id_tecnico": "71e1ec96-8c68-4b4a-a996-83dc5f105823",
    "categoria": "equipamientos",
    "tipo": "alimentacion",
    "nombre": "Consum",
    "estado_nombre": "correcto",
    "direccion": "avenida del Mediterráneo - Avinguda del Mediterrani 8",
    "lat": 38.53692,
    "lng": -0.12406,
    "utm_x": 751645.38,
    "utm_y": 4269300.21,
    "utm_huso": 30,
    "fuente": "OpenStreetMap (Overpass)",
    "licencia": "ODbL 1.0",
    "confianza": 26,
    "estado_espacial": "proximo_limite",
    "geometria_origen": "punto_representativo"
   }
  },
  {
   "type": "Feature",
   "geometry": {
    "type": "Point",
    "coordinates": [
     -0.13243,
     38.54178
    ]
   },
   "properties": {
    "id_tecnico": "720183e2-ba02-465f-9f0c-e392a80c81ab",
    "categoria": "equipamientos",
    "tipo": "alimentacion",
    "nombre": "Consum",
    "estado_nombre": "correcto",
    "direccion": "Calle Urano 3",
    "lat": 38.54178,
    "lng": -0.13243,
    "utm_x": 750896.17,
    "utm_y": 4269816.92,
    "utm_huso": 30,
    "fuente": "OpenStreetMap (Overpass)",
    "licencia": "ODbL 1.0",
    "confianza": 26,
    "estado_espacial": "valido",
    "geometria_origen": "punto_representativo"
   }
  },
  {
   "type": "Feature",
   "geometry": {
    "type": "Point",
    "coordinates": [
     -0.12154,
     38.55279
    ]
   },
   "properties": {
    "id_tecnico": "72082b3b-73d0-47d9-90b3-70bd7f1c0bea",
    "categoria": "infraestructuras",
    "tipo": "parada_autobus",
    "nombre": "249 - Llaut 1",
    "estado_nombre": "correcto",
    "direccion": "C/ Llaut, 1AC",
    "lat": 38.55279,
    "lng": -0.12154,
    "utm_x": 751811.2,
    "utm_y": 4271068.56,
    "utm_huso": 30,
    "fuente": "Plantilla municipal — Limpieza info (PTM Benidorm)",
    "licencia": "Uso interno del proyecto",
    "confianza": 26,
    "estado_espacial": "valido",
    "geometria_origen": "punto_representativo"
   }
  },
  {
   "type": "Feature",
   "geometry": {
    "type": "Point",
    "coordinates": [
     -0.15222,
     38.53556
    ]
   },
   "properties": {
    "id_tecnico": "72132fa8-1357-41e9-8ae6-7be7af3b14b4",
    "categoria": "infraestructuras",
    "tipo": "parada_autobus",
    "nombre": "122 - Policia Playas",
    "estado_nombre": "correcto",
    "direccion": "Av. Vicent Llorca Alós, 1",
    "lat": 38.53556,
    "lng": -0.15222,
    "utm_x": 749185.53,
    "utm_y": 4269073.06,
    "utm_huso": 30,
    "fuente": "Plantilla municipal — Limpieza info (PTM Benidorm)",
    "licencia": "Uso interno del proyecto",
    "confianza": 26,
    "estado_espacial": "proximo_limite",
    "geometria_origen": "punto_representativo"
   }
  },
  {
   "type": "Feature",
   "geometry": {
    "type": "Point",
    "coordinates": [
     -0.10272,
     38.54314
    ]
   },
   "properties": {
    "id_tecnico": "72918d34-e802-45d2-8308-7adbef51d786",
    "categoria": "servicios_basicos",
    "tipo": "estacion_servicio",
    "nombre": "BP EUROBENIDORM · AVENIDA DOCTOR SEVERO OCHOA, S/N",
    "estado_nombre": "correcto",
    "direccion": "AVENIDA DOCTOR SEVERO OCHOA, S/N",
    "lat": 38.54314,
    "lng": -0.10272,
    "utm_x": 753491.42,
    "utm_y": 4270048.85,
    "utm_huso": 30,
    "fuente": "Geoportal de Gasolineras (MITECO, API REST)",
    "licencia": "Reutilización de información del sector público (Ley 37/2007), citando la fuente",
    "confianza": 29,
    "estado_espacial": "valido",
    "geometria_origen": "punto_representativo"
   }
  },
  {
   "type": "Feature",
   "geometry": {
    "type": "Point",
    "coordinates": [
     -0.13414,
     38.53877
    ]
   },
   "properties": {
    "id_tecnico": "72a45601-06c4-4c9c-a661-c897b619b9bc",
    "categoria": "infraestructuras",
    "tipo": "alojamiento",
    "nombre": "Hotel Melina",
    "estado_nombre": "correcto",
    "direccion": null,
    "lat": 38.53877,
    "lng": -0.13414,
    "utm_x": 750756.85,
    "utm_y": 4269478.19,
    "utm_huso": 30,
    "fuente": "OpenStreetMap (Overpass)",
    "licencia": "ODbL 1.0",
    "confianza": 23,
    "estado_espacial": "valido",
    "geometria_origen": "punto_representativo"
   }
  },
  {
   "type": "Feature",
   "geometry": {
    "type": "Point",
    "coordinates": [
     -0.15944,
     38.53166
    ]
   },
   "properties": {
    "id_tecnico": "72d196cb-1319-4a69-b39b-6c29646802bd",
    "categoria": "infraestructuras",
    "tipo": "parada_autobus",
    "nombre": "119 - H. Delfín",
    "estado_nombre": "correcto",
    "direccion": "Av. Vicent Llorca Alós",
    "lat": 38.53166,
    "lng": -0.15944,
    "utm_x": 748566.92,
    "utm_y": 4268620.77,
    "utm_huso": 30,
    "fuente": "Plantilla municipal — Limpieza info (PTM Benidorm)",
    "licencia": "Uso interno del proyecto",
    "confianza": 26,
    "estado_espacial": "proximo_limite",
    "geometria_origen": "punto_representativo"
   }
  },
  {
   "type": "Feature",
   "geometry": {
    "type": "Point",
    "coordinates": [
     -0.17511,
     38.53805
    ]
   },
   "properties": {
    "id_tecnico": "72d34f31-c3d4-4147-a09b-eaf698636edb",
    "categoria": "equipamientos",
    "tipo": "alimentacion",
    "nombre": "Lidl",
    "estado_nombre": "correcto",
    "direccion": null,
    "lat": 38.53805,
    "lng": -0.17511,
    "utm_x": 747173.81,
    "utm_y": 4269288.06,
    "utm_huso": 30,
    "fuente": "OpenStreetMap (Overpass)",
    "licencia": "ODbL 1.0",
    "confianza": 3,
    "estado_espacial": "fuera_municipio",
    "geometria_origen": "punto_representativo"
   }
  },
  {
   "type": "Feature",
   "geometry": {
    "type": "Point",
    "coordinates": [
     -0.12937,
     38.53544
    ]
   },
   "properties": {
    "id_tecnico": "735ec6d9-0b50-491e-8499-de10196ad032",
    "categoria": "infraestructuras",
    "tipo": "alojamiento",
    "nombre": "Hotel RH Sol",
    "estado_nombre": "correcto",
    "direccion": "Carrer del Pintor Lozano 5",
    "lat": 38.53544,
    "lng": -0.12937,
    "utm_x": 751185.75,
    "utm_y": 4269121.52,
    "utm_huso": 30,
    "fuente": "OpenStreetMap (Overpass)",
    "licencia": "ODbL 1.0",
    "confianza": 26,
    "estado_espacial": "proximo_limite",
    "geometria_origen": "punto_representativo"
   }
  },
  {
   "type": "Feature",
   "geometry": {
    "type": "Point",
    "coordinates": [
     -0.14039,
     38.54476
    ]
   },
   "properties": {
    "id_tecnico": "73b08520-79fc-40ff-a2ad-e2446be5eb36",
    "categoria": "equipamientos",
    "tipo": "servicios_sociales",
    "nombre": "Residencia de la Tercera Edad y Centro de Día de Benidorm",
    "estado_nombre": "correcto",
    "direccion": "Partida Foietes 1",
    "lat": 38.54476,
    "lng": -0.14039,
    "utm_x": 750189.37,
    "utm_y": 4270126.14,
    "utm_huso": 30,
    "fuente": "OpenStreetMap (Overpass)",
    "licencia": "ODbL 1.0",
    "confianza": 26,
    "estado_espacial": "valido",
    "geometria_origen": "punto_representativo"
   }
  },
  {
   "type": "Feature",
   "geometry": {
    "type": "Point",
    "coordinates": [
     -0.09604,
     38.54395
    ]
   },
   "properties": {
    "id_tecnico": "74477277-75e0-4afc-beec-dbd5655d23a9",
    "categoria": "infraestructuras",
    "tipo": "parada_autobus",
    "nombre": "270 - Malta 8",
    "estado_nombre": "correcto",
    "direccion": "C/ Malta, 8",
    "lat": 38.54395,
    "lng": -0.09604,
    "utm_x": 754073.17,
    "utm_y": 4270157.08,
    "utm_huso": 30,
    "fuente": "Plantilla municipal — Limpieza info (PTM Benidorm)",
    "licencia": "Uso interno del proyecto",
    "confianza": 26,
    "estado_espacial": "valido",
    "geometria_origen": "punto_representativo"
   }
  },
  {
   "type": "Feature",
   "geometry": {
    "type": "Point",
    "coordinates": [
     -0.11518,
     38.53734
    ]
   },
   "properties": {
    "id_tecnico": "746b3712-3e84-440b-b911-618eea47f820",
    "categoria": "infraestructuras",
    "tipo": "alojamiento",
    "nombre": "MC San Diego Apartments",
    "estado_nombre": "correcto",
    "direccion": "Calle Gerona 29",
    "lat": 38.53734,
    "lng": -0.11518,
    "utm_x": 752421.09,
    "utm_y": 4269371.01,
    "utm_huso": 30,
    "fuente": "OpenStreetMap (Overpass)",
    "licencia": "ODbL 1.0",
    "confianza": 26,
    "estado_espacial": "valido",
    "geometria_origen": "punto_representativo"
   }
  },
  {
   "type": "Feature",
   "geometry": {
    "type": "Point",
    "coordinates": [
     -0.13484,
     38.53904
    ]
   },
   "properties": {
    "id_tecnico": "750bca9b-235d-4b59-8bcd-bcc282fae984",
    "categoria": "infraestructuras",
    "tipo": "alojamiento",
    "nombre": "Caballito De Mar",
    "estado_nombre": "correcto",
    "direccion": "Calle del Sacerdote y Entomólogo Don Tomás García Sempere 9",
    "lat": 38.53904,
    "lng": -0.13484,
    "utm_x": 750694.67,
    "utm_y": 4269506.27,
    "utm_huso": 30,
    "fuente": "OpenStreetMap (Overpass)",
    "licencia": "ODbL 1.0",
    "confianza": 26,
    "estado_espacial": "valido",
    "geometria_origen": "punto_representativo"
   }
  },
  {
   "type": "Feature",
   "geometry": {
    "type": "Point",
    "coordinates": [
     -0.13032,
     38.53513
    ]
   },
   "properties": {
    "id_tecnico": "7534acb8-64d0-414d-aaf9-93f04d4fae2a",
    "categoria": "infraestructuras",
    "tipo": "alojamiento",
    "nombre": "Estudios RH|SOL",
    "estado_nombre": "correcto",
    "direccion": "Carrer de Carmela Martínez 10",
    "lat": 38.53513,
    "lng": -0.13032,
    "utm_x": 751103.67,
    "utm_y": 4269084.53,
    "utm_huso": 30,
    "fuente": "OpenStreetMap (Overpass)",
    "licencia": "ODbL 1.0",
    "confianza": 26,
    "estado_espacial": "proximo_limite",
    "geometria_origen": "punto_representativo"
   }
  },
  {
   "type": "Feature",
   "geometry": {
    "type": "Point",
    "coordinates": [
     -0.15618,
     38.53431
    ]
   },
   "properties": {
    "id_tecnico": "753d5b9d-8006-4d02-a159-786047b0437e",
    "categoria": "infraestructuras",
    "tipo": "parada_autobus",
    "nombre": "373 - Santander 2",
    "estado_nombre": "correcto",
    "direccion": "C/ Santander, 2AC",
    "lat": 38.53431,
    "lng": -0.15618,
    "utm_x": 748843.22,
    "utm_y": 4268923.67,
    "utm_huso": 30,
    "fuente": "Plantilla municipal — Limpieza info (PTM Benidorm)",
    "licencia": "Uso interno del proyecto",
    "confianza": 26,
    "estado_espacial": "proximo_limite",
    "geometria_origen": "punto_representativo"
   }
  },
  {
   "type": "Feature",
   "geometry": {
    "type": "Point",
    "coordinates": [
     -0.10341,
     38.54271
    ]
   },
   "properties": {
    "id_tecnico": "754c8eaf-eaf9-49d2-a5bb-77b77922b368",
    "categoria": "equipamientos",
    "tipo": "alimentacion",
    "nombre": "Supermarket Quick Save",
    "estado_nombre": "correcto",
    "direccion": null,
    "lat": 38.54271,
    "lng": -0.10341,
    "utm_x": 753432.53,
    "utm_y": 4269999.23,
    "utm_huso": 30,
    "fuente": "OpenStreetMap (Overpass)",
    "licencia": "ODbL 1.0",
    "confianza": 23,
    "estado_espacial": "valido",
    "geometria_origen": "punto_representativo"
   }
  },
  {
   "type": "Feature",
   "geometry": {
    "type": "Point",
    "coordinates": [
     -0.12867,
     38.53783
    ]
   },
   "properties": {
    "id_tecnico": "75721d30-dfe6-47fe-b38b-c0912247327c",
    "categoria": "infraestructuras",
    "tipo": "alojamiento",
    "nombre": "Hotel Bristol",
    "estado_nombre": "correcto",
    "direccion": "Plaza Doctor Fleming 2",
    "lat": 38.53783,
    "lng": -0.12867,
    "utm_x": 751238.8,
    "utm_y": 4269388.69,
    "utm_huso": 30,
    "fuente": "OpenStreetMap (Overpass)",
    "licencia": "ODbL 1.0",
    "confianza": 26,
    "estado_espacial": "valido",
    "geometria_origen": "punto_representativo"
   }
  },
  {
   "type": "Feature",
   "geometry": {
    "type": "Point",
    "coordinates": [
     -0.13002,
     38.53732
    ]
   },
   "properties": {
    "id_tecnico": "76761ab9-fa69-4edc-b273-78a88e817e53",
    "categoria": "infraestructuras",
    "tipo": "alojamiento",
    "nombre": "Apartamentos La Palma",
    "estado_nombre": "correcto",
    "direccion": "Carrer de la Palma 28",
    "lat": 38.53732,
    "lng": -0.13002,
    "utm_x": 751122.4,
    "utm_y": 4269328.42,
    "utm_huso": 30,
    "fuente": "OpenStreetMap (Overpass)",
    "licencia": "ODbL 1.0",
    "confianza": 26,
    "estado_espacial": "valido",
    "geometria_origen": "punto_representativo"
   }
  },
  {
   "type": "Feature",
   "geometry": {
    "type": "Point",
    "coordinates": [
     -0.09971,
     38.53501
    ]
   },
   "properties": {
    "id_tecnico": "767d9b5b-874f-47a4-9e1f-bce0da6d0b21",
    "categoria": "infraestructuras",
    "tipo": "parada_autobus",
    "nombre": "320 - Ed. Torre Lugano",
    "estado_nombre": "correcto",
    "direccion": "C/ Pekín",
    "lat": 38.53501,
    "lng": -0.09971,
    "utm_x": 753783.07,
    "utm_y": 4269154.7,
    "utm_huso": 30,
    "fuente": "Plantilla municipal — Limpieza info (PTM Benidorm)",
    "licencia": "Uso interno del proyecto",
    "confianza": 26,
    "estado_espacial": "valido",
    "geometria_origen": "punto_representativo"
   }
  },
  {
   "type": "Feature",
   "geometry": {
    "type": "Point",
    "coordinates": [
     -0.13402,
     38.53684
    ]
   },
   "properties": {
    "id_tecnico": "76e5b022-053e-46fe-8691-926cbdd586ef",
    "categoria": "infraestructuras",
    "tipo": "parada_autobus",
    "nombre": "101 - Parque Elche",
    "estado_nombre": "correcto",
    "direccion": "Pg. Such Ortega (Parc d'Elx)",
    "lat": 38.53684,
    "lng": -0.13402,
    "utm_x": 750773.98,
    "utm_y": 4269264.3,
    "utm_huso": 30,
    "fuente": "Plantilla municipal — Limpieza info (PTM Benidorm)",
    "licencia": "Uso interno del proyecto",
    "confianza": 26,
    "estado_espacial": "proximo_limite",
    "geometria_origen": "punto_representativo"
   }
  },
  {
   "type": "Feature",
   "geometry": {
    "type": "Point",
    "coordinates": [
     -0.13046,
     38.54443
    ]
   },
   "properties": {
    "id_tecnico": "76ef0398-8c4d-4852-870f-3e372383436d",
    "categoria": "infraestructuras",
    "tipo": "parada_autobus",
    "nombre": "282 - Austria 1",
    "estado_nombre": "correcto",
    "direccion": "C/ Àustria, 1",
    "lat": 38.54443,
    "lng": -0.13046,
    "utm_x": 751059.46,
    "utm_y": 4270116.4,
    "utm_huso": 30,
    "fuente": "Plantilla municipal — Limpieza info (PTM Benidorm)",
    "licencia": "Uso interno del proyecto",
    "confianza": 26,
    "estado_espacial": "valido",
    "geometria_origen": "punto_representativo"
   }
  },
  {
   "type": "Feature",
   "geometry": {
    "type": "Point",
    "coordinates": [
     -0.09768,
     38.55263
    ]
   },
   "properties": {
    "id_tecnico": "7749815d-dd96-4d51-83ed-89316a1c48a8",
    "categoria": "infraestructuras",
    "tipo": "parada_autobus",
    "nombre": "Av. Severo Ochoa, 39",
    "estado_nombre": "correcto",
    "direccion": null,
    "lat": 38.55263,
    "lng": -0.09768,
    "utm_x": 753899.48,
    "utm_y": 4271116.02,
    "utm_huso": 30,
    "fuente": "OpenStreetMap (Overpass)",
    "licencia": "ODbL 1.0",
    "confianza": 23,
    "estado_espacial": "valido",
    "geometria_origen": "punto_representativo"
   }
  },
  {
   "type": "Feature",
   "geometry": {
    "type": "Point",
    "coordinates": [
     -0.10855,
     38.53527
    ]
   },
   "properties": {
    "id_tecnico": "77c3e8b3-66a0-444d-9024-c0518e491f0d",
    "categoria": "infraestructuras",
    "tipo": "parada_autobus",
    "nombre": "Av. Mediterráneo, 55 (Casino)",
    "estado_nombre": "correcto",
    "direccion": null,
    "lat": 38.53527,
    "lng": -0.10855,
    "utm_x": 753008.49,
    "utm_y": 4269159.36,
    "utm_huso": 30,
    "fuente": "OpenStreetMap (Overpass)",
    "licencia": "ODbL 1.0",
    "confianza": 23,
    "estado_espacial": "proximo_limite",
    "geometria_origen": "punto_representativo"
   }
  },
  {
   "type": "Feature",
   "geometry": {
    "type": "Point",
    "coordinates": [
     -0.12905,
     38.53903
    ]
   },
   "properties": {
    "id_tecnico": "77df7729-c4e1-4b0e-bfc9-3a872f8ed19e",
    "categoria": "equipamientos",
    "tipo": "centro_comunitario",
    "nombre": "Centro De Información Juvenil",
    "estado_nombre": "correcto",
    "direccion": null,
    "lat": 38.53903,
    "lng": -0.12905,
    "utm_x": 751201.41,
    "utm_y": 4269520.86,
    "utm_huso": 30,
    "fuente": "OpenStreetMap (Overpass)",
    "licencia": "ODbL 1.0",
    "confianza": 23,
    "estado_espacial": "valido",
    "geometria_origen": "punto_representativo"
   }
  },
  {
   "type": "Feature",
   "geometry": {
    "type": "Point",
    "coordinates": [
     -0.13735,
     38.54044
    ]
   },
   "properties": {
    "id_tecnico": "77ee31ab-682d-4903-8ba0-3d0e86299916",
    "categoria": "equipamientos",
    "tipo": "alimentacion",
    "nombre": "alimentacion node/12407678322",
    "estado_nombre": "correcto",
    "direccion": null,
    "lat": 38.54044,
    "lng": -0.13735,
    "utm_x": 750470.21,
    "utm_y": 4269654.86,
    "utm_huso": 30,
    "fuente": "OpenStreetMap (Overpass)",
    "licencia": "ODbL 1.0",
    "confianza": 23,
    "estado_espacial": "valido",
    "geometria_origen": "punto_representativo"
   }
  },
  {
   "type": "Feature",
   "geometry": {
    "type": "Point",
    "coordinates": [
     -0.11045,
     38.53566
    ]
   },
   "properties": {
    "id_tecnico": "783f0ffb-9e2f-4402-9f58-46d77fc3fc20",
    "categoria": "infraestructuras",
    "tipo": "parada_autobus",
    "nombre": "Av. Mediterráneo, 58",
    "estado_nombre": "correcto",
    "direccion": null,
    "lat": 38.53566,
    "lng": -0.11045,
    "utm_x": 752840.86,
    "utm_y": 4269197.45,
    "utm_huso": 30,
    "fuente": "OpenStreetMap (Overpass)",
    "licencia": "ODbL 1.0",
    "confianza": 23,
    "estado_espacial": "proximo_limite",
    "geometria_origen": "punto_representativo"
   }
  },
  {
   "type": "Feature",
   "geometry": {
    "type": "Point",
    "coordinates": [
     -0.07873,
     38.57047
    ]
   },
   "properties": {
    "id_tecnico": "7844eeac-afc4-491b-b080-3fd282d83c24",
    "categoria": "infraestructuras",
    "tipo": "alojamiento",
    "nombre": "Albir Garden Resort",
    "estado_nombre": "correcto",
    "direccion": null,
    "lat": 38.57047,
    "lng": -0.07873,
    "utm_x": 755495.13,
    "utm_y": 4273148.37,
    "utm_huso": 30,
    "fuente": "OpenStreetMap (Overpass)",
    "licencia": "ODbL 1.0",
    "confianza": 3,
    "estado_espacial": "fuera_municipio",
    "geometria_origen": "punto_representativo"
   }
  },
  {
   "type": "Feature",
   "geometry": {
    "type": "Point",
    "coordinates": [
     -0.11652,
     38.54251
    ]
   },
   "properties": {
    "id_tecnico": "78ca1da9-0d30-4d45-b719-fa88d4f65022",
    "categoria": "infraestructuras",
    "tipo": "parada_autobus",
    "nombre": "Apartamentos Vistamar",
    "estado_nombre": "correcto",
    "direccion": null,
    "lat": 38.54251,
    "lng": -0.11652,
    "utm_x": 752285.96,
    "utm_y": 4269941.21,
    "utm_huso": 30,
    "fuente": "OpenStreetMap (Overpass)",
    "licencia": "ODbL 1.0",
    "confianza": 23,
    "estado_espacial": "valido",
    "geometria_origen": "punto_representativo"
   }
  },
  {
   "type": "Feature",
   "geometry": {
    "type": "Point",
    "coordinates": [
     -0.13236,
     38.53744
    ]
   },
   "properties": {
    "id_tecnico": "78d27d86-97e7-4017-b6eb-312a908ff932",
    "categoria": "equipamientos",
    "tipo": "alimentacion",
    "nombre": "Udaco",
    "estado_nombre": "correcto",
    "direccion": "Avinguda Los Almendros 8",
    "lat": 38.53744,
    "lng": -0.13236,
    "utm_x": 750917.2,
    "utm_y": 4269335.39,
    "utm_huso": 30,
    "fuente": "OpenStreetMap (Overpass)",
    "licencia": "ODbL 1.0",
    "confianza": 26,
    "estado_espacial": "proximo_limite",
    "geometria_origen": "punto_representativo"
   }
  },
  {
   "type": "Feature",
   "geometry": {
    "type": "Point",
    "coordinates": [
     -0.13327,
     38.54713
    ]
   },
   "properties": {
    "id_tecnico": "78d40cf5-e620-4ea3-8a37-edf94e8efe26",
    "categoria": "infraestructuras",
    "tipo": "parada_autobus",
    "nombre": "154 - Ed. Timoner",
    "estado_nombre": "correcto",
    "direccion": "Av. Beniardà, 16",
    "lat": 38.54713,
    "lng": -0.13327,
    "utm_x": 750804.28,
    "utm_y": 4270408.47,
    "utm_huso": 30,
    "fuente": "Plantilla municipal — Limpieza info (PTM Benidorm)",
    "licencia": "Uso interno del proyecto",
    "confianza": 26,
    "estado_espacial": "valido",
    "geometria_origen": "punto_representativo"
   }
  },
  {
   "type": "Feature",
   "geometry": {
    "type": "Point",
    "coordinates": [
     -0.12474,
     38.54196
    ]
   },
   "properties": {
    "id_tecnico": "793c937f-089f-4615-a1a2-6e92bd279459",
    "categoria": "infraestructuras",
    "tipo": "parada_autobus",
    "nombre": "Av. Alfonso Puchades, 27",
    "estado_nombre": "correcto",
    "direccion": null,
    "lat": 38.54196,
    "lng": -0.12474,
    "utm_x": 751568.51,
    "utm_y": 4269857.78,
    "utm_huso": 30,
    "fuente": "OpenStreetMap (Overpass)",
    "licencia": "ODbL 1.0",
    "confianza": 23,
    "estado_espacial": "valido",
    "geometria_origen": "punto_representativo"
   }
  },
  {
   "type": "Feature",
   "geometry": {
    "type": "Point",
    "coordinates": [
     -0.15894,
     38.54671
    ]
   },
   "properties": {
    "id_tecnico": "79ec030d-d165-4148-9afd-6ba1904f28f3",
    "categoria": "infraestructuras",
    "tipo": "parada_tranvia",
    "nombre": "Terra Mítica",
    "estado_nombre": "correcto",
    "direccion": null,
    "lat": 38.54671,
    "lng": -0.15894,
    "utm_x": 748559.46,
    "utm_y": 4270292.58,
    "utm_huso": 30,
    "fuente": "OpenStreetMap (Overpass)",
    "licencia": "ODbL 1.0",
    "confianza": 23,
    "estado_espacial": "valido",
    "geometria_origen": "punto_representativo"
   }
  },
  {
   "type": "Feature",
   "geometry": {
    "type": "Point",
    "coordinates": [
     -0.16614,
     38.53195
    ]
   },
   "properties": {
    "id_tecnico": "7a691f15-e277-4024-92c8-951bdfc71c16",
    "categoria": "equipamientos",
    "tipo": "alimentacion",
    "nombre": "Mercadona",
    "estado_nombre": "correcto",
    "direccion": "Carrer del Secretari Juan Antonio Baldoví 9",
    "lat": 38.53195,
    "lng": -0.16614,
    "utm_x": 747979.53,
    "utm_y": 4268634.99,
    "utm_huso": 30,
    "fuente": "OpenStreetMap (Overpass)",
    "licencia": "ODbL 1.0",
    "confianza": 29,
    "estado_espacial": "proximo_limite",
    "geometria_origen": "punto_representativo"
   }
  },
  {
   "type": "Feature",
   "geometry": {
    "type": "Point",
    "coordinates": [
     -0.12259,
     38.5416
    ]
   },
   "properties": {
    "id_tecnico": "7a7849c6-861a-4883-a94b-7d881d232c7f",
    "categoria": "equipamientos",
    "tipo": "alimentacion",
    "nombre": "alimentacion node/13391209854",
    "estado_nombre": "correcto",
    "direccion": null,
    "lat": 38.5416,
    "lng": -0.12259,
    "utm_x": 751757.9,
    "utm_y": 4269823.67,
    "utm_huso": 30,
    "fuente": "OpenStreetMap (Overpass)",
    "licencia": "ODbL 1.0",
    "confianza": 23,
    "estado_espacial": "valido",
    "geometria_origen": "punto_representativo"
   }
  },
  {
   "type": "Feature",
   "geometry": {
    "type": "Point",
    "coordinates": [
     -0.13228,
     38.54254
    ]
   },
   "properties": {
    "id_tecnico": "7afcc28d-f658-4855-bc9c-252146ac56e2",
    "categoria": "equipamientos",
    "tipo": "alimentacion",
    "nombre": "Benidorm",
    "estado_nombre": "correcto",
    "direccion": "Carrer de Tomás Ortuño",
    "lat": 38.54254,
    "lng": -0.13228,
    "utm_x": 750906.68,
    "utm_y": 4269901.69,
    "utm_huso": 30,
    "fuente": "OpenStreetMap (Overpass)",
    "licencia": "ODbL 1.0",
    "confianza": 26,
    "estado_espacial": "valido",
    "geometria_origen": "punto_representativo"
   }
  },
  {
   "type": "Feature",
   "geometry": {
    "type": "Point",
    "coordinates": [
     -0.10517,
     38.54046
    ]
   },
   "properties": {
    "id_tecnico": "7b23bcf4-c4b0-4b83-804c-72de8fb24bf5",
    "categoria": "infraestructuras",
    "tipo": "alojamiento",
    "nombre": "Hotel Melia Benidorm",
    "estado_nombre": "correcto",
    "direccion": null,
    "lat": 38.54046,
    "lng": -0.10517,
    "utm_x": 753286.31,
    "utm_y": 4269744.67,
    "utm_huso": 30,
    "fuente": "OpenStreetMap (Overpass)",
    "licencia": "ODbL 1.0",
    "confianza": 23,
    "estado_espacial": "valido",
    "geometria_origen": "punto_representativo"
   }
  },
  {
   "type": "Feature",
   "geometry": {
    "type": "Point",
    "coordinates": [
     -0.12966,
     38.54363
    ]
   },
   "properties": {
    "id_tecnico": "7b34452d-ce5e-49c9-86c2-5d494c5f78fd",
    "categoria": "infraestructuras",
    "tipo": "parada_autobus",
    "nombre": "355 - Ed. Don Benito",
    "estado_nombre": "correcto",
    "direccion": "Av. Alfonso Puchades, 6",
    "lat": 38.54363,
    "lng": -0.12966,
    "utm_x": 751132.21,
    "utm_y": 4270029.78,
    "utm_huso": 30,
    "fuente": "Plantilla municipal — Limpieza info (PTM Benidorm)",
    "licencia": "Uso interno del proyecto",
    "confianza": 26,
    "estado_espacial": "valido",
    "geometria_origen": "punto_representativo"
   }
  },
  {
   "type": "Feature",
   "geometry": {
    "type": "Point",
    "coordinates": [
     -0.14037,
     38.54017
    ]
   },
   "properties": {
    "id_tecnico": "7b601ffc-20b5-4e67-b2d7-4862818b285c",
    "categoria": "infraestructuras",
    "tipo": "parada_autobus",
    "nombre": "parada autobus node/13391216225",
    "estado_nombre": "correcto",
    "direccion": null,
    "lat": 38.54017,
    "lng": -0.14037,
    "utm_x": 750206.84,
    "utm_y": 4269616.72,
    "utm_huso": 30,
    "fuente": "OpenStreetMap (Overpass)",
    "licencia": "ODbL 1.0",
    "confianza": 23,
    "estado_espacial": "valido",
    "geometria_origen": "punto_representativo"
   }
  },
  {
   "type": "Feature",
   "geometry": {
    "type": "Point",
    "coordinates": [
     -0.10341,
     38.54211
    ]
   },
   "properties": {
    "id_tecnico": "7b6a8ba6-1a09-4cc4-b01a-590881447f39",
    "categoria": "infraestructuras",
    "tipo": "parada_autobus",
    "nombre": "Av. Severo Ochoa, 8",
    "estado_nombre": "correcto",
    "direccion": null,
    "lat": 38.54211,
    "lng": -0.10341,
    "utm_x": 753434.61,
    "utm_y": 4269932.63,
    "utm_huso": 30,
    "fuente": "OpenStreetMap (Overpass)",
    "licencia": "ODbL 1.0",
    "confianza": 23,
    "estado_espacial": "valido",
    "geometria_origen": "punto_representativo"
   }
  },
  {
   "type": "Feature",
   "geometry": {
    "type": "Point",
    "coordinates": [
     -0.15784,
     38.55989
    ]
   },
   "properties": {
    "id_tecnico": "7b92bfd0-1326-4321-a77d-94d4cfe14010",
    "categoria": "infraestructuras",
    "tipo": "parada_taxi",
    "nombre": "parada taxi node/1959024746",
    "estado_nombre": "correcto",
    "direccion": null,
    "lat": 38.55989,
    "lng": -0.15784,
    "utm_x": 748610.84,
    "utm_y": 4271758.44,
    "utm_huso": 30,
    "fuente": "OpenStreetMap (Overpass)",
    "licencia": "ODbL 1.0",
    "confianza": 23,
    "estado_espacial": "valido",
    "geometria_origen": "punto_representativo"
   }
  },
  {
   "type": "Feature",
   "geometry": {
    "type": "Point",
    "coordinates": [
     -0.10453,
     38.53633
    ]
   },
   "properties": {
    "id_tecnico": "7b98bd2c-2c0c-4ecf-a431-2d7c68649c84",
    "categoria": "equipamientos",
    "tipo": "alimentacion",
    "nombre": "Best-Value",
    "estado_nombre": "correcto",
    "direccion": "Avenida de Estocolmo",
    "lat": 38.53633,
    "lng": -0.10453,
    "utm_x": 753356.65,
    "utm_y": 4269288.01,
    "utm_huso": 30,
    "fuente": "OpenStreetMap (Overpass)",
    "licencia": "ODbL 1.0",
    "confianza": 26,
    "estado_espacial": "valido",
    "geometria_origen": "punto_representativo"
   }
  },
  {
   "type": "Feature",
   "geometry": {
    "type": "Point",
    "coordinates": [
     -0.13183,
     38.53882
    ]
   },
   "properties": {
    "id_tecnico": "7ba4c2ed-4a8f-4a9a-972f-d08ccc915c35",
    "categoria": "infraestructuras",
    "tipo": "alojamiento",
    "nombre": "alojamiento node/1080595185",
    "estado_nombre": "correcto",
    "direccion": null,
    "lat": 38.53882,
    "lng": -0.13183,
    "utm_x": 750958.84,
    "utm_y": 4269490,
    "utm_huso": 30,
    "fuente": "OpenStreetMap (Overpass)",
    "licencia": "ODbL 1.0",
    "confianza": 23,
    "estado_espacial": "valido",
    "geometria_origen": "punto_representativo"
   }
  },
  {
   "type": "Feature",
   "geometry": {
    "type": "Point",
    "coordinates": [
     -0.14905,
     38.54266
    ]
   },
   "properties": {
    "id_tecnico": "7bdb09ca-90ba-4836-b179-b1083861a9ba",
    "categoria": "infraestructuras",
    "tipo": "parada_autobus",
    "nombre": "C/ Adolfo Suárez, 16",
    "estado_nombre": "correcto",
    "direccion": null,
    "lat": 38.54266,
    "lng": -0.14905,
    "utm_x": 749438.72,
    "utm_y": 4269869.67,
    "utm_huso": 30,
    "fuente": "OpenStreetMap (Overpass)",
    "licencia": "ODbL 1.0",
    "confianza": 23,
    "estado_espacial": "valido",
    "geometria_origen": "punto_representativo"
   }
  },
  {
   "type": "Feature",
   "geometry": {
    "type": "Point",
    "coordinates": [
     -0.13196,
     38.54168
    ]
   },
   "properties": {
    "id_tecnico": "7c8517e9-6176-47a2-a0ed-a8ba16173e22",
    "categoria": "infraestructuras",
    "tipo": "parada_autobus",
    "nombre": "C/ Tomás Ortuño, 83",
    "estado_nombre": "correcto",
    "direccion": null,
    "lat": 38.54168,
    "lng": -0.13196,
    "utm_x": 750937.64,
    "utm_y": 4269807.1,
    "utm_huso": 30,
    "fuente": "OpenStreetMap (Overpass)",
    "licencia": "ODbL 1.0",
    "confianza": 23,
    "estado_espacial": "valido",
    "geometria_origen": "punto_representativo"
   }
  },
  {
   "type": "Feature",
   "geometry": {
    "type": "Point",
    "coordinates": [
     -0.13515,
     38.54036
    ]
   },
   "properties": {
    "id_tecnico": "7c894750-9b85-4cca-aa6c-9f7cc271fa0b",
    "categoria": "equipamientos",
    "tipo": "alimentacion",
    "nombre": "alimentacion node/12252456814",
    "estado_nombre": "correcto",
    "direccion": "Avinguda del Rei Jaume I 13",
    "lat": 38.54036,
    "lng": -0.13515,
    "utm_x": 750663.01,
    "utm_y": 4269651.94,
    "utm_huso": 30,
    "fuente": "OpenStreetMap (Overpass)",
    "licencia": "ODbL 1.0",
    "confianza": 26,
    "estado_espacial": "valido",
    "geometria_origen": "punto_representativo"
   }
  },
  {
   "type": "Feature",
   "geometry": {
    "type": "Point",
    "coordinates": [
     -0.13341,
     38.54224
    ]
   },
   "properties": {
    "id_tecnico": "7c8af3fc-0a5a-4f93-96ca-b33498be1be3",
    "categoria": "infraestructuras",
    "tipo": "parada_autobus",
    "nombre": "Av. Jaume I, 27",
    "estado_nombre": "correcto",
    "direccion": null,
    "lat": 38.54224,
    "lng": -0.13341,
    "utm_x": 750808.83,
    "utm_y": 4269865.32,
    "utm_huso": 30,
    "fuente": "OpenStreetMap (Overpass)",
    "licencia": "ODbL 1.0",
    "confianza": 23,
    "estado_espacial": "valido",
    "geometria_origen": "punto_representativo"
   }
  },
  {
   "type": "Feature",
   "geometry": {
    "type": "Point",
    "coordinates": [
     -0.12175,
     38.53594
    ]
   },
   "properties": {
    "id_tecnico": "7c924f88-9701-420c-9b1e-4c0dcd4d38b6",
    "categoria": "equipamientos",
    "tipo": "farmacia",
    "nombre": "Farmacia Sala Vallejo",
    "estado_nombre": "correcto",
    "direccion": null,
    "lat": 38.53594,
    "lng": -0.12175,
    "utm_x": 751850.92,
    "utm_y": 4269197.72,
    "utm_huso": 30,
    "fuente": "OpenStreetMap (Overpass)",
    "licencia": "ODbL 1.0",
    "confianza": 23,
    "estado_espacial": "proximo_limite",
    "geometria_origen": "punto_representativo"
   }
  },
  {
   "type": "Feature",
   "geometry": {
    "type": "Point",
    "coordinates": [
     -0.11778,
     38.53595
    ]
   },
   "properties": {
    "id_tecnico": "7d53299b-7f72-4a85-af37-7f95a99e89c1",
    "categoria": "equipamientos",
    "tipo": "alimentacion",
    "nombre": "El Rey de los Caramelos",
    "estado_nombre": "correcto",
    "direccion": "Avinguda de Conca  -  Avenida de Cuenca",
    "lat": 38.53595,
    "lng": -0.11778,
    "utm_x": 752198.34,
    "utm_y": 4269209.64,
    "utm_huso": 30,
    "fuente": "OpenStreetMap (Overpass)",
    "licencia": "ODbL 1.0",
    "confianza": 26,
    "estado_espacial": "proximo_limite",
    "geometria_origen": "punto_representativo"
   }
  },
  {
   "type": "Feature",
   "geometry": {
    "type": "Point",
    "coordinates": [
     -0.10554,
     38.53625
    ]
   },
   "properties": {
    "id_tecnico": "7dde17c4-e510-4573-b5a5-3793b5253a5b",
    "categoria": "equipamientos",
    "tipo": "alimentacion",
    "nombre": "alimentacion node/8018666448",
    "estado_nombre": "correcto",
    "direccion": "Calle de Londres 4",
    "lat": 38.53625,
    "lng": -0.10554,
    "utm_x": 753268.53,
    "utm_y": 4269276.37,
    "utm_huso": 30,
    "fuente": "OpenStreetMap (Overpass)",
    "licencia": "ODbL 1.0",
    "confianza": 26,
    "estado_espacial": "valido",
    "geometria_origen": "punto_representativo"
   }
  },
  {
   "type": "Feature",
   "geometry": {
    "type": "Point",
    "coordinates": [
     -0.14028,
     38.53727
    ]
   },
   "properties": {
    "id_tecnico": "7e05074b-15a6-4c7c-9269-ebbd454a4ff6",
    "categoria": "equipamientos",
    "tipo": "alimentacion",
    "nombre": "Quick Save",
    "estado_nombre": "correcto",
    "direccion": null,
    "lat": 38.53727,
    "lng": -0.14028,
    "utm_x": 750224.65,
    "utm_y": 4269295.08,
    "utm_huso": 30,
    "fuente": "OpenStreetMap (Overpass)",
    "licencia": "ODbL 1.0",
    "confianza": 23,
    "estado_espacial": "proximo_limite",
    "geometria_origen": "punto_representativo"
   }
  },
  {
   "type": "Feature",
   "geometry": {
    "type": "Point",
    "coordinates": [
     -0.10793,
     38.53478
    ]
   },
   "properties": {
    "id_tecnico": "7e190582-fdfb-48fd-aaa9-59e233c27423",
    "categoria": "infraestructuras",
    "tipo": "parada_autobus",
    "nombre": "207 - BBVA",
    "estado_nombre": "correcto",
    "direccion": "Av. Mediterráneo, 62 (R. l'Oix)",
    "lat": 38.53478,
    "lng": -0.10793,
    "utm_x": 753064.45,
    "utm_y": 4269106.67,
    "utm_huso": 30,
    "fuente": "Plantilla municipal — Limpieza info (PTM Benidorm)",
    "licencia": "Uso interno del proyecto",
    "confianza": 26,
    "estado_espacial": "proximo_limite",
    "geometria_origen": "punto_representativo"
   }
  },
  {
   "type": "Feature",
   "geometry": {
    "type": "Point",
    "coordinates": [
     -0.11998,
     38.54162
    ]
   },
   "properties": {
    "id_tecnico": "7eb09fef-8e8c-4fa5-bbe5-4f900cc1f230",
    "categoria": "equipamientos",
    "tipo": "alimentacion",
    "nombre": "alimentacion node/13270917863",
    "estado_nombre": "correcto",
    "direccion": null,
    "lat": 38.54162,
    "lng": -0.11998,
    "utm_x": 751986.24,
    "utm_y": 4269832.99,
    "utm_huso": 30,
    "fuente": "OpenStreetMap (Overpass)",
    "licencia": "ODbL 1.0",
    "confianza": 23,
    "estado_espacial": "valido",
    "geometria_origen": "punto_representativo"
   }
  },
  {
   "type": "Feature",
   "geometry": {
    "type": "Point",
    "coordinates": [
     -0.16545,
     38.5315
    ]
   },
   "properties": {
    "id_tecnico": "7f07a637-cdb9-4765-9dc6-3e4a70ad9de0",
    "categoria": "infraestructuras",
    "tipo": "parada_autobus",
    "nombre": "C/ Juan Antonio Baldoví, 14",
    "estado_nombre": "correcto",
    "direccion": null,
    "lat": 38.5315,
    "lng": -0.16545,
    "utm_x": 748041.44,
    "utm_y": 4268586.89,
    "utm_huso": 30,
    "fuente": "OpenStreetMap (Overpass)",
    "licencia": "ODbL 1.0",
    "confianza": 23,
    "estado_espacial": "proximo_limite",
    "geometria_origen": "punto_representativo"
   }
  },
  {
   "type": "Feature",
   "geometry": {
    "type": "Point",
    "coordinates": [
     -0.09866,
     38.56771
    ]
   },
   "properties": {
    "id_tecnico": "7f2f13d5-2190-4bb2-990a-036eeb0ea558",
    "categoria": "infraestructuras",
    "tipo": "camping",
    "nombre": "camping way/1382807558",
    "estado_nombre": "correcto",
    "direccion": null,
    "lat": 38.56771,
    "lng": -0.09866,
    "utm_x": 753761.3,
    "utm_y": 4272787.15,
    "utm_huso": 30,
    "fuente": "OpenStreetMap (Overpass)",
    "licencia": "ODbL 1.0",
    "confianza": 23,
    "estado_espacial": "valido",
    "geometria_origen": "punto_representativo"
   }
  },
  {
   "type": "Feature",
   "geometry": {
    "type": "Point",
    "coordinates": [
     -0.13367,
     38.54055
    ]
   },
   "properties": {
    "id_tecnico": "7f550442-ebe2-483e-8959-5cf04d361e90",
    "categoria": "equipamientos",
    "tipo": "alimentacion",
    "nombre": "Sabores",
    "estado_nombre": "correcto",
    "direccion": "Carrer Maravall 33",
    "lat": 38.54055,
    "lng": -0.13367,
    "utm_x": 750791.88,
    "utm_y": 4269677.04,
    "utm_huso": 30,
    "fuente": "OpenStreetMap (Overpass)",
    "licencia": "ODbL 1.0",
    "confianza": 26,
    "estado_espacial": "valido",
    "geometria_origen": "punto_representativo"
   }
  },
  {
   "type": "Feature",
   "geometry": {
    "type": "Point",
    "coordinates": [
     -0.13195,
     38.54168
    ]
   },
   "properties": {
    "id_tecnico": "7f67fc91-6920-43dd-a87d-0f3e9033d7cf",
    "categoria": "infraestructuras",
    "tipo": "parada_autobus",
    "nombre": "130 - Telefónica",
    "estado_nombre": "correcto",
    "direccion": "C/ Tomás Ortuño, 83",
    "lat": 38.54168,
    "lng": -0.13195,
    "utm_x": 750938.52,
    "utm_y": 4269807.12,
    "utm_huso": 30,
    "fuente": "Plantilla municipal — Limpieza info (PTM Benidorm)",
    "licencia": "Uso interno del proyecto",
    "confianza": 26,
    "estado_espacial": "valido",
    "geometria_origen": "punto_representativo"
   }
  },
  {
   "type": "Feature",
   "geometry": {
    "type": "Point",
    "coordinates": [
     -0.1222,
     38.54592
    ]
   },
   "properties": {
    "id_tecnico": "7f73909b-2b2d-45b7-b098-79b53bc0184c",
    "categoria": "infraestructuras",
    "tipo": "parada_autobus",
    "nombre": "Av. Municipi, 12",
    "estado_nombre": "correcto",
    "direccion": null,
    "lat": 38.54592,
    "lng": -0.1222,
    "utm_x": 751777.14,
    "utm_y": 4270304.23,
    "utm_huso": 30,
    "fuente": "OpenStreetMap (Overpass)",
    "licencia": "ODbL 1.0",
    "confianza": 23,
    "estado_espacial": "valido",
    "geometria_origen": "punto_representativo"
   }
  },
  {
   "type": "Feature",
   "geometry": {
    "type": "Point",
    "coordinates": [
     -0.10783,
     38.5333
    ]
   },
   "properties": {
    "id_tecnico": "801aed82-7520-4b75-b26c-6dd7dd10fa6b",
    "categoria": "equipamientos",
    "tipo": "alimentacion",
    "nombre": "City Market Express",
    "estado_nombre": "correcto",
    "direccion": "Avenida de Estocolmo",
    "lat": 38.5333,
    "lng": -0.10783,
    "utm_x": 753078.33,
    "utm_y": 4268942.67,
    "utm_huso": 30,
    "fuente": "OpenStreetMap (Overpass)",
    "licencia": "ODbL 1.0",
    "confianza": 26,
    "estado_espacial": "proximo_limite",
    "geometria_origen": "punto_representativo"
   }
  },
  {
   "type": "Feature",
   "geometry": {
    "type": "Point",
    "coordinates": [
     -0.12962,
     38.53608
    ]
   },
   "properties": {
    "id_tecnico": "807b5399-9178-46c8-a137-7ae6d994f5a8",
    "categoria": "infraestructuras",
    "tipo": "alojamiento",
    "nombre": "Hotel Los Angeles",
    "estado_nombre": "correcto",
    "direccion": "Carrer dels Àngels",
    "lat": 38.53608,
    "lng": -0.12962,
    "utm_x": 751161.67,
    "utm_y": 4269191.87,
    "utm_huso": 30,
    "fuente": "OpenStreetMap (Overpass)",
    "licencia": "ODbL 1.0",
    "confianza": 26,
    "estado_espacial": "proximo_limite",
    "geometria_origen": "punto_representativo"
   }
  },
  {
   "type": "Feature",
   "geometry": {
    "type": "Point",
    "coordinates": [
     -0.11213,
     38.53616
    ]
   },
   "properties": {
    "id_tecnico": "8085e362-abb1-4160-9b38-a7822e33c992",
    "categoria": "equipamientos",
    "tipo": "alimentacion",
    "nombre": "Carrefour Express",
    "estado_nombre": "correcto",
    "direccion": "avenida del Mediterráneo - Avinguda del Mediterranio 43",
    "lat": 38.53616,
    "lng": -0.11213,
    "utm_x": 752692.09,
    "utm_y": 4269248.36,
    "utm_huso": 30,
    "fuente": "OpenStreetMap (Overpass)",
    "licencia": "ODbL 1.0",
    "confianza": 26,
    "estado_espacial": "proximo_limite",
    "geometria_origen": "punto_representativo"
   }
  },
  {
   "type": "Feature",
   "geometry": {
    "type": "Point",
    "coordinates": [
     -0.12531,
     38.53764
    ]
   },
   "properties": {
    "id_tecnico": "80ab9c6d-d16b-4ebe-a85a-719bf4c523d7",
    "categoria": "infraestructuras",
    "tipo": "parada_autobus",
    "nombre": "C/ Esperanto, 4",
    "estado_nombre": "correcto",
    "direccion": null,
    "lat": 38.53764,
    "lng": -0.12531,
    "utm_x": 751533.5,
    "utm_y": 4269376.73,
    "utm_huso": 30,
    "fuente": "OpenStreetMap (Overpass)",
    "licencia": "ODbL 1.0",
    "confianza": 23,
    "estado_espacial": "valido",
    "geometria_origen": "punto_representativo"
   }
  },
  {
   "type": "Feature",
   "geometry": {
    "type": "Point",
    "coordinates": [
     -0.15751,
     38.53804
    ]
   },
   "properties": {
    "id_tecnico": "80efb8a4-d63b-44b2-9f27-a75efa7be5d4",
    "categoria": "infraestructuras",
    "tipo": "parada_autobus",
    "nombre": "146 - Perez Devesa 25",
    "estado_nombre": "correcto",
    "direccion": "Av. Vicente Pérez Devesa, 25",
    "lat": 38.53804,
    "lng": -0.15751,
    "utm_x": 748714.12,
    "utm_y": 4269334.1,
    "utm_huso": 30,
    "fuente": "Plantilla municipal — Limpieza info (PTM Benidorm)",
    "licencia": "Uso interno del proyecto",
    "confianza": 26,
    "estado_espacial": "valido",
    "geometria_origen": "punto_representativo"
   }
  },
  {
   "type": "Feature",
   "geometry": {
    "type": "Point",
    "coordinates": [
     -0.12576,
     38.5444
    ]
   },
   "properties": {
    "id_tecnico": "815358b5-619e-44f3-870f-3e00939efc5d",
    "categoria": "equipamientos",
    "tipo": "farmacia",
    "nombre": "farmacia node/4344571826",
    "estado_nombre": "correcto",
    "direccion": "Calle Dinamarca",
    "lat": 38.5444,
    "lng": -0.12576,
    "utm_x": 751470.85,
    "utm_y": 4270125.84,
    "utm_huso": 30,
    "fuente": "OpenStreetMap (Overpass)",
    "licencia": "ODbL 1.0",
    "confianza": 26,
    "estado_espacial": "valido",
    "geometria_origen": "punto_representativo"
   }
  },
  {
   "type": "Feature",
   "geometry": {
    "type": "Point",
    "coordinates": [
     -0.12777,
     38.60934
    ]
   },
   "properties": {
    "id_tecnico": "8153fc84-944e-4a48-9e7b-bb1debb64024",
    "categoria": "servicios_basicos",
    "tipo": "estacion_servicio",
    "nombre": "Repsol",
    "estado_nombre": "correcto",
    "direccion": null,
    "lat": 38.60934,
    "lng": -0.12777,
    "utm_x": 751071.36,
    "utm_y": 4277328.43,
    "utm_huso": 30,
    "fuente": "OpenStreetMap (Overpass)",
    "licencia": "ODbL 1.0",
    "confianza": 3,
    "estado_espacial": "fuera_municipio",
    "geometria_origen": "punto_representativo"
   }
  },
  {
   "type": "Feature",
   "geometry": {
    "type": "Point",
    "coordinates": [
     -0.09789,
     38.55351
    ]
   },
   "properties": {
    "id_tecnico": "815781c5-a5b5-49f3-84ef-06cd9f22d9e7",
    "categoria": "infraestructuras",
    "tipo": "camping",
    "nombre": "Camping Benidorm",
    "estado_nombre": "correcto",
    "direccion": null,
    "lat": 38.55351,
    "lng": -0.09789,
    "utm_x": 753878.04,
    "utm_y": 4271213.12,
    "utm_huso": 30,
    "fuente": "OpenStreetMap (Overpass)",
    "licencia": "ODbL 1.0",
    "confianza": 23,
    "estado_espacial": "valido",
    "geometria_origen": "punto_representativo"
   }
  },
  {
   "type": "Feature",
   "geometry": {
    "type": "Point",
    "coordinates": [
     -0.1178,
     38.53584
    ]
   },
   "properties": {
    "id_tecnico": "81639de5-7d84-4006-9c20-2af24da4bd60",
    "categoria": "equipamientos",
    "tipo": "alimentacion",
    "nombre": "Los Gemelos",
    "estado_nombre": "correcto",
    "direccion": "Avinguda de Conca  -  Avenida de Cuenca",
    "lat": 38.53584,
    "lng": -0.1178,
    "utm_x": 752196.97,
    "utm_y": 4269197.38,
    "utm_huso": 30,
    "fuente": "OpenStreetMap (Overpass)",
    "licencia": "ODbL 1.0",
    "confianza": 26,
    "estado_espacial": "proximo_limite",
    "geometria_origen": "punto_representativo"
   }
  },
  {
   "type": "Feature",
   "geometry": {
    "type": "Point",
    "coordinates": [
     -0.09745,
     38.57657
    ]
   },
   "properties": {
    "id_tecnico": "81aa9de0-e7f8-48b5-8e19-4168ef62240e",
    "categoria": "equipamientos",
    "tipo": "mercado",
    "nombre": "Mercadillo",
    "estado_nombre": "correcto",
    "direccion": null,
    "lat": 38.57657,
    "lng": -0.09745,
    "utm_x": 753836.32,
    "utm_y": 4273773.9,
    "utm_huso": 30,
    "fuente": "OpenStreetMap (Overpass)",
    "licencia": "ODbL 1.0",
    "confianza": 3,
    "estado_espacial": "fuera_municipio",
    "geometria_origen": "punto_representativo"
   }
  },
  {
   "type": "Feature",
   "geometry": {
    "type": "Point",
    "coordinates": [
     -0.10835,
     38.53372
    ]
   },
   "properties": {
    "id_tecnico": "81b8820c-98b6-4008-9a9a-ad5f35ffdcf6",
    "categoria": "infraestructuras",
    "tipo": "alojamiento",
    "nombre": "Hotel Brisa",
    "estado_nombre": "correcto",
    "direccion": null,
    "lat": 38.53372,
    "lng": -0.10835,
    "utm_x": 753031.36,
    "utm_y": 4268987.86,
    "utm_huso": 30,
    "fuente": "OpenStreetMap (Overpass)",
    "licencia": "ODbL 1.0",
    "confianza": 23,
    "estado_espacial": "proximo_limite",
    "geometria_origen": "punto_representativo"
   }
  },
  {
   "type": "Feature",
   "geometry": {
    "type": "Point",
    "coordinates": [
     -0.13696,
     38.54002
    ]
   },
   "properties": {
    "id_tecnico": "81be0ada-a001-4926-9e52-280d31a02355",
    "categoria": "infraestructuras",
    "tipo": "parada_autobus",
    "nombre": "198 - Panama 5",
    "estado_nombre": "correcto",
    "direccion": "Av. Panamá, 5AC",
    "lat": 38.54002,
    "lng": -0.13696,
    "utm_x": 750505.78,
    "utm_y": 4269609.3,
    "utm_huso": 30,
    "fuente": "Plantilla municipal — Limpieza info (PTM Benidorm)",
    "licencia": "Uso interno del proyecto",
    "confianza": 26,
    "estado_espacial": "valido",
    "geometria_origen": "punto_representativo"
   }
  },
  {
   "type": "Feature",
   "geometry": {
    "type": "Point",
    "coordinates": [
     -0.12159,
     38.55399
    ]
   },
   "properties": {
    "id_tecnico": "81c0ca40-b56a-4a7b-ad53-671a46d020d4",
    "categoria": "infraestructuras",
    "tipo": "parada_autobus",
    "nombre": "C/ Barca del Bou, 3",
    "estado_nombre": "correcto",
    "direccion": null,
    "lat": 38.55399,
    "lng": -0.12159,
    "utm_x": 751802.69,
    "utm_y": 4271201.62,
    "utm_huso": 30,
    "fuente": "OpenStreetMap (Overpass)",
    "licencia": "ODbL 1.0",
    "confianza": 23,
    "estado_espacial": "valido",
    "geometria_origen": "punto_representativo"
   }
  },
  {
   "type": "Feature",
   "geometry": {
    "type": "Point",
    "coordinates": [
     -0.13791,
     38.56099
    ]
   },
   "properties": {
    "id_tecnico": "81c59580-5943-4bc1-a253-c0cf64a2dcbe",
    "categoria": "infraestructuras",
    "tipo": "parada_autobus",
    "nombre": "182 - Zaplana 182",
    "estado_nombre": "correcto",
    "direccion": "Av. Eduardo Zaplana",
    "lat": 38.56099,
    "lng": -0.13791,
    "utm_x": 750350.73,
    "utm_y": 4271934.29,
    "utm_huso": 30,
    "fuente": "Plantilla municipal — Limpieza info (PTM Benidorm)",
    "licencia": "Uso interno del proyecto",
    "confianza": 26,
    "estado_espacial": "valido",
    "geometria_origen": "punto_representativo"
   }
  },
  {
   "type": "Feature",
   "geometry": {
    "type": "Point",
    "coordinates": [
     -0.1315,
     38.53941
    ]
   },
   "properties": {
    "id_tecnico": "81c8156c-ea08-4563-ab45-a351aa8df8c2",
    "categoria": "equipamientos",
    "tipo": "servicios_sociales",
    "nombre": "Nos Importas",
    "estado_nombre": "correcto",
    "direccion": "Calle del Apolo XI",
    "lat": 38.53941,
    "lng": -0.1315,
    "utm_x": 750985.7,
    "utm_y": 4269556.39,
    "utm_huso": 30,
    "fuente": "OpenStreetMap (Overpass)",
    "licencia": "ODbL 1.0",
    "confianza": 26,
    "estado_espacial": "valido",
    "geometria_origen": "punto_representativo"
   }
  },
  {
   "type": "Feature",
   "geometry": {
    "type": "Point",
    "coordinates": [
     -0.11696,
     38.5384
    ]
   },
   "properties": {
    "id_tecnico": "81d33bb2-961f-4b51-b4d2-21391bc376d3",
    "categoria": "infraestructuras",
    "tipo": "alojamiento",
    "nombre": "Hotel Residencia Perla",
    "estado_nombre": "correcto",
    "direccion": null,
    "lat": 38.5384,
    "lng": -0.11696,
    "utm_x": 752261.64,
    "utm_y": 4269483.82,
    "utm_huso": 30,
    "fuente": "OpenStreetMap (Overpass)",
    "licencia": "ODbL 1.0",
    "confianza": 23,
    "estado_espacial": "valido",
    "geometria_origen": "punto_representativo"
   }
  },
  {
   "type": "Feature",
   "geometry": {
    "type": "Point",
    "coordinates": [
     -0.13334,
     38.56743
    ]
   },
   "properties": {
    "id_tecnico": "8213fc38-37f2-44ca-b2d3-7ace94f77a9c",
    "categoria": "infraestructuras",
    "tipo": "parada_autobus",
    "nombre": "parada autobus node/4796298886",
    "estado_nombre": "correcto",
    "direccion": null,
    "lat": 38.56743,
    "lng": -0.13334,
    "utm_x": 750728.43,
    "utm_y": 4272661.48,
    "utm_huso": 30,
    "fuente": "OpenStreetMap (Overpass)",
    "licencia": "ODbL 1.0",
    "confianza": 23,
    "estado_espacial": "proximo_limite",
    "geometria_origen": "punto_representativo"
   }
  },
  {
   "type": "Feature",
   "geometry": {
    "type": "Point",
    "coordinates": [
     -0.1345,
     38.54797
    ]
   },
   "properties": {
    "id_tecnico": "826bb2c1-3414-4da8-811f-4d16f26af923",
    "categoria": "infraestructuras",
    "tipo": "parada_autobus",
    "nombre": "C/ Estació, 2 - FGV",
    "estado_nombre": "correcto",
    "direccion": null,
    "lat": 38.54797,
    "lng": -0.1345,
    "utm_x": 750693.77,
    "utm_y": 4270498.37,
    "utm_huso": 30,
    "fuente": "OpenStreetMap (Overpass)",
    "licencia": "ODbL 1.0",
    "confianza": 23,
    "estado_espacial": "valido",
    "geometria_origen": "punto_representativo"
   }
  },
  {
   "type": "Feature",
   "geometry": {
    "type": "Point",
    "coordinates": [
     -0.1018,
     38.57954
    ]
   },
   "properties": {
    "id_tecnico": "82d62617-8b6f-486f-a9a0-5a32ca150716",
    "categoria": "equipamientos",
    "tipo": "administracion",
    "nombre": "administracion node/1831860273",
    "estado_nombre": "correcto",
    "direccion": null,
    "lat": 38.57954,
    "lng": -0.1018,
    "utm_x": 753445.51,
    "utm_y": 4274091.62,
    "utm_huso": 30,
    "fuente": "OpenStreetMap (Overpass)",
    "licencia": "ODbL 1.0",
    "confianza": 3,
    "estado_espacial": "fuera_municipio",
    "geometria_origen": "punto_representativo"
   }
  },
  {
   "type": "Feature",
   "geometry": {
    "type": "Point",
    "coordinates": [
     -0.11572,
     38.53655
    ]
   },
   "properties": {
    "id_tecnico": "83a49ae1-89dc-4270-8fcf-7ab2f3d4d2a3",
    "categoria": "equipamientos",
    "tipo": "farmacia",
    "nombre": "Cristina Batres",
    "estado_nombre": "correcto",
    "direccion": "Avenida del Mediterráneo - Avinguda del Mediterranio",
    "lat": 38.53655,
    "lng": -0.11572,
    "utm_x": 752376.55,
    "utm_y": 4269281.86,
    "utm_huso": 30,
    "fuente": "OpenStreetMap (Overpass)",
    "licencia": "ODbL 1.0",
    "confianza": 29,
    "estado_espacial": "proximo_limite",
    "geometria_origen": "punto_representativo"
   }
  },
  {
   "type": "Feature",
   "geometry": {
    "type": "Point",
    "coordinates": [
     -0.12495,
     38.53602
    ]
   },
   "properties": {
    "id_tecnico": "83b954e0-9d3d-4fd4-b5fe-9a9ecde20045",
    "categoria": "equipamientos",
    "tipo": "alimentacion",
    "nombre": "Supermercado Pérez",
    "estado_nombre": "correcto",
    "direccion": "Avinguda d'Alcoi - Avenida de Alcoy",
    "lat": 38.53602,
    "lng": -0.12495,
    "utm_x": 751570.59,
    "utm_y": 4269197.9,
    "utm_huso": 30,
    "fuente": "OpenStreetMap (Overpass)",
    "licencia": "ODbL 1.0",
    "confianza": 26,
    "estado_espacial": "proximo_limite",
    "geometria_origen": "punto_representativo"
   }
  },
  {
   "type": "Feature",
   "geometry": {
    "type": "Point",
    "coordinates": [
     -0.10741,
     38.53369
    ]
   },
   "properties": {
    "id_tecnico": "83cf4ce1-5883-4aa8-9c10-9d5c47067ee1",
    "categoria": "infraestructuras",
    "tipo": "parada_autobus",
    "nombre": "2, 24, 30, 31",
    "estado_nombre": "correcto",
    "direccion": null,
    "lat": 38.53369,
    "lng": -0.10741,
    "utm_x": 753113.74,
    "utm_y": 4268987.1,
    "utm_huso": 30,
    "fuente": "OpenStreetMap (Overpass)",
    "licencia": "ODbL 1.0",
    "confianza": 23,
    "estado_espacial": "proximo_limite",
    "geometria_origen": "punto_representativo"
   }
  },
  {
   "type": "Feature",
   "geometry": {
    "type": "Point",
    "coordinates": [
     -0.16972,
     38.52689
    ]
   },
   "properties": {
    "id_tecnico": "83f0ffa1-c600-4fb1-be79-4df4997a1173",
    "categoria": "equipamientos",
    "tipo": "farmacia",
    "nombre": "farmacia way/561754155",
    "estado_nombre": "correcto",
    "direccion": null,
    "lat": 38.52689,
    "lng": -0.16972,
    "utm_x": 747683.34,
    "utm_y": 4268063.77,
    "utm_huso": 30,
    "fuente": "OpenStreetMap (Overpass)",
    "licencia": "ODbL 1.0",
    "confianza": 3,
    "estado_espacial": "fuera_municipio",
    "geometria_origen": "punto_representativo"
   }
  },
  {
   "type": "Feature",
   "geometry": {
    "type": "Point",
    "coordinates": [
     -0.10302,
     38.54344
    ]
   },
   "properties": {
    "id_tecnico": "8401f6dc-c388-4f65-a617-134050433520",
    "categoria": "equipamientos",
    "tipo": "centro_formacion",
    "nombre": "CENTRE ENSENYAMENTS ESPORTIUS LOPE DE VEGA DEPORTIVO",
    "estado_nombre": "correcto",
    "direccion": "AV. DEL DOCTOR SEVERO OCHOA, 9",
    "lat": 38.54344,
    "lng": -0.10302,
    "utm_x": 753464.13,
    "utm_y": 4270081.33,
    "utm_huso": 30,
    "fuente": "GVA - Centros docentes de la Comunitat Valenciana (ICV WFS)",
    "licencia": "CC BY 4.0",
    "confianza": 29,
    "estado_espacial": "valido",
    "geometria_origen": "punto_representativo"
   }
  },
  {
   "type": "Feature",
   "geometry": {
    "type": "Point",
    "coordinates": [
     -0.13649,
     38.53873
    ]
   },
   "properties": {
    "id_tecnico": "8448faeb-8bab-4e52-8aaf-ac2f41148ed2",
    "categoria": "infraestructuras",
    "tipo": "parada_autobus",
    "nombre": "152 - Jaime I 7",
    "estado_nombre": "correcto",
    "direccion": "Av. Jaume I, 7",
    "lat": 38.53873,
    "lng": -0.13649,
    "utm_x": 750551.33,
    "utm_y": 4269467.39,
    "utm_huso": 30,
    "fuente": "Plantilla municipal — Limpieza info (PTM Benidorm)",
    "licencia": "Uso interno del proyecto",
    "confianza": 26,
    "estado_espacial": "proximo_limite",
    "geometria_origen": "punto_representativo"
   }
  },
  {
   "type": "Feature",
   "geometry": {
    "type": "Point",
    "coordinates": [
     -0.12243,
     38.54008
    ]
   },
   "properties": {
    "id_tecnico": "8471a369-9c22-44ff-9c2e-672f784e410a",
    "categoria": "equipamientos",
    "tipo": "alimentacion",
    "nombre": "alimentacion node/8016624187",
    "estado_nombre": "correcto",
    "direccion": "Calle del Esperanto",
    "lat": 38.54008,
    "lng": -0.12243,
    "utm_x": 751777.14,
    "utm_y": 4269655.39,
    "utm_huso": 30,
    "fuente": "OpenStreetMap (Overpass)",
    "licencia": "ODbL 1.0",
    "confianza": 26,
    "estado_espacial": "valido",
    "geometria_origen": "punto_representativo"
   }
  },
  {
   "type": "Feature",
   "geometry": {
    "type": "Point",
    "coordinates": [
     -0.14964,
     38.54459
    ]
   },
   "properties": {
    "id_tecnico": "8472d35f-29bd-4749-af2f-cbc836d35720",
    "categoria": "infraestructuras",
    "tipo": "parada_autobus",
    "nombre": "374 - Ed. Miragolf",
    "estado_nombre": "correcto",
    "direccion": "C/ Adolfo Suárez, 8",
    "lat": 38.54459,
    "lng": -0.14964,
    "utm_x": 749380.5,
    "utm_y": 4270082.3,
    "utm_huso": 30,
    "fuente": "Plantilla municipal — Limpieza info (PTM Benidorm)",
    "licencia": "Uso interno del proyecto",
    "confianza": 26,
    "estado_espacial": "valido",
    "geometria_origen": "punto_representativo"
   }
  },
  {
   "type": "Feature",
   "geometry": {
    "type": "Point",
    "coordinates": [
     -0.10527,
     38.54307
    ]
   },
   "properties": {
    "id_tecnico": "8509aec3-161a-44f1-8a9a-ebdea9b5d1f2",
    "categoria": "equipamientos",
    "tipo": "servicios_sociales",
    "nombre": "Centro Social La Torreta",
    "estado_nombre": "correcto",
    "direccion": "Calle Ciudad Real 6",
    "lat": 38.54307,
    "lng": -0.10527,
    "utm_x": 753268.51,
    "utm_y": 4270034.1,
    "utm_huso": 30,
    "fuente": "OpenStreetMap (Overpass)",
    "licencia": "ODbL 1.0",
    "confianza": 26,
    "estado_espacial": "valido",
    "geometria_origen": "punto_representativo"
   }
  },
  {
   "type": "Feature",
   "geometry": {
    "type": "Point",
    "coordinates": [
     -0.12014,
     38.54144
    ]
   },
   "properties": {
    "id_tecnico": "851c355c-975a-4802-ab81-8589a20e6eed",
    "categoria": "infraestructuras",
    "tipo": "parada_autobus",
    "nombre": "243 - Veterinario",
    "estado_nombre": "correcto",
    "direccion": "Av. Europa, 16AC",
    "lat": 38.54144,
    "lng": -0.12014,
    "utm_x": 751972.86,
    "utm_y": 4269812.58,
    "utm_huso": 30,
    "fuente": "Plantilla municipal — Limpieza info (PTM Benidorm)",
    "licencia": "Uso interno del proyecto",
    "confianza": 26,
    "estado_espacial": "valido",
    "geometria_origen": "punto_representativo"
   }
  },
  {
   "type": "Feature",
   "geometry": {
    "type": "Point",
    "coordinates": [
     -0.0964,
     38.57543
    ]
   },
   "properties": {
    "id_tecnico": "85bb1b45-2cd3-4d13-96bb-b54fe4b7749b",
    "categoria": "equipamientos",
    "tipo": "administracion",
    "nombre": "L'Alfàs + Social",
    "estado_nombre": "correcto",
    "direccion": null,
    "lat": 38.57543,
    "lng": -0.0964,
    "utm_x": 753932.14,
    "utm_y": 4273650.25,
    "utm_huso": 30,
    "fuente": "OpenStreetMap (Overpass)",
    "licencia": "ODbL 1.0",
    "confianza": 3,
    "estado_espacial": "fuera_municipio",
    "geometria_origen": "punto_representativo"
   }
  },
  {
   "type": "Feature",
   "geometry": {
    "type": "Point",
    "coordinates": [
     -0.13121,
     38.53757
    ]
   },
   "properties": {
    "id_tecnico": "85f11411-b58f-4222-88d6-d5a3f22b27b4",
    "categoria": "infraestructuras",
    "tipo": "alojamiento",
    "nombre": "Hotel Las Vegas",
    "estado_nombre": "correcto",
    "direccion": "Carrer de Tomás Ortuño",
    "lat": 38.53757,
    "lng": -0.13121,
    "utm_x": 751017.4,
    "utm_y": 4269352.94,
    "utm_huso": 30,
    "fuente": "OpenStreetMap (Overpass)",
    "licencia": "ODbL 1.0",
    "confianza": 26,
    "estado_espacial": "valido",
    "geometria_origen": "punto_representativo"
   }
  },
  {
   "type": "Feature",
   "geometry": {
    "type": "Point",
    "coordinates": [
     -0.13156,
     38.54313
    ]
   },
   "properties": {
    "id_tecnico": "8604085e-c338-410f-b046-b6b0993574df",
    "categoria": "equipamientos",
    "tipo": "centro_formacion",
    "nombre": "ESCOLA PRIVADA DE MÚSICA L'ILLA DE BENIDORM",
    "estado_nombre": "correcto",
    "direccion": "CL. SANTA CRISTINA, 4",
    "lat": 38.54313,
    "lng": -0.13156,
    "utm_x": 750967.66,
    "utm_y": 4269969.13,
    "utm_huso": 30,
    "fuente": "GVA - Centros docentes de la Comunitat Valenciana (ICV WFS)",
    "licencia": "CC BY 4.0",
    "confianza": 29,
    "estado_espacial": "valido",
    "geometria_origen": "punto_representativo"
   }
  },
  {
   "type": "Feature",
   "geometry": {
    "type": "Point",
    "coordinates": [
     -0.16371,
     38.53324
    ]
   },
   "properties": {
    "id_tecnico": "8719b0a5-0827-4e82-990b-96779473e6af",
    "categoria": "equipamientos",
    "tipo": "alimentacion",
    "nombre": "alimentacion node/12407440562",
    "estado_nombre": "correcto",
    "direccion": null,
    "lat": 38.53324,
    "lng": -0.16371,
    "utm_x": 748187.83,
    "utm_y": 4268784.68,
    "utm_huso": 30,
    "fuente": "OpenStreetMap (Overpass)",
    "licencia": "ODbL 1.0",
    "confianza": 23,
    "estado_espacial": "valido",
    "geometria_origen": "punto_representativo"
   }
  },
  {
   "type": "Feature",
   "geometry": {
    "type": "Point",
    "coordinates": [
     -0.14208,
     38.54347
    ]
   },
   "properties": {
    "id_tecnico": "87529e11-dc7b-4fa5-9408-195219c24b09",
    "categoria": "infraestructuras",
    "tipo": "parada_autobus",
    "nombre": "Av. Nicaragua, 33",
    "estado_nombre": "correcto",
    "direccion": null,
    "lat": 38.54347,
    "lng": -0.14208,
    "utm_x": 750045.9,
    "utm_y": 4269978.38,
    "utm_huso": 30,
    "fuente": "OpenStreetMap (Overpass)",
    "licencia": "ODbL 1.0",
    "confianza": 23,
    "estado_espacial": "valido",
    "geometria_origen": "punto_representativo"
   }
  },
  {
   "type": "Feature",
   "geometry": {
    "type": "Point",
    "coordinates": [
     -0.16596,
     38.52707
    ]
   },
   "properties": {
    "id_tecnico": "875da3ea-a967-4a0c-a932-befab036d122",
    "categoria": "equipamientos",
    "tipo": "alimentacion",
    "nombre": "El Kiosko",
    "estado_nombre": "correcto",
    "direccion": "Avinguda Marina Baixa 3",
    "lat": 38.52707,
    "lng": -0.16596,
    "utm_x": 748011.84,
    "utm_y": 4268093.82,
    "utm_huso": 30,
    "fuente": "OpenStreetMap (Overpass)",
    "licencia": "ODbL 1.0",
    "confianza": 6,
    "estado_espacial": "fuera_municipio",
    "geometria_origen": "punto_representativo"
   }
  },
  {
   "type": "Feature",
   "geometry": {
    "type": "Point",
    "coordinates": [
     -0.13514,
     38.5482
    ]
   },
   "properties": {
    "id_tecnico": "87aabfa7-7fc7-4f69-a443-2df76894213a",
    "categoria": "infraestructuras",
    "tipo": "parada_tranvia",
    "nombre": "Benidorm",
    "estado_nombre": "correcto",
    "direccion": null,
    "lat": 38.5482,
    "lng": -0.13514,
    "utm_x": 750636.98,
    "utm_y": 4270522.17,
    "utm_huso": 30,
    "fuente": "OpenStreetMap (Overpass)",
    "licencia": "ODbL 1.0",
    "confianza": 23,
    "estado_espacial": "valido",
    "geometria_origen": "punto_representativo"
   }
  },
  {
   "type": "Feature",
   "geometry": {
    "type": "Point",
    "coordinates": [
     -0.1311,
     38.53955
    ]
   },
   "properties": {
    "id_tecnico": "87b26d4d-6b6d-4ea8-a05c-c194b0246c5e",
    "categoria": "equipamientos",
    "tipo": "centro_formacion",
    "nombre": "CENTRE PÚBLIC FPA BENIDORM",
    "estado_nombre": "correcto",
    "direccion": "CL. DE LES ESCOLES, 2A",
    "lat": 38.53955,
    "lng": -0.1311,
    "utm_x": 751020.22,
    "utm_y": 4269573.01,
    "utm_huso": 30,
    "fuente": "GVA - Centros docentes de la Comunitat Valenciana (ICV WFS)",
    "licencia": "CC BY 4.0",
    "confianza": 29,
    "estado_espacial": "valido",
    "geometria_origen": "punto_representativo"
   }
  },
  {
   "type": "Feature",
   "geometry": {
    "type": "Point",
    "coordinates": [
     -0.15077,
     38.56332
    ]
   },
   "properties": {
    "id_tecnico": "87dc0993-680a-42d9-b3d0-81c8a1ac3186",
    "categoria": "infraestructuras",
    "tipo": "helipuerto",
    "nombre": "helipuerto way/522399838",
    "estado_nombre": "correcto",
    "direccion": null,
    "lat": 38.56332,
    "lng": -0.15077,
    "utm_x": 749217.68,
    "utm_y": 4272158.18,
    "utm_huso": 30,
    "fuente": "OpenStreetMap (Overpass)",
    "licencia": "ODbL 1.0",
    "confianza": 23,
    "estado_espacial": "valido",
    "geometria_origen": "punto_representativo"
   }
  },
  {
   "type": "Feature",
   "geometry": {
    "type": "Point",
    "coordinates": [
     -0.12978,
     38.5439
    ]
   },
   "properties": {
    "id_tecnico": "88051d04-47c4-4986-8d30-75bc9c7821d6",
    "categoria": "infraestructuras",
    "tipo": "parada_autobus",
    "nombre": "287 - San Cristobal",
    "estado_nombre": "correcto",
    "direccion": "Av. Alfonso Puchades, 5",
    "lat": 38.5439,
    "lng": -0.12978,
    "utm_x": 751120.78,
    "utm_y": 4270059.42,
    "utm_huso": 30,
    "fuente": "Plantilla municipal — Limpieza info (PTM Benidorm)",
    "licencia": "Uso interno del proyecto",
    "confianza": 26,
    "estado_espacial": "valido",
    "geometria_origen": "punto_representativo"
   }
  },
  {
   "type": "Feature",
   "geometry": {
    "type": "Point",
    "coordinates": [
     -0.11669,
     38.54286
    ]
   },
   "properties": {
    "id_tecnico": "880a7212-f854-4c83-8f73-692d87f3db66",
    "categoria": "equipamientos",
    "tipo": "alimentacion",
    "nombre": "Supermercado Paraíso",
    "estado_nombre": "correcto",
    "direccion": null,
    "lat": 38.54286,
    "lng": -0.11669,
    "utm_x": 752269.87,
    "utm_y": 4269979.59,
    "utm_huso": 30,
    "fuente": "OpenStreetMap (Overpass)",
    "licencia": "ODbL 1.0",
    "confianza": 23,
    "estado_espacial": "valido",
    "geometria_origen": "punto_representativo"
   }
  },
  {
   "type": "Feature",
   "geometry": {
    "type": "Point",
    "coordinates": [
     -0.10818,
     38.53769
    ]
   },
   "properties": {
    "id_tecnico": "88185af8-7411-478d-b826-5a68d7f23711",
    "categoria": "equipamientos",
    "tipo": "alimentacion",
    "nombre": "Acuarium",
    "estado_nombre": "correcto",
    "direccion": "Avenida de Juan Fuster Zaragoza 3",
    "lat": 38.53769,
    "lng": -0.10818,
    "utm_x": 753032.49,
    "utm_y": 4269428.98,
    "utm_huso": 30,
    "fuente": "OpenStreetMap (Overpass)",
    "licencia": "ODbL 1.0",
    "confianza": 26,
    "estado_espacial": "valido",
    "geometria_origen": "punto_representativo"
   }
  },
  {
   "type": "Feature",
   "geometry": {
    "type": "Point",
    "coordinates": [
     -0.13113,
     38.53534
    ]
   },
   "properties": {
    "id_tecnico": "88370e85-d6e2-43c9-a572-c93ab65d5a3d",
    "categoria": "infraestructuras",
    "tipo": "alojamiento",
    "nombre": "MC Alojamientos",
    "estado_nombre": "correcto",
    "direccion": "Carrer de la Santa Faç 25",
    "lat": 38.53534,
    "lng": -0.13113,
    "utm_x": 751032.06,
    "utm_y": 4269105.64,
    "utm_huso": 30,
    "fuente": "OpenStreetMap (Overpass)",
    "licencia": "ODbL 1.0",
    "confianza": 26,
    "estado_espacial": "proximo_limite",
    "geometria_origen": "punto_representativo"
   }
  },
  {
   "type": "Feature",
   "geometry": {
    "type": "Point",
    "coordinates": [
     -0.14708,
     38.53708
    ]
   },
   "properties": {
    "id_tecnico": "8868d28c-d829-4251-9c05-b91318c84513",
    "categoria": "infraestructuras",
    "tipo": "parada_autobus",
    "nombre": "Av. Armada Espanyola, 17",
    "estado_nombre": "correcto",
    "direccion": null,
    "lat": 38.53708,
    "lng": -0.14708,
    "utm_x": 749630.19,
    "utm_y": 4269255.63,
    "utm_huso": 30,
    "fuente": "OpenStreetMap (Overpass)",
    "licencia": "ODbL 1.0",
    "confianza": 23,
    "estado_espacial": "proximo_limite",
    "geometria_origen": "punto_representativo"
   }
  },
  {
   "type": "Feature",
   "geometry": {
    "type": "Point",
    "coordinates": [
     -0.16258,
     38.53533
    ]
   },
   "properties": {
    "id_tecnico": "887f0166-3113-49f0-ab67-80d87b3f9d4c",
    "categoria": "infraestructuras",
    "tipo": "parada_autobus",
    "nombre": "Av. Marina Alta, 6",
    "estado_nombre": "correcto",
    "direccion": null,
    "lat": 38.53533,
    "lng": -0.16258,
    "utm_x": 748279.62,
    "utm_y": 4269019.69,
    "utm_huso": 30,
    "fuente": "OpenStreetMap (Overpass)",
    "licencia": "ODbL 1.0",
    "confianza": 23,
    "estado_espacial": "valido",
    "geometria_origen": "punto_representativo"
   }
  },
  {
   "type": "Feature",
   "geometry": {
    "type": "Point",
    "coordinates": [
     -0.1075,
     38.5325
    ]
   },
   "properties": {
    "id_tecnico": "88acf5f0-f2a1-43ab-856c-427994e49ca2",
    "categoria": "infraestructuras",
    "tipo": "parada_autobus",
    "nombre": "258 - Madrid 34",
    "estado_nombre": "correcto",
    "direccion": "Av. Madrid, 34",
    "lat": 38.5325,
    "lng": -0.1075,
    "utm_x": 753109.98,
    "utm_y": 4268854.77,
    "utm_huso": 30,
    "fuente": "Plantilla municipal — Limpieza info (PTM Benidorm)",
    "licencia": "Uso interno del proyecto",
    "confianza": 26,
    "estado_espacial": "proximo_limite",
    "geometria_origen": "punto_representativo"
   }
  },
  {
   "type": "Feature",
   "geometry": {
    "type": "Point",
    "coordinates": [
     -0.10739,
     38.53513
    ]
   },
   "properties": {
    "id_tecnico": "88e31b5f-eb72-4ade-a7a1-79c14aa787ea",
    "categoria": "equipamientos",
    "tipo": "alimentacion",
    "nombre": "Supermarket",
    "estado_nombre": "correcto",
    "direccion": null,
    "lat": 38.53513,
    "lng": -0.10739,
    "utm_x": 753110.5,
    "utm_y": 4269146.99,
    "utm_huso": 30,
    "fuente": "OpenStreetMap (Overpass)",
    "licencia": "ODbL 1.0",
    "confianza": 23,
    "estado_espacial": "valido",
    "geometria_origen": "punto_representativo"
   }
  },
  {
   "type": "Feature",
   "geometry": {
    "type": "Point",
    "coordinates": [
     -0.10718,
     38.5455
    ]
   },
   "properties": {
    "id_tecnico": "89036628-f6be-45ff-a043-c9384202ce96",
    "categoria": "equipamientos",
    "tipo": "alimentacion",
    "nombre": "Camping Villasol",
    "estado_nombre": "correcto",
    "direccion": null,
    "lat": 38.5455,
    "lng": -0.10718,
    "utm_x": 753092.95,
    "utm_y": 4270298.59,
    "utm_huso": 30,
    "fuente": "OpenStreetMap (Overpass)",
    "licencia": "ODbL 1.0",
    "confianza": 26,
    "estado_espacial": "valido",
    "geometria_origen": "punto_representativo"
   }
  },
  {
   "type": "Feature",
   "geometry": {
    "type": "Point",
    "coordinates": [
     -0.11043,
     38.53584
    ]
   },
   "properties": {
    "id_tecnico": "895fc3e8-f946-4dc5-ab7c-3b0b6df2760f",
    "categoria": "infraestructuras",
    "tipo": "parada_autobus",
    "nombre": "Av. Mediterráneo, 49",
    "estado_nombre": "correcto",
    "direccion": null,
    "lat": 38.53584,
    "lng": -0.11043,
    "utm_x": 752841.98,
    "utm_y": 4269217.49,
    "utm_huso": 30,
    "fuente": "OpenStreetMap (Overpass)",
    "licencia": "ODbL 1.0",
    "confianza": 23,
    "estado_espacial": "proximo_limite",
    "geometria_origen": "punto_representativo"
   }
  },
  {
   "type": "Feature",
   "geometry": {
    "type": "Point",
    "coordinates": [
     -0.09603,
     38.54395
    ]
   },
   "properties": {
    "id_tecnico": "898c7f97-006c-4a5f-8235-752ba32cc239",
    "categoria": "infraestructuras",
    "tipo": "parada_autobus",
    "nombre": "C/ Malta, 8",
    "estado_nombre": "correcto",
    "direccion": null,
    "lat": 38.54395,
    "lng": -0.09603,
    "utm_x": 754074.05,
    "utm_y": 4270157.1,
    "utm_huso": 30,
    "fuente": "OpenStreetMap (Overpass)",
    "licencia": "ODbL 1.0",
    "confianza": 23,
    "estado_espacial": "valido",
    "geometria_origen": "punto_representativo"
   }
  },
  {
   "type": "Feature",
   "geometry": {
    "type": "Point",
    "coordinates": [
     -0.10618,
     38.53792
    ]
   },
   "properties": {
    "id_tecnico": "89e2575e-9876-4176-894a-7f9e9d0fb496",
    "categoria": "infraestructuras",
    "tipo": "parada_autobus",
    "nombre": "Av. Ametlla de Mar, 17 (Hotel Dynastic)",
    "estado_nombre": "correcto",
    "direccion": null,
    "lat": 38.53792,
    "lng": -0.10618,
    "utm_x": 753206.73,
    "utm_y": 4269459.98,
    "utm_huso": 30,
    "fuente": "OpenStreetMap (Overpass)",
    "licencia": "ODbL 1.0",
    "confianza": 23,
    "estado_espacial": "valido",
    "geometria_origen": "punto_representativo"
   }
  },
  {
   "type": "Feature",
   "geometry": {
    "type": "Point",
    "coordinates": [
     -0.18022,
     38.53644
    ]
   },
   "properties": {
    "id_tecnico": "8a0dd079-b69e-4851-ae24-5acbf164cec2",
    "categoria": "servicios_basicos",
    "tipo": "estacion_servicio",
    "nombre": "ZARCAR",
    "estado_nombre": "correcto",
    "direccion": "AVENIDA PAIS VALENCIA 20",
    "lat": 38.53644,
    "lng": -0.18022,
    "utm_x": 746732.05,
    "utm_y": 4269095.72,
    "utm_huso": 30,
    "fuente": "OpenStreetMap (Overpass)",
    "licencia": "ODbL 1.0",
    "confianza": 9,
    "estado_espacial": "fuera_municipio",
    "geometria_origen": "punto_representativo"
   }
  },
  {
   "type": "Feature",
   "geometry": {
    "type": "Point",
    "coordinates": [
     -0.13204,
     38.53507
    ]
   },
   "properties": {
    "id_tecnico": "8a290c19-0109-45a1-9d01-2ecd2349382e",
    "categoria": "infraestructuras",
    "tipo": "alojamiento",
    "nombre": "Hotel Condestable",
    "estado_nombre": "correcto",
    "direccion": null,
    "lat": 38.53507,
    "lng": -0.13204,
    "utm_x": 750953.35,
    "utm_y": 4269073.2,
    "utm_huso": 30,
    "fuente": "OpenStreetMap (Overpass)",
    "licencia": "ODbL 1.0",
    "confianza": 23,
    "estado_espacial": "proximo_limite",
    "geometria_origen": "punto_representativo"
   }
  },
  {
   "type": "Feature",
   "geometry": {
    "type": "Point",
    "coordinates": [
     -0.16732,
     38.52913
    ]
   },
   "properties": {
    "id_tecnico": "8abdfe9a-d582-4c8b-aaa4-365ba17ef31c",
    "categoria": "infraestructuras",
    "tipo": "alojamiento",
    "nombre": "alojamiento way/306791437",
    "estado_nombre": "correcto",
    "direccion": null,
    "lat": 38.52913,
    "lng": -0.16732,
    "utm_x": 747885.82,
    "utm_y": 4268318.82,
    "utm_huso": 30,
    "fuente": "OpenStreetMap (Overpass)",
    "licencia": "ODbL 1.0",
    "confianza": 3,
    "estado_espacial": "fuera_municipio",
    "geometria_origen": "punto_representativo"
   }
  },
  {
   "type": "Feature",
   "geometry": {
    "type": "Point",
    "coordinates": [
     -0.13203,
     38.54041
    ]
   },
   "properties": {
    "id_tecnico": "8ad370cd-2a7e-4b11-9771-ecc56b33a247",
    "categoria": "equipamientos",
    "tipo": "administracion",
    "nombre": "Instituto Nacional De Seguridad Social",
    "estado_nombre": "correcto",
    "direccion": "Calle de Júpiter 1",
    "lat": 38.54041,
    "lng": -0.13203,
    "utm_x": 750935.88,
    "utm_y": 4269665.94,
    "utm_huso": 30,
    "fuente": "OpenStreetMap (Overpass)",
    "licencia": "ODbL 1.0",
    "confianza": 26,
    "estado_espacial": "valido",
    "geometria_origen": "punto_representativo"
   }
  },
  {
   "type": "Feature",
   "geometry": {
    "type": "Point",
    "coordinates": [
     -0.10302,
     38.54344
    ]
   },
   "properties": {
    "id_tecnico": "8ccd74bc-7a91-4011-a4a2-f2a2cbcc654f",
    "categoria": "equipamientos",
    "tipo": "colegio",
    "nombre": "CENTRE PRIVAT LOPE DE VEGA",
    "estado_nombre": "correcto",
    "direccion": "AV. DEL DOCTOR SEVERO OCHOA, 9",
    "lat": 38.54344,
    "lng": -0.10302,
    "utm_x": 753464.13,
    "utm_y": 4270081.33,
    "utm_huso": 30,
    "fuente": "GVA - Centros docentes de la Comunitat Valenciana (ICV WFS)",
    "licencia": "CC BY 4.0",
    "confianza": 29,
    "estado_espacial": "valido",
    "geometria_origen": "punto_representativo"
   }
  },
  {
   "type": "Feature",
   "geometry": {
    "type": "Point",
    "coordinates": [
     -0.14975,
     38.5405
    ]
   },
   "properties": {
    "id_tecnico": "8d338dd6-54f0-4b08-9365-c7efecbdc31d",
    "categoria": "equipamientos",
    "tipo": "farmacia",
    "nombre": "Trébol farmacia",
    "estado_nombre": "correcto",
    "direccion": null,
    "lat": 38.5405,
    "lng": -0.14975,
    "utm_x": 749384.84,
    "utm_y": 4269628.03,
    "utm_huso": 30,
    "fuente": "OpenStreetMap (Overpass)",
    "licencia": "ODbL 1.0",
    "confianza": 23,
    "estado_espacial": "valido",
    "geometria_origen": "punto_representativo"
   }
  },
  {
   "type": "Feature",
   "geometry": {
    "type": "Point",
    "coordinates": [
     -0.1101,
     38.53535
    ]
   },
   "properties": {
    "id_tecnico": "8d83eccd-967a-42d3-a839-62fb2941f1ee",
    "categoria": "equipamientos",
    "tipo": "alimentacion",
    "nombre": "Super Cheap Market",
    "estado_nombre": "correcto",
    "direccion": "Avinguda de Castelló",
    "lat": 38.53535,
    "lng": -0.1101,
    "utm_x": 752872.56,
    "utm_y": 4269164,
    "utm_huso": 30,
    "fuente": "OpenStreetMap (Overpass)",
    "licencia": "ODbL 1.0",
    "confianza": 26,
    "estado_espacial": "proximo_limite",
    "geometria_origen": "punto_representativo"
   }
  },
  {
   "type": "Feature",
   "geometry": {
    "type": "Point",
    "coordinates": [
     -0.10947,
     38.57697
    ]
   },
   "properties": {
    "id_tecnico": "8d97ca83-4c6e-4fdf-acd6-907c0fd89cab",
    "categoria": "equipamientos",
    "tipo": "servicios_sociales",
    "nombre": "Forum Mare Nostrum",
    "estado_nombre": "correcto",
    "direccion": null,
    "lat": 38.57697,
    "lng": -0.10947,
    "utm_x": 752783.54,
    "utm_y": 4273785.37,
    "utm_huso": 30,
    "fuente": "OpenStreetMap (Overpass)",
    "licencia": "ODbL 1.0",
    "confianza": 3,
    "estado_espacial": "fuera_municipio",
    "geometria_origen": "punto_representativo"
   }
  },
  {
   "type": "Feature",
   "geometry": {
    "type": "Point",
    "coordinates": [
     -0.12293,
     38.54697
    ]
   },
   "properties": {
    "id_tecnico": "8dc12367-a293-49c9-983b-c0732194236b",
    "categoria": "equipamientos",
    "tipo": "colegio",
    "nombre": "CEIP ELS TOLLS",
    "estado_nombre": "correcto",
    "direccion": "AV. DEL MUNICIPI, 18",
    "lat": 38.54697,
    "lng": -0.12293,
    "utm_x": 751709.64,
    "utm_y": 4270418.79,
    "utm_huso": 30,
    "fuente": "GVA - Centros docentes de la Comunitat Valenciana (ICV WFS)",
    "licencia": "CC BY 4.0",
    "confianza": 29,
    "estado_espacial": "valido",
    "geometria_origen": "punto_representativo"
   }
  },
  {
   "type": "Feature",
   "geometry": {
    "type": "Point",
    "coordinates": [
     -0.10329,
     38.55613
    ]
   },
   "properties": {
    "id_tecnico": "8dd93700-66c3-4ffe-a8ce-a5d8d7ce83e8",
    "categoria": "infraestructuras",
    "tipo": "parada_autobus",
    "nombre": "224 - Estanquet",
    "estado_nombre": "correcto",
    "direccion": "Av. Severo Ochoa, 67 (Estanquet)",
    "lat": 38.55613,
    "lng": -0.10329,
    "utm_x": 753396.46,
    "utm_y": 4271489.12,
    "utm_huso": 30,
    "fuente": "Plantilla municipal — Limpieza info (PTM Benidorm)",
    "licencia": "Uso interno del proyecto",
    "confianza": 26,
    "estado_espacial": "valido",
    "geometria_origen": "punto_representativo"
   }
  },
  {
   "type": "Feature",
   "geometry": {
    "type": "Point",
    "coordinates": [
     -0.16092,
     38.53646
    ]
   },
   "properties": {
    "id_tecnico": "8e037bd3-4a4b-4809-95cf-f61e6f20e830",
    "categoria": "equipamientos",
    "tipo": "colegio",
    "nombre": "Col·legi d'Educació Infantil i Primària El Murtal",
    "estado_nombre": "correcto",
    "direccion": null,
    "lat": 38.53646,
    "lng": -0.16092,
    "utm_x": 748421.06,
    "utm_y": 4269149.57,
    "utm_huso": 30,
    "fuente": "OpenStreetMap (Overpass)",
    "licencia": "ODbL 1.0",
    "confianza": 26,
    "estado_espacial": "valido",
    "geometria_origen": "punto_representativo"
   }
  },
  {
   "type": "Feature",
   "geometry": {
    "type": "Point",
    "coordinates": [
     -0.11732,
     38.53983
    ]
   },
   "properties": {
    "id_tecnico": "8e6c0995-276e-404e-ac2f-f77d78f19d99",
    "categoria": "equipamientos",
    "tipo": "farmacia",
    "nombre": "Farmacia Ibiza",
    "estado_nombre": "correcto",
    "direccion": "Carrer d'Evissa",
    "lat": 38.53983,
    "lng": -0.11732,
    "utm_x": 752225.2,
    "utm_y": 4269641.56,
    "utm_huso": 30,
    "fuente": "OpenStreetMap (Overpass)",
    "licencia": "ODbL 1.0",
    "confianza": 26,
    "estado_espacial": "valido",
    "geometria_origen": "punto_representativo"
   }
  },
  {
   "type": "Feature",
   "geometry": {
    "type": "Point",
    "coordinates": [
     -0.13137,
     38.53567
    ]
   },
   "properties": {
    "id_tecnico": "8e8f0521-0c75-42f4-bbaa-a8ca7f821534",
    "categoria": "infraestructuras",
    "tipo": "alojamiento",
    "nombre": "Hotel Santa Faz",
    "estado_nombre": "correcto",
    "direccion": "Carrer de la Santa Faç",
    "lat": 38.53567,
    "lng": -0.13137,
    "utm_x": 751009.92,
    "utm_y": 4269141.62,
    "utm_huso": 30,
    "fuente": "OpenStreetMap (Overpass)",
    "licencia": "ODbL 1.0",
    "confianza": 26,
    "estado_espacial": "proximo_limite",
    "geometria_origen": "punto_representativo"
   }
  },
  {
   "type": "Feature",
   "geometry": {
    "type": "Point",
    "coordinates": [
     -0.11019,
     38.53645
    ]
   },
   "properties": {
    "id_tecnico": "8fb9969d-f05d-4838-b702-e22a43a85b55",
    "categoria": "infraestructuras",
    "tipo": "alojamiento",
    "nombre": "Hotel Magic Villa Benidorm",
    "estado_nombre": "correcto",
    "direccion": null,
    "lat": 38.53645,
    "lng": -0.11019,
    "utm_x": 752860.88,
    "utm_y": 4269285.85,
    "utm_huso": 30,
    "fuente": "OpenStreetMap (Overpass)",
    "licencia": "ODbL 1.0",
    "confianza": 23,
    "estado_espacial": "valido",
    "geometria_origen": "punto_representativo"
   }
  },
  {
   "type": "Feature",
   "geometry": {
    "type": "Point",
    "coordinates": [
     -0.13691,
     38.54004
    ]
   },
   "properties": {
    "id_tecnico": "90034716-6083-4981-a014-4725aae7a69f",
    "categoria": "infraestructuras",
    "tipo": "parada_autobus",
    "nombre": "Av. Panamá, 5AC",
    "estado_nombre": "correcto",
    "direccion": null,
    "lat": 38.54004,
    "lng": -0.13691,
    "utm_x": 750510.08,
    "utm_y": 4269611.65,
    "utm_huso": 30,
    "fuente": "OpenStreetMap (Overpass)",
    "licencia": "ODbL 1.0",
    "confianza": 23,
    "estado_espacial": "valido",
    "geometria_origen": "punto_representativo"
   }
  },
  {
   "type": "Feature",
   "geometry": {
    "type": "Point",
    "coordinates": [
     -0.10461,
     38.53478
    ]
   },
   "properties": {
    "id_tecnico": "9063b5be-fb3b-47f2-9e6d-dc6eaf714545",
    "categoria": "infraestructuras",
    "tipo": "alojamiento",
    "nombre": "Picasso Apartments",
    "estado_nombre": "correcto",
    "direccion": null,
    "lat": 38.53478,
    "lng": -0.10461,
    "utm_x": 753355.02,
    "utm_y": 4269115.75,
    "utm_huso": 30,
    "fuente": "OpenStreetMap (Overpass)",
    "licencia": "ODbL 1.0",
    "confianza": 23,
    "estado_espacial": "valido",
    "geometria_origen": "punto_representativo"
   }
  },
  {
   "type": "Feature",
   "geometry": {
    "type": "Point",
    "coordinates": [
     -0.13365,
     38.5388
    ]
   },
   "properties": {
    "id_tecnico": "90a416cf-574c-48fb-849d-c87f60675940",
    "categoria": "infraestructuras",
    "tipo": "alojamiento",
    "nombre": "Oasis Plaza",
    "estado_nombre": "correcto",
    "direccion": "Plaza de España 0",
    "lat": 38.5388,
    "lng": -0.13365,
    "utm_x": 750799.63,
    "utm_y": 4269482.85,
    "utm_huso": 30,
    "fuente": "OpenStreetMap (Overpass)",
    "licencia": "ODbL 1.0",
    "confianza": 26,
    "estado_espacial": "valido",
    "geometria_origen": "punto_representativo"
   }
  },
  {
   "type": "Feature",
   "geometry": {
    "type": "Point",
    "coordinates": [
     -0.13341,
     38.54224
    ]
   },
   "properties": {
    "id_tecnico": "90a88896-d22a-473e-bc48-a9bde996f651",
    "categoria": "infraestructuras",
    "tipo": "parada_autobus",
    "nombre": "133 - Ed. Navasa I",
    "estado_nombre": "correcto",
    "direccion": "Av. Jaume I, 27",
    "lat": 38.54224,
    "lng": -0.13341,
    "utm_x": 750808.83,
    "utm_y": 4269865.32,
    "utm_huso": 30,
    "fuente": "Plantilla municipal — Limpieza info (PTM Benidorm)",
    "licencia": "Uso interno del proyecto",
    "confianza": 26,
    "estado_espacial": "valido",
    "geometria_origen": "punto_representativo"
   }
  },
  {
   "type": "Feature",
   "geometry": {
    "type": "Point",
    "coordinates": [
     -0.16428,
     38.52951
    ]
   },
   "properties": {
    "id_tecnico": "90f61e84-cb4a-40b3-a107-4f8bdab344d1",
    "categoria": "infraestructuras",
    "tipo": "parada_autobus",
    "nombre": "365 - Centro día",
    "estado_nombre": "correcto",
    "direccion": "C/ Juan Antonio Baldovi, 1",
    "lat": 38.52951,
    "lng": -0.16428,
    "utm_x": 748150.6,
    "utm_y": 4268369.15,
    "utm_huso": 30,
    "fuente": "Plantilla municipal — Limpieza info (PTM Benidorm)",
    "licencia": "Uso interno del proyecto",
    "confianza": 26,
    "estado_espacial": "proximo_limite",
    "geometria_origen": "punto_representativo"
   }
  },
  {
   "type": "Feature",
   "geometry": {
    "type": "Point",
    "coordinates": [
     -0.14245,
     38.53731
    ]
   },
   "properties": {
    "id_tecnico": "9104fdf5-8f3e-4961-8917-9e020fea19ef",
    "categoria": "equipamientos",
    "tipo": "farmacia",
    "nombre": "farmacia node/4405648252",
    "estado_nombre": "correcto",
    "direccion": null,
    "lat": 38.53731,
    "lng": -0.14245,
    "utm_x": 750034.6,
    "utm_y": 4269293.66,
    "utm_huso": 30,
    "fuente": "OpenStreetMap (Overpass)",
    "licencia": "ODbL 1.0",
    "confianza": 23,
    "estado_espacial": "proximo_limite",
    "geometria_origen": "punto_representativo"
   }
  },
  {
   "type": "Feature",
   "geometry": {
    "type": "Point",
    "coordinates": [
     -0.12844,
     38.53729
    ]
   },
   "properties": {
    "id_tecnico": "915258e0-803b-433c-b088-0dd3a191bd6d",
    "categoria": "infraestructuras",
    "tipo": "alojamiento",
    "nombre": "Apartamentos Sol",
    "estado_nombre": "correcto",
    "direccion": null,
    "lat": 38.53729,
    "lng": -0.12844,
    "utm_x": 751260.78,
    "utm_y": 4269329.38,
    "utm_huso": 30,
    "fuente": "OpenStreetMap (Overpass)",
    "licencia": "ODbL 1.0",
    "confianza": 23,
    "estado_espacial": "valido",
    "geometria_origen": "punto_representativo"
   }
  },
  {
   "type": "Feature",
   "geometry": {
    "type": "Point",
    "coordinates": [
     -0.15085,
     38.56347
    ]
   },
   "properties": {
    "id_tecnico": "91829abd-63b7-4c27-a41f-265d31d363e6",
    "categoria": "infraestructuras",
    "tipo": "helipuerto",
    "nombre": "helipuerto way/522399836",
    "estado_nombre": "correcto",
    "direccion": null,
    "lat": 38.56347,
    "lng": -0.15085,
    "utm_x": 749210.17,
    "utm_y": 4272174.62,
    "utm_huso": 30,
    "fuente": "OpenStreetMap (Overpass)",
    "licencia": "ODbL 1.0",
    "confianza": 23,
    "estado_espacial": "valido",
    "geometria_origen": "punto_representativo"
   }
  },
  {
   "type": "Feature",
   "geometry": {
    "type": "Point",
    "coordinates": [
     -0.11032,
     38.53596
    ]
   },
   "properties": {
    "id_tecnico": "91b727a6-28e0-4ca4-a242-a23762de504f",
    "categoria": "equipamientos",
    "tipo": "alimentacion",
    "nombre": "alimentacion node/8786422913",
    "estado_nombre": "correcto",
    "direccion": "avenida del Mediterráneo - Avinguda del Mediterranio",
    "lat": 38.53596,
    "lng": -0.11032,
    "utm_x": 752851.19,
    "utm_y": 4269231.11,
    "utm_huso": 30,
    "fuente": "OpenStreetMap (Overpass)",
    "licencia": "ODbL 1.0",
    "confianza": 26,
    "estado_espacial": "proximo_limite",
    "geometria_origen": "punto_representativo"
   }
  },
  {
   "type": "Feature",
   "geometry": {
    "type": "Point",
    "coordinates": [
     -0.09473,
     38.54176
    ]
   },
   "properties": {
    "id_tecnico": "91bd98f9-9c24-4765-af7c-f76be6664195",
    "categoria": "equipamientos",
    "tipo": "alimentacion",
    "nombre": "alimentacion node/5874107849",
    "estado_nombre": "correcto",
    "direccion": null,
    "lat": 38.54176,
    "lng": -0.09473,
    "utm_x": 754195.43,
    "utm_y": 4269917.59,
    "utm_huso": 30,
    "fuente": "OpenStreetMap (Overpass)",
    "licencia": "ODbL 1.0",
    "confianza": 23,
    "estado_espacial": "valido",
    "geometria_origen": "punto_representativo"
   }
  },
  {
   "type": "Feature",
   "geometry": {
    "type": "Point",
    "coordinates": [
     -0.10598,
     38.54076
    ]
   },
   "properties": {
    "id_tecnico": "92641fa3-1f1c-47d0-9aff-90f14d0ae72d",
    "categoria": "infraestructuras",
    "tipo": "parada_autobus",
    "nombre": "363 - Hospital Levante",
    "estado_nombre": "correcto",
    "direccion": "C/ Ramón y Cajal, 5 (Hospital Levante)",
    "lat": 38.54076,
    "lng": -0.10598,
    "utm_x": 753214.39,
    "utm_y": 4269775.75,
    "utm_huso": 30,
    "fuente": "Plantilla municipal — Limpieza info (PTM Benidorm)",
    "licencia": "Uso interno del proyecto",
    "confianza": 26,
    "estado_espacial": "valido",
    "geometria_origen": "punto_representativo"
   }
  },
  {
   "type": "Feature",
   "geometry": {
    "type": "Point",
    "coordinates": [
     -0.12531,
     38.53764
    ]
   },
   "properties": {
    "id_tecnico": "92679265-7931-4b3c-8534-b3d5c0289e25",
    "categoria": "infraestructuras",
    "tipo": "parada_autobus",
    "nombre": "346 - Ed. Saladar",
    "estado_nombre": "correcto",
    "direccion": "C/ Esperanto, 4",
    "lat": 38.53764,
    "lng": -0.12531,
    "utm_x": 751533.5,
    "utm_y": 4269376.73,
    "utm_huso": 30,
    "fuente": "Plantilla municipal — Limpieza info (PTM Benidorm)",
    "licencia": "Uso interno del proyecto",
    "confianza": 26,
    "estado_espacial": "valido",
    "geometria_origen": "punto_representativo"
   }
  },
  {
   "type": "Feature",
   "geometry": {
    "type": "Point",
    "coordinates": [
     -0.12344,
     38.53843
    ]
   },
   "properties": {
    "id_tecnico": "92ae7028-b943-46e1-8cc2-90f36f4d2be2",
    "categoria": "infraestructuras",
    "tipo": "parada_autobus",
    "nombre": "384 - Orts Llorca 5",
    "estado_nombre": "correcto",
    "direccion": "Av. Orts Llorca, 5AC",
    "lat": 38.53843,
    "lng": -0.12344,
    "utm_x": 751694.44,
    "utm_y": 4269469.5,
    "utm_huso": 30,
    "fuente": "Plantilla municipal — Limpieza info (PTM Benidorm)",
    "licencia": "Uso interno del proyecto",
    "confianza": 26,
    "estado_espacial": "valido",
    "geometria_origen": "punto_representativo"
   }
  },
  {
   "type": "Feature",
   "geometry": {
    "type": "Point",
    "coordinates": [
     -0.15164,
     38.5631
    ]
   },
   "properties": {
    "id_tecnico": "931fcc09-7d02-4c12-8083-d9a7302868fd",
    "categoria": "infraestructuras",
    "tipo": "helipuerto",
    "nombre": "helipuerto way/114577115",
    "estado_nombre": "correcto",
    "direccion": null,
    "lat": 38.5631,
    "lng": -0.15164,
    "utm_x": 749142.32,
    "utm_y": 4272131.42,
    "utm_huso": 30,
    "fuente": "OpenStreetMap (Overpass)",
    "licencia": "ODbL 1.0",
    "confianza": 23,
    "estado_espacial": "valido",
    "geometria_origen": "punto_representativo"
   }
  },
  {
   "type": "Feature",
   "geometry": {
    "type": "Point",
    "coordinates": [
     -0.15946,
     38.53392
    ]
   },
   "properties": {
    "id_tecnico": "938388aa-2d25-485c-bb14-e550cba9b367",
    "categoria": "infraestructuras",
    "tipo": "parada_autobus",
    "nombre": "161 - Villajoyosa 22",
    "estado_nombre": "correcto",
    "direccion": "Av. la Vila Joiosa, 22AC",
    "lat": 38.53392,
    "lng": -0.15946,
    "utm_x": 748557.48,
    "utm_y": 4268871.56,
    "utm_huso": 30,
    "fuente": "Plantilla municipal — Limpieza info (PTM Benidorm)",
    "licencia": "Uso interno del proyecto",
    "confianza": 26,
    "estado_espacial": "valido",
    "geometria_origen": "punto_representativo"
   }
  },
  {
   "type": "Feature",
   "geometry": {
    "type": "Point",
    "coordinates": [
     -0.1628,
     38.5326
    ]
   },
   "properties": {
    "id_tecnico": "9386b331-fe67-49ae-8a13-1a2f124f3e81",
    "categoria": "infraestructuras",
    "tipo": "parada_autobus",
    "nombre": "113 - Yago",
    "estado_nombre": "correcto",
    "direccion": "Av. Mont-Benidorm, 1",
    "lat": 38.5326,
    "lng": -0.1628,
    "utm_x": 748269.64,
    "utm_y": 4268716.09,
    "utm_huso": 30,
    "fuente": "Plantilla municipal — Limpieza info (PTM Benidorm)",
    "licencia": "Uso interno del proyecto",
    "confianza": 26,
    "estado_espacial": "valido",
    "geometria_origen": "punto_representativo"
   }
  },
  {
   "type": "Feature",
   "geometry": {
    "type": "Point",
    "coordinates": [
     -0.15859,
     38.5325
    ]
   },
   "properties": {
    "id_tecnico": "93ae31ee-9c43-4ac7-a6c2-fbd41248bda6",
    "categoria": "infraestructuras",
    "tipo": "alojamiento",
    "nombre": "Apart. Maria Cristina Beach",
    "estado_nombre": "correcto",
    "direccion": null,
    "lat": 38.5325,
    "lng": -0.15859,
    "utm_x": 748638.45,
    "utm_y": 4268716.29,
    "utm_huso": 30,
    "fuente": "OpenStreetMap (Overpass)",
    "licencia": "ODbL 1.0",
    "confianza": 23,
    "estado_espacial": "proximo_limite",
    "geometria_origen": "punto_representativo"
   }
  },
  {
   "type": "Feature",
   "geometry": {
    "type": "Point",
    "coordinates": [
     -0.18392,
     38.54
    ]
   },
   "properties": {
    "id_tecnico": "93c9ebd5-e26f-4310-b0ea-1b4761c1bf2f",
    "categoria": "equipamientos",
    "tipo": "centro_comunitario",
    "nombre": "Centro Social",
    "estado_nombre": "correcto",
    "direccion": null,
    "lat": 38.54,
    "lng": -0.18392,
    "utm_x": 746396.23,
    "utm_y": 4269481,
    "utm_huso": 30,
    "fuente": "OpenStreetMap (Overpass)",
    "licencia": "ODbL 1.0",
    "confianza": 3,
    "estado_espacial": "fuera_municipio",
    "geometria_origen": "punto_representativo"
   }
  },
  {
   "type": "Feature",
   "geometry": {
    "type": "Point",
    "coordinates": [
     -0.10752,
     38.53375
    ]
   },
   "properties": {
    "id_tecnico": "9424bb3d-2bb2-4f59-9e64-c2f546862dc8",
    "categoria": "equipamientos",
    "tipo": "alimentacion",
    "nombre": "Sunrise",
    "estado_nombre": "correcto",
    "direccion": "Avenida de Estocolmo",
    "lat": 38.53375,
    "lng": -0.10752,
    "utm_x": 753103.9,
    "utm_y": 4268993.46,
    "utm_huso": 30,
    "fuente": "OpenStreetMap (Overpass)",
    "licencia": "ODbL 1.0",
    "confianza": 26,
    "estado_espacial": "proximo_limite",
    "geometria_origen": "punto_representativo"
   }
  },
  {
   "type": "Feature",
   "geometry": {
    "type": "Point",
    "coordinates": [
     -0.16115,
     38.53655
    ]
   },
   "properties": {
    "id_tecnico": "94fba1ed-1e06-444c-8761-6236166ca5bb",
    "categoria": "equipamientos",
    "tipo": "colegio",
    "nombre": "CEIP EL MURTAL",
    "estado_nombre": "correcto",
    "direccion": "AV. D. VICENTE PÉREZ DEVESA, 31",
    "lat": 38.53655,
    "lng": -0.16115,
    "utm_x": 748400.63,
    "utm_y": 4269158.94,
    "utm_huso": 30,
    "fuente": "GVA - Centros docentes de la Comunitat Valenciana (ICV WFS)",
    "licencia": "CC BY 4.0",
    "confianza": 29,
    "estado_espacial": "valido",
    "geometria_origen": "punto_representativo"
   }
  },
  {
   "type": "Feature",
   "geometry": {
    "type": "Point",
    "coordinates": [
     -0.12527,
     38.54983
    ]
   },
   "properties": {
    "id_tecnico": "9542857c-f0fa-429a-a058-1c43f3f807e5",
    "categoria": "equipamientos",
    "tipo": "alimentacion",
    "nombre": "Mercadona",
    "estado_nombre": "correcto",
    "direccion": null,
    "lat": 38.54983,
    "lng": -0.12527,
    "utm_x": 751495.03,
    "utm_y": 4270729.87,
    "utm_huso": 30,
    "fuente": "OpenStreetMap (Overpass)",
    "licencia": "ODbL 1.0",
    "confianza": 23,
    "estado_espacial": "valido",
    "geometria_origen": "punto_representativo"
   }
  },
  {
   "type": "Feature",
   "geometry": {
    "type": "Point",
    "coordinates": [
     -0.10978,
     38.55109
    ]
   },
   "properties": {
    "id_tecnico": "95f25b08-ffc3-4c9c-8f49-4636b69e7c9e",
    "categoria": "servicios_basicos",
    "tipo": "estacion_servicio",
    "nombre": "petroenergy",
    "estado_nombre": "correcto",
    "direccion": null,
    "lat": 38.55109,
    "lng": -0.10978,
    "utm_x": 752846.07,
    "utm_y": 4270911.95,
    "utm_huso": 30,
    "fuente": "OpenStreetMap (Overpass)",
    "licencia": "ODbL 1.0",
    "confianza": 26,
    "estado_espacial": "valido",
    "geometria_origen": "punto_representativo"
   }
  },
  {
   "type": "Feature",
   "geometry": {
    "type": "Point",
    "coordinates": [
     -0.12874,
     38.53945
    ]
   },
   "properties": {
    "id_tecnico": "9699be0f-a426-4a55-9ec4-dcbd3c717a9d",
    "categoria": "equipamientos",
    "tipo": "administracion",
    "nombre": "Ayuntamiento de Benidorm",
    "estado_nombre": "correcto",
    "direccion": "Plaza de SS.MM. Los reyes de España 1",
    "lat": 38.53945,
    "lng": -0.12874,
    "utm_x": 751227.1,
    "utm_y": 4269568.32,
    "utm_huso": 30,
    "fuente": "OpenStreetMap (Overpass)",
    "licencia": "ODbL 1.0",
    "confianza": 26,
    "estado_espacial": "valido",
    "geometria_origen": "punto_representativo"
   }
  },
  {
   "type": "Feature",
   "geometry": {
    "type": "Point",
    "coordinates": [
     -0.14708,
     38.53708
    ]
   },
   "properties": {
    "id_tecnico": "96a14abe-b10a-4cf7-9fa8-2ee90ab06cf9",
    "categoria": "infraestructuras",
    "tipo": "parada_autobus",
    "nombre": "105 - H. Poseidon Playa",
    "estado_nombre": "correcto",
    "direccion": "Av. Armada Espanyola, 17",
    "lat": 38.53708,
    "lng": -0.14708,
    "utm_x": 749630.19,
    "utm_y": 4269255.63,
    "utm_huso": 30,
    "fuente": "Plantilla municipal — Limpieza info (PTM Benidorm)",
    "licencia": "Uso interno del proyecto",
    "confianza": 26,
    "estado_espacial": "proximo_limite",
    "geometria_origen": "punto_representativo"
   }
  },
  {
   "type": "Feature",
   "geometry": {
    "type": "Point",
    "coordinates": [
     -0.15959,
     38.5329
    ]
   },
   "properties": {
    "id_tecnico": "96abc863-1aa9-4cd6-b460-6bb555caca2e",
    "categoria": "equipamientos",
    "tipo": "farmacia",
    "nombre": "farmacia node/975350313",
    "estado_nombre": "correcto",
    "direccion": null,
    "lat": 38.5329,
    "lng": -0.15959,
    "utm_x": 748549.57,
    "utm_y": 4268758,
    "utm_huso": 30,
    "fuente": "OpenStreetMap (Overpass)",
    "licencia": "ODbL 1.0",
    "confianza": 23,
    "estado_espacial": "proximo_limite",
    "geometria_origen": "punto_representativo"
   }
  },
  {
   "type": "Feature",
   "geometry": {
    "type": "Point",
    "coordinates": [
     -0.13303,
     38.53808
    ]
   },
   "properties": {
    "id_tecnico": "96b09041-6c7b-4827-8f3e-d6e27a6b374a",
    "categoria": "infraestructuras",
    "tipo": "alojamiento",
    "nombre": "Ribera Apartments",
    "estado_nombre": "correcto",
    "direccion": "Calle de Roldán 5",
    "lat": 38.53808,
    "lng": -0.13303,
    "utm_x": 750856.37,
    "utm_y": 4269404.61,
    "utm_huso": 30,
    "fuente": "OpenStreetMap (Overpass)",
    "licencia": "ODbL 1.0",
    "confianza": 26,
    "estado_espacial": "valido",
    "geometria_origen": "punto_representativo"
   }
  },
  {
   "type": "Feature",
   "geometry": {
    "type": "Point",
    "coordinates": [
     -0.15886,
     38.5467
    ]
   },
   "properties": {
    "id_tecnico": "96faf0c5-f933-4105-9733-cc61deddab9a",
    "categoria": "infraestructuras",
    "tipo": "estacion_ferrocarril",
    "nombre": "Terra Mítica",
    "estado_nombre": "correcto",
    "direccion": null,
    "lat": 38.5467,
    "lng": -0.15886,
    "utm_x": 748566.5,
    "utm_y": 4270291.68,
    "utm_huso": 30,
    "fuente": "OpenStreetMap (Overpass)",
    "licencia": "ODbL 1.0",
    "confianza": 23,
    "estado_espacial": "valido",
    "geometria_origen": "punto_representativo"
   }
  },
  {
   "type": "Feature",
   "geometry": {
    "type": "Point",
    "coordinates": [
     -0.15066,
     38.54014
    ]
   },
   "properties": {
    "id_tecnico": "96fba354-4678-4d32-b1a0-70933fc3cdda",
    "categoria": "infraestructuras",
    "tipo": "parada_autobus",
    "nombre": "Av. Vicente Pérez Devesa, 11",
    "estado_nombre": "correcto",
    "direccion": null,
    "lat": 38.54014,
    "lng": -0.15066,
    "utm_x": 749306.43,
    "utm_y": 4269585.62,
    "utm_huso": 30,
    "fuente": "OpenStreetMap (Overpass)",
    "licencia": "ODbL 1.0",
    "confianza": 23,
    "estado_espacial": "valido",
    "geometria_origen": "punto_representativo"
   }
  },
  {
   "type": "Feature",
   "geometry": {
    "type": "Point",
    "coordinates": [
     -0.131,
     38.53995
    ]
   },
   "properties": {
    "id_tecnico": "979b69cd-7968-41e7-bcb6-bffcc3ce0fef",
    "categoria": "equipamientos",
    "tipo": "consultorio",
    "nombre": "Centro Médico Lago",
    "estado_nombre": "correcto",
    "direccion": null,
    "lat": 38.53995,
    "lng": -0.131,
    "utm_x": 751027.6,
    "utm_y": 4269617.68,
    "utm_huso": 30,
    "fuente": "OpenStreetMap (Overpass)",
    "licencia": "ODbL 1.0",
    "confianza": 23,
    "estado_espacial": "valido",
    "geometria_origen": "punto_representativo"
   }
  },
  {
   "type": "Feature",
   "geometry": {
    "type": "Point",
    "coordinates": [
     -0.13255,
     38.54482
    ]
   },
   "properties": {
    "id_tecnico": "97d00251-fc1d-45eb-b572-c3760cc09055",
    "categoria": "equipamientos",
    "tipo": "alimentacion",
    "nombre": "masymas basic",
    "estado_nombre": "correcto",
    "direccion": null,
    "lat": 38.54482,
    "lng": -0.13255,
    "utm_x": 750875.22,
    "utm_y": 4270154.02,
    "utm_huso": 30,
    "fuente": "OpenStreetMap (Overpass)",
    "licencia": "ODbL 1.0",
    "confianza": 26,
    "estado_espacial": "valido",
    "geometria_origen": "punto_representativo"
   }
  },
  {
   "type": "Feature",
   "geometry": {
    "type": "Point",
    "coordinates": [
     -0.13604,
     38.54122
    ]
   },
   "properties": {
    "id_tecnico": "984209d0-22ca-4e9d-89cb-ca153360dbf7",
    "categoria": "infraestructuras",
    "tipo": "parada_autobus",
    "nombre": "383 - 9 d'Octubre",
    "estado_nombre": "correcto",
    "direccion": "Av. 9 d'Octubre",
    "lat": 38.54122,
    "lng": -0.13604,
    "utm_x": 750582.17,
    "utm_y": 4269744.98,
    "utm_huso": 30,
    "fuente": "Plantilla municipal — Limpieza info (PTM Benidorm)",
    "licencia": "Uso interno del proyecto",
    "confianza": 26,
    "estado_espacial": "valido",
    "geometria_origen": "punto_representativo"
   }
  },
  {
   "type": "Feature",
   "geometry": {
    "type": "Point",
    "coordinates": [
     -0.12956,
     38.53639
    ]
   },
   "properties": {
    "id_tecnico": "9902ea73-6434-4324-aef6-c8fd29f7cb03",
    "categoria": "equipamientos",
    "tipo": "farmacia",
    "nombre": "Farmacia Martínez de la Cámara",
    "estado_nombre": "correcto",
    "direccion": null,
    "lat": 38.53639,
    "lng": -0.12956,
    "utm_x": 751165.86,
    "utm_y": 4269226.44,
    "utm_huso": 30,
    "fuente": "OpenStreetMap (Overpass)",
    "licencia": "ODbL 1.0",
    "confianza": 23,
    "estado_espacial": "proximo_limite",
    "geometria_origen": "punto_representativo"
   }
  },
  {
   "type": "Feature",
   "geometry": {
    "type": "Point",
    "coordinates": [
     -0.10583,
     38.52956
    ]
   },
   "properties": {
    "id_tecnico": "99254096-a6c1-4396-a69c-f36af47a1660",
    "categoria": "infraestructuras",
    "tipo": "parada_autobus",
    "nombre": "24",
    "estado_nombre": "por_revisar",
    "direccion": null,
    "lat": 38.52956,
    "lng": -0.10583,
    "utm_x": 753266.34,
    "utm_y": 4268533.01,
    "utm_huso": 30,
    "fuente": "OpenStreetMap (Overpass)",
    "licencia": "ODbL 1.0",
    "confianza": 23,
    "estado_espacial": "proximo_limite",
    "geometria_origen": "punto_representativo"
   }
  },
  {
   "type": "Feature",
   "geometry": {
    "type": "Point",
    "coordinates": [
     -0.11238,
     38.53843
    ]
   },
   "properties": {
    "id_tecnico": "997b7c53-ba8b-4356-ba4e-5a50ed9c39bc",
    "categoria": "equipamientos",
    "tipo": "alimentacion",
    "nombre": "Express",
    "estado_nombre": "correcto",
    "direccion": null,
    "lat": 38.53843,
    "lng": -0.11238,
    "utm_x": 752662.36,
    "utm_y": 4269499.64,
    "utm_huso": 30,
    "fuente": "OpenStreetMap (Overpass)",
    "licencia": "ODbL 1.0",
    "confianza": 23,
    "estado_espacial": "valido",
    "geometria_origen": "punto_representativo"
   }
  },
  {
   "type": "Feature",
   "geometry": {
    "type": "Point",
    "coordinates": [
     -0.1692,
     38.52606
    ]
   },
   "properties": {
    "id_tecnico": "9985ed18-9d77-46e4-81a4-efb222314abe",
    "categoria": "equipamientos",
    "tipo": "policia",
    "nombre": "policia way/561754162",
    "estado_nombre": "correcto",
    "direccion": null,
    "lat": 38.52606,
    "lng": -0.1692,
    "utm_x": 747731.67,
    "utm_y": 4267973.04,
    "utm_huso": 30,
    "fuente": "OpenStreetMap (Overpass)",
    "licencia": "ODbL 1.0",
    "confianza": 3,
    "estado_espacial": "fuera_municipio",
    "geometria_origen": "punto_representativo"
   }
  },
  {
   "type": "Feature",
   "geometry": {
    "type": "Point",
    "coordinates": [
     -0.13594,
     38.54124
    ]
   },
   "properties": {
    "id_tecnico": "99b0a92d-b245-48a9-a6f7-0240e82b7cc0",
    "categoria": "infraestructuras",
    "tipo": "parada_autobus",
    "nombre": "378 - 9 d'Octubre Parque",
    "estado_nombre": "correcto",
    "direccion": "Av. 9 d'Octubre",
    "lat": 38.54124,
    "lng": -0.13594,
    "utm_x": 750590.85,
    "utm_y": 4269747.47,
    "utm_huso": 30,
    "fuente": "Plantilla municipal — Limpieza info (PTM Benidorm)",
    "licencia": "Uso interno del proyecto",
    "confianza": 26,
    "estado_espacial": "valido",
    "geometria_origen": "punto_representativo"
   }
  },
  {
   "type": "Feature",
   "geometry": {
    "type": "Point",
    "coordinates": [
     -0.13279,
     38.54452
    ]
   },
   "properties": {
    "id_tecnico": "99f7db21-3c05-4160-aac6-760983ed188a",
    "categoria": "infraestructuras",
    "tipo": "parada_autobus",
    "nombre": "157 - Estanco",
    "estado_nombre": "correcto",
    "direccion": "Av. Beniardà, 13",
    "lat": 38.54452,
    "lng": -0.13279,
    "utm_x": 750855.25,
    "utm_y": 4270120.07,
    "utm_huso": 30,
    "fuente": "Plantilla municipal — Limpieza info (PTM Benidorm)",
    "licencia": "Uso interno del proyecto",
    "confianza": 26,
    "estado_espacial": "valido",
    "geometria_origen": "punto_representativo"
   }
  },
  {
   "type": "Feature",
   "geometry": {
    "type": "Point",
    "coordinates": [
     -0.12088,
     38.53706
    ]
   },
   "properties": {
    "id_tecnico": "9a0625b5-bca6-4c22-a3d9-94d2c5137c6e",
    "categoria": "infraestructuras",
    "tipo": "parada_autobus",
    "nombre": "239 - H. Belroy",
    "estado_nombre": "correcto",
    "direccion": "Av. Mediterrani, 13 (Hotel Belroy)",
    "lat": 38.53706,
    "lng": -0.12088,
    "utm_x": 751923.2,
    "utm_y": 4269324.4,
    "utm_huso": 30,
    "fuente": "Plantilla municipal — Limpieza info (PTM Benidorm)",
    "licencia": "Uso interno del proyecto",
    "confianza": 26,
    "estado_espacial": "proximo_limite",
    "geometria_origen": "punto_representativo"
   }
  },
  {
   "type": "Feature",
   "geometry": {
    "type": "Point",
    "coordinates": [
     -0.13991,
     38.54512
    ]
   },
   "properties": {
    "id_tecnico": "9a0df4e2-bbbf-4a9a-bd07-64b38a1a2514",
    "categoria": "infraestructuras",
    "tipo": "parada_autobus",
    "nombre": "Av. 9 d'Octubre (Residència)",
    "estado_nombre": "correcto",
    "direccion": null,
    "lat": 38.54512,
    "lng": -0.13991,
    "utm_x": 750230.14,
    "utm_y": 4270167.39,
    "utm_huso": 30,
    "fuente": "OpenStreetMap (Overpass)",
    "licencia": "ODbL 1.0",
    "confianza": 23,
    "estado_espacial": "valido",
    "geometria_origen": "punto_representativo"
   }
  },
  {
   "type": "Feature",
   "geometry": {
    "type": "Point",
    "coordinates": [
     -0.13268,
     38.53577
    ]
   },
   "properties": {
    "id_tecnico": "9a5eea27-a0c4-4e6b-bd49-4f0acf7bfd4d",
    "categoria": "equipamientos",
    "tipo": "biblioteca",
    "nombre": "Biblioplaya Poniente",
    "estado_nombre": "correcto",
    "direccion": null,
    "lat": 38.53577,
    "lng": -0.13268,
    "utm_x": 750894.93,
    "utm_y": 4269149.17,
    "utm_huso": 30,
    "fuente": "OpenStreetMap (Overpass)",
    "licencia": "ODbL 1.0",
    "confianza": 23,
    "estado_espacial": "proximo_limite",
    "geometria_origen": "punto_representativo"
   }
  },
  {
   "type": "Feature",
   "geometry": {
    "type": "Point",
    "coordinates": [
     -0.10385,
     38.57991
    ]
   },
   "properties": {
    "id_tecnico": "9a605bf7-5e8a-46b6-a455-2e3ff1ddf43e",
    "categoria": "equipamientos",
    "tipo": "farmacia",
    "nombre": "María Eugenia Martínez Zaragoza",
    "estado_nombre": "correcto",
    "direccion": "Avinguda del País Valencià 38",
    "lat": 38.57991,
    "lng": -0.10385,
    "utm_x": 753264.92,
    "utm_y": 4274127.08,
    "utm_huso": 30,
    "fuente": "OpenStreetMap (Overpass)",
    "licencia": "ODbL 1.0",
    "confianza": 9,
    "estado_espacial": "fuera_municipio",
    "geometria_origen": "punto_representativo"
   }
  },
  {
   "type": "Feature",
   "geometry": {
    "type": "Point",
    "coordinates": [
     -0.14711,
     38.53714
    ]
   },
   "properties": {
    "id_tecnico": "9a9adf4b-9f02-44eb-8ff4-6ac9da734015",
    "categoria": "infraestructuras",
    "tipo": "parada_autobus",
    "nombre": "Av. Puerto Rico, 2",
    "estado_nombre": "correcto",
    "direccion": null,
    "lat": 38.53714,
    "lng": -0.14711,
    "utm_x": 749627.35,
    "utm_y": 4269262.21,
    "utm_huso": 30,
    "fuente": "OpenStreetMap (Overpass)",
    "licencia": "ODbL 1.0",
    "confianza": 23,
    "estado_espacial": "proximo_limite",
    "geometria_origen": "punto_representativo"
   }
  },
  {
   "type": "Feature",
   "geometry": {
    "type": "Point",
    "coordinates": [
     -0.18059,
     38.53544
    ]
   },
   "properties": {
    "id_tecnico": "9abb9335-d604-43b5-93ed-391a4e1f0784",
    "categoria": "equipamientos",
    "tipo": "alimentacion",
    "nombre": "Primapix",
    "estado_nombre": "correcto",
    "direccion": null,
    "lat": 38.53544,
    "lng": -0.18059,
    "utm_x": 746703.04,
    "utm_y": 4268983.74,
    "utm_huso": 30,
    "fuente": "OpenStreetMap (Overpass)",
    "licencia": "ODbL 1.0",
    "confianza": 3,
    "estado_espacial": "fuera_municipio",
    "geometria_origen": "punto_representativo"
   }
  },
  {
   "type": "Feature",
   "geometry": {
    "type": "Point",
    "coordinates": [
     -0.1278,
     38.54516
    ]
   },
   "properties": {
    "id_tecnico": "9b0b0c3c-b0a7-4dd6-a32f-91833ac3d7cd",
    "categoria": "equipamientos",
    "tipo": "farmacia",
    "nombre": "Farmacia Mercedes Bomant Gomis",
    "estado_nombre": "correcto",
    "direccion": null,
    "lat": 38.54516,
    "lng": -0.1278,
    "utm_x": 751289.72,
    "utm_y": 4270204.65,
    "utm_huso": 30,
    "fuente": "OpenStreetMap (Overpass)",
    "licencia": "ODbL 1.0",
    "confianza": 23,
    "estado_espacial": "valido",
    "geometria_origen": "punto_representativo"
   }
  },
  {
   "type": "Feature",
   "geometry": {
    "type": "Point",
    "coordinates": [
     -0.10975,
     38.54734
    ]
   },
   "properties": {
    "id_tecnico": "9b614616-a198-4c93-ba44-65228e58d9e2",
    "categoria": "infraestructuras",
    "tipo": "camping",
    "nombre": "Camping Amanello",
    "estado_nombre": "correcto",
    "direccion": "Cami de l'Armanello 9",
    "lat": 38.54734,
    "lng": -0.10975,
    "utm_x": 752861.68,
    "utm_y": 4270495.8,
    "utm_huso": 30,
    "fuente": "OpenStreetMap (Overpass)",
    "licencia": "ODbL 1.0",
    "confianza": 29,
    "estado_espacial": "valido",
    "geometria_origen": "punto_representativo"
   }
  },
  {
   "type": "Feature",
   "geometry": {
    "type": "Point",
    "coordinates": [
     -0.16001,
     38.53185
    ]
   },
   "properties": {
    "id_tecnico": "9b88e8e9-d3d0-4839-82e7-7dc7c0a93817",
    "categoria": "infraestructuras",
    "tipo": "alojamiento",
    "nombre": "Gran Hotel Delfín",
    "estado_nombre": "correcto",
    "direccion": null,
    "lat": 38.53185,
    "lng": -0.16001,
    "utm_x": 748516.38,
    "utm_y": 4268640.33,
    "utm_huso": 30,
    "fuente": "OpenStreetMap (Overpass)",
    "licencia": "ODbL 1.0",
    "confianza": 23,
    "estado_espacial": "proximo_limite",
    "geometria_origen": "punto_representativo"
   }
  },
  {
   "type": "Feature",
   "geometry": {
    "type": "Point",
    "coordinates": [
     -0.10949,
     38.53414
    ]
   },
   "properties": {
    "id_tecnico": "9bc00044-3c2a-4397-be9b-5176b44dad15",
    "categoria": "equipamientos",
    "tipo": "alimentacion",
    "nombre": "Principado",
    "estado_nombre": "correcto",
    "direccion": "Avinguda de Madrid - Avenida de Madrid 26",
    "lat": 38.53414,
    "lng": -0.10949,
    "utm_x": 752930.14,
    "utm_y": 4269031.36,
    "utm_huso": 30,
    "fuente": "OpenStreetMap (Overpass)",
    "licencia": "ODbL 1.0",
    "confianza": 26,
    "estado_espacial": "proximo_limite",
    "geometria_origen": "punto_representativo"
   }
  },
  {
   "type": "Feature",
   "geometry": {
    "type": "Point",
    "coordinates": [
     -0.10576,
     38.52959
    ]
   },
   "properties": {
    "id_tecnico": "9bee0936-1afd-4896-b516-e4aac518c861",
    "categoria": "infraestructuras",
    "tipo": "parada_autobus",
    "nombre": "24",
    "estado_nombre": "por_revisar",
    "direccion": null,
    "lat": 38.52959,
    "lng": -0.10576,
    "utm_x": 753272.36,
    "utm_y": 4268536.54,
    "utm_huso": 30,
    "fuente": "OpenStreetMap (Overpass)",
    "licencia": "ODbL 1.0",
    "confianza": 23,
    "estado_espacial": "proximo_limite",
    "geometria_origen": "punto_representativo"
   }
  },
  {
   "type": "Feature",
   "geometry": {
    "type": "Point",
    "coordinates": [
     -0.16323,
     38.53239
    ]
   },
   "properties": {
    "id_tecnico": "9c008add-3e8c-467a-abc2-b6e7d1cc425d",
    "categoria": "infraestructuras",
    "tipo": "parada_autobus",
    "nombre": "116 - H. Bali",
    "estado_nombre": "correcto",
    "direccion": "C/ Langreo, 1 (H. Bali)",
    "lat": 38.53239,
    "lng": -0.16323,
    "utm_x": 748232.72,
    "utm_y": 4268691.63,
    "utm_huso": 30,
    "fuente": "Plantilla municipal — Limpieza info (PTM Benidorm)",
    "licencia": "Uso interno del proyecto",
    "confianza": 26,
    "estado_espacial": "valido",
    "geometria_origen": "punto_representativo"
   }
  },
  {
   "type": "Feature",
   "geometry": {
    "type": "Point",
    "coordinates": [
     -0.13433,
     38.53946
    ]
   },
   "properties": {
    "id_tecnico": "9cb625db-9337-49da-917f-67a81021e785",
    "categoria": "infraestructuras",
    "tipo": "alojamiento",
    "nombre": "Hotel Brasil",
    "estado_nombre": "correcto",
    "direccion": "Calle del Apolo XI 27",
    "lat": 38.53946,
    "lng": -0.13433,
    "utm_x": 750737.86,
    "utm_y": 4269554.26,
    "utm_huso": 30,
    "fuente": "OpenStreetMap (Overpass)",
    "licencia": "ODbL 1.0",
    "confianza": 26,
    "estado_espacial": "valido",
    "geometria_origen": "punto_representativo"
   }
  },
  {
   "type": "Feature",
   "geometry": {
    "type": "Point",
    "coordinates": [
     -0.09623,
     38.57076
    ]
   },
   "properties": {
    "id_tecnico": "9cd93977-3ece-4bd7-b92a-784ca409c4fe",
    "categoria": "infraestructuras",
    "tipo": "parada_autobus",
    "nombre": "Pg. Mitja Llegua, 25",
    "estado_nombre": "correcto",
    "direccion": null,
    "lat": 38.57076,
    "lng": -0.09623,
    "utm_x": 753963.26,
    "utm_y": 4273132.36,
    "utm_huso": 30,
    "fuente": "OpenStreetMap (Overpass)",
    "licencia": "ODbL 1.0",
    "confianza": 23,
    "estado_espacial": "proximo_limite",
    "geometria_origen": "punto_representativo"
   }
  },
  {
   "type": "Feature",
   "geometry": {
    "type": "Point",
    "coordinates": [
     -0.18179,
     38.5706
    ]
   },
   "properties": {
    "id_tecnico": "9d273e3d-d3f5-458e-b118-6158cd59842c",
    "categoria": "infraestructuras",
    "tipo": "camping",
    "nombre": "Càmping Puig Campana",
    "estado_nombre": "correcto",
    "direccion": null,
    "lat": 38.5706,
    "lng": -0.18179,
    "utm_x": 746479.3,
    "utm_y": 4272883.09,
    "utm_huso": 30,
    "fuente": "OpenStreetMap (Overpass)",
    "licencia": "ODbL 1.0",
    "confianza": 3,
    "estado_espacial": "fuera_municipio",
    "geometria_origen": "punto_representativo"
   }
  },
  {
   "type": "Feature",
   "geometry": {
    "type": "Point",
    "coordinates": [
     -0.1358,
     38.5401
    ]
   },
   "properties": {
    "id_tecnico": "9da36f40-c358-4551-bcbd-dc941f42fe19",
    "categoria": "infraestructuras",
    "tipo": "alojamiento",
    "nombre": "Hotel Jaime I",
    "estado_nombre": "correcto",
    "direccion": null,
    "lat": 38.5401,
    "lng": -0.1358,
    "utm_x": 750607.02,
    "utm_y": 4269621.32,
    "utm_huso": 30,
    "fuente": "OpenStreetMap (Overpass)",
    "licencia": "ODbL 1.0",
    "confianza": 23,
    "estado_espacial": "valido",
    "geometria_origen": "punto_representativo"
   }
  },
  {
   "type": "Feature",
   "geometry": {
    "type": "Point",
    "coordinates": [
     -0.10505,
     38.53627
    ]
   },
   "properties": {
    "id_tecnico": "9e874522-6226-4bc2-a2f0-4a8e442d7404",
    "categoria": "equipamientos",
    "tipo": "alimentacion",
    "nombre": "SuperMarket",
    "estado_nombre": "correcto",
    "direccion": "Calle Londres",
    "lat": 38.53627,
    "lng": -0.10505,
    "utm_x": 753311.34,
    "utm_y": 4269279.93,
    "utm_huso": 30,
    "fuente": "OpenStreetMap (Overpass)",
    "licencia": "ODbL 1.0",
    "confianza": 26,
    "estado_espacial": "valido",
    "geometria_origen": "punto_representativo"
   }
  },
  {
   "type": "Feature",
   "geometry": {
    "type": "Point",
    "coordinates": [
     -0.11283,
     38.53627
    ]
   },
   "properties": {
    "id_tecnico": "9efa7191-6db8-473e-b0a7-49f1a6c9b067",
    "categoria": "equipamientos",
    "tipo": "alimentacion",
    "nombre": "alimentacion node/5874128106",
    "estado_nombre": "correcto",
    "direccion": "Avenida del Mediterráneo - Avinguda del Mediterranio 41",
    "lat": 38.53627,
    "lng": -0.11283,
    "utm_x": 752630.45,
    "utm_y": 4269258.66,
    "utm_huso": 30,
    "fuente": "OpenStreetMap (Overpass)",
    "licencia": "ODbL 1.0",
    "confianza": 26,
    "estado_espacial": "proximo_limite",
    "geometria_origen": "punto_representativo"
   }
  },
  {
   "type": "Feature",
   "geometry": {
    "type": "Point",
    "coordinates": [
     -0.06538,
     38.57911
    ]
   },
   "properties": {
    "id_tecnico": "9f04f102-654a-4f2b-b5b6-0208369424b8",
    "categoria": "infraestructuras",
    "tipo": "camping",
    "nombre": "Cap Blanch",
    "estado_nombre": "correcto",
    "direccion": null,
    "lat": 38.57911,
    "lng": -0.06538,
    "utm_x": 756632.57,
    "utm_y": 4274144.36,
    "utm_huso": 30,
    "fuente": "OpenStreetMap (Overpass)",
    "licencia": "ODbL 1.0",
    "confianza": 3,
    "estado_espacial": "fuera_municipio",
    "geometria_origen": "punto_representativo"
   }
  },
  {
   "type": "Feature",
   "geometry": {
    "type": "Point",
    "coordinates": [
     -0.10709,
     38.53559
    ]
   },
   "properties": {
    "id_tecnico": "a0572f8f-6967-441d-b0a5-1e31360c1613",
    "categoria": "infraestructuras",
    "tipo": "parada_autobus",
    "nombre": "208 - H. Nereo",
    "estado_nombre": "correcto",
    "direccion": "Av. Ametlla de Mar, 16 (H. Nereo)",
    "lat": 38.53559,
    "lng": -0.10709,
    "utm_x": 753135.16,
    "utm_y": 4269198.87,
    "utm_huso": 30,
    "fuente": "Plantilla municipal — Limpieza info (PTM Benidorm)",
    "licencia": "Uso interno del proyecto",
    "confianza": 26,
    "estado_espacial": "valido",
    "geometria_origen": "punto_representativo"
   }
  },
  {
   "type": "Feature",
   "geometry": {
    "type": "Point",
    "coordinates": [
     -0.10507,
     38.53277
    ]
   },
   "properties": {
    "id_tecnico": "a0d97df8-e95a-46fe-aace-f6ed108c3ad4",
    "categoria": "infraestructuras",
    "tipo": "alojamiento",
    "nombre": "alojamiento way/1427641255",
    "estado_nombre": "correcto",
    "direccion": null,
    "lat": 38.53277,
    "lng": -0.10507,
    "utm_x": 753321.73,
    "utm_y": 4268891.39,
    "utm_huso": 30,
    "fuente": "OpenStreetMap (Overpass)",
    "licencia": "ODbL 1.0",
    "confianza": 23,
    "estado_espacial": "proximo_limite",
    "geometria_origen": "punto_representativo"
   }
  },
  {
   "type": "Feature",
   "geometry": {
    "type": "Point",
    "coordinates": [
     -0.1611,
     38.53244
    ]
   },
   "properties": {
    "id_tecnico": "a12937e4-ff7b-494b-88a6-310973445c4f",
    "categoria": "infraestructuras",
    "tipo": "parada_autobus",
    "nombre": "Av. Mont-Benidorm, 10",
    "estado_nombre": "correcto",
    "direccion": null,
    "lat": 38.53244,
    "lng": -0.1611,
    "utm_x": 748418.98,
    "utm_y": 4268702.89,
    "utm_huso": 30,
    "fuente": "OpenStreetMap (Overpass)",
    "licencia": "ODbL 1.0",
    "confianza": 23,
    "estado_espacial": "valido",
    "geometria_origen": "punto_representativo"
   }
  },
  {
   "type": "Feature",
   "geometry": {
    "type": "Point",
    "coordinates": [
     -0.12018,
     38.53923
    ]
   },
   "properties": {
    "id_tecnico": "a16e48de-1f41-4049-b5fc-697c80a9195b",
    "categoria": "infraestructuras",
    "tipo": "parada_autobus",
    "nombre": "242 - Europa 12",
    "estado_nombre": "correcto",
    "direccion": "Av. Europa, 12",
    "lat": 38.53923,
    "lng": -0.12018,
    "utm_x": 751976.98,
    "utm_y": 4269567.17,
    "utm_huso": 30,
    "fuente": "Plantilla municipal — Limpieza info (PTM Benidorm)",
    "licencia": "Uso interno del proyecto",
    "confianza": 26,
    "estado_espacial": "valido",
    "geometria_origen": "punto_representativo"
   }
  },
  {
   "type": "Feature",
   "geometry": {
    "type": "Point",
    "coordinates": [
     -0.13024,
     38.53985
    ]
   },
   "properties": {
    "id_tecnico": "a18a60f4-53f7-458f-a7ed-e9d15d901578",
    "categoria": "equipamientos",
    "tipo": "alimentacion",
    "nombre": "Supermercado Andrés",
    "estado_nombre": "correcto",
    "direccion": "Avenida de Ruzafa - Avinguda de Russafa",
    "lat": 38.53985,
    "lng": -0.13024,
    "utm_x": 751094.45,
    "utm_y": 4269608.64,
    "utm_huso": 30,
    "fuente": "OpenStreetMap (Overpass)",
    "licencia": "ODbL 1.0",
    "confianza": 26,
    "estado_espacial": "valido",
    "geometria_origen": "punto_representativo"
   }
  },
  {
   "type": "Feature",
   "geometry": {
    "type": "Point",
    "coordinates": [
     -0.12359,
     38.53731
    ]
   },
   "properties": {
    "id_tecnico": "a1c68b9b-5320-47b2-b804-0573a484756c",
    "categoria": "equipamientos",
    "tipo": "farmacia",
    "nombre": "farmacia node/5024882095",
    "estado_nombre": "correcto",
    "direccion": "avenida del Mediterráneo - Avinguda del Mediterrani",
    "lat": 38.53731,
    "lng": -0.12359,
    "utm_x": 751685.17,
    "utm_y": 4269344.78,
    "utm_huso": 30,
    "fuente": "OpenStreetMap (Overpass)",
    "licencia": "ODbL 1.0",
    "confianza": 26,
    "estado_espacial": "proximo_limite",
    "geometria_origen": "punto_representativo"
   }
  },
  {
   "type": "Feature",
   "geometry": {
    "type": "Point",
    "coordinates": [
     -0.1371,
     38.54056
    ]
   },
   "properties": {
    "id_tecnico": "a1c6f901-8611-4e83-b23b-5207f8bade5b",
    "categoria": "equipamientos",
    "tipo": "centro_especialidades",
    "nombre": "CENTRO DE ESPECIALIDADES DE BENIDORM",
    "estado_nombre": "correcto",
    "direccion": "VENEZUELA, S/N",
    "lat": 38.54056,
    "lng": -0.1371,
    "utm_x": 750491.67,
    "utm_y": 4269668.86,
    "utm_huso": 30,
    "fuente": "GVA - Sistema Valenciano de Salud, centros sanitarios (ICV WFS)",
    "licencia": "CC BY 4.0",
    "confianza": 26,
    "estado_espacial": "valido",
    "geometria_origen": "punto_representativo"
   }
  },
  {
   "type": "Feature",
   "geometry": {
    "type": "Point",
    "coordinates": [
     -0.1013,
     38.5442
    ]
   },
   "properties": {
    "id_tecnico": "a2041097-8e91-4b55-acbc-eb3c72924c6c",
    "categoria": "infraestructuras",
    "tipo": "alojamiento",
    "nombre": "Hotel Mediterráneo",
    "estado_nombre": "correcto",
    "direccion": null,
    "lat": 38.5442,
    "lng": -0.1013,
    "utm_x": 753612.01,
    "utm_y": 4270170.4,
    "utm_huso": 30,
    "fuente": "OpenStreetMap (Overpass)",
    "licencia": "ODbL 1.0",
    "confianza": 23,
    "estado_espacial": "valido",
    "geometria_origen": "punto_representativo"
   }
  },
  {
   "type": "Feature",
   "geometry": {
    "type": "Point",
    "coordinates": [
     -0.13115,
     38.54465
    ]
   },
   "properties": {
    "id_tecnico": "a2c8b23d-c5c1-44ee-97e6-95d925936b17",
    "categoria": "infraestructuras",
    "tipo": "parada_autobus",
    "nombre": "Av. l'Aigüera, front 13",
    "estado_nombre": "correcto",
    "direccion": null,
    "lat": 38.54465,
    "lng": -0.13115,
    "utm_x": 750998.32,
    "utm_y": 4270138.95,
    "utm_huso": 30,
    "fuente": "OpenStreetMap (Overpass)",
    "licencia": "ODbL 1.0",
    "confianza": 23,
    "estado_espacial": "valido",
    "geometria_origen": "punto_representativo"
   }
  },
  {
   "type": "Feature",
   "geometry": {
    "type": "Point",
    "coordinates": [
     -0.15946,
     38.53392
    ]
   },
   "properties": {
    "id_tecnico": "a2e628f8-4e36-4bfe-9984-4d7cfbf4b358",
    "categoria": "infraestructuras",
    "tipo": "parada_autobus",
    "nombre": "Av. la Vila Joiosa, 22AC",
    "estado_nombre": "correcto",
    "direccion": null,
    "lat": 38.53392,
    "lng": -0.15946,
    "utm_x": 748557.48,
    "utm_y": 4268871.56,
    "utm_huso": 30,
    "fuente": "OpenStreetMap (Overpass)",
    "licencia": "ODbL 1.0",
    "confianza": 23,
    "estado_espacial": "valido",
    "geometria_origen": "punto_representativo"
   }
  },
  {
   "type": "Feature",
   "geometry": {
    "type": "Point",
    "coordinates": [
     -0.14966,
     38.54457
    ]
   },
   "properties": {
    "id_tecnico": "a303c1a5-d279-460c-b17f-81b8c749df87",
    "categoria": "infraestructuras",
    "tipo": "parada_autobus",
    "nombre": "C/ Adolfo Suárez, 8",
    "estado_nombre": "correcto",
    "direccion": null,
    "lat": 38.54457,
    "lng": -0.14966,
    "utm_x": 749378.82,
    "utm_y": 4270080.02,
    "utm_huso": 30,
    "fuente": "OpenStreetMap (Overpass)",
    "licencia": "ODbL 1.0",
    "confianza": 23,
    "estado_espacial": "valido",
    "geometria_origen": "punto_representativo"
   }
  },
  {
   "type": "Feature",
   "geometry": {
    "type": "Point",
    "coordinates": [
     -0.10669,
     38.53179
    ]
   },
   "properties": {
    "id_tecnico": "a36061d9-da03-4916-914e-be7f2022b3ad",
    "categoria": "equipamientos",
    "tipo": "alimentacion",
    "nombre": "Supermercado One Stop",
    "estado_nombre": "correcto",
    "direccion": null,
    "lat": 38.53179,
    "lng": -0.10669,
    "utm_x": 753183.34,
    "utm_y": 4268778.18,
    "utm_huso": 30,
    "fuente": "OpenStreetMap (Overpass)",
    "licencia": "ODbL 1.0",
    "confianza": 23,
    "estado_espacial": "proximo_limite",
    "geometria_origen": "punto_representativo"
   }
  },
  {
   "type": "Feature",
   "geometry": {
    "type": "Point",
    "coordinates": [
     -0.13514,
     38.54816
    ]
   },
   "properties": {
    "id_tecnico": "a374c972-c634-4635-8a06-742439e2d2ec",
    "categoria": "infraestructuras",
    "tipo": "parada_tranvia",
    "nombre": "Benidorm",
    "estado_nombre": "correcto",
    "direccion": null,
    "lat": 38.54816,
    "lng": -0.13514,
    "utm_x": 750637.12,
    "utm_y": 4270517.73,
    "utm_huso": 30,
    "fuente": "OpenStreetMap (Overpass)",
    "licencia": "ODbL 1.0",
    "confianza": 23,
    "estado_espacial": "valido",
    "geometria_origen": "punto_representativo"
   }
  },
  {
   "type": "Feature",
   "geometry": {
    "type": "Point",
    "coordinates": [
     -0.12943,
     38.53731
    ]
   },
   "properties": {
    "id_tecnico": "a41d767e-cfe8-4b1e-aa64-efa174aaed8a",
    "categoria": "infraestructuras",
    "tipo": "alojamiento",
    "nombre": "Hostal Tabarca",
    "estado_nombre": "correcto",
    "direccion": "Avenida de Ruzafa - Avinguda de Russafa",
    "lat": 38.53731,
    "lng": -0.12943,
    "utm_x": 751174.07,
    "utm_y": 4269328.91,
    "utm_huso": 30,
    "fuente": "OpenStreetMap (Overpass)",
    "licencia": "ODbL 1.0",
    "confianza": 26,
    "estado_espacial": "valido",
    "geometria_origen": "punto_representativo"
   }
  },
  {
   "type": "Feature",
   "geometry": {
    "type": "Point",
    "coordinates": [
     -0.15905,
     38.54667
    ]
   },
   "properties": {
    "id_tecnico": "a42793b6-f1af-473a-a310-dc9b2dadd0e1",
    "categoria": "infraestructuras",
    "tipo": "parada_taxi",
    "nombre": "Taxi",
    "estado_nombre": "correcto",
    "direccion": null,
    "lat": 38.54667,
    "lng": -0.15905,
    "utm_x": 748549.98,
    "utm_y": 4270287.84,
    "utm_huso": 30,
    "fuente": "OpenStreetMap (Overpass)",
    "licencia": "ODbL 1.0",
    "confianza": 23,
    "estado_espacial": "valido",
    "geometria_origen": "punto_representativo"
   }
  },
  {
   "type": "Feature",
   "geometry": {
    "type": "Point",
    "coordinates": [
     -0.11559,
     38.53918
    ]
   },
   "properties": {
    "id_tecnico": "a4586642-2cc8-4c82-b60f-bcfd3aece06f",
    "categoria": "equipamientos",
    "tipo": "alimentacion",
    "nombre": "Coaliment",
    "estado_nombre": "correcto",
    "direccion": null,
    "lat": 38.53918,
    "lng": -0.11559,
    "utm_x": 752378.85,
    "utm_y": 4269574.13,
    "utm_huso": 30,
    "fuente": "OpenStreetMap (Overpass)",
    "licencia": "ODbL 1.0",
    "confianza": 23,
    "estado_espacial": "valido",
    "geometria_origen": "punto_representativo"
   }
  },
  {
   "type": "Feature",
   "geometry": {
    "type": "Point",
    "coordinates": [
     -0.10848,
     38.5526
    ]
   },
   "properties": {
    "id_tecnico": "a4907c06-f93e-4ce9-a67a-f230c9b646ce",
    "categoria": "infraestructuras",
    "tipo": "parada_autobus",
    "nombre": "361 - Lonja",
    "estado_nombre": "correcto",
    "direccion": "Av. Comunitat Valenciana, km 123.6",
    "lat": 38.5526,
    "lng": -0.10848,
    "utm_x": 752954.59,
    "utm_y": 4271083.1,
    "utm_huso": 30,
    "fuente": "Plantilla municipal — Limpieza info (PTM Benidorm)",
    "licencia": "Uso interno del proyecto",
    "confianza": 26,
    "estado_espacial": "valido",
    "geometria_origen": "punto_representativo"
   }
  },
  {
   "type": "Feature",
   "geometry": {
    "type": "Point",
    "coordinates": [
     -0.14754,
     38.56105
    ]
   },
   "properties": {
    "id_tecnico": "a4c39689-e5c3-4ada-860b-0bdd2f82765f",
    "categoria": "infraestructuras",
    "tipo": "parada_autobus",
    "nombre": "Av. Eduardo Zaplana",
    "estado_nombre": "correcto",
    "direccion": null,
    "lat": 38.56105,
    "lng": -0.14754,
    "utm_x": 749508.01,
    "utm_y": 4271914.93,
    "utm_huso": 30,
    "fuente": "OpenStreetMap (Overpass)",
    "licencia": "ODbL 1.0",
    "confianza": 23,
    "estado_espacial": "valido",
    "geometria_origen": "punto_representativo"
   }
  },
  {
   "type": "Feature",
   "geometry": {
    "type": "Point",
    "coordinates": [
     -0.11726,
     38.54034
    ]
   },
   "properties": {
    "id_tecnico": "a50135a8-af23-4d58-929b-7830a024fc9a",
    "categoria": "equipamientos",
    "tipo": "alimentacion",
    "nombre": "alimentacion node/14162128728",
    "estado_nombre": "correcto",
    "direccion": null,
    "lat": 38.54034,
    "lng": -0.11726,
    "utm_x": 752228.69,
    "utm_y": 4269698.33,
    "utm_huso": 30,
    "fuente": "OpenStreetMap (Overpass)",
    "licencia": "ODbL 1.0",
    "confianza": 23,
    "estado_espacial": "valido",
    "geometria_origen": "punto_representativo"
   }
  },
  {
   "type": "Feature",
   "geometry": {
    "type": "Point",
    "coordinates": [
     -0.10501,
     38.54243
    ]
   },
   "properties": {
    "id_tecnico": "a5568245-ac68-4941-baee-19dff3a68c0c",
    "categoria": "infraestructuras",
    "tipo": "parada_autobus",
    "nombre": "Av. Ciudad Real, 4",
    "estado_nombre": "correcto",
    "direccion": null,
    "lat": 38.54243,
    "lng": -0.10501,
    "utm_x": 753293.49,
    "utm_y": 4269963.77,
    "utm_huso": 30,
    "fuente": "OpenStreetMap (Overpass)",
    "licencia": "ODbL 1.0",
    "confianza": 23,
    "estado_espacial": "valido",
    "geometria_origen": "punto_representativo"
   }
  },
  {
   "type": "Feature",
   "geometry": {
    "type": "Point",
    "coordinates": [
     -0.09842,
     38.56032
    ]
   },
   "properties": {
    "id_tecnico": "a589cee2-8bfb-489e-8ee9-181a800ee8ad",
    "categoria": "infraestructuras",
    "tipo": "parada_autobus",
    "nombre": "219 - Rte. El Cisne",
    "estado_nombre": "correcto",
    "direccion": "Ctra. N-332, km 128 (Restaurant El Cisne)",
    "lat": 38.56032,
    "lng": -0.09842,
    "utm_x": 753807.99,
    "utm_y": 4271967.55,
    "utm_huso": 30,
    "fuente": "Plantilla municipal — Limpieza info (PTM Benidorm)",
    "licencia": "Uso interno del proyecto",
    "confianza": 26,
    "estado_espacial": "valido",
    "geometria_origen": "punto_representativo"
   }
  },
  {
   "type": "Feature",
   "geometry": {
    "type": "Point",
    "coordinates": [
     -0.11166,
     38.54035
    ]
   },
   "properties": {
    "id_tecnico": "a5d530ee-a38a-43d3-8cfd-be24a615f3f6",
    "categoria": "equipamientos",
    "tipo": "alimentacion",
    "nombre": "Supermarket Quicksave",
    "estado_nombre": "correcto",
    "direccion": "Avinguda de l'Almirall Bernat de Sarrià",
    "lat": 38.54035,
    "lng": -0.11166,
    "utm_x": 752718.73,
    "utm_y": 4269714.72,
    "utm_huso": 30,
    "fuente": "OpenStreetMap (Overpass)",
    "licencia": "ODbL 1.0",
    "confianza": 26,
    "estado_espacial": "valido",
    "geometria_origen": "punto_representativo"
   }
  },
  {
   "type": "Feature",
   "geometry": {
    "type": "Point",
    "coordinates": [
     -0.15036,
     38.53653
    ]
   },
   "properties": {
    "id_tecnico": "a65c0ccc-fb17-4d2e-b7ed-d12e1b4a4667",
    "categoria": "equipamientos",
    "tipo": "alimentacion",
    "nombre": "Gurjot",
    "estado_nombre": "correcto",
    "direccion": "Avinguda de l'Armada Espanyola 24",
    "lat": 38.53653,
    "lng": -0.15036,
    "utm_x": 749345.01,
    "utm_y": 4269185.74,
    "utm_huso": 30,
    "fuente": "OpenStreetMap (Overpass)",
    "licencia": "ODbL 1.0",
    "confianza": 26,
    "estado_espacial": "proximo_limite",
    "geometria_origen": "punto_representativo"
   }
  },
  {
   "type": "Feature",
   "geometry": {
    "type": "Point",
    "coordinates": [
     -0.17277,
     38.5337
    ]
   },
   "properties": {
    "id_tecnico": "a6d9f2ac-eacb-4c54-a587-6b1535bff207",
    "categoria": "servicios_basicos",
    "tipo": "estacion_servicio",
    "nombre": "Repsol",
    "estado_nombre": "correcto",
    "direccion": "Avinguda Picasso",
    "lat": 38.5337,
    "lng": -0.17277,
    "utm_x": 747393.33,
    "utm_y": 4268811.48,
    "utm_huso": 30,
    "fuente": "OpenStreetMap (Overpass)",
    "licencia": "ODbL 1.0",
    "confianza": 9,
    "estado_espacial": "fuera_municipio",
    "geometria_origen": "punto_representativo"
   }
  },
  {
   "type": "Feature",
   "geometry": {
    "type": "Point",
    "coordinates": [
     -0.13069,
     38.53934
    ]
   },
   "properties": {
    "id_tecnico": "a6e1edb0-6f74-4405-8573-fc05c35583ba",
    "categoria": "equipamientos",
    "tipo": "colegio",
    "nombre": "Col·legi d'Educació Infantil i Primària Leonor Canalejas",
    "estado_nombre": "correcto",
    "direccion": null,
    "lat": 38.53934,
    "lng": -0.13069,
    "utm_x": 751056.82,
    "utm_y": 4269550.81,
    "utm_huso": 30,
    "fuente": "OpenStreetMap (Overpass)",
    "licencia": "ODbL 1.0",
    "confianza": 26,
    "estado_espacial": "valido",
    "geometria_origen": "punto_representativo"
   }
  },
  {
   "type": "Feature",
   "geometry": {
    "type": "Point",
    "coordinates": [
     -0.1199,
     38.55521
    ]
   },
   "properties": {
    "id_tecnico": "a73be3f6-3ee1-4d78-b328-6cad4880cd56",
    "categoria": "equipamientos",
    "tipo": "colegio",
    "nombre": "Institut d'Educació Secundària Beatriu Fajardo de Mendoza",
    "estado_nombre": "correcto",
    "direccion": null,
    "lat": 38.55521,
    "lng": -0.1199,
    "utm_x": 751946.35,
    "utm_y": 4271341.64,
    "utm_huso": 30,
    "fuente": "OpenStreetMap (Overpass)",
    "licencia": "ODbL 1.0",
    "confianza": 26,
    "estado_espacial": "valido",
    "geometria_origen": "punto_representativo"
   }
  },
  {
   "type": "Feature",
   "geometry": {
    "type": "Point",
    "coordinates": [
     -0.13558,
     38.54828
    ]
   },
   "properties": {
    "id_tecnico": "a79eda51-e3ae-4684-99bc-5207878c2d6e",
    "categoria": "infraestructuras",
    "tipo": "estacion_ferrocarril",
    "nombre": "Benidorm",
    "estado_nombre": "correcto",
    "direccion": null,
    "lat": 38.54828,
    "lng": -0.13558,
    "utm_x": 750598.2,
    "utm_y": 4270529.85,
    "utm_huso": 30,
    "fuente": "OpenStreetMap (Overpass)",
    "licencia": "ODbL 1.0",
    "confianza": 23,
    "estado_espacial": "valido",
    "geometria_origen": "punto_representativo"
   }
  },
  {
   "type": "Feature",
   "geometry": {
    "type": "Point",
    "coordinates": [
     -0.10384,
     38.54161
    ]
   },
   "properties": {
    "id_tecnico": "a7cd6eae-331c-4df8-ac95-2df1c73d0143",
    "categoria": "infraestructuras",
    "tipo": "parada_autobus",
    "nombre": "230 - H. Levante Club",
    "estado_nombre": "correcto",
    "direccion": "Av. Severo Ochoa, 5 (Hotel Levante)",
    "lat": 38.54161,
    "lng": -0.10384,
    "utm_x": 753398.72,
    "utm_y": 4269875.96,
    "utm_huso": 30,
    "fuente": "Plantilla municipal — Limpieza info (PTM Benidorm)",
    "licencia": "Uso interno del proyecto",
    "confianza": 26,
    "estado_espacial": "valido",
    "geometria_origen": "punto_representativo"
   }
  },
  {
   "type": "Feature",
   "geometry": {
    "type": "Point",
    "coordinates": [
     -0.1315,
     38.54584
    ]
   },
   "properties": {
    "id_tecnico": "a7ed96e6-e292-4636-8b3e-d1cfdcd0cd0f",
    "categoria": "infraestructuras",
    "tipo": "parada_autobus",
    "nombre": "Av. l'Aigüera, front 17-18",
    "estado_nombre": "correcto",
    "direccion": null,
    "lat": 38.54584,
    "lng": -0.1315,
    "utm_x": 750963.6,
    "utm_y": 4270270.08,
    "utm_huso": 30,
    "fuente": "OpenStreetMap (Overpass)",
    "licencia": "ODbL 1.0",
    "confianza": 23,
    "estado_espacial": "valido",
    "geometria_origen": "punto_representativo"
   }
  },
  {
   "type": "Feature",
   "geometry": {
    "type": "Point",
    "coordinates": [
     -0.07104,
     38.57361
    ]
   },
   "properties": {
    "id_tecnico": "a822a708-6e30-4841-976f-b18a01240296",
    "categoria": "equipamientos",
    "tipo": "farmacia",
    "nombre": "Ana María Bartolomé Gisbert",
    "estado_nombre": "correcto",
    "direccion": "Bulevard dels Musics 18",
    "lat": 38.57361,
    "lng": -0.07104,
    "utm_x": 756156.81,
    "utm_y": 4273518.18,
    "utm_huso": 30,
    "fuente": "OpenStreetMap (Overpass)",
    "licencia": "ODbL 1.0",
    "confianza": 9,
    "estado_espacial": "fuera_municipio",
    "geometria_origen": "punto_representativo"
   }
  },
  {
   "type": "Feature",
   "geometry": {
    "type": "Point",
    "coordinates": [
     -0.09612,
     38.56628
    ]
   },
   "properties": {
    "id_tecnico": "a907a7ae-7454-4316-b596-01eec03df67c",
    "categoria": "infraestructuras",
    "tipo": "camping",
    "nombre": "Camping & Bungalows La Almafrá",
    "estado_nombre": "correcto",
    "direccion": null,
    "lat": 38.56628,
    "lng": -0.09612,
    "utm_x": 753988.48,
    "utm_y": 4272635.4,
    "utm_huso": 30,
    "fuente": "OpenStreetMap (Overpass)",
    "licencia": "ODbL 1.0",
    "confianza": 23,
    "estado_espacial": "valido",
    "geometria_origen": "punto_representativo"
   }
  },
  {
   "type": "Feature",
   "geometry": {
    "type": "Point",
    "coordinates": [
     -0.11278,
     38.53593
    ]
   },
   "properties": {
    "id_tecnico": "a922a07b-39ec-46f4-a9a1-c8cd313031d1",
    "categoria": "infraestructuras",
    "tipo": "parada_autobus",
    "nombre": "205 - Mini golf",
    "estado_nombre": "correcto",
    "direccion": "Av. Mediterráneo, 54",
    "lat": 38.53593,
    "lng": -0.11278,
    "utm_x": 752636,
    "utm_y": 4269221.06,
    "utm_huso": 30,
    "fuente": "Plantilla municipal — Limpieza info (PTM Benidorm)",
    "licencia": "Uso interno del proyecto",
    "confianza": 26,
    "estado_espacial": "proximo_limite",
    "geometria_origen": "punto_representativo"
   }
  },
  {
   "type": "Feature",
   "geometry": {
    "type": "Point",
    "coordinates": [
     -0.14,
     38.54508
    ]
   },
   "properties": {
    "id_tecnico": "a98a1eb9-0cac-4a02-83d8-4478d81c4284",
    "categoria": "infraestructuras",
    "tipo": "parada_autobus",
    "nombre": "Av. 9 d'Octubre (Residència)",
    "estado_nombre": "correcto",
    "direccion": null,
    "lat": 38.54508,
    "lng": -0.14,
    "utm_x": 750222.4,
    "utm_y": 4270162.71,
    "utm_huso": 30,
    "fuente": "OpenStreetMap (Overpass)",
    "licencia": "ODbL 1.0",
    "confianza": 23,
    "estado_espacial": "valido",
    "geometria_origen": "punto_representativo"
   }
  },
  {
   "type": "Feature",
   "geometry": {
    "type": "Point",
    "coordinates": [
     -0.14605,
     38.53723
    ]
   },
   "properties": {
    "id_tecnico": "a9924485-dcc5-49d5-9844-6d27e4b7e1e9",
    "categoria": "equipamientos",
    "tipo": "alimentacion",
    "nombre": "Paquillo",
    "estado_nombre": "correcto",
    "direccion": "Avinguda de l'Armada Espanyola 16",
    "lat": 38.53723,
    "lng": -0.14605,
    "utm_x": 749719.81,
    "utm_y": 4269275.06,
    "utm_huso": 30,
    "fuente": "OpenStreetMap (Overpass)",
    "licencia": "ODbL 1.0",
    "confianza": 26,
    "estado_espacial": "proximo_limite",
    "geometria_origen": "punto_representativo"
   }
  },
  {
   "type": "Feature",
   "geometry": {
    "type": "Point",
    "coordinates": [
     -0.1128,
     38.53614
    ]
   },
   "properties": {
    "id_tecnico": "a99bb992-1f94-479d-99f6-bef4cfba8416",
    "categoria": "infraestructuras",
    "tipo": "parada_autobus",
    "nombre": "236 - H. Don Pancho",
    "estado_nombre": "correcto",
    "direccion": "Av. Mediterráneo, 41 (Hotel Don Pancho)",
    "lat": 38.53614,
    "lng": -0.1128,
    "utm_x": 752633.53,
    "utm_y": 4269244.31,
    "utm_huso": 30,
    "fuente": "Plantilla municipal — Limpieza info (PTM Benidorm)",
    "licencia": "Uso interno del proyecto",
    "confianza": 26,
    "estado_espacial": "proximo_limite",
    "geometria_origen": "punto_representativo"
   }
  },
  {
   "type": "Feature",
   "geometry": {
    "type": "Point",
    "coordinates": [
     -0.10306,
     38.53542
    ]
   },
   "properties": {
    "id_tecnico": "aacbc32d-d598-4437-b32b-9a21b5bc1577",
    "categoria": "infraestructuras",
    "tipo": "parada_autobus",
    "nombre": "Av. Montecarlo, 11",
    "estado_nombre": "correcto",
    "direccion": null,
    "lat": 38.53542,
    "lng": -0.10306,
    "utm_x": 753488.46,
    "utm_y": 4269191.03,
    "utm_huso": 30,
    "fuente": "OpenStreetMap (Overpass)",
    "licencia": "ODbL 1.0",
    "confianza": 23,
    "estado_espacial": "valido",
    "geometria_origen": "punto_representativo"
   }
  },
  {
   "type": "Feature",
   "geometry": {
    "type": "Point",
    "coordinates": [
     -0.09596,
     38.5551
    ]
   },
   "properties": {
    "id_tecnico": "aaf48ac9-1854-4081-bff6-faff54260f22",
    "categoria": "infraestructuras",
    "tipo": "camping",
    "nombre": "Camping Villamar",
    "estado_nombre": "correcto",
    "direccion": null,
    "lat": 38.5551,
    "lng": -0.09596,
    "utm_x": 754041.38,
    "utm_y": 4271394.9,
    "utm_huso": 30,
    "fuente": "OpenStreetMap (Overpass)",
    "licencia": "ODbL 1.0",
    "confianza": 23,
    "estado_espacial": "valido",
    "geometria_origen": "punto_representativo"
   }
  },
  {
   "type": "Feature",
   "geometry": {
    "type": "Point",
    "coordinates": [
     -0.12658,
     38.53659
    ]
   },
   "properties": {
    "id_tecnico": "ab4f17ef-4a10-40c2-9eff-d148198c980a",
    "categoria": "equipamientos",
    "tipo": "farmacia",
    "nombre": "Farmacia Balaguer Puchades",
    "estado_nombre": "correcto",
    "direccion": null,
    "lat": 38.53659,
    "lng": -0.12658,
    "utm_x": 751425.97,
    "utm_y": 4269256.74,
    "utm_huso": 30,
    "fuente": "OpenStreetMap (Overpass)",
    "licencia": "ODbL 1.0",
    "confianza": 23,
    "estado_espacial": "proximo_limite",
    "geometria_origen": "punto_representativo"
   }
  },
  {
   "type": "Feature",
   "geometry": {
    "type": "Point",
    "coordinates": [
     -0.13919,
     38.54259
    ]
   },
   "properties": {
    "id_tecnico": "ab726497-4c09-4f69-ac9b-1bf018856284",
    "categoria": "equipamientos",
    "tipo": "centro_salud",
    "nombre": "Centro de Especialidades de Foietes",
    "estado_nombre": "correcto",
    "direccion": "Avinguda de Veneçuela",
    "lat": 38.54259,
    "lng": -0.13919,
    "utm_x": 750301.81,
    "utm_y": 4269888.52,
    "utm_huso": 30,
    "fuente": "OpenStreetMap (Overpass)",
    "licencia": "ODbL 1.0",
    "confianza": 26,
    "estado_espacial": "valido",
    "geometria_origen": "punto_representativo"
   }
  },
  {
   "type": "Feature",
   "geometry": {
    "type": "Point",
    "coordinates": [
     -0.12339,
     38.54832
    ]
   },
   "properties": {
    "id_tecnico": "ab9fbdf3-f6ed-4d8f-aa87-f107d21f8a9c",
    "categoria": "infraestructuras",
    "tipo": "estacion_ferrocarril",
    "nombre": "Benidorm Intermodal",
    "estado_nombre": "correcto",
    "direccion": null,
    "lat": 38.54832,
    "lng": -0.12339,
    "utm_x": 751664.73,
    "utm_y": 4270567.38,
    "utm_huso": 30,
    "fuente": "OpenStreetMap (Overpass)",
    "licencia": "ODbL 1.0",
    "confianza": 23,
    "estado_espacial": "valido",
    "geometria_origen": "punto_representativo"
   }
  },
  {
   "type": "Feature",
   "geometry": {
    "type": "Point",
    "coordinates": [
     -0.12729,
     38.53856
    ]
   },
   "properties": {
    "id_tecnico": "ac1e9302-2009-4282-a269-26825955b23c",
    "categoria": "infraestructuras",
    "tipo": "parada_autobus",
    "nombre": "parada autobus node/13391204636",
    "estado_nombre": "correcto",
    "direccion": null,
    "lat": 38.53856,
    "lng": -0.12729,
    "utm_x": 751357.06,
    "utm_y": 4269473.47,
    "utm_huso": 30,
    "fuente": "OpenStreetMap (Overpass)",
    "licencia": "ODbL 1.0",
    "confianza": 23,
    "estado_espacial": "valido",
    "geometria_origen": "punto_representativo"
   }
  },
  {
   "type": "Feature",
   "geometry": {
    "type": "Point",
    "coordinates": [
     -0.13274,
     38.54326
    ]
   },
   "properties": {
    "id_tecnico": "ac465c4e-2cd6-4590-a7a9-e9e021dcd542",
    "categoria": "animales",
    "tipo": "clinica_veterinaria",
    "nombre": "Clínica Veterinaria CostaBlanca",
    "estado_nombre": "correcto",
    "direccion": "Avinguda del Rei Jaume I 33",
    "lat": 38.54326,
    "lng": -0.13274,
    "utm_x": 750863.96,
    "utm_y": 4269980.35,
    "utm_huso": 30,
    "fuente": "OpenStreetMap (Overpass)",
    "licencia": "ODbL 1.0",
    "confianza": 26,
    "estado_espacial": "valido",
    "geometria_origen": "punto_representativo"
   }
  },
  {
   "type": "Feature",
   "geometry": {
    "type": "Point",
    "coordinates": [
     -0.11827,
     38.53755
    ]
   },
   "properties": {
    "id_tecnico": "aca4f398-c0bf-4e0e-9870-e5c8dbf9ad13",
    "categoria": "equipamientos",
    "tipo": "alimentacion",
    "nombre": "Kwik E Mart",
    "estado_nombre": "correcto",
    "direccion": "Calle de Gerona",
    "lat": 38.53755,
    "lng": -0.11827,
    "utm_x": 752149.93,
    "utm_y": 4269385.9,
    "utm_huso": 30,
    "fuente": "OpenStreetMap (Overpass)",
    "licencia": "ODbL 1.0",
    "confianza": 26,
    "estado_espacial": "valido",
    "geometria_origen": "punto_representativo"
   }
  },
  {
   "type": "Feature",
   "geometry": {
    "type": "Point",
    "coordinates": [
     -0.13571,
     38.54646
    ]
   },
   "properties": {
    "id_tecnico": "acad0b0f-c856-4996-bba0-465c221494cf",
    "categoria": "equipamientos",
    "tipo": "colegio",
    "nombre": "CEIP VASCO NÚÑEZ DE BALBOA",
    "estado_nombre": "correcto",
    "direccion": "CL. CAPITÁN CORTÉS, S/N",
    "lat": 38.54646,
    "lng": -0.13571,
    "utm_x": 750593.07,
    "utm_y": 4270327.49,
    "utm_huso": 30,
    "fuente": "GVA - Centros docentes de la Comunitat Valenciana (ICV WFS)",
    "licencia": "CC BY 4.0",
    "confianza": 29,
    "estado_espacial": "valido",
    "geometria_origen": "punto_representativo"
   }
  },
  {
   "type": "Feature",
   "geometry": {
    "type": "Point",
    "coordinates": [
     -0.14247,
     38.54037
    ]
   },
   "properties": {
    "id_tecnico": "acbb98e6-3e5b-4eb5-bcf2-9a90d448d40f",
    "categoria": "infraestructuras",
    "tipo": "parada_autobus",
    "nombre": "Av. Cuba, 9",
    "estado_nombre": "correcto",
    "direccion": null,
    "lat": 38.54037,
    "lng": -0.14247,
    "utm_x": 750022.38,
    "utm_y": 4269633.25,
    "utm_huso": 30,
    "fuente": "OpenStreetMap (Overpass)",
    "licencia": "ODbL 1.0",
    "confianza": 23,
    "estado_espacial": "valido",
    "geometria_origen": "punto_representativo"
   }
  },
  {
   "type": "Feature",
   "geometry": {
    "type": "Point",
    "coordinates": [
     -0.15964,
     38.53093
    ]
   },
   "properties": {
    "id_tecnico": "ace23611-46c5-4691-82f6-6b9f87c3cf03",
    "categoria": "equipamientos",
    "tipo": "biblioteca",
    "nombre": "Biblioplaya La Cala",
    "estado_nombre": "correcto",
    "direccion": null,
    "lat": 38.53093,
    "lng": -0.15964,
    "utm_x": 748551.89,
    "utm_y": 4268539.21,
    "utm_huso": 30,
    "fuente": "OpenStreetMap (Overpass)",
    "licencia": "ODbL 1.0",
    "confianza": 23,
    "estado_espacial": "proximo_limite",
    "geometria_origen": "punto_representativo"
   }
  },
  {
   "type": "Feature",
   "geometry": {
    "type": "Point",
    "coordinates": [
     -0.13348,
     38.57065
    ]
   },
   "properties": {
    "id_tecnico": "acf9718f-fb08-46a8-b94f-958fbcce63bf",
    "categoria": "infraestructuras",
    "tipo": "alojamiento",
    "nombre": "Sunrise",
    "estado_nombre": "correcto",
    "direccion": "Urbanizacion los hibiscus 56 28",
    "lat": 38.57065,
    "lng": -0.13348,
    "utm_x": 750705.12,
    "utm_y": 4273018.51,
    "utm_huso": 30,
    "fuente": "OpenStreetMap (Overpass)",
    "licencia": "ODbL 1.0",
    "confianza": 9,
    "estado_espacial": "fuera_municipio",
    "geometria_origen": "punto_representativo"
   }
  },
  {
   "type": "Feature",
   "geometry": {
    "type": "Point",
    "coordinates": [
     -0.10921,
     38.53508
    ]
   },
   "properties": {
    "id_tecnico": "ad98bc90-940b-47c4-9ae0-858195a03316",
    "categoria": "equipamientos",
    "tipo": "centro_salud",
    "nombre": "Excellent Medical",
    "estado_nombre": "correcto",
    "direccion": null,
    "lat": 38.53508,
    "lng": -0.10921,
    "utm_x": 752951.39,
    "utm_y": 4269136.47,
    "utm_huso": 30,
    "fuente": "OpenStreetMap (Overpass)",
    "licencia": "ODbL 1.0",
    "confianza": 23,
    "estado_espacial": "proximo_limite",
    "geometria_origen": "punto_representativo"
   }
  },
  {
   "type": "Feature",
   "geometry": {
    "type": "Point",
    "coordinates": [
     -0.13791,
     38.56099
    ]
   },
   "properties": {
    "id_tecnico": "ae672d69-e441-4858-a208-9dfcb05c86c9",
    "categoria": "infraestructuras",
    "tipo": "parada_autobus",
    "nombre": "parada autobus node/4658972456",
    "estado_nombre": "correcto",
    "direccion": null,
    "lat": 38.56099,
    "lng": -0.13791,
    "utm_x": 750350.73,
    "utm_y": 4271934.29,
    "utm_huso": 30,
    "fuente": "OpenStreetMap (Overpass)",
    "licencia": "ODbL 1.0",
    "confianza": 23,
    "estado_espacial": "valido",
    "geometria_origen": "punto_representativo"
   }
  },
  {
   "type": "Feature",
   "geometry": {
    "type": "Point",
    "coordinates": [
     -0.16698,
     38.52566
    ]
   },
   "properties": {
    "id_tecnico": "ae7defca-ac1b-41e3-8ffc-857d8ada1d77",
    "categoria": "equipamientos",
    "tipo": "alimentacion",
    "nombre": "OpenCor",
    "estado_nombre": "correcto",
    "direccion": "Avinguda Marina Baixa",
    "lat": 38.52566,
    "lng": -0.16698,
    "utm_x": 747927.35,
    "utm_y": 4267934.58,
    "utm_huso": 30,
    "fuente": "OpenStreetMap (Overpass)",
    "licencia": "ODbL 1.0",
    "confianza": 6,
    "estado_espacial": "fuera_municipio",
    "geometria_origen": "punto_representativo"
   }
  },
  {
   "type": "Feature",
   "geometry": {
    "type": "Point",
    "coordinates": [
     -0.09825,
     38.54704
    ]
   },
   "properties": {
    "id_tecnico": "ae93ff26-7a5c-4d14-b9b2-097667a5c6ff",
    "categoria": "infraestructuras",
    "tipo": "parada_autobus",
    "nombre": "275 - Rumania 3",
    "estado_nombre": "correcto",
    "direccion": "C/ Romania, 2",
    "lat": 38.54704,
    "lng": -0.09825,
    "utm_x": 753869.04,
    "utm_y": 4270493.99,
    "utm_huso": 30,
    "fuente": "Plantilla municipal — Limpieza info (PTM Benidorm)",
    "licencia": "Uso interno del proyecto",
    "confianza": 26,
    "estado_espacial": "valido",
    "geometria_origen": "punto_representativo"
   }
  },
  {
   "type": "Feature",
   "geometry": {
    "type": "Point",
    "coordinates": [
     -0.10759,
     38.5335
    ]
   },
   "properties": {
    "id_tecnico": "aeae8255-ad16-4a7d-8eb7-6dfc648944f7",
    "categoria": "equipamientos",
    "tipo": "alimentacion",
    "nombre": "Udaco",
    "estado_nombre": "correcto",
    "direccion": null,
    "lat": 38.5335,
    "lng": -0.10759,
    "utm_x": 753098.64,
    "utm_y": 4268965.52,
    "utm_huso": 30,
    "fuente": "OpenStreetMap (Overpass)",
    "licencia": "ODbL 1.0",
    "confianza": 23,
    "estado_espacial": "proximo_limite",
    "geometria_origen": "punto_representativo"
   }
  },
  {
   "type": "Feature",
   "geometry": {
    "type": "Point",
    "coordinates": [
     -0.11729,
     38.54003
    ]
   },
   "properties": {
    "id_tecnico": "aeb5a28a-a5c0-41bf-b874-8deaa30f2f7b",
    "categoria": "equipamientos",
    "tipo": "alimentacion",
    "nombre": "alimentacion node/14162128722",
    "estado_nombre": "correcto",
    "direccion": null,
    "lat": 38.54003,
    "lng": -0.11729,
    "utm_x": 752227.14,
    "utm_y": 4269663.84,
    "utm_huso": 30,
    "fuente": "OpenStreetMap (Overpass)",
    "licencia": "ODbL 1.0",
    "confianza": 23,
    "estado_espacial": "valido",
    "geometria_origen": "punto_representativo"
   }
  },
  {
   "type": "Feature",
   "geometry": {
    "type": "Point",
    "coordinates": [
     -0.16248,
     38.5273
    ]
   },
   "properties": {
    "id_tecnico": "aed30a29-f477-40de-85ce-8f16e82fc8c9",
    "categoria": "infraestructuras",
    "tipo": "parada_autobus",
    "nombre": "Llorente Bus",
    "estado_nombre": "correcto",
    "direccion": null,
    "lat": 38.5273,
    "lng": -0.16248,
    "utm_x": 748315.66,
    "utm_y": 4268128.68,
    "utm_huso": 30,
    "fuente": "OpenStreetMap (Overpass)",
    "licencia": "ODbL 1.0",
    "confianza": 23,
    "estado_espacial": "proximo_limite",
    "geometria_origen": "punto_representativo"
   }
  },
  {
   "type": "Feature",
   "geometry": {
    "type": "Point",
    "coordinates": [
     -0.1075,
     38.53362
    ]
   },
   "properties": {
    "id_tecnico": "aed3758b-650d-450d-a5e9-18c0d277201a",
    "categoria": "infraestructuras",
    "tipo": "parada_autobus",
    "nombre": "257 - Ametlla de Mar 3AC",
    "estado_nombre": "correcto",
    "direccion": "Av. Ametlla de Mar, 3AC",
    "lat": 38.53362,
    "lng": -0.1075,
    "utm_x": 753106.1,
    "utm_y": 4268979.09,
    "utm_huso": 30,
    "fuente": "Plantilla municipal — Limpieza info (PTM Benidorm)",
    "licencia": "Uso interno del proyecto",
    "confianza": 26,
    "estado_espacial": "proximo_limite",
    "geometria_origen": "punto_representativo"
   }
  },
  {
   "type": "Feature",
   "geometry": {
    "type": "Point",
    "coordinates": [
     -0.12172,
     38.54045
    ]
   },
   "properties": {
    "id_tecnico": "aed3aa7b-0a14-45a4-b267-80c4074f13af",
    "categoria": "infraestructuras",
    "tipo": "alojamiento",
    "nombre": "Aparthotel Maria Victoria",
    "estado_nombre": "correcto",
    "direccion": null,
    "lat": 38.54045,
    "lng": -0.12172,
    "utm_x": 751838,
    "utm_y": 4269698.39,
    "utm_huso": 30,
    "fuente": "OpenStreetMap (Overpass)",
    "licencia": "ODbL 1.0",
    "confianza": 23,
    "estado_espacial": "valido",
    "geometria_origen": "punto_representativo"
   }
  },
  {
   "type": "Feature",
   "geometry": {
    "type": "Point",
    "coordinates": [
     -0.12288,
     38.55346
    ]
   },
   "properties": {
    "id_tecnico": "af3b889a-6e33-4051-9670-70c4ad18cccf",
    "categoria": "equipamientos",
    "tipo": "colegio",
    "nombre": "CEIP GABRIEL MIRÓ",
    "estado_nombre": "correcto",
    "direccion": "CL. DE LA BARCA DEL BOU (SALT DE L'AIG",
    "lat": 38.55346,
    "lng": -0.12288,
    "utm_x": 751691.64,
    "utm_y": 4271139.28,
    "utm_huso": 30,
    "fuente": "GVA - Centros docentes de la Comunitat Valenciana (ICV WFS)",
    "licencia": "CC BY 4.0",
    "confianza": 29,
    "estado_espacial": "valido",
    "geometria_origen": "punto_representativo"
   }
  },
  {
   "type": "Feature",
   "geometry": {
    "type": "Point",
    "coordinates": [
     -0.17359,
     38.5336
    ]
   },
   "properties": {
    "id_tecnico": "af3d6656-d4d9-4a2d-82aa-cd6cc2cce375",
    "categoria": "infraestructuras",
    "tipo": "camping",
    "nombre": "Finestrat Camper la Cala",
    "estado_nombre": "correcto",
    "direccion": "Carrer 9 d’Octubre 48",
    "lat": 38.5336,
    "lng": -0.17359,
    "utm_x": 747321.9,
    "utm_y": 4268798.19,
    "utm_huso": 30,
    "fuente": "OpenStreetMap (Overpass)",
    "licencia": "ODbL 1.0",
    "confianza": 6,
    "estado_espacial": "fuera_municipio",
    "geometria_origen": "punto_representativo"
   }
  },
  {
   "type": "Feature",
   "geometry": {
    "type": "Point",
    "coordinates": [
     -0.07476,
     38.57439
    ]
   },
   "properties": {
    "id_tecnico": "af7b51b0-fd7d-43d2-ab92-6763fdf9fbc1",
    "categoria": "infraestructuras",
    "tipo": "alojamiento",
    "nombre": "Albir Playa Hotel & Spa",
    "estado_nombre": "correcto",
    "direccion": null,
    "lat": 38.57439,
    "lng": -0.07476,
    "utm_x": 755828.67,
    "utm_y": 4273594.46,
    "utm_huso": 30,
    "fuente": "OpenStreetMap (Overpass)",
    "licencia": "ODbL 1.0",
    "confianza": 3,
    "estado_espacial": "fuera_municipio",
    "geometria_origen": "punto_representativo"
   }
  },
  {
   "type": "Feature",
   "geometry": {
    "type": "Point",
    "coordinates": [
     -0.11068,
     38.5406
    ]
   },
   "properties": {
    "id_tecnico": "af9ffd61-b663-4894-b3f4-8134effe2fe7",
    "categoria": "infraestructuras",
    "tipo": "alojamiento",
    "nombre": "Edif. Evamar",
    "estado_nombre": "correcto",
    "direccion": null,
    "lat": 38.5406,
    "lng": -0.11068,
    "utm_x": 752803.63,
    "utm_y": 4269745.14,
    "utm_huso": 30,
    "fuente": "OpenStreetMap (Overpass)",
    "licencia": "ODbL 1.0",
    "confianza": 23,
    "estado_espacial": "valido",
    "geometria_origen": "punto_representativo"
   }
  },
  {
   "type": "Feature",
   "geometry": {
    "type": "Point",
    "coordinates": [
     -0.11065,
     38.53474
    ]
   },
   "properties": {
    "id_tecnico": "afa18cbf-d9f5-4f99-baea-f62dac90982c",
    "categoria": "equipamientos",
    "tipo": "alimentacion",
    "nombre": "Veracruz",
    "estado_nombre": "correcto",
    "direccion": null,
    "lat": 38.53474,
    "lng": -0.11065,
    "utm_x": 752826.54,
    "utm_y": 4269094.79,
    "utm_huso": 30,
    "fuente": "OpenStreetMap (Overpass)",
    "licencia": "ODbL 1.0",
    "confianza": 23,
    "estado_espacial": "proximo_limite",
    "geometria_origen": "punto_representativo"
   }
  },
  {
   "type": "Feature",
   "geometry": {
    "type": "Point",
    "coordinates": [
     -0.12013,
     38.54144
    ]
   },
   "properties": {
    "id_tecnico": "b02d9c21-280a-4a2f-a536-9af8789bdeb3",
    "categoria": "infraestructuras",
    "tipo": "parada_autobus",
    "nombre": "Av. Europa, 16AC",
    "estado_nombre": "correcto",
    "direccion": null,
    "lat": 38.54144,
    "lng": -0.12013,
    "utm_x": 751973.73,
    "utm_y": 4269812.61,
    "utm_huso": 30,
    "fuente": "OpenStreetMap (Overpass)",
    "licencia": "ODbL 1.0",
    "confianza": 23,
    "estado_espacial": "valido",
    "geometria_origen": "punto_representativo"
   }
  },
  {
   "type": "Feature",
   "geometry": {
    "type": "Point",
    "coordinates": [
     -0.13182,
     38.53939
    ]
   },
   "properties": {
    "id_tecnico": "b0382c36-4ec2-4720-a259-b6277937c4fb",
    "categoria": "equipamientos",
    "tipo": "consultorio",
    "nombre": "Eureka",
    "estado_nombre": "correcto",
    "direccion": "Calle del Apolo XI 6",
    "lat": 38.53939,
    "lng": -0.13182,
    "utm_x": 750957.76,
    "utm_y": 4269553.3,
    "utm_huso": 30,
    "fuente": "OpenStreetMap (Overpass)",
    "licencia": "ODbL 1.0",
    "confianza": 26,
    "estado_espacial": "valido",
    "geometria_origen": "punto_representativo"
   }
  },
  {
   "type": "Feature",
   "geometry": {
    "type": "Point",
    "coordinates": [
     -0.09158,
     38.54462
    ]
   },
   "properties": {
    "id_tecnico": "b03da7cc-c0fb-4e16-b65b-429d7c1d0443",
    "categoria": "equipamientos",
    "tipo": "biblioteca",
    "nombre": "biblioteca node/12137218828",
    "estado_nombre": "correcto",
    "direccion": null,
    "lat": 38.54462,
    "lng": -0.09158,
    "utm_x": 754461.13,
    "utm_y": 4270243.7,
    "utm_huso": 30,
    "fuente": "OpenStreetMap (Overpass)",
    "licencia": "ODbL 1.0",
    "confianza": 23,
    "estado_espacial": "valido",
    "geometria_origen": "punto_representativo"
   }
  },
  {
   "type": "Feature",
   "geometry": {
    "type": "Point",
    "coordinates": [
     -0.13089,
     38.53525
    ]
   },
   "properties": {
    "id_tecnico": "b0598b0d-0227-4cc8-9146-af617348f7d3",
    "categoria": "infraestructuras",
    "tipo": "alojamiento",
    "nombre": "Hotel Queens",
    "estado_nombre": "correcto",
    "direccion": "Plaça de la Constitució - Plaza de la Constitución",
    "lat": 38.53525,
    "lng": -0.13089,
    "utm_x": 751053.37,
    "utm_y": 4269096.3,
    "utm_huso": 30,
    "fuente": "OpenStreetMap (Overpass)",
    "licencia": "ODbL 1.0",
    "confianza": 26,
    "estado_espacial": "proximo_limite",
    "geometria_origen": "punto_representativo"
   }
  },
  {
   "type": "Feature",
   "geometry": {
    "type": "Point",
    "coordinates": [
     -0.10308,
     38.55612
    ]
   },
   "properties": {
    "id_tecnico": "b06459ad-aec3-4872-ad2b-d8a4aabf80ed",
    "categoria": "infraestructuras",
    "tipo": "parada_autobus",
    "nombre": "Av. Severo Ochoa (Estanquet)",
    "estado_nombre": "correcto",
    "direccion": null,
    "lat": 38.55612,
    "lng": -0.10308,
    "utm_x": 753414.87,
    "utm_y": 4271488.59,
    "utm_huso": 30,
    "fuente": "OpenStreetMap (Overpass)",
    "licencia": "ODbL 1.0",
    "confianza": 23,
    "estado_espacial": "valido",
    "geometria_origen": "punto_representativo"
   }
  },
  {
   "type": "Feature",
   "geometry": {
    "type": "Point",
    "coordinates": [
     -0.09259,
     38.56086
    ]
   },
   "properties": {
    "id_tecnico": "b1851322-2bb0-4d20-a63a-5589e664a554",
    "categoria": "equipamientos",
    "tipo": "centro_formacion",
    "nombre": "CENTRE ESTRANGER COSTA BLANCA INTERNATIONAL COLLEGE",
    "estado_nombre": "correcto",
    "direccion": "PD. DE SANZ, S/N",
    "lat": 38.56086,
    "lng": -0.09259,
    "utm_x": 754316.18,
    "utm_y": 4272043.5,
    "utm_huso": 30,
    "fuente": "GVA - Centros docentes de la Comunitat Valenciana (ICV WFS)",
    "licencia": "CC BY 4.0",
    "confianza": 29,
    "estado_espacial": "valido",
    "geometria_origen": "punto_representativo"
   }
  },
  {
   "type": "Feature",
   "geometry": {
    "type": "Point",
    "coordinates": [
     -0.10364,
     38.54107
    ]
   },
   "properties": {
    "id_tecnico": "b18a0293-51f2-48f3-95c0-db61757fdc06",
    "categoria": "equipamientos",
    "tipo": "centro_salud",
    "nombre": "Euro Clínica Rincón",
    "estado_nombre": "correcto",
    "direccion": "Avenida del Doctor Severo Ochoa",
    "lat": 38.54107,
    "lng": -0.10364,
    "utm_x": 753418.09,
    "utm_y": 4269816.57,
    "utm_huso": 30,
    "fuente": "OpenStreetMap (Overpass)",
    "licencia": "ODbL 1.0",
    "confianza": 26,
    "estado_espacial": "valido",
    "geometria_origen": "punto_representativo"
   }
  },
  {
   "type": "Feature",
   "geometry": {
    "type": "Point",
    "coordinates": [
     -0.13493,
     38.5383
    ]
   },
   "properties": {
    "id_tecnico": "b1d39a99-4b85-45d9-99c9-e4f57fc5376b",
    "categoria": "infraestructuras",
    "tipo": "alojamiento",
    "nombre": "Primavera",
    "estado_nombre": "correcto",
    "direccion": null,
    "lat": 38.5383,
    "lng": -0.13493,
    "utm_x": 750689.33,
    "utm_y": 4269423.88,
    "utm_huso": 30,
    "fuente": "OpenStreetMap (Overpass)",
    "licencia": "ODbL 1.0",
    "confianza": 23,
    "estado_espacial": "proximo_limite",
    "geometria_origen": "punto_representativo"
   }
  },
  {
   "type": "Feature",
   "geometry": {
    "type": "Point",
    "coordinates": [
     -0.16966,
     38.52696
    ]
   },
   "properties": {
    "id_tecnico": "b267c76f-a480-46f6-b372-c309603fb2c8",
    "categoria": "equipamientos",
    "tipo": "farmacia",
    "nombre": "ATRIUM",
    "estado_nombre": "correcto",
    "direccion": null,
    "lat": 38.52696,
    "lng": -0.16966,
    "utm_x": 747688.36,
    "utm_y": 4268071.7,
    "utm_huso": 30,
    "fuente": "OpenStreetMap (Overpass)",
    "licencia": "ODbL 1.0",
    "confianza": 3,
    "estado_espacial": "fuera_municipio",
    "geometria_origen": "punto_representativo"
   }
  },
  {
   "type": "Feature",
   "geometry": {
    "type": "Point",
    "coordinates": [
     -0.13294,
     38.53888
    ]
   },
   "properties": {
    "id_tecnico": "b2802350-8021-46c6-b43d-40a6df4677db",
    "categoria": "infraestructuras",
    "tipo": "alojamiento",
    "nombre": "Hotel Teremar",
    "estado_nombre": "correcto",
    "direccion": "Carrer de la Garita 18",
    "lat": 38.53888,
    "lng": -0.13294,
    "utm_x": 750861.49,
    "utm_y": 4269493.65,
    "utm_huso": 30,
    "fuente": "OpenStreetMap (Overpass)",
    "licencia": "ODbL 1.0",
    "confianza": 26,
    "estado_espacial": "valido",
    "geometria_origen": "punto_representativo"
   }
  },
  {
   "type": "Feature",
   "geometry": {
    "type": "Point",
    "coordinates": [
     -0.07584,
     38.57159
    ]
   },
   "properties": {
    "id_tecnico": "b2a7fe95-b736-4017-9d3c-9385b47a323b",
    "categoria": "equipamientos",
    "tipo": "farmacia",
    "nombre": "Farmacia Marta Mayor Segrelles",
    "estado_nombre": "correcto",
    "direccion": "Camino Viejo de Altea 41",
    "lat": 38.57159,
    "lng": -0.07584,
    "utm_x": 755744.02,
    "utm_y": 4273280.68,
    "utm_huso": 30,
    "fuente": "OpenStreetMap (Overpass)",
    "licencia": "ODbL 1.0",
    "confianza": 12,
    "estado_espacial": "fuera_municipio",
    "geometria_origen": "punto_representativo"
   }
  },
  {
   "type": "Feature",
   "geometry": {
    "type": "Point",
    "coordinates": [
     -0.11427,
     38.53665
    ]
   },
   "properties": {
    "id_tecnico": "b2d2a2f2-102b-4279-b878-c39a1bbb6a63",
    "categoria": "equipamientos",
    "tipo": "alimentacion",
    "nombre": "Florida",
    "estado_nombre": "correcto",
    "direccion": "Avinguda de Filipines",
    "lat": 38.53665,
    "lng": -0.11427,
    "utm_x": 752503.11,
    "utm_y": 4269296.91,
    "utm_huso": 30,
    "fuente": "OpenStreetMap (Overpass)",
    "licencia": "ODbL 1.0",
    "confianza": 26,
    "estado_espacial": "valido",
    "geometria_origen": "punto_representativo"
   }
  },
  {
   "type": "Feature",
   "geometry": {
    "type": "Point",
    "coordinates": [
     -0.1636,
     38.52733
    ]
   },
   "properties": {
    "id_tecnico": "b3063d79-e3ff-446b-a6fa-051435d571a4",
    "categoria": "infraestructuras",
    "tipo": "parada_autobus",
    "nombre": "Llorente Bus",
    "estado_nombre": "correcto",
    "direccion": null,
    "lat": 38.52733,
    "lng": -0.1636,
    "utm_x": 748217.53,
    "utm_y": 4268129,
    "utm_huso": 30,
    "fuente": "OpenStreetMap (Overpass)",
    "licencia": "ODbL 1.0",
    "confianza": 23,
    "estado_espacial": "proximo_limite",
    "geometria_origen": "punto_representativo"
   }
  },
  {
   "type": "Feature",
   "geometry": {
    "type": "Point",
    "coordinates": [
     -0.13009,
     38.60398
    ]
   },
   "properties": {
    "id_tecnico": "b30676b8-df6e-4d3f-a1cb-fcf347229172",
    "categoria": "equipamientos",
    "tipo": "alimentacion",
    "nombre": "Lidl",
    "estado_nombre": "correcto",
    "direccion": null,
    "lat": 38.60398,
    "lng": -0.13009,
    "utm_x": 750886.97,
    "utm_y": 4276727.19,
    "utm_huso": 30,
    "fuente": "OpenStreetMap (Overpass)",
    "licencia": "ODbL 1.0",
    "confianza": 6,
    "estado_espacial": "fuera_municipio",
    "geometria_origen": "punto_representativo"
   }
  },
  {
   "type": "Feature",
   "geometry": {
    "type": "Point",
    "coordinates": [
     -0.12902,
     38.53525
    ]
   },
   "properties": {
    "id_tecnico": "b31ad870-aa22-49fa-a555-cdddb53bf1f3",
    "categoria": "infraestructuras",
    "tipo": "alojamiento",
    "nombre": "Hotel Bilbaino",
    "estado_nombre": "correcto",
    "direccion": null,
    "lat": 38.53525,
    "lng": -0.12902,
    "utm_x": 751217.04,
    "utm_y": 4269101.38,
    "utm_huso": 30,
    "fuente": "OpenStreetMap (Overpass)",
    "licencia": "ODbL 1.0",
    "confianza": 23,
    "estado_espacial": "proximo_limite",
    "geometria_origen": "punto_representativo"
   }
  },
  {
   "type": "Feature",
   "geometry": {
    "type": "Point",
    "coordinates": [
     -0.10184,
     38.558
    ]
   },
   "properties": {
    "id_tecnico": "b339ef62-59d0-4b73-812f-5b4fa49d7550",
    "categoria": "servicios_basicos",
    "tipo": "estacion_servicio",
    "nombre": "estacion_servicio way/1025806733",
    "estado_nombre": "correcto",
    "direccion": null,
    "lat": 38.558,
    "lng": -0.10184,
    "utm_x": 753516.83,
    "utm_y": 4271700.66,
    "utm_huso": 30,
    "fuente": "OpenStreetMap (Overpass)",
    "licencia": "ODbL 1.0",
    "confianza": 26,
    "estado_espacial": "valido",
    "geometria_origen": "punto_representativo"
   }
  },
  {
   "type": "Feature",
   "geometry": {
    "type": "Point",
    "coordinates": [
     -0.13023,
     38.53767
    ]
   },
   "properties": {
    "id_tecnico": "b35864cd-d7eb-4a62-b441-138237d5c694",
    "categoria": "infraestructuras",
    "tipo": "alojamiento",
    "nombre": "Benidorm City",
    "estado_nombre": "correcto",
    "direccion": "Carrer de la Palma 31",
    "lat": 38.53767,
    "lng": -0.13023,
    "utm_x": 751102.82,
    "utm_y": 4269366.7,
    "utm_huso": 30,
    "fuente": "OpenStreetMap (Overpass)",
    "licencia": "ODbL 1.0",
    "confianza": 26,
    "estado_espacial": "valido",
    "geometria_origen": "punto_representativo"
   }
  },
  {
   "type": "Feature",
   "geometry": {
    "type": "Point",
    "coordinates": [
     -0.11993,
     38.5506
    ]
   },
   "properties": {
    "id_tecnico": "b3a5e2c7-d5f1-4757-b007-a51331c0874f",
    "categoria": "infraestructuras",
    "tipo": "parada_autobus",
    "nombre": "Camí Salt de l'Aigua, 23 (Palau d'Esports)",
    "estado_nombre": "correcto",
    "direccion": null,
    "lat": 38.5506,
    "lng": -0.11993,
    "utm_x": 751959.63,
    "utm_y": 4270829.87,
    "utm_huso": 30,
    "fuente": "OpenStreetMap (Overpass)",
    "licencia": "ODbL 1.0",
    "confianza": 23,
    "estado_espacial": "valido",
    "geometria_origen": "punto_representativo"
   }
  },
  {
   "type": "Feature",
   "geometry": {
    "type": "Point",
    "coordinates": [
     -0.16415,
     38.52961
    ]
   },
   "properties": {
    "id_tecnico": "b3c72c5d-c379-4277-bc38-fa1b66f186c5",
    "categoria": "infraestructuras",
    "tipo": "parada_autobus",
    "nombre": "366 - Tanit",
    "estado_nombre": "correcto",
    "direccion": "C/ Juan Antonio Baldovi, 2",
    "lat": 38.52961,
    "lng": -0.16415,
    "utm_x": 748161.64,
    "utm_y": 4268380.59,
    "utm_huso": 30,
    "fuente": "Plantilla municipal — Limpieza info (PTM Benidorm)",
    "licencia": "Uso interno del proyecto",
    "confianza": 26,
    "estado_espacial": "proximo_limite",
    "geometria_origen": "punto_representativo"
   }
  },
  {
   "type": "Feature",
   "geometry": {
    "type": "Point",
    "coordinates": [
     -0.12752,
     38.53971
    ]
   },
   "properties": {
    "id_tecnico": "b3df2014-8ec6-4fd7-88bc-e45d5211144f",
    "categoria": "infraestructuras",
    "tipo": "alojamiento",
    "nombre": "Primavera Park",
    "estado_nombre": "correcto",
    "direccion": "Calle Primavera 4",
    "lat": 38.53971,
    "lng": -0.12752,
    "utm_x": 751332.97,
    "utm_y": 4269600.49,
    "utm_huso": 30,
    "fuente": "OpenStreetMap (Overpass)",
    "licencia": "ODbL 1.0",
    "confianza": 26,
    "estado_espacial": "valido",
    "geometria_origen": "punto_representativo"
   }
  },
  {
   "type": "Feature",
   "geometry": {
    "type": "Point",
    "coordinates": [
     -0.10551,
     38.53686
    ]
   },
   "properties": {
    "id_tecnico": "b3ef8425-54e7-4d24-8d64-49a1dfac94b5",
    "categoria": "infraestructuras",
    "tipo": "alojamiento",
    "nombre": "Halley Hotel & Apartments Affiliated by Meliá",
    "estado_nombre": "correcto",
    "direccion": null,
    "lat": 38.53686,
    "lng": -0.10551,
    "utm_x": 753269.04,
    "utm_y": 4269344.16,
    "utm_huso": 30,
    "fuente": "OpenStreetMap (Overpass)",
    "licencia": "ODbL 1.0",
    "confianza": 23,
    "estado_espacial": "valido",
    "geometria_origen": "punto_representativo"
   }
  },
  {
   "type": "Feature",
   "geometry": {
    "type": "Point",
    "coordinates": [
     -0.14708,
     38.56092
    ]
   },
   "properties": {
    "id_tecnico": "b401eeb7-0b88-4477-a2a9-d17db61de868",
    "categoria": "infraestructuras",
    "tipo": "parada_autobus",
    "nombre": "180 - Zaplana 180",
    "estado_nombre": "correcto",
    "direccion": "Av. Eduardo Zaplana",
    "lat": 38.56092,
    "lng": -0.14708,
    "utm_x": 749548.7,
    "utm_y": 4271901.74,
    "utm_huso": 30,
    "fuente": "Plantilla municipal — Limpieza info (PTM Benidorm)",
    "licencia": "Uso interno del proyecto",
    "confianza": 26,
    "estado_espacial": "valido",
    "geometria_origen": "punto_representativo"
   }
  },
  {
   "type": "Feature",
   "geometry": {
    "type": "Point",
    "coordinates": [
     -0.07611,
     38.57247
    ]
   },
   "properties": {
    "id_tecnico": "b422c072-e85c-43f3-a3ac-6a0f53a7d0a0",
    "categoria": "equipamientos",
    "tipo": "alimentacion",
    "nombre": "Mercadona",
    "estado_nombre": "correcto",
    "direccion": "Camino Viejo de Altea 47",
    "lat": 38.57247,
    "lng": -0.07611,
    "utm_x": 755717.32,
    "utm_y": 4273377.61,
    "utm_huso": 30,
    "fuente": "OpenStreetMap (Overpass)",
    "licencia": "ODbL 1.0",
    "confianza": 9,
    "estado_espacial": "fuera_municipio",
    "geometria_origen": "punto_representativo"
   }
  },
  {
   "type": "Feature",
   "geometry": {
    "type": "Point",
    "coordinates": [
     -0.12385,
     38.54869
    ]
   },
   "properties": {
    "id_tecnico": "b43e88ab-1d3f-42bf-bae9-579ac87b04de",
    "categoria": "infraestructuras",
    "tipo": "parada_autobus",
    "nombre": "C/ Francisco Llorca Antón (Estació d'autobusos)",
    "estado_nombre": "correcto",
    "direccion": null,
    "lat": 38.54869,
    "lng": -0.12385,
    "utm_x": 751623.21,
    "utm_y": 4270607.2,
    "utm_huso": 30,
    "fuente": "OpenStreetMap (Overpass)",
    "licencia": "ODbL 1.0",
    "confianza": 23,
    "estado_espacial": "valido",
    "geometria_origen": "punto_representativo"
   }
  },
  {
   "type": "Feature",
   "geometry": {
    "type": "Point",
    "coordinates": [
     -0.16354,
     38.52471
    ]
   },
   "properties": {
    "id_tecnico": "b4b4c6b3-c7ed-4f03-80e4-5a97fb4bdda6",
    "categoria": "infraestructuras",
    "tipo": "parada_autobus",
    "nombre": "Llorente Bus",
    "estado_nombre": "correcto",
    "direccion": null,
    "lat": 38.52471,
    "lng": -0.16354,
    "utm_x": 748231.68,
    "utm_y": 4267838.36,
    "utm_huso": 30,
    "fuente": "OpenStreetMap (Overpass)",
    "licencia": "ODbL 1.0",
    "confianza": 23,
    "estado_espacial": "proximo_limite",
    "geometria_origen": "punto_representativo"
   }
  },
  {
   "type": "Feature",
   "geometry": {
    "type": "Point",
    "coordinates": [
     -0.07818,
     38.57481
    ]
   },
   "properties": {
    "id_tecnico": "b4c50e2b-165e-4bf0-b367-dc03e0c3d61a",
    "categoria": "equipamientos",
    "tipo": "alimentacion",
    "nombre": "Super de Buren",
    "estado_nombre": "correcto",
    "direccion": null,
    "lat": 38.57481,
    "lng": -0.07818,
    "utm_x": 755528.05,
    "utm_y": 4273631.62,
    "utm_huso": 30,
    "fuente": "OpenStreetMap (Overpass)",
    "licencia": "ODbL 1.0",
    "confianza": 3,
    "estado_espacial": "fuera_municipio",
    "geometria_origen": "punto_representativo"
   }
  },
  {
   "type": "Feature",
   "geometry": {
    "type": "Point",
    "coordinates": [
     -0.10809,
     38.53515
    ]
   },
   "properties": {
    "id_tecnico": "b4e481d8-a882-45bf-b60c-fd334fac81db",
    "categoria": "equipamientos",
    "tipo": "farmacia",
    "nombre": "Albatros",
    "estado_nombre": "correcto",
    "direccion": null,
    "lat": 38.53515,
    "lng": -0.10809,
    "utm_x": 753049.17,
    "utm_y": 4269147.3,
    "utm_huso": 30,
    "fuente": "OpenStreetMap (Overpass)",
    "licencia": "ODbL 1.0",
    "confianza": 23,
    "estado_espacial": "proximo_limite",
    "geometria_origen": "punto_representativo"
   }
  },
  {
   "type": "Feature",
   "geometry": {
    "type": "Point",
    "coordinates": [
     -0.11913,
     38.54431
    ]
   },
   "properties": {
    "id_tecnico": "b6298a68-57ad-44c3-8c4c-75252e7eff4f",
    "categoria": "equipamientos",
    "tipo": "alimentacion",
    "nombre": "alimentacion node/13511938739",
    "estado_nombre": "correcto",
    "direccion": null,
    "lat": 38.54431,
    "lng": -0.11913,
    "utm_x": 752051.34,
    "utm_y": 4270133.89,
    "utm_huso": 30,
    "fuente": "OpenStreetMap (Overpass)",
    "licencia": "ODbL 1.0",
    "confianza": 23,
    "estado_espacial": "valido",
    "geometria_origen": "punto_representativo"
   }
  },
  {
   "type": "Feature",
   "geometry": {
    "type": "Point",
    "coordinates": [
     -0.10333,
     38.53839
    ]
   },
   "properties": {
    "id_tecnico": "b633e175-e6d2-4ec9-82f4-07ce353decab",
    "categoria": "equipamientos",
    "tipo": "alimentacion",
    "nombre": "Supermercado Mítica",
    "estado_nombre": "correcto",
    "direccion": null,
    "lat": 38.53839,
    "lng": -0.10333,
    "utm_x": 753454.52,
    "utm_y": 4269519.95,
    "utm_huso": 30,
    "fuente": "OpenStreetMap (Overpass)",
    "licencia": "ODbL 1.0",
    "confianza": 23,
    "estado_espacial": "valido",
    "geometria_origen": "punto_representativo"
   }
  },
  {
   "type": "Feature",
   "geometry": {
    "type": "Point",
    "coordinates": [
     -0.13635,
     38.54694
    ]
   },
   "properties": {
    "id_tecnico": "b6756909-f757-4489-9aeb-a056a74a320e",
    "categoria": "equipamientos",
    "tipo": "colegio",
    "nombre": "Col·legi d'Educació Infantil i Primària Aitana",
    "estado_nombre": "correcto",
    "direccion": null,
    "lat": 38.54694,
    "lng": -0.13635,
    "utm_x": 750535.42,
    "utm_y": 4270379.04,
    "utm_huso": 30,
    "fuente": "OpenStreetMap (Overpass)",
    "licencia": "ODbL 1.0",
    "confianza": 26,
    "estado_espacial": "valido",
    "geometria_origen": "punto_representativo"
   }
  },
  {
   "type": "Feature",
   "geometry": {
    "type": "Point",
    "coordinates": [
     -0.13272,
     38.53922
    ]
   },
   "properties": {
    "id_tecnico": "b6884aee-a6f9-460a-a8b3-bdb394a9706a",
    "categoria": "equipamientos",
    "tipo": "centro_salud",
    "nombre": "Clínica Baviera",
    "estado_nombre": "correcto",
    "direccion": "Avenida de los Almendros",
    "lat": 38.53922,
    "lng": -0.13272,
    "utm_x": 750879.58,
    "utm_y": 4269531.99,
    "utm_huso": 30,
    "fuente": "OpenStreetMap (Overpass)",
    "licencia": "ODbL 1.0",
    "confianza": 26,
    "estado_espacial": "valido",
    "geometria_origen": "punto_representativo"
   }
  },
  {
   "type": "Feature",
   "geometry": {
    "type": "Point",
    "coordinates": [
     -0.13514,
     38.54185
    ]
   },
   "properties": {
    "id_tecnico": "b70ae85d-7876-44a8-a3e2-833028d10f31",
    "categoria": "infraestructuras",
    "tipo": "alojamiento",
    "nombre": "Hotel Fiesta Park",
    "estado_nombre": "correcto",
    "direccion": null,
    "lat": 38.54185,
    "lng": -0.13514,
    "utm_x": 750658.77,
    "utm_y": 4269817.35,
    "utm_huso": 30,
    "fuente": "OpenStreetMap (Overpass)",
    "licencia": "ODbL 1.0",
    "confianza": 23,
    "estado_espacial": "valido",
    "geometria_origen": "punto_representativo"
   }
  },
  {
   "type": "Feature",
   "geometry": {
    "type": "Point",
    "coordinates": [
     -0.11987,
     38.53679
    ]
   },
   "properties": {
    "id_tecnico": "b7458cdb-0324-4eee-8bfb-ea3e8cd11877",
    "categoria": "infraestructuras",
    "tipo": "parada_autobus",
    "nombre": "304 - Ed. Terrazas",
    "estado_nombre": "correcto",
    "direccion": "Av. Mediterráneo, 26",
    "lat": 38.53679,
    "lng": -0.11987,
    "utm_x": 752012.53,
    "utm_y": 4269297.19,
    "utm_huso": 30,
    "fuente": "Plantilla municipal — Limpieza info (PTM Benidorm)",
    "licencia": "Uso interno del proyecto",
    "confianza": 26,
    "estado_espacial": "proximo_limite",
    "geometria_origen": "punto_representativo"
   }
  },
  {
   "type": "Feature",
   "geometry": {
    "type": "Point",
    "coordinates": [
     -0.13546,
     38.53956
    ]
   },
   "properties": {
    "id_tecnico": "b7644101-f52c-40e8-88c9-5fa72682e9ad",
    "categoria": "infraestructuras",
    "tipo": "parada_autobus",
    "nombre": "199 - Ed. Aranjuez",
    "estado_nombre": "correcto",
    "direccion": "Av. Jaume I, front 22",
    "lat": 38.53956,
    "lng": -0.13546,
    "utm_x": 750638.62,
    "utm_y": 4269562.3,
    "utm_huso": 30,
    "fuente": "Plantilla municipal — Limpieza info (PTM Benidorm)",
    "licencia": "Uso interno del proyecto",
    "confianza": 26,
    "estado_espacial": "valido",
    "geometria_origen": "punto_representativo"
   }
  },
  {
   "type": "Feature",
   "geometry": {
    "type": "Point",
    "coordinates": [
     -0.16611,
     38.53316
    ]
   },
   "properties": {
    "id_tecnico": "b76d0810-0754-4013-945a-934a96995f8a",
    "categoria": "equipamientos",
    "tipo": "alimentacion",
    "nombre": "alimentacion node/13391224403",
    "estado_nombre": "correcto",
    "direccion": null,
    "lat": 38.53316,
    "lng": -0.16611,
    "utm_x": 747978.05,
    "utm_y": 4268769.37,
    "utm_huso": 30,
    "fuente": "OpenStreetMap (Overpass)",
    "licencia": "ODbL 1.0",
    "confianza": 23,
    "estado_espacial": "proximo_limite",
    "geometria_origen": "punto_representativo"
   }
  },
  {
   "type": "Feature",
   "geometry": {
    "type": "Point",
    "coordinates": [
     -0.10116,
     38.539
    ]
   },
   "properties": {
    "id_tecnico": "b78db89f-d187-40d5-9409-07a1d4a6f6c3",
    "categoria": "infraestructuras",
    "tipo": "parada_autobus",
    "nombre": "Av. Montecarlo, 32",
    "estado_nombre": "correcto",
    "direccion": null,
    "lat": 38.539,
    "lng": -0.10116,
    "utm_x": 753642.31,
    "utm_y": 4269593.6,
    "utm_huso": 30,
    "fuente": "OpenStreetMap (Overpass)",
    "licencia": "ODbL 1.0",
    "confianza": 23,
    "estado_espacial": "valido",
    "geometria_origen": "punto_representativo"
   }
  },
  {
   "type": "Feature",
   "geometry": {
    "type": "Point",
    "coordinates": [
     -0.10562,
     38.53516
    ]
   },
   "properties": {
    "id_tecnico": "b7966677-3638-4bcf-9f85-17f81c64e19b",
    "categoria": "infraestructuras",
    "tipo": "alojamiento",
    "nombre": "Aparthotel Levante Beach",
    "estado_nombre": "correcto",
    "direccion": null,
    "lat": 38.53516,
    "lng": -0.10562,
    "utm_x": 753265.31,
    "utm_y": 4269155.16,
    "utm_huso": 30,
    "fuente": "OpenStreetMap (Overpass)",
    "licencia": "ODbL 1.0",
    "confianza": 23,
    "estado_espacial": "valido",
    "geometria_origen": "punto_representativo"
   }
  },
  {
   "type": "Feature",
   "geometry": {
    "type": "Point",
    "coordinates": [
     -0.10786,
     38.53464
    ]
   },
   "properties": {
    "id_tecnico": "b7c2e301-70b6-4952-bd6f-ad311b9b415c",
    "categoria": "equipamientos",
    "tipo": "alimentacion",
    "nombre": "London to Paris",
    "estado_nombre": "correcto",
    "direccion": null,
    "lat": 38.53464,
    "lng": -0.10786,
    "utm_x": 753071.06,
    "utm_y": 4269091.32,
    "utm_huso": 30,
    "fuente": "OpenStreetMap (Overpass)",
    "licencia": "ODbL 1.0",
    "confianza": 23,
    "estado_espacial": "proximo_limite",
    "geometria_origen": "punto_representativo"
   }
  },
  {
   "type": "Feature",
   "geometry": {
    "type": "Point",
    "coordinates": [
     -0.11843,
     38.53572
    ]
   },
   "properties": {
    "id_tecnico": "b7db9012-a8cf-4d41-89df-b4c13ef720d5",
    "categoria": "equipamientos",
    "tipo": "alimentacion",
    "nombre": "Beach Express",
    "estado_nombre": "correcto",
    "direccion": "Avinguda de Madrid  -  Avenida de Madrid 5",
    "lat": 38.53572,
    "lng": -0.11843,
    "utm_x": 752142.25,
    "utm_y": 4269182.34,
    "utm_huso": 30,
    "fuente": "OpenStreetMap (Overpass)",
    "licencia": "ODbL 1.0",
    "confianza": 26,
    "estado_espacial": "proximo_limite",
    "geometria_origen": "punto_representativo"
   }
  },
  {
   "type": "Feature",
   "geometry": {
    "type": "Point",
    "coordinates": [
     -0.10391,
     38.53722
    ]
   },
   "properties": {
    "id_tecnico": "b8243c5f-0a8b-4093-8c76-d135653bcd25",
    "categoria": "infraestructuras",
    "tipo": "alojamiento",
    "nombre": "Aparthotel Levante Lux",
    "estado_nombre": "correcto",
    "direccion": null,
    "lat": 38.53722,
    "lng": -0.10391,
    "utm_x": 753407.82,
    "utm_y": 4269388.5,
    "utm_huso": 30,
    "fuente": "OpenStreetMap (Overpass)",
    "licencia": "ODbL 1.0",
    "confianza": 26,
    "estado_espacial": "valido",
    "geometria_origen": "punto_representativo"
   }
  },
  {
   "type": "Feature",
   "geometry": {
    "type": "Point",
    "coordinates": [
     -0.12479,
     38.54176
    ]
   },
   "properties": {
    "id_tecnico": "b8873c0e-f23b-459f-8893-90c88cc393a7",
    "categoria": "infraestructuras",
    "tipo": "parada_autobus",
    "nombre": "289 - Puchades 24",
    "estado_nombre": "correcto",
    "direccion": "Av. Alfonso Puchades, 24",
    "lat": 38.54176,
    "lng": -0.12479,
    "utm_x": 751564.82,
    "utm_y": 4269835.45,
    "utm_huso": 30,
    "fuente": "Plantilla municipal — Limpieza info (PTM Benidorm)",
    "licencia": "Uso interno del proyecto",
    "confianza": 26,
    "estado_espacial": "valido",
    "geometria_origen": "punto_representativo"
   }
  },
  {
   "type": "Feature",
   "geometry": {
    "type": "Point",
    "coordinates": [
     -0.13059,
     38.53425
    ]
   },
   "properties": {
    "id_tecnico": "b8e58104-00b6-45f7-8e97-a4c6adfb8d59",
    "categoria": "infraestructuras",
    "tipo": "alojamiento",
    "nombre": "Gastrohotel RH Canfali",
    "estado_nombre": "correcto",
    "direccion": "Plaça de Sant Jaume 5",
    "lat": 38.53425,
    "lng": -0.13059,
    "utm_x": 751083.07,
    "utm_y": 4268986.12,
    "utm_huso": 30,
    "fuente": "OpenStreetMap (Overpass)",
    "licencia": "ODbL 1.0",
    "confianza": 26,
    "estado_espacial": "proximo_limite",
    "geometria_origen": "punto_representativo"
   }
  },
  {
   "type": "Feature",
   "geometry": {
    "type": "Point",
    "coordinates": [
     -0.15239,
     38.53545
    ]
   },
   "properties": {
    "id_tecnico": "b8f9bd06-0e24-4645-89eb-4924291a4365",
    "categoria": "infraestructuras",
    "tipo": "parada_autobus",
    "nombre": "Av. Vicent Llorca Alós, 1",
    "estado_nombre": "correcto",
    "direccion": null,
    "lat": 38.53545,
    "lng": -0.15239,
    "utm_x": 749171.03,
    "utm_y": 4269060.4,
    "utm_huso": 30,
    "fuente": "OpenStreetMap (Overpass)",
    "licencia": "ODbL 1.0",
    "confianza": 23,
    "estado_espacial": "proximo_limite",
    "geometria_origen": "punto_representativo"
   }
  },
  {
   "type": "Feature",
   "geometry": {
    "type": "Point",
    "coordinates": [
     -0.11601,
     38.53683
    ]
   },
   "properties": {
    "id_tecnico": "b9ebdb4c-191b-4108-878b-9701ba8c76a4",
    "categoria": "equipamientos",
    "tipo": "alimentacion",
    "nombre": "alimentacion node/13430150416",
    "estado_nombre": "correcto",
    "direccion": null,
    "lat": 38.53683,
    "lng": -0.11601,
    "utm_x": 752350.21,
    "utm_y": 4269312.14,
    "utm_huso": 30,
    "fuente": "OpenStreetMap (Overpass)",
    "licencia": "ODbL 1.0",
    "confianza": 23,
    "estado_espacial": "proximo_limite",
    "geometria_origen": "punto_representativo"
   }
  },
  {
   "type": "Feature",
   "geometry": {
    "type": "Point",
    "coordinates": [
     -0.10445,
     38.54004
    ]
   },
   "properties": {
    "id_tecnico": "ba0976b7-664b-49f5-8bce-91eb0e901ce0",
    "categoria": "infraestructuras",
    "tipo": "parada_autobus",
    "nombre": "Av. Severo Ochoa, 1 (Hotel Meliá)",
    "estado_nombre": "correcto",
    "direccion": null,
    "lat": 38.54004,
    "lng": -0.10445,
    "utm_x": 753350.78,
    "utm_y": 4269700.02,
    "utm_huso": 30,
    "fuente": "OpenStreetMap (Overpass)",
    "licencia": "ODbL 1.0",
    "confianza": 23,
    "estado_espacial": "valido",
    "geometria_origen": "punto_representativo"
   }
  },
  {
   "type": "Feature",
   "geometry": {
    "type": "Point",
    "coordinates": [
     -0.10551,
     38.53035
    ]
   },
   "properties": {
    "id_tecnico": "ba915c17-45fa-4294-99ca-718c40faf6d9",
    "categoria": "infraestructuras",
    "tipo": "parada_autobus",
    "nombre": "313 - Ed. Castell Mar",
    "estado_nombre": "correcto",
    "direccion": "C/ Sierra Dorada",
    "lat": 38.53035,
    "lng": -0.10551,
    "utm_x": 753291.61,
    "utm_y": 4268621.58,
    "utm_huso": 30,
    "fuente": "Plantilla municipal — Limpieza info (PTM Benidorm)",
    "licencia": "Uso interno del proyecto",
    "confianza": 26,
    "estado_espacial": "proximo_limite",
    "geometria_origen": "punto_representativo"
   }
  },
  {
   "type": "Feature",
   "geometry": {
    "type": "Point",
    "coordinates": [
     -0.13628,
     38.53863
    ]
   },
   "properties": {
    "id_tecnico": "ba92d662-4c89-4cdd-aae0-e3693de8fc83",
    "categoria": "infraestructuras",
    "tipo": "parada_autobus",
    "nombre": "127 - Ed. Bonanza",
    "estado_nombre": "correcto",
    "direccion": "Av. Jaume I, 16",
    "lat": 38.53863,
    "lng": -0.13628,
    "utm_x": 750570.05,
    "utm_y": 4269456.86,
    "utm_huso": 30,
    "fuente": "Plantilla municipal — Limpieza info (PTM Benidorm)",
    "licencia": "Uso interno del proyecto",
    "confianza": 26,
    "estado_espacial": "proximo_limite",
    "geometria_origen": "punto_representativo"
   }
  },
  {
   "type": "Feature",
   "geometry": {
    "type": "Point",
    "coordinates": [
     -0.13337,
     38.54067
    ]
   },
   "properties": {
    "id_tecnico": "bac4acdf-0280-401e-af33-5e95aec341a7",
    "categoria": "equipamientos",
    "tipo": "alimentacion",
    "nombre": "alimentacion node/13439388069",
    "estado_nombre": "correcto",
    "direccion": null,
    "lat": 38.54067,
    "lng": -0.13337,
    "utm_x": 750817.72,
    "utm_y": 4269691.17,
    "utm_huso": 30,
    "fuente": "OpenStreetMap (Overpass)",
    "licencia": "ODbL 1.0",
    "confianza": 23,
    "estado_espacial": "valido",
    "geometria_origen": "punto_representativo"
   }
  },
  {
   "type": "Feature",
   "geometry": {
    "type": "Point",
    "coordinates": [
     -0.13368,
     38.54754
    ]
   },
   "properties": {
    "id_tecnico": "bad40652-66cd-4538-850c-504812149fc3",
    "categoria": "equipamientos",
    "tipo": "alimentacion",
    "nombre": "Udaco",
    "estado_nombre": "correcto",
    "direccion": "Avinguda de Beniardà",
    "lat": 38.54754,
    "lng": -0.13368,
    "utm_x": 750767,
    "utm_y": 4270452.87,
    "utm_huso": 30,
    "fuente": "OpenStreetMap (Overpass)",
    "licencia": "ODbL 1.0",
    "confianza": 26,
    "estado_espacial": "valido",
    "geometria_origen": "punto_representativo"
   }
  },
  {
   "type": "Feature",
   "geometry": {
    "type": "Point",
    "coordinates": [
     -0.1329,
     38.53872
    ]
   },
   "properties": {
    "id_tecnico": "baeccc5c-654c-44e7-b321-90bfab410ff2",
    "categoria": "infraestructuras",
    "tipo": "alojamiento",
    "nombre": "Hotel Montesol",
    "estado_nombre": "correcto",
    "direccion": "Carrer de la Garita 15",
    "lat": 38.53872,
    "lng": -0.1329,
    "utm_x": 750865.54,
    "utm_y": 4269476,
    "utm_huso": 30,
    "fuente": "OpenStreetMap (Overpass)",
    "licencia": "ODbL 1.0",
    "confianza": 26,
    "estado_espacial": "valido",
    "geometria_origen": "punto_representativo"
   }
  },
  {
   "type": "Feature",
   "geometry": {
    "type": "Point",
    "coordinates": [
     -0.11423,
     38.53686
    ]
   },
   "properties": {
    "id_tecnico": "bb29e54e-5ada-4f34-9aeb-378561a3514c",
    "categoria": "equipamientos",
    "tipo": "alimentacion",
    "nombre": "Revert",
    "estado_nombre": "correcto",
    "direccion": "Avinguda de Filipines",
    "lat": 38.53686,
    "lng": -0.11423,
    "utm_x": 752505.89,
    "utm_y": 4269320.33,
    "utm_huso": 30,
    "fuente": "OpenStreetMap (Overpass)",
    "licencia": "ODbL 1.0",
    "confianza": 26,
    "estado_espacial": "valido",
    "geometria_origen": "punto_representativo"
   }
  },
  {
   "type": "Feature",
   "geometry": {
    "type": "Point",
    "coordinates": [
     -0.16337,
     38.52542
    ]
   },
   "properties": {
    "id_tecnico": "bb4289d5-af56-4a03-97b9-91148de805b3",
    "categoria": "infraestructuras",
    "tipo": "parada_autobus",
    "nombre": "Llorente Bus",
    "estado_nombre": "correcto",
    "direccion": null,
    "lat": 38.52542,
    "lng": -0.16337,
    "utm_x": 748244.15,
    "utm_y": 4267917.62,
    "utm_huso": 30,
    "fuente": "OpenStreetMap (Overpass)",
    "licencia": "ODbL 1.0",
    "confianza": 23,
    "estado_espacial": "proximo_limite",
    "geometria_origen": "punto_representativo"
   }
  },
  {
   "type": "Feature",
   "geometry": {
    "type": "Point",
    "coordinates": [
     -0.10711,
     38.53617
    ]
   },
   "properties": {
    "id_tecnico": "bb7dd02d-214b-4bde-824a-fe1040a99576",
    "categoria": "equipamientos",
    "tipo": "alimentacion",
    "nombre": "Supermarket Rohaan",
    "estado_nombre": "correcto",
    "direccion": "Avinguda de L'Ametlla de Mar",
    "lat": 38.53617,
    "lng": -0.10711,
    "utm_x": 753131.4,
    "utm_y": 4269263.19,
    "utm_huso": 30,
    "fuente": "OpenStreetMap (Overpass)",
    "licencia": "ODbL 1.0",
    "confianza": 26,
    "estado_espacial": "valido",
    "geometria_origen": "punto_representativo"
   }
  },
  {
   "type": "Feature",
   "geometry": {
    "type": "Point",
    "coordinates": [
     -0.09785,
     38.54962
    ]
   },
   "properties": {
    "id_tecnico": "bbe1bb13-095a-4efc-910a-dd53dd72d9c6",
    "categoria": "infraestructuras",
    "tipo": "parada_autobus",
    "nombre": "Av. Severo Ochoa, 19 (Càmping el Racó)",
    "estado_nombre": "correcto",
    "direccion": null,
    "lat": 38.54962,
    "lng": -0.09785,
    "utm_x": 753895.07,
    "utm_y": 4270781.45,
    "utm_huso": 30,
    "fuente": "OpenStreetMap (Overpass)",
    "licencia": "ODbL 1.0",
    "confianza": 23,
    "estado_espacial": "valido",
    "geometria_origen": "punto_representativo"
   }
  },
  {
   "type": "Feature",
   "geometry": {
    "type": "Point",
    "coordinates": [
     -0.12588,
     38.54255
    ]
   },
   "properties": {
    "id_tecnico": "bc0c3749-0f18-4ef4-b1ad-654afbdfe22c",
    "categoria": "equipamientos",
    "tipo": "alimentacion",
    "nombre": "Hiperber",
    "estado_nombre": "correcto",
    "direccion": null,
    "lat": 38.54255,
    "lng": -0.12588,
    "utm_x": 751466.72,
    "utm_y": 4269920.17,
    "utm_huso": 30,
    "fuente": "OpenStreetMap (Overpass)",
    "licencia": "ODbL 1.0",
    "confianza": 26,
    "estado_espacial": "valido",
    "geometria_origen": "punto_representativo"
   }
  },
  {
   "type": "Feature",
   "geometry": {
    "type": "Point",
    "coordinates": [
     -0.13124,
     38.54111
    ]
   },
   "properties": {
    "id_tecnico": "bcb0fa2b-e6bd-4df7-b2c4-76956c2eb575",
    "categoria": "infraestructuras",
    "tipo": "alojamiento",
    "nombre": "Carabelas Apartamentos",
    "estado_nombre": "correcto",
    "direccion": null,
    "lat": 38.54111,
    "lng": -0.13124,
    "utm_x": 751002.61,
    "utm_y": 4269745.78,
    "utm_huso": 30,
    "fuente": "OpenStreetMap (Overpass)",
    "licencia": "ODbL 1.0",
    "confianza": 23,
    "estado_espacial": "valido",
    "geometria_origen": "punto_representativo"
   }
  },
  {
   "type": "Feature",
   "geometry": {
    "type": "Point",
    "coordinates": [
     -0.1384,
     38.5421
    ]
   },
   "properties": {
    "id_tecnico": "bd2c6dda-67de-4fcb-a3e3-45696ed85cb7",
    "categoria": "equipamientos",
    "tipo": "colegio",
    "nombre": "Col·legi d'Educació Infantil i Primària Ausiàs March",
    "estado_nombre": "correcto",
    "direccion": null,
    "lat": 38.5421,
    "lng": -0.1384,
    "utm_x": 750372.63,
    "utm_y": 4269836.27,
    "utm_huso": 30,
    "fuente": "OpenStreetMap (Overpass)",
    "licencia": "ODbL 1.0",
    "confianza": 26,
    "estado_espacial": "valido",
    "geometria_origen": "punto_representativo"
   }
  },
  {
   "type": "Feature",
   "geometry": {
    "type": "Point",
    "coordinates": [
     -0.12201,
     38.54249
    ]
   },
   "properties": {
    "id_tecnico": "bd31c4a2-e09e-44b6-abd0-268607cd4fdd",
    "categoria": "infraestructuras",
    "tipo": "parada_autobus",
    "nombre": "343 - Ballester",
    "estado_nombre": "correcto",
    "direccion": "Av. Comunitat Valenciana, 5",
    "lat": 38.54249,
    "lng": -0.12201,
    "utm_x": 751805.59,
    "utm_y": 4269924.03,
    "utm_huso": 30,
    "fuente": "Plantilla municipal — Limpieza info (PTM Benidorm)",
    "licencia": "Uso interno del proyecto",
    "confianza": 26,
    "estado_espacial": "valido",
    "geometria_origen": "punto_representativo"
   }
  },
  {
   "type": "Feature",
   "geometry": {
    "type": "Point",
    "coordinates": [
     -0.13452,
     38.53715
    ]
   },
   "properties": {
    "id_tecnico": "bd3dff82-7b04-4374-9158-1d76c750c463",
    "categoria": "infraestructuras",
    "tipo": "alojamiento",
    "nombre": "Hotel Mar Blau",
    "estado_nombre": "correcto",
    "direccion": null,
    "lat": 38.53715,
    "lng": -0.13452,
    "utm_x": 750729.16,
    "utm_y": 4269297.35,
    "utm_huso": 30,
    "fuente": "OpenStreetMap (Overpass)",
    "licencia": "ODbL 1.0",
    "confianza": 23,
    "estado_espacial": "proximo_limite",
    "geometria_origen": "punto_representativo"
   }
  },
  {
   "type": "Feature",
   "geometry": {
    "type": "Point",
    "coordinates": [
     -0.11278,
     38.53594
    ]
   },
   "properties": {
    "id_tecnico": "bdb53261-a735-45a8-8f47-8a4ac43d40c4",
    "categoria": "infraestructuras",
    "tipo": "parada_autobus",
    "nombre": "Av. Mediterráneo, 54",
    "estado_nombre": "correcto",
    "direccion": null,
    "lat": 38.53594,
    "lng": -0.11278,
    "utm_x": 752635.97,
    "utm_y": 4269222.17,
    "utm_huso": 30,
    "fuente": "OpenStreetMap (Overpass)",
    "licencia": "ODbL 1.0",
    "confianza": 23,
    "estado_espacial": "proximo_limite",
    "geometria_origen": "punto_representativo"
   }
  },
  {
   "type": "Feature",
   "geometry": {
    "type": "Point",
    "coordinates": [
     -0.17151,
     38.55395
    ]
   },
   "properties": {
    "id_tecnico": "be044523-bfa8-4af2-b268-1871d7692fee",
    "categoria": "infraestructuras",
    "tipo": "parada_autobus",
    "nombre": "Av. Eduardo Zaplana (Hotel Asia Gardens)",
    "estado_nombre": "correcto",
    "direccion": null,
    "lat": 38.55395,
    "lng": -0.17151,
    "utm_x": 747434.99,
    "utm_y": 4271062.48,
    "utm_huso": 30,
    "fuente": "OpenStreetMap (Overpass)",
    "licencia": "ODbL 1.0",
    "confianza": 23,
    "estado_espacial": "proximo_limite",
    "geometria_origen": "punto_representativo"
   }
  },
  {
   "type": "Feature",
   "geometry": {
    "type": "Point",
    "coordinates": [
     -0.14517,
     38.56581
    ]
   },
   "properties": {
    "id_tecnico": "be2d6749-4fa2-4ffb-b0a7-b73a2fce1aae",
    "categoria": "servicios_basicos",
    "tipo": "punto_agua_incendios",
    "nombre": "punto agua incendios way/114577185",
    "estado_nombre": "correcto",
    "direccion": null,
    "lat": 38.56581,
    "lng": -0.14517,
    "utm_x": 749699.08,
    "utm_y": 4272449.66,
    "utm_huso": 30,
    "fuente": "OpenStreetMap (Overpass)",
    "licencia": "ODbL 1.0",
    "confianza": 23,
    "estado_espacial": "valido",
    "geometria_origen": "punto_representativo"
   }
  },
  {
   "type": "Feature",
   "geometry": {
    "type": "Point",
    "coordinates": [
     -0.13032,
     38.5472
    ]
   },
   "properties": {
    "id_tecnico": "be4e2755-a413-4407-8fcb-d68830b4727a",
    "categoria": "infraestructuras",
    "tipo": "parada_autobus",
    "nombre": "283 - Inglaterra 6",
    "estado_nombre": "correcto",
    "direccion": "C/ Anglaterra, 6",
    "lat": 38.5472,
    "lng": -0.13032,
    "utm_x": 751062.18,
    "utm_y": 4270424.24,
    "utm_huso": 30,
    "fuente": "Plantilla municipal — Limpieza info (PTM Benidorm)",
    "licencia": "Uso interno del proyecto",
    "confianza": 26,
    "estado_espacial": "valido",
    "geometria_origen": "punto_representativo"
   }
  },
  {
   "type": "Feature",
   "geometry": {
    "type": "Point",
    "coordinates": [
     -0.15115,
     38.5633
    ]
   },
   "properties": {
    "id_tecnico": "bf078deb-c830-41c6-8dcf-09557a77ce66",
    "categoria": "infraestructuras",
    "tipo": "helipuerto",
    "nombre": "Heliactivo",
    "estado_nombre": "correcto",
    "direccion": null,
    "lat": 38.5633,
    "lng": -0.15115,
    "utm_x": 749184.5,
    "utm_y": 4272154.94,
    "utm_huso": 30,
    "fuente": "OpenStreetMap (Overpass)",
    "licencia": "ODbL 1.0",
    "confianza": 23,
    "estado_espacial": "valido",
    "geometria_origen": "punto_representativo"
   }
  },
  {
   "type": "Feature",
   "geometry": {
    "type": "Point",
    "coordinates": [
     -0.12978,
     38.5439
    ]
   },
   "properties": {
    "id_tecnico": "bf16134b-be31-4242-8745-302e93f7f6de",
    "categoria": "infraestructuras",
    "tipo": "parada_autobus",
    "nombre": "Av. Alfonso Puchades, 5",
    "estado_nombre": "correcto",
    "direccion": null,
    "lat": 38.5439,
    "lng": -0.12978,
    "utm_x": 751120.78,
    "utm_y": 4270059.42,
    "utm_huso": 30,
    "fuente": "OpenStreetMap (Overpass)",
    "licencia": "ODbL 1.0",
    "confianza": 23,
    "estado_espacial": "valido",
    "geometria_origen": "punto_representativo"
   }
  },
  {
   "type": "Feature",
   "geometry": {
    "type": "Point",
    "coordinates": [
     -0.12592,
     38.53949
    ]
   },
   "properties": {
    "id_tecnico": "bf23aa4f-bf1f-473d-aae5-ac3eb92cfa1a",
    "categoria": "equipamientos",
    "tipo": "alimentacion",
    "nombre": "alimentacion node/13391220793",
    "estado_nombre": "correcto",
    "direccion": null,
    "lat": 38.53949,
    "lng": -0.12592,
    "utm_x": 751473.75,
    "utm_y": 4269580.41,
    "utm_huso": 30,
    "fuente": "OpenStreetMap (Overpass)",
    "licencia": "ODbL 1.0",
    "confianza": 23,
    "estado_espacial": "valido",
    "geometria_origen": "punto_representativo"
   }
  },
  {
   "type": "Feature",
   "geometry": {
    "type": "Point",
    "coordinates": [
     -0.10366,
     38.5413
    ]
   },
   "properties": {
    "id_tecnico": "bf2d4e83-7cf6-4ad4-9718-84faf7b48a4a",
    "categoria": "equipamientos",
    "tipo": "alimentacion",
    "nombre": "Ali Baba",
    "estado_nombre": "correcto",
    "direccion": "Avenida del Doctor Severo Ochoa",
    "lat": 38.5413,
    "lng": -0.10366,
    "utm_x": 753415.55,
    "utm_y": 4269842.04,
    "utm_huso": 30,
    "fuente": "OpenStreetMap (Overpass)",
    "licencia": "ODbL 1.0",
    "confianza": 26,
    "estado_espacial": "valido",
    "geometria_origen": "punto_representativo"
   }
  },
  {
   "type": "Feature",
   "geometry": {
    "type": "Point",
    "coordinates": [
     -0.10631,
     38.53449
    ]
   },
   "properties": {
    "id_tecnico": "bf47e8cc-c350-4992-9c79-f40ed48cf362",
    "categoria": "equipamientos",
    "tipo": "alimentacion",
    "nombre": "Supermercado Udaco",
    "estado_nombre": "correcto",
    "direccion": null,
    "lat": 38.53449,
    "lng": -0.10631,
    "utm_x": 753207.24,
    "utm_y": 4269078.91,
    "utm_huso": 30,
    "fuente": "OpenStreetMap (Overpass)",
    "licencia": "ODbL 1.0",
    "confianza": 23,
    "estado_espacial": "valido",
    "geometria_origen": "punto_representativo"
   }
  },
  {
   "type": "Feature",
   "geometry": {
    "type": "Point",
    "coordinates": [
     -0.1304,
     38.53893
    ]
   },
   "properties": {
    "id_tecnico": "bf72b1a2-fcb1-4f98-a618-ab408ab2b62a",
    "categoria": "infraestructuras",
    "tipo": "alojamiento",
    "nombre": "Port Vista Oro",
    "estado_nombre": "correcto",
    "direccion": "Avenida de Ruzafa - Avinguda de Russafa 41",
    "lat": 38.53893,
    "lng": -0.1304,
    "utm_x": 751083.61,
    "utm_y": 4269506.09,
    "utm_huso": 30,
    "fuente": "OpenStreetMap (Overpass)",
    "licencia": "ODbL 1.0",
    "confianza": 26,
    "estado_espacial": "valido",
    "geometria_origen": "punto_representativo"
   }
  },
  {
   "type": "Feature",
   "geometry": {
    "type": "Point",
    "coordinates": [
     -0.11714,
     38.53742
    ]
   },
   "properties": {
    "id_tecnico": "bf95e54c-f920-47af-99d6-3eda532386ce",
    "categoria": "equipamientos",
    "tipo": "alimentacion",
    "nombre": "Udaco",
    "estado_nombre": "correcto",
    "direccion": "Calle de Gerona",
    "lat": 38.53742,
    "lng": -0.11714,
    "utm_x": 752249.28,
    "utm_y": 4269374.55,
    "utm_huso": 30,
    "fuente": "OpenStreetMap (Overpass)",
    "licencia": "ODbL 1.0",
    "confianza": 26,
    "estado_espacial": "valido",
    "geometria_origen": "punto_representativo"
   }
  },
  {
   "type": "Feature",
   "geometry": {
    "type": "Point",
    "coordinates": [
     -0.14143,
     38.54428
    ]
   },
   "properties": {
    "id_tecnico": "bfce73a6-e55f-4d63-b23a-9629e62fb6b6",
    "categoria": "infraestructuras",
    "tipo": "alojamiento",
    "nombre": "Apartamentos Terralta",
    "estado_nombre": "correcto",
    "direccion": null,
    "lat": 38.54428,
    "lng": -0.14143,
    "utm_x": 750100,
    "utm_y": 4270070.05,
    "utm_huso": 30,
    "fuente": "OpenStreetMap (Overpass)",
    "licencia": "ODbL 1.0",
    "confianza": 23,
    "estado_espacial": "valido",
    "geometria_origen": "punto_representativo"
   }
  },
  {
   "type": "Feature",
   "geometry": {
    "type": "Point",
    "coordinates": [
     -0.10708,
     38.53558
    ]
   },
   "properties": {
    "id_tecnico": "bff2d35c-4c9f-4503-bcf8-9fe8223bc347",
    "categoria": "infraestructuras",
    "tipo": "parada_autobus",
    "nombre": "Av. Ametlla de Mar, 16 (Hotel Nereo)",
    "estado_nombre": "correcto",
    "direccion": null,
    "lat": 38.53558,
    "lng": -0.10708,
    "utm_x": 753136.07,
    "utm_y": 4269197.79,
    "utm_huso": 30,
    "fuente": "OpenStreetMap (Overpass)",
    "licencia": "ODbL 1.0",
    "confianza": 23,
    "estado_espacial": "valido",
    "geometria_origen": "punto_representativo"
   }
  },
  {
   "type": "Feature",
   "geometry": {
    "type": "Point",
    "coordinates": [
     -0.13029,
     38.53928
    ]
   },
   "properties": {
    "id_tecnico": "c009b1cf-43cd-4c3d-8250-c3a3afa339e7",
    "categoria": "equipamientos",
    "tipo": "colegio",
    "nombre": "CEIP LEONOR CANALEJAS",
    "estado_nombre": "correcto",
    "direccion": "CL. ESCUELAS, S/N",
    "lat": 38.53928,
    "lng": -0.13029,
    "utm_x": 751092.03,
    "utm_y": 4269545.24,
    "utm_huso": 30,
    "fuente": "GVA - Centros docentes de la Comunitat Valenciana (ICV WFS)",
    "licencia": "CC BY 4.0",
    "confianza": 29,
    "estado_espacial": "valido",
    "geometria_origen": "punto_representativo"
   }
  },
  {
   "type": "Feature",
   "geometry": {
    "type": "Point",
    "coordinates": [
     -0.12146,
     38.55379
    ]
   },
   "properties": {
    "id_tecnico": "c080860b-54a8-4c8f-9319-a49dddd78702",
    "categoria": "equipamientos",
    "tipo": "instituto",
    "nombre": "IES PERE MARIA ORTS I BOSCH",
    "estado_nombre": "correcto",
    "direccion": "CL. DE LA BARCA DEL BOU (SALT DE L'AIG",
    "lat": 38.55379,
    "lng": -0.12146,
    "utm_x": 751814.75,
    "utm_y": 4271179.78,
    "utm_huso": 30,
    "fuente": "GVA - Centros docentes de la Comunitat Valenciana (ICV WFS)",
    "licencia": "CC BY 4.0",
    "confianza": 29,
    "estado_espacial": "valido",
    "geometria_origen": "punto_representativo"
   }
  },
  {
   "type": "Feature",
   "geometry": {
    "type": "Point",
    "coordinates": [
     -0.13834,
     38.54337
    ]
   },
   "properties": {
    "id_tecnico": "c0c6be1b-b801-4de4-81e9-e4b792c6770b",
    "categoria": "infraestructuras",
    "tipo": "parada_autobus",
    "nombre": "Av. 9 d'Octubre (Centre de Salut)",
    "estado_nombre": "correcto",
    "direccion": null,
    "lat": 38.54337,
    "lng": -0.13834,
    "utm_x": 750373.52,
    "utm_y": 4269977.4,
    "utm_huso": 30,
    "fuente": "OpenStreetMap (Overpass)",
    "licencia": "ODbL 1.0",
    "confianza": 23,
    "estado_espacial": "valido",
    "geometria_origen": "punto_representativo"
   }
  },
  {
   "type": "Feature",
   "geometry": {
    "type": "Point",
    "coordinates": [
     -0.13823,
     38.54343
    ]
   },
   "properties": {
    "id_tecnico": "c1178ed4-430a-43e4-82d1-cecd3892ee9e",
    "categoria": "infraestructuras",
    "tipo": "parada_autobus",
    "nombre": "379 - fr. C.S. Foietes",
    "estado_nombre": "correcto",
    "direccion": "Av. 9 d'Octubre (Centre de Salut)",
    "lat": 38.54343,
    "lng": -0.13823,
    "utm_x": 750382.94,
    "utm_y": 4269984.35,
    "utm_huso": 30,
    "fuente": "Plantilla municipal — Limpieza info (PTM Benidorm)",
    "licencia": "Uso interno del proyecto",
    "confianza": 26,
    "estado_espacial": "valido",
    "geometria_origen": "punto_representativo"
   }
  },
  {
   "type": "Feature",
   "geometry": {
    "type": "Point",
    "coordinates": [
     -0.10946,
     38.53677
    ]
   },
   "properties": {
    "id_tecnico": "c1b8a740-21f5-410e-a2e8-be7e9d8db819",
    "categoria": "equipamientos",
    "tipo": "alimentacion",
    "nombre": "Supermarket Waldorf",
    "estado_nombre": "correcto",
    "direccion": "Carrer Girona - Calle Gerona",
    "lat": 38.53677,
    "lng": -0.10946,
    "utm_x": 752923.66,
    "utm_y": 4269323.36,
    "utm_huso": 30,
    "fuente": "OpenStreetMap (Overpass)",
    "licencia": "ODbL 1.0",
    "confianza": 26,
    "estado_espacial": "valido",
    "geometria_origen": "punto_representativo"
   }
  },
  {
   "type": "Feature",
   "geometry": {
    "type": "Point",
    "coordinates": [
     -0.1315,
     38.54585
    ]
   },
   "properties": {
    "id_tecnico": "c1fd5a77-45eb-468b-92e8-be33912805cb",
    "categoria": "infraestructuras",
    "tipo": "parada_autobus",
    "nombre": "159 - Plaza Toros",
    "estado_nombre": "correcto",
    "direccion": "Av. l'Aigüera, front 17-18",
    "lat": 38.54585,
    "lng": -0.1315,
    "utm_x": 750963.57,
    "utm_y": 4270271.19,
    "utm_huso": 30,
    "fuente": "Plantilla municipal — Limpieza info (PTM Benidorm)",
    "licencia": "Uso interno del proyecto",
    "confianza": 26,
    "estado_espacial": "valido",
    "geometria_origen": "punto_representativo"
   }
  },
  {
   "type": "Feature",
   "geometry": {
    "type": "Point",
    "coordinates": [
     -0.1241,
     38.55055
    ]
   },
   "properties": {
    "id_tecnico": "c21aec25-4ce8-4878-a409-50f8e066c014",
    "categoria": "infraestructuras",
    "tipo": "helipuerto",
    "nombre": "helipuerto way/520866411",
    "estado_nombre": "correcto",
    "direccion": null,
    "lat": 38.55055,
    "lng": -0.1241,
    "utm_x": 751594.92,
    "utm_y": 4270812.97,
    "utm_huso": 30,
    "fuente": "OpenStreetMap (Overpass)",
    "licencia": "ODbL 1.0",
    "confianza": 23,
    "estado_espacial": "valido",
    "geometria_origen": "punto_representativo"
   }
  },
  {
   "type": "Feature",
   "geometry": {
    "type": "Point",
    "coordinates": [
     -0.15306,
     38.55861
    ]
   },
   "properties": {
    "id_tecnico": "c230f6fe-c26f-4d44-bb17-b90536bd1c90",
    "categoria": "infraestructuras",
    "tipo": "parada_autobus",
    "nombre": "192 - Zaplana 192",
    "estado_nombre": "correcto",
    "direccion": "Av. Eduardo Zaplana",
    "lat": 38.55861,
    "lng": -0.15306,
    "utm_x": 749033.4,
    "utm_y": 4271629.23,
    "utm_huso": 30,
    "fuente": "Plantilla municipal — Limpieza info (PTM Benidorm)",
    "licencia": "Uso interno del proyecto",
    "confianza": 26,
    "estado_espacial": "valido",
    "geometria_origen": "punto_representativo"
   }
  },
  {
   "type": "Feature",
   "geometry": {
    "type": "Point",
    "coordinates": [
     -0.11925,
     38.54419
    ]
   },
   "properties": {
    "id_tecnico": "c2536170-7ab8-44ff-99a7-2677dc33a381",
    "categoria": "servicios_basicos",
    "tipo": "estacion_servicio",
    "nombre": "BP BENIDORM · AVENIDA COMUNIDAD VALENCIANA, 18",
    "estado_nombre": "correcto",
    "direccion": "AVENIDA COMUNIDAD VALENCIANA, 18",
    "lat": 38.54419,
    "lng": -0.11925,
    "utm_x": 752041.25,
    "utm_y": 4270120.24,
    "utm_huso": 30,
    "fuente": "Geoportal de Gasolineras (MITECO, API REST)",
    "licencia": "Reutilización de información del sector público (Ley 37/2007), citando la fuente",
    "confianza": 29,
    "estado_espacial": "valido",
    "geometria_origen": "punto_representativo"
   }
  },
  {
   "type": "Feature",
   "geometry": {
    "type": "Point",
    "coordinates": [
     -0.09936,
     38.54668
    ]
   },
   "properties": {
    "id_tecnico": "c2ab5a28-9fca-46a9-b15f-36812473e250",
    "categoria": "infraestructuras",
    "tipo": "parada_autobus",
    "nombre": "213 - H. Deloix",
    "estado_nombre": "correcto",
    "direccion": "Av. Severo Ochoa, 34 (H. Deloix)",
    "lat": 38.54668,
    "lng": -0.09936,
    "utm_x": 753773.16,
    "utm_y": 4270450.98,
    "utm_huso": 30,
    "fuente": "Plantilla municipal — Limpieza info (PTM Benidorm)",
    "licencia": "Uso interno del proyecto",
    "confianza": 26,
    "estado_espacial": "valido",
    "geometria_origen": "punto_representativo"
   }
  },
  {
   "type": "Feature",
   "geometry": {
    "type": "Point",
    "coordinates": [
     -0.09468,
     38.54235
    ]
   },
   "properties": {
    "id_tecnico": "c2c8719d-d64c-4d48-9479-6ea9c34b1487",
    "categoria": "infraestructuras",
    "tipo": "parada_autobus",
    "nombre": "Aqualandia / Mundomar",
    "estado_nombre": "correcto",
    "direccion": null,
    "lat": 38.54235,
    "lng": -0.09468,
    "utm_x": 754197.76,
    "utm_y": 4269983.22,
    "utm_huso": 30,
    "fuente": "OpenStreetMap (Overpass)",
    "licencia": "ODbL 1.0",
    "confianza": 23,
    "estado_espacial": "valido",
    "geometria_origen": "punto_representativo"
   }
  },
  {
   "type": "Feature",
   "geometry": {
    "type": "Point",
    "coordinates": [
     -0.10673,
     38.53759
    ]
   },
   "properties": {
    "id_tecnico": "c30af06d-d0dd-4d95-a64f-7bb4a86e6bb5",
    "categoria": "equipamientos",
    "tipo": "alimentacion",
    "nombre": "Pak",
    "estado_nombre": "correcto",
    "direccion": "Avinguda de Juan Fuster Zaragoza",
    "lat": 38.53759,
    "lng": -0.10673,
    "utm_x": 753159.74,
    "utm_y": 4269421.85,
    "utm_huso": 30,
    "fuente": "OpenStreetMap (Overpass)",
    "licencia": "ODbL 1.0",
    "confianza": 26,
    "estado_espacial": "valido",
    "geometria_origen": "punto_representativo"
   }
  },
  {
   "type": "Feature",
   "geometry": {
    "type": "Point",
    "coordinates": [
     -0.14013,
     38.53997
    ]
   },
   "properties": {
    "id_tecnico": "c345cf09-c0e7-4fcc-b6ea-c6ecf3aa7923",
    "categoria": "infraestructuras",
    "tipo": "parada_autobus",
    "nombre": "Av. Cuba, 1",
    "estado_nombre": "correcto",
    "direccion": null,
    "lat": 38.53997,
    "lng": -0.14013,
    "utm_x": 750228.53,
    "utm_y": 4269595.17,
    "utm_huso": 30,
    "fuente": "OpenStreetMap (Overpass)",
    "licencia": "ODbL 1.0",
    "confianza": 23,
    "estado_espacial": "valido",
    "geometria_origen": "punto_representativo"
   }
  },
  {
   "type": "Feature",
   "geometry": {
    "type": "Point",
    "coordinates": [
     -0.13171,
     38.5387
    ]
   },
   "properties": {
    "id_tecnico": "c399157c-ee0c-483b-8a29-b22c4e2d8ec2",
    "categoria": "infraestructuras",
    "tipo": "alojamiento",
    "nombre": "Hostal Bed& Breakfast Benidorm",
    "estado_nombre": "correcto",
    "direccion": null,
    "lat": 38.5387,
    "lng": -0.13171,
    "utm_x": 750969.76,
    "utm_y": 4269477.01,
    "utm_huso": 30,
    "fuente": "OpenStreetMap (Overpass)",
    "licencia": "ODbL 1.0",
    "confianza": 23,
    "estado_espacial": "valido",
    "geometria_origen": "punto_representativo"
   }
  },
  {
   "type": "Feature",
   "geometry": {
    "type": "Point",
    "coordinates": [
     -0.13685,
     38.53784
    ]
   },
   "properties": {
    "id_tecnico": "c4a8b4e3-27ee-4103-8087-6b50415caf9d",
    "categoria": "equipamientos",
    "tipo": "alimentacion",
    "nombre": "Super Ecos",
    "estado_nombre": "correcto",
    "direccion": null,
    "lat": 38.53784,
    "lng": -0.13685,
    "utm_x": 750522.88,
    "utm_y": 4269367.63,
    "utm_huso": 30,
    "fuente": "OpenStreetMap (Overpass)",
    "licencia": "ODbL 1.0",
    "confianza": 23,
    "estado_espacial": "proximo_limite",
    "geometria_origen": "punto_representativo"
   }
  },
  {
   "type": "Feature",
   "geometry": {
    "type": "Point",
    "coordinates": [
     -0.12479,
     38.53983
    ]
   },
   "properties": {
    "id_tecnico": "c534afc3-def0-4dbd-9fb4-5778aac3f409",
    "categoria": "infraestructuras",
    "tipo": "alojamiento",
    "nombre": "Hotel Poseidón Palace",
    "estado_nombre": "correcto",
    "direccion": null,
    "lat": 38.53983,
    "lng": -0.12479,
    "utm_x": 751571.47,
    "utm_y": 4269621.22,
    "utm_huso": 30,
    "fuente": "OpenStreetMap (Overpass)",
    "licencia": "ODbL 1.0",
    "confianza": 23,
    "estado_espacial": "valido",
    "geometria_origen": "punto_representativo"
   }
  },
  {
   "type": "Feature",
   "geometry": {
    "type": "Point",
    "coordinates": [
     -0.13214,
     38.5359
    ]
   },
   "properties": {
    "id_tecnico": "c55021de-98aa-476b-8d0f-5c26504c1d9a",
    "categoria": "infraestructuras",
    "tipo": "alojamiento",
    "nombre": "Hotel Irati",
    "estado_nombre": "correcto",
    "direccion": "Carrer del Condestable Zaragoza 5",
    "lat": 38.5359,
    "lng": -0.13214,
    "utm_x": 750941.74,
    "utm_y": 4269165.06,
    "utm_huso": 30,
    "fuente": "OpenStreetMap (Overpass)",
    "licencia": "ODbL 1.0",
    "confianza": 26,
    "estado_espacial": "proximo_limite",
    "geometria_origen": "punto_representativo"
   }
  },
  {
   "type": "Feature",
   "geometry": {
    "type": "Point",
    "coordinates": [
     -0.13775,
     38.53784
    ]
   },
   "properties": {
    "id_tecnico": "c551b154-6f97-40f0-b4f6-6f0b5a06e823",
    "categoria": "infraestructuras",
    "tipo": "alojamiento",
    "nombre": "Hotel RH Corona del Mar",
    "estado_nombre": "correcto",
    "direccion": null,
    "lat": 38.53784,
    "lng": -0.13775,
    "utm_x": 750444.11,
    "utm_y": 4269365.19,
    "utm_huso": 30,
    "fuente": "OpenStreetMap (Overpass)",
    "licencia": "ODbL 1.0",
    "confianza": 23,
    "estado_espacial": "proximo_limite",
    "geometria_origen": "punto_representativo"
   }
  },
  {
   "type": "Feature",
   "geometry": {
    "type": "Point",
    "coordinates": [
     -0.11371,
     38.53504
    ]
   },
   "properties": {
    "id_tecnico": "c58108c0-7d61-4482-9cc3-f25ba08497ae",
    "categoria": "equipamientos",
    "tipo": "alimentacion",
    "nombre": "London",
    "estado_nombre": "correcto",
    "direccion": "Avinguda de Madrid - Avenida de Madrid 15",
    "lat": 38.53504,
    "lng": -0.11371,
    "utm_x": 752557.69,
    "utm_y": 4269119.74,
    "utm_huso": 30,
    "fuente": "OpenStreetMap (Overpass)",
    "licencia": "ODbL 1.0",
    "confianza": 26,
    "estado_espacial": "proximo_limite",
    "geometria_origen": "punto_representativo"
   }
  },
  {
   "type": "Feature",
   "geometry": {
    "type": "Point",
    "coordinates": [
     -0.12458,
     38.54846
    ]
   },
   "properties": {
    "id_tecnico": "c61481a4-fb35-4196-84b1-83c11c33b265",
    "categoria": "infraestructuras",
    "tipo": "parada_taxi",
    "nombre": "parada taxi way/234477271",
    "estado_nombre": "correcto",
    "direccion": null,
    "lat": 38.54846,
    "lng": -0.12458,
    "utm_x": 751560.12,
    "utm_y": 4270579.68,
    "utm_huso": 30,
    "fuente": "OpenStreetMap (Overpass)",
    "licencia": "ODbL 1.0",
    "confianza": 23,
    "estado_espacial": "valido",
    "geometria_origen": "punto_representativo"
   }
  },
  {
   "type": "Feature",
   "geometry": {
    "type": "Point",
    "coordinates": [
     -0.10258,
     38.54378
    ]
   },
   "properties": {
    "id_tecnico": "c634f93f-b4ad-4363-b629-c7eb4b79fca2",
    "categoria": "infraestructuras",
    "tipo": "parada_autobus",
    "nombre": "Av. Severo Ochoa, 9 (Lope de Vega)",
    "estado_nombre": "correcto",
    "direccion": null,
    "lat": 38.54378,
    "lng": -0.10258,
    "utm_x": 753501.45,
    "utm_y": 4270120.27,
    "utm_huso": 30,
    "fuente": "OpenStreetMap (Overpass)",
    "licencia": "ODbL 1.0",
    "confianza": 23,
    "estado_espacial": "valido",
    "geometria_origen": "punto_representativo"
   }
  },
  {
   "type": "Feature",
   "geometry": {
    "type": "Point",
    "coordinates": [
     -0.12212,
     38.5519
    ]
   },
   "properties": {
    "id_tecnico": "c71d82f5-5123-4bd0-a314-40fcf75165ba",
    "categoria": "infraestructuras",
    "tipo": "parada_autobus",
    "nombre": "245 - Parque Inf. T.",
    "estado_nombre": "correcto",
    "direccion": "C/ Nau Llondro, 1 (Escola Oficial d'Idiomes)",
    "lat": 38.5519,
    "lng": -0.12212,
    "utm_x": 751763.52,
    "utm_y": 4270968.2,
    "utm_huso": 30,
    "fuente": "Plantilla municipal — Limpieza info (PTM Benidorm)",
    "licencia": "Uso interno del proyecto",
    "confianza": 26,
    "estado_espacial": "valido",
    "geometria_origen": "punto_representativo"
   }
  },
  {
   "type": "Feature",
   "geometry": {
    "type": "Point",
    "coordinates": [
     -0.08399,
     38.58584
    ]
   },
   "properties": {
    "id_tecnico": "c7438920-7d44-436c-91ea-6b731500daca",
    "categoria": "infraestructuras",
    "tipo": "camping",
    "nombre": "Camperpark Orange Grove",
    "estado_nombre": "correcto",
    "direccion": null,
    "lat": 38.58584,
    "lng": -0.08399,
    "utm_x": 754981.27,
    "utm_y": 4274839.87,
    "utm_huso": 30,
    "fuente": "OpenStreetMap (Overpass)",
    "licencia": "ODbL 1.0",
    "confianza": 3,
    "estado_espacial": "fuera_municipio",
    "geometria_origen": "punto_representativo"
   }
  },
  {
   "type": "Feature",
   "geometry": {
    "type": "Point",
    "coordinates": [
     -0.16074,
     38.53259
    ]
   },
   "properties": {
    "id_tecnico": "c74effc7-1b8b-4d0c-a1b7-e704addfabb0",
    "categoria": "infraestructuras",
    "tipo": "parada_autobus",
    "nombre": "Av. Mont-Benidorm, 10",
    "estado_nombre": "correcto",
    "direccion": null,
    "lat": 38.53259,
    "lng": -0.16074,
    "utm_x": 748449.97,
    "utm_y": 4268720.51,
    "utm_huso": 30,
    "fuente": "OpenStreetMap (Overpass)",
    "licencia": "ODbL 1.0",
    "confianza": 23,
    "estado_espacial": "valido",
    "geometria_origen": "punto_representativo"
   }
  },
  {
   "type": "Feature",
   "geometry": {
    "type": "Point",
    "coordinates": [
     -0.17067,
     38.53272
    ]
   },
   "properties": {
    "id_tecnico": "c7547ff8-6072-41d0-a380-b9f40979e716",
    "categoria": "equipamientos",
    "tipo": "alimentacion",
    "nombre": "ALDI",
    "estado_nombre": "correcto",
    "direccion": null,
    "lat": 38.53272,
    "lng": -0.17067,
    "utm_x": 747580.44,
    "utm_y": 4268708.33,
    "utm_huso": 30,
    "fuente": "OpenStreetMap (Overpass)",
    "licencia": "ODbL 1.0",
    "confianza": 6,
    "estado_espacial": "fuera_municipio",
    "geometria_origen": "punto_representativo"
   }
  },
  {
   "type": "Feature",
   "geometry": {
    "type": "Point",
    "coordinates": [
     -0.10018,
     38.55412
    ]
   },
   "properties": {
    "id_tecnico": "c77a2189-0f46-452b-9957-2e64d6172c14",
    "categoria": "infraestructuras",
    "tipo": "parada_autobus",
    "nombre": "225 - Orozco",
    "estado_nombre": "correcto",
    "direccion": "Av. Severo Ochoa, 43",
    "lat": 38.55412,
    "lng": -0.10018,
    "utm_x": 753675.55,
    "utm_y": 4271274.54,
    "utm_huso": 30,
    "fuente": "Plantilla municipal — Limpieza info (PTM Benidorm)",
    "licencia": "Uso interno del proyecto",
    "confianza": 26,
    "estado_espacial": "valido",
    "geometria_origen": "punto_representativo"
   }
  },
  {
   "type": "Feature",
   "geometry": {
    "type": "Point",
    "coordinates": [
     -0.13158,
     38.53642
    ]
   },
   "properties": {
    "id_tecnico": "c7d6fb9b-b803-45af-a6db-f5304908a596",
    "categoria": "infraestructuras",
    "tipo": "alojamiento",
    "nombre": "Hotel Internacional",
    "estado_nombre": "correcto",
    "direccion": "Passeig de la Carretera",
    "lat": 38.53642,
    "lng": -0.13158,
    "utm_x": 750988.97,
    "utm_y": 4269224.29,
    "utm_huso": 30,
    "fuente": "OpenStreetMap (Overpass)",
    "licencia": "ODbL 1.0",
    "confianza": 26,
    "estado_espacial": "proximo_limite",
    "geometria_origen": "punto_representativo"
   }
  },
  {
   "type": "Feature",
   "geometry": {
    "type": "Point",
    "coordinates": [
     -0.12293,
     38.5369
    ]
   },
   "properties": {
    "id_tecnico": "c8340bfc-c10f-41fc-bf80-337e5f2659af",
    "categoria": "equipamientos",
    "tipo": "alimentacion",
    "nombre": "Sun Shines",
    "estado_nombre": "correcto",
    "direccion": "Avenida del Mediterráneo",
    "lat": 38.5369,
    "lng": -0.12293,
    "utm_x": 751744.34,
    "utm_y": 4269301.07,
    "utm_huso": 30,
    "fuente": "OpenStreetMap (Overpass)",
    "licencia": "ODbL 1.0",
    "confianza": 26,
    "estado_espacial": "proximo_limite",
    "geometria_origen": "punto_representativo"
   }
  },
  {
   "type": "Feature",
   "geometry": {
    "type": "Point",
    "coordinates": [
     -0.09357,
     38.5684
    ]
   },
   "properties": {
    "id_tecnico": "c99df5fd-d4ef-431d-978d-7b53c33c0862",
    "categoria": "equipamientos",
    "tipo": "escuela_infantil",
    "nombre": "CENTRE PRIV. ED. INF. 1er CICLE L'ALMAFRÀ",
    "estado_nombre": "correcto",
    "direccion": "PD. CABUT, S/N",
    "lat": 38.5684,
    "lng": -0.09357,
    "utm_x": 754204.17,
    "utm_y": 4272877.72,
    "utm_huso": 30,
    "fuente": "GVA - Centros docentes de la Comunitat Valenciana (ICV WFS)",
    "licencia": "CC BY 4.0",
    "confianza": 29,
    "estado_espacial": "proximo_limite",
    "geometria_origen": "punto_representativo"
   }
  },
  {
   "type": "Feature",
   "geometry": {
    "type": "Point",
    "coordinates": [
     -0.1128,
     38.53615
    ]
   },
   "properties": {
    "id_tecnico": "c9d5149f-82c4-468a-ae8a-bac88a6fe4d3",
    "categoria": "infraestructuras",
    "tipo": "parada_autobus",
    "nombre": "Av. Mediterráneo, 41 (Hotel Don Pancho)",
    "estado_nombre": "correcto",
    "direccion": null,
    "lat": 38.53615,
    "lng": -0.1128,
    "utm_x": 752633.49,
    "utm_y": 4269245.42,
    "utm_huso": 30,
    "fuente": "OpenStreetMap (Overpass)",
    "licencia": "ODbL 1.0",
    "confianza": 23,
    "estado_espacial": "proximo_limite",
    "geometria_origen": "punto_representativo"
   }
  },
  {
   "type": "Feature",
   "geometry": {
    "type": "Point",
    "coordinates": [
     -0.13123,
     38.53537
    ]
   },
   "properties": {
    "id_tecnico": "c9f292e5-d543-46cd-83ab-37e15693349a",
    "categoria": "infraestructuras",
    "tipo": "alojamiento",
    "nombre": "Casa Don Juan",
    "estado_nombre": "correcto",
    "direccion": "Carrer de la Santa Faç 28",
    "lat": 38.53537,
    "lng": -0.13123,
    "utm_x": 751023.21,
    "utm_y": 4269108.7,
    "utm_huso": 30,
    "fuente": "OpenStreetMap (Overpass)",
    "licencia": "ODbL 1.0",
    "confianza": 26,
    "estado_espacial": "proximo_limite",
    "geometria_origen": "punto_representativo"
   }
  },
  {
   "type": "Feature",
   "geometry": {
    "type": "Point",
    "coordinates": [
     -0.13048,
     38.53585
    ]
   },
   "properties": {
    "id_tecnico": "ca4bb155-dc51-4dd8-8d6a-21d5649430ce",
    "categoria": "infraestructuras",
    "tipo": "alojamiento",
    "nombre": "Welcome Hostel Benidorm",
    "estado_nombre": "correcto",
    "direccion": null,
    "lat": 38.53585,
    "lng": -0.13048,
    "utm_x": 751087.2,
    "utm_y": 4269164.01,
    "utm_huso": 30,
    "fuente": "OpenStreetMap (Overpass)",
    "licencia": "ODbL 1.0",
    "confianza": 23,
    "estado_espacial": "proximo_limite",
    "geometria_origen": "punto_representativo"
   }
  },
  {
   "type": "Feature",
   "geometry": {
    "type": "Point",
    "coordinates": [
     -0.1073,
     38.53357
    ]
   },
   "properties": {
    "id_tecnico": "cab7c765-b3f6-42a9-ad92-856e6c31c1c5",
    "categoria": "infraestructuras",
    "tipo": "parada_autobus",
    "nombre": "345 - Burger King",
    "estado_nombre": "correcto",
    "direccion": "Av. Ametlla de Mar, 1AC",
    "lat": 38.53357,
    "lng": -0.1073,
    "utm_x": 753123.78,
    "utm_y": 4268974.08,
    "utm_huso": 30,
    "fuente": "Plantilla municipal — Limpieza info (PTM Benidorm)",
    "licencia": "Uso interno del proyecto",
    "confianza": 26,
    "estado_espacial": "proximo_limite",
    "geometria_origen": "punto_representativo"
   }
  },
  {
   "type": "Feature",
   "geometry": {
    "type": "Point",
    "coordinates": [
     -0.11855,
     38.53946
    ]
   },
   "properties": {
    "id_tecnico": "cae37019-8efd-440b-a8e0-6fc0987fc8f2",
    "categoria": "equipamientos",
    "tipo": "alimentacion",
    "nombre": "Mari",
    "estado_nombre": "correcto",
    "direccion": null,
    "lat": 38.53946,
    "lng": -0.11855,
    "utm_x": 752118.84,
    "utm_y": 4269597.14,
    "utm_huso": 30,
    "fuente": "OpenStreetMap (Overpass)",
    "licencia": "ODbL 1.0",
    "confianza": 23,
    "estado_espacial": "valido",
    "geometria_origen": "punto_representativo"
   }
  },
  {
   "type": "Feature",
   "geometry": {
    "type": "Point",
    "coordinates": [
     -0.12303,
     38.54359
    ]
   },
   "properties": {
    "id_tecnico": "cae9f73e-5c33-47d5-90d1-2bf315eade5c",
    "categoria": "infraestructuras",
    "tipo": "parada_autobus",
    "nombre": "286 - Belgica 8",
    "estado_nombre": "correcto",
    "direccion": "Av. Bèlgica, 8",
    "lat": 38.54359,
    "lng": -0.12303,
    "utm_x": 751712.54,
    "utm_y": 4270043.35,
    "utm_huso": 30,
    "fuente": "Plantilla municipal — Limpieza info (PTM Benidorm)",
    "licencia": "Uso interno del proyecto",
    "confianza": 26,
    "estado_espacial": "valido",
    "geometria_origen": "punto_representativo"
   }
  },
  {
   "type": "Feature",
   "geometry": {
    "type": "Point",
    "coordinates": [
     -0.1086,
     38.55201
    ]
   },
   "properties": {
    "id_tecnico": "caf13d2b-b1d2-4cc2-a5b3-c05322db3ce3",
    "categoria": "equipamientos",
    "tipo": "mercado",
    "nombre": "Lonja de Frutas y Veduras",
    "estado_nombre": "correcto",
    "direccion": null,
    "lat": 38.55201,
    "lng": -0.1086,
    "utm_x": 752946.14,
    "utm_y": 4271017.29,
    "utm_huso": 30,
    "fuente": "OpenStreetMap (Overpass)",
    "licencia": "ODbL 1.0",
    "confianza": 23,
    "estado_espacial": "valido",
    "geometria_origen": "punto_representativo"
   }
  },
  {
   "type": "Feature",
   "geometry": {
    "type": "Point",
    "coordinates": [
     -0.15253,
     38.53627
    ]
   },
   "properties": {
    "id_tecnico": "cb10ad6c-804c-4b2b-a128-0573d00e5a30",
    "categoria": "equipamientos",
    "tipo": "alimentacion",
    "nombre": "Unide",
    "estado_nombre": "correcto",
    "direccion": null,
    "lat": 38.53627,
    "lng": -0.15253,
    "utm_x": 749155.98,
    "utm_y": 4269151.04,
    "utm_huso": 30,
    "fuente": "OpenStreetMap (Overpass)",
    "licencia": "ODbL 1.0",
    "confianza": 23,
    "estado_espacial": "proximo_limite",
    "geometria_origen": "punto_representativo"
   }
  },
  {
   "type": "Feature",
   "geometry": {
    "type": "Point",
    "coordinates": [
     -0.1025,
     38.53652
    ]
   },
   "properties": {
    "id_tecnico": "cb13590f-2b6b-4f53-8330-c3679d931195",
    "categoria": "equipamientos",
    "tipo": "alimentacion",
    "nombre": "Supermercado Unide Market",
    "estado_nombre": "correcto",
    "direccion": null,
    "lat": 38.53652,
    "lng": -0.1025,
    "utm_x": 753533.65,
    "utm_y": 4269314.66,
    "utm_huso": 30,
    "fuente": "OpenStreetMap (Overpass)",
    "licencia": "ODbL 1.0",
    "confianza": 23,
    "estado_espacial": "valido",
    "geometria_origen": "punto_representativo"
   }
  },
  {
   "type": "Feature",
   "geometry": {
    "type": "Point",
    "coordinates": [
     -0.10641,
     38.54127
    ]
   },
   "properties": {
    "id_tecnico": "cb432e56-ecec-43f3-85d1-b09126a55002",
    "categoria": "equipamientos",
    "tipo": "hospital",
    "nombre": "hospital way/1429063307",
    "estado_nombre": "correcto",
    "direccion": null,
    "lat": 38.54127,
    "lng": -0.10641,
    "utm_x": 753174.99,
    "utm_y": 4269831.18,
    "utm_huso": 30,
    "fuente": "OpenStreetMap (Overpass)",
    "licencia": "ODbL 1.0",
    "confianza": 23,
    "estado_espacial": "valido",
    "geometria_origen": "punto_representativo"
   }
  },
  {
   "type": "Feature",
   "geometry": {
    "type": "Point",
    "coordinates": [
     -0.11467,
     38.53617
    ]
   },
   "properties": {
    "id_tecnico": "cb8fc408-76b3-4bc2-8185-c7ba4e75e1e3",
    "categoria": "infraestructuras",
    "tipo": "parada_autobus",
    "nombre": "Av. Mediterráneo, 44",
    "estado_nombre": "correcto",
    "direccion": null,
    "lat": 38.53617,
    "lng": -0.11467,
    "utm_x": 752469.76,
    "utm_y": 4269242.54,
    "utm_huso": 30,
    "fuente": "OpenStreetMap (Overpass)",
    "licencia": "ODbL 1.0",
    "confianza": 23,
    "estado_espacial": "proximo_limite",
    "geometria_origen": "punto_representativo"
   }
  },
  {
   "type": "Feature",
   "geometry": {
    "type": "Point",
    "coordinates": [
     -0.1575,
     38.53804
    ]
   },
   "properties": {
    "id_tecnico": "cbaea218-c4e6-4318-b5d9-a8dd3e2b217b",
    "categoria": "infraestructuras",
    "tipo": "parada_autobus",
    "nombre": "Av. Vicente Pérez Devesa, 25",
    "estado_nombre": "correcto",
    "direccion": null,
    "lat": 38.53804,
    "lng": -0.1575,
    "utm_x": 748714.99,
    "utm_y": 4269334.13,
    "utm_huso": 30,
    "fuente": "OpenStreetMap (Overpass)",
    "licencia": "ODbL 1.0",
    "confianza": 23,
    "estado_espacial": "valido",
    "geometria_origen": "punto_representativo"
   }
  },
  {
   "type": "Feature",
   "geometry": {
    "type": "Point",
    "coordinates": [
     -0.1285,
     38.53627
    ]
   },
   "properties": {
    "id_tecnico": "cbc1a0bf-ae23-4650-bdb3-887cd86c3514",
    "categoria": "equipamientos",
    "tipo": "alimentacion",
    "nombre": "alimentacion node/9111335268",
    "estado_nombre": "correcto",
    "direccion": "Avinguda de Martínez Alejos",
    "lat": 38.53627,
    "lng": -0.1285,
    "utm_x": 751259.04,
    "utm_y": 4269216,
    "utm_huso": 30,
    "fuente": "OpenStreetMap (Overpass)",
    "licencia": "ODbL 1.0",
    "confianza": 26,
    "estado_espacial": "proximo_limite",
    "geometria_origen": "punto_representativo"
   }
  },
  {
   "type": "Feature",
   "geometry": {
    "type": "Point",
    "coordinates": [
     -0.07372,
     38.55991
    ]
   },
   "properties": {
    "id_tecnico": "cc073eb3-7ecf-417e-9e3b-7e4f60971008",
    "categoria": "infraestructuras",
    "tipo": "alojamiento",
    "nombre": "Sha Wellness Clinic",
    "estado_nombre": "correcto",
    "direccion": null,
    "lat": 38.55991,
    "lng": -0.07372,
    "utm_x": 755970.43,
    "utm_y": 4271990.1,
    "utm_huso": 30,
    "fuente": "OpenStreetMap (Overpass)",
    "licencia": "ODbL 1.0",
    "confianza": 3,
    "estado_espacial": "fuera_municipio",
    "geometria_origen": "punto_representativo"
   }
  },
  {
   "type": "Feature",
   "geometry": {
    "type": "Point",
    "coordinates": [
     -0.14472,
     38.54041
    ]
   },
   "properties": {
    "id_tecnico": "cc209836-762c-4c7d-997b-7f278ae369df",
    "categoria": "infraestructuras",
    "tipo": "parada_autobus",
    "nombre": "Av. Cuba, 11",
    "estado_nombre": "correcto",
    "direccion": null,
    "lat": 38.54041,
    "lng": -0.14472,
    "utm_x": 749825.34,
    "utm_y": 4269631.61,
    "utm_huso": 30,
    "fuente": "OpenStreetMap (Overpass)",
    "licencia": "ODbL 1.0",
    "confianza": 23,
    "estado_espacial": "valido",
    "geometria_origen": "punto_representativo"
   }
  },
  {
   "type": "Feature",
   "geometry": {
    "type": "Point",
    "coordinates": [
     -0.13649,
     38.53874
    ]
   },
   "properties": {
    "id_tecnico": "cca91c14-c377-4fd4-a94d-7fb5c1078ebb",
    "categoria": "infraestructuras",
    "tipo": "parada_autobus",
    "nombre": "Av. Jaume I, 7",
    "estado_nombre": "correcto",
    "direccion": null,
    "lat": 38.53874,
    "lng": -0.13649,
    "utm_x": 750551.3,
    "utm_y": 4269468.5,
    "utm_huso": 30,
    "fuente": "OpenStreetMap (Overpass)",
    "licencia": "ODbL 1.0",
    "confianza": 23,
    "estado_espacial": "proximo_limite",
    "geometria_origen": "punto_representativo"
   }
  },
  {
   "type": "Feature",
   "geometry": {
    "type": "Point",
    "coordinates": [
     -0.17209,
     38.53103
    ]
   },
   "properties": {
    "id_tecnico": "ccbac282-a754-4eae-8450-5824f64fb2df",
    "categoria": "servicios_basicos",
    "tipo": "estacion_servicio",
    "nombre": "Gasexpress",
    "estado_nombre": "correcto",
    "direccion": "Avinguda Mariners de la Vila Joiosa",
    "lat": 38.53103,
    "lng": -0.17209,
    "utm_x": 747461.88,
    "utm_y": 4268516.95,
    "utm_huso": 30,
    "fuente": "OpenStreetMap (Overpass)",
    "licencia": "ODbL 1.0",
    "confianza": 9,
    "estado_espacial": "fuera_municipio",
    "geometria_origen": "punto_representativo"
   }
  },
  {
   "type": "Feature",
   "geometry": {
    "type": "Point",
    "coordinates": [
     -0.13466,
     38.55925
    ]
   },
   "properties": {
    "id_tecnico": "cd880b92-940d-4598-b02f-34b3bd5ee17b",
    "categoria": "equipamientos",
    "tipo": "alimentacion",
    "nombre": "Supercor",
    "estado_nombre": "correcto",
    "direccion": null,
    "lat": 38.55925,
    "lng": -0.13466,
    "utm_x": 750641.04,
    "utm_y": 4271749.96,
    "utm_huso": 30,
    "fuente": "OpenStreetMap (Overpass)",
    "licencia": "ODbL 1.0",
    "confianza": 23,
    "estado_espacial": "valido",
    "geometria_origen": "punto_representativo"
   }
  },
  {
   "type": "Feature",
   "geometry": {
    "type": "Point",
    "coordinates": [
     -0.12364,
     38.53864
    ]
   },
   "properties": {
    "id_tecnico": "cd891e93-640d-403d-80fb-8394a6c170cc",
    "categoria": "equipamientos",
    "tipo": "farmacia",
    "nombre": "farmacia node/8016617310",
    "estado_nombre": "correcto",
    "direccion": null,
    "lat": 38.53864,
    "lng": -0.12364,
    "utm_x": 751676.21,
    "utm_y": 4269492.27,
    "utm_huso": 30,
    "fuente": "OpenStreetMap (Overpass)",
    "licencia": "ODbL 1.0",
    "confianza": 23,
    "estado_espacial": "valido",
    "geometria_origen": "punto_representativo"
   }
  },
  {
   "type": "Feature",
   "geometry": {
    "type": "Point",
    "coordinates": [
     -0.13609,
     38.53817
    ]
   },
   "properties": {
    "id_tecnico": "cdc696e2-f898-46fd-8c49-2cd213a3d1d7",
    "categoria": "equipamientos",
    "tipo": "alimentacion",
    "nombre": "Beni-Super",
    "estado_nombre": "correcto",
    "direccion": "Marqués de Comillas 39",
    "lat": 38.53817,
    "lng": -0.13609,
    "utm_x": 750588.26,
    "utm_y": 4269406.31,
    "utm_huso": 30,
    "fuente": "OpenStreetMap (Overpass)",
    "licencia": "ODbL 1.0",
    "confianza": 26,
    "estado_espacial": "proximo_limite",
    "geometria_origen": "punto_representativo"
   }
  },
  {
   "type": "Feature",
   "geometry": {
    "type": "Point",
    "coordinates": [
     -0.09632,
     38.54622
    ]
   },
   "properties": {
    "id_tecnico": "cdfa11a0-4715-41ef-b77a-b644bcc41d28",
    "categoria": "infraestructuras",
    "tipo": "parada_autobus",
    "nombre": "274 - S. Helada",
    "estado_nombre": "correcto",
    "direccion": "C/ Romania, 6",
    "lat": 38.54622,
    "lng": -0.09632,
    "utm_x": 754040.78,
    "utm_y": 4270408.27,
    "utm_huso": 30,
    "fuente": "Plantilla municipal — Limpieza info (PTM Benidorm)",
    "licencia": "Uso interno del proyecto",
    "confianza": 26,
    "estado_espacial": "valido",
    "geometria_origen": "punto_representativo"
   }
  },
  {
   "type": "Feature",
   "geometry": {
    "type": "Point",
    "coordinates": [
     -0.12955,
     38.60573
    ]
   },
   "properties": {
    "id_tecnico": "ce247157-d2d0-4d59-8851-276aaa54de07",
    "categoria": "servicios_basicos",
    "tipo": "estacion_servicio",
    "nombre": "Plenergy",
    "estado_nombre": "correcto",
    "direccion": null,
    "lat": 38.60573,
    "lng": -0.12955,
    "utm_x": 750928.16,
    "utm_y": 4276922.9,
    "utm_huso": 30,
    "fuente": "OpenStreetMap (Overpass)",
    "licencia": "ODbL 1.0",
    "confianza": 3,
    "estado_espacial": "fuera_municipio",
    "geometria_origen": "punto_representativo"
   }
  },
  {
   "type": "Feature",
   "geometry": {
    "type": "Point",
    "coordinates": [
     -0.12519,
     38.54012
    ]
   },
   "properties": {
    "id_tecnico": "ce4eedb7-cb99-4235-8bb0-2eb3d755b578",
    "categoria": "equipamientos",
    "tipo": "centro_salud",
    "nombre": "Instituto Bernabeu Benidorm",
    "estado_nombre": "correcto",
    "direccion": "Vía Emilio Ortuño 21",
    "lat": 38.54012,
    "lng": -0.12519,
    "utm_x": 751535.47,
    "utm_y": 4269652.33,
    "utm_huso": 30,
    "fuente": "OpenStreetMap (Overpass)",
    "licencia": "ODbL 1.0",
    "confianza": 29,
    "estado_espacial": "valido",
    "geometria_origen": "punto_representativo"
   }
  },
  {
   "type": "Feature",
   "geometry": {
    "type": "Point",
    "coordinates": [
     -0.1155,
     38.53834
    ]
   },
   "properties": {
    "id_tecnico": "ce8cc661-1841-4314-ae50-73f9f4fda60b",
    "categoria": "equipamientos",
    "tipo": "alimentacion",
    "nombre": "Dream Shop",
    "estado_nombre": "correcto",
    "direccion": null,
    "lat": 38.53834,
    "lng": -0.1155,
    "utm_x": 752389.62,
    "utm_y": 4269481.14,
    "utm_huso": 30,
    "fuente": "OpenStreetMap (Overpass)",
    "licencia": "ODbL 1.0",
    "confianza": 23,
    "estado_espacial": "valido",
    "geometria_origen": "punto_representativo"
   }
  },
  {
   "type": "Feature",
   "geometry": {
    "type": "Point",
    "coordinates": [
     -0.17886,
     38.5367
    ]
   },
   "properties": {
    "id_tecnico": "ceefe0f1-e3e9-4ee9-8300-90069bed90e7",
    "categoria": "equipamientos",
    "tipo": "alimentacion",
    "nombre": "Mercadona",
    "estado_nombre": "correcto",
    "direccion": null,
    "lat": 38.5367,
    "lng": -0.17886,
    "utm_x": 746850.19,
    "utm_y": 4269128.2,
    "utm_huso": 30,
    "fuente": "OpenStreetMap (Overpass)",
    "licencia": "ODbL 1.0",
    "confianza": 3,
    "estado_espacial": "fuera_municipio",
    "geometria_origen": "punto_representativo"
   }
  },
  {
   "type": "Feature",
   "geometry": {
    "type": "Point",
    "coordinates": [
     -0.11849,
     38.53653
    ]
   },
   "properties": {
    "id_tecnico": "cf0faf5d-ae70-44ce-8bb9-b90f8449a3e4",
    "categoria": "equipamientos",
    "tipo": "alimentacion",
    "nombre": "Quick Save",
    "estado_nombre": "correcto",
    "direccion": "avenida del Mediterráneo - Avinguda del Mediterranio 32",
    "lat": 38.53653,
    "lng": -0.11849,
    "utm_x": 752134.2,
    "utm_y": 4269272.09,
    "utm_huso": 30,
    "fuente": "OpenStreetMap (Overpass)",
    "licencia": "ODbL 1.0",
    "confianza": 26,
    "estado_espacial": "proximo_limite",
    "geometria_origen": "punto_representativo"
   }
  },
  {
   "type": "Feature",
   "geometry": {
    "type": "Point",
    "coordinates": [
     -0.15264,
     38.53612
    ]
   },
   "properties": {
    "id_tecnico": "cf334e83-88ac-4689-ad00-8e775068aeca",
    "categoria": "infraestructuras",
    "tipo": "parada_autobus",
    "nombre": "Av. la Vila Joiosa, 4",
    "estado_nombre": "correcto",
    "direccion": null,
    "lat": 38.53612,
    "lng": -0.15264,
    "utm_x": 749146.87,
    "utm_y": 4269134.09,
    "utm_huso": 30,
    "fuente": "OpenStreetMap (Overpass)",
    "licencia": "ODbL 1.0",
    "confianza": 23,
    "estado_espacial": "proximo_limite",
    "geometria_origen": "punto_representativo"
   }
  },
  {
   "type": "Feature",
   "geometry": {
    "type": "Point",
    "coordinates": [
     -0.14272,
     38.53731
    ]
   },
   "properties": {
    "id_tecnico": "cf664c02-4945-422a-83ec-13a24c4a7a2c",
    "categoria": "equipamientos",
    "tipo": "alimentacion",
    "nombre": "Coaliment",
    "estado_nombre": "correcto",
    "direccion": null,
    "lat": 38.53731,
    "lng": -0.14272,
    "utm_x": 750010.97,
    "utm_y": 4269292.93,
    "utm_huso": 30,
    "fuente": "OpenStreetMap (Overpass)",
    "licencia": "ODbL 1.0",
    "confianza": 23,
    "estado_espacial": "proximo_limite",
    "geometria_origen": "punto_representativo"
   }
  },
  {
   "type": "Feature",
   "geometry": {
    "type": "Point",
    "coordinates": [
     -0.10618,
     38.53792
    ]
   },
   "properties": {
    "id_tecnico": "cfb4ec74-e091-422a-98d4-03662e30771e",
    "categoria": "infraestructuras",
    "tipo": "parada_autobus",
    "nombre": "232 - H. Dynastic",
    "estado_nombre": "correcto",
    "direccion": "Av. Ametlla de Mar, 17 (Hotel Dynastic)",
    "lat": 38.53792,
    "lng": -0.10618,
    "utm_x": 753206.73,
    "utm_y": 4269459.98,
    "utm_huso": 30,
    "fuente": "Plantilla municipal — Limpieza info (PTM Benidorm)",
    "licencia": "Uso interno del proyecto",
    "confianza": 26,
    "estado_espacial": "valido",
    "geometria_origen": "punto_representativo"
   }
  },
  {
   "type": "Feature",
   "geometry": {
    "type": "Point",
    "coordinates": [
     -0.11555,
     38.53838
    ]
   },
   "properties": {
    "id_tecnico": "cfbc87e7-2c1e-4d52-a969-8416f2287850",
    "categoria": "infraestructuras",
    "tipo": "parada_autobus",
    "nombre": "C/ Lepanto, 22",
    "estado_nombre": "correcto",
    "direccion": null,
    "lat": 38.53838,
    "lng": -0.11555,
    "utm_x": 752385.11,
    "utm_y": 4269485.44,
    "utm_huso": 30,
    "fuente": "OpenStreetMap (Overpass)",
    "licencia": "ODbL 1.0",
    "confianza": 23,
    "estado_espacial": "valido",
    "geometria_origen": "punto_representativo"
   }
  },
  {
   "type": "Feature",
   "geometry": {
    "type": "Point",
    "coordinates": [
     -0.08144,
     38.56785
    ]
   },
   "properties": {
    "id_tecnico": "d02a629e-9de6-44ae-bcb9-4c92cb4ae9fc",
    "categoria": "infraestructuras",
    "tipo": "camping",
    "nombre": "camping way/1203331971",
    "estado_nombre": "correcto",
    "direccion": null,
    "lat": 38.56785,
    "lng": -0.08144,
    "utm_x": 755267.23,
    "utm_y": 4272850.08,
    "utm_huso": 30,
    "fuente": "OpenStreetMap (Overpass)",
    "licencia": "ODbL 1.0",
    "confianza": 3,
    "estado_espacial": "fuera_municipio",
    "geometria_origen": "punto_representativo"
   }
  },
  {
   "type": "Feature",
   "geometry": {
    "type": "Point",
    "coordinates": [
     -0.10539,
     38.5545
    ]
   },
   "properties": {
    "id_tecnico": "d05eac30-ff21-41a8-aaab-202c18d26842",
    "categoria": "servicios_basicos",
    "tipo": "estacion_servicio",
    "nombre": "FUSPRA ENERGY · AVENIDA COMUNITAT VALENCIANA, 36",
    "estado_nombre": "correcto",
    "direccion": "AVENIDA COMUNITAT VALENCIANA, 36",
    "lat": 38.5545,
    "lng": -0.10539,
    "utm_x": 753218.37,
    "utm_y": 4271302.45,
    "utm_huso": 30,
    "fuente": "Geoportal de Gasolineras (MITECO, API REST)",
    "licencia": "Reutilización de información del sector público (Ley 37/2007), citando la fuente",
    "confianza": 29,
    "estado_espacial": "valido",
    "geometria_origen": "punto_representativo"
   }
  },
  {
   "type": "Feature",
   "geometry": {
    "type": "Point",
    "coordinates": [
     -0.10206,
     38.55807
    ]
   },
   "properties": {
    "id_tecnico": "d07f4e81-28cb-4988-8dbd-899b00536f99",
    "categoria": "equipamientos",
    "tipo": "alimentacion",
    "nombre": "alimentacion way/1025806734",
    "estado_nombre": "correcto",
    "direccion": null,
    "lat": 38.55807,
    "lng": -0.10206,
    "utm_x": 753497.34,
    "utm_y": 4271707.82,
    "utm_huso": 30,
    "fuente": "OpenStreetMap (Overpass)",
    "licencia": "ODbL 1.0",
    "confianza": 23,
    "estado_espacial": "valido",
    "geometria_origen": "punto_representativo"
   }
  },
  {
   "type": "Feature",
   "geometry": {
    "type": "Point",
    "coordinates": [
     -0.106,
     38.53639
    ]
   },
   "properties": {
    "id_tecnico": "d0b16cd3-ea44-49d3-bfba-b8801d7de769",
    "categoria": "equipamientos",
    "tipo": "alimentacion",
    "nombre": "Supermarket London",
    "estado_nombre": "correcto",
    "direccion": "Calle de Londres",
    "lat": 38.53639,
    "lng": -0.106,
    "utm_x": 753227.79,
    "utm_y": 4269290.65,
    "utm_huso": 30,
    "fuente": "OpenStreetMap (Overpass)",
    "licencia": "ODbL 1.0",
    "confianza": 26,
    "estado_espacial": "valido",
    "geometria_origen": "punto_representativo"
   }
  },
  {
   "type": "Feature",
   "geometry": {
    "type": "Point",
    "coordinates": [
     -0.12319,
     38.54734
    ]
   },
   "properties": {
    "id_tecnico": "d0ca4bbd-5ef9-4c98-a2dd-32392ad089fc",
    "categoria": "equipamientos",
    "tipo": "colegio",
    "nombre": "Col·legi d'Educació Infantil i Primària els Tolls",
    "estado_nombre": "correcto",
    "direccion": null,
    "lat": 38.54734,
    "lng": -0.12319,
    "utm_x": 751685.61,
    "utm_y": 4270459.15,
    "utm_huso": 30,
    "fuente": "OpenStreetMap (Overpass)",
    "licencia": "ODbL 1.0",
    "confianza": 26,
    "estado_espacial": "valido",
    "geometria_origen": "punto_representativo"
   }
  },
  {
   "type": "Feature",
   "geometry": {
    "type": "Point",
    "coordinates": [
     -0.11838,
     38.53884
    ]
   },
   "properties": {
    "id_tecnico": "d0d28592-6d0f-48d9-af19-85007d84aa7c",
    "categoria": "equipamientos",
    "tipo": "alimentacion",
    "nombre": "alimentacion node/13906410042",
    "estado_nombre": "correcto",
    "direccion": "Calle de Lepanto",
    "lat": 38.53884,
    "lng": -0.11838,
    "utm_x": 752135.85,
    "utm_y": 4269528.78,
    "utm_huso": 30,
    "fuente": "OpenStreetMap (Overpass)",
    "licencia": "ODbL 1.0",
    "confianza": 26,
    "estado_espacial": "valido",
    "geometria_origen": "punto_representativo"
   }
  },
  {
   "type": "Feature",
   "geometry": {
    "type": "Point",
    "coordinates": [
     -0.15057,
     38.54191
    ]
   },
   "properties": {
    "id_tecnico": "d0e91b54-907c-4f38-a226-186802a4a82e",
    "categoria": "equipamientos",
    "tipo": "colegio",
    "nombre": "Institut d'Educació Secundària Mediterània",
    "estado_nombre": "correcto",
    "direccion": null,
    "lat": 38.54191,
    "lng": -0.15057,
    "utm_x": 749308.27,
    "utm_y": 4269782.32,
    "utm_huso": 30,
    "fuente": "OpenStreetMap (Overpass)",
    "licencia": "ODbL 1.0",
    "confianza": 26,
    "estado_espacial": "valido",
    "geometria_origen": "punto_representativo"
   }
  },
  {
   "type": "Feature",
   "geometry": {
    "type": "Point",
    "coordinates": [
     -0.10554,
     38.53892
    ]
   },
   "properties": {
    "id_tecnico": "d0f068b8-1cb5-4c06-afd3-9f556734574b",
    "categoria": "equipamientos",
    "tipo": "alimentacion",
    "nombre": "Supermarket Quick Save",
    "estado_nombre": "correcto",
    "direccion": "Avinguda de L'Ametlla de Mar 17",
    "lat": 38.53892,
    "lng": -0.10554,
    "utm_x": 753259.27,
    "utm_y": 4269572.73,
    "utm_huso": 30,
    "fuente": "OpenStreetMap (Overpass)",
    "licencia": "ODbL 1.0",
    "confianza": 26,
    "estado_espacial": "valido",
    "geometria_origen": "punto_representativo"
   }
  },
  {
   "type": "Feature",
   "geometry": {
    "type": "Point",
    "coordinates": [
     -0.1176,
     38.53733
    ]
   },
   "properties": {
    "id_tecnico": "d111001b-1bd1-4ec7-977a-1b1e6adc5aea",
    "categoria": "equipamientos",
    "tipo": "alimentacion",
    "nombre": "Levante",
    "estado_nombre": "correcto",
    "direccion": "Avenida de Cuenca",
    "lat": 38.53733,
    "lng": -0.1176,
    "utm_x": 752209.33,
    "utm_y": 4269363.31,
    "utm_huso": 30,
    "fuente": "OpenStreetMap (Overpass)",
    "licencia": "ODbL 1.0",
    "confianza": 26,
    "estado_espacial": "valido",
    "geometria_origen": "punto_representativo"
   }
  },
  {
   "type": "Feature",
   "geometry": {
    "type": "Point",
    "coordinates": [
     -0.12246,
     38.5529
    ]
   },
   "properties": {
    "id_tecnico": "d1316cb9-c26a-49b2-b411-327de2592e0d",
    "categoria": "equipamientos",
    "tipo": "colegio",
    "nombre": "Col·legi d'Educació Primària i Infantil Gabriel Miró",
    "estado_nombre": "correcto",
    "direccion": null,
    "lat": 38.5529,
    "lng": -0.12246,
    "utm_x": 751730.32,
    "utm_y": 4271078.27,
    "utm_huso": 30,
    "fuente": "OpenStreetMap (Overpass)",
    "licencia": "ODbL 1.0",
    "confianza": 23,
    "estado_espacial": "valido",
    "geometria_origen": "punto_representativo"
   }
  },
  {
   "type": "Feature",
   "geometry": {
    "type": "Point",
    "coordinates": [
     -0.14974,
     38.5366
    ]
   },
   "properties": {
    "id_tecnico": "d1440b59-681c-4e48-afad-7f82a49c24b4",
    "categoria": "infraestructuras",
    "tipo": "parada_autobus",
    "nombre": "106 - Ed. Veralux",
    "estado_nombre": "correcto",
    "direccion": "Av. Armada Espanyola, 23A",
    "lat": 38.5366,
    "lng": -0.14974,
    "utm_x": 749399.03,
    "utm_y": 4269195.18,
    "utm_huso": 30,
    "fuente": "Plantilla municipal — Limpieza info (PTM Benidorm)",
    "licencia": "Uso interno del proyecto",
    "confianza": 26,
    "estado_espacial": "proximo_limite",
    "geometria_origen": "punto_representativo"
   }
  },
  {
   "type": "Feature",
   "geometry": {
    "type": "Point",
    "coordinates": [
     -0.12825,
     38.53568
    ]
   },
   "properties": {
    "id_tecnico": "d16733ae-5450-40ad-925c-95b523895bc2",
    "categoria": "equipamientos",
    "tipo": "alimentacion",
    "nombre": "alimentacion node/8792416201",
    "estado_nombre": "correcto",
    "direccion": "Avinguda de Martínez Alejos",
    "lat": 38.53568,
    "lng": -0.12825,
    "utm_x": 751282.95,
    "utm_y": 4269151.19,
    "utm_huso": 30,
    "fuente": "OpenStreetMap (Overpass)",
    "licencia": "ODbL 1.0",
    "confianza": 26,
    "estado_espacial": "proximo_limite",
    "geometria_origen": "punto_representativo"
   }
  },
  {
   "type": "Feature",
   "geometry": {
    "type": "Point",
    "coordinates": [
     -0.10728,
     38.53264
    ]
   },
   "properties": {
    "id_tecnico": "d197b7ca-39ae-4797-ad8a-f548dd0824f0",
    "categoria": "equipamientos",
    "tipo": "alimentacion",
    "nombre": "Supermercado Udaco",
    "estado_nombre": "correcto",
    "direccion": "Avenida de Madrid",
    "lat": 38.53264,
    "lng": -0.10728,
    "utm_x": 753128.75,
    "utm_y": 4268870.91,
    "utm_huso": 30,
    "fuente": "OpenStreetMap (Overpass)",
    "licencia": "ODbL 1.0",
    "confianza": 26,
    "estado_espacial": "proximo_limite",
    "geometria_origen": "punto_representativo"
   }
  },
  {
   "type": "Feature",
   "geometry": {
    "type": "Point",
    "coordinates": [
     -0.1703,
     38.55264
    ]
   },
   "properties": {
    "id_tecnico": "d1b371f2-5783-4d5a-a0fa-6b5a31de6db5",
    "categoria": "infraestructuras",
    "tipo": "alojamiento",
    "nombre": "Hotel & Thai Spa Asia Gardens",
    "estado_nombre": "correcto",
    "direccion": null,
    "lat": 38.55264,
    "lng": -0.1703,
    "utm_x": 747545.3,
    "utm_y": 4270920.32,
    "utm_huso": 30,
    "fuente": "OpenStreetMap (Overpass)",
    "licencia": "ODbL 1.0",
    "confianza": 26,
    "estado_espacial": "proximo_limite",
    "geometria_origen": "punto_representativo"
   }
  },
  {
   "type": "Feature",
   "geometry": {
    "type": "Point",
    "coordinates": [
     -0.13319,
     38.53876
    ]
   },
   "properties": {
    "id_tecnico": "d1c19e11-b22a-47b5-98f8-9095bba6bf83",
    "categoria": "infraestructuras",
    "tipo": "alojamiento",
    "nombre": "Mareny Benidorm",
    "estado_nombre": "correcto",
    "direccion": "Carrer de la Garita 17",
    "lat": 38.53876,
    "lng": -0.13319,
    "utm_x": 750840.03,
    "utm_y": 4269479.66,
    "utm_huso": 30,
    "fuente": "OpenStreetMap (Overpass)",
    "licencia": "ODbL 1.0",
    "confianza": 26,
    "estado_espacial": "valido",
    "geometria_origen": "punto_representativo"
   }
  },
  {
   "type": "Feature",
   "geometry": {
    "type": "Point",
    "coordinates": [
     -0.14356,
     38.53753
    ]
   },
   "properties": {
    "id_tecnico": "d27f8f6e-1a3e-4802-ab7d-48d56e8edc4e",
    "categoria": "animales",
    "tipo": "clinica_veterinaria",
    "nombre": "Surfing Animals",
    "estado_nombre": "correcto",
    "direccion": null,
    "lat": 38.53753,
    "lng": -0.14356,
    "utm_x": 749936.71,
    "utm_y": 4269315.08,
    "utm_huso": 30,
    "fuente": "OpenStreetMap (Overpass)",
    "licencia": "ODbL 1.0",
    "confianza": 23,
    "estado_espacial": "proximo_limite",
    "geometria_origen": "punto_representativo"
   }
  },
  {
   "type": "Feature",
   "geometry": {
    "type": "Point",
    "coordinates": [
     -0.0933,
     38.5629
    ]
   },
   "properties": {
    "id_tecnico": "d283feef-e9ef-4793-a0a0-71b12a6d564c",
    "categoria": "infraestructuras",
    "tipo": "camping",
    "nombre": "camping way/1384131412",
    "estado_nombre": "correcto",
    "direccion": null,
    "lat": 38.5629,
    "lng": -0.0933,
    "utm_x": 754246.95,
    "utm_y": 4272267.98,
    "utm_huso": 30,
    "fuente": "OpenStreetMap (Overpass)",
    "licencia": "ODbL 1.0",
    "confianza": 23,
    "estado_espacial": "valido",
    "geometria_origen": "punto_representativo"
   }
  },
  {
   "type": "Feature",
   "geometry": {
    "type": "Point",
    "coordinates": [
     -0.15309,
     38.55859
    ]
   },
   "properties": {
    "id_tecnico": "d2f99389-f771-4d7c-8385-b5ba143c690f",
    "categoria": "infraestructuras",
    "tipo": "parada_autobus",
    "nombre": "Av. Eduardo Zaplana",
    "estado_nombre": "correcto",
    "direccion": null,
    "lat": 38.55859,
    "lng": -0.15309,
    "utm_x": 749030.85,
    "utm_y": 4271626.93,
    "utm_huso": 30,
    "fuente": "OpenStreetMap (Overpass)",
    "licencia": "ODbL 1.0",
    "confianza": 23,
    "estado_espacial": "valido",
    "geometria_origen": "punto_representativo"
   }
  },
  {
   "type": "Feature",
   "geometry": {
    "type": "Point",
    "coordinates": [
     -0.10352,
     38.53426
    ]
   },
   "properties": {
    "id_tecnico": "d3a743c5-77eb-4cb9-94b7-f33676048088",
    "categoria": "equipamientos",
    "tipo": "alimentacion",
    "nombre": "Gemelos XV",
    "estado_nombre": "correcto",
    "direccion": "Avenida de Montecarlo",
    "lat": 38.53426,
    "lng": -0.10352,
    "utm_x": 753452.22,
    "utm_y": 4269061.02,
    "utm_huso": 30,
    "fuente": "OpenStreetMap (Overpass)",
    "licencia": "ODbL 1.0",
    "confianza": 26,
    "estado_espacial": "valido",
    "geometria_origen": "punto_representativo"
   }
  },
  {
   "type": "Feature",
   "geometry": {
    "type": "Point",
    "coordinates": [
     -0.13346,
     38.56035
    ]
   },
   "properties": {
    "id_tecnico": "d4541f02-8ee6-4e2a-b4fc-994fd2d0af40",
    "categoria": "infraestructuras",
    "tipo": "parada_autobus",
    "nombre": "183 - Tivoli",
    "estado_nombre": "correcto",
    "direccion": "Ctra.CV-70 (Tivoli)",
    "lat": 38.56035,
    "lng": -0.13346,
    "utm_x": 750742.25,
    "utm_y": 4271875.31,
    "utm_huso": 30,
    "fuente": "Plantilla municipal — Limpieza info (PTM Benidorm)",
    "licencia": "Uso interno del proyecto",
    "confianza": 26,
    "estado_espacial": "valido",
    "geometria_origen": "punto_representativo"
   }
  },
  {
   "type": "Feature",
   "geometry": {
    "type": "Point",
    "coordinates": [
     -0.10278,
     38.53667
    ]
   },
   "properties": {
    "id_tecnico": "d4c10779-650f-488f-ac1b-88ea85069597",
    "categoria": "infraestructuras",
    "tipo": "parada_autobus",
    "nombre": "299 - Montecarlo 15",
    "estado_nombre": "correcto",
    "direccion": "Av. Montecarlo, 15",
    "lat": 38.53667,
    "lng": -0.10278,
    "utm_x": 753508.62,
    "utm_y": 4269330.54,
    "utm_huso": 30,
    "fuente": "Plantilla municipal — Limpieza info (PTM Benidorm)",
    "licencia": "Uso interno del proyecto",
    "confianza": 26,
    "estado_espacial": "valido",
    "geometria_origen": "punto_representativo"
   }
  },
  {
   "type": "Feature",
   "geometry": {
    "type": "Point",
    "coordinates": [
     -0.10674,
     38.53687
    ]
   },
   "properties": {
    "id_tecnico": "d5700bcd-c028-4107-8c56-1101fcab1224",
    "categoria": "infraestructuras",
    "tipo": "parada_autobus",
    "nombre": "364 - Mercaloix",
    "estado_nombre": "correcto",
    "direccion": "Av. Ametlla de Mar, 11AC",
    "lat": 38.53687,
    "lng": -0.10674,
    "utm_x": 753161.36,
    "utm_y": 4269341.9,
    "utm_huso": 30,
    "fuente": "Plantilla municipal — Limpieza info (PTM Benidorm)",
    "licencia": "Uso interno del proyecto",
    "confianza": 26,
    "estado_espacial": "valido",
    "geometria_origen": "punto_representativo"
   }
  },
  {
   "type": "Feature",
   "geometry": {
    "type": "Point",
    "coordinates": [
     -0.16262,
     38.53568
    ]
   },
   "properties": {
    "id_tecnico": "d585569b-c2ce-498e-996f-be624d26e86d",
    "categoria": "infraestructuras",
    "tipo": "parada_autobus",
    "nombre": "145 - Centro Salud",
    "estado_nombre": "correcto",
    "direccion": "Av. Benissa, 6",
    "lat": 38.53568,
    "lng": -0.16262,
    "utm_x": 748274.93,
    "utm_y": 4269058.43,
    "utm_huso": 30,
    "fuente": "Plantilla municipal — Limpieza info (PTM Benidorm)",
    "licencia": "Uso interno del proyecto",
    "confianza": 26,
    "estado_espacial": "valido",
    "geometria_origen": "punto_representativo"
   }
  },
  {
   "type": "Feature",
   "geometry": {
    "type": "Point",
    "coordinates": [
     -0.15105,
     38.54035
    ]
   },
   "properties": {
    "id_tecnico": "d5862c50-80ea-469e-9120-60e48a5923e1",
    "categoria": "infraestructuras",
    "tipo": "parada_autobus",
    "nombre": "141 - I. Mediterrania",
    "estado_nombre": "correcto",
    "direccion": "Av. Vicente Pérez Devesa, 8 (Institut)",
    "lat": 38.54035,
    "lng": -0.15105,
    "utm_x": 749271.59,
    "utm_y": 4269607.88,
    "utm_huso": 30,
    "fuente": "Plantilla municipal — Limpieza info (PTM Benidorm)",
    "licencia": "Uso interno del proyecto",
    "confianza": 26,
    "estado_espacial": "valido",
    "geometria_origen": "punto_representativo"
   }
  },
  {
   "type": "Feature",
   "geometry": {
    "type": "Point",
    "coordinates": [
     -0.13698,
     38.53771
    ]
   },
   "properties": {
    "id_tecnico": "d5d9cf22-6b94-494d-8b50-2357da3fd9dd",
    "categoria": "equipamientos",
    "tipo": "alimentacion",
    "nombre": "Marconi",
    "estado_nombre": "correcto",
    "direccion": "Avinguda del Rei Jaume I 4",
    "lat": 38.53771,
    "lng": -0.13698,
    "utm_x": 750511.95,
    "utm_y": 4269352.85,
    "utm_huso": 30,
    "fuente": "OpenStreetMap (Overpass)",
    "licencia": "ODbL 1.0",
    "confianza": 26,
    "estado_espacial": "proximo_limite",
    "geometria_origen": "punto_representativo"
   }
  },
  {
   "type": "Feature",
   "geometry": {
    "type": "Point",
    "coordinates": [
     -0.11602,
     38.53539
    ]
   },
   "properties": {
    "id_tecnico": "d5ee994e-ea77-46f3-a762-f39074c7f67f",
    "categoria": "equipamientos",
    "tipo": "alimentacion",
    "nombre": "Dicost",
    "estado_nombre": "correcto",
    "direccion": "Avinguda de Madrid  -  Avenida de Madrid 10",
    "lat": 38.53539,
    "lng": -0.11602,
    "utm_x": 752354.31,
    "utm_y": 4269152.28,
    "utm_huso": 30,
    "fuente": "OpenStreetMap (Overpass)",
    "licencia": "ODbL 1.0",
    "confianza": 26,
    "estado_espacial": "proximo_limite",
    "geometria_origen": "punto_representativo"
   }
  },
  {
   "type": "Feature",
   "geometry": {
    "type": "Point",
    "coordinates": [
     -0.0974,
     38.5526
    ]
   },
   "properties": {
    "id_tecnico": "d64c341b-1196-473c-aac2-79f0fa84bb68",
    "categoria": "infraestructuras",
    "tipo": "parada_autobus",
    "nombre": "215 - Camp. Benidorm",
    "estado_nombre": "correcto",
    "direccion": "Av. Severo Ochoa, 47 (Càmping Benidorm)",
    "lat": 38.5526,
    "lng": -0.0974,
    "utm_x": 753924.08,
    "utm_y": 4271113.46,
    "utm_huso": 30,
    "fuente": "Plantilla municipal — Limpieza info (PTM Benidorm)",
    "licencia": "Uso interno del proyecto",
    "confianza": 26,
    "estado_espacial": "valido",
    "geometria_origen": "punto_representativo"
   }
  },
  {
   "type": "Feature",
   "geometry": {
    "type": "Point",
    "coordinates": [
     -0.15443,
     38.56518
    ]
   },
   "properties": {
    "id_tecnico": "d6964ae2-dd6d-4439-8125-2ad3d7d4f9d9",
    "categoria": "infraestructuras",
    "tipo": "parada_autobus",
    "nombre": "186 - Puerta TM",
    "estado_nombre": "correcto",
    "direccion": "Rotonda de la Gravedad",
    "lat": 38.56518,
    "lng": -0.15443,
    "utm_x": 748891.14,
    "utm_y": 4272354.78,
    "utm_huso": 30,
    "fuente": "Plantilla municipal — Limpieza info (PTM Benidorm)",
    "licencia": "Uso interno del proyecto",
    "confianza": 26,
    "estado_espacial": "valido",
    "geometria_origen": "punto_representativo"
   }
  },
  {
   "type": "Feature",
   "geometry": {
    "type": "Point",
    "coordinates": [
     -0.1239,
     38.55031
    ]
   },
   "properties": {
    "id_tecnico": "d7879501-e9f6-4254-b8c6-7023d9c95ba0",
    "categoria": "equipamientos",
    "tipo": "bomberos",
    "nombre": "Estació de Bombers de la Marina Baixa",
    "estado_nombre": "correcto",
    "direccion": null,
    "lat": 38.55031,
    "lng": -0.1239,
    "utm_x": 751613.25,
    "utm_y": 4270786.87,
    "utm_huso": 30,
    "fuente": "OpenStreetMap (Overpass)",
    "licencia": "ODbL 1.0",
    "confianza": 26,
    "estado_espacial": "valido",
    "geometria_origen": "punto_representativo"
   }
  },
  {
   "type": "Feature",
   "geometry": {
    "type": "Point",
    "coordinates": [
     -0.13246,
     38.56806
    ]
   },
   "properties": {
    "id_tecnico": "d7d91ed6-d5b9-469d-b509-25f3f56167d2",
    "categoria": "equipamientos",
    "tipo": "alimentacion",
    "nombre": "ALDI",
    "estado_nombre": "correcto",
    "direccion": null,
    "lat": 38.56806,
    "lng": -0.13246,
    "utm_x": 750803.25,
    "utm_y": 4272733.8,
    "utm_huso": 30,
    "fuente": "OpenStreetMap (Overpass)",
    "licencia": "ODbL 1.0",
    "confianza": 3,
    "estado_espacial": "fuera_municipio",
    "geometria_origen": "punto_representativo"
   }
  },
  {
   "type": "Feature",
   "geometry": {
    "type": "Point",
    "coordinates": [
     -0.13939,
     38.54004
    ]
   },
   "properties": {
    "id_tecnico": "d7fda5c1-02a1-419e-a03a-a0588cfb9af2",
    "categoria": "infraestructuras",
    "tipo": "parada_autobus",
    "nombre": "Av. Ricardo Bayona, 12",
    "estado_nombre": "correcto",
    "direccion": null,
    "lat": 38.54004,
    "lng": -0.13939,
    "utm_x": 750293.05,
    "utm_y": 4269604.94,
    "utm_huso": 30,
    "fuente": "OpenStreetMap (Overpass)",
    "licencia": "ODbL 1.0",
    "confianza": 23,
    "estado_espacial": "valido",
    "geometria_origen": "punto_representativo"
   }
  },
  {
   "type": "Feature",
   "geometry": {
    "type": "Point",
    "coordinates": [
     -0.14899,
     38.54258
    ]
   },
   "properties": {
    "id_tecnico": "d7ff6f36-0dc9-4438-ad77-5fc905c50c3e",
    "categoria": "infraestructuras",
    "tipo": "parada_autobus",
    "nombre": "376 - Ed. Jardín Bnd",
    "estado_nombre": "correcto",
    "direccion": "C/ Adolfo Suárez, 16",
    "lat": 38.54258,
    "lng": -0.14899,
    "utm_x": 749444.25,
    "utm_y": 4269860.95,
    "utm_huso": 30,
    "fuente": "Plantilla municipal — Limpieza info (PTM Benidorm)",
    "licencia": "Uso interno del proyecto",
    "confianza": 26,
    "estado_espacial": "valido",
    "geometria_origen": "punto_representativo"
   }
  },
  {
   "type": "Feature",
   "geometry": {
    "type": "Point",
    "coordinates": [
     -0.13677,
     38.54603
    ]
   },
   "properties": {
    "id_tecnico": "d81b3a0a-ff4e-43b1-8a08-a181131fc0f2",
    "categoria": "equipamientos",
    "tipo": "centro_comunitario",
    "nombre": "Unión Ciclista Benidorm",
    "estado_nombre": "correcto",
    "direccion": null,
    "lat": 38.54603,
    "lng": -0.13677,
    "utm_x": 750501.79,
    "utm_y": 4270276.89,
    "utm_huso": 30,
    "fuente": "OpenStreetMap (Overpass)",
    "licencia": "ODbL 1.0",
    "confianza": 23,
    "estado_espacial": "valido",
    "geometria_origen": "punto_representativo"
   }
  },
  {
   "type": "Feature",
   "geometry": {
    "type": "Point",
    "coordinates": [
     -0.1409,
     38.54042
    ]
   },
   "properties": {
    "id_tecnico": "d88d11b7-2e3d-43d0-997c-624f24d06b98",
    "categoria": "equipamientos",
    "tipo": "colegio",
    "nombre": "CEIP MIGUEL HERNÁNDEZ",
    "estado_nombre": "correcto",
    "direccion": "AV. NICARAGUA, 17",
    "lat": 38.54042,
    "lng": -0.1409,
    "utm_x": 750159.6,
    "utm_y": 4269643.04,
    "utm_huso": 30,
    "fuente": "GVA - Centros docentes de la Comunitat Valenciana (ICV WFS)",
    "licencia": "CC BY 4.0",
    "confianza": 29,
    "estado_espacial": "valido",
    "geometria_origen": "punto_representativo"
   }
  },
  {
   "type": "Feature",
   "geometry": {
    "type": "Point",
    "coordinates": [
     -0.13992,
     38.54512
    ]
   },
   "properties": {
    "id_tecnico": "d8ff64f5-f589-42df-80f6-fb79528102c8",
    "categoria": "infraestructuras",
    "tipo": "parada_autobus",
    "nombre": "380 - fr. Residencia",
    "estado_nombre": "correcto",
    "direccion": "Av. Cuba, 1",
    "lat": 38.54512,
    "lng": -0.13992,
    "utm_x": 750229.26,
    "utm_y": 4270167.36,
    "utm_huso": 30,
    "fuente": "Plantilla municipal — Limpieza info (PTM Benidorm)",
    "licencia": "Uso interno del proyecto",
    "confianza": 26,
    "estado_espacial": "valido",
    "geometria_origen": "punto_representativo"
   }
  },
  {
   "type": "Feature",
   "geometry": {
    "type": "Point",
    "coordinates": [
     -0.16267,
     38.53014
    ]
   },
   "properties": {
    "id_tecnico": "d9015d51-97e6-4053-8cb7-fbe5bd2b6e16",
    "categoria": "infraestructuras",
    "tipo": "parada_autobus",
    "nombre": "Llorente Bus",
    "estado_nombre": "correcto",
    "direccion": null,
    "lat": 38.53014,
    "lng": -0.16267,
    "utm_x": 748289.38,
    "utm_y": 4268443.39,
    "utm_huso": 30,
    "fuente": "OpenStreetMap (Overpass)",
    "licencia": "ODbL 1.0",
    "confianza": 23,
    "estado_espacial": "proximo_limite",
    "geometria_origen": "punto_representativo"
   }
  },
  {
   "type": "Feature",
   "geometry": {
    "type": "Point",
    "coordinates": [
     -0.11714,
     38.53939
    ]
   },
   "properties": {
    "id_tecnico": "d940da1f-2c2a-4d99-aee4-ce2b426910a3",
    "categoria": "equipamientos",
    "tipo": "alimentacion",
    "nombre": "alimentacion node/8016406622",
    "estado_nombre": "correcto",
    "direccion": null,
    "lat": 38.53939,
    "lng": -0.11714,
    "utm_x": 752242.47,
    "utm_y": 4269593.21,
    "utm_huso": 30,
    "fuente": "OpenStreetMap (Overpass)",
    "licencia": "ODbL 1.0",
    "confianza": 23,
    "estado_espacial": "valido",
    "geometria_origen": "punto_representativo"
   }
  },
  {
   "type": "Feature",
   "geometry": {
    "type": "Point",
    "coordinates": [
     -0.13505,
     38.54051
    ]
   },
   "properties": {
    "id_tecnico": "d9570697-4bb9-41d8-991d-382687b40407",
    "categoria": "equipamientos",
    "tipo": "alimentacion",
    "nombre": "Dialprix",
    "estado_nombre": "correcto",
    "direccion": "Avinguda del Rei Jaume I 13",
    "lat": 38.54051,
    "lng": -0.13505,
    "utm_x": 750671.24,
    "utm_y": 4269668.86,
    "utm_huso": 30,
    "fuente": "OpenStreetMap (Overpass)",
    "licencia": "ODbL 1.0",
    "confianza": 26,
    "estado_espacial": "valido",
    "geometria_origen": "punto_representativo"
   }
  },
  {
   "type": "Feature",
   "geometry": {
    "type": "Point",
    "coordinates": [
     -0.10573,
     38.53746
    ]
   },
   "properties": {
    "id_tecnico": "d97e2b7d-d786-450f-91ee-16b393b2d794",
    "categoria": "equipamientos",
    "tipo": "alimentacion",
    "nombre": "Supermarket Don Precio",
    "estado_nombre": "correcto",
    "direccion": null,
    "lat": 38.53746,
    "lng": -0.10573,
    "utm_x": 753247.71,
    "utm_y": 4269410.15,
    "utm_huso": 30,
    "fuente": "OpenStreetMap (Overpass)",
    "licencia": "ODbL 1.0",
    "confianza": 23,
    "estado_espacial": "valido",
    "geometria_origen": "punto_representativo"
   }
  },
  {
   "type": "Feature",
   "geometry": {
    "type": "Point",
    "coordinates": [
     -0.12713,
     38.57972
    ]
   },
   "properties": {
    "id_tecnico": "d97e867e-ab04-405c-96d2-5f8b0786dc5e",
    "categoria": "equipamientos",
    "tipo": "farmacia",
    "nombre": "Farmacia Gasent",
    "estado_nombre": "correcto",
    "direccion": null,
    "lat": 38.57972,
    "lng": -0.12713,
    "utm_x": 751229.36,
    "utm_y": 4274042.47,
    "utm_huso": 30,
    "fuente": "OpenStreetMap (Overpass)",
    "licencia": "ODbL 1.0",
    "confianza": 3,
    "estado_espacial": "fuera_municipio",
    "geometria_origen": "punto_representativo"
   }
  },
  {
   "type": "Feature",
   "geometry": {
    "type": "Point",
    "coordinates": [
     -0.13473,
     38.54032
    ]
   },
   "properties": {
    "id_tecnico": "d98c9885-de38-4f9c-8507-b8e26c056c25",
    "categoria": "equipamientos",
    "tipo": "alimentacion",
    "nombre": "Charter",
    "estado_nombre": "correcto",
    "direccion": null,
    "lat": 38.54032,
    "lng": -0.13473,
    "utm_x": 750699.9,
    "utm_y": 4269648.64,
    "utm_huso": 30,
    "fuente": "OpenStreetMap (Overpass)",
    "licencia": "ODbL 1.0",
    "confianza": 23,
    "estado_espacial": "valido",
    "geometria_origen": "punto_representativo"
   }
  },
  {
   "type": "Feature",
   "geometry": {
    "type": "Point",
    "coordinates": [
     -0.16424,
     38.52954
    ]
   },
   "properties": {
    "id_tecnico": "d9c935b7-4629-4254-9c65-149c0c7a007e",
    "categoria": "infraestructuras",
    "tipo": "parada_autobus",
    "nombre": "C/ Juan Antonio Baldoví, 1",
    "estado_nombre": "correcto",
    "direccion": null,
    "lat": 38.52954,
    "lng": -0.16424,
    "utm_x": 748154,
    "utm_y": 4268372.58,
    "utm_huso": 30,
    "fuente": "OpenStreetMap (Overpass)",
    "licencia": "ODbL 1.0",
    "confianza": 23,
    "estado_espacial": "proximo_limite",
    "geometria_origen": "punto_representativo"
   }
  },
  {
   "type": "Feature",
   "geometry": {
    "type": "Point",
    "coordinates": [
     -0.1528,
     38.5362
    ]
   },
   "properties": {
    "id_tecnico": "da49c5c8-af06-4157-a435-52bf4c4a15f7",
    "categoria": "equipamientos",
    "tipo": "farmacia",
    "nombre": "farmacia node/975360141",
    "estado_nombre": "correcto",
    "direccion": null,
    "lat": 38.5362,
    "lng": -0.1528,
    "utm_x": 749132.59,
    "utm_y": 4269142.54,
    "utm_huso": 30,
    "fuente": "OpenStreetMap (Overpass)",
    "licencia": "ODbL 1.0",
    "confianza": 23,
    "estado_espacial": "proximo_limite",
    "geometria_origen": "punto_representativo"
   }
  },
  {
   "type": "Feature",
   "geometry": {
    "type": "Point",
    "coordinates": [
     -0.10517,
     38.54291
    ]
   },
   "properties": {
    "id_tecnico": "da662b3c-398b-4a9a-8938-96b2bb98b632",
    "categoria": "equipamientos",
    "tipo": "escuela_infantil",
    "nombre": "EI 1er CICLE MUNICIPAL LES CALETES",
    "estado_nombre": "correcto",
    "direccion": "AV. CIUDAD REAL, 6",
    "lat": 38.54291,
    "lng": -0.10517,
    "utm_x": 753277.82,
    "utm_y": 4270016.61,
    "utm_huso": 30,
    "fuente": "GVA - Centros docentes de la Comunitat Valenciana (ICV WFS)",
    "licencia": "CC BY 4.0",
    "confianza": 29,
    "estado_espacial": "valido",
    "geometria_origen": "punto_representativo"
   }
  },
  {
   "type": "Feature",
   "geometry": {
    "type": "Point",
    "coordinates": [
     -0.11541,
     38.58798
    ]
   },
   "properties": {
    "id_tecnico": "da73ce6e-4d5b-4888-a31c-2804452ee226",
    "categoria": "equipamientos",
    "tipo": "alimentacion",
    "nombre": "masymas",
    "estado_nombre": "correcto",
    "direccion": null,
    "lat": 38.58798,
    "lng": -0.11541,
    "utm_x": 752225.9,
    "utm_y": 4274991.21,
    "utm_huso": 30,
    "fuente": "OpenStreetMap (Overpass)",
    "licencia": "ODbL 1.0",
    "confianza": 6,
    "estado_espacial": "fuera_municipio",
    "geometria_origen": "punto_representativo"
   }
  },
  {
   "type": "Feature",
   "geometry": {
    "type": "Point",
    "coordinates": [
     -0.12042,
     38.53922
    ]
   },
   "properties": {
    "id_tecnico": "daf1aad8-354c-4908-821c-e2fa57718be8",
    "categoria": "infraestructuras",
    "tipo": "parada_autobus",
    "nombre": "Av. Europa, 15",
    "estado_nombre": "correcto",
    "direccion": null,
    "lat": 38.53922,
    "lng": -0.12042,
    "utm_x": 751956.01,
    "utm_y": 4269565.41,
    "utm_huso": 30,
    "fuente": "OpenStreetMap (Overpass)",
    "licencia": "ODbL 1.0",
    "confianza": 23,
    "estado_espacial": "valido",
    "geometria_origen": "punto_representativo"
   }
  },
  {
   "type": "Feature",
   "geometry": {
    "type": "Point",
    "coordinates": [
     -0.14974,
     38.5366
    ]
   },
   "properties": {
    "id_tecnico": "daf6c963-b0a3-4737-84a9-5d95d8ecdbe4",
    "categoria": "infraestructuras",
    "tipo": "parada_autobus",
    "nombre": "Av. Armada Espanyola, 23A",
    "estado_nombre": "correcto",
    "direccion": null,
    "lat": 38.5366,
    "lng": -0.14974,
    "utm_x": 749399.03,
    "utm_y": 4269195.18,
    "utm_huso": 30,
    "fuente": "OpenStreetMap (Overpass)",
    "licencia": "ODbL 1.0",
    "confianza": 23,
    "estado_espacial": "proximo_limite",
    "geometria_origen": "punto_representativo"
   }
  },
  {
   "type": "Feature",
   "geometry": {
    "type": "Point",
    "coordinates": [
     -0.15618,
     38.53431
    ]
   },
   "properties": {
    "id_tecnico": "dba85afb-1eb1-4de7-9fe9-007ff82083cb",
    "categoria": "infraestructuras",
    "tipo": "parada_autobus",
    "nombre": "C/ Santander, 2AC",
    "estado_nombre": "correcto",
    "direccion": null,
    "lat": 38.53431,
    "lng": -0.15618,
    "utm_x": 748843.22,
    "utm_y": 4268923.67,
    "utm_huso": 30,
    "fuente": "OpenStreetMap (Overpass)",
    "licencia": "ODbL 1.0",
    "confianza": 23,
    "estado_espacial": "proximo_limite",
    "geometria_origen": "punto_representativo"
   }
  },
  {
   "type": "Feature",
   "geometry": {
    "type": "Point",
    "coordinates": [
     -0.15927,
     38.5369
    ]
   },
   "properties": {
    "id_tecnico": "dbb4530e-2129-4fea-bf86-b47b999c081c",
    "categoria": "equipamientos",
    "tipo": "colegio",
    "nombre": "Col·legi d'Educació Infantil i Primària la Cala",
    "estado_nombre": "correcto",
    "direccion": null,
    "lat": 38.5369,
    "lng": -0.15927,
    "utm_x": 748563.97,
    "utm_y": 4269202.84,
    "utm_huso": 30,
    "fuente": "OpenStreetMap (Overpass)",
    "licencia": "ODbL 1.0",
    "confianza": 26,
    "estado_espacial": "valido",
    "geometria_origen": "punto_representativo"
   }
  },
  {
   "type": "Feature",
   "geometry": {
    "type": "Point",
    "coordinates": [
     -0.12085,
     38.55515
    ]
   },
   "properties": {
    "id_tecnico": "dbc66731-07e7-479a-a99e-e8d9d6b9a94c",
    "categoria": "equipamientos",
    "tipo": "colegio",
    "nombre": "CEIP MESTRE GASPAR LÓPEZ",
    "estado_nombre": "correcto",
    "direccion": "CL. DE LA BARCA DEL BOU (SALT DE L'AIG",
    "lat": 38.55515,
    "lng": -0.12085,
    "utm_x": 751863.43,
    "utm_y": 4271332.39,
    "utm_huso": 30,
    "fuente": "GVA - Centros docentes de la Comunitat Valenciana (ICV WFS)",
    "licencia": "CC BY 4.0",
    "confianza": 29,
    "estado_espacial": "valido",
    "geometria_origen": "punto_representativo"
   }
  },
  {
   "type": "Feature",
   "geometry": {
    "type": "Point",
    "coordinates": [
     -0.13013,
     38.60184
    ]
   },
   "properties": {
    "id_tecnico": "dbe97518-be78-4fef-b841-5165835a0df0",
    "categoria": "equipamientos",
    "tipo": "alimentacion",
    "nombre": "Economy Cash",
    "estado_nombre": "correcto",
    "direccion": null,
    "lat": 38.60184,
    "lng": -0.13013,
    "utm_x": 750890.84,
    "utm_y": 4276489.55,
    "utm_huso": 30,
    "fuente": "OpenStreetMap (Overpass)",
    "licencia": "ODbL 1.0",
    "confianza": 6,
    "estado_espacial": "fuera_municipio",
    "geometria_origen": "punto_representativo"
   }
  },
  {
   "type": "Feature",
   "geometry": {
    "type": "Point",
    "coordinates": [
     -0.14665,
     38.53718
    ]
   },
   "properties": {
    "id_tecnico": "dc3b1d61-f54d-4696-bf4b-3636b318dff6",
    "categoria": "equipamientos",
    "tipo": "alimentacion",
    "nombre": "alimentacion node/11930235536",
    "estado_nombre": "correcto",
    "direccion": "Avinguda de l'Armada Espanyola 17",
    "lat": 38.53718,
    "lng": -0.14665,
    "utm_x": 749667.48,
    "utm_y": 4269267.89,
    "utm_huso": 30,
    "fuente": "OpenStreetMap (Overpass)",
    "licencia": "ODbL 1.0",
    "confianza": 26,
    "estado_espacial": "proximo_limite",
    "geometria_origen": "punto_representativo"
   }
  },
  {
   "type": "Feature",
   "geometry": {
    "type": "Point",
    "coordinates": [
     -0.11295,
     38.53632
    ]
   },
   "properties": {
    "id_tecnico": "dc4368a4-e88f-4827-b95c-d7d53616f5c4",
    "categoria": "equipamientos",
    "tipo": "alimentacion",
    "nombre": "Kp",
    "estado_nombre": "correcto",
    "direccion": null,
    "lat": 38.53632,
    "lng": -0.11295,
    "utm_x": 752619.78,
    "utm_y": 4269263.88,
    "utm_huso": 30,
    "fuente": "OpenStreetMap (Overpass)",
    "licencia": "ODbL 1.0",
    "confianza": 23,
    "estado_espacial": "proximo_limite",
    "geometria_origen": "punto_representativo"
   }
  },
  {
   "type": "Feature",
   "geometry": {
    "type": "Point",
    "coordinates": [
     -0.11739,
     38.53718
    ]
   },
   "properties": {
    "id_tecnico": "dc847fcc-a5ee-483a-8f39-988473697c7d",
    "categoria": "equipamientos",
    "tipo": "alimentacion",
    "nombre": "alimentacion node/13744656382",
    "estado_nombre": "correcto",
    "direccion": null,
    "lat": 38.53718,
    "lng": -0.11739,
    "utm_x": 752228.22,
    "utm_y": 4269347.23,
    "utm_huso": 30,
    "fuente": "OpenStreetMap (Overpass)",
    "licencia": "ODbL 1.0",
    "confianza": 23,
    "estado_espacial": "valido",
    "geometria_origen": "punto_representativo"
   }
  },
  {
   "type": "Feature",
   "geometry": {
    "type": "Point",
    "coordinates": [
     -0.13105,
     38.54521
    ]
   },
   "properties": {
    "id_tecnico": "dce5c1f3-e62e-4e62-98c4-06dc2cfd098e",
    "categoria": "equipamientos",
    "tipo": "centro_formacion",
    "nombre": "CONSERVATORI ELEMENTAL DE DANSA",
    "estado_nombre": "correcto",
    "direccion": "PZ. DE BOUS, S/N",
    "lat": 38.54521,
    "lng": -0.13105,
    "utm_x": 751005.14,
    "utm_y": 4270201.38,
    "utm_huso": 30,
    "fuente": "GVA - Centros docentes de la Comunitat Valenciana (ICV WFS)",
    "licencia": "CC BY 4.0",
    "confianza": 29,
    "estado_espacial": "valido",
    "geometria_origen": "punto_representativo"
   }
  },
  {
   "type": "Feature",
   "geometry": {
    "type": "Point",
    "coordinates": [
     -0.10763,
     38.53497
    ]
   },
   "properties": {
    "id_tecnico": "dd5a244b-9aa0-4e33-b39c-366238d08e9f",
    "categoria": "equipamientos",
    "tipo": "alimentacion",
    "nombre": "Abdullah",
    "estado_nombre": "correcto",
    "direccion": "Avenida del Mediterráneo 57",
    "lat": 38.53497,
    "lng": -0.10763,
    "utm_x": 753090.05,
    "utm_y": 4269128.58,
    "utm_huso": 30,
    "fuente": "OpenStreetMap (Overpass)",
    "licencia": "ODbL 1.0",
    "confianza": 26,
    "estado_espacial": "proximo_limite",
    "geometria_origen": "punto_representativo"
   }
  },
  {
   "type": "Feature",
   "geometry": {
    "type": "Point",
    "coordinates": [
     -0.10832,
     38.53346
    ]
   },
   "properties": {
    "id_tecnico": "dde141aa-2c34-447b-94d7-574426346b1b",
    "categoria": "equipamientos",
    "tipo": "alimentacion",
    "nombre": "alimentacion node/5024844600",
    "estado_nombre": "correcto",
    "direccion": "Avinguda de Madrid - Avenida de Madrid",
    "lat": 38.53346,
    "lng": -0.10832,
    "utm_x": 753034.89,
    "utm_y": 4268959.09,
    "utm_huso": 30,
    "fuente": "OpenStreetMap (Overpass)",
    "licencia": "ODbL 1.0",
    "confianza": 26,
    "estado_espacial": "proximo_limite",
    "geometria_origen": "punto_representativo"
   }
  },
  {
   "type": "Feature",
   "geometry": {
    "type": "Point",
    "coordinates": [
     -0.13654,
     38.53736
    ]
   },
   "properties": {
    "id_tecnico": "de0b2666-80a1-423c-a118-aba466544bd1",
    "categoria": "equipamientos",
    "tipo": "alimentacion",
    "nombre": "Rio",
    "estado_nombre": "correcto",
    "direccion": "Pasaje de Marconi",
    "lat": 38.53736,
    "lng": -0.13654,
    "utm_x": 750551.65,
    "utm_y": 4269315.19,
    "utm_huso": 30,
    "fuente": "OpenStreetMap (Overpass)",
    "licencia": "ODbL 1.0",
    "confianza": 26,
    "estado_espacial": "proximo_limite",
    "geometria_origen": "punto_representativo"
   }
  },
  {
   "type": "Feature",
   "geometry": {
    "type": "Point",
    "coordinates": [
     -0.10396,
     38.54534
    ]
   },
   "properties": {
    "id_tecnico": "de48bdbf-2678-4baf-acfa-81a49732fb3d",
    "categoria": "infraestructuras",
    "tipo": "camping",
    "nombre": "Camping La Torreta",
    "estado_nombre": "correcto",
    "direccion": null,
    "lat": 38.54534,
    "lng": -0.10396,
    "utm_x": 753375.28,
    "utm_y": 4270289.64,
    "utm_huso": 30,
    "fuente": "OpenStreetMap (Overpass)",
    "licencia": "ODbL 1.0",
    "confianza": 23,
    "estado_espacial": "valido",
    "geometria_origen": "punto_representativo"
   }
  },
  {
   "type": "Feature",
   "geometry": {
    "type": "Point",
    "coordinates": [
     -0.11445,
     38.53734
    ]
   },
   "properties": {
    "id_tecnico": "de608a21-872c-488a-910f-299348a35697",
    "categoria": "equipamientos",
    "tipo": "alimentacion",
    "nombre": "alimentacion node/13410368221",
    "estado_nombre": "correcto",
    "direccion": null,
    "lat": 38.53734,
    "lng": -0.11445,
    "utm_x": 752484.97,
    "utm_y": 4269373.01,
    "utm_huso": 30,
    "fuente": "OpenStreetMap (Overpass)",
    "licencia": "ODbL 1.0",
    "confianza": 23,
    "estado_espacial": "valido",
    "geometria_origen": "punto_representativo"
   }
  },
  {
   "type": "Feature",
   "geometry": {
    "type": "Point",
    "coordinates": [
     -0.13894,
     38.53723
    ]
   },
   "properties": {
    "id_tecnico": "deb47610-52be-4dd8-b1ea-e6de8c4db926",
    "categoria": "infraestructuras",
    "tipo": "parada_autobus",
    "nombre": "103 - Villa del Mar",
    "estado_nombre": "correcto",
    "direccion": "Av. Armada Espanyola, 2",
    "lat": 38.53723,
    "lng": -0.13894,
    "utm_x": 750342.06,
    "utm_y": 4269294.27,
    "utm_huso": 30,
    "fuente": "Plantilla municipal — Limpieza info (PTM Benidorm)",
    "licencia": "Uso interno del proyecto",
    "confianza": 26,
    "estado_espacial": "proximo_limite",
    "geometria_origen": "punto_representativo"
   }
  },
  {
   "type": "Feature",
   "geometry": {
    "type": "Point",
    "coordinates": [
     -0.1337,
     38.53938
    ]
   },
   "properties": {
    "id_tecnico": "debdb67b-add8-4bb5-82a2-49bcd7278a6c",
    "categoria": "infraestructuras",
    "tipo": "alojamiento",
    "nombre": "Celymar",
    "estado_nombre": "correcto",
    "direccion": "Calle del Apolo XI 19",
    "lat": 38.53938,
    "lng": -0.1337,
    "utm_x": 750793.27,
    "utm_y": 4269547.09,
    "utm_huso": 30,
    "fuente": "OpenStreetMap (Overpass)",
    "licencia": "ODbL 1.0",
    "confianza": 26,
    "estado_espacial": "valido",
    "geometria_origen": "punto_representativo"
   }
  },
  {
   "type": "Feature",
   "geometry": {
    "type": "Point",
    "coordinates": [
     -0.1249,
     38.54946
    ]
   },
   "properties": {
    "id_tecnico": "df26975a-faf0-405a-a72b-0c8ac1d2062f",
    "categoria": "infraestructuras",
    "tipo": "estacion_autobus",
    "nombre": "Estació d'Autobusos de Benidorm / Estación de Autobuses de Benidorm",
    "estado_nombre": "correcto",
    "direccion": null,
    "lat": 38.54946,
    "lng": -0.1249,
    "utm_x": 751528.68,
    "utm_y": 4270689.81,
    "utm_huso": 30,
    "fuente": "OpenStreetMap (Overpass)",
    "licencia": "ODbL 1.0",
    "confianza": 23,
    "estado_espacial": "valido",
    "geometria_origen": "punto_representativo"
   }
  },
  {
   "type": "Feature",
   "geometry": {
    "type": "Point",
    "coordinates": [
     -0.15453,
     38.56547
    ]
   },
   "properties": {
    "id_tecnico": "df29349b-104c-43bf-88c7-721288fb744c",
    "categoria": "infraestructuras",
    "tipo": "parada_autobus",
    "nombre": "188 - Puerta TM V",
    "estado_nombre": "correcto",
    "direccion": "Rotonda de la Gravedad",
    "lat": 38.56547,
    "lng": -0.15453,
    "utm_x": 748881.4,
    "utm_y": 4272386.7,
    "utm_huso": 30,
    "fuente": "Plantilla municipal — Limpieza info (PTM Benidorm)",
    "licencia": "Uso interno del proyecto",
    "confianza": 26,
    "estado_espacial": "valido",
    "geometria_origen": "punto_representativo"
   }
  },
  {
   "type": "Feature",
   "geometry": {
    "type": "Point",
    "coordinates": [
     -0.16545,
     38.5315
    ]
   },
   "properties": {
    "id_tecnico": "df39089c-3d1b-48c9-b83d-1b887d138588",
    "categoria": "infraestructuras",
    "tipo": "parada_autobus",
    "nombre": "367 - Mercadona",
    "estado_nombre": "correcto",
    "direccion": "C/ Juan Antonio Baldovi, 14",
    "lat": 38.5315,
    "lng": -0.16545,
    "utm_x": 748041.44,
    "utm_y": 4268586.89,
    "utm_huso": 30,
    "fuente": "Plantilla municipal — Limpieza info (PTM Benidorm)",
    "licencia": "Uso interno del proyecto",
    "confianza": 26,
    "estado_espacial": "proximo_limite",
    "geometria_origen": "punto_representativo"
   }
  },
  {
   "type": "Feature",
   "geometry": {
    "type": "Point",
    "coordinates": [
     -0.14749,
     38.55817
    ]
   },
   "properties": {
    "id_tecnico": "df587465-d4dd-419f-b7fa-37358f394932",
    "categoria": "infraestructuras",
    "tipo": "alojamiento",
    "nombre": "Meliá Villaitana",
    "estado_nombre": "correcto",
    "direccion": "Avenida Alcalde Eduardo Zaplana Hernández-Soto 7",
    "lat": 38.55817,
    "lng": -0.14749,
    "utm_x": 749522.23,
    "utm_y": 4271595.4,
    "utm_huso": 30,
    "fuente": "OpenStreetMap (Overpass)",
    "licencia": "ODbL 1.0",
    "confianza": 29,
    "estado_espacial": "valido",
    "geometria_origen": "punto_representativo"
   }
  },
  {
   "type": "Feature",
   "geometry": {
    "type": "Point",
    "coordinates": [
     -0.12819,
     38.54609
    ]
   },
   "properties": {
    "id_tecnico": "df65c405-dc03-4287-a94b-eb6b28f8aaee",
    "categoria": "infraestructuras",
    "tipo": "parada_autobus",
    "nombre": "284 - Suecia 6",
    "estado_nombre": "correcto",
    "direccion": "Av. Suècia, 6",
    "lat": 38.54609,
    "lng": -0.12819,
    "utm_x": 751252.39,
    "utm_y": 4270306.82,
    "utm_huso": 30,
    "fuente": "Plantilla municipal — Limpieza info (PTM Benidorm)",
    "licencia": "Uso interno del proyecto",
    "confianza": 26,
    "estado_espacial": "valido",
    "geometria_origen": "punto_representativo"
   }
  },
  {
   "type": "Feature",
   "geometry": {
    "type": "Point",
    "coordinates": [
     -0.10507,
     38.53589
    ]
   },
   "properties": {
    "id_tecnico": "dfced955-9f75-4a5e-8c53-68527b4b2d8e",
    "categoria": "equipamientos",
    "tipo": "alimentacion",
    "nombre": "La Rivera",
    "estado_nombre": "correcto",
    "direccion": "Avenida de Estocolmo",
    "lat": 38.53589,
    "lng": -0.10507,
    "utm_x": 753310.91,
    "utm_y": 4269237.7,
    "utm_huso": 30,
    "fuente": "OpenStreetMap (Overpass)",
    "licencia": "ODbL 1.0",
    "confianza": 26,
    "estado_espacial": "valido",
    "geometria_origen": "punto_representativo"
   }
  },
  {
   "type": "Feature",
   "geometry": {
    "type": "Point",
    "coordinates": [
     -0.12268,
     38.54686
    ]
   },
   "properties": {
    "id_tecnico": "e0352ae5-0a47-46a3-9dab-42c0f2256e08",
    "categoria": "equipamientos",
    "tipo": "escuela_infantil",
    "nombre": "EI 1er CICLE MUNICIPAL LES FONTANELLES",
    "estado_nombre": "correcto",
    "direccion": "AV. DEL MUNICIPI, 18 B",
    "lat": 38.54686,
    "lng": -0.12268,
    "utm_x": 751731.9,
    "utm_y": 4270407.26,
    "utm_huso": 30,
    "fuente": "GVA - Centros docentes de la Comunitat Valenciana (ICV WFS)",
    "licencia": "CC BY 4.0",
    "confianza": 29,
    "estado_espacial": "valido",
    "geometria_origen": "punto_representativo"
   }
  },
  {
   "type": "Feature",
   "geometry": {
    "type": "Point",
    "coordinates": [
     -0.10238,
     38.5573
    ]
   },
   "properties": {
    "id_tecnico": "e0491143-1c96-4c17-9880-5238b95ad232",
    "categoria": "infraestructuras",
    "tipo": "parada_autobus",
    "nombre": "305 - Gascon",
    "estado_nombre": "correcto",
    "direccion": "Av. Comunitat Valenciana, km 124.9",
    "lat": 38.5573,
    "lng": -0.10238,
    "utm_x": 753472.02,
    "utm_y": 4271621.48,
    "utm_huso": 30,
    "fuente": "Plantilla municipal — Limpieza info (PTM Benidorm)",
    "licencia": "Uso interno del proyecto",
    "confianza": 26,
    "estado_espacial": "valido",
    "geometria_origen": "punto_representativo"
   }
  },
  {
   "type": "Feature",
   "geometry": {
    "type": "Point",
    "coordinates": [
     -0.1038,
     38.54047
    ]
   },
   "properties": {
    "id_tecnico": "e106ceea-b3c8-476e-926c-b2452a27dbc7",
    "categoria": "equipamientos",
    "tipo": "alimentacion",
    "nombre": "Lidl",
    "estado_nombre": "correcto",
    "direccion": "Avinguda del Doctor Severo Ochoa",
    "lat": 38.54047,
    "lng": -0.1038,
    "utm_x": 753406.17,
    "utm_y": 4269749.53,
    "utm_huso": 30,
    "fuente": "OpenStreetMap (Overpass)",
    "licencia": "ODbL 1.0",
    "confianza": 26,
    "estado_espacial": "valido",
    "geometria_origen": "punto_representativo"
   }
  },
  {
   "type": "Feature",
   "geometry": {
    "type": "Point",
    "coordinates": [
     -0.15891,
     38.54673
    ]
   },
   "properties": {
    "id_tecnico": "e106edb2-a3fc-4db8-b15e-7308beeedb9c",
    "categoria": "infraestructuras",
    "tipo": "parada_tranvia",
    "nombre": "Terra Mítica",
    "estado_nombre": "correcto",
    "direccion": null,
    "lat": 38.54673,
    "lng": -0.15891,
    "utm_x": 748562.02,
    "utm_y": 4270294.88,
    "utm_huso": 30,
    "fuente": "OpenStreetMap (Overpass)",
    "licencia": "ODbL 1.0",
    "confianza": 23,
    "estado_espacial": "valido",
    "geometria_origen": "punto_representativo"
   }
  },
  {
   "type": "Feature",
   "geometry": {
    "type": "Point",
    "coordinates": [
     -0.16875,
     38.5307
    ]
   },
   "properties": {
    "id_tecnico": "e11c545e-de1c-47bc-807b-fcf0ea38b9b7",
    "categoria": "infraestructuras",
    "tipo": "alojamiento",
    "nombre": "Hotel Tropic",
    "estado_nombre": "correcto",
    "direccion": "Carrer Relleu 3",
    "lat": 38.5307,
    "lng": -0.16875,
    "utm_x": 747755.33,
    "utm_y": 4268489.26,
    "utm_huso": 30,
    "fuente": "OpenStreetMap (Overpass)",
    "licencia": "ODbL 1.0",
    "confianza": 6,
    "estado_espacial": "fuera_municipio",
    "geometria_origen": "punto_representativo"
   }
  },
  {
   "type": "Feature",
   "geometry": {
    "type": "Point",
    "coordinates": [
     -0.16157,
     38.53249
    ]
   },
   "properties": {
    "id_tecnico": "e154d6f1-079d-4af8-8445-4e4e31b0cfc5",
    "categoria": "equipamientos",
    "tipo": "escuela_infantil",
    "nombre": "EI 1er CICLE MUNICIPAL EL TOSSALET",
    "estado_nombre": "correcto",
    "direccion": "AV. MONT BENIDORM, 7",
    "lat": 38.53249,
    "lng": -0.16157,
    "utm_x": 748377.67,
    "utm_y": 4268707.18,
    "utm_huso": 30,
    "fuente": "GVA - Centros docentes de la Comunitat Valenciana (ICV WFS)",
    "licencia": "CC BY 4.0",
    "confianza": 29,
    "estado_espacial": "valido",
    "geometria_origen": "punto_representativo"
   }
  },
  {
   "type": "Feature",
   "geometry": {
    "type": "Point",
    "coordinates": [
     -0.13352,
     38.5407
    ]
   },
   "properties": {
    "id_tecnico": "e16cc021-ad72-4a1d-aa73-8a18e8783834",
    "categoria": "equipamientos",
    "tipo": "administracion",
    "nombre": "Edusi",
    "estado_nombre": "correcto",
    "direccion": "Carrer Maravall 33",
    "lat": 38.5407,
    "lng": -0.13352,
    "utm_x": 750804.49,
    "utm_y": 4269694.09,
    "utm_huso": 30,
    "fuente": "OpenStreetMap (Overpass)",
    "licencia": "ODbL 1.0",
    "confianza": 26,
    "estado_espacial": "valido",
    "geometria_origen": "punto_representativo"
   }
  },
  {
   "type": "Feature",
   "geometry": {
    "type": "Point",
    "coordinates": [
     -0.11796,
     38.53646
    ]
   },
   "properties": {
    "id_tecnico": "e170fb0f-2a36-43fe-94c5-f332fd01b378",
    "categoria": "equipamientos",
    "tipo": "alimentacion",
    "nombre": "Mr Cash & Carry",
    "estado_nombre": "correcto",
    "direccion": "Avenida del Mediterráneo",
    "lat": 38.53646,
    "lng": -0.11796,
    "utm_x": 752180.83,
    "utm_y": 4269265.76,
    "utm_huso": 30,
    "fuente": "OpenStreetMap (Overpass)",
    "licencia": "ODbL 1.0",
    "confianza": 26,
    "estado_espacial": "proximo_limite",
    "geometria_origen": "punto_representativo"
   }
  },
  {
   "type": "Feature",
   "geometry": {
    "type": "Point",
    "coordinates": [
     -0.13189,
     38.53866
    ]
   },
   "properties": {
    "id_tecnico": "e1a1af18-510b-45ff-81e4-fe8e4fb3d83a",
    "categoria": "infraestructuras",
    "tipo": "alojamiento",
    "nombre": "Olivia",
    "estado_nombre": "correcto",
    "direccion": "Carrer Antonio Ramos Carratalà 2",
    "lat": 38.53866,
    "lng": -0.13189,
    "utm_x": 750954.14,
    "utm_y": 4269472.08,
    "utm_huso": 30,
    "fuente": "OpenStreetMap (Overpass)",
    "licencia": "ODbL 1.0",
    "confianza": 26,
    "estado_espacial": "valido",
    "geometria_origen": "punto_representativo"
   }
  },
  {
   "type": "Feature",
   "geometry": {
    "type": "Point",
    "coordinates": [
     -0.10768,
     38.5358
    ]
   },
   "properties": {
    "id_tecnico": "e1e955c1-9195-4c63-aa2a-994738e0e3ba",
    "categoria": "equipamientos",
    "tipo": "alimentacion",
    "nombre": "Supermarket",
    "estado_nombre": "correcto",
    "direccion": null,
    "lat": 38.5358,
    "lng": -0.10768,
    "utm_x": 753082.8,
    "utm_y": 4269220.57,
    "utm_huso": 30,
    "fuente": "OpenStreetMap (Overpass)",
    "licencia": "ODbL 1.0",
    "confianza": 23,
    "estado_espacial": "valido",
    "geometria_origen": "punto_representativo"
   }
  },
  {
   "type": "Feature",
   "geometry": {
    "type": "Point",
    "coordinates": [
     -0.13496,
     38.54142
    ]
   },
   "properties": {
    "id_tecnico": "e1fe9c28-9384-4720-b0e8-8005ab4f39ba",
    "categoria": "infraestructuras",
    "tipo": "alojamiento",
    "nombre": "Hotel Rambla Benidorm",
    "estado_nombre": "correcto",
    "direccion": null,
    "lat": 38.54142,
    "lng": -0.13496,
    "utm_x": 750676,
    "utm_y": 4269770.11,
    "utm_huso": 30,
    "fuente": "OpenStreetMap (Overpass)",
    "licencia": "ODbL 1.0",
    "confianza": 23,
    "estado_espacial": "valido",
    "geometria_origen": "punto_representativo"
   }
  },
  {
   "type": "Feature",
   "geometry": {
    "type": "Point",
    "coordinates": [
     -0.12455,
     38.54694
    ]
   },
   "properties": {
    "id_tecnico": "e24c306d-8d77-4cb3-9dfa-91aed1dc84cb",
    "categoria": "equipamientos",
    "tipo": "colegio",
    "nombre": "CEIP PUIG CAMPANA",
    "estado_nombre": "correcto",
    "direccion": "AV. DE BELGICA, 16",
    "lat": 38.54694,
    "lng": -0.12455,
    "utm_x": 751567.98,
    "utm_y": 4270411.05,
    "utm_huso": 30,
    "fuente": "GVA - Centros docentes de la Comunitat Valenciana (ICV WFS)",
    "licencia": "CC BY 4.0",
    "confianza": 29,
    "estado_espacial": "valido",
    "geometria_origen": "punto_representativo"
   }
  },
  {
   "type": "Feature",
   "geometry": {
    "type": "Point",
    "coordinates": [
     -0.12158,
     38.55399
    ]
   },
   "properties": {
    "id_tecnico": "e252ed92-ff4f-4006-95d4-31c17bc852cf",
    "categoria": "infraestructuras",
    "tipo": "parada_autobus",
    "nombre": "246 - Barca Bou 3",
    "estado_nombre": "correcto",
    "direccion": "C/ Barca del Bou, 3",
    "lat": 38.55399,
    "lng": -0.12158,
    "utm_x": 751803.56,
    "utm_y": 4271201.65,
    "utm_huso": 30,
    "fuente": "Plantilla municipal — Limpieza info (PTM Benidorm)",
    "licencia": "Uso interno del proyecto",
    "confianza": 26,
    "estado_espacial": "valido",
    "geometria_origen": "punto_representativo"
   }
  },
  {
   "type": "Feature",
   "geometry": {
    "type": "Point",
    "coordinates": [
     -0.13396,
     38.53701
    ]
   },
   "properties": {
    "id_tecnico": "e25ec025-996d-4560-95ff-d7d8c1fb64d1",
    "categoria": "infraestructuras",
    "tipo": "alojamiento",
    "nombre": "Hotel Casual Pop Art Benidorm",
    "estado_nombre": "correcto",
    "direccion": null,
    "lat": 38.53701,
    "lng": -0.13396,
    "utm_x": 750778.65,
    "utm_y": 4269283.33,
    "utm_huso": 30,
    "fuente": "OpenStreetMap (Overpass)",
    "licencia": "ODbL 1.0",
    "confianza": 23,
    "estado_espacial": "proximo_limite",
    "geometria_origen": "punto_representativo"
   }
  },
  {
   "type": "Feature",
   "geometry": {
    "type": "Point",
    "coordinates": [
     -0.09935,
     38.54669
    ]
   },
   "properties": {
    "id_tecnico": "e263d2d4-b86a-4146-b782-2baf6b5e5323",
    "categoria": "infraestructuras",
    "tipo": "parada_autobus",
    "nombre": "Av. Severo Ochoa, 34 (Hotel Deloix)",
    "estado_nombre": "correcto",
    "direccion": null,
    "lat": 38.54669,
    "lng": -0.09935,
    "utm_x": 753774,
    "utm_y": 4270452.12,
    "utm_huso": 30,
    "fuente": "OpenStreetMap (Overpass)",
    "licencia": "ODbL 1.0",
    "confianza": 23,
    "estado_espacial": "valido",
    "geometria_origen": "punto_representativo"
   }
  },
  {
   "type": "Feature",
   "geometry": {
    "type": "Point",
    "coordinates": [
     -0.10249,
     38.55737
    ]
   },
   "properties": {
    "id_tecnico": "e2783c95-ff94-4bbb-aee9-b654aa796733",
    "categoria": "infraestructuras",
    "tipo": "parada_autobus",
    "nombre": "Av. Comunitat Valenciana, km 124.9",
    "estado_nombre": "correcto",
    "direccion": null,
    "lat": 38.55737,
    "lng": -0.10249,
    "utm_x": 753462.15,
    "utm_y": 4271628.95,
    "utm_huso": 30,
    "fuente": "OpenStreetMap (Overpass)",
    "licencia": "ODbL 1.0",
    "confianza": 23,
    "estado_espacial": "valido",
    "geometria_origen": "punto_representativo"
   }
  },
  {
   "type": "Feature",
   "geometry": {
    "type": "Point",
    "coordinates": [
     -0.11026,
     38.53479
    ]
   },
   "properties": {
    "id_tecnico": "e32e53b4-b84c-453a-8673-50d8a3002aeb",
    "categoria": "equipamientos",
    "tipo": "alimentacion",
    "nombre": "Mini Beach",
    "estado_nombre": "correcto",
    "direccion": null,
    "lat": 38.53479,
    "lng": -0.11026,
    "utm_x": 752860.5,
    "utm_y": 4269101.41,
    "utm_huso": 30,
    "fuente": "OpenStreetMap (Overpass)",
    "licencia": "ODbL 1.0",
    "confianza": 23,
    "estado_espacial": "proximo_limite",
    "geometria_origen": "punto_representativo"
   }
  },
  {
   "type": "Feature",
   "geometry": {
    "type": "Point",
    "coordinates": [
     -0.16952,
     38.53468
    ]
   },
   "properties": {
    "id_tecnico": "e36964bb-d9f0-4d51-a9a7-921f76f03003",
    "categoria": "servicios_basicos",
    "tipo": "estacion_servicio",
    "nombre": "Moeve",
    "estado_nombre": "correcto",
    "direccion": null,
    "lat": 38.53468,
    "lng": -0.16952,
    "utm_x": 747674.45,
    "utm_y": 4268928.95,
    "utm_huso": 30,
    "fuente": "OpenStreetMap (Overpass)",
    "licencia": "ODbL 1.0",
    "confianza": 3,
    "estado_espacial": "fuera_municipio",
    "geometria_origen": "punto_representativo"
   }
  },
  {
   "type": "Feature",
   "geometry": {
    "type": "Point",
    "coordinates": [
     -0.16365,
     38.53312
    ]
   },
   "properties": {
    "id_tecnico": "e3ceba36-cc30-4f7d-8201-07c57716adf1",
    "categoria": "infraestructuras",
    "tipo": "parada_autobus",
    "nombre": "114 - Ed. Lilla",
    "estado_nombre": "correcto",
    "direccion": "Av. Vila Joiosa, 28 (E. Lila)",
    "lat": 38.53312,
    "lng": -0.16365,
    "utm_x": 748193.48,
    "utm_y": 4268771.52,
    "utm_huso": 30,
    "fuente": "Plantilla municipal — Limpieza info (PTM Benidorm)",
    "licencia": "Uso interno del proyecto",
    "confianza": 26,
    "estado_espacial": "valido",
    "geometria_origen": "punto_representativo"
   }
  },
  {
   "type": "Feature",
   "geometry": {
    "type": "Point",
    "coordinates": [
     -0.11951,
     38.53987
    ]
   },
   "properties": {
    "id_tecnico": "e3fd9f80-0b0e-4c14-8612-acf6727a574a",
    "categoria": "infraestructuras",
    "tipo": "alojamiento",
    "nombre": "los gemelos 20",
    "estado_nombre": "correcto",
    "direccion": null,
    "lat": 38.53987,
    "lng": -0.11951,
    "utm_x": 752033.41,
    "utm_y": 4269640.03,
    "utm_huso": 30,
    "fuente": "OpenStreetMap (Overpass)",
    "licencia": "ODbL 1.0",
    "confianza": 23,
    "estado_espacial": "valido",
    "geometria_origen": "punto_representativo"
   }
  },
  {
   "type": "Feature",
   "geometry": {
    "type": "Point",
    "coordinates": [
     -0.11892,
     38.5398
    ]
   },
   "properties": {
    "id_tecnico": "e4499fde-980a-4159-b2dd-401c7803388e",
    "categoria": "equipamientos",
    "tipo": "alimentacion",
    "nombre": "Super Ibiza",
    "estado_nombre": "correcto",
    "direccion": "Carrer d'Evissa",
    "lat": 38.5398,
    "lng": -0.11892,
    "utm_x": 752085.28,
    "utm_y": 4269633.87,
    "utm_huso": 30,
    "fuente": "OpenStreetMap (Overpass)",
    "licencia": "ODbL 1.0",
    "confianza": 26,
    "estado_espacial": "valido",
    "geometria_origen": "punto_representativo"
   }
  },
  {
   "type": "Feature",
   "geometry": {
    "type": "Point",
    "coordinates": [
     -0.11584,
     38.53961
    ]
   },
   "properties": {
    "id_tecnico": "e4787f47-41ac-47cc-978c-aaa4073b493d",
    "categoria": "infraestructuras",
    "tipo": "parada_autobus",
    "nombre": "324 - Consum",
    "estado_nombre": "correcto",
    "direccion": "C/ Eivissa, 15",
    "lat": 38.53961,
    "lng": -0.11584,
    "utm_x": 752355.48,
    "utm_y": 4269621.17,
    "utm_huso": 30,
    "fuente": "Plantilla municipal — Limpieza info (PTM Benidorm)",
    "licencia": "Uso interno del proyecto",
    "confianza": 26,
    "estado_espacial": "valido",
    "geometria_origen": "punto_representativo"
   }
  },
  {
   "type": "Feature",
   "geometry": {
    "type": "Point",
    "coordinates": [
     -0.17601,
     38.53683
    ]
   },
   "properties": {
    "id_tecnico": "e4c23f3e-1f0c-4e01-bf92-a332c9dfc159",
    "categoria": "equipamientos",
    "tipo": "alimentacion",
    "nombre": "Carrefour",
    "estado_nombre": "correcto",
    "direccion": null,
    "lat": 38.53683,
    "lng": -0.17601,
    "utm_x": 747099.17,
    "utm_y": 4269150.24,
    "utm_huso": 30,
    "fuente": "OpenStreetMap (Overpass)",
    "licencia": "ODbL 1.0",
    "confianza": 3,
    "estado_espacial": "fuera_municipio",
    "geometria_origen": "punto_representativo"
   }
  },
  {
   "type": "Feature",
   "geometry": {
    "type": "Point",
    "coordinates": [
     -0.08023,
     38.60663
    ]
   },
   "properties": {
    "id_tecnico": "e5006252-064f-4524-89a2-0132bba5df86",
    "categoria": "equipamientos",
    "tipo": "alimentacion",
    "nombre": "Dialprix",
    "estado_nombre": "correcto",
    "direccion": null,
    "lat": 38.60663,
    "lng": -0.08023,
    "utm_x": 755237.31,
    "utm_y": 4277157.88,
    "utm_huso": 30,
    "fuente": "OpenStreetMap (Overpass)",
    "licencia": "ODbL 1.0",
    "confianza": 3,
    "estado_espacial": "fuera_municipio",
    "geometria_origen": "punto_representativo"
   }
  },
  {
   "type": "Feature",
   "geometry": {
    "type": "Point",
    "coordinates": [
     -0.14753,
     38.56105
    ]
   },
   "properties": {
    "id_tecnico": "e58221f3-e486-4c28-8991-bcc3f9bc2b7b",
    "categoria": "infraestructuras",
    "tipo": "parada_autobus",
    "nombre": "191 - Zaplana 191",
    "estado_nombre": "correcto",
    "direccion": "Av. Eduardo Zaplana",
    "lat": 38.56105,
    "lng": -0.14753,
    "utm_x": 749508.89,
    "utm_y": 4271914.96,
    "utm_huso": 30,
    "fuente": "Plantilla municipal — Limpieza info (PTM Benidorm)",
    "licencia": "Uso interno del proyecto",
    "confianza": 26,
    "estado_espacial": "valido",
    "geometria_origen": "punto_representativo"
   }
  },
  {
   "type": "Feature",
   "geometry": {
    "type": "Point",
    "coordinates": [
     -0.13275,
     38.54267
    ]
   },
   "properties": {
    "id_tecnico": "e5962185-fb69-4d1c-be72-054950f342e1",
    "categoria": "infraestructuras",
    "tipo": "parada_autobus",
    "nombre": "Benidorm, Av. Rei Jaume I 50",
    "estado_nombre": "correcto",
    "direccion": null,
    "lat": 38.54267,
    "lng": -0.13275,
    "utm_x": 750865.11,
    "utm_y": 4269914.84,
    "utm_huso": 30,
    "fuente": "OpenStreetMap (Overpass)",
    "licencia": "ODbL 1.0",
    "confianza": 23,
    "estado_espacial": "valido",
    "geometria_origen": "punto_representativo"
   }
  },
  {
   "type": "Feature",
   "geometry": {
    "type": "Point",
    "coordinates": [
     -0.13395,
     38.53681
    ]
   },
   "properties": {
    "id_tecnico": "e5c01ca8-fa6f-4689-8921-4812cce5a52b",
    "categoria": "infraestructuras",
    "tipo": "parada_autobus",
    "nombre": "Pg. Such Ortega (Parc d'Elx)",
    "estado_nombre": "correcto",
    "direccion": null,
    "lat": 38.53681,
    "lng": -0.13395,
    "utm_x": 750780.21,
    "utm_y": 4269261.16,
    "utm_huso": 30,
    "fuente": "OpenStreetMap (Overpass)",
    "licencia": "ODbL 1.0",
    "confianza": 23,
    "estado_espacial": "proximo_limite",
    "geometria_origen": "punto_representativo"
   }
  },
  {
   "type": "Feature",
   "geometry": {
    "type": "Point",
    "coordinates": [
     -0.13282,
     38.54031
    ]
   },
   "properties": {
    "id_tecnico": "e67d1753-ecc9-4c2b-a94a-7bcf2f99b5c2",
    "categoria": "equipamientos",
    "tipo": "alimentacion",
    "nombre": "Punjab",
    "estado_nombre": "correcto",
    "direccion": "Avenida de los Almendros 37",
    "lat": 38.54031,
    "lng": -0.13282,
    "utm_x": 750867.09,
    "utm_y": 4269652.7,
    "utm_huso": 30,
    "fuente": "OpenStreetMap (Overpass)",
    "licencia": "ODbL 1.0",
    "confianza": 26,
    "estado_espacial": "valido",
    "geometria_origen": "punto_representativo"
   }
  },
  {
   "type": "Feature",
   "geometry": {
    "type": "Point",
    "coordinates": [
     -0.10007,
     38.55037
    ]
   },
   "properties": {
    "id_tecnico": "e6803865-e246-4d6c-8f87-6f91d9014bc0",
    "categoria": "infraestructuras",
    "tipo": "camping",
    "nombre": "Camping El Racó",
    "estado_nombre": "correcto",
    "direccion": null,
    "lat": 38.55037,
    "lng": -0.10007,
    "utm_x": 753698.21,
    "utm_y": 4270858.61,
    "utm_huso": 30,
    "fuente": "OpenStreetMap (Overpass)",
    "licencia": "ODbL 1.0",
    "confianza": 23,
    "estado_espacial": "valido",
    "geometria_origen": "punto_representativo"
   }
  },
  {
   "type": "Feature",
   "geometry": {
    "type": "Point",
    "coordinates": [
     -0.11291,
     38.54941
    ]
   },
   "properties": {
    "id_tecnico": "e6821df0-e571-493a-8e36-fad2113dfc21",
    "categoria": "infraestructuras",
    "tipo": "parada_autobus",
    "nombre": "358 - ITV",
    "estado_nombre": "correcto",
    "direccion": "Av. Comunitat Valenciana, km 123.1 (ITV)",
    "lat": 38.54941,
    "lng": -0.11291,
    "utm_x": 752578.01,
    "utm_y": 4270716.92,
    "utm_huso": 30,
    "fuente": "Plantilla municipal — Limpieza info (PTM Benidorm)",
    "licencia": "Uso interno del proyecto",
    "confianza": 26,
    "estado_espacial": "valido",
    "geometria_origen": "punto_representativo"
   }
  },
  {
   "type": "Feature",
   "geometry": {
    "type": "Point",
    "coordinates": [
     -0.09296,
     38.56765
    ]
   },
   "properties": {
    "id_tecnico": "e6cddbb6-26a0-4600-895d-f68e3381d37b",
    "categoria": "infraestructuras",
    "tipo": "estacion_ferrocarril",
    "nombre": "l'Alfàs del Pi",
    "estado_nombre": "correcto",
    "direccion": null,
    "lat": 38.56765,
    "lng": -0.09296,
    "utm_x": 754260.15,
    "utm_y": 4272796.15,
    "utm_huso": 30,
    "fuente": "OpenStreetMap (Overpass)",
    "licencia": "ODbL 1.0",
    "confianza": 23,
    "estado_espacial": "proximo_limite",
    "geometria_origen": "punto_representativo"
   }
  },
  {
   "type": "Feature",
   "geometry": {
    "type": "Point",
    "coordinates": [
     -0.16604,
     38.52488
    ]
   },
   "properties": {
    "id_tecnico": "e6f1c2a0-a78a-4ece-b41e-96eec9c29c9b",
    "categoria": "infraestructuras",
    "tipo": "alojamiento",
    "nombre": "Hotel La Cala",
    "estado_nombre": "correcto",
    "direccion": "Avinguda Marina Baixa 10",
    "lat": 38.52488,
    "lng": -0.16604,
    "utm_x": 748012.27,
    "utm_y": 4267850.53,
    "utm_huso": 30,
    "fuente": "OpenStreetMap (Overpass)",
    "licencia": "ODbL 1.0",
    "confianza": 6,
    "estado_espacial": "fuera_municipio",
    "geometria_origen": "punto_representativo"
   }
  },
  {
   "type": "Feature",
   "geometry": {
    "type": "Point",
    "coordinates": [
     -0.16368,
     38.52627
    ]
   },
   "properties": {
    "id_tecnico": "e7014ff6-033b-4610-913a-db72183784c3",
    "categoria": "infraestructuras",
    "tipo": "parada_autobus",
    "nombre": "Llorente Bus",
    "estado_nombre": "correcto",
    "direccion": null,
    "lat": 38.52627,
    "lng": -0.16368,
    "utm_x": 748214.12,
    "utm_y": 4268011.13,
    "utm_huso": 30,
    "fuente": "OpenStreetMap (Overpass)",
    "licencia": "ODbL 1.0",
    "confianza": 23,
    "estado_espacial": "proximo_limite",
    "geometria_origen": "punto_representativo"
   }
  },
  {
   "type": "Feature",
   "geometry": {
    "type": "Point",
    "coordinates": [
     -0.16702,
     38.52951
    ]
   },
   "properties": {
    "id_tecnico": "e7195ff9-792c-4928-b369-3f9f56d4382c",
    "categoria": "infraestructuras",
    "tipo": "alojamiento",
    "nombre": "Apartotel Magic Tropical Splash",
    "estado_nombre": "correcto",
    "direccion": null,
    "lat": 38.52951,
    "lng": -0.16702,
    "utm_x": 747910.78,
    "utm_y": 4268361.8,
    "utm_huso": 30,
    "fuente": "OpenStreetMap (Overpass)",
    "licencia": "ODbL 1.0",
    "confianza": 3,
    "estado_espacial": "fuera_municipio",
    "geometria_origen": "punto_representativo"
   }
  },
  {
   "type": "Feature",
   "geometry": {
    "type": "Point",
    "coordinates": [
     -0.13845,
     38.53736
    ]
   },
   "properties": {
    "id_tecnico": "e72d9c65-d200-49ac-b856-1d59cf61b9f7",
    "categoria": "infraestructuras",
    "tipo": "alojamiento",
    "nombre": "Hotel Villa Del Mar",
    "estado_nombre": "correcto",
    "direccion": null,
    "lat": 38.53736,
    "lng": -0.13845,
    "utm_x": 750384.5,
    "utm_y": 4269310.02,
    "utm_huso": 30,
    "fuente": "OpenStreetMap (Overpass)",
    "licencia": "ODbL 1.0",
    "confianza": 23,
    "estado_espacial": "proximo_limite",
    "geometria_origen": "punto_representativo"
   }
  },
  {
   "type": "Feature",
   "geometry": {
    "type": "Point",
    "coordinates": [
     -0.13547,
     38.54503
    ]
   },
   "properties": {
    "id_tecnico": "e73ac2eb-70c9-4be2-a89b-392588adbb6e",
    "categoria": "equipamientos",
    "tipo": "centro_formacion",
    "nombre": "ESCOLA PRIVADA DE MÚSICA LA NOVA DE BENIDORM",
    "estado_nombre": "correcto",
    "direccion": "CL. VIRGEN DE LA MACARENA (LOCAL 4), 3",
    "lat": 38.54503,
    "lng": -0.13547,
    "utm_x": 750618.98,
    "utm_y": 4270169.42,
    "utm_huso": 30,
    "fuente": "GVA - Centros docentes de la Comunitat Valenciana (ICV WFS)",
    "licencia": "CC BY 4.0",
    "confianza": 29,
    "estado_espacial": "valido",
    "geometria_origen": "punto_representativo"
   }
  },
  {
   "type": "Feature",
   "geometry": {
    "type": "Point",
    "coordinates": [
     -0.17151,
     38.55396
    ]
   },
   "properties": {
    "id_tecnico": "e7e02fd1-5d6e-4b16-9a6c-f6a4ea09ec19",
    "categoria": "infraestructuras",
    "tipo": "parada_autobus",
    "nombre": "95 - Asia - Gardens",
    "estado_nombre": "correcto",
    "direccion": "Av. Eduardo Zaplana (H. Asia Gardens)",
    "lat": 38.55396,
    "lng": -0.17151,
    "utm_x": 747434.96,
    "utm_y": 4271063.59,
    "utm_huso": 30,
    "fuente": "Plantilla municipal — Limpieza info (PTM Benidorm)",
    "licencia": "Uso interno del proyecto",
    "confianza": 26,
    "estado_espacial": "proximo_limite",
    "geometria_origen": "punto_representativo"
   }
  },
  {
   "type": "Feature",
   "geometry": {
    "type": "Point",
    "coordinates": [
     -0.13583,
     38.5466
    ]
   },
   "properties": {
    "id_tecnico": "e7e3fb3d-9ab7-43d6-b340-e88221789b29",
    "categoria": "equipamientos",
    "tipo": "colegio",
    "nombre": "CEIP SERRA D'AITANA",
    "estado_nombre": "correcto",
    "direccion": "CL. CAPITÁN CORTÉS, 12",
    "lat": 38.5466,
    "lng": -0.13583,
    "utm_x": 750582.09,
    "utm_y": 4270342.71,
    "utm_huso": 30,
    "fuente": "GVA - Centros docentes de la Comunitat Valenciana (ICV WFS)",
    "licencia": "CC BY 4.0",
    "confianza": 29,
    "estado_espacial": "valido",
    "geometria_origen": "punto_representativo"
   }
  },
  {
   "type": "Feature",
   "geometry": {
    "type": "Point",
    "coordinates": [
     -0.15781,
     38.5367
    ]
   },
   "properties": {
    "id_tecnico": "e7e7ebb4-6cc3-460e-98b1-579a46ad1673",
    "categoria": "infraestructuras",
    "tipo": "parada_autobus",
    "nombre": "Av. Murtal 3",
    "estado_nombre": "correcto",
    "direccion": null,
    "lat": 38.5367,
    "lng": -0.15781,
    "utm_x": 748692.42,
    "utm_y": 4269184.56,
    "utm_huso": 30,
    "fuente": "OpenStreetMap (Overpass)",
    "licencia": "ODbL 1.0",
    "confianza": 23,
    "estado_espacial": "valido",
    "geometria_origen": "punto_representativo"
   }
  },
  {
   "type": "Feature",
   "geometry": {
    "type": "Point",
    "coordinates": [
     -0.16198,
     38.53289
    ]
   },
   "properties": {
    "id_tecnico": "e7f7d410-0da9-4d50-baaa-80560b7af2ec",
    "categoria": "infraestructuras",
    "tipo": "alojamiento",
    "nombre": "Sonrisa Apartments - Building 2",
    "estado_nombre": "correcto",
    "direccion": "Avinguda de La Vila Joiosa 15",
    "lat": 38.53289,
    "lng": -0.16198,
    "utm_x": 748340.43,
    "utm_y": 4268750.48,
    "utm_huso": 30,
    "fuente": "OpenStreetMap (Overpass)",
    "licencia": "ODbL 1.0",
    "confianza": 26,
    "estado_espacial": "valido",
    "geometria_origen": "punto_representativo"
   }
  },
  {
   "type": "Feature",
   "geometry": {
    "type": "Point",
    "coordinates": [
     -0.11141,
     38.54044
    ]
   },
   "properties": {
    "id_tecnico": "e853e847-1c2e-4fb1-b3b1-28e06252e728",
    "categoria": "equipamientos",
    "tipo": "alimentacion",
    "nombre": "alimentacion node/13871455136",
    "estado_nombre": "correcto",
    "direccion": null,
    "lat": 38.54044,
    "lng": -0.11141,
    "utm_x": 752740.3,
    "utm_y": 4269725.39,
    "utm_huso": 30,
    "fuente": "OpenStreetMap (Overpass)",
    "licencia": "ODbL 1.0",
    "confianza": 23,
    "estado_espacial": "valido",
    "geometria_origen": "punto_representativo"
   }
  },
  {
   "type": "Feature",
   "geometry": {
    "type": "Point",
    "coordinates": [
     -0.08136,
     38.5839
    ]
   },
   "properties": {
    "id_tecnico": "e874ba34-5196-4eda-88ea-4b13fae4b828",
    "categoria": "infraestructuras",
    "tipo": "camping",
    "nombre": "Camperpark Costa Blanca",
    "estado_nombre": "correcto",
    "direccion": null,
    "lat": 38.5839,
    "lng": -0.08136,
    "utm_x": 755218.07,
    "utm_y": 4274631.8,
    "utm_huso": 30,
    "fuente": "OpenStreetMap (Overpass)",
    "licencia": "ODbL 1.0",
    "confianza": 3,
    "estado_espacial": "fuera_municipio",
    "geometria_origen": "punto_representativo"
   }
  },
  {
   "type": "Feature",
   "geometry": {
    "type": "Point",
    "coordinates": [
     -0.12975,
     38.5378
    ]
   },
   "properties": {
    "id_tecnico": "e87532ad-0dd0-4e3c-9c35-6d5f4434072f",
    "categoria": "infraestructuras",
    "tipo": "alojamiento",
    "nombre": "Hotel Mayna",
    "estado_nombre": "correcto",
    "direccion": "Avenida de Ruzafa 25",
    "lat": 38.5378,
    "lng": -0.12975,
    "utm_x": 751144.38,
    "utm_y": 4269382.43,
    "utm_huso": 30,
    "fuente": "OpenStreetMap (Overpass)",
    "licencia": "ODbL 1.0",
    "confianza": 26,
    "estado_espacial": "valido",
    "geometria_origen": "punto_representativo"
   }
  },
  {
   "type": "Feature",
   "geometry": {
    "type": "Point",
    "coordinates": [
     -0.13288,
     38.54238
    ]
   },
   "properties": {
    "id_tecnico": "e8d20886-2258-4af0-a951-fd71b3f97ad0",
    "categoria": "equipamientos",
    "tipo": "alimentacion",
    "nombre": "Muntenia",
    "estado_nombre": "correcto",
    "direccion": "Avinguda del Rei Jaume I 50",
    "lat": 38.54238,
    "lng": -0.13288,
    "utm_x": 750854.73,
    "utm_y": 4269882.3,
    "utm_huso": 30,
    "fuente": "OpenStreetMap (Overpass)",
    "licencia": "ODbL 1.0",
    "confianza": 26,
    "estado_espacial": "valido",
    "geometria_origen": "punto_representativo"
   }
  },
  {
   "type": "Feature",
   "geometry": {
    "type": "Point",
    "coordinates": [
     -0.13353,
     38.53766
    ]
   },
   "properties": {
    "id_tecnico": "e93e35a6-5b4c-43de-96f7-5fb41409e6ea",
    "categoria": "infraestructuras",
    "tipo": "alojamiento",
    "nombre": "Hotel Castillo",
    "estado_nombre": "correcto",
    "direccion": "Carrer Marqués de Comillas",
    "lat": 38.53766,
    "lng": -0.13353,
    "utm_x": 750814.05,
    "utm_y": 4269356.64,
    "utm_huso": 30,
    "fuente": "OpenStreetMap (Overpass)",
    "licencia": "ODbL 1.0",
    "confianza": 26,
    "estado_espacial": "proximo_limite",
    "geometria_origen": "punto_representativo"
   }
  },
  {
   "type": "Feature",
   "geometry": {
    "type": "Point",
    "coordinates": [
     -0.13267,
     38.54275
    ]
   },
   "properties": {
    "id_tecnico": "e9445fbc-0c8f-45d2-8d58-f5b02dcb8a2d",
    "categoria": "infraestructuras",
    "tipo": "parada_autobus",
    "nombre": "Av. Jaume I, 50",
    "estado_nombre": "correcto",
    "direccion": null,
    "lat": 38.54275,
    "lng": -0.13267,
    "utm_x": 750871.83,
    "utm_y": 4269923.94,
    "utm_huso": 30,
    "fuente": "OpenStreetMap (Overpass)",
    "licencia": "ODbL 1.0",
    "confianza": 23,
    "estado_espacial": "valido",
    "geometria_origen": "punto_representativo"
   }
  },
  {
   "type": "Feature",
   "geometry": {
    "type": "Point",
    "coordinates": [
     -0.13118,
     38.54493
    ]
   },
   "properties": {
    "id_tecnico": "e9463c6f-04f4-4b81-8200-4405110cc9a0",
    "categoria": "equipamientos",
    "tipo": "centro_formacion",
    "nombre": "CONSERVATORI PROFESSIONAL DE MÚSICA J. PÉREZ BARCELÓ",
    "estado_nombre": "correcto",
    "direccion": "AV. DE L'AIGÜERA, 10",
    "lat": 38.54493,
    "lng": -0.13118,
    "utm_x": 750994.73,
    "utm_y": 4270169.95,
    "utm_huso": 30,
    "fuente": "GVA - Centros docentes de la Comunitat Valenciana (ICV WFS)",
    "licencia": "CC BY 4.0",
    "confianza": 29,
    "estado_espacial": "valido",
    "geometria_origen": "punto_representativo"
   }
  },
  {
   "type": "Feature",
   "geometry": {
    "type": "Point",
    "coordinates": [
     -0.15527,
     38.53389
    ]
   },
   "properties": {
    "id_tecnico": "e980bef0-2b91-4228-86c6-f25f63b30a44",
    "categoria": "infraestructuras",
    "tipo": "parada_autobus",
    "nombre": "121 - Rte. Chiquitos",
    "estado_nombre": "correcto",
    "direccion": "Av. Vicent Llorca Alós, 11",
    "lat": 38.53389,
    "lng": -0.15527,
    "utm_x": 748924.29,
    "utm_y": 4268879.5,
    "utm_huso": 30,
    "fuente": "Plantilla municipal — Limpieza info (PTM Benidorm)",
    "licencia": "Uso interno del proyecto",
    "confianza": 26,
    "estado_espacial": "proximo_limite",
    "geometria_origen": "punto_representativo"
   }
  },
  {
   "type": "Feature",
   "geometry": {
    "type": "Point",
    "coordinates": [
     -0.12309,
     38.54359
    ]
   },
   "properties": {
    "id_tecnico": "e9ccb03b-11c2-4dc7-b3da-a847bbfd824b",
    "categoria": "equipamientos",
    "tipo": "farmacia",
    "nombre": "Farmacia Jesus Garcia",
    "estado_nombre": "correcto",
    "direccion": "Carrer Finlandia 2",
    "lat": 38.54359,
    "lng": -0.12309,
    "utm_x": 751707.29,
    "utm_y": 4270043.19,
    "utm_huso": 30,
    "fuente": "OpenStreetMap (Overpass)",
    "licencia": "ODbL 1.0",
    "confianza": 26,
    "estado_espacial": "valido",
    "geometria_origen": "punto_representativo"
   }
  },
  {
   "type": "Feature",
   "geometry": {
    "type": "Point",
    "coordinates": [
     -0.13539,
     38.54663
    ]
   },
   "properties": {
    "id_tecnico": "e9f426aa-db1f-4dd8-b61d-7fa91104818d",
    "categoria": "equipamientos",
    "tipo": "colegio",
    "nombre": "CEIP BAUTISTA LLEDÓ",
    "estado_nombre": "correcto",
    "direccion": "CL. CAPITÁN CORTÉS, 12",
    "lat": 38.54663,
    "lng": -0.13539,
    "utm_x": 750620.49,
    "utm_y": 4270347.23,
    "utm_huso": 30,
    "fuente": "GVA - Centros docentes de la Comunitat Valenciana (ICV WFS)",
    "licencia": "CC BY 4.0",
    "confianza": 29,
    "estado_espacial": "valido",
    "geometria_origen": "punto_representativo"
   }
  },
  {
   "type": "Feature",
   "geometry": {
    "type": "Point",
    "coordinates": [
     -0.1728,
     38.53869
    ]
   },
   "properties": {
    "id_tecnico": "ea05b5f3-7d0a-4524-952b-f3673c5961bb",
    "categoria": "servicios_basicos",
    "tipo": "estacion_servicio",
    "nombre": "Repsol",
    "estado_nombre": "correcto",
    "direccion": "Avinguda Federico Garcia Lorca 21",
    "lat": 38.53869,
    "lng": -0.1728,
    "utm_x": 747373.8,
    "utm_y": 4269365.26,
    "utm_huso": 30,
    "fuente": "OpenStreetMap (Overpass)",
    "licencia": "ODbL 1.0",
    "confianza": 9,
    "estado_espacial": "fuera_municipio",
    "geometria_origen": "punto_representativo"
   }
  },
  {
   "type": "Feature",
   "geometry": {
    "type": "Point",
    "coordinates": [
     -0.13133,
     38.54034
    ]
   },
   "properties": {
    "id_tecnico": "ea1750ec-55aa-4c62-9ffe-354c73f4eacf",
    "categoria": "equipamientos",
    "tipo": "alimentacion",
    "nombre": "masymas",
    "estado_nombre": "correcto",
    "direccion": "Carrer de Tomàs Ortuño 72",
    "lat": 38.54034,
    "lng": -0.13133,
    "utm_x": 750997.38,
    "utm_y": 4269660.07,
    "utm_huso": 30,
    "fuente": "OpenStreetMap (Overpass)",
    "licencia": "ODbL 1.0",
    "confianza": 29,
    "estado_espacial": "valido",
    "geometria_origen": "punto_representativo"
   }
  },
  {
   "type": "Feature",
   "geometry": {
    "type": "Point",
    "coordinates": [
     -0.13382,
     38.54147
    ]
   },
   "properties": {
    "id_tecnico": "ea31070a-768c-4e09-894b-46be0a0cd4f8",
    "categoria": "infraestructuras",
    "tipo": "parada_autobus",
    "nombre": "128 - Alfredo Corral",
    "estado_nombre": "correcto",
    "direccion": "Av. Jaume I, 38",
    "lat": 38.54147,
    "lng": -0.13382,
    "utm_x": 750775.59,
    "utm_y": 4269778.75,
    "utm_huso": 30,
    "fuente": "Plantilla municipal — Limpieza info (PTM Benidorm)",
    "licencia": "Uso interno del proyecto",
    "confianza": 26,
    "estado_espacial": "valido",
    "geometria_origen": "punto_representativo"
   }
  },
  {
   "type": "Feature",
   "geometry": {
    "type": "Point",
    "coordinates": [
     -0.13349,
     38.55245
    ]
   },
   "properties": {
    "id_tecnico": "ea336f49-1d28-449f-9432-41ff82b75763",
    "categoria": "medios_recursos",
    "tipo": "base_ambulancias",
    "nombre": "Base de Ambulancias de la Cruz Roja",
    "estado_nombre": "correcto",
    "direccion": null,
    "lat": 38.55245,
    "lng": -0.13349,
    "utm_x": 750766.76,
    "utm_y": 4270998.37,
    "utm_huso": 30,
    "fuente": "OpenStreetMap (Overpass)",
    "licencia": "ODbL 1.0",
    "confianza": 23,
    "estado_espacial": "valido",
    "geometria_origen": "punto_representativo"
   }
  },
  {
   "type": "Feature",
   "geometry": {
    "type": "Point",
    "coordinates": [
     -0.10521,
     38.52805
    ]
   },
   "properties": {
    "id_tecnico": "ea8113d6-f9a6-4ef9-8f31-383f1d72a3f2",
    "categoria": "infraestructuras",
    "tipo": "parada_autobus",
    "nombre": "24",
    "estado_nombre": "por_revisar",
    "direccion": null,
    "lat": 38.52805,
    "lng": -0.10521,
    "utm_x": 753325.84,
    "utm_y": 4268367.11,
    "utm_huso": 30,
    "fuente": "OpenStreetMap (Overpass)",
    "licencia": "ODbL 1.0",
    "confianza": 23,
    "estado_espacial": "proximo_limite",
    "geometria_origen": "punto_representativo"
   }
  },
  {
   "type": "Feature",
   "geometry": {
    "type": "Point",
    "coordinates": [
     -0.13312,
     38.53686
    ]
   },
   "properties": {
    "id_tecnico": "eb019091-1063-425b-ba29-8c187960f864",
    "categoria": "infraestructuras",
    "tipo": "alojamiento",
    "nombre": "Chorrol",
    "estado_nombre": "correcto",
    "direccion": "Costera del Campo 4",
    "lat": 38.53686,
    "lng": -0.13312,
    "utm_x": 750852.68,
    "utm_y": 4269268.96,
    "utm_huso": 30,
    "fuente": "OpenStreetMap (Overpass)",
    "licencia": "ODbL 1.0",
    "confianza": 26,
    "estado_espacial": "proximo_limite",
    "geometria_origen": "punto_representativo"
   }
  },
  {
   "type": "Feature",
   "geometry": {
    "type": "Point",
    "coordinates": [
     -0.10121,
     38.55877
    ]
   },
   "properties": {
    "id_tecnico": "eb1abe38-b10a-4563-bb8a-00f27bc7f5b9",
    "categoria": "servicios_basicos",
    "tipo": "estacion_servicio",
    "nombre": "VCC L'Anouer",
    "estado_nombre": "correcto",
    "direccion": null,
    "lat": 38.55877,
    "lng": -0.10121,
    "utm_x": 753569.28,
    "utm_y": 4271787.85,
    "utm_huso": 30,
    "fuente": "OpenStreetMap (Overpass)",
    "licencia": "ODbL 1.0",
    "confianza": 23,
    "estado_espacial": "valido",
    "geometria_origen": "punto_representativo"
   }
  },
  {
   "type": "Feature",
   "geometry": {
    "type": "Point",
    "coordinates": [
     -0.15158,
     38.5366
    ]
   },
   "properties": {
    "id_tecnico": "eb4a8edd-a3ea-4a2c-839b-32d456dc722a",
    "categoria": "infraestructuras",
    "tipo": "parada_autobus",
    "nombre": "C/ Brasil",
    "estado_nombre": "correcto",
    "direccion": null,
    "lat": 38.5366,
    "lng": -0.15158,
    "utm_x": 749238,
    "utm_y": 4269190.22,
    "utm_huso": 30,
    "fuente": "OpenStreetMap (Overpass)",
    "licencia": "ODbL 1.0",
    "confianza": 23,
    "estado_espacial": "proximo_limite",
    "geometria_origen": "punto_representativo"
   }
  },
  {
   "type": "Feature",
   "geometry": {
    "type": "Point",
    "coordinates": [
     -0.10455,
     38.53711
    ]
   },
   "properties": {
    "id_tecnico": "eb4f3cd6-0b82-4ac6-915a-9442877d4092",
    "categoria": "infraestructuras",
    "tipo": "alojamiento",
    "nombre": "Gala Placidia",
    "estado_nombre": "correcto",
    "direccion": null,
    "lat": 38.53711,
    "lng": -0.10455,
    "utm_x": 753352.19,
    "utm_y": 4269374.53,
    "utm_huso": 30,
    "fuente": "OpenStreetMap (Overpass)",
    "licencia": "ODbL 1.0",
    "confianza": 23,
    "estado_espacial": "valido",
    "geometria_origen": "punto_representativo"
   }
  },
  {
   "type": "Feature",
   "geometry": {
    "type": "Point",
    "coordinates": [
     -0.09984,
     38.54577
    ]
   },
   "properties": {
    "id_tecnico": "eb62cb20-05db-4b31-b29f-03168c500507",
    "categoria": "equipamientos",
    "tipo": "alimentacion",
    "nombre": "Mini Market Muntenia",
    "estado_nombre": "correcto",
    "direccion": null,
    "lat": 38.54577,
    "lng": -0.09984,
    "utm_x": 753734.31,
    "utm_y": 4270348.66,
    "utm_huso": 30,
    "fuente": "OpenStreetMap (Overpass)",
    "licencia": "ODbL 1.0",
    "confianza": 23,
    "estado_espacial": "valido",
    "geometria_origen": "punto_representativo"
   }
  },
  {
   "type": "Feature",
   "geometry": {
    "type": "Point",
    "coordinates": [
     -0.16858,
     38.55498
    ]
   },
   "properties": {
    "id_tecnico": "eb6e6caf-9df7-4478-872d-aa649b67b5c3",
    "categoria": "infraestructuras",
    "tipo": "parada_autobus",
    "nombre": "96 - Zaplana",
    "estado_nombre": "correcto",
    "direccion": "Av. Eduardo Zaplana",
    "lat": 38.55498,
    "lng": -0.16858,
    "utm_x": 747687.86,
    "utm_y": 4271184.65,
    "utm_huso": 30,
    "fuente": "Plantilla municipal — Limpieza info (PTM Benidorm)",
    "licencia": "Uso interno del proyecto",
    "confianza": 26,
    "estado_espacial": "valido",
    "geometria_origen": "punto_representativo"
   }
  },
  {
   "type": "Feature",
   "geometry": {
    "type": "Point",
    "coordinates": [
     -0.1128,
     38.53747
    ]
   },
   "properties": {
    "id_tecnico": "eb893c3f-fdc8-4b16-863e-3f1b9437cdcf",
    "categoria": "equipamientos",
    "tipo": "alimentacion",
    "nombre": "Sunshine",
    "estado_nombre": "correcto",
    "direccion": "Avinguda de Almería",
    "lat": 38.53747,
    "lng": -0.1128,
    "utm_x": 752628.93,
    "utm_y": 4269391.94,
    "utm_huso": 30,
    "fuente": "OpenStreetMap (Overpass)",
    "licencia": "ODbL 1.0",
    "confianza": 26,
    "estado_espacial": "valido",
    "geometria_origen": "punto_representativo"
   }
  },
  {
   "type": "Feature",
   "geometry": {
    "type": "Point",
    "coordinates": [
     -0.13115,
     38.54465
    ]
   },
   "properties": {
    "id_tecnico": "ebcc9693-4ca6-4b4f-ad37-c039fbd94396",
    "categoria": "infraestructuras",
    "tipo": "parada_autobus",
    "nombre": "372 - Aiguera 13",
    "estado_nombre": "correcto",
    "direccion": "Av. l'Aigüera, front 13",
    "lat": 38.54465,
    "lng": -0.13115,
    "utm_x": 750998.32,
    "utm_y": 4270138.95,
    "utm_huso": 30,
    "fuente": "Plantilla municipal — Limpieza info (PTM Benidorm)",
    "licencia": "Uso interno del proyecto",
    "confianza": 26,
    "estado_espacial": "valido",
    "geometria_origen": "punto_representativo"
   }
  },
  {
   "type": "Feature",
   "geometry": {
    "type": "Point",
    "coordinates": [
     -0.1369,
     38.53723
    ]
   },
   "properties": {
    "id_tecnico": "ec310f34-b60b-497c-8f28-8cb54ac31bc2",
    "categoria": "equipamientos",
    "tipo": "alimentacion",
    "nombre": "Banian Super",
    "estado_nombre": "correcto",
    "direccion": "Carrer de Sant Pere",
    "lat": 38.53723,
    "lng": -0.1369,
    "utm_x": 750520.59,
    "utm_y": 4269299.79,
    "utm_huso": 30,
    "fuente": "OpenStreetMap (Overpass)",
    "licencia": "ODbL 1.0",
    "confianza": 26,
    "estado_espacial": "proximo_limite",
    "geometria_origen": "punto_representativo"
   }
  },
  {
   "type": "Feature",
   "geometry": {
    "type": "Point",
    "coordinates": [
     -0.15611,
     38.5344
    ]
   },
   "properties": {
    "id_tecnico": "ec605d97-0b7c-40c7-906f-a12c6ac5c307",
    "categoria": "equipamientos",
    "tipo": "alimentacion",
    "nombre": "alimentacion node/3769144004",
    "estado_nombre": "correcto",
    "direccion": null,
    "lat": 38.5344,
    "lng": -0.15611,
    "utm_x": 748849.04,
    "utm_y": 4268933.84,
    "utm_huso": 30,
    "fuente": "OpenStreetMap (Overpass)",
    "licencia": "ODbL 1.0",
    "confianza": 23,
    "estado_espacial": "proximo_limite",
    "geometria_origen": "punto_representativo"
   }
  },
  {
   "type": "Feature",
   "geometry": {
    "type": "Point",
    "coordinates": [
     -0.11057,
     38.54026
    ]
   },
   "properties": {
    "id_tecnico": "ec640f3b-7f1e-482d-b364-ae816364a273",
    "categoria": "equipamientos",
    "tipo": "alimentacion",
    "nombre": "British Discount Supermarket Costa Less",
    "estado_nombre": "correcto",
    "direccion": "Avinguda de Juan Fuster Zaragoza",
    "lat": 38.54026,
    "lng": -0.11057,
    "utm_x": 752814.43,
    "utm_y": 4269707.71,
    "utm_huso": 30,
    "fuente": "OpenStreetMap (Overpass)",
    "licencia": "ODbL 1.0",
    "confianza": 26,
    "estado_espacial": "valido",
    "geometria_origen": "punto_representativo"
   }
  },
  {
   "type": "Feature",
   "geometry": {
    "type": "Point",
    "coordinates": [
     -0.13089,
     38.5417
    ]
   },
   "properties": {
    "id_tecnico": "ecbd47df-118b-45cd-9236-fb33f1e4ffe6",
    "categoria": "infraestructuras",
    "tipo": "parada_autobus",
    "nombre": "371 - Correos",
    "estado_nombre": "correcto",
    "direccion": "Av. l'Aigüera, front 5",
    "lat": 38.5417,
    "lng": -0.13089,
    "utm_x": 751031.21,
    "utm_y": 4269812.22,
    "utm_huso": 30,
    "fuente": "Plantilla municipal — Limpieza info (PTM Benidorm)",
    "licencia": "Uso interno del proyecto",
    "confianza": 26,
    "estado_espacial": "valido",
    "geometria_origen": "punto_representativo"
   }
  },
  {
   "type": "Feature",
   "geometry": {
    "type": "Point",
    "coordinates": [
     -0.11085,
     38.53597
    ]
   },
   "properties": {
    "id_tecnico": "ed3825de-a65d-4228-aaca-32809eac9448",
    "categoria": "equipamientos",
    "tipo": "alimentacion",
    "nombre": "Ga",
    "estado_nombre": "correcto",
    "direccion": "avenida del Mediterráneo - Avinguda del Mediterranio",
    "lat": 38.53597,
    "lng": -0.11085,
    "utm_x": 752804.78,
    "utm_y": 4269230.77,
    "utm_huso": 30,
    "fuente": "OpenStreetMap (Overpass)",
    "licencia": "ODbL 1.0",
    "confianza": 26,
    "estado_espacial": "proximo_limite",
    "geometria_origen": "punto_representativo"
   }
  },
  {
   "type": "Feature",
   "geometry": {
    "type": "Point",
    "coordinates": [
     -0.12892,
     38.53591
    ]
   },
   "properties": {
    "id_tecnico": "ed5a6c98-3306-4099-9604-ac657401f7c5",
    "categoria": "equipamientos",
    "tipo": "colegio",
    "nombre": "Col·legi Nuestra Señora de los Dolores",
    "estado_nombre": "correcto",
    "direccion": null,
    "lat": 38.53591,
    "lng": -0.12892,
    "utm_x": 751223.52,
    "utm_y": 4269174.9,
    "utm_huso": 30,
    "fuente": "OpenStreetMap (Overpass)",
    "licencia": "ODbL 1.0",
    "confianza": 23,
    "estado_espacial": "proximo_limite",
    "geometria_origen": "punto_representativo"
   }
  },
  {
   "type": "Feature",
   "geometry": {
    "type": "Point",
    "coordinates": [
     -0.12307,
     38.53794
    ]
   },
   "properties": {
    "id_tecnico": "ed6ce153-ee2e-44d0-a919-320616b403eb",
    "categoria": "infraestructuras",
    "tipo": "alojamiento",
    "nombre": "Hotel Benidorm Center",
    "estado_nombre": "correcto",
    "direccion": null,
    "lat": 38.53794,
    "lng": -0.12307,
    "utm_x": 751728.51,
    "utm_y": 4269416.12,
    "utm_huso": 30,
    "fuente": "OpenStreetMap (Overpass)",
    "licencia": "ODbL 1.0",
    "confianza": 23,
    "estado_espacial": "valido",
    "geometria_origen": "punto_representativo"
   }
  },
  {
   "type": "Feature",
   "geometry": {
    "type": "Point",
    "coordinates": [
     -0.12091,
     38.53687
    ]
   },
   "properties": {
    "id_tecnico": "ee22e8e1-2ac5-4e2b-aa59-fecdebd51ed9",
    "categoria": "infraestructuras",
    "tipo": "parada_autobus",
    "nombre": "1, 2, 3, 4, 5, 10, 11, 30",
    "estado_nombre": "correcto",
    "direccion": null,
    "lat": 38.53687,
    "lng": -0.12091,
    "utm_x": 751921.23,
    "utm_y": 4269303.23,
    "utm_huso": 30,
    "fuente": "OpenStreetMap (Overpass)",
    "licencia": "ODbL 1.0",
    "confianza": 23,
    "estado_espacial": "proximo_limite",
    "geometria_origen": "punto_representativo"
   }
  },
  {
   "type": "Feature",
   "geometry": {
    "type": "Point",
    "coordinates": [
     -0.11913,
     38.53894
    ]
   },
   "properties": {
    "id_tecnico": "ee35d956-e1f3-42f2-bb94-91720573e44f",
    "categoria": "equipamientos",
    "tipo": "alimentacion",
    "nombre": "alimentacion node/13914182992",
    "estado_nombre": "correcto",
    "direccion": "Calle de Lepanto",
    "lat": 38.53894,
    "lng": -0.11913,
    "utm_x": 752069.87,
    "utm_y": 4269537.84,
    "utm_huso": 30,
    "fuente": "OpenStreetMap (Overpass)",
    "licencia": "ODbL 1.0",
    "confianza": 26,
    "estado_espacial": "valido",
    "geometria_origen": "punto_representativo"
   }
  },
  {
   "type": "Feature",
   "geometry": {
    "type": "Point",
    "coordinates": [
     -0.1061,
     38.53382
    ]
   },
   "properties": {
    "id_tecnico": "ee59aebe-3222-4b59-aac8-b845bb1ff3a6",
    "categoria": "infraestructuras",
    "tipo": "alojamiento",
    "nombre": "alojamiento way/1427641258",
    "estado_nombre": "correcto",
    "direccion": null,
    "lat": 38.53382,
    "lng": -0.1061,
    "utm_x": 753227.94,
    "utm_y": 4269005.12,
    "utm_huso": 30,
    "fuente": "OpenStreetMap (Overpass)",
    "licencia": "ODbL 1.0",
    "confianza": 23,
    "estado_espacial": "proximo_limite",
    "geometria_origen": "punto_representativo"
   }
  },
  {
   "type": "Feature",
   "geometry": {
    "type": "Point",
    "coordinates": [
     -0.14473,
     38.5404
    ]
   },
   "properties": {
    "id_tecnico": "ee671e3b-e02d-4aa9-894e-dd837ccd0105",
    "categoria": "infraestructuras",
    "tipo": "parada_autobus",
    "nombre": "149 - Ed. Miranda",
    "estado_nombre": "correcto",
    "direccion": "Av. Cuba, 11",
    "lat": 38.5404,
    "lng": -0.14473,
    "utm_x": 749824.5,
    "utm_y": 4269630.47,
    "utm_huso": 30,
    "fuente": "Plantilla municipal — Limpieza info (PTM Benidorm)",
    "licencia": "Uso interno del proyecto",
    "confianza": 26,
    "estado_espacial": "valido",
    "geometria_origen": "punto_representativo"
   }
  },
  {
   "type": "Feature",
   "geometry": {
    "type": "Point",
    "coordinates": [
     -0.13832,
     38.54339
    ]
   },
   "properties": {
    "id_tecnico": "ee7be2f0-dafb-4707-9c36-98e2c301388a",
    "categoria": "infraestructuras",
    "tipo": "parada_autobus",
    "nombre": "382 - C.S. Foietes",
    "estado_nombre": "correcto",
    "direccion": "Av. 9 d'Octubre (Centre de Salut)",
    "lat": 38.54339,
    "lng": -0.13832,
    "utm_x": 750375.21,
    "utm_y": 4269979.67,
    "utm_huso": 30,
    "fuente": "Plantilla municipal — Limpieza info (PTM Benidorm)",
    "licencia": "Uso interno del proyecto",
    "confianza": 26,
    "estado_espacial": "valido",
    "geometria_origen": "punto_representativo"
   }
  },
  {
   "type": "Feature",
   "geometry": {
    "type": "Point",
    "coordinates": [
     -0.10692,
     38.53362
    ]
   },
   "properties": {
    "id_tecnico": "eeeb0b51-d9f3-4711-9cf6-ef6c5c83bc9e",
    "categoria": "equipamientos",
    "tipo": "alimentacion",
    "nombre": "Supermercado Quick Save",
    "estado_nombre": "correcto",
    "direccion": "Avenida de Estocolmo",
    "lat": 38.53362,
    "lng": -0.10692,
    "utm_x": 753156.87,
    "utm_y": 4268980.67,
    "utm_huso": 30,
    "fuente": "OpenStreetMap (Overpass)",
    "licencia": "ODbL 1.0",
    "confianza": 26,
    "estado_espacial": "proximo_limite",
    "geometria_origen": "punto_representativo"
   }
  },
  {
   "type": "Feature",
   "geometry": {
    "type": "Point",
    "coordinates": [
     -0.10251,
     38.54308
    ]
   },
   "properties": {
    "id_tecnico": "ef2ae44f-e9a0-4e32-83ce-c0f8fbdc6f28",
    "categoria": "servicios_basicos",
    "tipo": "estacion_servicio",
    "nombre": "BP",
    "estado_nombre": "correcto",
    "direccion": null,
    "lat": 38.54308,
    "lng": -0.10251,
    "utm_x": 753510.01,
    "utm_y": 4270042.76,
    "utm_huso": 30,
    "fuente": "OpenStreetMap (Overpass)",
    "licencia": "ODbL 1.0",
    "confianza": 23,
    "estado_espacial": "valido",
    "geometria_origen": "punto_representativo"
   }
  },
  {
   "type": "Feature",
   "geometry": {
    "type": "Point",
    "coordinates": [
     -0.10218,
     38.53758
    ]
   },
   "properties": {
    "id_tecnico": "ef6b37b7-2260-49e3-976d-05e8f2598391",
    "categoria": "infraestructuras",
    "tipo": "parada_autobus",
    "nombre": "Av. París, 5",
    "estado_nombre": "correcto",
    "direccion": null,
    "lat": 38.53758,
    "lng": -0.10218,
    "utm_x": 753557.98,
    "utm_y": 4269433.19,
    "utm_huso": 30,
    "fuente": "OpenStreetMap (Overpass)",
    "licencia": "ODbL 1.0",
    "confianza": 23,
    "estado_espacial": "valido",
    "geometria_origen": "punto_representativo"
   }
  },
  {
   "type": "Feature",
   "geometry": {
    "type": "Point",
    "coordinates": [
     -0.11435,
     38.53781
    ]
   },
   "properties": {
    "id_tecnico": "efba3e03-dad8-424d-b797-47ef42e3d844",
    "categoria": "equipamientos",
    "tipo": "alimentacion",
    "nombre": "Trebol",
    "estado_nombre": "correcto",
    "direccion": null,
    "lat": 38.53781,
    "lng": -0.11435,
    "utm_x": 752492.1,
    "utm_y": 4269425.45,
    "utm_huso": 30,
    "fuente": "OpenStreetMap (Overpass)",
    "licencia": "ODbL 1.0",
    "confianza": 23,
    "estado_espacial": "valido",
    "geometria_origen": "punto_representativo"
   }
  },
  {
   "type": "Feature",
   "geometry": {
    "type": "Point",
    "coordinates": [
     -0.11711,
     38.53646
    ]
   },
   "properties": {
    "id_tecnico": "efc08296-7e1d-4b26-b61c-46fa3d537700",
    "categoria": "infraestructuras",
    "tipo": "parada_autobus",
    "nombre": "Av. Mediterráneo, 38",
    "estado_nombre": "correcto",
    "direccion": null,
    "lat": 38.53646,
    "lng": -0.11711,
    "utm_x": 752255.22,
    "utm_y": 4269268.08,
    "utm_huso": 30,
    "fuente": "OpenStreetMap (Overpass)",
    "licencia": "ODbL 1.0",
    "confianza": 23,
    "estado_espacial": "proximo_limite",
    "geometria_origen": "punto_representativo"
   }
  },
  {
   "type": "Feature",
   "geometry": {
    "type": "Point",
    "coordinates": [
     -0.13495,
     38.54246
    ]
   },
   "properties": {
    "id_tecnico": "efd75ef2-85d7-4011-9e48-b431f59a1769",
    "categoria": "infraestructuras",
    "tipo": "alojamiento",
    "nombre": "Hotel Sol y Sombra",
    "estado_nombre": "correcto",
    "direccion": null,
    "lat": 38.54246,
    "lng": -0.13495,
    "utm_x": 750673.3,
    "utm_y": 4269885.57,
    "utm_huso": 30,
    "fuente": "OpenStreetMap (Overpass)",
    "licencia": "ODbL 1.0",
    "confianza": 23,
    "estado_espacial": "valido",
    "geometria_origen": "punto_representativo"
   }
  },
  {
   "type": "Feature",
   "geometry": {
    "type": "Point",
    "coordinates": [
     -0.17337,
     38.53477
    ]
   },
   "properties": {
    "id_tecnico": "f03c68ec-ccc1-4c20-bdc8-f71272b91fa5",
    "categoria": "equipamientos",
    "tipo": "alimentacion",
    "nombre": "Family Cash",
    "estado_nombre": "correcto",
    "direccion": "Carrer Rei Jaume I 4",
    "lat": 38.53477,
    "lng": -0.17337,
    "utm_x": 747337.19,
    "utm_y": 4268928.64,
    "utm_huso": 30,
    "fuente": "OpenStreetMap (Overpass)",
    "licencia": "ODbL 1.0",
    "confianza": 6,
    "estado_espacial": "fuera_municipio",
    "geometria_origen": "punto_representativo"
   }
  },
  {
   "type": "Feature",
   "geometry": {
    "type": "Point",
    "coordinates": [
     -0.13071,
     38.53484
    ]
   },
   "properties": {
    "id_tecnico": "f050d4e5-6ae2-4b74-95d9-56b6132fd089",
    "categoria": "infraestructuras",
    "tipo": "alojamiento",
    "nombre": "Hotel Centro Mar",
    "estado_nombre": "correcto",
    "direccion": "Carrer Major 16",
    "lat": 38.53484,
    "lng": -0.13071,
    "utm_x": 751070.54,
    "utm_y": 4269051.28,
    "utm_huso": 30,
    "fuente": "OpenStreetMap (Overpass)",
    "licencia": "ODbL 1.0",
    "confianza": 26,
    "estado_espacial": "proximo_limite",
    "geometria_origen": "punto_representativo"
   }
  },
  {
   "type": "Feature",
   "geometry": {
    "type": "Point",
    "coordinates": [
     -0.13876,
     38.54156
    ]
   },
   "properties": {
    "id_tecnico": "f0f6fd97-3f30-4d4d-bd03-de0860e3d02e",
    "categoria": "infraestructuras",
    "tipo": "alojamiento",
    "nombre": "Hotel Cabana",
    "estado_nombre": "correcto",
    "direccion": null,
    "lat": 38.54156,
    "lng": -0.13876,
    "utm_x": 750342.97,
    "utm_y": 4269775.36,
    "utm_huso": 30,
    "fuente": "OpenStreetMap (Overpass)",
    "licencia": "ODbL 1.0",
    "confianza": 23,
    "estado_espacial": "valido",
    "geometria_origen": "punto_representativo"
   }
  },
  {
   "type": "Feature",
   "geometry": {
    "type": "Point",
    "coordinates": [
     -0.12876,
     38.53752
    ]
   },
   "properties": {
    "id_tecnico": "f142da14-dba5-4430-ab84-281fdffb7735",
    "categoria": "equipamientos",
    "tipo": "alimentacion",
    "nombre": "Consum",
    "estado_nombre": "correcto",
    "direccion": "Carrer de les Ferreries 3",
    "lat": 38.53752,
    "lng": -0.12876,
    "utm_x": 751231.98,
    "utm_y": 4269354.04,
    "utm_huso": 30,
    "fuente": "OpenStreetMap (Overpass)",
    "licencia": "ODbL 1.0",
    "confianza": 26,
    "estado_espacial": "valido",
    "geometria_origen": "punto_representativo"
   }
  },
  {
   "type": "Feature",
   "geometry": {
    "type": "Point",
    "coordinates": [
     -0.13256,
     38.54454
    ]
   },
   "properties": {
    "id_tecnico": "f191cd5a-d47a-4e6c-a775-669d00493292",
    "categoria": "infraestructuras",
    "tipo": "parada_autobus",
    "nombre": "153 - Hacienda",
    "estado_nombre": "correcto",
    "direccion": "Av. Beniardà, 4",
    "lat": 38.54454,
    "lng": -0.13256,
    "utm_x": 750875.31,
    "utm_y": 4270122.92,
    "utm_huso": 30,
    "fuente": "Plantilla municipal — Limpieza info (PTM Benidorm)",
    "licencia": "Uso interno del proyecto",
    "confianza": 26,
    "estado_espacial": "valido",
    "geometria_origen": "punto_representativo"
   }
  },
  {
   "type": "Feature",
   "geometry": {
    "type": "Point",
    "coordinates": [
     -0.10093,
     38.55856
    ]
   },
   "properties": {
    "id_tecnico": "f1a7e0ab-c610-41ab-a63f-e4cb9a089083",
    "categoria": "infraestructuras",
    "tipo": "parada_autobus",
    "nombre": "223 - El Anouer",
    "estado_nombre": "correcto",
    "direccion": "Av. Comunitat Valenciana, km 124.6",
    "lat": 38.55856,
    "lng": -0.10093,
    "utm_x": 753594.51,
    "utm_y": 4271765.31,
    "utm_huso": 30,
    "fuente": "Plantilla municipal — Limpieza info (PTM Benidorm)",
    "licencia": "Uso interno del proyecto",
    "confianza": 26,
    "estado_espacial": "valido",
    "geometria_origen": "punto_representativo"
   }
  },
  {
   "type": "Feature",
   "geometry": {
    "type": "Point",
    "coordinates": [
     -0.10619,
     38.53541
    ]
   },
   "properties": {
    "id_tecnico": "f1a83c6b-700e-4a7b-995a-79cd9a90dbaa",
    "categoria": "infraestructuras",
    "tipo": "alojamiento",
    "nombre": "Dynastic Rooms",
    "estado_nombre": "correcto",
    "direccion": null,
    "lat": 38.53541,
    "lng": -0.10619,
    "utm_x": 753214.55,
    "utm_y": 4269181.35,
    "utm_huso": 30,
    "fuente": "OpenStreetMap (Overpass)",
    "licencia": "ODbL 1.0",
    "confianza": 23,
    "estado_espacial": "valido",
    "geometria_origen": "punto_representativo"
   }
  },
  {
   "type": "Feature",
   "geometry": {
    "type": "Point",
    "coordinates": [
     -0.13201,
     38.53495
    ]
   },
   "properties": {
    "id_tecnico": "f1f47611-e5f9-4480-8325-8e29a6b0b186",
    "categoria": "infraestructuras",
    "tipo": "alojamiento",
    "nombre": "La Mar",
    "estado_nombre": "correcto",
    "direccion": "Carrer del Condestable Zaragoza 38",
    "lat": 38.53495,
    "lng": -0.13201,
    "utm_x": 750956.38,
    "utm_y": 4269059.97,
    "utm_huso": 30,
    "fuente": "OpenStreetMap (Overpass)",
    "licencia": "ODbL 1.0",
    "confianza": 26,
    "estado_espacial": "proximo_limite",
    "geometria_origen": "punto_representativo"
   }
  },
  {
   "type": "Feature",
   "geometry": {
    "type": "Point",
    "coordinates": [
     -0.09785,
     38.54962
    ]
   },
   "properties": {
    "id_tecnico": "f213f207-6d15-4031-854f-f9f68638daad",
    "categoria": "infraestructuras",
    "tipo": "parada_autobus",
    "nombre": "227 - C. El Racó",
    "estado_nombre": "correcto",
    "direccion": "Av. Severo Ochoa, 19 (Càmping el Racó)",
    "lat": 38.54962,
    "lng": -0.09785,
    "utm_x": 753895.07,
    "utm_y": 4270781.45,
    "utm_huso": 30,
    "fuente": "Plantilla municipal — Limpieza info (PTM Benidorm)",
    "licencia": "Uso interno del proyecto",
    "confianza": 26,
    "estado_espacial": "valido",
    "geometria_origen": "punto_representativo"
   }
  },
  {
   "type": "Feature",
   "geometry": {
    "type": "Point",
    "coordinates": [
     -0.14,
     38.54508
    ]
   },
   "properties": {
    "id_tecnico": "f2a5e22c-eff4-4ca5-9c2e-ee7b5c899540",
    "categoria": "infraestructuras",
    "tipo": "parada_autobus",
    "nombre": "381 - Residencia",
    "estado_nombre": "correcto",
    "direccion": "Av. 9 d'Octubre (Residència)",
    "lat": 38.54508,
    "lng": -0.14,
    "utm_x": 750222.4,
    "utm_y": 4270162.71,
    "utm_huso": 30,
    "fuente": "Plantilla municipal — Limpieza info (PTM Benidorm)",
    "licencia": "Uso interno del proyecto",
    "confianza": 26,
    "estado_espacial": "valido",
    "geometria_origen": "punto_representativo"
   }
  },
  {
   "type": "Feature",
   "geometry": {
    "type": "Point",
    "coordinates": [
     -0.14088,
     38.56136
    ]
   },
   "properties": {
    "id_tecnico": "f320e345-5d06-4279-acfe-2cd3a8f8f285",
    "categoria": "infraestructuras",
    "tipo": "parada_autobus",
    "nombre": "parada autobus node/4658976407",
    "estado_nombre": "correcto",
    "direccion": null,
    "lat": 38.56136,
    "lng": -0.14088,
    "utm_x": 750089.62,
    "utm_y": 4271967.33,
    "utm_huso": 30,
    "fuente": "OpenStreetMap (Overpass)",
    "licencia": "ODbL 1.0",
    "confianza": 23,
    "estado_espacial": "valido",
    "geometria_origen": "punto_representativo"
   }
  },
  {
   "type": "Feature",
   "geometry": {
    "type": "Point",
    "coordinates": [
     -0.09673,
     38.5712
    ]
   },
   "properties": {
    "id_tecnico": "f33e7293-c3af-45a6-a0d3-6699624a2a5c",
    "categoria": "servicios_basicos",
    "tipo": "estacion_servicio",
    "nombre": "BP",
    "estado_nombre": "correcto",
    "direccion": null,
    "lat": 38.5712,
    "lng": -0.09673,
    "utm_x": 753917.99,
    "utm_y": 4273179.82,
    "utm_huso": 30,
    "fuente": "OpenStreetMap (Overpass)",
    "licencia": "ODbL 1.0",
    "confianza": 3,
    "estado_espacial": "fuera_municipio",
    "geometria_origen": "punto_representativo"
   }
  },
  {
   "type": "Feature",
   "geometry": {
    "type": "Point",
    "coordinates": [
     -0.13571,
     38.54553
    ]
   },
   "properties": {
    "id_tecnico": "f36b83ad-945c-43de-b935-eddeeac94521",
    "categoria": "equipamientos",
    "tipo": "biblioteca",
    "nombre": "Biblioteca Pública Municipal Foietes Benidorm",
    "estado_nombre": "correcto",
    "direccion": null,
    "lat": 38.54553,
    "lng": -0.13571,
    "utm_x": 750596.26,
    "utm_y": 4270224.27,
    "utm_huso": 30,
    "fuente": "OpenStreetMap (Overpass)",
    "licencia": "ODbL 1.0",
    "confianza": 23,
    "estado_espacial": "valido",
    "geometria_origen": "punto_representativo"
   }
  },
  {
   "type": "Feature",
   "geometry": {
    "type": "Point",
    "coordinates": [
     -0.13428,
     38.54125
    ]
   },
   "properties": {
    "id_tecnico": "f3a403e7-e2f2-461b-be2a-c1552d7c0a52",
    "categoria": "infraestructuras",
    "tipo": "parada_autobus",
    "nombre": "Av. Jaume I, 19",
    "estado_nombre": "correcto",
    "direccion": null,
    "lat": 38.54125,
    "lng": -0.13428,
    "utm_x": 750736.09,
    "utm_y": 4269753.08,
    "utm_huso": 30,
    "fuente": "OpenStreetMap (Overpass)",
    "licencia": "ODbL 1.0",
    "confianza": 23,
    "estado_espacial": "valido",
    "geometria_origen": "punto_representativo"
   }
  },
  {
   "type": "Feature",
   "geometry": {
    "type": "Point",
    "coordinates": [
     -0.10598,
     38.54076
    ]
   },
   "properties": {
    "id_tecnico": "f3c95106-34cd-4e24-9e6f-c8141b0fe63b",
    "categoria": "infraestructuras",
    "tipo": "parada_autobus",
    "nombre": "C/ Ramón y Cajal, 5 (Hospital Levante)",
    "estado_nombre": "correcto",
    "direccion": null,
    "lat": 38.54076,
    "lng": -0.10598,
    "utm_x": 753214.39,
    "utm_y": 4269775.75,
    "utm_huso": 30,
    "fuente": "OpenStreetMap (Overpass)",
    "licencia": "ODbL 1.0",
    "confianza": 23,
    "estado_espacial": "valido",
    "geometria_origen": "punto_representativo"
   }
  },
  {
   "type": "Feature",
   "geometry": {
    "type": "Point",
    "coordinates": [
     -0.11102,
     38.53445
    ]
   },
   "properties": {
    "id_tecnico": "f3eda46b-2b2c-47fe-a310-eba90b1a3f14",
    "categoria": "equipamientos",
    "tipo": "consultorio",
    "nombre": "Socorrismo",
    "estado_nombre": "correcto",
    "direccion": null,
    "lat": 38.53445,
    "lng": -0.11102,
    "utm_x": 752795.16,
    "utm_y": 4269061.59,
    "utm_huso": 30,
    "fuente": "OpenStreetMap (Overpass)",
    "licencia": "ODbL 1.0",
    "confianza": 23,
    "estado_espacial": "proximo_limite",
    "geometria_origen": "punto_representativo"
   }
  },
  {
   "type": "Feature",
   "geometry": {
    "type": "Point",
    "coordinates": [
     -0.10747,
     38.53743
    ]
   },
   "properties": {
    "id_tecnico": "f44f94fc-3b9c-4956-b4ea-7611d0379a81",
    "categoria": "equipamientos",
    "tipo": "farmacia",
    "nombre": "FARMACIA LDO. JOSE PASCUAL NAVARRO",
    "estado_nombre": "correcto",
    "direccion": null,
    "lat": 38.53743,
    "lng": -0.10747,
    "utm_x": 753095.53,
    "utm_y": 4269402.06,
    "utm_huso": 30,
    "fuente": "OpenStreetMap (Overpass)",
    "licencia": "ODbL 1.0",
    "confianza": 23,
    "estado_espacial": "valido",
    "geometria_origen": "punto_representativo"
   }
  },
  {
   "type": "Feature",
   "geometry": {
    "type": "Point",
    "coordinates": [
     -0.16261,
     38.53533
    ]
   },
   "properties": {
    "id_tecnico": "f4823de4-f8b5-4a04-bc3e-bed3a7273abf",
    "categoria": "infraestructuras",
    "tipo": "parada_autobus",
    "nombre": "144 - Marina Alta 6",
    "estado_nombre": "correcto",
    "direccion": "Av. Marina Alta, 6",
    "lat": 38.53533,
    "lng": -0.16261,
    "utm_x": 748277,
    "utm_y": 4269019.61,
    "utm_huso": 30,
    "fuente": "Plantilla municipal — Limpieza info (PTM Benidorm)",
    "licencia": "Uso interno del proyecto",
    "confianza": 26,
    "estado_espacial": "valido",
    "geometria_origen": "punto_representativo"
   }
  },
  {
   "type": "Feature",
   "geometry": {
    "type": "Point",
    "coordinates": [
     -0.12218,
     38.5475
    ]
   },
   "properties": {
    "id_tecnico": "f499c5b9-84d7-4dab-9f1c-275ed0ab860c",
    "categoria": "equipamientos",
    "tipo": "escuela_infantil",
    "nombre": "Escola Infantil de 1r Cicle les Fontanelles",
    "estado_nombre": "correcto",
    "direccion": null,
    "lat": 38.5475,
    "lng": -0.12218,
    "utm_x": 751773.44,
    "utm_y": 4270479.66,
    "utm_huso": 30,
    "fuente": "OpenStreetMap (Overpass)",
    "licencia": "ODbL 1.0",
    "confianza": 26,
    "estado_espacial": "valido",
    "geometria_origen": "punto_representativo"
   }
  },
  {
   "type": "Feature",
   "geometry": {
    "type": "Point",
    "coordinates": [
     -0.11409,
     38.56461
    ]
   },
   "properties": {
    "id_tecnico": "f4e310da-28e0-4c23-a512-e0a4a573852d",
    "categoria": "infraestructuras",
    "tipo": "parada_autobus",
    "nombre": "276 - Cementerio",
    "estado_nombre": "correcto",
    "direccion": "Partida el Marxasso (Cementeri)",
    "lat": 38.56461,
    "lng": -0.11409,
    "utm_x": 752422.19,
    "utm_y": 4272400.84,
    "utm_huso": 30,
    "fuente": "Plantilla municipal — Limpieza info (PTM Benidorm)",
    "licencia": "Uso interno del proyecto",
    "confianza": 26,
    "estado_espacial": "valido",
    "geometria_origen": "punto_representativo"
   }
  },
  {
   "type": "Feature",
   "geometry": {
    "type": "Point",
    "coordinates": [
     -0.11726,
     38.53668
    ]
   },
   "properties": {
    "id_tecnico": "f4e6792e-b4ba-45df-ba05-0091e5af4d02",
    "categoria": "infraestructuras",
    "tipo": "parada_autobus",
    "nombre": "238 - Farmacia 24h",
    "estado_nombre": "correcto",
    "direccion": "Av. Mediterráneo, 23",
    "lat": 38.53668,
    "lng": -0.11726,
    "utm_x": 752241.33,
    "utm_y": 4269292.09,
    "utm_huso": 30,
    "fuente": "Plantilla municipal — Limpieza info (PTM Benidorm)",
    "licencia": "Uso interno del proyecto",
    "confianza": 26,
    "estado_espacial": "proximo_limite",
    "geometria_origen": "punto_representativo"
   }
  },
  {
   "type": "Feature",
   "geometry": {
    "type": "Point",
    "coordinates": [
     -0.11103,
     38.53567
    ]
   },
   "properties": {
    "id_tecnico": "f555df76-1efa-46b7-a719-b962f991dc95",
    "categoria": "equipamientos",
    "tipo": "farmacia",
    "nombre": "farmacia node/4406849713",
    "estado_nombre": "correcto",
    "direccion": "avenida del Mediterráneo - Avinguda del Mediterranio 56",
    "lat": 38.53567,
    "lng": -0.11103,
    "utm_x": 752790.06,
    "utm_y": 4269196.98,
    "utm_huso": 30,
    "fuente": "OpenStreetMap (Overpass)",
    "licencia": "ODbL 1.0",
    "confianza": 26,
    "estado_espacial": "proximo_limite",
    "geometria_origen": "punto_representativo"
   }
  },
  {
   "type": "Feature",
   "geometry": {
    "type": "Point",
    "coordinates": [
     -0.09154,
     38.54445
    ]
   },
   "properties": {
    "id_tecnico": "f5b1d68e-9453-4934-a13a-b33093055dd6",
    "categoria": "infraestructuras",
    "tipo": "parada_autobus",
    "nombre": "272 - Ciudad Patricia",
    "estado_nombre": "correcto",
    "direccion": "C/ Romania, 26 (Ciudad Patricia)",
    "lat": 38.54445,
    "lng": -0.09154,
    "utm_x": 754465.23,
    "utm_y": 4270224.94,
    "utm_huso": 30,
    "fuente": "Plantilla municipal — Limpieza info (PTM Benidorm)",
    "licencia": "Uso interno del proyecto",
    "confianza": 26,
    "estado_espacial": "valido",
    "geometria_origen": "punto_representativo"
   }
  },
  {
   "type": "Feature",
   "geometry": {
    "type": "Point",
    "coordinates": [
     -0.12964,
     38.5372
    ]
   },
   "properties": {
    "id_tecnico": "f5d4065f-46ef-4445-940d-cb235649dafa",
    "categoria": "equipamientos",
    "tipo": "alimentacion",
    "nombre": "Best Choice",
    "estado_nombre": "correcto",
    "direccion": "Carrer de Sant Roc",
    "lat": 38.5372,
    "lng": -0.12964,
    "utm_x": 751156.07,
    "utm_y": 4269316.13,
    "utm_huso": 30,
    "fuente": "OpenStreetMap (Overpass)",
    "licencia": "ODbL 1.0",
    "confianza": 26,
    "estado_espacial": "valido",
    "geometria_origen": "punto_representativo"
   }
  },
  {
   "type": "Feature",
   "geometry": {
    "type": "Point",
    "coordinates": [
     -0.1551,
     38.56561
    ]
   },
   "properties": {
    "id_tecnico": "f5ddb72d-8126-4db2-a27c-2a08e29e15d1",
    "categoria": "infraestructuras",
    "tipo": "helipuerto",
    "nombre": "helipuerto way/185327537",
    "estado_nombre": "correcto",
    "direccion": null,
    "lat": 38.56561,
    "lng": -0.1551,
    "utm_x": 748831.06,
    "utm_y": 4272400.7,
    "utm_huso": 30,
    "fuente": "OpenStreetMap (Overpass)",
    "licencia": "ODbL 1.0",
    "confianza": 23,
    "estado_espacial": "valido",
    "geometria_origen": "punto_representativo"
   }
  },
  {
   "type": "Feature",
   "geometry": {
    "type": "Point",
    "coordinates": [
     -0.15603,
     38.55634
    ]
   },
   "properties": {
    "id_tecnico": "f60504ab-f62e-44c5-8ad3-f988d18a6b66",
    "categoria": "infraestructuras",
    "tipo": "parada_autobus",
    "nombre": "Av. Eduardo Zaplana",
    "estado_nombre": "correcto",
    "direccion": null,
    "lat": 38.55634,
    "lng": -0.15603,
    "utm_x": 748781.29,
    "utm_y": 4271369.28,
    "utm_huso": 30,
    "fuente": "OpenStreetMap (Overpass)",
    "licencia": "ODbL 1.0",
    "confianza": 23,
    "estado_espacial": "valido",
    "geometria_origen": "punto_representativo"
   }
  },
  {
   "type": "Feature",
   "geometry": {
    "type": "Point",
    "coordinates": [
     -0.08306,
     38.56774
    ]
   },
   "properties": {
    "id_tecnico": "f63cbd76-e9dd-4f10-bbff-d09fe7e089cd",
    "categoria": "servicios_basicos",
    "tipo": "estacion_servicio",
    "nombre": "Galp",
    "estado_nombre": "correcto",
    "direccion": "AP-1535 KM 2.000",
    "lat": 38.56774,
    "lng": -0.08306,
    "utm_x": 755125.9,
    "utm_y": 4272833.4,
    "utm_huso": 30,
    "fuente": "OpenStreetMap (Overpass)",
    "licencia": "ODbL 1.0",
    "confianza": 12,
    "estado_espacial": "fuera_municipio",
    "geometria_origen": "punto_representativo"
   }
  },
  {
   "type": "Feature",
   "geometry": {
    "type": "Point",
    "coordinates": [
     -0.17271,
     38.53296
    ]
   },
   "properties": {
    "id_tecnico": "f66187be-db97-469e-8645-4190473dd26d",
    "categoria": "servicios_basicos",
    "tipo": "estacion_servicio",
    "nombre": "Petroprix",
    "estado_nombre": "correcto",
    "direccion": null,
    "lat": 38.53296,
    "lng": -0.17271,
    "utm_x": 747401.08,
    "utm_y": 4268729.51,
    "utm_huso": 30,
    "fuente": "OpenStreetMap (Overpass)",
    "licencia": "ODbL 1.0",
    "confianza": 6,
    "estado_espacial": "fuera_municipio",
    "geometria_origen": "punto_representativo"
   }
  },
  {
   "type": "Feature",
   "geometry": {
    "type": "Point",
    "coordinates": [
     -0.14584,
     38.54058
    ]
   },
   "properties": {
    "id_tecnico": "f67021e2-6af8-4c90-9857-e2265a9df972",
    "categoria": "infraestructuras",
    "tipo": "parada_autobus",
    "nombre": "140 - Cuba 6",
    "estado_nombre": "correcto",
    "direccion": "Av. Cuba, 6",
    "lat": 38.54058,
    "lng": -0.14584,
    "utm_x": 749726.74,
    "utm_y": 4269647.45,
    "utm_huso": 30,
    "fuente": "Plantilla municipal — Limpieza info (PTM Benidorm)",
    "licencia": "Uso interno del proyecto",
    "confianza": 26,
    "estado_espacial": "valido",
    "geometria_origen": "punto_representativo"
   }
  },
  {
   "type": "Feature",
   "geometry": {
    "type": "Point",
    "coordinates": [
     -0.13582,
     38.54528
    ]
   },
   "properties": {
    "id_tecnico": "f67e6ba7-a627-43ca-800d-631f17e028b2",
    "categoria": "infraestructuras",
    "tipo": "parada_autobus",
    "nombre": "26",
    "estado_nombre": "por_revisar",
    "direccion": null,
    "lat": 38.54528,
    "lng": -0.13582,
    "utm_x": 750587.49,
    "utm_y": 4270196.22,
    "utm_huso": 30,
    "fuente": "OpenStreetMap (Overpass)",
    "licencia": "ODbL 1.0",
    "confianza": 23,
    "estado_espacial": "valido",
    "geometria_origen": "punto_representativo"
   }
  },
  {
   "type": "Feature",
   "geometry": {
    "type": "Point",
    "coordinates": [
     -0.10389,
     38.53404
    ]
   },
   "properties": {
    "id_tecnico": "f6f33ac9-b122-4a40-8824-3cd3248db437",
    "categoria": "infraestructuras",
    "tipo": "parada_autobus",
    "nombre": "Av. Montecarlo, 1",
    "estado_nombre": "correcto",
    "direccion": null,
    "lat": 38.53404,
    "lng": -0.10389,
    "utm_x": 753420.6,
    "utm_y": 4269035.58,
    "utm_huso": 30,
    "fuente": "OpenStreetMap (Overpass)",
    "licencia": "ODbL 1.0",
    "confianza": 23,
    "estado_espacial": "valido",
    "geometria_origen": "punto_representativo"
   }
  },
  {
   "type": "Feature",
   "geometry": {
    "type": "Point",
    "coordinates": [
     -0.09348,
     38.57898
    ]
   },
   "properties": {
    "id_tecnico": "f71e9559-0501-42e8-b04b-fa7393fee811",
    "categoria": "equipamientos",
    "tipo": "alimentacion",
    "nombre": "Costablanca",
    "estado_nombre": "correcto",
    "direccion": null,
    "lat": 38.57898,
    "lng": -0.09348,
    "utm_x": 754175.18,
    "utm_y": 4274052.31,
    "utm_huso": 30,
    "fuente": "OpenStreetMap (Overpass)",
    "licencia": "ODbL 1.0",
    "confianza": 3,
    "estado_espacial": "fuera_municipio",
    "geometria_origen": "punto_representativo"
   }
  },
  {
   "type": "Feature",
   "geometry": {
    "type": "Point",
    "coordinates": [
     -0.14088,
     38.56136
    ]
   },
   "properties": {
    "id_tecnico": "f74fb379-d45c-4153-ba34-99c7e30e7131",
    "categoria": "infraestructuras",
    "tipo": "parada_autobus",
    "nombre": "181 - fr. H.Villaitana",
    "estado_nombre": "correcto",
    "direccion": "Av. Eduardo Zaplana",
    "lat": 38.56136,
    "lng": -0.14088,
    "utm_x": 750089.62,
    "utm_y": 4271967.33,
    "utm_huso": 30,
    "fuente": "Plantilla municipal — Limpieza info (PTM Benidorm)",
    "licencia": "Uso interno del proyecto",
    "confianza": 26,
    "estado_espacial": "valido",
    "geometria_origen": "punto_representativo"
   }
  },
  {
   "type": "Feature",
   "geometry": {
    "type": "Point",
    "coordinates": [
     -0.12346,
     38.53789
    ]
   },
   "properties": {
    "id_tecnico": "f7be83b6-c97b-4429-a279-7e7b023ea77f",
    "categoria": "equipamientos",
    "tipo": "alimentacion",
    "nombre": "Easy Life",
    "estado_nombre": "correcto",
    "direccion": "Avenida del Doctor Orts Llorca",
    "lat": 38.53789,
    "lng": -0.12346,
    "utm_x": 751694.55,
    "utm_y": 4269409.51,
    "utm_huso": 30,
    "fuente": "OpenStreetMap (Overpass)",
    "licencia": "ODbL 1.0",
    "confianza": 26,
    "estado_espacial": "valido",
    "geometria_origen": "punto_representativo"
   }
  },
  {
   "type": "Feature",
   "geometry": {
    "type": "Point",
    "coordinates": [
     -0.13314,
     38.54563
    ]
   },
   "properties": {
    "id_tecnico": "f7efa4d1-989d-4f08-bee5-f6882142acce",
    "categoria": "equipamientos",
    "tipo": "centro_salud",
    "nombre": "centro_salud node/4792962373",
    "estado_nombre": "correcto",
    "direccion": "Avinguda de Beniardà 31",
    "lat": 38.54563,
    "lng": -0.13314,
    "utm_x": 750820.81,
    "utm_y": 4270242.33,
    "utm_huso": 30,
    "fuente": "OpenStreetMap (Overpass)",
    "licencia": "ODbL 1.0",
    "confianza": 26,
    "estado_espacial": "valido",
    "geometria_origen": "punto_representativo"
   }
  },
  {
   "type": "Feature",
   "geometry": {
    "type": "Point",
    "coordinates": [
     -0.15967,
     38.53123
    ]
   },
   "properties": {
    "id_tecnico": "f85e1cfd-b336-4cf5-ae64-d3b643d6e2fa",
    "categoria": "infraestructuras",
    "tipo": "parada_autobus",
    "nombre": "Av. Vicent Llorca Alós, 19",
    "estado_nombre": "correcto",
    "direccion": null,
    "lat": 38.53123,
    "lng": -0.15967,
    "utm_x": 748548.25,
    "utm_y": 4268572.43,
    "utm_huso": 30,
    "fuente": "OpenStreetMap (Overpass)",
    "licencia": "ODbL 1.0",
    "confianza": 23,
    "estado_espacial": "proximo_limite",
    "geometria_origen": "punto_representativo"
   }
  },
  {
   "type": "Feature",
   "geometry": {
    "type": "Point",
    "coordinates": [
     -0.16219,
     38.5359
    ]
   },
   "properties": {
    "id_tecnico": "f8c089c2-86f6-4da0-afe3-a14982c895e4",
    "categoria": "equipamientos",
    "tipo": "centro_salud",
    "nombre": "Centro de Salud La Cala de Benidorm",
    "estado_nombre": "correcto",
    "direccion": null,
    "lat": 38.5359,
    "lng": -0.16219,
    "utm_x": 748311.82,
    "utm_y": 4269084,
    "utm_huso": 30,
    "fuente": "OpenStreetMap (Overpass)",
    "licencia": "ODbL 1.0",
    "confianza": 26,
    "estado_espacial": "valido",
    "geometria_origen": "punto_representativo"
   }
  },
  {
   "type": "Feature",
   "geometry": {
    "type": "Point",
    "coordinates": [
     -0.10143,
     38.57906
    ]
   },
   "properties": {
    "id_tecnico": "f8e159fc-a7a1-4c42-8118-88ea9954e06b",
    "categoria": "equipamientos",
    "tipo": "farmacia",
    "nombre": "Rosa Francisca Buades Gomis",
    "estado_nombre": "correcto",
    "direccion": "Carrer de Federico Garcia Lorca 19",
    "lat": 38.57906,
    "lng": -0.10143,
    "utm_x": 753479.54,
    "utm_y": 4274039.36,
    "utm_huso": 30,
    "fuente": "OpenStreetMap (Overpass)",
    "licencia": "ODbL 1.0",
    "confianza": 9,
    "estado_espacial": "fuera_municipio",
    "geometria_origen": "punto_representativo"
   }
  },
  {
   "type": "Feature",
   "geometry": {
    "type": "Point",
    "coordinates": [
     -0.13243,
     38.53689
    ]
   },
   "properties": {
    "id_tecnico": "f9406f99-ee31-4dbd-8ac0-c16939102d6b",
    "categoria": "equipamientos",
    "tipo": "alimentacion",
    "nombre": "Kay-Alde",
    "estado_nombre": "correcto",
    "direccion": "Carrer dels Ametlers - Avenida de los Almendros 2",
    "lat": 38.53689,
    "lng": -0.13243,
    "utm_x": 750912.96,
    "utm_y": 4269274.16,
    "utm_huso": 30,
    "fuente": "OpenStreetMap (Overpass)",
    "licencia": "ODbL 1.0",
    "confianza": 26,
    "estado_espacial": "proximo_limite",
    "geometria_origen": "punto_representativo"
   }
  },
  {
   "type": "Feature",
   "geometry": {
    "type": "Point",
    "coordinates": [
     -0.15948,
     38.53499
    ]
   },
   "properties": {
    "id_tecnico": "f9ad138b-d340-4990-9450-0692c6fe67f5",
    "categoria": "equipamientos",
    "tipo": "alimentacion",
    "nombre": "alimentacion node/975381436",
    "estado_nombre": "correcto",
    "direccion": null,
    "lat": 38.53499,
    "lng": -0.15948,
    "utm_x": 748552.09,
    "utm_y": 4268990.27,
    "utm_huso": 30,
    "fuente": "OpenStreetMap (Overpass)",
    "licencia": "ODbL 1.0",
    "confianza": 23,
    "estado_espacial": "valido",
    "geometria_origen": "punto_representativo"
   }
  },
  {
   "type": "Feature",
   "geometry": {
    "type": "Point",
    "coordinates": [
     -0.11328,
     38.53824
    ]
   },
   "properties": {
    "id_tecnico": "fab0f378-d2a2-4a9d-b373-a47b67dc84dd",
    "categoria": "equipamientos",
    "tipo": "centro_salud",
    "nombre": "Dental & Medical Centre",
    "estado_nombre": "correcto",
    "direccion": null,
    "lat": 38.53824,
    "lng": -0.11328,
    "utm_x": 752584.26,
    "utm_y": 4269476.09,
    "utm_huso": 30,
    "fuente": "OpenStreetMap (Overpass)",
    "licencia": "ODbL 1.0",
    "confianza": 23,
    "estado_espacial": "valido",
    "geometria_origen": "punto_representativo"
   }
  },
  {
   "type": "Feature",
   "geometry": {
    "type": "Point",
    "coordinates": [
     -0.11485,
     38.53842
    ]
   },
   "properties": {
    "id_tecnico": "fac64743-ac22-41d0-b7f7-05ae0f28e12c",
    "categoria": "equipamientos",
    "tipo": "alimentacion",
    "nombre": "Alimentación Les Tetes",
    "estado_nombre": "correcto",
    "direccion": null,
    "lat": 38.53842,
    "lng": -0.11485,
    "utm_x": 752446.23,
    "utm_y": 4269491.79,
    "utm_huso": 30,
    "fuente": "OpenStreetMap (Overpass)",
    "licencia": "ODbL 1.0",
    "confianza": 23,
    "estado_espacial": "valido",
    "geometria_origen": "punto_representativo"
   }
  },
  {
   "type": "Feature",
   "geometry": {
    "type": "Point",
    "coordinates": [
     -0.13428,
     38.5416
    ]
   },
   "properties": {
    "id_tecnico": "fb08e3e7-3c36-4252-ba9b-cc4a5683441e",
    "categoria": "equipamientos",
    "tipo": "alimentacion",
    "nombre": "shop",
    "estado_nombre": "correcto",
    "direccion": null,
    "lat": 38.5416,
    "lng": -0.13428,
    "utm_x": 750734.89,
    "utm_y": 4269791.93,
    "utm_huso": 30,
    "fuente": "OpenStreetMap (Overpass)",
    "licencia": "ODbL 1.0",
    "confianza": 23,
    "estado_espacial": "valido",
    "geometria_origen": "punto_representativo"
   }
  },
  {
   "type": "Feature",
   "geometry": {
    "type": "Point",
    "coordinates": [
     -0.1454,
     38.56548
    ]
   },
   "properties": {
    "id_tecnico": "fb61967a-291b-4141-80de-ccbd2aad583d",
    "categoria": "servicios_basicos",
    "tipo": "punto_agua_incendios",
    "nombre": "punto agua incendios way/519014865",
    "estado_nombre": "correcto",
    "direccion": null,
    "lat": 38.56548,
    "lng": -0.1454,
    "utm_x": 749680.08,
    "utm_y": 4272412.42,
    "utm_huso": 30,
    "fuente": "OpenStreetMap (Overpass)",
    "licencia": "ODbL 1.0",
    "confianza": 23,
    "estado_espacial": "valido",
    "geometria_origen": "punto_representativo"
   }
  },
  {
   "type": "Feature",
   "geometry": {
    "type": "Point",
    "coordinates": [
     -0.10028,
     38.55434
    ]
   },
   "properties": {
    "id_tecnico": "fb9bb4b8-6dc5-4ae6-8849-d57426aa27c8",
    "categoria": "infraestructuras",
    "tipo": "parada_autobus",
    "nombre": "216 - Severo ochoa 54",
    "estado_nombre": "correcto",
    "direccion": "Av. Severo Ochoa, 54",
    "lat": 38.55434,
    "lng": -0.10028,
    "utm_x": 753666.04,
    "utm_y": 4271298.69,
    "utm_huso": 30,
    "fuente": "Plantilla municipal — Limpieza info (PTM Benidorm)",
    "licencia": "Uso interno del proyecto",
    "confianza": 26,
    "estado_espacial": "valido",
    "geometria_origen": "punto_representativo"
   }
  },
  {
   "type": "Feature",
   "geometry": {
    "type": "Point",
    "coordinates": [
     -0.1718,
     38.53917
    ]
   },
   "properties": {
    "id_tecnico": "fc7bbb07-5d3f-46e4-b451-5cfb8ae8a7b7",
    "categoria": "servicios_basicos",
    "tipo": "estacion_servicio",
    "nombre": "GM Oil",
    "estado_nombre": "correcto",
    "direccion": null,
    "lat": 38.53917,
    "lng": -0.1718,
    "utm_x": 747459.69,
    "utm_y": 4269421.21,
    "utm_huso": 30,
    "fuente": "OpenStreetMap (Overpass)",
    "licencia": "ODbL 1.0",
    "confianza": 3,
    "estado_espacial": "fuera_municipio",
    "geometria_origen": "punto_representativo"
   }
  },
  {
   "type": "Feature",
   "geometry": {
    "type": "Point",
    "coordinates": [
     -0.10773,
     38.53747
    ]
   },
   "properties": {
    "id_tecnico": "fc9a464e-3d34-4704-b979-8372107e9c50",
    "categoria": "equipamientos",
    "tipo": "biblioteca",
    "nombre": "Biblioteca Pública Municipal Racó de l'Oix",
    "estado_nombre": "correcto",
    "direccion": null,
    "lat": 38.53747,
    "lng": -0.10773,
    "utm_x": 753072.64,
    "utm_y": 4269405.79,
    "utm_huso": 30,
    "fuente": "OpenStreetMap (Overpass)",
    "licencia": "ODbL 1.0",
    "confianza": 26,
    "estado_espacial": "valido",
    "geometria_origen": "punto_representativo"
   }
  },
  {
   "type": "Feature",
   "geometry": {
    "type": "Point",
    "coordinates": [
     -0.13099,
     38.53485
    ]
   },
   "properties": {
    "id_tecnico": "fca14180-4c77-4304-9f40-7142acade58f",
    "categoria": "infraestructuras",
    "tipo": "alojamiento",
    "nombre": "MC Apartamentos",
    "estado_nombre": "correcto",
    "direccion": "Carrer de la Santa Faç",
    "lat": 38.53485,
    "lng": -0.13099,
    "utm_x": 751046,
    "utm_y": 4269051.63,
    "utm_huso": 30,
    "fuente": "OpenStreetMap (Overpass)",
    "licencia": "ODbL 1.0",
    "confianza": 26,
    "estado_espacial": "proximo_limite",
    "geometria_origen": "punto_representativo"
   }
  },
  {
   "type": "Feature",
   "geometry": {
    "type": "Point",
    "coordinates": [
     -0.16074,
     38.53259
    ]
   },
   "properties": {
    "id_tecnico": "fd82c07e-0aa0-4e88-a517-916a580d048c",
    "categoria": "infraestructuras",
    "tipo": "parada_autobus",
    "nombre": "118 - Montbenidorm10",
    "estado_nombre": "correcto",
    "direccion": "Av. Mont-Benidorm, 10",
    "lat": 38.53259,
    "lng": -0.16074,
    "utm_x": 748449.97,
    "utm_y": 4268720.51,
    "utm_huso": 30,
    "fuente": "Plantilla municipal — Limpieza info (PTM Benidorm)",
    "licencia": "Uso interno del proyecto",
    "confianza": 26,
    "estado_espacial": "valido",
    "geometria_origen": "punto_representativo"
   }
  },
  {
   "type": "Feature",
   "geometry": {
    "type": "Point",
    "coordinates": [
     -0.11363,
     38.53622
    ]
   },
   "properties": {
    "id_tecnico": "fdba6baf-ecc4-4996-9fee-394f456b6abe",
    "categoria": "infraestructuras",
    "tipo": "parada_taxi",
    "nombre": "parada taxi way/1444840541",
    "estado_nombre": "correcto",
    "direccion": null,
    "lat": 38.53622,
    "lng": -0.11363,
    "utm_x": 752560.61,
    "utm_y": 4269250.93,
    "utm_huso": 30,
    "fuente": "OpenStreetMap (Overpass)",
    "licencia": "ODbL 1.0",
    "confianza": 23,
    "estado_espacial": "proximo_limite",
    "geometria_origen": "punto_representativo"
   }
  },
  {
   "type": "Feature",
   "geometry": {
    "type": "Point",
    "coordinates": [
     -0.14725,
     38.53788
    ]
   },
   "properties": {
    "id_tecnico": "fdd85ef2-791e-45f1-b207-d3d6a6cc3b12",
    "categoria": "infraestructuras",
    "tipo": "alojamiento",
    "nombre": "Hotel Poseidón Playa",
    "estado_nombre": "correcto",
    "direccion": null,
    "lat": 38.53788,
    "lng": -0.14725,
    "utm_x": 749612.57,
    "utm_y": 4269343.97,
    "utm_huso": 30,
    "fuente": "OpenStreetMap (Overpass)",
    "licencia": "ODbL 1.0",
    "confianza": 23,
    "estado_espacial": "proximo_limite",
    "geometria_origen": "punto_representativo"
   }
  },
  {
   "type": "Feature",
   "geometry": {
    "type": "Point",
    "coordinates": [
     -0.10118,
     38.53903
    ]
   },
   "properties": {
    "id_tecnico": "fddc7a73-0d0d-44a2-938d-c5f4c4a085fb",
    "categoria": "infraestructuras",
    "tipo": "parada_autobus",
    "nombre": "311 - Montecarlo 32",
    "estado_nombre": "correcto",
    "direccion": "Av. Montecarlo, 32",
    "lat": 38.53903,
    "lng": -0.10118,
    "utm_x": 753640.46,
    "utm_y": 4269596.88,
    "utm_huso": 30,
    "fuente": "Plantilla municipal — Limpieza info (PTM Benidorm)",
    "licencia": "Uso interno del proyecto",
    "confianza": 26,
    "estado_espacial": "valido",
    "geometria_origen": "punto_representativo"
   }
  },
  {
   "type": "Feature",
   "geometry": {
    "type": "Point",
    "coordinates": [
     -0.12509,
     38.53601
    ]
   },
   "properties": {
    "id_tecnico": "fe0fc5e2-d315-45f7-ac30-88ec92e24a8c",
    "categoria": "equipamientos",
    "tipo": "alimentacion",
    "nombre": "Udaco",
    "estado_nombre": "correcto",
    "direccion": "Avinguda d'Alcoi - Avenida de Alcoy",
    "lat": 38.53601,
    "lng": -0.12509,
    "utm_x": 751558.37,
    "utm_y": 4269196.41,
    "utm_huso": 30,
    "fuente": "OpenStreetMap (Overpass)",
    "licencia": "ODbL 1.0",
    "confianza": 26,
    "estado_espacial": "proximo_limite",
    "geometria_origen": "punto_representativo"
   }
  },
  {
   "type": "Feature",
   "geometry": {
    "type": "Point",
    "coordinates": [
     -0.11609,
     38.53948
    ]
   },
   "properties": {
    "id_tecnico": "fe42268c-efed-4c08-8790-754cef892a85",
    "categoria": "equipamientos",
    "tipo": "alimentacion",
    "nombre": "Happy Days",
    "estado_nombre": "correcto",
    "direccion": null,
    "lat": 38.53948,
    "lng": -0.11609,
    "utm_x": 752334.05,
    "utm_y": 4269606.06,
    "utm_huso": 30,
    "fuente": "OpenStreetMap (Overpass)",
    "licencia": "ODbL 1.0",
    "confianza": 23,
    "estado_espacial": "valido",
    "geometria_origen": "punto_representativo"
   }
  },
  {
   "type": "Feature",
   "geometry": {
    "type": "Point",
    "coordinates": [
     -0.12473,
     38.54194
    ]
   },
   "properties": {
    "id_tecnico": "fe4496b6-b275-4764-bba4-7ad1a0d5c872",
    "categoria": "infraestructuras",
    "tipo": "parada_autobus",
    "nombre": "277 - Banderas",
    "estado_nombre": "correcto",
    "direccion": "Av. Alfonso Puchades, 27",
    "lat": 38.54194,
    "lng": -0.12473,
    "utm_x": 751569.45,
    "utm_y": 4269855.59,
    "utm_huso": 30,
    "fuente": "Plantilla municipal — Limpieza info (PTM Benidorm)",
    "licencia": "Uso interno del proyecto",
    "confianza": 26,
    "estado_espacial": "valido",
    "geometria_origen": "punto_representativo"
   }
  },
  {
   "type": "Feature",
   "geometry": {
    "type": "Point",
    "coordinates": [
     -0.15102,
     38.54228
    ]
   },
   "properties": {
    "id_tecnico": "fe6a5e8e-3baf-4715-9338-5da35db48c87",
    "categoria": "infraestructuras",
    "tipo": "parada_autobus",
    "nombre": "375 - Ed. Las Terrazas",
    "estado_nombre": "correcto",
    "direccion": "C/ Adolfo Suárez, 12",
    "lat": 38.54228,
    "lng": -0.15102,
    "utm_x": 749267.62,
    "utm_y": 4269822.18,
    "utm_huso": 30,
    "fuente": "Plantilla municipal — Limpieza info (PTM Benidorm)",
    "licencia": "Uso interno del proyecto",
    "confianza": 26,
    "estado_espacial": "valido",
    "geometria_origen": "punto_representativo"
   }
  },
  {
   "type": "Feature",
   "geometry": {
    "type": "Point",
    "coordinates": [
     -0.13015,
     38.57762
    ]
   },
   "properties": {
    "id_tecnico": "fe74d26e-c0d0-4d24-af7f-4f4e8196f73c",
    "categoria": "equipamientos",
    "tipo": "farmacia",
    "nombre": "Farmacia Coloma",
    "estado_nombre": "correcto",
    "direccion": null,
    "lat": 38.57762,
    "lng": -0.13015,
    "utm_x": 750972.44,
    "utm_y": 4273801.18,
    "utm_huso": 30,
    "fuente": "OpenStreetMap (Overpass)",
    "licencia": "ODbL 1.0",
    "confianza": 3,
    "estado_espacial": "fuera_municipio",
    "geometria_origen": "punto_representativo"
   }
  },
  {
   "type": "Feature",
   "geometry": {
    "type": "Point",
    "coordinates": [
     -0.10381,
     38.53151
    ]
   },
   "properties": {
    "id_tecnico": "fe82b2bd-7ac3-454f-95ea-daf6c50d7080",
    "categoria": "infraestructuras",
    "tipo": "parada_autobus",
    "nombre": "24",
    "estado_nombre": "por_revisar",
    "direccion": null,
    "lat": 38.53151,
    "lng": -0.10381,
    "utm_x": 753436.38,
    "utm_y": 4268754.98,
    "utm_huso": 30,
    "fuente": "OpenStreetMap (Overpass)",
    "licencia": "ODbL 1.0",
    "confianza": 23,
    "estado_espacial": "valido",
    "geometria_origen": "punto_representativo"
   }
  },
  {
   "type": "Feature",
   "geometry": {
    "type": "Point",
    "coordinates": [
     -0.13256,
     38.54454
    ]
   },
   "properties": {
    "id_tecnico": "ff1e66cd-3b20-4999-bb15-0590d82800e8",
    "categoria": "infraestructuras",
    "tipo": "parada_autobus",
    "nombre": "Av. Beniardà, 4",
    "estado_nombre": "correcto",
    "direccion": null,
    "lat": 38.54454,
    "lng": -0.13256,
    "utm_x": 750875.31,
    "utm_y": 4270122.92,
    "utm_huso": 30,
    "fuente": "OpenStreetMap (Overpass)",
    "licencia": "ODbL 1.0",
    "confianza": 23,
    "estado_espacial": "valido",
    "geometria_origen": "punto_representativo"
   }
  },
  {
   "type": "Feature",
   "geometry": {
    "type": "Point",
    "coordinates": [
     -0.1184,
     38.53966
    ]
   },
   "properties": {
    "id_tecnico": "ff44510c-99fa-4fb9-a58e-7607348c42cd",
    "categoria": "equipamientos",
    "tipo": "alimentacion",
    "nombre": "Super Oriente",
    "estado_nombre": "correcto",
    "direccion": "Calle Ibiza",
    "lat": 38.53966,
    "lng": -0.1184,
    "utm_x": 752131.27,
    "utm_y": 4269619.75,
    "utm_huso": 30,
    "fuente": "OpenStreetMap (Overpass)",
    "licencia": "ODbL 1.0",
    "confianza": 26,
    "estado_espacial": "valido",
    "geometria_origen": "punto_representativo"
   }
  },
  {
   "type": "Feature",
   "geometry": {
    "type": "Point",
    "coordinates": [
     -0.13884,
     38.54295
    ]
   },
   "properties": {
    "id_tecnico": "ff4522a6-79ed-4517-a32a-0870953f8e28",
    "categoria": "infraestructuras",
    "tipo": "parada_autobus",
    "nombre": "parada autobus node/3423566517",
    "estado_nombre": "correcto",
    "direccion": null,
    "lat": 38.54295,
    "lng": -0.13884,
    "utm_x": 750331.21,
    "utm_y": 4269929.43,
    "utm_huso": 30,
    "fuente": "OpenStreetMap (Overpass)",
    "licencia": "ODbL 1.0",
    "confianza": 23,
    "estado_espacial": "valido",
    "geometria_origen": "punto_representativo"
   }
  },
  {
   "type": "Feature",
   "geometry": {
    "type": "Point",
    "coordinates": [
     -0.13799,
     38.54288
    ]
   },
   "properties": {
    "id_tecnico": "ff90e249-c123-419a-8ee0-ecaf3ef75459",
    "categoria": "equipamientos",
    "tipo": "centro_salud",
    "nombre": "Centro de Salud Foietes",
    "estado_nombre": "correcto",
    "direccion": null,
    "lat": 38.54288,
    "lng": -0.13799,
    "utm_x": 750405.83,
    "utm_y": 4269923.96,
    "utm_huso": 30,
    "fuente": "OpenStreetMap (Overpass)",
    "licencia": "ODbL 1.0",
    "confianza": 23,
    "estado_espacial": "valido",
    "geometria_origen": "punto_representativo"
   }
  },
  {
   "type": "Feature",
   "geometry": {
    "type": "Point",
    "coordinates": [
     -0.127,
     38.54558
    ]
   },
   "properties": {
    "id_tecnico": "ffe0bf46-8696-42de-b043-14076d187a61",
    "categoria": "infraestructuras",
    "tipo": "parada_autobus",
    "nombre": "Av. Holanda, 3A",
    "estado_nombre": "correcto",
    "direccion": null,
    "lat": 38.54558,
    "lng": -0.127,
    "utm_x": 751358.28,
    "utm_y": 4270253.44,
    "utm_huso": 30,
    "fuente": "OpenStreetMap (Overpass)",
    "licencia": "ODbL 1.0",
    "confianza": 23,
    "estado_espacial": "valido",
    "geometria_origen": "punto_representativo"
   }
  },
  {
   "type": "Feature",
   "geometry": {
    "type": "Point",
    "coordinates": [
     -0.11626,
     38.5419
    ]
   },
   "properties": {
    "id_tecnico": "fffcf8a2-6ab3-4209-a26f-67389316c85f",
    "categoria": "infraestructuras",
    "tipo": "alojamiento",
    "nombre": "Hotel Caballo de Oro",
    "estado_nombre": "correcto",
    "direccion": null,
    "lat": 38.5419,
    "lng": -0.11626,
    "utm_x": 752310.82,
    "utm_y": 4269874.21,
    "utm_huso": 30,
    "fuente": "OpenStreetMap (Overpass)",
    "licencia": "ODbL 1.0",
    "confianza": 23,
    "estado_espacial": "valido",
    "geometria_origen": "punto_representativo"
   }
  }
 ]
}