id_tecnico;categoria;tipo;nombre;estado_nombre;direccion;nucleo;codigo_postal;lat;lng;utm_x;utm_y;utm_huso;crs_origen;precision;telefono;web;horario;titularidad;operador;capacidad;unidad_capacidad;fuente;licencia;fecha_edicion_origen;estado_validacion;estado_espacial;confianza;advertencias
00606c22-1ba0-4b27-a2ad-de5e55929c52;equipamientos;alimentacion;Blue Bay;correcto;;;;38.54125;-0.10366;753415.72;4269836.49;30;EPSG:4326;sin_ubicacion;;;;;;;;OpenStreetMap (Overpass);ODbL 1.0;;automatico_sin_revisar;valido;23;
010b3b05-8562-4ca3-bd17-b7222334df71;infraestructuras;parada_autobus;Av. Ametlla de Mar, 11AC;correcto;;;;38.53687;-0.10674;753161.36;4269341.9;30;EPSG:4326;sin_ubicacion;;;;;Llorente Bus;;;OpenStreetMap (Overpass);ODbL 1.0;;automatico_sin_revisar;valido;23;
013417fc-51d5-4920-a984-a06a63ac56c2;servicios_basicos;estacion_servicio;BP;correcto;Avinguda de La Vila Joiosa 34;;03502;38.53305;-0.16608;747981.05;4268757.24;30;EPSG:4326;sin_ubicacion;;;;;;;;OpenStreetMap (Overpass);ODbL 1.0;;automatico_sin_revisar;proximo_limite;26;
0155c7c3-b1f4-472b-ae1f-923c945d6930;equipamientos;instituto;Centre de Turisme Domingo Devesa;correcto;;;;38.53483;-0.16225;748310.2;4268965.08;30;EPSG:4326;sin_ubicacion;;;;Privada;Generalitat Valenciana;;;OpenStreetMap (Overpass);ODbL 1.0;;automatico_sin_revisar;valido;26;
017b65a1-d70b-441d-85e3-a7cfbd9fb881;infraestructuras;parada_autobus;203 - A. Les Dunes;correcto;Av. Mediterráneo, 38;;;38.53646;-0.11711;752255.22;4269268.08;30;EPSG:25830;sin_ubicacion;;;;;;;;Plantilla municipal — Limpieza info (PTM Benidorm);Uso interno del proyecto;;contrastado;proximo_limite;26;
01a03ede-3e5a-415b-9701-854920cef14e;infraestructuras;alojamiento;Hotel Servigroup Venus;correcto;;;;38.53881;-0.1143;752493.02;4269536.58;30;EPSG:4326;sin_ubicacion;;;;Privada;Hoteles Servigroup;;;OpenStreetMap (Overpass);ODbL 1.0;;automatico_sin_revisar;valido;26;
01b4b817-8e24-4ecb-a2dd-d3dc65cbc86e;equipamientos;farmacia;Farmacia Carlos Reche Moreno;correcto;Avinguda Poeta Miguel Hernández 1;;03580;38.58826;-0.11556;752211.81;4275021.88;30;EPSG:4326;sin_ubicacion;+34966877224;;Mo-Sa 09:00-21:30;;;;;OpenStreetMap (Overpass);ODbL 1.0;;automatico_sin_revisar;fuera_municipio;9;
01c94ae9-c163-4775-81a2-0e333434fe54;infraestructuras;parada_autobus;Av. Jaume I, front 22;correcto;;;;38.53955;-0.13546;750638.66;4269561.19;30;EPSG:4326;sin_ubicacion;;;;;Llorente Bus;;;OpenStreetMap (Overpass);ODbL 1.0;;automatico_sin_revisar;valido;23;
01d50f8a-b1ca-4065-a87a-12b885524d82;equipamientos;alimentacion;alimentacion node/8867974513;correcto;Passeig de la Carretera;;03501;38.5364;-0.13156;750990.79;4269222.13;30;EPSG:4326;sin_ubicacion;;;;;;;;OpenStreetMap (Overpass);ODbL 1.0;;automatico_sin_revisar;proximo_limite;26;
02e094d7-ae62-44a7-badc-7a0a3a92f0ef;equipamientos;alimentacion;Ecomart;correcto;Avinguda de Mallorca;;03503;38.53687;-0.116;752350.94;4269316.61;30;EPSG:4326;sin_ubicacion;;;;;;;;OpenStreetMap (Overpass);ODbL 1.0;;automatico_sin_revisar;proximo_limite;26;
03332c46-bac8-4c60-b9bb-fcdf797dee20;infraestructuras;parada_autobus;Av. Eduardo Zaplana;correcto;;;;38.55637;-0.15657;748733.94;4271371.16;30;EPSG:4326;sin_ubicacion;;;;;Llorente Bus;;;OpenStreetMap (Overpass);ODbL 1.0;;automatico_sin_revisar;valido;23;
033d7da1-bc46-495c-8056-686f811f528b;equipamientos;colegio;CEIP LA CALA;correcto;AV. DE LA MARINA BAIXA, 9;;;;;;;;EPSG:25830;sin_ubicacion;;;;Pública;;;;Plantilla municipal — Limpieza info (PTM Benidorm);Uso interno del proyecto;;contrastado;sin_geometria;19;
0347e39a-8475-449e-8a89-3a901d12d171;equipamientos;centro_salud;Centro Médico Lago;correcto;Avenida de Los Limones 4;;;38.53999;-0.13181;750956.57;4269619.92;30;EPSG:4326;sin_ubicacion;;;;;;;;OpenStreetMap (Overpass);ODbL 1.0;;automatico_sin_revisar;valido;26;
038f2d69-a184-41af-9b53-9552fb435cd0;infraestructuras;parada_autobus;Av. Comunitat Valenciana, km 124.9;correcto;;;;38.5573;-0.10238;753472.02;4271621.48;30;EPSG:4326;sin_ubicacion;;;;;Llorente Bus;;;OpenStreetMap (Overpass);ODbL 1.0;;automatico_sin_revisar;valido;23;
039c6730-d318-40f6-b976-c15c3e417986;equipamientos;alimentacion;Super Mart;correcto;;;;38.53848;-0.11521;752414.52;4269497.47;30;EPSG:4326;sin_ubicacion;;;;;;;;OpenStreetMap (Overpass);ODbL 1.0;;automatico_sin_revisar;valido;23;
03b06098-c741-4895-bb95-030f8c72841c;poblacion;padron;Población empadronada 2001;correcto;;;;;;;;;EPSG:4326;sin_ubicacion;;;;;;;;INE - Padrón municipal (tabla 29005);Reutilización libre (Ley 37/2007) citando la fuente;2001-01-01;automatico_sin_revisar;sin_geometria;0;
03ed8651-57e9-49d4-b7ba-7a4b95d41366;infraestructuras;parada_autobus;342 - Goldcar;correcto;Av. Comunitat Valenciana, 8AC;;;38.54237;-0.12182;751822.63;4269911.23;30;EPSG:25830;sin_ubicacion;;;;;;;;Plantilla municipal — Limpieza info (PTM Benidorm);Uso interno del proyecto;;contrastado;valido;26;
042d1040-47ec-4a6b-a10a-0302d4d30727;infraestructuras;alojamiento;La Orozca;correcto;Avenida de Ruzafa - Avinguda de Russafa 37;;03501;38.53845;-0.13002;751118.52;4269453.85;30;EPSG:4326;sin_ubicacion;+34 965 850 525;;;;;;;OpenStreetMap (Overpass);ODbL 1.0;;automatico_sin_revisar;valido;26;
043b786f-f74e-4b26-a7c5-317c85f47b4e;equipamientos;alimentacion;Udaco Express;correcto;Avda. Europa 18-20;;03503;38.54283;-0.12002;751978.56;4269967.19;30;EPSG:4326;sin_ubicacion;;;;;;;;OpenStreetMap (Overpass);ODbL 1.0;;automatico_sin_revisar;valido;26;
049c7819-f26a-4709-a195-94f722b748ad;infraestructuras;parada_autobus;Av. Comunitat Valenciana, km 123.6;correcto;;;;38.55259;-0.10848;752954.63;4271081.99;30;EPSG:4326;sin_ubicacion;;;;;Llorente Bus;;;OpenStreetMap (Overpass);ODbL 1.0;;automatico_sin_revisar;valido;23;
04c197d8-e98b-4fe1-9fec-2006af08094c;equipamientos;mercado;Rastro La Nucía;correcto;Avinguda La Vila Joiosa;;03530;38.59912;-0.1367;750325.7;4276169.83;30;EPSG:4326;sin_ubicacion;;;Su 08:00-14:00;;;;;OpenStreetMap (Overpass);ODbL 1.0;;automatico_sin_revisar;fuera_municipio;9;
050fac47-0e89-48ff-91c3-0f55057ffb06;infraestructuras;parada_autobus;Av. Mediterrani, 13 (Hotel Belroy);correcto;;;;38.53706;-0.12088;751923.2;4269324.4;30;EPSG:4326;sin_ubicacion;;;;;Llorente Bus;;;OpenStreetMap (Overpass);ODbL 1.0;;automatico_sin_revisar;proximo_limite;23;
052df2ec-a228-4018-b89d-58787fa9ffb6;servicios_basicos;estacion_servicio;REPSOL · CARRETERA CV-70 KM. 47;correcto;CARRETERA CV-70 KM. 47;;03501;38.55958;-0.13444;750659.16;4271787.19;30;EPSG:4326;sin_ubicacion;;;L-D: 24H;;REPSOL;;;Geoportal de Gasolineras (MITECO, API REST);Reutilización de información del sector público (Ley 37/2007), citando la fuente;2026-10-01;automatico_sin_revisar;valido;29;
054ae923-8b17-4b0f-aa49-13988e7628f4;infraestructuras;alojamiento;MC One Apartments;correcto;;;;38.5377;-0.11438;752489.85;4269413.16;30;EPSG:4326;sin_ubicacion;;;;;;;;OpenStreetMap (Overpass);ODbL 1.0;;automatico_sin_revisar;valido;23;
059bc149-5bd1-4024-beea-7b9f65b86270;territorio;partida;Lliriet;correcto;;;;;;;;;EPSG:25830;sin_ubicacion;;;;;;;;Plantilla municipal — Limpieza info (PTM Benidorm);Uso interno del proyecto;;contrastado;sin_geometria;13;
0602fca6-5d95-4812-9ffe-2a2a7e4d8aa6;equipamientos;alimentacion;Cash & Carry MedMarket;correcto;;;;38.5572;-0.1016;753540.61;4271612.52;30;EPSG:4326;sin_ubicacion;;;;;;;;OpenStreetMap (Overpass);ODbL 1.0;;automatico_sin_revisar;valido;23;
0604cb0a-86a5-4365-a964-553e891b08e4;infraestructuras;alojamiento;Voramar;correcto;;;;38.53705;-0.13233;750921.16;4269292.19;30;EPSG:4326;sin_ubicacion;;;;;;;;OpenStreetMap (Overpass);ODbL 1.0;;automatico_sin_revisar;proximo_limite;23;
0626fef9-403a-476a-adf9-f76dd221152c;equipamientos;colegio;Col·legi d'Educació Primària i Infantil Mestre Gaspar López;correcto;;;;38.55439;-0.12132;751824.93;4271246.76;30;EPSG:4326;sin_ubicacion;;;;;;;;OpenStreetMap (Overpass);ODbL 1.0;;automatico_sin_revisar;valido;23;
062fc7a8-9384-4afe-9b02-de4aa65bddf4;infraestructuras;parada_autobus;280 - C. Els Tolls;correcto;Av. Municipi, 18;;;38.54683;-0.1234;751668.99;4270401.97;30;EPSG:25830;sin_ubicacion;;;;;;;;Plantilla municipal — Limpieza info (PTM Benidorm);Uso interno del proyecto;;contrastado;valido;26;
063ceb38-b748-4c4d-9600-174cefd82a64;infraestructuras;parada_autobus;139 - Nicaragua 33;correcto;Av. Nicaragua, 33;;;38.54347;-0.14208;750045.9;4269978.38;30;EPSG:25830;sin_ubicacion;;;;;;;;Plantilla municipal — Limpieza info (PTM Benidorm);Uso interno del proyecto;;contrastado;valido;26;
065209bc-3233-4c72-b35e-ae8461584f69;equipamientos;farmacia;farmacia node/4344596896;correcto;calle Noruega;;03502;38.54665;-0.12619;751425.47;4270374.41;30;EPSG:4326;sin_ubicacion;;;;;;;;OpenStreetMap (Overpass);ODbL 1.0;;automatico_sin_revisar;valido;26;
06583e28-e635-4bb8-a334-ba1066376958;equipamientos;alimentacion;Aarya;correcto;Avenida del Mediterráneo - Avinguda del Mediterranio 41;;;38.53627;-0.11287;752626.95;4269258.55;30;EPSG:4326;sin_ubicacion;;;;;;;;OpenStreetMap (Overpass);ODbL 1.0;;automatico_sin_revisar;proximo_limite;26;
0690761e-7bdb-4887-968b-00f0dae5ba3d;territorio;partida;La Caseta;correcto;;;;;;;;;EPSG:25830;sin_ubicacion;;;;;;;;Plantilla municipal — Limpieza info (PTM Benidorm);Uso interno del proyecto;;contrastado;sin_geometria;13;
069b4bd7-5a76-4c5e-9704-bfa7d3e7029b;equipamientos;alimentacion;Benidorm;correcto;Avenida del periodista y escritor Emilio Romero;;;38.53756;-0.12163;751855.84;4269377.86;30;EPSG:4326;sin_ubicacion;;;;;;;;OpenStreetMap (Overpass);ODbL 1.0;;automatico_sin_revisar;valido;26;
06a6a6e1-e21b-4741-b1e6-1a3d86dd550d;infraestructuras;parada_autobus;336 - Londres 16;correcto;C/ Londres, 16;;;38.53625;-0.10247;753537.21;4269284.77;30;EPSG:25830;sin_ubicacion;;;;;;;;Plantilla municipal — Limpieza info (PTM Benidorm);Uso interno del proyecto;;contrastado;valido;26;
07238f1a-45a9-44b0-a9d6-02cf1cf48241;equipamientos;policia;Policía Local Benidorm;correcto;;;;38.54403;-0.12448;751584.13;4270088.25;30;EPSG:4326;sin_ubicacion;+34 966 80 77 66;;;Privada;Ayuntamiento de Benidorm;;;OpenStreetMap (Overpass);ODbL 1.0;;automatico_sin_revisar;valido;26;
074749ce-a0d7-499e-9954-b509c1d1fe31;infraestructuras;parada_autobus;Av. Eduardo Zaplana;correcto;;;;38.56163;-0.1436;749850.73;4271989.94;30;EPSG:4326;sin_ubicacion;;;;;Llorente Bus;;;OpenStreetMap (Overpass);ODbL 1.0;;automatico_sin_revisar;valido;23;
07639685-314b-49d8-9de9-99d6c723e084;infraestructuras;alojamiento;Hotel Alone;correcto;Avinguda Marina Baixa 23;;03509;38.53105;-0.16822;747800.53;4268529.52;30;EPSG:4326;sin_ubicacion;;;;;;;;OpenStreetMap (Overpass);ODbL 1.0;;automatico_sin_revisar;fuera_municipio;6;
07664ce2-2053-4d12-9b51-63be6e98afa4;infraestructuras;parada_autobus;Av. Municipi, 18;correcto;;;;38.54682;-0.12339;751669.9;4270400.89;30;EPSG:4326;sin_ubicacion;;;;;Llorente Bus;;;OpenStreetMap (Overpass);ODbL 1.0;;automatico_sin_revisar;valido;23;
079c57be-f360-4ee6-b195-436758ef4475;infraestructuras;parada_autobus;Av. Vicente Pérez Devesa;correcto;;;;38.53818;-0.15772;748695.26;4269349.07;30;EPSG:4326;sin_ubicacion;;;;;Llorente Bus;;;OpenStreetMap (Overpass);ODbL 1.0;;automatico_sin_revisar;valido;23;
07f3abc6-5acd-4633-bd56-8f78723b0b45;equipamientos;alimentacion;alimentacion node/8016406183;correcto;Carrer d'Evissa;;;38.53983;-0.11743;752215.57;4269641.26;30;EPSG:4326;sin_ubicacion;;;;;;;;OpenStreetMap (Overpass);ODbL 1.0;;automatico_sin_revisar;valido;26;
0838d59f-8ee9-4645-87d4-1577eab396e7;infraestructuras;parada_autobus;Av. Alfonso Puchades, 19;correcto;;;;38.54304;-0.12758;751316.26;4269969.94;30;EPSG:4326;sin_ubicacion;;;;;Llorente Bus;;;OpenStreetMap (Overpass);ODbL 1.0;;automatico_sin_revisar;valido;23;
083ee068-3fdb-4223-99a8-0a41a1832535;equipamientos;alimentacion;Supercor Exprés;correcto;Avinguda d'Alcoi - Avenida de Alcoy 12;;03503;38.53597;-0.12354;751694.16;4269196.18;30;EPSG:4326;sin_ubicacion;+34 965 851 989;;;;;;;OpenStreetMap (Overpass);ODbL 1.0;;automatico_sin_revisar;proximo_limite;26;
085d565d-226f-4967-b2ed-74a85743c8ab;infraestructuras;alojamiento;Résidence Benidorm Poniente;correcto;;;;38.54489;-0.15157;749210.59;4270110.39;30;EPSG:4326;sin_ubicacion;+34 965 86 97 97;;;;;;;OpenStreetMap (Overpass);ODbL 1.0;;automatico_sin_revisar;valido;23;
0894dad4-5798-4c8a-8882-1c1fc461eb45;infraestructuras;parada_autobus;Av. Beniardà, 13;correcto;;;;38.54452;-0.13279;750855.25;4270120.07;30;EPSG:4326;sin_ubicacion;;;;;Llorente Bus;;;OpenStreetMap (Overpass);ODbL 1.0;;automatico_sin_revisar;valido;23;
089720df-5815-4a58-9ac3-71421fd21710;poblacion;padron;Población empadronada 2023;correcto;;;;;;;;;EPSG:4326;sin_ubicacion;;;;;;;;INE - Padrón municipal (tabla 29005);Reutilización libre (Ley 37/2007) citando la fuente;2023-01-01;automatico_sin_revisar;sin_geometria;0;
08a7218d-82d5-4def-8a69-1c0b08742fc7;territorio;limite_municipal;Benidorm;correcto;;;;38.53063090229553;-0.12247683629842188;751805.61;4268606.46;30;EPSG:4326;sin_ubicacion;;;;;;;;OpenStreetMap (Nominatim);ODbL 1.0;2026-04-29;automatico_sin_revisar;valido;23;
08f8affc-7e8e-4089-a395-b7da4356e7d1;equipamientos;farmacia;Farmacia · AV. ALFONSO PUCHADES, Nº14;correcto;AV. ALFONSO PUCHADES, Nº14;;;;;;;;EPSG:25830;sin_ubicacion;;;;Privada;CRIADO FUSTER, MARIA DEL PILAR;;;Plantilla municipal — Limpieza info (PTM Benidorm);Uso interno del proyecto;;contrastado;sin_geometria;19;
08ff1d01-4b25-4b0f-bf81-ec374c25a328;infraestructuras;alojamiento;Hotel Sol Elite Costablanca;correcto;;;;38.53641;-0.12252;751781.91;4269247.79;30;EPSG:4326;sin_ubicacion;;;;;;;;OpenStreetMap (Overpass);ODbL 1.0;;automatico_sin_revisar;proximo_limite;23;
092a0c5f-84f4-4c0c-bd05-22b598c00bf5;equipamientos;colegio;CEIP AUSIÀS MARCH;correcto;CL. VENEZUELA, 5;Benidorm;03502;38.54236;-0.13805;750402.36;4269866.08;30;EPSG:4326;sin_ubicacion;966870690;;;Pública;GENERALITAT VALENCIANA;;;GVA - Centros docentes de la Comunitat Valenciana (ICV WFS);CC BY 4.0;;automatico_sin_revisar;valido;29;
095420a8-7fe1-4a55-a801-4ad04d652584;equipamientos;farmacia;farmacia node/12407711989;correcto;;;;38.5397;-0.13964;750272.34;4269566.53;30;EPSG:4326;sin_ubicacion;;;;;;;;OpenStreetMap (Overpass);ODbL 1.0;;automatico_sin_revisar;valido;23;
09658784-82f7-4739-a69b-318d160b00a6;equipamientos;instituto;IES MEDITERRÀNIA;correcto;C. PRESIDENTE ADOLFO SUÁREZ, 1;;;;;;;;EPSG:25830;sin_ubicacion;;;;Pública;;;;Plantilla municipal — Limpieza info (PTM Benidorm);Uso interno del proyecto;;contrastado;sin_geometria;19;
097e5b3a-a99a-46d9-8029-183f6dfcf13e;infraestructuras;parada_autobus;Bus Benidorm;correcto;;;;38.54674;-0.15935;748523.49;4270294.81;30;EPSG:4326;sin_ubicacion;;;;;;;;OpenStreetMap (Overpass);ODbL 1.0;;automatico_sin_revisar;valido;23;
09ac3224-9a8f-4a99-a7bb-4c99e681b13f;equipamientos;instituto;IES BEATRIU FAJARDO DE MENDOZA;correcto;CL. DE LA FRAGATA (SALT DE L'AIGUA), 2;Benidorm;03503;38.55468;-0.12016;751925.43;4271282.1;30;EPSG:4326;sin_ubicacion;966816085;;;Pública;GENERALITAT VALENCIANA;;;GVA - Centros docentes de la Comunitat Valenciana (ICV WFS);CC BY 4.0;;automatico_sin_revisar;valido;29;
09be6562-ba74-4264-a61d-3f5ea1bb1145;infraestructuras;alojamiento;Hotel Helios;correcto;;;;38.53928;-0.11332;752577.16;4269591.42;30;EPSG:4326;sin_ubicacion;+34 965 855 850;;;;;;;OpenStreetMap (Overpass);ODbL 1.0;;automatico_sin_revisar;valido;23;
09ce1770-d3ca-4e50-b3ce-bbd231208ffd;infraestructuras;camping;Área Camperalia Finestrat;correcto;Carrer Beniarés 6;;03509;38.5332;-0.17571;747137.71;4268748.13;30;EPSG:4326;sin_ubicacion;+34 621 078 663;;Mo-Su 09:00-19:00;;;;;OpenStreetMap (Overpass);ODbL 1.0;;automatico_sin_revisar;fuera_municipio;9;
09e030af-ecea-4341-ade4-0232c7033ce0;infraestructuras;parada_autobus;Av. Armada Espanyola, 2;correcto;;;;38.53723;-0.13894;750342.06;4269294.27;30;EPSG:4326;sin_ubicacion;;;;;Llorente Bus;;;OpenStreetMap (Overpass);ODbL 1.0;;automatico_sin_revisar;proximo_limite;23;
09f11232-64c7-47d2-ae7e-db579897ce8d;equipamientos;colegio;Col·legi d'Educació Infantil i Primària Santíssim Crist del Bon Encert;correcto;;;;38.57967;-0.09761;753811.54;4274117.55;30;EPSG:4326;sin_ubicacion;+34 966 87 07 40;;;Privada;Generalitat Valenciana;;;OpenStreetMap (Overpass);ODbL 1.0;;automatico_sin_revisar;fuera_municipio;6;
0a0245c3-6679-4f6e-9789-6508025dd1d8;equipamientos;alimentacion;Udaco;correcto;avenida del Mediterráneo - Avinguda del Mediterranio 32;;03501;38.53654;-0.11858;752126.29;4269272.95;30;EPSG:4326;sin_ubicacion;;;;;;;;OpenStreetMap (Overpass);ODbL 1.0;;automatico_sin_revisar;proximo_limite;26;
0a96f5cc-af11-4659-944f-726720205318;infraestructuras;parada_autobus;129 - Santander;correcto;Av. Jaume I, 50;;;38.54275;-0.13267;750871.83;4269923.94;30;EPSG:25830;sin_ubicacion;;;;;;;;Plantilla municipal — Limpieza info (PTM Benidorm);Uso interno del proyecto;;contrastado;valido;26;
0a9d845b-a1f4-41d0-8dab-ab0bffe8e40a;infraestructuras;parada_autobus;260 - Ed. Coblanca 9;correcto;C/ Alcalde Manuel Catalán Chana;;;38.53111;-0.10694;753163.81;4268702.02;30;EPSG:25830;sin_ubicacion;;;;;;;;Plantilla municipal — Limpieza info (PTM Benidorm);Uso interno del proyecto;;contrastado;proximo_limite;26;
0b0a73df-fdaa-4b0c-9c66-e630234ff7d6;infraestructuras;parada_autobus;148 - P. Devesa 11;correcto;Av. Vicente Pérez Devesa, 11;;;38.54013;-0.15067;749305.59;4269584.48;30;EPSG:25830;sin_ubicacion;;;;;;;;Plantilla municipal — Limpieza info (PTM Benidorm);Uso interno del proyecto;;contrastado;valido;26;
0b597193-b9db-4870-8167-d845cf23a5b4;equipamientos;alimentacion;Super Maxi;correcto;Carrer de Tomàs Ortuño;;;38.53975;-0.13128;751003.78;4269594.72;30;EPSG:4326;sin_ubicacion;;;;;;;;OpenStreetMap (Overpass);ODbL 1.0;;automatico_sin_revisar;valido;26;
0b6e4263-ba40-4880-aa3b-4f09429e4055;servicios_basicos;estacion_servicio;Plenergy;correcto;;;;38.57407;-0.07667;755662.72;4273553.66;30;EPSG:4326;sin_ubicacion;;;;;;;;OpenStreetMap (Overpass);ODbL 1.0;;automatico_sin_revisar;fuera_municipio;3;
0bd7a3a7-b6e0-4087-a203-ff922ced83c7;equipamientos;farmacia;Farmacia · AV. AMETLLA DEL MAR, Nº5 ED. ALBATROS LOC. 1- 2;correcto;AV. AMETLLA DEL MAR, Nº5 ED. ALBATROS LOC. 1- 2;;;;;;;;EPSG:25830;sin_ubicacion;;;;Privada;MURIEL LOPEZ, LIVIO;;;Plantilla municipal — Limpieza info (PTM Benidorm);Uso interno del proyecto;;contrastado;sin_geometria;19;
0c4857f5-2482-4ffe-9172-f938b3b338e6;poblacion;padron;Población empadronada 2000;correcto;;;;;;;;;EPSG:4326;sin_ubicacion;;;;;;;;INE - Padrón municipal (tabla 29005);Reutilización libre (Ley 37/2007) citando la fuente;2000-01-01;automatico_sin_revisar;sin_geometria;0;
0db024b2-78e1-4cfe-9896-9eeefdcc4e79;territorio;partida;El Castell – Barri antic;correcto;;;;;;;;;EPSG:25830;sin_ubicacion;;;;;;;;Plantilla municipal — Limpieza info (PTM Benidorm);Uso interno del proyecto;;contrastado;sin_geometria;13;
0dc2955a-1909-4d54-89b8-6f9c35f7e689;equipamientos;alimentacion;La Kimbaya;correcto;Avenida de Los Limones 22;;;38.54008;-0.1333;750825.87;4269625.87;30;EPSG:4326;sin_ubicacion;;;;;;;;OpenStreetMap (Overpass);ODbL 1.0;;automatico_sin_revisar;valido;26;
0e1cc9c8-b972-4efb-8119-0a39b53bc7aa;infraestructuras;parada_autobus;123 - H. Poseidon Playa II;correcto;Av. Puerto Rico, 2;;;38.53714;-0.14716;749622.98;4269262.07;30;EPSG:25830;sin_ubicacion;;;;;;;;Plantilla municipal — Limpieza info (PTM Benidorm);Uso interno del proyecto;;contrastado;proximo_limite;26;
0e3dcc63-3cc1-4d03-b026-4467ad5c167d;equipamientos;colegio;Elian's British School La Nucía;correcto;;;;38.58744;-0.14569;749579.58;4274849.09;30;EPSG:4326;sin_ubicacion;;;;;;;;OpenStreetMap (Overpass);ODbL 1.0;;automatico_sin_revisar;fuera_municipio;3;
0e629ec0-9805-4235-9929-cb85c026fc69;infraestructuras;parada_autobus;C/ Marsella, 7;correcto;;;;38.54287;-0.09563;754112.81;4270038.33;30;EPSG:4326;sin_ubicacion;;;;;Llorente Bus;;;OpenStreetMap (Overpass);ODbL 1.0;;automatico_sin_revisar;valido;23;
0e6f059d-4fed-47e3-9217-c90c2ff8963a;infraestructuras;alojamiento;Mirador Del Castillo;correcto;Carrer dels Quatre Cantons;;;38.53525;-0.13195;750960.6;4269093.43;30;EPSG:4326;sin_ubicacion;;;;;;;;OpenStreetMap (Overpass);ODbL 1.0;;automatico_sin_revisar;proximo_limite;26;
0eec0cf4-a2f3-47b4-b474-b0a6a9f28b1c;equipamientos;alimentacion;Supermercado La Orozca;correcto;Carrer Girona - Calle Gerona;;;38.53672;-0.10935;752933.46;4269318.12;30;EPSG:4326;sin_ubicacion;;;;;;;;OpenStreetMap (Overpass);ODbL 1.0;;automatico_sin_revisar;valido;26;
0ef75307-0e11-43fd-a5fe-2537344712ba;infraestructuras;alojamiento;Barceló La Nucía Palms;correcto;Partida Buena Vista 2;;;38.58019;-0.12628;751302.09;4274096.95;30;EPSG:4326;sin_ubicacion;+34 966 942 930;;;Privada;Barceló Hotel Group;;;OpenStreetMap (Overpass);ODbL 1.0;;automatico_sin_revisar;fuera_municipio;9;
0f04e00a-96e9-45e7-957d-92105fcd8b78;equipamientos;alimentacion;alimentacion node/13437494856;correcto;;;;38.5384;-0.11471;752458.56;4269489.95;30;EPSG:4326;sin_ubicacion;;;;;;;;OpenStreetMap (Overpass);ODbL 1.0;;automatico_sin_revisar;valido;23;
0f1f0924-74dd-4e19-9875-690a908e0f9a;infraestructuras;parada_autobus;187 - Terra Mítica;correcto;Terra Mítica;;;38.55999;-0.15732;748655.99;4271770.94;30;EPSG:25830;sin_ubicacion;;;;;;;;Plantilla municipal — Limpieza info (PTM Benidorm);Uso interno del proyecto;;contrastado;valido;26;
0f80e6d3-ddd8-41b2-bccf-19f4d28ed964;servicios_basicos;estacion_servicio;BP LA ISLETA · AVENIDA JAIME I, 23;correcto;AVENIDA JAIME I, 23;;03502;38.54172;-0.13414;750746.73;4269805.63;30;EPSG:4326;sin_ubicacion;;;L-D: 24H;;BP LA ISLETA;;;Geoportal de Gasolineras (MITECO, API REST);Reutilización de información del sector público (Ley 37/2007), citando la fuente;2026-10-01;automatico_sin_revisar;valido;29;
0fc7aab6-797f-4176-9538-64b92dad21d4;territorio;partida;Foia de Sant Josep;correcto;;;;;;;;;EPSG:25830;sin_ubicacion;;;;;;;;Plantilla municipal — Limpieza info (PTM Benidorm);Uso interno del proyecto;;contrastado;sin_geometria;13;
0fcd0856-9ca8-4a50-a187-29102cb4f715;equipamientos;farmacia;Manuel Carlos Reche Moreno;correcto;Avinguda Poeta Miguel Hernández 1;;;38.58823;-0.116;752173.43;4275017.35;30;EPSG:4326;sin_ubicacion;;;;Privada;Manuel Carlos Reche Moreno;;;OpenStreetMap (Overpass);ODbL 1.0;;automatico_sin_revisar;fuera_municipio;9;
0fcf2959-68de-484f-b637-31cbda92a28a;infraestructuras;parada_autobus;Av. Severo Ochoa, 5 (Hotel Levante);correcto;;;;38.54161;-0.10384;753398.72;4269875.96;30;EPSG:4326;sin_ubicacion;;;;;Llorente Bus;;;OpenStreetMap (Overpass);ODbL 1.0;;automatico_sin_revisar;valido;23;
0fe50bc2-468a-4f4d-bcd8-4049da9002e4;infraestructuras;parada_autobus;301 - Rumanía 2;correcto;C/ Romania, 2;;;38.54701;-0.09845;753851.64;4270490.11;30;EPSG:25830;sin_ubicacion;;;;;;;;Plantilla municipal — Limpieza info (PTM Benidorm);Uso interno del proyecto;;contrastado;valido;26;
0ff064c5-43b5-481b-bcf8-6829bd60ff9b;infraestructuras;parada_autobus;24;por_revisar;;;;38.53063;-0.10518;753319.52;4268653.56;30;EPSG:4326;sin_ubicacion;;;;;Llorente Bus;;;OpenStreetMap (Overpass);ODbL 1.0;;automatico_sin_revisar;proximo_limite;23;El nombre es una cifra suelta, propia de la parada_autobus. No identifica el elemento, de modo que se conserva tal cual y se marca como pendiente en lugar de sustituirlo por una suposición.
101dba3c-fee2-4827-aab2-b4fad5f31f47;equipamientos;alimentacion;Carrefour Express;correcto;;;;38.54171;-0.12093;751902.79;4269840.4;30;EPSG:4326;sin_ubicacion;;;Mo-Su 09:00-21:30;;;;;OpenStreetMap (Overpass);ODbL 1.0;;automatico_sin_revisar;valido;26;
104f871b-b063-4e01-abb4-f717fbd1e487;infraestructuras;parada_autobus;Av. Mediterráneo, 3 (Benidorm Centro);correcto;;;;38.53726;-0.12424;751628.46;4269337.46;30;EPSG:4326;sin_ubicacion;;;;;Llorente Bus;;;OpenStreetMap (Overpass);ODbL 1.0;;automatico_sin_revisar;proximo_limite;23;
10670448-775f-4287-80a6-c590ffdd2f27;infraestructuras;parada_autobus;259 - Ed. Aries;correcto;C/ Alcalde Manuel Catalán Chana;;;38.53195;-0.10667;753184.53;4268795.99;30;EPSG:25830;sin_ubicacion;;;;;;;;Plantilla municipal — Limpieza info (PTM Benidorm);Uso interno del proyecto;;contrastado;proximo_limite;26;
107d9372-3254-4a22-970e-40daf7eee01b;equipamientos;colegio;CEIP MIGUEL HERNÁNDEZ;correcto;AV. NICARAGUA, 17;;;;;;;;EPSG:25830;sin_ubicacion;;;;Pública;;;;Plantilla municipal — Limpieza info (PTM Benidorm);Uso interno del proyecto;;contrastado;sin_geometria;19;
10d670cc-d976-4493-b4c4-c20cbec0f960;servicios_basicos;estacion_servicio;Galp;correcto;P.I. La Nucia - Parcela 16;;;38.60303;-0.12956;750936.58;4276623.18;30;EPSG:4326;sin_ubicacion;;;Mo-Su 07:00-23:00;Privada;Galp;;;OpenStreetMap (Overpass);ODbL 1.0;;automatico_sin_revisar;fuera_municipio;12;
112ea973-ca0f-4376-b8aa-d668adf56a10;equipamientos;farmacia;Farmacia · C/ SANTANDER, Nº18;correcto;C/ SANTANDER, Nº18;;;;;;;;EPSG:25830;sin_ubicacion;;;;Privada;RUIZ MIJARES, JOSE FERNANDO;;;Plantilla municipal — Limpieza info (PTM Benidorm);Uso interno del proyecto;;contrastado;sin_geometria;19;
1162ae5d-cecb-4b4b-b989-23424bd6347d;infraestructuras;alojamiento;Hostal Ventorrillo;correcto;;;;38.57478;-0.07906;755451.17;4273625.86;30;EPSG:4326;sin_ubicacion;;;;;;;;OpenStreetMap (Overpass);ODbL 1.0;;automatico_sin_revisar;fuera_municipio;3;
11d7a8fb-2b54-425a-83b0-0cb2d23e99e7;equipamientos;alimentacion;Lider;correcto;;;;38.54329;-0.12123;751871.09;4270014.95;30;EPSG:4326;sin_ubicacion;;;;;;;;OpenStreetMap (Overpass);ODbL 1.0;;automatico_sin_revisar;valido;23;
11f686cc-169a-42e4-9205-765b4fe09954;equipamientos;farmacia;Farmacia · C/ ALAMEDA, Nº3;correcto;C/ ALAMEDA, Nº3;;;;;;;;EPSG:25830;sin_ubicacion;;;;Privada;MARTINEZ DE LA CAMARA Y SALMERON, JORGE;;;Plantilla municipal — Limpieza info (PTM Benidorm);Uso interno del proyecto;;contrastado;sin_geometria;19;
12219037-9dba-4986-ac71-11686198404e;poblacion;padron;Población empadronada 2005;correcto;;;;;;;;;EPSG:4326;sin_ubicacion;;;;;;;;INE - Padrón municipal (tabla 29005);Reutilización libre (Ley 37/2007) citando la fuente;2005-01-01;automatico_sin_revisar;sin_geometria;0;
1224aece-92ee-4f4c-8e57-5d41149b359f;infraestructuras;alojamiento;Hotel Marina;correcto;;;;38.53789;-0.11688;752270.41;4269427.43;30;EPSG:4326;sin_ubicacion;;;;;;;;OpenStreetMap (Overpass);ODbL 1.0;;automatico_sin_revisar;valido;23;
122fa736-50e7-428c-9ba7-6d3fac53d261;infraestructuras;parada_autobus;226 - Las Monjas;correcto;Av. Severo Ochoa, 39;;;38.55263;-0.09768;753899.48;4271116.02;30;EPSG:25830;sin_ubicacion;;;;;;;;Plantilla municipal — Limpieza info (PTM Benidorm);Uso interno del proyecto;;contrastado;valido;26;
1263c0c0-27b1-4d30-9c32-f6ac8b15059c;equipamientos;biblioteca;Biblioplaya Levante;correcto;;;;38.53558;-0.12011;751995.7;4269162.23;30;EPSG:4326;sin_ubicacion;;;;;;;;OpenStreetMap (Overpass);ODbL 1.0;;automatico_sin_revisar;proximo_limite;23;
128356e0-c9c9-4a5c-8e14-97cf834c50f5;infraestructuras;parada_autobus;Av. Europa, 12;correcto;;;;38.53923;-0.12018;751976.98;4269567.17;30;EPSG:4326;sin_ubicacion;;;;;Llorente Bus;;;OpenStreetMap (Overpass);ODbL 1.0;;automatico_sin_revisar;valido;23;
128b5418-2f7f-49e2-a9c5-764b619b7dbf;servicios_basicos;estacion_servicio;BP;correcto;;;;38.54422;-0.1193;752036.77;4270123.43;30;EPSG:4326;sin_ubicacion;;;24/7;Privada;BP;;;OpenStreetMap (Overpass);ODbL 1.0;;automatico_sin_revisar;valido;29;
129121b6-94e9-4c32-b225-3a37a846b81f;infraestructuras;parada_autobus;136 - Ed. Mª Cristina;correcto;Av. Ricardo Bayona, 12;;;38.54008;-0.1394;750292.04;4269609.36;30;EPSG:25830;sin_ubicacion;;;;;;;;Plantilla municipal — Limpieza info (PTM Benidorm);Uso interno del proyecto;;contrastado;valido;26;
1295c863-0ffb-43c1-9700-8b48951146b6;equipamientos;alimentacion;Supermercado Londres;correcto;Avinguda de L'Ametlla de Mar;;;38.53632;-0.10679;753158.89;4269280.72;30;EPSG:4326;sin_ubicacion;;;;;;;;OpenStreetMap (Overpass);ODbL 1.0;;automatico_sin_revisar;valido;26;
12a4f1e9-8e8a-4001-ad15-e98203aa8fa8;equipamientos;escuela_infantil;CENTRE PRIV. ED. INF. 1er CICLE MY BIG KINGDOM;correcto;AV. FINLANDIA (LOCALS 8,9,10), 2;Benidorm;03502;38.54308;-0.12377;751649.54;4269984.73;30;EPSG:4326;sin_ubicacion;622275866;;;Privada;AZUCENA VIUDEZ ROMERA;;;GVA - Centros docentes de la Comunitat Valenciana (ICV WFS);CC BY 4.0;;automatico_sin_revisar;valido;29;
12bc0902-c5dd-454c-867b-c5e9cf49024d;infraestructuras;parada_autobus;Av. Mediterráneo, 23;correcto;;;;38.53667;-0.11726;752241.36;4269290.98;30;EPSG:4326;sin_ubicacion;;;;;Llorente Bus;;;OpenStreetMap (Overpass);ODbL 1.0;;automatico_sin_revisar;proximo_limite;23;
12f7c775-5918-4124-8c18-80df6fb7cb74;infraestructuras;parada_autobus;177 - Zaplana 177;correcto;Av. Eduardo Zaplana;;;38.555;-0.16015;748425.38;4271209.47;30;EPSG:25830;sin_ubicacion;;;;;;;;Plantilla municipal — Limpieza info (PTM Benidorm);Uso interno del proyecto;;contrastado;valido;26;
13678d70-1c54-4c57-8463-02f3f768c84b;infraestructuras;parada_autobus;Av. Eduardo Zaplana (Villaitana);correcto;;;;38.55965;-0.15061;749244.21;4271751.26;30;EPSG:4326;sin_ubicacion;;;;;Llorente Bus;;;OpenStreetMap (Overpass);ODbL 1.0;;automatico_sin_revisar;valido;23;
137d1b67-16ef-48a6-98c1-fb7ecb5173aa;infraestructuras;parada_taxi;parada taxi node/11112281429;correcto;;;;38.53697;-0.11957;752038.16;4269317.98;30;EPSG:4326;sin_ubicacion;;;;;;;;OpenStreetMap (Overpass);ODbL 1.0;;automatico_sin_revisar;proximo_limite;23;
13f74ba8-7f81-4d17-b279-d21cfa13ac90;infraestructuras;parada_autobus;C/ Romania, 6;correcto;;;;38.54622;-0.09632;754040.78;4270408.27;30;EPSG:4326;sin_ubicacion;;;;;Llorente Bus;;;OpenStreetMap (Overpass);ODbL 1.0;;automatico_sin_revisar;valido;23;
13ff9472-775c-4bf5-bc87-4aad43ceda9c;equipamientos;farmacia;farmacia node/13511951952;correcto;;;;38.53998;-0.12538;751519.32;4269636.27;30;EPSG:4326;sin_ubicacion;;;;;;;;OpenStreetMap (Overpass);ODbL 1.0;;automatico_sin_revisar;valido;23;
14139cc3-d01a-40f4-9f12-ea52a9aed541;infraestructuras;parada_autobus;211 - New Look;correcto;Av. Severo Ochoa, 8;;;38.54211;-0.10341;753434.61;4269932.63;30;EPSG:25830;sin_ubicacion;;;;;;;;Plantilla municipal — Limpieza info (PTM Benidorm);Uso interno del proyecto;;contrastado;valido;26;
144052e7-f9b2-4ed7-a0c7-df9249afadb9;equipamientos;alimentacion;Supermarket Save Benidorm;correcto;Avinguda de L'Ametlla de Mar 24;;;38.538;-0.10579;753240.58;4269469.93;30;EPSG:4326;sin_ubicacion;;;;;;;;OpenStreetMap (Overpass);ODbL 1.0;;automatico_sin_revisar;valido;26;
14462cf5-013e-4511-a479-9bfb6b9b38e6;infraestructuras;alojamiento;Aparthotel Lux Mar;correcto;;;;38.53939;-0.10619;753200.76;4269623.11;30;EPSG:4326;sin_ubicacion;;;;;;;;OpenStreetMap (Overpass);ODbL 1.0;;automatico_sin_revisar;valido;23;
1476339a-f25c-47e9-a429-b14d0e294694;infraestructuras;parada_autobus;PARADA (APTOS. BENIBEACH);correcto;;;;38.53842;-0.13969;750272.35;4269424.32;30;EPSG:4326;sin_ubicacion;;;;;;;;OpenStreetMap (Overpass);ODbL 1.0;;automatico_sin_revisar;proximo_limite;23;
14bc1ab0-3cb8-4527-b10c-37198ed95d28;infraestructuras;parada_autobus;Av. Jaume I, 38;correcto;;;;38.54147;-0.13382;750775.59;4269778.75;30;EPSG:4326;sin_ubicacion;;;;;Llorente Bus;;;OpenStreetMap (Overpass);ODbL 1.0;;automatico_sin_revisar;valido;23;
14d44830-f51b-4c36-b7e9-d66e9963335a;equipamientos;farmacia;farmacia node/11099118289;correcto;;;;38.53754;-0.13777;750443.39;4269331.84;30;EPSG:4326;sin_ubicacion;;;;;;;;OpenStreetMap (Overpass);ODbL 1.0;;automatico_sin_revisar;proximo_limite;23;
1538562c-4dfd-48aa-844b-e4a2ba6fe102;infraestructuras;alojamiento;Hotel Los Álamos;correcto;;;;38.5384;-0.12279;751751.43;4269467.94;30;EPSG:4326;sin_ubicacion;;;;;;;;OpenStreetMap (Overpass);ODbL 1.0;;automatico_sin_revisar;valido;23;
1551985d-2ee6-4969-b706-073a9de2c793;infraestructuras;parada_autobus;Pl. Dr. Fleming, 3AC (Ajuntament);correcto;;;;38.53814;-0.12829;751270.99;4269424.13;30;EPSG:4326;sin_ubicacion;;;;;Llorente Bus;;;OpenStreetMap (Overpass);ODbL 1.0;;automatico_sin_revisar;valido;23;
155b803c-8231-4362-8bd5-4d7a9616161b;infraestructuras;parada_autobus;C/ Romania, 3AC;correcto;;;;38.54701;-0.09844;753852.51;4270490.14;30;EPSG:4326;sin_ubicacion;;;;;Llorente Bus;;;OpenStreetMap (Overpass);ODbL 1.0;;automatico_sin_revisar;valido;23;
15bffa2c-fad9-43f9-9e05-45958f8c63cc;infraestructuras;parada_taxi;parada taxi way/1495774107;correcto;;;;38.53724;-0.12933;751183.06;4269321.41;30;EPSG:4326;sin_ubicacion;;;;;;;;OpenStreetMap (Overpass);ODbL 1.0;;automatico_sin_revisar;valido;23;
160c1789-5dfb-45f2-9a09-1e9e3cfd1abc;infraestructuras;parada_autobus;C/ Lepanto, 2;correcto;;;;38.53919;-0.12317;751715.45;4269554.59;30;EPSG:4326;sin_ubicacion;;;;;Llorente Bus;;;OpenStreetMap (Overpass);ODbL 1.0;;automatico_sin_revisar;valido;23;
163b1f39-9c1d-41c8-a226-e8c5ec08354b;infraestructuras;alojamiento;Hotel Benidorm East;correcto;;;;38.53503;-0.10073;753693.73;4269154.13;30;EPSG:4326;sin_ubicacion;;;;Privada;Pierre Vacances;;;OpenStreetMap (Overpass);ODbL 1.0;;automatico_sin_revisar;valido;26;
16478bd4-64ef-4a0b-80c4-7e5f9398dbcf;equipamientos;colegio;CEIP LEONOR CANALEJAS;correcto;C. ESCUELAS, S/N;;;;;;;;EPSG:25830;sin_ubicacion;;;;Pública;;;;Plantilla municipal — Limpieza info (PTM Benidorm);Uso interno del proyecto;;contrastado;sin_geometria;19;
1647c6f3-d0d3-4456-8b19-fbaeb457b777;infraestructuras;parada_autobus;362 - C. Real CEEM;correcto;Av. Ciudad Real, 4;;;38.54244;-0.10501;753293.45;4269964.88;30;EPSG:25830;sin_ubicacion;;;;;;;;Plantilla municipal — Limpieza info (PTM Benidorm);Uso interno del proyecto;;contrastado;valido;26;
173d32f5-c732-491e-906d-3769f23d6c22;infraestructuras;parada_autobus;C/ Juan Antonio Baldoví, 2;correcto;;;;38.52962;-0.16415;748161.61;4268381.7;30;EPSG:4326;sin_ubicacion;;;;;Llorente Bus;;;OpenStreetMap (Overpass);ODbL 1.0;;automatico_sin_revisar;proximo_limite;23;
1756b6a8-90d7-4812-aa14-c9c374a6e2d6;equipamientos;centro_salud;Centre de Salut - Tomàs Ortuño;correcto;;;;38.54033;-0.13181;750955.41;4269657.66;30;EPSG:4326;sin_ubicacion;;;;;;;;OpenStreetMap (Overpass);ODbL 1.0;;automatico_sin_revisar;valido;23;
17721713-bac4-44cc-b9a3-2ef5bf29657a;infraestructuras;parada_autobus;Av. Severo Ochoa, 15;correcto;;;;38.54607;-0.09996;753722.77;4270381.63;30;EPSG:4326;sin_ubicacion;;;;;Llorente Bus;;;OpenStreetMap (Overpass);ODbL 1.0;;automatico_sin_revisar;valido;23;
1821bcdd-9441-4cbc-975b-e2ae6d276b36;infraestructuras;parada_autobus;APTOS. (BENIBEACH);correcto;;;;38.53843;-0.14147;750116.53;4269420.62;30;EPSG:4326;sin_ubicacion;;;;;;;;OpenStreetMap (Overpass);ODbL 1.0;;automatico_sin_revisar;proximo_limite;23;
18ae8e34-aa87-429b-9099-ade64e25e64a;equipamientos;colegio;Col·legi d'Educació Infantil i Primària Serra Gelada;correcto;;;;38.54067;-0.09688;754011.07;4269790.7;30;EPSG:4326;sin_ubicacion;;;;Privada;Generalitat Valenciana;;;OpenStreetMap (Overpass);ODbL 1.0;;automatico_sin_revisar;valido;26;
18ceaabd-668f-45b3-9beb-58f1096e5d11;infraestructuras;parada_autobus;278 - Ed. Negurigane;correcto;Av. Municipi, 6;;;38.54348;-0.12247;751761.92;4270032.67;30;EPSG:25830;sin_ubicacion;;;;;;;;Plantilla municipal — Limpieza info (PTM Benidorm);Uso interno del proyecto;;contrastado;valido;26;
18d0fa0a-1fb3-4d2d-bd8c-6f9c1c701662;infraestructuras;parada_autobus;Av. Comunitat Valenciana, km. 123.6;correcto;;;;38.55256;-0.1088;752926.73;4271077.79;30;EPSG:4326;sin_ubicacion;;;;;Llorente Bus;;;OpenStreetMap (Overpass);ODbL 1.0;;automatico_sin_revisar;valido;23;
18fa1595-1772-4aff-ac25-6f1155b66a05;infraestructuras;alojamiento;Hotel Levante Club;correcto;;;;38.54181;-0.10417;753369.15;4269897.25;30;EPSG:4326;sin_ubicacion;+34966830000;;;;;;;OpenStreetMap (Overpass);ODbL 1.0;;automatico_sin_revisar;valido;23;
190bd50b-3d72-4e10-91eb-9c9e09f3d297;servicios_basicos;estacion_servicio;GALP · CARRETERA N-332 KM. 124,5;correcto;CARRETERA N-332 KM. 124,5;;03501;38.55769;-0.1015;753547.66;4271667.18;30;EPSG:4326;sin_ubicacion;;;L-D: 06:00-22:00;;GALP;;;Geoportal de Gasolineras (MITECO, API REST);Reutilización de información del sector público (Ley 37/2007), citando la fuente;2026-10-01;automatico_sin_revisar;valido;29;
190c3dc4-fd55-434d-81df-536e1eb3df63;infraestructuras;alojamiento;Hotel Agua Azul;correcto;;;;38.53853;-0.12774;751317.78;4269468.92;30;EPSG:4326;sin_ubicacion;;;;;;;;OpenStreetMap (Overpass);ODbL 1.0;;automatico_sin_revisar;valido;23;
19485b98-2edf-4c72-87f3-8efec14dab67;infraestructuras;parada_autobus;Av. Eduardo Zaplana;correcto;;;;38.55482;-0.16815;747726.03;4271168.04;30;EPSG:4326;sin_ubicacion;;;;;Llorente Bus;;;OpenStreetMap (Overpass);ODbL 1.0;;automatico_sin_revisar;valido;23;
1967a3a8-c733-4f32-955b-5263f2bc34ed;equipamientos;farmacia;Farmacia · C/ TOMAS ORTUÑO, Nº71 ESQ. C/ BUEN PASTOR;correcto;C/ TOMAS ORTUÑO, Nº71 ESQ. C/ BUEN PASTOR;;;;;;;;EPSG:25830;sin_ubicacion;;;;Privada;FARMACIA ORTIZ O'CONNOR, C.B;;;Plantilla municipal — Limpieza info (PTM Benidorm);Uso interno del proyecto;;contrastado;sin_geometria;19;
19c7f2d1-2885-429f-ac50-61d55c74e12c;infraestructuras;camping;Camping Arena Blanca;correcto;Avenida del Doctor Severo Ochoa 44;;03503;38.55147;-0.09546;754097.76;4270993.36;30;EPSG:4326;sin_ubicacion;;;;;;;;OpenStreetMap (Overpass);ODbL 1.0;;automatico_sin_revisar;valido;26;
19ddee52-5a8c-4532-bbb7-96737e584a1f;poblacion;padron;Población empadronada 1996;correcto;;;;;;;;;EPSG:4326;sin_ubicacion;;;;;;;;INE - Padrón municipal (tabla 29005);Reutilización libre (Ley 37/2007) citando la fuente;1996-01-01;automatico_sin_revisar;sin_geometria;0;
19f8d76a-b153-47fb-9fd0-283ab56e9191;infraestructuras;alojamiento;Pierre et Vacances Levante;correcto;;;;38.54356;-0.11974;752000.55;4270048.98;30;EPSG:4326;sin_ubicacion;;;;;;;;OpenStreetMap (Overpass);ODbL 1.0;;automatico_sin_revisar;valido;23;
1a03a40b-8bba-405c-9349-662eaca1d2b3;equipamientos;colegio;Den norske skole Costa Blanca;correcto;Calle Río Guadiana 14;;03580;38.59568;-0.11376;752343.55;4275850.38;30;EPSG:4326;sin_ubicacion;;;;;;;;OpenStreetMap (Overpass);ODbL 1.0;;automatico_sin_revisar;fuera_municipio;6;
1a1227fa-78c3-4d28-b4db-e949cde28022;infraestructuras;parada_autobus;Av. Comunitat Valenciana, 8AC;correcto;;;;38.54237;-0.12182;751822.63;4269911.23;30;EPSG:4326;sin_ubicacion;;;;;Llorente Bus;;;OpenStreetMap (Overpass);ODbL 1.0;;automatico_sin_revisar;valido;23;
1a15fbec-86e4-4f5d-8575-5f68c7be2c7a;infraestructuras;parada_autobus;229 - C. Lope de Vega;correcto;Av. Severo Ochoa, 9 (Lope de Vega);;;38.54378;-0.10258;753501.45;4270120.27;30;EPSG:25830;sin_ubicacion;;;;;;;;Plantilla municipal — Limpieza info (PTM Benidorm);Uso interno del proyecto;;contrastado;valido;26;
1a518341-fd38-488f-b782-4b6a983956a5;equipamientos;centro_salud;CS BENIDORM TOMAS ORTUÑO;correcto;TOMAS ORTUÑO, 69;;03500;38.5404;-0.13141;750990.17;4269666.52;30;EPSG:4326;sin_ubicacion;;;;;Sistema Valenciano de Salud;;;GVA - Sistema Valenciano de Salud, centros sanitarios (ICV WFS);CC BY 4.0;;automatico_sin_revisar;valido;26;
1a69316d-fed9-4d36-a53e-494a8f370845;territorio;partida;Foia del Bol;correcto;;;;;;;;;EPSG:25830;sin_ubicacion;;;;;;;;Plantilla municipal — Limpieza info (PTM Benidorm);Uso interno del proyecto;;contrastado;sin_geometria;13;
1b00875a-a109-4858-8f9d-3ec861779ae5;infraestructuras;parada_autobus;Carretera CV-70 (Tivoli);correcto;;;;38.56034;-0.13351;750737.91;4271874.06;30;EPSG:4326;sin_ubicacion;;;;;Llorente Bus;;;OpenStreetMap (Overpass);ODbL 1.0;;automatico_sin_revisar;valido;23;
1b0848b3-33dd-49cc-8cee-1464d60e3db5;infraestructuras;alojamiento;Hotel Fetiche;correcto;Panaderos 4;;03501;38.53644;-0.13;751127.18;4269230.8;30;EPSG:4326;sin_ubicacion;+34 96 629 84 41;;;;;;;OpenStreetMap (Overpass);ODbL 1.0;;automatico_sin_revisar;proximo_limite;26;
1b355853-989f-4573-ba7d-94d253f6a16a;equipamientos;consultorio;Clínica Europa;correcto;;;;38.53834;-0.11994;752001.05;4269469.04;30;EPSG:4326;sin_ubicacion;+34 965857648;;;;;;;OpenStreetMap (Overpass);ODbL 1.0;;automatico_sin_revisar;valido;23;
1b492991-fba4-4026-ba38-25b944271784;equipamientos;alimentacion;Supermarket;correcto;;;;38.53451;-0.10652;753188.79;4269080.55;30;EPSG:4326;sin_ubicacion;;;;;;;;OpenStreetMap (Overpass);ODbL 1.0;;automatico_sin_revisar;proximo_limite;23;
1bc119e8-7b98-43b5-8371-aa7de7317333;servicios_basicos;estacion_servicio;PETROENERGY · AVENIDA COMUNIDAD VALENCIANA- CAMÍ DEL PALASIET, 2;correcto;AVENIDA COMUNIDAD VALENCIANA- CAMÍ DEL PALASIET, 2;;03503;38.55114;-0.10978;752845.9;4270917.5;30;EPSG:4326;sin_ubicacion;;;L-D: 24H;;PETROENERGY;;;Geoportal de Gasolineras (MITECO, API REST);Reutilización de información del sector público (Ley 37/2007), citando la fuente;2026-10-01;automatico_sin_revisar;valido;29;
1becfbf3-85f1-45c6-8758-4273ed7c15e8;infraestructuras;parada_autobus;C/ Eivissa, 17 (Mercat);correcto;;;;38.53969;-0.11379;752534.61;4269635.65;30;EPSG:4326;sin_ubicacion;;;;;Llorente Bus;;;OpenStreetMap (Overpass);ODbL 1.0;;automatico_sin_revisar;valido;23;
1c54b74e-454e-4ce0-b188-72069b73df23;infraestructuras;alojamiento;Lux Albir;correcto;Calle Riu Girona;;03581;38.57314;-0.07766;755579.38;4273447.69;30;EPSG:4326;sin_ubicacion;;;;;;;;OpenStreetMap (Overpass);ODbL 1.0;;automatico_sin_revisar;fuera_municipio;6;
1c56fb0f-d05c-49af-bb6f-ae3378b8b53d;infraestructuras;parada_autobus;Av. Eduardo Zaplana;correcto;;;;38.56092;-0.14708;749548.7;4271901.74;30;EPSG:4326;sin_ubicacion;;;;;Llorente Bus;;;OpenStreetMap (Overpass);ODbL 1.0;;automatico_sin_revisar;valido;23;
1c900937-e432-4b4e-b3b2-ca8e44db1f9d;territorio;partida;Foietes;correcto;;;;;;;;;EPSG:25830;sin_ubicacion;;;;;;;;Plantilla municipal — Limpieza info (PTM Benidorm);Uso interno del proyecto;;contrastado;sin_geometria;13;
1cd00cdd-1be4-4367-bfe1-453f607d528c;equipamientos;alimentacion;Supermarket Dicost;correcto;Avinguda de L'Ametlla de Mar 26;;;38.53821;-0.10609;753213.6;4269492.41;30;EPSG:4326;sin_ubicacion;;;;;;;;OpenStreetMap (Overpass);ODbL 1.0;;automatico_sin_revisar;valido;26;
1cd5bcdc-50ee-4c4b-bfed-80695aa65aee;infraestructuras;parada_autobus;C/ Jardins, 1;correcto;;;;38.5458;-0.13413;750733.6;4270258.51;30;EPSG:4326;sin_ubicacion;;;;;Llorente Bus;;;OpenStreetMap (Overpass);ODbL 1.0;;automatico_sin_revisar;valido;23;
1d1a6ced-f450-44be-bc1e-4ffff0b8a73b;infraestructuras;alojamiento;Magic Cristal Park;correcto;Avenida de Ruzafa 14;;03500;38.53936;-0.12999;751118.01;4269554.93;30;EPSG:4326;sin_ubicacion;+34 965 851811;;;;;;;OpenStreetMap (Overpass);ODbL 1.0;;automatico_sin_revisar;valido;26;
1d47c231-60ad-4dd9-8891-680be74cae96;infraestructuras;parada_autobus;370 - Ayuntamiento;correcto;Pl. Dr. Fleming, 3AC (Ajuntament);;;38.53815;-0.12828;751271.83;4269425.27;30;EPSG:25830;sin_ubicacion;;;;;;;;Plantilla municipal — Limpieza info (PTM Benidorm);Uso interno del proyecto;;contrastado;valido;26;
1d4d0bdc-f7a6-4942-be59-60233680f0de;servicios_basicos;estacion_servicio;BP CALA BENIDORM · AVENIDA VILLAJOYOSA LA, 34;correcto;AVENIDA VILLAJOYOSA LA, 34;;03501;38.53364;-0.16225;748314.25;4268833;30;EPSG:4326;sin_ubicacion;;;L-D: 07:00-23:00;;BP CALA BENIDORM;;;Geoportal de Gasolineras (MITECO, API REST);Reutilización de información del sector público (Ley 37/2007), citando la fuente;2026-10-01;automatico_sin_revisar;valido;29;
1d801f55-38eb-44cf-adc1-24d21cef0d55;equipamientos;alimentacion;Mercadona;correcto;;;;38.6086;-0.1283;751027.57;4277244.85;30;EPSG:4326;sin_ubicacion;;;;;;;;OpenStreetMap (Overpass);ODbL 1.0;;automatico_sin_revisar;fuera_municipio;3;
1e1f74cb-f397-424e-91df-4c8e864590dc;infraestructuras;parada_autobus;Av. Severo Ochoa, 2;correcto;;;;38.53993;-0.10431;753363.41;4269688.2;30;EPSG:4326;sin_ubicacion;;;;;Llorente Bus;;;OpenStreetMap (Overpass);ODbL 1.0;;automatico_sin_revisar;valido;23;
1e43c804-63d7-43a5-9a2b-e0c03ac4ad09;infraestructuras;parada_autobus;337 - Londres 20;correcto;C/ Londres, 20;;;38.53606;-0.10007;753747.92;4269270.26;30;EPSG:25830;sin_ubicacion;;;;;;;;Plantilla municipal — Limpieza info (PTM Benidorm);Uso interno del proyecto;;contrastado;valido;26;
1e4fb536-0e9a-4d6f-be1d-fcdc4ec13420;infraestructuras;parada_autobus;Av. Eduardo Zaplana;correcto;;;;38.555;-0.16015;748425.38;4271209.47;30;EPSG:4326;sin_ubicacion;;;;;Llorente Bus;;;OpenStreetMap (Overpass);ODbL 1.0;;automatico_sin_revisar;valido;23;
1f0eeed7-d61a-4800-9dcb-920d3b24e7f5;equipamientos;centro_comunitario;Centre Social José Llorca Llinares;correcto;;;;38.54564;-0.13553;750611.64;4270236.96;30;EPSG:4326;sin_ubicacion;;;;Privada;Ayuntamiento de Benidorm;;;OpenStreetMap (Overpass);ODbL 1.0;;automatico_sin_revisar;valido;26;
1f22ffec-5bc1-47fb-a98f-452fc6e0c9c7;equipamientos;centro_comunitario;Centro Pepita Esperanza Llinares;correcto;;;;38.52977;-0.1652;748069.2;4268395.54;30;EPSG:4326;sin_ubicacion;;;;Privada;Ayuntamiento de Benidorm;;;OpenStreetMap (Overpass);ODbL 1.0;;automatico_sin_revisar;proximo_limite;26;
1f290bb3-2744-4746-aba7-889b14010969;infraestructuras;parada_autobus;214 - Severo Ochoa 44;correcto;Av. Severo Ochoa, 44;;;38.55009;-0.09735;753937.19;4270834.99;30;EPSG:25830;sin_ubicacion;;;;;;;;Plantilla municipal — Limpieza info (PTM Benidorm);Uso interno del proyecto;;contrastado;valido;26;
1f37e34d-66ba-45fc-9df3-c65937008350;infraestructuras;alojamiento;Center;correcto;Calle del Apolo XI 34;;;38.5396;-0.13389;750775.88;4269571;30;EPSG:4326;sin_ubicacion;;;;;;;;OpenStreetMap (Overpass);ODbL 1.0;;automatico_sin_revisar;valido;26;
1f535007-8803-4657-af06-0d4781e0d4cd;equipamientos;alimentacion;Mendoza;correcto;Avinguda del País Valencià 35;;;38.58004;-0.10444;753212.86;4274139.89;30;EPSG:4326;sin_ubicacion;+34 966 860 534;;;;;;;OpenStreetMap (Overpass);ODbL 1.0;;automatico_sin_revisar;fuera_municipio;6;
1fd40978-a8d5-4662-b7df-74316e22acdb;equipamientos;centro_salud;Policlínica Benidorm;correcto;;;;38.5432;-0.12889;751201.07;4269984.14;30;EPSG:4326;sin_ubicacion;;;;;;;;OpenStreetMap (Overpass);ODbL 1.0;;automatico_sin_revisar;valido;23;
20567bd2-2e6c-405e-ae03-c9e6012ac6b0;infraestructuras;parada_autobus;C/ Romania, 26 (Ciudad Patricia);correcto;;;;38.54445;-0.09155;754464.35;4270224.91;30;EPSG:4326;sin_ubicacion;;;;;Llorente Bus;;;OpenStreetMap (Overpass);ODbL 1.0;;automatico_sin_revisar;valido;23;
207138c8-0201-4100-9266-d5a9e7928191;equipamientos;alimentacion;Supermercado Halcón;correcto;;;;38.53206;-0.10675;753177.15;4268807.99;30;EPSG:4326;sin_ubicacion;;;;;;;;OpenStreetMap (Overpass);ODbL 1.0;;automatico_sin_revisar;proximo_limite;23;
20b134ce-bc7c-4be5-bb6f-2ff0e92c27a2;infraestructuras;parada_autobus;357 - C. Armanello;correcto;Av. Comunitat Valenciana, km 123.1 (Camí de l'A;;;38.5493;-0.1128;752588.01;4270705.02;30;EPSG:25830;sin_ubicacion;;;;;;;;Plantilla municipal — Limpieza info (PTM Benidorm);Uso interno del proyecto;;contrastado;valido;26;
20b9b5e2-52b0-496e-8a4b-a1fe72a6f686;equipamientos;alimentacion;alimentacion node/7973343590;correcto;Avinguda de Almería;;;38.53646;-0.11293;752621.04;4269279.48;30;EPSG:4326;sin_ubicacion;;;;;;;;OpenStreetMap (Overpass);ODbL 1.0;;automatico_sin_revisar;proximo_limite;26;
20ff1b4d-58e8-48d4-925e-ab5cd956c468;infraestructuras;parada_autobus;Av. Comunitat Valenciana, 5;correcto;;;;38.54248;-0.12201;751805.62;4269922.92;30;EPSG:4326;sin_ubicacion;;;;;Llorente Bus;;;OpenStreetMap (Overpass);ODbL 1.0;;automatico_sin_revisar;valido;23;
210602ea-d588-4425-b468-efc139ed0998;infraestructuras;parada_autobus;Av. Severo Ochoa, 44;correcto;;;;38.55009;-0.09735;753937.19;4270834.99;30;EPSG:4326;sin_ubicacion;;;;;Llorente Bus;;;OpenStreetMap (Overpass);ODbL 1.0;;automatico_sin_revisar;valido;23;
2107a5c0-a50d-4700-9d78-4622141adf0c;equipamientos;alimentacion;alimentacion way/1025806731;correcto;;;;38.55767;-0.10137;753559.1;4271665.32;30;EPSG:4326;sin_ubicacion;;;;;;;;OpenStreetMap (Overpass);ODbL 1.0;;automatico_sin_revisar;valido;23;
2168d135-d271-4b3b-98bf-76c818db99ce;infraestructuras;parada_autobus;267 - H. Palm Beach;correcto;C/ Oslo;;;38.53556;-0.10084;753682.26;4269212.65;30;EPSG:25830;sin_ubicacion;;;;;;;;Plantilla municipal — Limpieza info (PTM Benidorm);Uso interno del proyecto;;contrastado;valido;26;
216a98b3-8231-4576-933b-aae209e71ed2;equipamientos;biblioteca;Biblioteca Pública Municipal Central Benidorm;correcto;;;;38.53832;-0.12818;751279.99;4269444.41;30;EPSG:4326;sin_ubicacion;;;;;;;;OpenStreetMap (Overpass);ODbL 1.0;;automatico_sin_revisar;valido;23;
21bdfe76-a463-4cee-94d4-c69648690c18;infraestructuras;alojamiento;Hotel RH Royal;correcto;;;;38.53901;-0.12669;751408.02;4269525.05;30;EPSG:4326;sin_ubicacion;+34 965 853 500;;;;;;;OpenStreetMap (Overpass);ODbL 1.0;;automatico_sin_revisar;valido;23;
21bef304-f3ec-484b-b35d-4b903463dc9c;infraestructuras;parada_autobus;Av. Ametlers, 21;correcto;;;;38.53914;-0.13267;750884.23;4269523.25;30;EPSG:4326;sin_ubicacion;;;;;Llorente Bus;;;OpenStreetMap (Overpass);ODbL 1.0;;automatico_sin_revisar;valido;23;
21c832eb-4e46-412c-b7d0-1d56229c63fe;infraestructuras;alojamiento;Hotel Olympia;correcto;Carrer de l'Alt 2;;03501;38.53643;-0.12938;751181.47;4269231.37;30;EPSG:4326;sin_ubicacion;;;;;;;;OpenStreetMap (Overpass);ODbL 1.0;;automatico_sin_revisar;proximo_limite;26;
2211c1db-344a-4142-938c-c5df2a19821f;equipamientos;alimentacion;Alsuper;correcto;Avenida del Mediterráneo - Avinguda del Mediterranio;;;38.53705;-0.11947;752046.64;4269327.13;30;EPSG:4326;sin_ubicacion;;;;;;;;OpenStreetMap (Overpass);ODbL 1.0;;automatico_sin_revisar;proximo_limite;26;
22149112-f7dc-4cd7-aab6-67f42dda26f1;equipamientos;alimentacion;Mercadona;correcto;;;;38.57782;-0.13061;750931.52;4273822.13;30;EPSG:4326;sin_ubicacion;;;;;;;;OpenStreetMap (Overpass);ODbL 1.0;;automatico_sin_revisar;fuera_municipio;3;
22535b2b-5327-4b45-b80b-813be484b2d7;equipamientos;colegio;Lope de Vega International School;correcto;;;;38.54417;-0.10478;753307.58;4270157.53;30;EPSG:4326;sin_ubicacion;;;;Privada;Centro de Estduios Lope de Vega;;;OpenStreetMap (Overpass);ODbL 1.0;;automatico_sin_revisar;valido;26;
22a4ded6-1c2b-4a67-bc02-1c0a039e985d;equipamientos;alimentacion;alimentacion node/8869455896;correcto;Carrer de Girona - Calle de Gerona;;03503;38.53813;-0.12425;751624.58;4269434;30;EPSG:4326;sin_ubicacion;;;;;;;;OpenStreetMap (Overpass);ODbL 1.0;;automatico_sin_revisar;valido;26;
22b801f8-1b69-4257-b597-c4ba34c4e5d0;equipamientos;alimentacion;alimentacion node/6681841328;correcto;Avinguda de la Mare de Déu del Sofratge;;;38.53528;-0.12853;751259.82;4269106.04;30;EPSG:4326;sin_ubicacion;;;;;;;;OpenStreetMap (Overpass);ODbL 1.0;;automatico_sin_revisar;proximo_limite;26;
22d824d6-e8b7-4145-bc5c-17846fcd8af4;poblacion;padron;Población empadronada 2025;correcto;;;;;;;;;EPSG:4326;sin_ubicacion;;;;;;;;INE - Padrón municipal (tabla 29005);Reutilización libre (Ley 37/2007) citando la fuente;2025-01-01;automatico_sin_revisar;sin_geometria;3;
2320938b-d508-45f0-9604-52e27ee20bb9;infraestructuras;parada_autobus;Av. Nicaragua, 44 (Aparthotel Terralta);correcto;;;;38.54365;-0.14205;750047.9;4269998.44;30;EPSG:4326;sin_ubicacion;;;;;Llorente Bus;;;OpenStreetMap (Overpass);ODbL 1.0;;automatico_sin_revisar;valido;23;
235e2550-117d-4ce4-a9fb-c4eeeb156d65;equipamientos;alimentacion;alimentacion node/12672607213;correcto;Av. de los Almendros 5;;;38.53748;-0.13255;750900.43;4269339.32;30;EPSG:4326;sin_ubicacion;;;;;;;;OpenStreetMap (Overpass);ODbL 1.0;;automatico_sin_revisar;proximo_limite;26;
238265a3-c378-436a-9674-850bfe0d2987;infraestructuras;parada_autobus;97 - Zaplana V;correcto;Av. Eduardo Zaplana;;;38.55482;-0.16816;747725.15;4271168.02;30;EPSG:25830;sin_ubicacion;;;;;;;;Plantilla municipal — Limpieza info (PTM Benidorm);Uso interno del proyecto;;contrastado;valido;26;
2415e0d0-763e-44f7-ad36-adcecab8745b;equipamientos;farmacia;farmacia node/4736314626;correcto;Avinguda de Beniardà;;;38.54588;-0.13324;750811.2;4270269.81;30;EPSG:4326;sin_ubicacion;;;;;;;;OpenStreetMap (Overpass);ODbL 1.0;;automatico_sin_revisar;valido;26;
241f03a3-d6a5-4b2d-bb8c-968695e3e524;equipamientos;alimentacion;Mercadona;correcto;;;;38.54148;-0.12813;751273.5;4269795.29;30;EPSG:4326;sin_ubicacion;800500220;;Mo-Sa 09:00-22:00;;;;;OpenStreetMap (Overpass);ODbL 1.0;;automatico_sin_revisar;valido;26;
24332a80-cb06-4683-9bc2-3de71f3be90b;infraestructuras;alojamiento;Hotel Orange;correcto;;;;38.53892;-0.11624;752322.86;4269543.5;30;EPSG:4326;sin_ubicacion;+34 96 585 17 20;;;Privada;Servigroup;;;OpenStreetMap (Overpass);ODbL 1.0;;automatico_sin_revisar;valido;26;
244fe43e-e32a-4635-b9c8-7e4d1a58dd67;servicios_basicos;estacion_servicio;Repsol;correcto;CL AVDA. DEL PAIS VALENCIANO S.N.;;;38.58136;-0.10539;753125.19;4274283.8;30;EPSG:4326;sin_ubicacion;;;24/7;Privada;Repsol;;;OpenStreetMap (Overpass);ODbL 1.0;;automatico_sin_revisar;fuera_municipio;12;
24d992b8-58ee-48dc-b81f-78182c5c3dd9;equipamientos;alimentacion;Ecorganic;correcto;;;;38.53949;-0.17327;747329.96;4269452.8;30;EPSG:4326;sin_ubicacion;;;;;;;;OpenStreetMap (Overpass);ODbL 1.0;;automatico_sin_revisar;fuera_municipio;3;
252433f6-f572-416a-bb85-0870d295823f;infraestructuras;alojamiento;2Sleep Apartments;correcto;Avinguda de Martínez Alejos 2;;;38.53669;-0.12913;751202.46;4269260.91;30;EPSG:4326;sin_ubicacion;+34 965 854 038;;;;;;;OpenStreetMap (Overpass);ODbL 1.0;;automatico_sin_revisar;proximo_limite;26;
2529a6a8-9925-4fb0-a905-78991c681484;infraestructuras;alojamiento;Hotel Tanit;correcto;Carrer dels Ametlers - Avenida de los Almendros 1;;03501;38.53676;-0.13271;750888.9;4269258.97;30;EPSG:4326;sin_ubicacion;;;;;;;;OpenStreetMap (Overpass);ODbL 1.0;;automatico_sin_revisar;proximo_limite;26;
2583f85c-5456-4103-bf98-bc6f1c98c5d4;territorio;partida;Tolls;correcto;;;;;;;;;EPSG:25830;sin_ubicacion;;;;;;;;Plantilla municipal — Limpieza info (PTM Benidorm);Uso interno del proyecto;;contrastado;sin_geometria;13;
258cae6a-53d9-4764-8ab5-d691dd463050;infraestructuras;parada_autobus;Av. Mediterráneo, 35;correcto;;;;38.53642;-0.11491;752447.89;4269269.64;30;EPSG:4326;sin_ubicacion;;;;;;;;OpenStreetMap (Overpass);ODbL 1.0;;automatico_sin_revisar;proximo_limite;23;
258e7988-af48-4924-8e13-74edf6feff38;infraestructuras;parada_autobus;99 - Cuba 9;correcto;Av. Cuba, 9;;;38.54038;-0.14237;750031.1;4269634.63;30;EPSG:25830;sin_ubicacion;;;;;;;;Plantilla municipal — Limpieza info (PTM Benidorm);Uso interno del proyecto;;contrastado;valido;26;
25a5339a-b175-4af1-8655-aa024fcf1ff5;servicios_basicos;estacion_servicio;BP;correcto;CARRETERA CV-70 PARTIDA FOIA COMP KM 5.3;;;38.58964;-0.1245;751425.2;4275150.7;30;EPSG:4326;sin_ubicacion;;;24/7;Privada;BP;;;OpenStreetMap (Overpass);ODbL 1.0;;automatico_sin_revisar;fuera_municipio;12;
25ac89f1-bdc9-43f6-bf01-17e21866290c;equipamientos;colegio;Col·legi d'Educació Infantil i Primària Vasco Núñez de Balboa;correcto;;;;38.54751;-0.13656;750515.09;4270441.73;30;EPSG:4326;sin_ubicacion;;;;Privada;Generalitat Valenciana;;;OpenStreetMap (Overpass);ODbL 1.0;;automatico_sin_revisar;valido;26;
25b45ad2-fd9c-459d-8db3-d7cab1825caf;equipamientos;farmacia;Farmacia · C/ ALMERIA, Nº4;correcto;C/ ALMERIA, Nº4;;;;;;;;EPSG:25830;sin_ubicacion;;;;Privada;CORDERO SERNA, ANA Mª;;;Plantilla municipal — Limpieza info (PTM Benidorm);Uso interno del proyecto;;contrastado;sin_geometria;19;
25edc9d9-7fef-4a2e-8289-1110f87e0834;equipamientos;farmacia;Miguel Ángel Criado Fuster;correcto;Carrer La Ferreria 19;;03580;38.57629;-0.1004;753579.26;4273734.72;30;EPSG:4326;sin_ubicacion;;;;Privada;Miguel Ángel Criado Fuster;;;OpenStreetMap (Overpass);ODbL 1.0;;automatico_sin_revisar;fuera_municipio;9;
263ac09d-4632-4b02-8fd9-ca140b4e91f5;infraestructuras;parada_autobus;377 - Ed. Sol Poniente;correcto;C/ Adolfo Suárez, 22;;;38.54485;-0.15272;749110.09;4270102.86;30;EPSG:25830;sin_ubicacion;;;;;;;;Plantilla municipal — Limpieza info (PTM Benidorm);Uso interno del proyecto;;contrastado;valido;26;
267b7494-a338-428f-8ab0-39826197b318;infraestructuras;parada_autobus;Av. Mont-Benidorm, 1;correcto;;;;38.5326;-0.16281;748268.77;4268716.06;30;EPSG:4326;sin_ubicacion;;;;;Llorente Bus;;;OpenStreetMap (Overpass);ODbL 1.0;;automatico_sin_revisar;valido;23;
267bd03a-741e-4638-9351-c38909571d0e;infraestructuras;parada_autobus;Estació d'Autobusos de Benidorm / Estación de Autobuses de Benidorm;correcto;;;;38.5495;-0.12499;751520.66;4270694;30;EPSG:4326;sin_ubicacion;;;;;;;;OpenStreetMap (Overpass);ODbL 1.0;;automatico_sin_revisar;valido;23;
26eab8d2-2e2a-450b-ad8c-c648c365d14a;infraestructuras;parada_autobus;271 - Malta 12;correcto;C/ Malta, 12;;;38.5454;-0.09506;754153.89;4270320.71;30;EPSG:25830;sin_ubicacion;;;;;;;;Plantilla municipal — Limpieza info (PTM Benidorm);Uso interno del proyecto;;contrastado;valido;26;
27143107-73c9-4c15-a996-957d3c77e034;infraestructuras;parada_autobus;Av. l'Aigüera, front 5;correcto;;;;38.54169;-0.13089;751031.24;4269811.11;30;EPSG:4326;sin_ubicacion;;;;;Llorente Bus;;;OpenStreetMap (Overpass);ODbL 1.0;;automatico_sin_revisar;valido;23;
272eaac8-538e-490d-b61e-be13317424d3;infraestructuras;parada_autobus;Av. Vicente Pérez Devesa, 8 (Institut);correcto;;;;38.54035;-0.15105;749271.59;4269607.88;30;EPSG:4326;sin_ubicacion;;;;;Llorente Bus;;;OpenStreetMap (Overpass);ODbL 1.0;;automatico_sin_revisar;valido;23;
27653d1b-2326-4f07-99a1-d674a7283892;equipamientos;alimentacion;Economy Cash;correcto;Avenida de Alfonso Puchades;;;38.54376;-0.12903;751186.9;4270045.92;30;EPSG:4326;sin_ubicacion;;;;;;;;OpenStreetMap (Overpass);ODbL 1.0;;automatico_sin_revisar;valido;26;
2781a606-ce18-42f2-b97c-6611de0a0486;infraestructuras;parada_autobus;Av. Montecarlo, 36;correcto;;;;38.54059;-0.10044;753699.8;4269772.06;30;EPSG:4326;sin_ubicacion;;;;;Llorente Bus;;;OpenStreetMap (Overpass);ODbL 1.0;;automatico_sin_revisar;valido;23;
279a545e-0e9b-4240-bbd4-11c37a2e030c;equipamientos;colegio;Institut d'Educació Secundària Bernat de Sarrià;correcto;;;;38.5558;-0.12108;751841.07;4271403.91;30;EPSG:4326;sin_ubicacion;;;;Privada;Generalitat Valenciana;;;OpenStreetMap (Overpass);ODbL 1.0;;automatico_sin_revisar;valido;26;
27d3c8ce-1777-4f3e-aa01-c45bac6c8774;infraestructuras;parada_autobus;109 - Murtal 3;correcto;Av. Murtal 3;;;38.53664;-0.15786;748688.25;4269177.77;30;EPSG:25830;sin_ubicacion;;;;;;;;Plantilla municipal — Limpieza info (PTM Benidorm);Uso interno del proyecto;;contrastado;valido;26;
28502778-cedf-4d2b-8c85-dbbb266a61e2;infraestructuras;parada_autobus;Ctra. N-332, km 128 (Restaurant El Cisne);correcto;;;;38.56032;-0.09842;753807.99;4271967.55;30;EPSG:4326;sin_ubicacion;;;;;Llorente Bus;;;OpenStreetMap (Overpass);ODbL 1.0;;automatico_sin_revisar;valido;23;
28a49ecb-37cd-4384-91f6-94f53522d3eb;infraestructuras;parada_autobus;26;por_revisar;;;;38.54705;-0.12095;751882.62;4270433.06;30;EPSG:4326;sin_ubicacion;;;;;Llorente Bus;;;OpenStreetMap (Overpass);ODbL 1.0;;automatico_sin_revisar;valido;23;El nombre es una cifra suelta, propia de la parada_autobus. No identifica el elemento, de modo que se conserva tal cual y se marca como pendiente en lugar de sustituirlo por una suposición.
28b1a57a-536e-4e9c-b573-5ecad0afe8fa;infraestructuras;camping;Camping La Torreta;correcto;;;;38.54446;-0.10428;753350.33;4270191.09;30;EPSG:4326;sin_ubicacion;;;;;;;;OpenStreetMap (Overpass);ODbL 1.0;;automatico_sin_revisar;valido;23;
28df6639-7b7b-4e74-b15c-630f9ff55500;equipamientos;alimentacion;Olivia;correcto;Carrer Maravall 31;;;38.54033;-0.13389;750773.38;4269652.02;30;EPSG:4326;sin_ubicacion;;;;;;;;OpenStreetMap (Overpass);ODbL 1.0;;automatico_sin_revisar;valido;26;
28e0e214-6616-48e5-8668-2212411580a3;equipamientos;farmacia;Farmacia · AV. DE EUROPA, Nº6;correcto;AV. DE EUROPA, Nº6;;;;;;;;EPSG:25830;sin_ubicacion;;;;Privada;SUAREZ-POLA LERMA, MAGDALENA;;;Plantilla municipal — Limpieza info (PTM Benidorm);Uso interno del proyecto;;contrastado;sin_geometria;19;
28f9dd9d-a87f-4515-83e2-f13c13406b6f;infraestructuras;parada_autobus;115 - Mercadona;correcto;C/ Juan Antonio Baldovi, 13;;;38.532;-0.16582;748007.36;4268641.39;30;EPSG:25830;sin_ubicacion;;;;;;;;Plantilla municipal — Limpieza info (PTM Benidorm);Uso interno del proyecto;;contrastado;proximo_limite;26;
2914d696-08ab-40ae-ac52-5a2e4c625ef2;infraestructuras;parada_autobus;Av. Mediterráneo, 62 (Racó de l'Oix);correcto;;;;38.53478;-0.10794;753063.58;4269106.64;30;EPSG:4326;sin_ubicacion;;;;;Llorente Bus;;;OpenStreetMap (Overpass);ODbL 1.0;;automatico_sin_revisar;proximo_limite;23;
292bda58-506a-40e7-8f3c-268e0d5df2b3;equipamientos;alimentacion;Superfour express;correcto;Avinguda d'Europa;;;38.53981;-0.12001;751989.86;4269632.01;30;EPSG:4326;sin_ubicacion;;;;;;;;OpenStreetMap (Overpass);ODbL 1.0;;automatico_sin_revisar;valido;26;
29c6cbda-bd2d-4fca-bf40-c50f7a38b6d7;equipamientos;alimentacion;Supermercado masymas;correcto;;;;38.5424;-0.10302;753467.74;4269965.89;30;EPSG:4326;sin_ubicacion;;;;Privada;Juan Fornés Fornés, S.A.;;;OpenStreetMap (Overpass);ODbL 1.0;;automatico_sin_revisar;valido;26;
29ecb5b3-35c5-4f06-9193-e35f06b99e66;territorio;partida;Fluixà;correcto;;;;;;;;;EPSG:25830;sin_ubicacion;;;;;;;;Plantilla municipal — Limpieza info (PTM Benidorm);Uso interno del proyecto;;contrastado;sin_geometria;13;
29eeddcf-d6f7-4cfc-b500-bd7c099a9f38;equipamientos;alimentacion;Almendros;correcto;;;;38.53841;-0.13245;750905.99;4269442.82;30;EPSG:4326;sin_ubicacion;;;;;;;;OpenStreetMap (Overpass);ODbL 1.0;;automatico_sin_revisar;valido;23;
2a64402a-398c-4c1e-9aed-07cc7266b975;infraestructuras;alojamiento;Estudios Benidorm;correcto;Avinguda de Martínez Alejos;;;38.53651;-0.12895;751218.83;4269241.42;30;EPSG:4326;sin_ubicacion;;;;;;;;OpenStreetMap (Overpass);ODbL 1.0;;automatico_sin_revisar;proximo_limite;26;
2a6623c6-908d-4603-bfcd-4aec8be57579;infraestructuras;alojamiento;Hotel Sandos Monaco;correcto;;;;38.53969;-0.12177;751836.25;4269613.9;30;EPSG:4326;sin_ubicacion;+34 965855200;;;Privada;Sandos;;;OpenStreetMap (Overpass);ODbL 1.0;;automatico_sin_revisar;valido;26;
2aac3b53-6cbc-4d1f-bbeb-28ff482f3f31;infraestructuras;camping;Camping Benisol;correcto;Avinguda de la Comunitat Valenciana;;03503;38.55868;-0.09666;753967.68;4271790.34;30;EPSG:4326;sin_ubicacion;+34965851673;;;;;;;OpenStreetMap (Overpass);ODbL 1.0;;automatico_sin_revisar;valido;26;
2ae879da-835b-448d-a02f-2a38c5486ff8;infraestructuras;parada_autobus;237 - Mistral;correcto;Av. Mediterráneo, 35;;;38.53643;-0.11491;752447.86;4269270.75;30;EPSG:25830;sin_ubicacion;;;;;;;;Plantilla municipal — Limpieza info (PTM Benidorm);Uso interno del proyecto;;contrastado;proximo_limite;26;
2b18f813-c47c-4523-b894-f5412a955192;infraestructuras;alojamiento;Hotel Grand Luxor;correcto;Avenida Alcalde Eduardo Zaplana Hernández-Soto;;03502;38.55782;-0.15875;748538.27;4271526.24;30;EPSG:4326;sin_ubicacion;+34 966 83 12 14;;;;;;;OpenStreetMap (Overpass);ODbL 1.0;;automatico_sin_revisar;valido;26;
2b26133f-f681-4825-94cf-b1f3b3810063;equipamientos;alimentacion;alimentacion node/8762128836;correcto;Avinguda de Castelló;;03503;38.53622;-0.10975;752900.18;4269261.52;30;EPSG:4326;sin_ubicacion;;;;;;;;OpenStreetMap (Overpass);ODbL 1.0;;automatico_sin_revisar;valido;26;
2b3abac1-1f66-45a3-8225-58901772ad6a;equipamientos;farmacia;Farmacia · AV. L'AIGÜERA ED. GEMELOS XVII- LOCAL 2 Y 3;correcto;AV. L'AIGÜERA ED. GEMELOS XVII- LOCAL 2 Y 3;;;;;;;;EPSG:25830;sin_ubicacion;;;;Privada;MONLLOR TRELIS, ALMA MARIA;;;Plantilla municipal — Limpieza info (PTM Benidorm);Uso interno del proyecto;;contrastado;sin_geometria;19;
2b453d4b-e47b-4b52-8ce5-9897c677bce6;equipamientos;alimentacion;alimentacion node/13511970057;correcto;;;;38.54001;-0.12534;751522.72;4269639.71;30;EPSG:4326;sin_ubicacion;;;;;;;;OpenStreetMap (Overpass);ODbL 1.0;;automatico_sin_revisar;valido;23;
2b60e361-3483-433b-ac4a-fcb488a0dc22;equipamientos;centro_formacion;ESCOLA OFICIAL D'IDIOMES;correcto;C. DE LA NAU LLONDRO (SALT DE L'AIGUA), 3;;;;;;;;EPSG:25830;sin_ubicacion;;;;Pública;;;;Plantilla municipal — Limpieza info (PTM Benidorm);Uso interno del proyecto;;contrastado;sin_geometria;19;
2b73afe7-f7b0-4cb6-9c25-79d69e371cc0;infraestructuras;camping;Camping El Racó;correcto;;;;38.54843;-0.09978;753730.32;4270644.07;30;EPSG:4326;sin_ubicacion;;;;;;;;OpenStreetMap (Overpass);ODbL 1.0;;automatico_sin_revisar;valido;23;
2b800f7a-171c-43f3-831b-b477e2d71411;equipamientos;farmacia;Farmacia · AV. NICARAGUA, Nº15;correcto;AV. NICARAGUA, Nº15;;;;;;;;EPSG:25830;sin_ubicacion;;;;Privada;SANCHA ALBEROLA, PURIFICACION;;;Plantilla municipal — Limpieza info (PTM Benidorm);Uso interno del proyecto;;contrastado;sin_geometria;19;
2baa7d2b-f371-44f0-b3d3-01c02a3450bb;servicios_basicos;estacion_servicio;VCC ANOUER · POLIGONO APR 3, 68;correcto;POLIGONO APR 3, 68;;03502;38.55883;-0.10097;753590.07;4271795.17;30;EPSG:4326;sin_ubicacion;;;L-D: 24H;;VCC ANOUER;;;Geoportal de Gasolineras (MITECO, API REST);Reutilización de información del sector público (Ley 37/2007), citando la fuente;2026-10-01;automatico_sin_revisar;valido;29;
2bbc59b3-486c-4cad-9d2c-0da4c1a67527;equipamientos;alimentacion;Las Palmas;correcto;Carrer de la Biga;;;38.53788;-0.13008;751115.23;4269390.42;30;EPSG:4326;sin_ubicacion;;;;;;;;OpenStreetMap (Overpass);ODbL 1.0;;automatico_sin_revisar;valido;26;
2cbac46d-11bc-4b6f-bf4b-0c582781692d;territorio;partida;El Pi;correcto;;;;;;;;;EPSG:25830;sin_ubicacion;;;;;;;;Plantilla municipal — Limpieza info (PTM Benidorm);Uso interno del proyecto;;contrastado;sin_geometria;13;
2cbdb85d-a15c-4b94-9303-ef9f34a705d1;equipamientos;farmacia;farmacia node/2295011461;correcto;;;;38.53338;-0.10694;753155.95;4268953.98;30;EPSG:4326;sin_ubicacion;;;;;;;;OpenStreetMap (Overpass);ODbL 1.0;;automatico_sin_revisar;proximo_limite;23;
2cd19f51-734c-44c0-a3f6-5d69c15558af;equipamientos;hospital;Hospital Clínica Benidorm;correcto;;;;38.54308;-0.12918;751176.11;4269970.03;30;EPSG:4326;sin_ubicacion;+34 965 85 38 50;;;;;;;OpenStreetMap (Overpass);ODbL 1.0;;automatico_sin_revisar;valido;23;
2cd2ee05-479c-4193-8b80-c978a6ef0bca;infraestructuras;parada_autobus;295 - Juzgados;correcto;Pg. els Tolls, 2 (Jutjats);;;38.55095;-0.1249;751523.55;4270855.19;30;EPSG:25830;sin_ubicacion;;;;;;;;Plantilla municipal — Limpieza info (PTM Benidorm);Uso interno del proyecto;;contrastado;valido;26;
2d0ef906-503c-41ad-bac7-0005bf4d675c;infraestructuras;alojamiento;Aquarium II Apartments;correcto;;;;38.53764;-0.10825;753026.54;4269423.24;30;EPSG:4326;sin_ubicacion;;;;;;;;OpenStreetMap (Overpass);ODbL 1.0;;automatico_sin_revisar;valido;23;
2d18cdfd-83f3-4332-bfb9-43ece70bc7c5;equipamientos;alimentacion;Abdullah;correcto;Avinguda de L'Ametlla de Mar;;;38.53661;-0.10694;753144.76;4269312.5;30;EPSG:4326;sin_ubicacion;;;;;;;;OpenStreetMap (Overpass);ODbL 1.0;;automatico_sin_revisar;valido;26;
2da284a7-a2d7-40a5-bb53-c5f1df05486b;infraestructuras;parada_autobus;C/ Romania, 9AC;correcto;;;;38.54616;-0.09639;754034.86;4270401.42;30;EPSG:4326;sin_ubicacion;;;;;Llorente Bus;;;OpenStreetMap (Overpass);ODbL 1.0;;automatico_sin_revisar;valido;23;
2dcf001e-3461-4058-be60-7e4fced64453;infraestructuras;alojamiento;Hotel Servigroup Venus;correcto;;;;38.53924;-0.1147;752456.53;4269583.22;30;EPSG:4326;sin_ubicacion;;;;Privada;Hoteles Servigroup;;;OpenStreetMap (Overpass);ODbL 1.0;;automatico_sin_revisar;valido;26;
2e92ce81-a3b0-42ae-8050-fe44925ad042;equipamientos;colegio;Col·legi d'Educació Infantil i Primària Racó de l'Albir;correcto;;;;38.57702;-0.06894;756328.53;4273902.5;30;EPSG:4326;sin_ubicacion;;;;Privada;Generalitat Valenciana;;;OpenStreetMap (Overpass);ODbL 1.0;;automatico_sin_revisar;fuera_municipio;6;
2e9449e8-288e-4ea1-a6cb-fd9a7fa110eb;infraestructuras;parada_autobus;C/ Londres, 20;correcto;;;;38.53604;-0.10009;753746.24;4269267.99;30;EPSG:4326;sin_ubicacion;;;;;Llorente Bus;;;OpenStreetMap (Overpass);ODbL 1.0;;automatico_sin_revisar;valido;23;
2eca5d29-12be-45b9-8cbb-fd8a8f6aac46;infraestructuras;parada_autobus;Av. Comunitat Valenciana, km 123.1 (ITV);correcto;;;;38.54941;-0.11291;752578.01;4270716.92;30;EPSG:4326;sin_ubicacion;;;;;Llorente Bus;;;OpenStreetMap (Overpass);ODbL 1.0;;automatico_sin_revisar;valido;23;
2ef11b27-e22b-4dd1-9f1e-fdf2059f5a49;infraestructuras;parada_autobus;185 - Terra Natura;correcto;Vials Terra Mítica;;;38.56946;-0.14574;749636.73;4272853.26;30;EPSG:25830;sin_ubicacion;;;;;;;;Plantilla municipal — Limpieza info (PTM Benidorm);Uso interno del proyecto;;contrastado;valido;26;
2f07b202-d477-46ba-8c9a-77f2e84dcc99;infraestructuras;alojamiento;Spanglish Hostel;correcto;Carrer Maravall 11;;;38.53879;-0.13539;750647.39;4269477.03;30;EPSG:4326;sin_ubicacion;;;;;;;;OpenStreetMap (Overpass);ODbL 1.0;;automatico_sin_revisar;valido;26;
2f8b5c4f-d47e-4e6e-b12b-32269ad397dc;infraestructuras;parada_autobus;104 - Balcón Poniente;correcto;Av. Armada Espanyola, 13;;;38.53722;-0.14421;749880.88;4269278.91;30;EPSG:25830;sin_ubicacion;;;;;;;;Plantilla municipal — Limpieza info (PTM Benidorm);Uso interno del proyecto;;contrastado;proximo_limite;26;
3053b9af-b680-40b8-beeb-007afb4e20c6;infraestructuras;parada_autobus;290 - Asturcon;correcto;Av. Europa, 21;;;38.54153;-0.12041;751948.92;4269821.83;30;EPSG:25830;sin_ubicacion;;;;;;;;Plantilla municipal — Limpieza info (PTM Benidorm);Uso interno del proyecto;;contrastado;valido;26;
30ee8622-59dd-44fe-b5b6-54f1ee2f6cab;infraestructuras;alojamiento;Terraza Suites;correcto;Calle de la Gaviota 2;;;38.53882;-0.13145;750992.1;4269491.04;30;EPSG:4326;sin_ubicacion;;;;;;;;OpenStreetMap (Overpass);ODbL 1.0;;automatico_sin_revisar;valido;26;
30fc5056-a45c-492e-af7c-dc9c528748b2;equipamientos;centro_formacion;ESCOLA PRIVADA DE MÚSICA UNIÓN MUSICAL;correcto;CL. TOMÁS ORTUÑO, 8;Benidorm;03501;38.53702;-0.13105;751033.29;4269292.33;30;EPSG:4326;sin_ubicacion;965853356;;;Privada;ASOCIACIÓN UNIÓN MUSICAL DE BENIDORM;;;GVA - Centros docentes de la Comunitat Valenciana (ICV WFS);CC BY 4.0;;automatico_sin_revisar;proximo_limite;29;
316bcee4-24a6-498f-933c-4b5bb2d28809;equipamientos;alimentacion;Mini Market;correcto;Calle de Roldán 11;;;38.53822;-0.13363;750803.38;4269418.53;30;EPSG:4326;sin_ubicacion;;;;;;;;OpenStreetMap (Overpass);ODbL 1.0;;automatico_sin_revisar;valido;26;
31b55c4e-8fdf-4254-8386-772a52f59713;infraestructuras;parada_autobus;307 - Cala Tio Ximo;correcto;C/ Sierra Dorada;;;38.52806;-0.10528;753319.68;4268368.03;30;EPSG:25830;sin_ubicacion;;;;;;;;Plantilla municipal — Limpieza info (PTM Benidorm);Uso interno del proyecto;;contrastado;proximo_limite;26;
32304a5e-0bc1-42a9-aae4-4927f43ac8d0;infraestructuras;parada_autobus;98 - Cuba 4;correcto;Av. Cuba, 4;;;38.54057;-0.1421;750054.07;4269656.44;30;EPSG:25830;sin_ubicacion;;;;;;;;Plantilla municipal — Limpieza info (PTM Benidorm);Uso interno del proyecto;;contrastado;valido;26;
32489335-1866-44f9-96bf-71840d610b36;territorio;partida;El Saltet;correcto;;;;;;;;;EPSG:25830;sin_ubicacion;;;;;;;;Plantilla municipal — Limpieza info (PTM Benidorm);Uso interno del proyecto;;contrastado;sin_geometria;13;
324d2100-27bc-4cab-ad90-3a3a515095fc;territorio;partida;Palaciet;correcto;;;;;;;;;EPSG:25830;sin_ubicacion;;;;;;;;Plantilla municipal — Limpieza info (PTM Benidorm);Uso interno del proyecto;;contrastado;sin_geometria;13;
324d55ea-c87e-4f8f-abd3-5e2f95999968;equipamientos;farmacia;Farmacia Luz CB;correcto;Passeig de la Carretera 27;;03501;38.5363;-0.13108;751033.14;4269212.33;30;EPSG:4326;sin_ubicacion;;;09:00-21:00;;;;;OpenStreetMap (Overpass);ODbL 1.0;;automatico_sin_revisar;proximo_limite;29;
324fbc81-f014-4899-9459-7d15c6b1e146;infraestructuras;parada_autobus;Av. Montecarlo, 15AC;correcto;;;;38.5376;-0.10247;753532.53;4269434.62;30;EPSG:4326;sin_ubicacion;;;;;Llorente Bus;;;OpenStreetMap (Overpass);ODbL 1.0;;automatico_sin_revisar;valido;23;
335240cf-16c6-4275-9838-1bc4e2742f65;infraestructuras;alojamiento;Ático Carrasco;correcto;;;;38.53991;-0.1313;751001.48;4269612.43;30;EPSG:4326;sin_ubicacion;;;;;;;;OpenStreetMap (Overpass);ODbL 1.0;;automatico_sin_revisar;valido;23;
3379bdfd-85fb-4f9f-973a-baf1e620de22;equipamientos;farmacia;farmacia node/8776948655;correcto;Carrer de Tomàs Ortuño;;;38.54059;-0.13156;750976.39;4269687.2;30;EPSG:4326;sin_ubicacion;;;;;;;;OpenStreetMap (Overpass);ODbL 1.0;;automatico_sin_revisar;valido;26;
339b00da-46e2-4aee-b8f4-1c89a9072526;infraestructuras;parada_autobus;Av. 9 d'Octubre;correcto;;;;38.54122;-0.13604;750582.17;4269744.98;30;EPSG:4326;sin_ubicacion;;;;;Llorente Bus;;;OpenStreetMap (Overpass);ODbL 1.0;;automatico_sin_revisar;valido;23;
33b16437-7c62-4924-beaf-cb808d3f98c3;equipamientos;alimentacion;ALDI;correcto;Avinguda d'Europa 3;;;38.57588;-0.07734;755597.77;4273752.71;30;EPSG:4326;sin_ubicacion;;;"Su 10:00-21:00; Mo-Sa 09:00-21:30";;;;;OpenStreetMap (Overpass);ODbL 1.0;;automatico_sin_revisar;fuera_municipio;9;
34111120-b95d-40bb-a61f-0d711d4adfcf;equipamientos;farmacia;Marina Criado Fuster;correcto;Avenida del Albir 44;;03581;38.57161;-0.06924;756321.3;4273301.17;30;EPSG:4326;sin_ubicacion;;;;Privada;Marina Criado Fuster;;;OpenStreetMap (Overpass);ODbL 1.0;;automatico_sin_revisar;fuera_municipio;9;
34447c87-9d8b-490c-922f-a2a032c31099;infraestructuras;parada_taxi;parada taxi node/3710213161;correcto;;;;38.53485;-0.10808;753051.08;4269114.03;30;EPSG:4326;sin_ubicacion;;;;;;;;OpenStreetMap (Overpass);ODbL 1.0;;automatico_sin_revisar;proximo_limite;23;
345c0893-0cff-4d00-96fb-3a5ff1ff7b18;infraestructuras;alojamiento;Gran Hotel Bali;correcto;;;;38.53149;-0.16354;748208.65;4268590.9;30;EPSG:4326;sin_ubicacion;;;;;;;;OpenStreetMap (Overpass);ODbL 1.0;;automatico_sin_revisar;proximo_limite;23;
347839bc-d3f2-47fd-ab07-4e11b8344ad9;infraestructuras;parada_autobus;C/ Langreo, 1 (Hotel Bali);correcto;;;;38.53243;-0.16325;748230.84;4268696.01;30;EPSG:4326;sin_ubicacion;;;;;Llorente Bus;;;OpenStreetMap (Overpass);ODbL 1.0;;automatico_sin_revisar;valido;23;
351af516-3f8d-4fc6-b6e5-bbd0eb899db9;servicios_basicos;estacion_servicio;BP;correcto;;;;38.54175;-0.13414;750746.63;4269808.96;30;EPSG:4326;sin_ubicacion;;;;Privada;BP;;;OpenStreetMap (Overpass);ODbL 1.0;;automatico_sin_revisar;valido;26;
3552cd6e-386b-44d0-aae7-78a34ee6258e;infraestructuras;alojamiento;Hostal Anna;correcto;Carrer de les Escoles 1;;03501;38.53968;-0.13109;751020.65;4269587.47;30;EPSG:4326;sin_ubicacion;+34 965 565 274;;;;;;;OpenStreetMap (Overpass);ODbL 1.0;;automatico_sin_revisar;valido;26;
355f195c-61b8-4df7-b4e6-7cd31ff1fa7c;infraestructuras;alojamiento;Milord's Suites;correcto;;;;38.5367;-0.13227;750927.62;4269253.5;30;EPSG:4326;sin_ubicacion;;;;;;;;OpenStreetMap (Overpass);ODbL 1.0;;automatico_sin_revisar;proximo_limite;23;
3573ac75-4639-46bd-9c6e-9f75aacc5733;equipamientos;colegio;CEIP PUIG CAMPANA;correcto;AV. DE BELGICA, 16;;;;;;;;EPSG:25830;sin_ubicacion;;;;Pública;;;;Plantilla municipal — Limpieza info (PTM Benidorm);Uso interno del proyecto;;contrastado;sin_geometria;19;
357b3728-5f4d-405d-bbb9-04f159643e6b;infraestructuras;parada_autobus;291 - Europa 15;correcto;Av. Europa, 15;;;38.53921;-0.12042;751956.05;4269564.3;30;EPSG:25830;sin_ubicacion;;;;;;;;Plantilla municipal — Limpieza info (PTM Benidorm);Uso interno del proyecto;;contrastado;valido;26;
359b655b-d371-45f9-ba31-688b2595423a;equipamientos;alimentacion;Udaco;correcto;Marqués de Comillas 22;;;38.53795;-0.13441;750736.04;4269386.45;30;EPSG:4326;sin_ubicacion;;;;;;;;OpenStreetMap (Overpass);ODbL 1.0;;automatico_sin_revisar;proximo_limite;26;
35d43b4e-6dce-4cd3-b95f-311e8669087b;equipamientos;alimentacion;Lidl;correcto;Avenida del Albir 84;;03580;38.574;-0.07545;755769.69;4273549.26;30;EPSG:4326;sin_ubicacion;;;"Mo-Sa 09:00-21:30; Su 09:00-15:00";;;;;OpenStreetMap (Overpass);ODbL 1.0;;automatico_sin_revisar;fuera_municipio;9;
36370a8c-e404-4756-b1d1-867e108f66fd;infraestructuras;parada_autobus;303 - Ed. Zaragoza;correcto;Av. Alfonso Puchades, 19;;;38.54305;-0.12757;751317.1;4269971.08;30;EPSG:25830;sin_ubicacion;;;;;;;;Plantilla municipal — Limpieza info (PTM Benidorm);Uso interno del proyecto;;contrastado;valido;26;
3654ae32-0f0b-4ebd-855c-a5ff484f60a1;infraestructuras;parada_autobus;261 - Sierra Dorada;correcto;C/ Sierra Dorada;;;38.52951;-0.10579;753270.01;4268527.57;30;EPSG:25830;sin_ubicacion;;;;;;;;Plantilla municipal — Limpieza info (PTM Benidorm);Uso interno del proyecto;;contrastado;proximo_limite;26;
36b1e4d1-c5f0-4e89-a81e-a9a4a3a20c62;infraestructuras;alojamiento;Hotel Madeira Centro;correcto;;;;38.53785;-0.12587;751483.77;4269398.52;30;EPSG:4326;sin_ubicacion;;;;;;;;OpenStreetMap (Overpass);ODbL 1.0;;automatico_sin_revisar;valido;23;
37222576-c922-487c-ad39-f6b9c33d2b31;infraestructuras;alojamiento;Hotel Andalucía;correcto;;;;38.5422;-0.1343;750731.08;4269858.47;30;EPSG:4326;sin_ubicacion;;;;;;;;OpenStreetMap (Overpass);ODbL 1.0;;automatico_sin_revisar;valido;23;
378cc708-2bf7-4194-b776-e30701d7f73d;infraestructuras;parada_autobus;Partida el Marxasso (Cementeri);correcto;;;;38.56461;-0.11409;752422.19;4272400.84;30;EPSG:4326;sin_ubicacion;;;;;Llorente Bus;;;OpenStreetMap (Overpass);ODbL 1.0;;automatico_sin_revisar;valido;23;
378fc165-41b8-44bf-9ab1-4e84962c11e9;equipamientos;farmacia;farmacia node/3756235459;correcto;;;;38.57134;-0.13135;750889.07;4273100.87;30;EPSG:4326;sin_ubicacion;;;;;;;;OpenStreetMap (Overpass);ODbL 1.0;;automatico_sin_revisar;fuera_municipio;3;
37e18526-182d-4a2b-ad43-9165f44d067c;infraestructuras;parada_autobus;Av. Europa, 21;correcto;;;;38.54153;-0.1204;751949.79;4269821.86;30;EPSG:4326;sin_ubicacion;;;;;Llorente Bus;;;OpenStreetMap (Overpass);ODbL 1.0;;automatico_sin_revisar;valido;23;
3818bc03-738c-47d7-a4b2-30827a8d08e8;infraestructuras;alojamiento;Pensión Pardo;correcto;Avenida de Los Limones 14;;;38.53997;-0.13245;750900.63;4269615.97;30;EPSG:4326;sin_ubicacion;+34 640 177 989;;;;;;;OpenStreetMap (Overpass);ODbL 1.0;;automatico_sin_revisar;valido;26;
382bdcbd-195a-4cdb-b9b0-f842eb211e9c;infraestructuras;parada_autobus;339 - Marsella 7;correcto;C/ Marsella, 7;;;38.54287;-0.09563;754112.81;4270038.33;30;EPSG:25830;sin_ubicacion;;;;;;;;Plantilla municipal — Limpieza info (PTM Benidorm);Uso interno del proyecto;;contrastado;valido;26;
385e0021-2217-4ae9-9ce4-3ff1e2cf0cce;infraestructuras;parada_autobus;131 - Moderna;correcto;Av. Ametlers, 21;;;38.53914;-0.13267;750884.23;4269523.25;30;EPSG:25830;sin_ubicacion;;;;;;;;Plantilla municipal — Limpieza info (PTM Benidorm);Uso interno del proyecto;;contrastado;valido;26;
387d68ee-f279-4f84-8a8a-782ac2ae9e80;infraestructuras;alojamiento;Hotel Palmeral;correcto;;;;38.53346;-0.15754;748727.08;4268825.67;30;EPSG:4326;sin_ubicacion;+34 965 850 176;;;;;;;OpenStreetMap (Overpass);ODbL 1.0;;automatico_sin_revisar;proximo_limite;23;
388a1303-1811-43db-89f8-3476bf77d0c4;infraestructuras;camping;Camping Villasol;correcto;Avinguda de l'Almirall Bernat de Sarrià 13;;;38.54543;-0.10705;753104.57;4270291.18;30;EPSG:4326;sin_ubicacion;;;;;;;;OpenStreetMap (Overpass);ODbL 1.0;;automatico_sin_revisar;valido;26;
38bf4427-c27e-492c-95f1-40b0a5249d5f;territorio;partida;Les Coves;correcto;;;;;;;;;EPSG:25830;sin_ubicacion;;;;;;;;Plantilla municipal — Limpieza info (PTM Benidorm);Uso interno del proyecto;;contrastado;sin_geometria;13;
38c01ff5-cd67-484c-afe8-482267420e28;territorio;partida;Sanç;correcto;;;;;;;;;EPSG:25830;sin_ubicacion;;;;;;;;Plantilla municipal — Limpieza info (PTM Benidorm);Uso interno del proyecto;;contrastado;sin_geometria;13;
38c66804-70f3-4426-9d2b-3e6e4dcfb2e6;equipamientos;alimentacion;One Stop;correcto;Calle Lepanto;;;38.5387;-0.11707;752250.98;4269516.82;30;EPSG:4326;sin_ubicacion;;;;;;;;OpenStreetMap (Overpass);ODbL 1.0;;automatico_sin_revisar;valido;26;
39161f4a-8538-43a9-847d-33bef472074e;equipamientos;alimentacion;Spar;correcto;Calle Tordo 0;;;38.5402;-0.13437;750731.82;4269636.29;30;EPSG:4326;sin_ubicacion;;;;;;;;OpenStreetMap (Overpass);ODbL 1.0;;automatico_sin_revisar;valido;26;
39509c17-a261-4a3f-a4f3-88901752d78d;infraestructuras;parada_autobus;24;por_revisar;;;;38.53205;-0.10663;753187.69;4268807.2;30;EPSG:4326;sin_ubicacion;;;;;Llorente Bus;;;OpenStreetMap (Overpass);ODbL 1.0;;automatico_sin_revisar;proximo_limite;23;El nombre es una cifra suelta, propia de la parada_autobus. No identifica el elemento, de modo que se conserva tal cual y se marca como pendiente en lugar de sustituirlo por una suposición.
3959bc52-765c-4a14-b997-861037356bb3;infraestructuras;alojamiento;Palm Court Apartments;correcto;;;;38.54051;-0.11529;752400.51;4269722.57;30;EPSG:4326;sin_ubicacion;;;;;;;;OpenStreetMap (Overpass);ODbL 1.0;;automatico_sin_revisar;valido;23;
399ba33a-6adf-4d2b-91c0-560416be3e42;equipamientos;centro_salud;Instituto Ginecólogo Marina Baixa;correcto;;;;38.5381;-0.13144;750995.45;4269411.15;30;EPSG:4326;sin_ubicacion;;;;;;;;OpenStreetMap (Overpass);ODbL 1.0;;automatico_sin_revisar;valido;23;
39cdf1c6-9630-408d-b778-6cd010b749fc;animales;clinica_veterinaria;Energy Vet;correcto;Avinguda d'Europa 19;;;38.54038;-0.12059;751937.13;4269693.7;30;EPSG:4326;sin_ubicacion;;;;;;;;OpenStreetMap (Overpass);ODbL 1.0;;automatico_sin_revisar;valido;26;
39e9b780-9ab8-435d-9842-e91a4cc2c4e2;equipamientos;servicios_sociales;Asociación Doble Amor Para la Promoción de Personas Con Discapacidad Intelectual;correcto;;;;38.56147;-0.10512;753217.82;4272076.83;30;EPSG:4326;sin_ubicacion;;;;;;;;OpenStreetMap (Overpass);ODbL 1.0;;automatico_sin_revisar;valido;23;
39f92b32-b473-4ca2-a1d5-65e16abfe0e5;infraestructuras;parada_autobus;C/ Eivissa, 15;correcto;;;;38.5396;-0.11584;752355.52;4269620.06;30;EPSG:4326;sin_ubicacion;;;;;Llorente Bus;;;OpenStreetMap (Overpass);ODbL 1.0;;automatico_sin_revisar;valido;23;
3a9670e5-3833-471c-b860-389aae5fba2c;territorio;partida;La Torreta;correcto;;;;;;;;;EPSG:25830;sin_ubicacion;;;;;;;;Plantilla municipal — Limpieza info (PTM Benidorm);Uso interno del proyecto;;contrastado;sin_geometria;13;
3ab1e31c-6222-461f-8d87-97603f954ca9;infraestructuras;parada_autobus;Av. Severo Ochoa, 67 (Estanquet);correcto;;;;38.55613;-0.10329;753396.46;4271489.12;30;EPSG:4326;sin_ubicacion;;;;;Llorente Bus;;;OpenStreetMap (Overpass);ODbL 1.0;;automatico_sin_revisar;valido;23;
3b0062a0-1d93-4ce4-8837-714735887274;equipamientos;consultorio;Ibermutua;correcto;Carrer del Doctor Ramón y Cajal;;03501;38.5404;-0.10613;753202.51;4269735.38;30;EPSG:4326;sin_ubicacion;;;;;;;;OpenStreetMap (Overpass);ODbL 1.0;;automatico_sin_revisar;valido;26;
3b0f9fe7-a71a-4a1e-a337-df636310e674;infraestructuras;parada_autobus;156 - Jardines 1;correcto;C/ Jardins, 1;;;38.5458;-0.13413;750733.6;4270258.51;30;EPSG:25830;sin_ubicacion;;;;;;;;Plantilla municipal — Limpieza info (PTM Benidorm);Uso interno del proyecto;;contrastado;valido;26;
3b0fe79f-9661-4e7b-bc23-62e81456ef6e;equipamientos;farmacia;Farmacia Fuster Criado;correcto;;;;38.54265;-0.12724;751347.36;4269927.57;30;EPSG:4326;sin_ubicacion;;;;;;;;OpenStreetMap (Overpass);ODbL 1.0;;automatico_sin_revisar;valido;23;
3b19df84-0ba2-41f4-b5b2-ea404098ac1d;infraestructuras;parada_autobus;368 - Ruzafa 39;correcto;C/ Russafa, 29;;;38.53891;-0.13016;751104.68;4269504.52;30;EPSG:25830;sin_ubicacion;;;;;;;;Plantilla municipal — Limpieza info (PTM Benidorm);Uso interno del proyecto;;contrastado;valido;26;
3b2d5536-9cec-4725-802f-98d735097078;infraestructuras;parada_autobus;26;por_revisar;;;;38.54165;-0.13538;750638.45;4269794.5;30;EPSG:4326;sin_ubicacion;;;;;Llorente Bus;;;OpenStreetMap (Overpass);ODbL 1.0;;automatico_sin_revisar;valido;23;El nombre es una cifra suelta, propia de la parada_autobus. No identifica el elemento, de modo que se conserva tal cual y se marca como pendiente en lugar de sustituirlo por una suposición.
3bbc203e-8c30-4874-82e4-b595b42ab48b;equipamientos;alimentacion;Mercadona;correcto;;;;38.53689;-0.13136;751006.61;4269277.06;30;EPSG:4326;sin_ubicacion;;;;;;;;OpenStreetMap (Overpass);ODbL 1.0;;automatico_sin_revisar;proximo_limite;23;
3bccea62-7034-47ae-a5b0-8813217ca9b3;infraestructuras;parada_autobus;C/ Juan Antonio Baldoví, 13;correcto;;;;38.532;-0.16581;748008.24;4268641.42;30;EPSG:4326;sin_ubicacion;;;;;Llorente Bus;;;OpenStreetMap (Overpass);ODbL 1.0;;automatico_sin_revisar;proximo_limite;23;
3bcf447b-754e-41ad-8687-66f57b0ba190;equipamientos;alimentacion;Quick Save;correcto;Avenida de Cuenca 18;;;38.54045;-0.11702;752249.31;4269711.19;30;EPSG:4326;sin_ubicacion;;;;;;;;OpenStreetMap (Overpass);ODbL 1.0;;automatico_sin_revisar;valido;26;
3bd9a080-85c4-4297-b3fc-9426303dc76c;infraestructuras;alojamiento;La Costera;correcto;Costera del Campo;;;38.53725;-0.13359;750810.21;4269310.97;30;EPSG:4326;sin_ubicacion;;;;;;;;OpenStreetMap (Overpass);ODbL 1.0;;automatico_sin_revisar;proximo_limite;26;
3c147a1c-27d8-46dd-af63-295d3cfd6dd1;equipamientos;alimentacion;British Bar;correcto;;;;38.53923;-0.12001;751991.86;4269567.63;30;EPSG:4326;sin_ubicacion;;;;;;;;OpenStreetMap (Overpass);ODbL 1.0;;automatico_sin_revisar;valido;23;
3c36bb89-2604-43c2-8960-857898b9ceef;equipamientos;alimentacion;Mercaloix;correcto;;;;38.53644;-0.10747;753098.96;4269292.18;30;EPSG:4326;sin_ubicacion;;;;;;;;OpenStreetMap (Overpass);ODbL 1.0;;automatico_sin_revisar;valido;23;
3ce4b7fa-9245-464f-9ffe-4f0e6b0e91c4;equipamientos;alimentacion;masymas;correcto;Marqués de Comillas 33;;;38.53787;-0.13465;750715.31;4269376.92;30;EPSG:4326;sin_ubicacion;;;;Privada;Juan Fornés Fornés, S.A.;;;OpenStreetMap (Overpass);ODbL 1.0;;automatico_sin_revisar;proximo_limite;29;
3d0d3acd-3e40-485a-9be7-bd6a8dd8a35e;equipamientos;alimentacion;alimentacion way/1256809419;correcto;;;;38.57126;-0.09692;753901.16;4273185.96;30;EPSG:4326;sin_ubicacion;;;;;;;;OpenStreetMap (Overpass);ODbL 1.0;;automatico_sin_revisar;fuera_municipio;3;
3d5d790b-1d39-4d72-b758-ae2916ee1a95;equipamientos;alimentacion;Supermercado Llorca;correcto;Carrer de Tomás Ortuño 21;;;38.53809;-0.13122;751014.74;4269410.63;30;EPSG:4326;sin_ubicacion;;;;;;;;OpenStreetMap (Overpass);ODbL 1.0;;automatico_sin_revisar;valido;26;
3d7b587c-93ad-4eb2-b7ac-aa51c9e09c4a;infraestructuras;parada_autobus;26;por_revisar;;;;38.54622;-0.14315;749942.85;4270280.73;30;EPSG:4326;sin_ubicacion;;;;;Llorente Bus;;;OpenStreetMap (Overpass);ODbL 1.0;;automatico_sin_revisar;valido;23;El nombre es una cifra suelta, propia de la parada_autobus. No identifica el elemento, de modo que se conserva tal cual y se marca como pendiente en lugar de sustituirlo por una suposición.
3dabf214-3f7a-4714-832e-d5c48824a180;infraestructuras;parada_autobus;Av. Jaume I, 16;correcto;;;;38.53863;-0.13628;750570.05;4269456.86;30;EPSG:4326;sin_ubicacion;;;;;Llorente Bus;;;OpenStreetMap (Overpass);ODbL 1.0;;automatico_sin_revisar;proximo_limite;23;
3e2ff1fb-cf8c-40e9-bfda-e260f83060ff;infraestructuras;parada_autobus;308 - Sierra Dorada;correcto;C/ Sierra Dorada;;;38.52954;-0.10571;753276.91;4268531.12;30;EPSG:25830;sin_ubicacion;;;;;;;;Plantilla municipal — Limpieza info (PTM Benidorm);Uso interno del proyecto;;contrastado;proximo_limite;26;
3e4c5f95-5f1e-4c8b-96df-3177a23c95e6;equipamientos;centro_formacion;CENTRE ESTRANGER OAKWOOD BRITISH SCHOOL;correcto;PD. ELS TOLLS, 19;Benidorm;03502;38.55001;-0.12971;751105.9;4270737.79;30;EPSG:4326;sin_ubicacion;622238174;;;Privada;OAKWOOD BRITISH SCHOOL, SLU;;;GVA - Centros docentes de la Comunitat Valenciana (ICV WFS);CC BY 4.0;;automatico_sin_revisar;valido;29;
3eeb639d-8ce5-4906-808d-936106087b53;equipamientos;centro_salud;CENTRO DE SALUD DE BENIDORM LES FOIETES;correcto;AVDA. VENEZUELA, 12;;03502;38.54064;-0.13725;750478.27;4269677.33;30;EPSG:4326;sin_ubicacion;;;;;Sistema Valenciano de Salud;;;GVA - Sistema Valenciano de Salud, centros sanitarios (ICV WFS);CC BY 4.0;;automatico_sin_revisar;valido;26;
3eed8565-41c2-4d4f-96bd-8ed05e3d8b25;infraestructuras;parada_autobus;312 - H. Pueblo;correcto;C/ Eivissa, 17 (Mercat);;;38.53957;-0.11374;752539.4;4269622.46;30;EPSG:25830;sin_ubicacion;;;;;;;;Plantilla municipal — Limpieza info (PTM Benidorm);Uso interno del proyecto;;contrastado;valido;26;
3f18ee99-bbe9-4d55-ba8b-b84ed865e12e;infraestructuras;parada_taxi;parada taxi node/975411715;correcto;;;;38.53233;-0.16261;748287.19;4268686.63;30;EPSG:4326;sin_ubicacion;;;;;;;;OpenStreetMap (Overpass);ODbL 1.0;;automatico_sin_revisar;valido;23;
3f330109-022c-415d-a3fc-878724e4f604;infraestructuras;alojamiento;Hotel BBB;correcto;Calle de los Tulipanes 6;;;38.53914;-0.13444;750729.33;4269518.45;30;EPSG:4326;sin_ubicacion;;;;;;;;OpenStreetMap (Overpass);ODbL 1.0;;automatico_sin_revisar;valido;26;
3fe8c66b-1af8-4c52-b8eb-2aa7c8e2bd67;equipamientos;alimentacion;Europa Express;correcto;Avinguda de Madrid - Avenida de Madrid 1;;;38.53591;-0.12004;752000.68;4269199.05;30;EPSG:4326;sin_ubicacion;;;;;;;;OpenStreetMap (Overpass);ODbL 1.0;;automatico_sin_revisar;proximo_limite;26;
401de8fe-4214-4db8-8652-eadb69e2fa94;equipamientos;farmacia;farmacia node/4737083722;correcto;;;;38.57358;-0.13013;750988.09;4273352.81;30;EPSG:4326;sin_ubicacion;;;;;;;;OpenStreetMap (Overpass);ODbL 1.0;;automatico_sin_revisar;fuera_municipio;3;
40b46ce9-f2fa-4339-8740-28550ec9c473;infraestructuras;parada_autobus;C/ Adolfo Suárez, 12;correcto;;;;38.54227;-0.15101;749268.53;4269821.1;30;EPSG:4326;sin_ubicacion;;;;;Llorente Bus;;;OpenStreetMap (Overpass);ODbL 1.0;;automatico_sin_revisar;valido;23;
40eb26b6-5e88-4c36-90b9-74fb969b5b57;equipamientos;alimentacion;Stop And Shop;correcto;;;;38.53949;-0.10442;753355.31;4269639.06;30;EPSG:4326;sin_ubicacion;;;;;;;;OpenStreetMap (Overpass);ODbL 1.0;;automatico_sin_revisar;valido;23;
40f04217-764d-4bd8-9fc4-fa7e30d36ab1;poblacion;padron;Población empadronada 2020;correcto;;;;;;;;;EPSG:4326;sin_ubicacion;;;;;;;;INE - Padrón municipal (tabla 29005);Reutilización libre (Ley 37/2007) citando la fuente;2020-01-01;automatico_sin_revisar;sin_geometria;0;
4113fa89-4539-4a7d-861f-ed8e62d1edd7;animales;clinica_veterinaria;La Clínica De Marina;correcto;Carrer Marqués de Comillas 4;;;38.53767;-0.13271;750885.78;4269359.97;30;EPSG:4326;sin_ubicacion;;;;;;;;OpenStreetMap (Overpass);ODbL 1.0;;automatico_sin_revisar;proximo_limite;26;
413ea71f-3ab5-453a-8348-59ec0492fdf5;equipamientos;alimentacion;alimentacion node/8807288199;correcto;Calle de Gerona 16;;;38.53796;-0.11957;752034.75;4269427.87;30;EPSG:4326;sin_ubicacion;;;;;;;;OpenStreetMap (Overpass);ODbL 1.0;;automatico_sin_revisar;valido;26;
4140e3bf-e854-40f7-a6be-50ebc2058c20;infraestructuras;parada_autobus;3, 25;correcto;;;;38.53664;-0.15672;748788.02;4269180.83;30;EPSG:4326;sin_ubicacion;;;;;Llorente Bus;;;OpenStreetMap (Overpass);ODbL 1.0;;automatico_sin_revisar;valido;23;
418855d9-6844-4c8b-af1c-fc3cfce21f00;medios_recursos;desfibrilador;desfibrilador node/12716728301;correcto;;;;38.54802;-0.13439;750703.22;4270504.22;30;EPSG:4326;sin_ubicacion;;;;;;;;OpenStreetMap (Overpass);ODbL 1.0;;automatico_sin_revisar;valido;23;
426cea0e-0549-4b25-b2ef-70fc022590d0;infraestructuras;parada_autobus;Av. Cuba 6;correcto;;;;38.54058;-0.14585;749725.87;4269647.43;30;EPSG:4326;sin_ubicacion;;;;;Llorente Bus;;;OpenStreetMap (Overpass);ODbL 1.0;;automatico_sin_revisar;valido;23;
430c659d-4f31-4851-a742-59c34d558dd7;infraestructuras;parada_autobus;Av. Orts Llorca, 5AC;correcto;;;;38.53844;-0.12345;751693.53;4269470.58;30;EPSG:4326;sin_ubicacion;;;;;Llorente Bus;;;OpenStreetMap (Overpass);ODbL 1.0;;automatico_sin_revisar;valido;23;
431c6f94-5fdc-426c-a839-39ec25e18488;infraestructuras;parada_autobus;Av. Bèlgica, 17;correcto;;;;38.54618;-0.12449;751575.85;4270326.86;30;EPSG:4326;sin_ubicacion;;;;;Llorente Bus;;;OpenStreetMap (Overpass);ODbL 1.0;;automatico_sin_revisar;valido;23;
4333c53e-bafc-423e-bde8-e996cb4edbec;equipamientos;colegio;Institut d'Educació Secundària l'Almadrava;correcto;;;;38.55502;-0.12254;751716.01;4271313.36;30;EPSG:4326;sin_ubicacion;;;;Privada;Generalitat Valenciana;;;OpenStreetMap (Overpass);ODbL 1.0;;automatico_sin_revisar;valido;26;
4336704e-f0d6-4c8c-9673-c24eaf1591e4;infraestructuras;parada_autobus;C/ Girona, 12;correcto;;;;38.53795;-0.12155;751861.5;4269421.37;30;EPSG:4326;sin_ubicacion;;;;;Llorente Bus;;;OpenStreetMap (Overpass);ODbL 1.0;;automatico_sin_revisar;valido;23;
4357613b-7c40-4ce7-81e4-a786714386c3;equipamientos;alimentacion;Big Ben;correcto;Avenida del Mediterráneo;;;38.53512;-0.10803;753054.52;4269144.13;30;EPSG:4326;sin_ubicacion;;;;;;;;OpenStreetMap (Overpass);ODbL 1.0;;automatico_sin_revisar;proximo_limite;26;
435a8364-6111-46ed-83b0-b5c8104642d5;infraestructuras;alojamiento;Rosabel;correcto;Calle de los Tulipanes;;;38.53907;-0.13391;750775.95;4269512.11;30;EPSG:4326;sin_ubicacion;;;;;;;;OpenStreetMap (Overpass);ODbL 1.0;;automatico_sin_revisar;valido;26;
435d2fc4-065f-44ca-a3a7-5730c5680760;infraestructuras;parada_autobus;Av. Severo Ochoa, 16 (Hotel Mediterráneo);correcto;;;;38.54428;-0.10193;753556.6;4270177.55;30;EPSG:4326;sin_ubicacion;;;;;Llorente Bus;;;OpenStreetMap (Overpass);ODbL 1.0;;automatico_sin_revisar;valido;23;
437ca9e3-83c5-4aad-a11b-2ba9f69c3fb4;infraestructuras;parada_autobus;Pg. els Tolls, 2 (Jutjats);correcto;;;;38.55095;-0.12489;751524.42;4270855.22;30;EPSG:4326;sin_ubicacion;;;;;Llorente Bus;;;OpenStreetMap (Overpass);ODbL 1.0;;automatico_sin_revisar;valido;23;
43c65f9b-1374-4263-b412-909818e9c781;infraestructuras;parada_autobus;184 - Zaplana 184;correcto;Av. Eduardo Zaplana, s/n;;;38.56128;-0.13821;750323.49;4271965.67;30;EPSG:25830;sin_ubicacion;;;;;;;;Plantilla municipal — Limpieza info (PTM Benidorm);Uso interno del proyecto;;contrastado;valido;26;
43ce196f-e14e-484a-9b01-5174770d1b83;infraestructuras;parada_autobus;Av. Cuba, 4;correcto;;;;38.54056;-0.1421;750054.11;4269655.33;30;EPSG:4326;sin_ubicacion;;;;;Llorente Bus;;;OpenStreetMap (Overpass);ODbL 1.0;;automatico_sin_revisar;valido;23;
43d117dd-0146-4e30-ac55-733e17f1da3c;infraestructuras;parada_autobus;Av. Comunitat Valenciana, km 124.6;correcto;;;;38.55846;-0.10085;753601.85;4271754.43;30;EPSG:4326;sin_ubicacion;;;;;Llorente Bus;;;OpenStreetMap (Overpass);ODbL 1.0;;automatico_sin_revisar;valido;23;
4426693f-eb2d-4252-ac4c-d0a3ebc8ceb0;infraestructuras;parada_autobus;C/ Nau Llondro, 1 (Escola Oficial d'Idiomes);correcto;;;;38.5519;-0.12211;751764.4;4270968.23;30;EPSG:4326;sin_ubicacion;;;;;Llorente Bus;;;OpenStreetMap (Overpass);ODbL 1.0;;automatico_sin_revisar;valido;23;
4458329c-0031-4b79-8f45-ef8dbea421c3;infraestructuras;parada_autobus;332 - Lepanto 22;correcto;C/ Lepanto, 22;;;38.53838;-0.11555;752385.11;4269485.44;30;EPSG:25830;sin_ubicacion;;;;;;;;Plantilla municipal — Limpieza info (PTM Benidorm);Uso interno del proyecto;;contrastado;valido;26;
44d00d14-04f6-4a12-804f-4dc21de020ce;animales;clinica_veterinaria;Veterinario Benidorm Love Paws;correcto;;;;38.53524;-0.15928;748568.74;4269018.56;30;EPSG:4326;sin_ubicacion;;;Mo-Fr 09:30-17:00;Privada;Inna;;;OpenStreetMap (Overpass);ODbL 1.0;;automatico_sin_revisar;valido;29;
44d33667-d4a3-44e3-9fea-2392c3568427;equipamientos;colegio;Col·legi d'Educació Infantil i Primària Veles e Vents;correcto;;;;38.57448;-0.09721;753864.59;4273542.57;30;EPSG:4326;sin_ubicacion;;;;Privada;Generalitat Valenciana;;;OpenStreetMap (Overpass);ODbL 1.0;;automatico_sin_revisar;fuera_municipio;6;
44e11350-a23e-4b18-ab32-ae76785660d3;territorio;partida;Iborra;correcto;;;;;;;;;EPSG:25830;sin_ubicacion;;;;;;;;Plantilla municipal — Limpieza info (PTM Benidorm);Uso interno del proyecto;;contrastado;sin_geometria;13;
4507e3ca-97c8-4bf1-a585-c0c83767cead;infraestructuras;parada_autobus;24;por_revisar;;;;38.53043;-0.10561;753282.58;4268630.18;30;EPSG:4326;sin_ubicacion;;;;;Llorente Bus;;;OpenStreetMap (Overpass);ODbL 1.0;;automatico_sin_revisar;proximo_limite;23;El nombre es una cifra suelta, propia de la parada_autobus. No identifica el elemento, de modo que se conserva tal cual y se marca como pendiente en lugar de sustituirlo por una suposición.
4577f522-8df5-419b-a2cd-befc97bc77f3;infraestructuras;parada_autobus;26;por_revisar;;;;38.54306;-0.13422;750735.13;4269954.14;30;EPSG:4326;sin_ubicacion;;;;;Llorente Bus;;;OpenStreetMap (Overpass);ODbL 1.0;;automatico_sin_revisar;valido;23;El nombre es una cifra suelta, propia de la parada_autobus. No identifica el elemento, de modo que se conserva tal cual y se marca como pendiente en lugar de sustituirlo por una suposición.
457abb28-628c-44b5-ae21-a3929e02c450;equipamientos;escuela_infantil;EI 1ER CICLE MUNICIPAL LES CALETES;correcto;AV. CIUDAD REAL, 6;;;;;;;;EPSG:25830;sin_ubicacion;;;;Pública;;;;Plantilla municipal — Limpieza info (PTM Benidorm);Uso interno del proyecto;;contrastado;sin_geometria;19;
45928515-7bb9-41c8-af5b-726e373f5129;equipamientos;colegio;Col·legi d'Educació Infantil i Primària Bautista Lledó Pérez;correcto;Carrer del Capità Cortés 12;;03503;38.54694;-0.13511;750643.93;4270382.39;30;EPSG:4326;sin_ubicacion;+34 965850168;;;Privada;Generalitat Valenciana;;;OpenStreetMap (Overpass);ODbL 1.0;;automatico_sin_revisar;valido;29;
45ac4ca5-b2d9-481f-a628-99543f759923;equipamientos;alimentacion;alimentacion node/7973343597;correcto;;;;38.5371;-0.1174;752227.63;4269338.32;30;EPSG:4326;sin_ubicacion;;;;;;;;OpenStreetMap (Overpass);ODbL 1.0;;automatico_sin_revisar;valido;23;
45b0417d-b2cf-4048-8c94-3f01f4aa4b46;territorio;partida;La Cala;correcto;;;;;;;;;EPSG:25830;sin_ubicacion;;;;;;;;Plantilla municipal — Limpieza info (PTM Benidorm);Uso interno del proyecto;;contrastado;sin_geometria;13;
469401bb-acba-4120-89ab-004c22b4b02e;infraestructuras;alojamiento;Hotel La Era Park;correcto;;;;38.54037;-0.12752;751330.7;4269673.74;30;EPSG:4326;sin_ubicacion;;;;;;;;OpenStreetMap (Overpass);ODbL 1.0;;automatico_sin_revisar;valido;23;
46acf32d-3058-4854-9d07-4f32a3de8265;equipamientos;alimentacion;Poniente;correcto;Avinguda de l'Armada Espanyola 9;;;38.53727;-0.14158;750110.88;4269291.57;30;EPSG:4326;sin_ubicacion;;;;;;;;OpenStreetMap (Overpass);ODbL 1.0;;automatico_sin_revisar;proximo_limite;26;
46e9450c-8328-4027-9e57-3ba46bb8a795;infraestructuras;parada_autobus;Av. Eduardo Zaplana;correcto;;;;38.55499;-0.16857;747688.7;4271185.79;30;EPSG:4326;sin_ubicacion;;;;;Llorente Bus;;;OpenStreetMap (Overpass);ODbL 1.0;;automatico_sin_revisar;valido;23;
46fc2bd2-aa84-4b76-bff6-269e87a53697;infraestructuras;parada_autobus;155 - Estacion Tren;correcto;C/ Estació, 2 - FGV;;;38.54797;-0.1345;750693.77;4270498.37;30;EPSG:25830;sin_ubicacion;;;;;;;;Plantilla municipal — Limpieza info (PTM Benidorm);Uso interno del proyecto;;contrastado;valido;26;
471198a8-d5c7-4d3e-a684-437169715c17;infraestructuras;parada_autobus;Av. Bèlgica, 8;correcto;;;;38.54359;-0.12303;751712.54;4270043.35;30;EPSG:4326;sin_ubicacion;;;;;Llorente Bus;;;OpenStreetMap (Overpass);ODbL 1.0;;automatico_sin_revisar;valido;23;
4719d820-9560-467d-b7e1-7ee13c74f9c9;infraestructuras;parada_autobus;Av. Suècia, 6;correcto;;;;38.54609;-0.12819;751252.39;4270306.82;30;EPSG:4326;sin_ubicacion;;;;;Llorente Bus;;;OpenStreetMap (Overpass);ODbL 1.0;;automatico_sin_revisar;valido;23;
47530fc1-1a61-495a-82b3-31f4e88a282d;equipamientos;farmacia;Farmacia Ochoa;correcto;Avenida de Montecarlo 11;;;38.53578;-0.10312;753481.96;4269230.82;30;EPSG:4326;sin_ubicacion;+34 965855297;;;Privada;Blanca Llácer Ochoa;;;OpenStreetMap (Overpass);ODbL 1.0;;automatico_sin_revisar;valido;29;
4791bead-e97b-4c13-966b-0b4c0603f7a9;territorio;partida;Cabanes;correcto;;;;;;;;;EPSG:25830;sin_ubicacion;;;;;;;;Plantilla municipal — Limpieza info (PTM Benidorm);Uso interno del proyecto;;contrastado;sin_geometria;13;
47c3dfcd-0b4d-4617-b540-62b067456ba0;infraestructuras;parada_autobus;C/ Anglaterra, 6;correcto;;;;38.5472;-0.13032;751062.18;4270424.24;30;EPSG:4326;sin_ubicacion;;;;;Llorente Bus;;;OpenStreetMap (Overpass);ODbL 1.0;;automatico_sin_revisar;valido;23;
47f9c5a1-74e0-4d34-8448-cdfa8dd3b50f;infraestructuras;alojamiento;Hotel Fleming;correcto;;;;38.53851;-0.13526;750659.73;4269446.3;30;EPSG:4326;sin_ubicacion;;;;;;;;OpenStreetMap (Overpass);ODbL 1.0;;automatico_sin_revisar;proximo_limite;23;
48056759-8c07-48c8-a98a-4f3f9542d5e3;equipamientos;farmacia;farmacia node/1057347009;correcto;;;;38.53269;-0.16386;748176.57;4268723.23;30;EPSG:4326;sin_ubicacion;;;;;;;;OpenStreetMap (Overpass);ODbL 1.0;;automatico_sin_revisar;proximo_limite;23;
48540fe1-7a8a-4574-971a-d62b6bf666a2;servicios_basicos;estacion_servicio;estacion_servicio way/191269805;correcto;;;;38.55774;-0.10155;753543.11;4271672.59;30;EPSG:4326;sin_ubicacion;+34 965 85 72 51;;;;;;;OpenStreetMap (Overpass);ODbL 1.0;;automatico_sin_revisar;valido;23;
488a2f79-9eff-4703-aec7-19f60768814f;medios_recursos;desfibrilador;desfibrilador node/12830871492;correcto;;;;38.55996;-0.09835;753815.37;4271927.78;30;EPSG:4326;sin_ubicacion;;;;;;;;OpenStreetMap (Overpass);ODbL 1.0;;automatico_sin_revisar;valido;23;
48ce1f5f-8a76-4330-8c77-b00dcf00cc49;infraestructuras;parada_autobus;385 - Intermodal;correcto;C/ Francisco Llorca Antón (Estació d'autobusos);;;38.54869;-0.12385;751623.21;4270607.2;30;EPSG:25830;sin_ubicacion;;;;;;;;Plantilla municipal — Limpieza info (PTM Benidorm);Uso interno del proyecto;;contrastado;valido;26;
48d09c75-4ba5-49aa-83d9-57d5d28035bc;infraestructuras;parada_autobus;268 - Virgen del Mar;correcto;Av. Montecarlo, 11;;;38.53528;-0.10306;753488.94;4269175.49;30;EPSG:25830;sin_ubicacion;;;;;;;;Plantilla municipal — Limpieza info (PTM Benidorm);Uso interno del proyecto;;contrastado;valido;26;
48d6b221-e575-429a-aae4-bbb63e15c1b3;equipamientos;alimentacion;City Market Express;correcto;Calle de Gerona;;;38.5368;-0.11232;752673.25;4269318.88;30;EPSG:4326;sin_ubicacion;;;;;;;;OpenStreetMap (Overpass);ODbL 1.0;;automatico_sin_revisar;valido;26;
48ff2958-f476-40e5-9e37-cb80190c769c;infraestructuras;parada_autobus;202 - Valor;correcto;C/ Lepanto, 2;;;38.53919;-0.12317;751715.45;4269554.59;30;EPSG:25830;sin_ubicacion;;;;;;;;Plantilla municipal — Limpieza info (PTM Benidorm);Uso interno del proyecto;;contrastado;valido;26;
4919511b-5e26-44aa-b38d-04bbf08c5838;equipamientos;alimentacion;Dialprix;correcto;;;;38.53767;-0.107;753135.83;4269429.99;30;EPSG:4326;sin_ubicacion;;;;;;;;OpenStreetMap (Overpass);ODbL 1.0;;automatico_sin_revisar;valido;23;
49898924-4dc4-466d-bfab-17d07b7a40e2;infraestructuras;alojamiento;Rocamar;correcto;;;;38.53519;-0.13176;750977.44;4269087.28;30;EPSG:4326;sin_ubicacion;+34 965 850 552;;;;;;;OpenStreetMap (Overpass);ODbL 1.0;;automatico_sin_revisar;proximo_limite;23;
499540da-a8d0-48bd-a37a-fa9ea85141fb;equipamientos;centro_formacion;CENTRE PRIVAT FP ARCE FORMACIÓN;correcto;AV. JAIME I, 31;Benidorm;03502;38.54263;-0.13325;750821.49;4269909.05;30;EPSG:4326;sin_ubicacion;965869072;;;Privada;ARCE FORMACIÓN, COOPERATIVA VALENCIANA;;;GVA - Centros docentes de la Comunitat Valenciana (ICV WFS);CC BY 4.0;;automatico_sin_revisar;valido;29;
49a5db73-94f7-4cb9-87a3-f73005b77244;infraestructuras;alojamiento;B&B hotels;correcto;;;;38.53513;-0.17346;747328.1;4268968.36;30;EPSG:4326;sin_ubicacion;;;;;;;;OpenStreetMap (Overpass);ODbL 1.0;;automatico_sin_revisar;fuera_municipio;3;
49b372f5-1abb-43de-b610-7e954e868766;equipamientos;alimentacion;Prensa Goya;correcto;Avinguda de l'Armada Espanyola 17;;;38.53719;-0.14655;749676.19;4269269.27;30;EPSG:4326;sin_ubicacion;;;;;;;;OpenStreetMap (Overpass);ODbL 1.0;;automatico_sin_revisar;proximo_limite;26;
49cfc0af-c4a3-4cd9-96a4-dd7a68423dcf;infraestructuras;parada_autobus;218 - La Valenciana;correcto;Av. Comunitat Valenciana, km 124.6;;;38.55846;-0.10084;753602.73;4271754.46;30;EPSG:25830;sin_ubicacion;;;;;;;;Plantilla municipal — Limpieza info (PTM Benidorm);Uso interno del proyecto;;contrastado;valido;26;
49ffeafa-dfb1-4ace-85b5-12a8d7ddb55e;equipamientos;mercado;Mercat setmanal de Foietes;correcto;;;;38.54562;-0.13719;750466.44;4270230.25;30;EPSG:4326;sin_ubicacion;;;We 08:00-13:30;Privada;Ajuntament de Benidorm;;;OpenStreetMap (Overpass);ODbL 1.0;;automatico_sin_revisar;valido;29;
4a143965-c877-4c80-a38f-3329078f6a8b;equipamientos;colegio;Col·legi d'Educació Infantil i Primària Puig Campana;correcto;;;;38.5472;-0.12427;751591.59;4270440.67;30;EPSG:4326;sin_ubicacion;;;;Privada;Generalitat Valenciana;;;OpenStreetMap (Overpass);ODbL 1.0;;automatico_sin_revisar;valido;26;
4a930b11-20c8-4626-a617-65d53ea4ddea;infraestructuras;parada_autobus;210 - U. Almirall;correcto;Av. Severo Ochoa, 2;;;38.53992;-0.10431;753363.45;4269687.09;30;EPSG:25830;sin_ubicacion;;;;;;;;Plantilla municipal — Limpieza info (PTM Benidorm);Uso interno del proyecto;;contrastado;valido;26;
4aabb1fb-aa65-42a3-b782-e41a9b48bae7;infraestructuras;parada_autobus;319 - Pekín 4;correcto;C/ Pekín, 4;;;38.53131;-0.10408;753413.44;4268732.05;30;EPSG:25830;sin_ubicacion;;;;;;;;Plantilla municipal — Limpieza info (PTM Benidorm);Uso interno del proyecto;;contrastado;valido;26;
4ad70515-a49a-4494-960e-ad512011949a;equipamientos;farmacia;Farmacia los Almendros;correcto;;;;38.53851;-0.13265;750888.14;4269453.37;30;EPSG:4326;sin_ubicacion;;;;;;;;OpenStreetMap (Overpass);ODbL 1.0;;automatico_sin_revisar;valido;23;
4ae991aa-52fb-467c-a621-a18f156aab65;equipamientos;alimentacion;Playa;correcto;Avenida Sacerdote D. Juan Andrés Rodríguez Serrano;;;38.53609;-0.12353;751694.62;4269209.53;30;EPSG:4326;sin_ubicacion;;;;;;;;OpenStreetMap (Overpass);ODbL 1.0;;automatico_sin_revisar;proximo_limite;26;
4b0cddc7-251d-4696-bad0-e56a73810717;equipamientos;policia;Expedición DNI y pasaporte;correcto;Avinguda de Callosa d'en Sarrià 2;;03502;38.54516;-0.1317;750948.44;4270194.07;30;EPSG:4326;sin_ubicacion;;;;;;;;OpenStreetMap (Overpass);ODbL 1.0;;automatico_sin_revisar;valido;26;
4b4e23f6-2d46-4dcf-af81-373aa96b3462;equipamientos;instituto;IES L'ALMADRAVA;correcto;CL. DEL LLAÜT (SALT DE L'AIGUA), 10;Benidorm;03503;38.55438;-0.12258;751714.72;4271242.22;30;EPSG:4326;sin_ubicacion;966816075;;;Pública;GENERALITAT VALENCIANA;;;GVA - Centros docentes de la Comunitat Valenciana (ICV WFS);CC BY 4.0;;automatico_sin_revisar;valido;29;
4ba615d6-7acf-492d-80d5-b5a2758c7497;infraestructuras;parada_autobus;Av. Armada Espanyola, 13;correcto;;;;38.53722;-0.1442;749881.76;4269278.94;30;EPSG:4326;sin_ubicacion;;;;;Llorente Bus;;;OpenStreetMap (Overpass);ODbL 1.0;;automatico_sin_revisar;proximo_limite;23;
4bbe2098-89d3-4eb2-b434-7ba21abb78b6;infraestructuras;parada_autobus;Av. Alfonso Puchades, 12;correcto;;;;38.54287;-0.12766;751309.85;4269950.85;30;EPSG:4326;sin_ubicacion;;;;;Llorente Bus;;;OpenStreetMap (Overpass);ODbL 1.0;;automatico_sin_revisar;valido;23;
4bf46681-3aa5-4ed3-bcdd-3b604ff806a6;equipamientos;colegio;Escuela Waldorf La Marina;correcto;;;;38.55015;-0.12905;751163.17;4270755.12;30;EPSG:4326;sin_ubicacion;;;;;;;;OpenStreetMap (Overpass);ODbL 1.0;;automatico_sin_revisar;valido;23;
4c1c75c1-2560-418d-ab07-9f718cd48411;territorio;partida;Foia Manera;correcto;;;;;;;;;EPSG:25830;sin_ubicacion;;;;;;;;Plantilla municipal — Limpieza info (PTM Benidorm);Uso interno del proyecto;;contrastado;sin_geometria;13;
4c32a834-ceb8-42a1-826f-b75eeb87141a;medios_recursos;desfibrilador;desfibrilador node/5874107874;correcto;;;;38.53446;-0.11114;752784.62;4269062.38;30;EPSG:4326;sin_ubicacion;;;;;;;;OpenStreetMap (Overpass);ODbL 1.0;;automatico_sin_revisar;proximo_limite;23;
4c4f4ca0-930f-4de6-bdd9-3681a879fa2d;infraestructuras;parada_autobus;110 - Ed. Coblanca 31;correcto;Av. Marina Baixa, 7;;;38.53577;-0.15865;748622.07;4269079.08;30;EPSG:25830;sin_ubicacion;;;;;;;;Plantilla municipal — Limpieza info (PTM Benidorm);Uso interno del proyecto;;contrastado;valido;26;
4c56adf6-d758-4c0e-8b77-74cfbd43419a;infraestructuras;alojamiento;Hotel Alameda;correcto;Alameda de l'Alcalde Pedro Zaragoza Orts 34;;03501;38.53564;-0.13034;751100.17;4269141.08;30;EPSG:4326;sin_ubicacion;+34 965855650;;;;;;;OpenStreetMap (Overpass);ODbL 1.0;;automatico_sin_revisar;proximo_limite;26;
4c8fabf2-2fc3-4fe4-bd5c-1811ef7dad40;infraestructuras;parada_autobus;212 - Hotel Medit.;correcto;Av. Severo Ochoa, 16 (H.Mediterráneo);;;38.54428;-0.10193;753556.6;4270177.55;30;EPSG:25830;sin_ubicacion;;;;;;;;Plantilla municipal — Limpieza info (PTM Benidorm);Uso interno del proyecto;;contrastado;valido;26;
4cfc2812-93aa-45dc-b690-b654f2a16f70;infraestructuras;alojamiento;Magic Natura;correcto;;;;38.57173;-0.14295;749873.02;4273112.75;30;EPSG:4326;sin_ubicacion;;;;;;;;OpenStreetMap (Overpass);ODbL 1.0;;automatico_sin_revisar;valido;23;
4d4e8ba9-8d50-40b4-8320-7e05f9012004;equipamientos;colegio;colegio way/1479914162;correcto;;;;38.53262;-0.16169;748366.73;4268721.29;30;EPSG:4326;sin_ubicacion;;;;;;;;OpenStreetMap (Overpass);ODbL 1.0;;automatico_sin_revisar;valido;23;
4d82d75b-535c-4733-b663-b75d19b90c90;infraestructuras;parada_autobus;Terra Natura;correcto;;;;38.56946;-0.14573;749637.6;4272853.28;30;EPSG:4326;sin_ubicacion;;;;;Llorente Bus;;;OpenStreetMap (Overpass);ODbL 1.0;;automatico_sin_revisar;valido;23;
4da5d928-833c-4976-8647-1cb52da15ac0;infraestructuras;parada_autobus;193 - Zaplana 193;correcto;Av. Eduardo Zaplana;;;38.55637;-0.15657;748733.94;4271371.16;30;EPSG:25830;sin_ubicacion;;;;;;;;Plantilla municipal — Limpieza info (PTM Benidorm);Uso interno del proyecto;;contrastado;valido;26;
4dee0d65-9f39-4b4b-a016-c982a845d7ff;equipamientos;farmacia;Farmacia Europa;correcto;Avinguda d'Europa;;;38.53988;-0.11999;751991.37;4269639.83;30;EPSG:4326;sin_ubicacion;;;;;;;;OpenStreetMap (Overpass);ODbL 1.0;;automatico_sin_revisar;valido;26;
4e357e54-5efb-416b-b0df-1f6c73b09354;infraestructuras;parada_autobus;C/ Londres, 16;correcto;;;;38.53624;-0.10251;753533.75;4269283.55;30;EPSG:4326;sin_ubicacion;;;;;Llorente Bus;;;OpenStreetMap (Overpass);ODbL 1.0;;automatico_sin_revisar;valido;23;
4e41c730-20f7-4f0f-ace9-b87aec2a303b;infraestructuras;parada_autobus;247 - Salt Aigua;correcto;C/ Barca del Bou;;;38.55389;-0.12194;751772.41;4271189.57;30;EPSG:25830;sin_ubicacion;;;;;;;;Plantilla municipal — Limpieza info (PTM Benidorm);Uso interno del proyecto;;contrastado;valido;26;
4e5423d4-38b5-466c-ab0b-9c68ea6b0dff;infraestructuras;parada_autobus;285 - Belgica 17;correcto;Av. Bèlgica, 17;;;38.54618;-0.12449;751575.85;4270326.86;30;EPSG:25830;sin_ubicacion;;;;;;;;Plantilla municipal — Limpieza info (PTM Benidorm);Uso interno del proyecto;;contrastado;valido;26;
4f198025-ffb2-4fa9-bd78-b008a5944249;infraestructuras;parada_autobus;Av. Mediterráneo, 26;correcto;;;;38.53679;-0.11987;752012.53;4269297.19;30;EPSG:4326;sin_ubicacion;;;;;Llorente Bus;;;OpenStreetMap (Overpass);ODbL 1.0;;automatico_sin_revisar;proximo_limite;23;
4f55f42a-a748-4c05-98c9-bf4510fa7b75;infraestructuras;parada_autobus;310 - Montecarlo 36;correcto;Av. Montecarlo, 36;;;38.54066;-0.10037;753705.69;4269780.02;30;EPSG:25830;sin_ubicacion;;;;;;;;Plantilla municipal — Limpieza info (PTM Benidorm);Uso interno del proyecto;;contrastado;valido;26;
4f684529-9dc2-428c-9b7b-f07a13ebcd8c;infraestructuras;alojamiento;Hotel Atenea;correcto;;;;38.54292;-0.13477;750687.48;4269937.12;30;EPSG:4326;sin_ubicacion;;;;;;;;OpenStreetMap (Overpass);ODbL 1.0;;automatico_sin_revisar;valido;23;
4f783fa5-b20b-484c-8442-f39bae737c3a;poblacion;padron;Población empadronada 2016;correcto;;;;;;;;;EPSG:4326;sin_ubicacion;;;;;;;;INE - Padrón municipal (tabla 29005);Reutilización libre (Ley 37/2007) citando la fuente;2016-01-01;automatico_sin_revisar;sin_geometria;0;
4fae9c3d-1414-4c35-b3b7-bf1612f0e249;equipamientos;alimentacion;alimentacion node/12254712243;correcto;Avinguda de L'Ametlla de Mar;;;38.53918;-0.10469;753332.76;4269603.91;30;EPSG:4326;sin_ubicacion;;;;;;;;OpenStreetMap (Overpass);ODbL 1.0;;automatico_sin_revisar;valido;26;
4fbe7547-bd82-48fa-b412-516cad5e1ee9;infraestructuras;alojamiento;Hotel Noguera;correcto;Avinguda d'Europa 210;;03580;38.58003;-0.07202;756048.55;4274228.06;30;EPSG:4326;sin_ubicacion;+34 96 686 61 53;;;;;;;OpenStreetMap (Overpass);ODbL 1.0;;automatico_sin_revisar;fuera_municipio;6;
4fc81ab1-ccf9-4af1-add9-46a27cb39fc9;infraestructuras;parada_autobus;Av. Beniardà, 16;correcto;;;;38.54713;-0.13328;750803.41;4270408.44;30;EPSG:4326;sin_ubicacion;;;;;Llorente Bus;;;OpenStreetMap (Overpass);ODbL 1.0;;automatico_sin_revisar;valido;23;
4ffa7dec-a551-43a5-be26-c68e2e91b711;infraestructuras;parada_autobus;Av. Vicent Llorca Alós, 18;correcto;;;;38.53234;-0.15804;748687.13;4268700.01;30;EPSG:4326;sin_ubicacion;;;;;Llorente Bus;;;OpenStreetMap (Overpass);ODbL 1.0;;automatico_sin_revisar;proximo_limite;23;
4fffb0d6-75eb-4ed0-b109-a4455d9591f8;equipamientos;colegio;CEIP SERRA GELADA;correcto;AV. MALTA, 2;Benidorm;03503;38.54106;-0.0971;753990.46;4269833.39;30;EPSG:4326;sin_ubicacion;966816465;;;Pública;GENERALITAT VALENCIANA;;;GVA - Centros docentes de la Comunitat Valenciana (ICV WFS);CC BY 4.0;;automatico_sin_revisar;valido;29;
50065231-b3c0-44c3-adb2-22aa4ec0d470;infraestructuras;parada_autobus;240 - GERONA;correcto;C/ Girona, 12;;;38.53794;-0.12155;751861.53;4269420.26;30;EPSG:25830;sin_ubicacion;;;;;;;;Plantilla municipal — Limpieza info (PTM Benidorm);Uso interno del proyecto;;contrastado;valido;26;
503a92be-1a75-4846-bf73-5f436f5c03e2;infraestructuras;parada_autobus;Av. Severo Ochoa, 43;correcto;;;;38.55412;-0.10018;753675.55;4271274.54;30;EPSG:4326;sin_ubicacion;;;;;Llorente Bus;;;OpenStreetMap (Overpass);ODbL 1.0;;automatico_sin_revisar;valido;23;
505e1352-36bf-44a8-867f-9508c0b360ee;equipamientos;alimentacion;alimentacion node/8016271028;correcto;Carrer d'Evissa;;;38.53954;-0.11664;752285.71;4269611.22;30;EPSG:4326;sin_ubicacion;;;;;;;;OpenStreetMap (Overpass);ODbL 1.0;;automatico_sin_revisar;valido;26;
50aa063f-f343-4892-81ab-1db54d6de04c;infraestructuras;alojamiento;Hotel RH Victoria;correcto;;;;38.53888;-0.12604;751465.35;4269512.38;30;EPSG:4326;sin_ubicacion;+34 965 85 39 00;;;;;;;OpenStreetMap (Overpass);ODbL 1.0;;automatico_sin_revisar;valido;23;
50c238b5-ac1f-4fa8-8167-cfdee48d5590;infraestructuras;parada_autobus;338 - París 5;correcto;Av. París, 5;;;38.5376;-0.1023;753547.41;4269435.08;30;EPSG:25830;sin_ubicacion;;;;;;;;Plantilla municipal — Limpieza info (PTM Benidorm);Uso interno del proyecto;;contrastado;valido;26;
50e1035d-bfa6-4a1e-a8e5-9280f0854082;infraestructuras;parada_autobus;281 - Holanda 3A;correcto;Av. Holanda, 3A;;;38.54558;-0.127;751358.28;4270253.44;30;EPSG:25830;sin_ubicacion;;;;;;;;Plantilla municipal — Limpieza info (PTM Benidorm);Uso interno del proyecto;;contrastado;valido;26;
50f332d7-d443-43a0-b6c8-5d1d45a1de71;infraestructuras;parada_autobus;137 - A. Terralta;correcto;Av. Nicaragua, 44 (Aparthotel Terralta);;;38.54365;-0.14205;750047.9;4269998.44;30;EPSG:25830;sin_ubicacion;;;;;;;;Plantilla municipal — Limpieza info (PTM Benidorm);Uso interno del proyecto;;contrastado;valido;26;
5160aa63-feb9-4ccc-89d5-195cb1338d8d;infraestructuras;alojamiento;Hotel Prince Park;correcto;;;;38.54296;-0.13021;751086.39;4269953.92;30;EPSG:4326;sin_ubicacion;;;;;;;;OpenStreetMap (Overpass);ODbL 1.0;;automatico_sin_revisar;valido;23;
51ad976e-8a32-4e89-b077-bb86350f27dc;equipamientos;centro_formacion;ESCOLA PRIVADA DE MÚSICA DE LA MARINA;correcto;C. SANTA CRISTINA, 4;;;;;;;;EPSG:25830;sin_ubicacion;;;;Privada;;;;Plantilla municipal — Limpieza info (PTM Benidorm);Uso interno del proyecto;;contrastado;sin_geometria;19;
51e1f63a-e3e8-4604-8146-157ca19ccde2;infraestructuras;parada_autobus;231 - H. Melia;correcto;Av. Severo Ochoa, 1 (Hotel Meliá);;;38.54004;-0.10445;753350.78;4269700.02;30;EPSG:25830;sin_ubicacion;;;;;;;;Plantilla municipal — Limpieza info (PTM Benidorm);Uso interno del proyecto;;contrastado;valido;26;
52086cc7-c399-40aa-a55e-590593063a5a;equipamientos;farmacia;Farmacia Marqués de Comillas;correcto;Marqués de Comillas 24;;;38.53798;-0.13454;750724.56;4269389.42;30;EPSG:4326;sin_ubicacion;;;;;;;;OpenStreetMap (Overpass);ODbL 1.0;;automatico_sin_revisar;proximo_limite;26;
520b9b35-ee9c-4958-877f-f5c4b9699c37;infraestructuras;parada_autobus;Benidorm, Av. Europa 8;correcto;;;;38.53816;-0.12016;751982.42;4269448.46;30;EPSG:4326;sin_ubicacion;;;;;Alsa;;;OpenStreetMap (Overpass);ODbL 1.0;;automatico_sin_revisar;valido;23;
521bca51-d1ef-4fdd-802b-55395e190c21;equipamientos;alimentacion;Beni Tech;correcto;Carrer de Girona;;;38.53801;-0.12071;751934.8;4269430.31;30;EPSG:4326;sin_ubicacion;;;;;;;;OpenStreetMap (Overpass);ODbL 1.0;;automatico_sin_revisar;valido;26;
525bd759-f4ec-4138-ba7d-b015fb1109fc;infraestructuras;parada_autobus;parada autobus node/3423566518;correcto;;;;38.54237;-0.13754;750446.96;4269868.57;30;EPSG:4326;sin_ubicacion;;;;;;;;OpenStreetMap (Overpass);ODbL 1.0;;automatico_sin_revisar;valido;23;
528b06e5-4dff-4103-bbb3-cd2166be34f4;equipamientos;escuela_infantil;EI 1ER CICLE MUNICIPAL EL TOSSALET;correcto;AV. MONT BENIDORM, 7;;;;;;;;EPSG:25830;sin_ubicacion;;;;Pública;;;;Plantilla municipal — Limpieza info (PTM Benidorm);Uso interno del proyecto;;contrastado;sin_geometria;19;
528d019c-2772-4b3f-8d7b-c462b089d351;equipamientos;alimentacion;alimentacion node/5024882103;correcto;Carrer de València 14;;03503;38.53652;-0.1268;751406.96;4269248.37;30;EPSG:4326;sin_ubicacion;;;;;;;;OpenStreetMap (Overpass);ODbL 1.0;;automatico_sin_revisar;proximo_limite;26;
534ed666-955e-4420-b359-34c3adbf38eb;territorio;partida;Les Bastides;correcto;;;;;;;;;EPSG:25830;sin_ubicacion;;;;;;;;Plantilla municipal — Limpieza info (PTM Benidorm);Uso interno del proyecto;;contrastado;sin_geometria;13;
5361e2db-a538-481b-a543-79309e151035;equipamientos;alimentacion;Consum;correcto;Avenida del Albir 67;;03581;38.5712;-0.0693;756317.49;4273255.5;30;EPSG:4326;sin_ubicacion;;;Mo-Sa 09:00-21:30;;;;;OpenStreetMap (Overpass);ODbL 1.0;;automatico_sin_revisar;fuera_municipio;9;
53639d22-7f1d-45f3-b8cf-75aa1a802a44;infraestructuras;parada_autobus;217 - fr. Estanquet;correcto;Av. Severo Ochoa (Estanquet);;;38.55612;-0.10307;753415.74;4271488.62;30;EPSG:25830;sin_ubicacion;;;;;;;;Plantilla municipal — Limpieza info (PTM Benidorm);Uso interno del proyecto;;contrastado;valido;26;
538ccf15-32c3-4218-95ef-0b3d802994ca;equipamientos;administracion;Registro Civil;correcto;;;;38.55133;-0.1248;751530.99;4270897.64;30;EPSG:4326;sin_ubicacion;;;;;;;;OpenStreetMap (Overpass);ODbL 1.0;;automatico_sin_revisar;valido;23;
53a6c97c-1dc8-4bef-81a8-9affeb14b606;equipamientos;alimentacion;alimentacion node/10847063392;correcto;;;;38.53644;-0.12983;751142.05;4269231.26;30;EPSG:4326;sin_ubicacion;;;;;;;;OpenStreetMap (Overpass);ODbL 1.0;;automatico_sin_revisar;proximo_limite;23;
53b7f34d-c141-4cee-9deb-81759549be8c;equipamientos;alimentacion;La Calle;correcto;;;;38.53766;-0.13258;750897.19;4269359.22;30;EPSG:4326;sin_ubicacion;;;;;;;;OpenStreetMap (Overpass);ODbL 1.0;;automatico_sin_revisar;proximo_limite;23;
53f10338-54d0-4c3b-b977-f31c0041baf6;infraestructuras;alojamiento;Hotel Acapulco;correcto;;;;38.53999;-0.13756;750453.37;4269604.35;30;EPSG:4326;sin_ubicacion;;;;;;;;OpenStreetMap (Overpass);ODbL 1.0;;automatico_sin_revisar;valido;23;
54329ac4-1095-4652-8497-0d180ab3ae7b;infraestructuras;parada_autobus;parada autobus node/4671428319;correcto;;;;38.55383;-0.16328;748155.5;4271071.21;30;EPSG:4326;sin_ubicacion;;;;;;;;OpenStreetMap (Overpass);ODbL 1.0;;automatico_sin_revisar;valido;23;
54a6d08b-6235-4040-8cbd-9c354ef5b266;infraestructuras;parada_autobus;Av. Vicent Llorca Alós, 11;correcto;;;;38.53383;-0.15535;748917.49;4268872.62;30;EPSG:4326;sin_ubicacion;;;;;Llorente Bus;;;OpenStreetMap (Overpass);ODbL 1.0;;automatico_sin_revisar;proximo_limite;23;
551e0eeb-e0d0-400d-b665-ee04d75834c6;territorio;partida;Moralet;correcto;;;;;;;;;EPSG:25830;sin_ubicacion;;;;;;;;Plantilla municipal — Limpieza info (PTM Benidorm);Uso interno del proyecto;;contrastado;sin_geometria;13;
552c147b-a009-4980-bef2-aa0ff1c9b654;equipamientos;centro_salud;Dr Agullo;correcto;Avinguda del Rei Jaume I 50;;;38.5426;-0.1327;750869.72;4269907.21;30;EPSG:4326;sin_ubicacion;;;;;;;;OpenStreetMap (Overpass);ODbL 1.0;;automatico_sin_revisar;valido;26;
552f873f-28f7-4eb6-8bd7-ac735626e576;equipamientos;farmacia;farmacia node/7947705205;correcto;Avenida de Ruzafa - Avinguda de Russafa;;;38.53923;-0.13008;751110.58;4269540.26;30;EPSG:4326;sin_ubicacion;;;;;;;;OpenStreetMap (Overpass);ODbL 1.0;;automatico_sin_revisar;valido;26;
5530e621-5181-40d1-8eca-7eec510345f0;equipamientos;alimentacion;One Stop;correcto;;;;38.53829;-0.11223;752675.97;4269484.51;30;EPSG:4326;sin_ubicacion;;;;;;;;OpenStreetMap (Overpass);ODbL 1.0;;automatico_sin_revisar;valido;23;
55454d57-8e28-4691-9858-7af3bb0389f2;infraestructuras;alojamiento;Hotel Servigroup Nereo;correcto;;;;38.53596;-0.1065;753185.52;4269241.55;30;EPSG:4326;sin_ubicacion;;;;;;;;OpenStreetMap (Overpass);ODbL 1.0;;automatico_sin_revisar;valido;23;
556abac9-424a-4c28-b18f-ceda998d4d83;equipamientos;alimentacion;Charter;correcto;;;;38.60512;-0.07818;755421.84;4276995.94;30;EPSG:4326;sin_ubicacion;;;"Mo-Fr 08:00-20:00; Sa 08:00-14:00; Su 09:00-14:00";;;;;OpenStreetMap (Overpass);ODbL 1.0;;automatico_sin_revisar;fuera_municipio;6;
556d18a2-65a0-4f04-a441-10318e7eaf00;infraestructuras;parada_autobus;Av. Severo Ochoa, 54;correcto;;;;38.55434;-0.10027;753666.91;4271298.72;30;EPSG:4326;sin_ubicacion;;;;;Llorente Bus;;;OpenStreetMap (Overpass);ODbL 1.0;;automatico_sin_revisar;valido;23;
556dc214-1c21-4fc7-a172-0f4343ecfdcb;equipamientos;farmacia;Jorge Crespo Soria;correcto;Avenida del Doctor Severo Ochoa 7;;;38.54218;-0.10374;753405.49;4269939.5;30;EPSG:4326;sin_ubicacion;;;;;;;;OpenStreetMap (Overpass);ODbL 1.0;;automatico_sin_revisar;valido;26;
55bbbecf-e5e0-4c39-81ec-09237a4afe37;infraestructuras;parada_autobus;143 - Ed. Coblanca 40;correcto;Av. Vicente Pérez Devesa, s/n;;;38.5381;-0.1579;748679.78;4269339.71;30;EPSG:25830;sin_ubicacion;;;;;;;;Plantilla municipal — Limpieza info (PTM Benidorm);Uso interno del proyecto;;contrastado;valido;26;
55da0589-07f2-4212-9ab5-83504f5c1751;infraestructuras;parada_autobus;C/ Adolfo Suárez, 22;correcto;;;;38.54485;-0.15272;749110.09;4270102.86;30;EPSG:4326;sin_ubicacion;;;;;Llorente Bus;;;OpenStreetMap (Overpass);ODbL 1.0;;automatico_sin_revisar;valido;23;
562208c8-fd37-490f-83fc-0583f0ab52e8;infraestructuras;parada_autobus;135 - R. Bayona 8;correcto;Av. Ricardo Bayona, 8;;;38.54042;-0.13718;750485.15;4269653.1;30;EPSG:25830;sin_ubicacion;;;;;;;;Plantilla municipal — Limpieza info (PTM Benidorm);Uso interno del proyecto;;contrastado;valido;26;
5623ce99-7c3a-44be-bc8a-95ecaed2e4e8;territorio;partida;Pla de Maravall;correcto;;;;;;;;;EPSG:25830;sin_ubicacion;;;;;;;;Plantilla municipal — Limpieza info (PTM Benidorm);Uso interno del proyecto;;contrastado;sin_geometria;13;
56393ddc-2d81-443f-909c-9ff936c68de8;territorio;partida;La Lloma;correcto;;;;;;;;;EPSG:25830;sin_ubicacion;;;;;;;;Plantilla municipal — Limpieza info (PTM Benidorm);Uso interno del proyecto;;contrastado;sin_geometria;13;
5666129f-d7c1-493c-a654-e29e25dde52b;equipamientos;alimentacion;All In One;correcto;Carrer d'Evissa;;;38.53934;-0.11522;752410.67;4269592.9;30;EPSG:4326;sin_ubicacion;;;;;;;;OpenStreetMap (Overpass);ODbL 1.0;;automatico_sin_revisar;valido;26;
574f8a3c-8d7e-4e5a-b82b-50d8ed2cd87c;equipamientos;alimentacion;alimentacion node/11944448013;correcto;;;;38.53661;-0.13231;750924.43;4269243.4;30;EPSG:4326;sin_ubicacion;;;;;;;;OpenStreetMap (Overpass);ODbL 1.0;;automatico_sin_revisar;proximo_limite;23;
575fcd31-c58d-42e0-ad45-55182bb852e2;equipamientos;farmacia;Farmacia · AV. JAIME I, Nº38- ED.ROCABLANCA L-3;correcto;AV. JAIME I, Nº38- ED.ROCABLANCA L-3;;;;;;;;EPSG:25830;sin_ubicacion;;;;Privada;CARBONELL MARTINEZ, JAIME JUAN;;;Plantilla municipal — Limpieza info (PTM Benidorm);Uso interno del proyecto;;contrastado;sin_geometria;19;
5780e18c-7ae5-4c87-937f-9d321436ec2a;equipamientos;alimentacion;Supermarket;correcto;Avinguda de L'Ametlla de Mar 17;;;38.53886;-0.10562;753252.48;4269565.85;30;EPSG:4326;sin_ubicacion;;;;;;;;OpenStreetMap (Overpass);ODbL 1.0;;automatico_sin_revisar;valido;26;
57e3f149-b5e3-4d93-9aae-bada85519bb8;poblacion;padron;Población empadronada 2019;correcto;;;;;;;;;EPSG:4326;sin_ubicacion;;;;;;;;INE - Padrón municipal (tabla 29005);Reutilización libre (Ley 37/2007) citando la fuente;2019-01-01;automatico_sin_revisar;sin_geometria;0;
57e9c717-268f-4012-a9fd-99dfe3413e5f;servicios_basicos;estacion_servicio;Repsol;correcto;;;;38.60594;-0.07849;755391.87;4277086.1;30;EPSG:4326;sin_ubicacion;;;;;;;;OpenStreetMap (Overpass);ODbL 1.0;;automatico_sin_revisar;fuera_municipio;3;
581d044d-7de7-4e3e-b961-c8179614a8e0;equipamientos;alimentacion;Yago;correcto;Avinguda de Filipines  -  Avenida de Filipinas;;;38.53532;-0.11447;752490.2;4269148.74;30;EPSG:4326;sin_ubicacion;;;;;;;;OpenStreetMap (Overpass);ODbL 1.0;;automatico_sin_revisar;proximo_limite;26;
58328746-d225-4cad-a2fe-451b89007d7f;infraestructuras;alojamiento;Hotel Porto Poniente;correcto;;;;38.53745;-0.13555;750637.99;4269327.86;30;EPSG:4326;sin_ubicacion;;;;;;;;OpenStreetMap (Overpass);ODbL 1.0;;automatico_sin_revisar;proximo_limite;23;
584e420e-97c2-4ee6-8e88-81cb2bb1d5d5;infraestructuras;parada_autobus;300 - Rumania 6;correcto;C/ Romania, 6;;;38.54616;-0.09638;754035.73;4270401.44;30;EPSG:25830;sin_ubicacion;;;;;;;;Plantilla municipal — Limpieza info (PTM Benidorm);Uso interno del proyecto;;contrastado;valido;26;
589040e3-743f-44f6-9c4a-3d845a3aeacf;infraestructuras;parada_autobus;206 - Mediterraneo 58;correcto;Av. Mediterráneo, 58;;;38.53566;-0.11046;752839.98;4269197.43;30;EPSG:25830;sin_ubicacion;;;;;;;;Plantilla municipal — Limpieza info (PTM Benidorm);Uso interno del proyecto;;contrastado;proximo_limite;26;
589e3b3d-9812-4220-a53b-2ba2ef86dc8b;equipamientos;alimentacion;Sunrise Beach;correcto;;;;38.53404;-0.10756;753099.4;4269025.54;30;EPSG:4326;sin_ubicacion;;;;;;;;OpenStreetMap (Overpass);ODbL 1.0;;automatico_sin_revisar;proximo_limite;23;
58a4c687-c15d-4ec5-b64e-fca20b0e7358;equipamientos;colegio;Institut d'Educació Secundària l'Arabí;correcto;;;;38.57602;-0.0971;753868.85;4273713.81;30;EPSG:4326;sin_ubicacion;;;;Privada;Generalitat Valenciana;;;OpenStreetMap (Overpass);ODbL 1.0;;automatico_sin_revisar;fuera_municipio;6;
59003a72-ed19-4c87-b4b1-354e4d7891ac;equipamientos;mercado;Mercadillo de El Albir;correcto;Carrer Isaac Albéniz;;03581;38.57319;-0.0716;756109.3;4273470.01;30;EPSG:4326;sin_ubicacion;;;Su 08:00-14:00;Privada;Ayuntamiento de l'Alfàs del Pi;;;OpenStreetMap (Overpass);ODbL 1.0;;automatico_sin_revisar;fuera_municipio;12;
592df1fd-3801-4a45-aca9-448954a7c3a8;equipamientos;farmacia;Farmacia Carbonell;correcto;Avinguda del Rei Jaume I 38;;;38.54065;-0.13444;750724.15;4269686.05;30;EPSG:4326;sin_ubicacion;;;Mo-Sa 09:00-22:00;;;;;OpenStreetMap (Overpass);ODbL 1.0;;automatico_sin_revisar;valido;29;
593740db-2fa7-4c79-92d0-ac76f411e7fe;equipamientos;alimentacion;alimentacion node/13094051312;correcto;;;;38.53822;-0.11318;752593.08;4269474.15;30;EPSG:4326;sin_ubicacion;;;;;;;;OpenStreetMap (Overpass);ODbL 1.0;;automatico_sin_revisar;valido;23;
594ff368-e215-47b9-a706-f15fcd3a1635;infraestructuras;parada_autobus;179 - H. Villaitana;correcto;Av. Eduardo Zaplana (Villaitana);;;38.55966;-0.15061;749244.17;4271752.37;30;EPSG:25830;sin_ubicacion;;;;;;;;Plantilla municipal — Limpieza info (PTM Benidorm);Uso interno del proyecto;;contrastado;valido;26;
5969f763-e1c1-4c8b-8b84-a0715b28a715;infraestructuras;alojamiento;Las Bermudas;correcto;;;;38.53664;-0.10492;753321.44;4269321.35;30;EPSG:4326;sin_ubicacion;;;;;;;;OpenStreetMap (Overpass);ODbL 1.0;;automatico_sin_revisar;valido;23;
59a73816-e471-42fc-8324-5bd721be62ad;infraestructuras;parada_autobus;C/ Romania, 2;correcto;;;;38.54703;-0.09825;753869.07;4270492.88;30;EPSG:4326;sin_ubicacion;;;;;Llorente Bus;;;OpenStreetMap (Overpass);ODbL 1.0;;automatico_sin_revisar;valido;23;
59b09967-307b-40f1-878e-268ced42a5fe;infraestructuras;alojamiento;Aparthotel Posidonia;correcto;Carrer de Tomás Ortuño 30;;;38.53792;-0.13108;751027.57;4269392.14;30;EPSG:4326;sin_ubicacion;+34 684 42 77 11;;;;;;;OpenStreetMap (Overpass);ODbL 1.0;;automatico_sin_revisar;valido;26;
59d41e78-a463-47a7-b823-278fe7e31b01;infraestructuras;parada_autobus;C/ Àustria, 1;correcto;;;;38.54443;-0.13046;751059.46;4270116.4;30;EPSG:4326;sin_ubicacion;;;;;Llorente Bus;;;OpenStreetMap (Overpass);ODbL 1.0;;automatico_sin_revisar;valido;23;
59d61636-0f9c-42d6-91b6-29beca507a27;infraestructuras;parada_autobus;Av. Severo Ochoa, 47 (Càmping Benidorm);correcto;;;;38.5526;-0.0974;753924.08;4271113.46;30;EPSG:4326;sin_ubicacion;;;;;Llorente Bus;;;OpenStreetMap (Overpass);ODbL 1.0;;automatico_sin_revisar;valido;23;
5a26be9a-4058-4f68-8022-7301835805ab;infraestructuras;parada_taxi;parada taxi node/11425248344;correcto;;;;38.53675;-0.13258;750900.32;4269258.21;30;EPSG:4326;sin_ubicacion;;;;;;;;OpenStreetMap (Overpass);ODbL 1.0;;automatico_sin_revisar;proximo_limite;23;
5a2ceb92-4e64-42cf-82bb-ffaf64e19928;infraestructuras;parada_autobus;120 - A. Maria Cristina;correcto;C/ Alfás del Pi;;;38.5325;-0.15833;748661.21;4268716.99;30;EPSG:25830;sin_ubicacion;;;;;;;;Plantilla municipal — Limpieza info (PTM Benidorm);Uso interno del proyecto;;contrastado;proximo_limite;26;
5a33eedf-f0c3-47ac-8594-9308a484735f;infraestructuras;parada_autobus;Av. la Vila Joiosa, 28 (Edifici l'Illa);correcto;;;;38.53313;-0.16365;748193.45;4268772.63;30;EPSG:4326;sin_ubicacion;;;;;Llorente Bus;;;OpenStreetMap (Overpass);ODbL 1.0;;automatico_sin_revisar;valido;23;
5a5d9770-d614-4433-8d3b-b3ff8c6e0db6;equipamientos;farmacia;Farmacia · AV. VILLAJOYOSA, 19 ED.CALANYAS 15;correcto;AV. VILLAJOYOSA, 19 ED.CALANYAS 15;;;;;;;;EPSG:25830;sin_ubicacion;;;;Privada;NICOLAS Y ZAPATA, C.B.;;;Plantilla municipal — Limpieza info (PTM Benidorm);Uso interno del proyecto;;contrastado;sin_geometria;19;
5a5f17a3-9058-4902-8f95-dc05cb44b26c;equipamientos;servicios_sociales;Ballesol Senior Resort;correcto;Carrer Tramuntana;;03570;38.52337;-0.17016;747656.76;4267671.9;30;EPSG:4326;sin_ubicacion;;;;;;;;OpenStreetMap (Overpass);ODbL 1.0;;automatico_sin_revisar;fuera_municipio;6;
5aac984a-2e01-42db-8eaf-6534147db6e4;equipamientos;mercado;Antiguedades El Cisne;correcto;;;;38.56101;-0.09675;753951.7;4272048.72;30;EPSG:4326;sin_ubicacion;;;;;;;;OpenStreetMap (Overpass);ODbL 1.0;;automatico_sin_revisar;valido;23;
5ab89fdc-340e-430b-a3d9-cfc94578d0d6;equipamientos;colegio;Costa Blanca International College;correcto;;;;38.5608;-0.09205;754363.63;4272038.32;30;EPSG:4326;sin_ubicacion;;;;Privada;Costa Blanca International College;;;OpenStreetMap (Overpass);ODbL 1.0;;automatico_sin_revisar;valido;26;
5b251d7f-2c83-41d6-ae96-cde609b50c31;infraestructuras;parada_autobus;Terra Natura;correcto;;;;38.56805;-0.14487;749717.66;4272699.1;30;EPSG:4326;sin_ubicacion;;;;;Llorente Bus;;;OpenStreetMap (Overpass);ODbL 1.0;;automatico_sin_revisar;valido;23;
5bafd3bc-ca6d-4e56-919b-f1df60601eeb;equipamientos;alimentacion;Ecomart;correcto;;;;38.5368;-0.11187;752712.63;4269320.11;30;EPSG:4326;sin_ubicacion;;;;;;;;OpenStreetMap (Overpass);ODbL 1.0;;automatico_sin_revisar;valido;23;
5bc72399-c823-4419-a504-14c2c63b00ce;equipamientos;alimentacion;All In One;correcto;;;;38.53816;-0.12053;751950.04;4269447.45;30;EPSG:4326;sin_ubicacion;;;;;;;;OpenStreetMap (Overpass);ODbL 1.0;;automatico_sin_revisar;valido;23;
5c565b7d-5991-4058-9893-4962071f0b38;infraestructuras;parada_autobus;C/ Eivissa, 17 (Mercat);correcto;;;;38.53957;-0.11374;752539.4;4269622.46;30;EPSG:4326;sin_ubicacion;;;;;Llorente Bus;;;OpenStreetMap (Overpass);ODbL 1.0;;automatico_sin_revisar;valido;23;
5ca0f8d3-ccb3-4f29-a39f-3c267bafdbf7;equipamientos;alimentacion;Aaryan;correcto;Carrer de Girona;;;38.53808;-0.12154;751861.93;4269435.82;30;EPSG:4326;sin_ubicacion;;;;;;;;OpenStreetMap (Overpass);ODbL 1.0;;automatico_sin_revisar;valido;26;
5ce89ad1-11cd-455f-9aeb-c64be97bd3fd;equipamientos;policia;Guardia Civil;correcto;;;;38.54703;-0.13371;750766.13;4270396.18;30;EPSG:4326;sin_ubicacion;+34965854272;;;Privada;Guardia Civil;;;OpenStreetMap (Overpass);ODbL 1.0;;automatico_sin_revisar;valido;26;
5ce9cd9f-e6be-43a4-ab27-31ccd0dc8a52;equipamientos;alimentacion;Supermarket Articulos Playa & Souvenirs;correcto;;;;38.5331;-0.1591;748591.77;4268781.52;30;EPSG:4326;sin_ubicacion;;;;;;;;OpenStreetMap (Overpass);ODbL 1.0;;automatico_sin_revisar;proximo_limite;23;
5cf8b682-1aae-45f2-ba68-a783eccdb853;equipamientos;colegio;Institut d'Educació Secundària Pere Maria Orts i Bosch;correcto;;;;38.55348;-0.12078;751875.32;4271147.22;30;EPSG:4326;sin_ubicacion;;;;Privada;Generalitat Valenciana;;;OpenStreetMap (Overpass);ODbL 1.0;;automatico_sin_revisar;valido;26;
5d2d1270-443f-47ee-bd0d-f86c86bfdd9e;infraestructuras;alojamiento;Hotel RH Princesa;correcto;;;;38.54027;-0.1268;751394.05;4269664.6;30;EPSG:4326;sin_ubicacion;+34 96 585 08 22;;;;;;;OpenStreetMap (Overpass);ODbL 1.0;;automatico_sin_revisar;valido;23;
5d577a77-1e54-4841-aa01-fc412ddc3367;infraestructuras;parada_autobus;parada autobus node/8286534207;correcto;;;;38.56002;-0.15722;748664.64;4271774.54;30;EPSG:4326;sin_ubicacion;;;;;;;;OpenStreetMap (Overpass);ODbL 1.0;;automatico_sin_revisar;valido;23;
5d642716-eb3e-4292-9452-6be7265e1cd1;equipamientos;colegio;CENTRE PRIVAT NUESTRA SEÑORA DE LOS DOLORES;correcto;CL. EL PAL, 6;Benidorm;03501;38.53596;-0.12902;751214.59;4269180.18;30;EPSG:4326;sin_ubicacion;965854095;;;Mixta (concertada);FUNDACIÓN EDUCATIVA MADRE MICAELA HHDC;;;GVA - Centros docentes de la Comunitat Valenciana (ICV WFS);CC BY 4.0;;automatico_sin_revisar;proximo_limite;29;
5dd87cf5-651b-4315-bb7a-0c09d26c65bd;infraestructuras;alojamiento;Apartamentos La Barca;correcto;Carrer del Condestable Zaragoza 6;;03501;38.53618;-0.13231;750925.9;4269195.68;30;EPSG:4326;sin_ubicacion;+34 966803632;;;;;;;OpenStreetMap (Overpass);ODbL 1.0;;automatico_sin_revisar;proximo_limite;26;
5df3ab64-9487-4f55-8734-b9332f804fe7;infraestructuras;parada_autobus;C/ Russafa, 29;correcto;;;;38.53892;-0.13014;751106.4;4269505.69;30;EPSG:4326;sin_ubicacion;;;;;Llorente Bus;;;OpenStreetMap (Overpass);ODbL 1.0;;automatico_sin_revisar;valido;23;
5df6f742-9d70-4123-8364-e796a1a6c870;equipamientos;alimentacion;Supermercado Beniarda;correcto;Avinguda de Beniardà 47;;03502;38.54631;-0.13334;750800.98;4270317.26;30;EPSG:4326;sin_ubicacion;;;;;;;;OpenStreetMap (Overpass);ODbL 1.0;;automatico_sin_revisar;valido;26;
5e2a9e25-6731-495d-aceb-af3f089668f2;infraestructuras;alojamiento;Hotel Golden;correcto;;;;38.53813;-0.13655;750548.14;4269400.63;30;EPSG:4326;sin_ubicacion;;;;;;;;OpenStreetMap (Overpass);ODbL 1.0;;automatico_sin_revisar;proximo_limite;23;
5e3d3873-55aa-4123-a200-848999586a7a;infraestructuras;parada_autobus;C/ Malta, 12;correcto;;;;38.54539;-0.09506;754153.92;4270319.6;30;EPSG:4326;sin_ubicacion;;;;;Llorente Bus;;;OpenStreetMap (Overpass);ODbL 1.0;;automatico_sin_revisar;valido;23;
5e4d19fe-17dd-44e2-9886-e26a433cdd8c;territorio;partida;Pla de Marc;correcto;;;;;;;;;EPSG:25830;sin_ubicacion;;;;;;;;Plantilla municipal — Limpieza info (PTM Benidorm);Uso interno del proyecto;;contrastado;sin_geometria;13;
5e521498-95bd-4cac-8826-9d65c60415e2;infraestructuras;parada_autobus;107 - Ed. Altamira;correcto;Av. la Vila Joiosa, 4;;;38.53613;-0.15264;749146.83;4269135.2;30;EPSG:25830;sin_ubicacion;;;;;;;;Plantilla municipal — Limpieza info (PTM Benidorm);Uso interno del proyecto;;contrastado;proximo_limite;26;
5e8e7a01-1feb-4278-b34e-b466013adfd8;infraestructuras;alojamiento;Hotel Carlos I;correcto;;;;38.54233;-0.13547;750628.24;4269869.73;30;EPSG:4326;sin_ubicacion;;;;;;;;OpenStreetMap (Overpass);ODbL 1.0;;automatico_sin_revisar;valido;23;
5ef3b527-f81a-4d56-8321-46bac359a815;infraestructuras;alojamiento;Hotel Cimbel;correcto;;;;38.53609;-0.12082;751931.8;4269216.9;30;EPSG:4326;sin_ubicacion;;;;;;;;OpenStreetMap (Overpass);ODbL 1.0;;automatico_sin_revisar;proximo_limite;23;
5f1885b6-8e80-4117-bbbd-50108b2e773f;infraestructuras;alojamiento;Hotel La Estación;correcto;;;;38.54989;-0.12554;751471.2;4270735.8;30;EPSG:4326;sin_ubicacion;+34965863001;;;Privada;Hotels Poseidon;;;OpenStreetMap (Overpass);ODbL 1.0;;automatico_sin_revisar;valido;26;
5f2124b7-2c9f-4516-83d2-6b15ee34be6e;infraestructuras;parada_autobus;360 - Deposito grua;correcto;Av. Comunitat Valenciana, km. 123.6;;;38.55256;-0.10879;752927.61;4271077.82;30;EPSG:25830;sin_ubicacion;;;;;;;;Plantilla municipal — Limpieza info (PTM Benidorm);Uso interno del proyecto;;contrastado;valido;26;
5f5af037-f2b4-4ba4-98c2-f245aa97c3ec;equipamientos;alimentacion;Consum;correcto;Carrer d'Evissa;;;38.53967;-0.11591;752349.15;4269627.64;30;EPSG:4326;sin_ubicacion;;;;;;;;OpenStreetMap (Overpass);ODbL 1.0;;automatico_sin_revisar;valido;26;
5f65d038-d3bb-451d-a812-a881839d0274;equipamientos;colegio;Col·legi d'Educació Infantil i Primària Miguel Hernández;correcto;;;;38.54057;-0.14117;750135.46;4269658.96;30;EPSG:4326;sin_ubicacion;;;;Privada;Generalitat Valenciana;;;OpenStreetMap (Overpass);ODbL 1.0;;automatico_sin_revisar;valido;26;
601cce32-39b0-4d45-aa8d-afcd40e250e1;infraestructuras;parada_autobus;Av. Emilio Ortuño;correcto;;;;38.5375;-0.12802;751296.82;4269353.83;30;EPSG:4326;sin_ubicacion;;;;;Llorente Bus;;;OpenStreetMap (Overpass);ODbL 1.0;;automatico_sin_revisar;valido;23;
60506416-8b2d-408e-991b-9a83caf5dbed;equipamientos;colegio;CEIP LA CALA;correcto;AV. DE LA MARINA BAIXA, 9;Benidorm;03502;38.53717;-0.15986;748511.41;4269231.22;30;EPSG:4326;sin_ubicacion;966870910;;;Pública;GENERALITAT VALENCIANA;;;GVA - Centros docentes de la Comunitat Valenciana (ICV WFS);CC BY 4.0;;automatico_sin_revisar;valido;29;
609f6c29-ac86-4e09-81e6-ecbcc9a62a7c;infraestructuras;parada_autobus;359 - Palau Esports;correcto;Camí Salt de l'Aigua, 23 (Palau d'Esports);;;38.55061;-0.11993;751959.6;4270830.98;30;EPSG:25830;sin_ubicacion;;;;;;;;Plantilla municipal — Limpieza info (PTM Benidorm);Uso interno del proyecto;;contrastado;valido;26;
60c07aef-7ab4-48ab-85e1-9d1c30fd168d;infraestructuras;parada_autobus;288 - Puchades 12;correcto;Av. Alfonso Puchades, 12;;;38.54288;-0.12766;751309.81;4269951.96;30;EPSG:25830;sin_ubicacion;;;;;;;;Plantilla municipal — Limpieza info (PTM Benidorm);Uso interno del proyecto;;contrastado;valido;26;
6118cb92-9635-4866-b37f-a5223ecc8893;servicios_basicos;estacion_servicio;GALP · CARRETERA N-332 KM. 124,5;correcto;CARRETERA N-332 KM. 124,5;;03501;38.55806;-0.10192;753509.63;4271707.1;30;EPSG:4326;sin_ubicacion;;;L-D: 06:00-22:00;;GALP;;;Geoportal de Gasolineras (MITECO, API REST);Reutilización de información del sector público (Ley 37/2007), citando la fuente;2026-10-01;automatico_sin_revisar;valido;29;
6126460a-c4c1-4475-beff-21b4f5f5a5c8;animales;clinica_veterinaria;Clínica Veterinaria El Rincón;correcto;;;;38.54581;-0.09981;753736.8;4270353.18;30;EPSG:4326;sin_ubicacion;;;;;;;;OpenStreetMap (Overpass);ODbL 1.0;;automatico_sin_revisar;valido;23;
61a7f26a-7978-4af2-8339-f869d1e01221;equipamientos;alimentacion;Marisol;correcto;Carrer Maravall;;;38.5377;-0.13598;750599.5;4269354.44;30;EPSG:4326;sin_ubicacion;;;;;;;;OpenStreetMap (Overpass);ODbL 1.0;;automatico_sin_revisar;proximo_limite;26;
61d475ca-fe38-4daa-8932-a45c05b9d5ad;equipamientos;farmacia;Farmacia · AV. SEVERO OCHOA, Nº5 ESQ. C/CIUDAD REAL;correcto;AV. SEVERO OCHOA, Nº5 ESQ. C/CIUDAD REAL;;;;;;;;EPSG:25830;sin_ubicacion;;;;Privada;CRESPO SORIA, JORGE;;;Plantilla municipal — Limpieza info (PTM Benidorm);Uso interno del proyecto;;contrastado;sin_geometria;19;
61ea465d-af2d-482d-af4d-5f8bcd72dbdc;equipamientos;farmacia;Farmacia · C/ VALENCIA, Nº4-ED. BEATRIZ LOCAL 6;correcto;C/ VALENCIA, Nº4-ED. BEATRIZ LOCAL 6;;;;;;;;EPSG:25830;sin_ubicacion;;;;Privada;AMAT HUMARAN, JOAQUIN MARIA;;;Plantilla municipal — Limpieza info (PTM Benidorm);Uso interno del proyecto;;contrastado;sin_geometria;19;
6206eddd-fb01-48b9-b581-137ef8471de1;infraestructuras;parada_autobus;178 - Zaplana 178;correcto;Av. Eduardo Zaplana;;;38.55634;-0.15603;748781.29;4271369.28;30;EPSG:25830;sin_ubicacion;;;;;;;;Plantilla municipal — Limpieza info (PTM Benidorm);Uso interno del proyecto;;contrastado;valido;26;
62a07966-7f11-4155-88ca-ace9bbd1b97c;equipamientos;alimentacion;Best Price;correcto;Avinguda de Almería;;;38.53745;-0.11305;752607.12;4269389.04;30;EPSG:4326;sin_ubicacion;;;;;;;;OpenStreetMap (Overpass);ODbL 1.0;;automatico_sin_revisar;valido;26;
63173dd8-e67e-452e-bda7-50cf4f80e2e8;infraestructuras;parada_autobus;369 - Gambo;correcto;Av. Emilio Ortuño;;;38.5375;-0.12802;751296.82;4269353.83;30;EPSG:25830;sin_ubicacion;;;;;;;;Plantilla municipal — Limpieza info (PTM Benidorm);Uso interno del proyecto;;contrastado;valido;26;
63323795-5d25-4c85-a36a-f6d2f203ce69;equipamientos;centro_comunitario;Jardin Foya Blanca;correcto;;;;38.59246;-0.08135;755188.99;4275581.96;30;EPSG:4326;sin_ubicacion;;;;;;;;OpenStreetMap (Overpass);ODbL 1.0;;automatico_sin_revisar;fuera_municipio;3;
6370abcb-2f43-40a6-8daf-4e0ae873e67f;equipamientos;alimentacion;Mendoza;correcto;;;;38.57006;-0.07693;755654.03;4273107.84;30;EPSG:4326;sin_ubicacion;;;Mo-Sa 08:30-21:00;;;;;OpenStreetMap (Overpass);ODbL 1.0;;automatico_sin_revisar;fuera_municipio;6;
63864f69-8dc8-4add-9aa9-4aced97aa914;equipamientos;centro_formacion;CONSERVATORI PROFESSIONAL DE MÚSICA J. PÉREZ BARCELÓ;correcto;AV. DE L'AIGÜERA, 10;;;;;;;;EPSG:25830;sin_ubicacion;;;;Pública;;;;Plantilla municipal — Limpieza info (PTM Benidorm);Uso interno del proyecto;;contrastado;sin_geometria;19;
639440c4-ba0e-49ec-ab52-739844db88e7;infraestructuras;parada_autobus;parada autobus node/4658972457;correcto;;;;38.56128;-0.13821;750323.49;4271965.67;30;EPSG:4326;sin_ubicacion;;;;;;;;OpenStreetMap (Overpass);ODbL 1.0;;automatico_sin_revisar;valido;23;
63e1becd-a685-4f8e-9fe0-967205902683;infraestructuras;parada_autobus;Av. Ricardo Bayona, 8;correcto;;;;38.54039;-0.13717;750486.13;4269649.8;30;EPSG:4326;sin_ubicacion;;;;;Llorente Bus;;;OpenStreetMap (Overpass);ODbL 1.0;;automatico_sin_revisar;valido;23;
63fe53b1-d4c4-47b9-9d80-37a76b9bd1ab;equipamientos;alimentacion;Supermarket Unico;correcto;Carrer de Tomàs Ortuño;;;38.54006;-0.13129;751001.84;4269629.1;30;EPSG:4326;sin_ubicacion;;;;;;;;OpenStreetMap (Overpass);ODbL 1.0;;automatico_sin_revisar;valido;26;
643110bc-3205-4679-b35a-819989455eeb;infraestructuras;alojamiento;Hotel Dynastic;correcto;;;;38.53812;-0.10665;753164.9;4269480.89;30;EPSG:4326;sin_ubicacion;;;;;;;;OpenStreetMap (Overpass);ODbL 1.0;;automatico_sin_revisar;valido;23;
643952a5-a5f3-41d0-96ff-9962039885cb;territorio;partida;Salt de l’Aigua;correcto;;;;;;;;;EPSG:25830;sin_ubicacion;;;;;;;;Plantilla municipal — Limpieza info (PTM Benidorm);Uso interno del proyecto;;contrastado;sin_geometria;13;
6439a819-ae58-480a-bf55-3c1b253569d9;infraestructuras;parada_autobus;Av. Comunitat Valenciana, km 124.6;correcto;;;;38.55856;-0.10093;753594.51;4271765.31;30;EPSG:4326;sin_ubicacion;;;;;Llorente Bus;;;OpenStreetMap (Overpass);ODbL 1.0;;automatico_sin_revisar;valido;23;
643f3932-2433-4e9c-b624-7fcc0878dbc5;infraestructuras;parada_autobus;235 - Ed. Viña del Mar;correcto;Av. Mediterráneo, 49;;;38.53584;-0.11044;752841.11;4269217.46;30;EPSG:25830;sin_ubicacion;;;;;;;;Plantilla municipal — Limpieza info (PTM Benidorm);Uso interno del proyecto;;contrastado;proximo_limite;26;
6443236f-fe3b-49f7-8850-c06264852fe4;equipamientos;instituto;IES BERNAT DE SARRIÀ;correcto;CL. DE LA FRAGATA (SALT DE L'AIGUA), 5;Benidorm;03503;38.5558;-0.121;751848.07;4271404.13;30;EPSG:4326;sin_ubicacion;966816080;;;Pública;GENERALITAT VALENCIANA;;;GVA - Centros docentes de la Comunitat Valenciana (ICV WFS);CC BY 4.0;;automatico_sin_revisar;valido;29;
64442ae9-1f6e-4014-9cca-1b5a4402db2b;equipamientos;alimentacion;Carrefour Express;correcto;;;;38.5346;-0.16956;747671.22;4268919.96;30;EPSG:4326;sin_ubicacion;;;;;;;;OpenStreetMap (Overpass);ODbL 1.0;;automatico_sin_revisar;fuera_municipio;3;
64a73772-d5e5-43d9-be11-3c581aba0ea7;infraestructuras;alojamiento;Hotel Benilux Park;correcto;;;;38.53975;-0.1371;750494.45;4269578.95;30;EPSG:4326;sin_ubicacion;;;;;;;;OpenStreetMap (Overpass);ODbL 1.0;;automatico_sin_revisar;valido;23;
64bbb487-3858-4beb-a96a-4969114e2a75;territorio;partida;Pla del Rabosot;correcto;;;;;;;;;EPSG:25830;sin_ubicacion;;;;;;;;Plantilla municipal — Limpieza info (PTM Benidorm);Uso interno del proyecto;;contrastado;sin_geometria;13;
6515ee01-c487-48fc-b6f1-d1cdbad1d9c9;infraestructuras;parada_autobus;321 - Montecarlo 1;correcto;Av. Montecarlo, 1;;;38.53399;-0.10388;753421.65;4269030.06;30;EPSG:25830;sin_ubicacion;;;;;;;;Plantilla municipal — Limpieza info (PTM Benidorm);Uso interno del proyecto;;contrastado;valido;26;
6533f1b9-d0f0-429a-8c7f-1ed51f49a049;equipamientos;farmacia;Farmacia Bali;correcto;;;;38.53212;-0.16514;748066.47;4268656.54;30;EPSG:4326;sin_ubicacion;+34 965 86 49 90;;;;;;;OpenStreetMap (Overpass);ODbL 1.0;;automatico_sin_revisar;proximo_limite;23;
6559a2d1-1fe9-4ae2-8928-fb355583fd27;equipamientos;alimentacion;alimentacion node/1240716256;correcto;;;;38.53863;-0.12004;751991.3;4269500.95;30;EPSG:4326;sin_ubicacion;;;;;;;;OpenStreetMap (Overpass);ODbL 1.0;;automatico_sin_revisar;valido;23;
65f9eae3-5f77-480f-85cb-89f7cc50a8a3;equipamientos;centro_salud;Centre de Salut Racó de l'Oix;correcto;Calle de Zamora;;;38.54029;-0.10737;753094.37;4269719.78;30;EPSG:4326;sin_ubicacion;;;;Privada;Generalitat Valenciana;;;OpenStreetMap (Overpass);ODbL 1.0;;automatico_sin_revisar;valido;29;
660e8a16-af97-493d-9934-054ecc2934b4;infraestructuras;alojamiento;Hostal del Mar;correcto;;;;38.53551;-0.1292;751200.39;4269129.75;30;EPSG:4326;sin_ubicacion;+34 965 85 82 69;;;;;;;OpenStreetMap (Overpass);ODbL 1.0;;automatico_sin_revisar;proximo_limite;23;
666e3114-beca-4594-b7d8-085a195fa816;equipamientos;policia;Comisaría de la Policía Nacional;correcto;;;;38.53964;-0.13417;750751.24;4269574.68;30;EPSG:4326;sin_ubicacion;;;;;;;;OpenStreetMap (Overpass);ODbL 1.0;;automatico_sin_revisar;valido;23;
66bfb303-e68a-4c32-ab4c-1f190deecd5c;equipamientos;alimentacion;alimentacion node/8807273049;correcto;Avenida del Mediterráneo 19;;;38.53689;-0.11826;752153.09;4269312.67;30;EPSG:4326;sin_ubicacion;;;;;;;;OpenStreetMap (Overpass);ODbL 1.0;;automatico_sin_revisar;proximo_limite;26;
66d76edf-a5ba-48cd-b6f2-f3bef54cec58;infraestructuras;parada_autobus;279 - Municipi 12;correcto;Av. Municipi, 12;;;38.54592;-0.1222;751777.14;4270304.23;30;EPSG:25830;sin_ubicacion;;;;;;;;Plantilla municipal — Limpieza info (PTM Benidorm);Uso interno del proyecto;;contrastado;valido;26;
6835cc13-a702-406d-a4da-38a4cf9e45c6;poblacion;padron;Población empadronada 2009;correcto;;;;;;;;;EPSG:4326;sin_ubicacion;;;;;;;;INE - Padrón municipal (tabla 29005);Reutilización libre (Ley 37/2007) citando la fuente;2009-01-01;automatico_sin_revisar;sin_geometria;0;
684b4553-9569-4d31-ba82-9baaba81d6d7;equipamientos;farmacia;Aurelio Martínez Sánchez;correcto;Avinguda Marina Baixa 26;;03509;38.52634;-0.16627;747987.19;4268011.96;30;EPSG:4326;sin_ubicacion;+34 965 855 835;;;;;;;OpenStreetMap (Overpass);ODbL 1.0;;automatico_sin_revisar;fuera_municipio;6;
689a5a11-1618-4d4c-92ff-169a36081d0b;servicios_basicos;estacion_servicio;estacion_servicio node/9896186359;correcto;;;;38.58209;-0.10612;753058.8;4274362.83;30;EPSG:4326;sin_ubicacion;;;;;;;;OpenStreetMap (Overpass);ODbL 1.0;;automatico_sin_revisar;fuera_municipio;3;
68a3d37a-2288-4d74-9d4a-2e372269bc4e;infraestructuras;parada_autobus;209 - Parrilla;correcto;Av. Ametlla de Mar, 22;;;38.53783;-0.10601;753221.92;4269450.45;30;EPSG:25830;sin_ubicacion;;;;;;;;Plantilla municipal — Limpieza info (PTM Benidorm);Uso interno del proyecto;;contrastado;valido;26;
68b39ed2-54f3-4dfd-b01b-c5f991d52232;equipamientos;policia;Policía Local Playas;correcto;;;;38.53417;-0.13405;750780.52;4268967.86;30;EPSG:4326;sin_ubicacion;;;;;;;;OpenStreetMap (Overpass);ODbL 1.0;;automatico_sin_revisar;proximo_limite;23;
68b626b3-6e9d-4b05-ae1f-3ae11384f8bf;infraestructuras;parada_autobus;292 - Aqualandia;correcto;Aqualandia / Mundomar;;;38.54234;-0.09468;754197.79;4269982.11;30;EPSG:25830;sin_ubicacion;;;;;;;;Plantilla municipal — Limpieza info (PTM Benidorm);Uso interno del proyecto;;contrastado;valido;26;
68db5637-c9bf-45ca-b2d4-1d4a5c62435c;servicios_basicos;estacion_servicio;Repsol;correcto;;;;38.55928;-0.13491;750619.07;4271752.62;30;EPSG:4326;sin_ubicacion;;;;Privada;Repsol;;;OpenStreetMap (Overpass);ODbL 1.0;;automatico_sin_revisar;valido;26;
68fb1c7e-6081-4ed4-b4bf-cdccda3de993;equipamientos;alimentacion;Trafy'd;correcto;Avinguda del Rei Jaume I 27;;;38.54248;-0.13338;750810.63;4269892.04;30;EPSG:4326;sin_ubicacion;;;;;;;;OpenStreetMap (Overpass);ODbL 1.0;;automatico_sin_revisar;valido;26;
690c7e89-cea2-4989-be2b-47a96a7e5e01;poblacion;padron;Población empadronada 2012;correcto;;;;;;;;;EPSG:4326;sin_ubicacion;;;;;;;;INE - Padrón municipal (tabla 29005);Reutilización libre (Ley 37/2007) citando la fuente;2012-01-01;automatico_sin_revisar;sin_geometria;0;
691b122a-452d-4b94-9a8e-925f0b683ee0;equipamientos;policia;Policía Local Playas;correcto;;;;38.5361;-0.15151;749245.83;4269134.91;30;EPSG:4326;sin_ubicacion;;;;Privada;Ajuntament de Benidorm;;;OpenStreetMap (Overpass);ODbL 1.0;;automatico_sin_revisar;proximo_limite;26;
691f1eac-b14f-4ed9-9f46-903c11a61029;infraestructuras;alojamiento;Regente;correcto;;;;38.5384;-0.10515;753295.21;4269516.08;30;EPSG:4326;sin_ubicacion;;;;;;;;OpenStreetMap (Overpass);ODbL 1.0;;automatico_sin_revisar;valido;23;
692083a7-6466-4f76-9179-12dbe7c80b6c;equipamientos;centro_salud;CENTRO DE SALUD DE BENIDORM LA CALA;correcto;BENISSA, 6;;03500;38.53489;-0.16253;748285.49;4268970.99;30;EPSG:4326;sin_ubicacion;;;;;Sistema Valenciano de Salud;;;GVA - Sistema Valenciano de Salud, centros sanitarios (ICV WFS);CC BY 4.0;;automatico_sin_revisar;valido;26;
6936fcd3-2fbe-4899-880d-0ef7e8057f26;infraestructuras;alojamiento;residencial aguaviva 4;correcto;;;;38.52914;-0.17086;747575.94;4268310.46;30;EPSG:4326;sin_ubicacion;;;;;;;;OpenStreetMap (Overpass);ODbL 1.0;;automatico_sin_revisar;fuera_municipio;3;
69487afe-cdb5-414c-aef0-e06a3920a4c6;infraestructuras;parada_autobus;201 - Iglesia Carmen;correcto;Av. Mediterráneo, 3 (Benidorm Centro);;;38.53726;-0.12425;751627.58;4269337.44;30;EPSG:25830;sin_ubicacion;;;;;;;;Plantilla municipal — Limpieza info (PTM Benidorm);Uso interno del proyecto;;contrastado;proximo_limite;26;
69770a9f-33af-4844-9fcd-053ce9bd8865;infraestructuras;alojamiento;Grand Luxor Village;correcto;;;;38.55655;-0.16592;747915.27;4271366.04;30;EPSG:4326;sin_ubicacion;;;;;;;;OpenStreetMap (Overpass);ODbL 1.0;;automatico_sin_revisar;valido;23;
699c2c39-1e8c-426e-ae65-5afd8b7a7f78;equipamientos;farmacia;Farmacia · AV. DEL MEDITERRANEO, Nº3- LOCAL 18;correcto;AV. DEL MEDITERRANEO, Nº3- LOCAL 18;;;;;;;;EPSG:25830;sin_ubicacion;;;;Privada;PEREZ LOBO GONZALEZ, PILAR;;;Plantilla municipal — Limpieza info (PTM Benidorm);Uso interno del proyecto;;contrastado;sin_geometria;19;
69edaa3e-34c2-4512-ba76-59bb3e15810e;equipamientos;alimentacion;Supermercado masymas;correcto;Avinguda de L'Ametlla de Mar 19;;;38.53685;-0.10682;753154.43;4269339.46;30;EPSG:4326;sin_ubicacion;+34 966801290;;;Privada;Juan Fornés Fornés, S.A.;;;OpenStreetMap (Overpass);ODbL 1.0;;automatico_sin_revisar;valido;29;
6a0934c2-86c1-4cc3-af25-86ead5f3af03;infraestructuras;parada_autobus;190 - Zaplana 190;correcto;Av. Eduardo Zaplana;;;38.56163;-0.1436;749850.73;4271989.94;30;EPSG:25830;sin_ubicacion;;;;;;;;Plantilla municipal — Limpieza info (PTM Benidorm);Uso interno del proyecto;;contrastado;valido;26;
6a3d0630-bc36-4648-a41c-754de1692562;infraestructuras;parada_autobus;189 - Terra Natura;correcto;Vials Terra Mítica;;;38.56805;-0.14487;749717.66;4272699.1;30;EPSG:25830;sin_ubicacion;;;;;;;;Plantilla municipal — Limpieza info (PTM Benidorm);Uso interno del proyecto;;contrastado;valido;26;
6aa8715d-18f4-40c8-9d9a-8925d79c2e44;infraestructuras;parada_autobus;Av. 9 d'Octubre;correcto;;;;38.54124;-0.13594;750590.85;4269747.47;30;EPSG:4326;sin_ubicacion;;;;;Llorente Bus;;;OpenStreetMap (Overpass);ODbL 1.0;;automatico_sin_revisar;valido;23;
6ab28fb1-16dd-434c-aec8-cad749bac316;infraestructuras;parada_autobus;Av. Comunitat Valenciana, km 123.1 (Camí de l'Armanello);correcto;;;;38.5493;-0.1128;752588.01;4270705.02;30;EPSG:4326;sin_ubicacion;;;;;Llorente Bus;;;OpenStreetMap (Overpass);ODbL 1.0;;automatico_sin_revisar;valido;23;
6ab878c5-3c9d-484c-89e9-026f4f26ff0c;equipamientos;mercado;Mercat Municipal de Benidorm;correcto;;;;38.53695;-0.13136;751006.4;4269283.72;30;EPSG:4326;sin_ubicacion;;;;;;;;OpenStreetMap (Overpass);ODbL 1.0;;automatico_sin_revisar;proximo_limite;23;
6ae36b94-384d-4069-93f5-6e2a2cf2dd69;equipamientos;farmacia;Farmacia · AV. PORTUGAL, Nº4 ESQ. HOLANDA PLAYMON;correcto;AV. PORTUGAL, Nº4 ESQ. HOLANDA PLAYMON;;;;;;;;EPSG:25830;sin_ubicacion;;;;Privada;BOMANT GOMIS, MERCEDES;;;Plantilla municipal — Limpieza info (PTM Benidorm);Uso interno del proyecto;;contrastado;sin_geometria;19;
6b2ad6e3-10c6-4ba4-839a-20c4c2a9970c;infraestructuras;parada_autobus;C/ Llaüt, 1AC;correcto;;;;38.5533;-0.12199;751770.07;4271123.95;30;EPSG:4326;sin_ubicacion;;;;;Llorente Bus;;;OpenStreetMap (Overpass);ODbL 1.0;;automatico_sin_revisar;valido;23;
6b303a12-db1c-42d4-ba91-2db045409bdc;infraestructuras;parada_autobus;Av. Benissa, 6;correcto;;;;38.53567;-0.16264;748273.22;4269057.27;30;EPSG:4326;sin_ubicacion;;;;;Llorente Bus;;;OpenStreetMap (Overpass);ODbL 1.0;;automatico_sin_revisar;valido;23;
6b722337-213e-4e2f-83df-7e6e2e84ecbc;infraestructuras;parada_autobus;134 - Ed. Bruselas;correcto;Av. Jaume I, 19;;;38.54125;-0.13428;750736.09;4269753.08;30;EPSG:25830;sin_ubicacion;;;;;;;;Plantilla municipal — Limpieza info (PTM Benidorm);Uso interno del proyecto;;contrastado;valido;26;
6b911fc0-9aca-4e4d-930a-5706b4e5bda4;equipamientos;alimentacion;Mini Market Dumbrava;correcto;;;;38.54811;-0.0984;753852.19;4270612.34;30;EPSG:4326;sin_ubicacion;;;;;;;;OpenStreetMap (Overpass);ODbL 1.0;;automatico_sin_revisar;valido;23;
6bfb4701-ef0f-4e51-83cd-3a7846ea1a82;infraestructuras;alojamiento;Apartamentos Senabre Palais;correcto;Plaça Torrejo 5;;03501;38.5353;-0.1293;751192.36;4269106.17;30;EPSG:4326;sin_ubicacion;+34 965 857 565;;;;;;;OpenStreetMap (Overpass);ODbL 1.0;;automatico_sin_revisar;proximo_limite;26;
6c2d967e-a1ad-4e6a-9d38-0cda8bc63f45;equipamientos;policia;Policia local de la Nucía;correcto;;;;38.60989;-0.12769;751076.45;4277389.7;30;EPSG:4326;sin_ubicacion;;;;;;;;OpenStreetMap (Overpass);ODbL 1.0;;automatico_sin_revisar;fuera_municipio;3;
6cd92479-9132-4f4a-8242-04e74c5080e4;infraestructuras;alojamiento;Sonrisa Apartments;correcto;Avinguda de Mont-Benidorm 5;;03502;38.53246;-0.16192;748347.14;4268702.91;30;EPSG:4326;sin_ubicacion;+34 674 61 24 00;;;Privada;Adamant Tours, S.L (Tourist License EGVT-989-A);;;OpenStreetMap (Overpass);ODbL 1.0;;automatico_sin_revisar;valido;29;
6ce04a59-8b4c-4c6c-a4eb-73e225062671;equipamientos;centro_formacion;ESCOLA OFICIAL IDIOMES BENIDORM;correcto;CL. DE LA NAU LLONDRO (SALT DE L'AIGUA;Benidorm;03503;38.55214;-0.12217;751758.32;4270994.7;30;EPSG:4326;sin_ubicacion;966816460;;;Pública;GENERALITAT VALENCIANA;;;GVA - Centros docentes de la Comunitat Valenciana (ICV WFS);CC BY 4.0;;automatico_sin_revisar;valido;29;
6cef065a-63b2-4f25-a751-13d574ce4ca9;infraestructuras;parada_autobus;Av. Alfonso Puchades,24;correcto;;;;38.54177;-0.12481;751563.04;4269836.5;30;EPSG:4326;sin_ubicacion;;;;;Llorente Bus;;;OpenStreetMap (Overpass);ODbL 1.0;;automatico_sin_revisar;valido;23;
6d4a27f7-9acb-4294-9136-4cd9dfd41101;infraestructuras;parada_autobus;Av. Alfonso Puchades, 6;correcto;;;;38.54363;-0.12967;751131.34;4270029.75;30;EPSG:4326;sin_ubicacion;;;;;Llorente Bus;;;OpenStreetMap (Overpass);ODbL 1.0;;automatico_sin_revisar;valido;23;
6d6ad5ed-b3d8-4751-bfbd-79c6c66d7228;infraestructuras;parada_autobus;234 - Ed. Albatros;correcto;Av. Mediterráneo, 55 (Casino);;;38.53527;-0.10854;753009.37;4269159.39;30;EPSG:25830;sin_ubicacion;;;;;;;;Plantilla municipal — Limpieza info (PTM Benidorm);Uso interno del proyecto;;contrastado;proximo_limite;26;
6d70922a-6cde-41df-88ac-df0c0c04f56d;infraestructuras;parada_autobus;Av. Municipi, 6;correcto;;;;38.54348;-0.12247;751761.92;4270032.67;30;EPSG:4326;sin_ubicacion;;;;;Llorente Bus;;;OpenStreetMap (Overpass);ODbL 1.0;;automatico_sin_revisar;valido;23;
6dbc39cf-5574-4a35-80c6-75bb805384c0;infraestructuras;parada_autobus;Av. 9 d'Octubre (Centre de Salut);correcto;;;;38.5433;-0.13807;750397.39;4269970.36;30;EPSG:4326;sin_ubicacion;;;;;Llorente Bus;;;OpenStreetMap (Overpass);ODbL 1.0;;automatico_sin_revisar;valido;23;
6de5a817-00cb-4cdd-809e-3e6f5ccd604f;infraestructuras;parada_autobus;228 - U. Rocas Blancas;correcto;Av. Severo Ochoa, 15;;;38.54607;-0.09997;753721.9;4270381.6;30;EPSG:25830;sin_ubicacion;;;;;;;;Plantilla municipal — Limpieza info (PTM Benidorm);Uso interno del proyecto;;contrastado;valido;26;
6e054744-6e51-423a-ac8c-28603738061e;equipamientos;mercado;Mercadillo Pueblo;correcto;Avinguda de l'Almirall Bernat de Sarrià;;03503;38.54117;-0.1121;752677.39;4269804.53;30;EPSG:4326;sin_ubicacion;;;Su 09:00-14:00;;;;;OpenStreetMap (Overpass);ODbL 1.0;;automatico_sin_revisar;valido;29;
6e2fa8d6-4b50-4faf-8d7b-73906834bdab;infraestructuras;parada_autobus;26;por_revisar;;;;38.54499;-0.13609;750564.86;4270163.3;30;EPSG:4326;sin_ubicacion;;;;;Llorente Bus;;;OpenStreetMap (Overpass);ODbL 1.0;;automatico_sin_revisar;valido;23;El nombre es una cifra suelta, propia de la parada_autobus. No identifica el elemento, de modo que se conserva tal cual y se marca como pendiente en lugar de sustituirlo por una suposición.
6e3e57ce-4e56-453c-a096-061129d51cd8;equipamientos;farmacia;farmacia node/5874107862;correcto;;;;38.53654;-0.11292;752621.64;4269288.39;30;EPSG:4326;sin_ubicacion;;;;;;;;OpenStreetMap (Overpass);ODbL 1.0;;automatico_sin_revisar;valido;23;
6eaa74b4-6c77-434c-a7f0-9ce5acfa06a2;equipamientos;consultorio;Elite Capilar;correcto;Avenida de Los Limones 3;;;38.53986;-0.13178;750959.65;4269605.57;30;EPSG:4326;sin_ubicacion;;;;;;;;OpenStreetMap (Overpass);ODbL 1.0;;automatico_sin_revisar;valido;26;
6ed7324b-5331-44b2-9b30-519a1f2f24fd;infraestructuras;parada_autobus;204 - Mediterraneo 44;correcto;Av. Mediterráneo, 44;;;38.53616;-0.11467;752469.8;4269241.43;30;EPSG:25830;sin_ubicacion;;;;;;;;Plantilla municipal — Limpieza info (PTM Benidorm);Uso interno del proyecto;;contrastado;proximo_limite;26;
6ee0ec78-3a10-498c-94ca-5646e878b38b;equipamientos;farmacia;farmacia node/929217738;correcto;;;;38.53724;-0.12007;751993.47;4269346.59;30;EPSG:4326;sin_ubicacion;;;;;;;;OpenStreetMap (Overpass);ODbL 1.0;;automatico_sin_revisar;proximo_limite;23;
6ee2cd6a-3cdd-4ca8-aac0-c2893b295b69;equipamientos;alimentacion;Bazar Market;correcto;Avenida de Murcia;;03503;38.53751;-0.1188;752103.69;4269380.02;30;EPSG:4326;sin_ubicacion;;;;;;;;OpenStreetMap (Overpass);ODbL 1.0;;automatico_sin_revisar;valido;26;
6efff85c-7470-4f3a-ad68-8bebddae6930;infraestructuras;parada_autobus;318 - Ed. Villa Marina;correcto;C/ Sierra Dorada;;;38.53063;-0.10519;753318.65;4268653.53;30;EPSG:25830;sin_ubicacion;;;;;;;;Plantilla municipal — Limpieza info (PTM Benidorm);Uso interno del proyecto;;contrastado;proximo_limite;26;
6f397468-2c00-4443-824f-65db5675ec98;infraestructuras;parada_autobus;24;por_revisar;;;;38.53112;-0.10696;753162.03;4268703.08;30;EPSG:4326;sin_ubicacion;;;;;Llorente Bus;;;OpenStreetMap (Overpass);ODbL 1.0;;automatico_sin_revisar;proximo_limite;23;El nombre es una cifra suelta, propia de la parada_autobus. No identifica el elemento, de modo que se conserva tal cual y se marca como pendiente en lugar de sustituirlo por una suposición.
6f3b0cb7-d0d8-4d1e-bd15-1e62a490eff2;infraestructuras;parada_autobus;Llorente Bus;correcto;;;;38.5274;-0.16402;748180.53;4268135.65;30;EPSG:4326;sin_ubicacion;;;;;Llorente Bus;;;OpenStreetMap (Overpass);ODbL 1.0;;automatico_sin_revisar;proximo_limite;23;
6f3f02a0-d0a2-4490-a9f0-20348d588f84;infraestructuras;alojamiento;MUNDOBOOKING;correcto;;;;38.53655;-0.12901;751213.44;4269245.7;30;EPSG:4326;sin_ubicacion;;;;;;;;OpenStreetMap (Overpass);ODbL 1.0;;automatico_sin_revisar;proximo_limite;23;
7034afa0-5950-44ca-b218-9cbfacb5eb05;territorio;partida;Derramador;correcto;;;;;;;;;EPSG:25830;sin_ubicacion;;;;;;;;Plantilla municipal — Limpieza info (PTM Benidorm);Uso interno del proyecto;;contrastado;sin_geometria;13;
703afedc-d7a7-4fac-81fa-174639b91c1f;infraestructuras;parada_autobus;150 - Farmacia;correcto;Av. Cuba, 1;;;38.53984;-0.13962;750273.61;4269582.12;30;EPSG:25830;sin_ubicacion;;;;;;;;Plantilla municipal — Limpieza info (PTM Benidorm);Uso interno del proyecto;;contrastado;valido;26;
706aa495-f9b8-47c8-8897-1d52e4bac2f2;poblacion;padron;Población empadronada 2015;correcto;;;;;;;;;EPSG:4326;sin_ubicacion;;;;;;;;INE - Padrón municipal (tabla 29005);Reutilización libre (Ley 37/2007) citando la fuente;2015-01-01;automatico_sin_revisar;sin_geometria;0;
70a0b1c8-0610-4f80-a2ec-dc314ec822ea;equipamientos;alimentacion;Consum;correcto;Calle de Austria;;03502;38.54508;-0.1282;751254.99;4270194.68;30;EPSG:4326;sin_ubicacion;;;;;;;;OpenStreetMap (Overpass);ODbL 1.0;;automatico_sin_revisar;valido;26;
70fdb956-a986-4ca2-8e6d-b68a9f0ac10e;servicios_basicos;estacion_servicio;Carrefour;correcto;;;;38.53732;-0.17522;747166.65;4269206.74;30;EPSG:4326;sin_ubicacion;;;24/7;Privada;Carrefour;;;OpenStreetMap (Overpass);ODbL 1.0;;automatico_sin_revisar;fuera_municipio;9;
71032e24-3892-44f8-8b9e-b575c42d165c;infraestructuras;parada_autobus;222 - fr. Rte. Cisne;correcto;Ctra. N-332, km 128;;;38.56026;-0.09861;753791.58;4271960.37;30;EPSG:25830;sin_ubicacion;;;;;;;;Plantilla municipal — Limpieza info (PTM Benidorm);Uso interno del proyecto;;contrastado;valido;26;
7125c8e1-3e25-4ef3-b7cf-903ae03eaa02;equipamientos;instituto;IES MEDITERRÀNIA;correcto;CL. PRESIDENTE ADOLFO SUÁREZ, 1;Benidorm;03502;38.54153;-0.15106;749266.68;4269738.83;30;EPSG:4326;sin_ubicacion;966816065;;;Pública;GENERALITAT VALENCIANA;;;GVA - Centros docentes de la Comunitat Valenciana (ICV WFS);CC BY 4.0;;automatico_sin_revisar;valido;29;
7126417f-d50e-4b56-bb55-4b38a10a1873;equipamientos;administracion;Taller d'Ocupació Benidorm X;correcto;;;;38.5362;-0.10015;753740.43;4269285.58;30;EPSG:4326;sin_ubicacion;;;;;;;;OpenStreetMap (Overpass);ODbL 1.0;;automatico_sin_revisar;valido;23;
71358b67-be5b-4313-8af3-31ac27b59021;equipamientos;centro_salud;Valverde & Arpino;correcto;Avenida del Mediterráneo - Avinguda del Mediterrani 3;;03503;38.53733;-0.124;751649.22;4269345.88;30;EPSG:4326;sin_ubicacion;+34 674642653;;;;;;;OpenStreetMap (Overpass);ODbL 1.0;;automatico_sin_revisar;proximo_limite;26;
713796fc-437c-426f-a10c-f36f7c16e97c;infraestructuras;parada_autobus;Av. Ametlla de Mar, 22;correcto;;;;38.53783;-0.10601;753221.92;4269450.45;30;EPSG:4326;sin_ubicacion;;;;;Llorente Bus;;;OpenStreetMap (Overpass);ODbL 1.0;;automatico_sin_revisar;valido;23;
71513ce7-d678-4384-8300-5aa081ade1da;infraestructuras;parada_autobus;Benidorm, Av. Rei Jaume I 25;correcto;;;;38.54194;-0.1337;750784.48;4269831.24;30;EPSG:4326;sin_ubicacion;;;;;Alsa;;;OpenStreetMap (Overpass);ODbL 1.0;;automatico_sin_revisar;valido;23;
7154d8a5-6836-42b2-b55f-63c9bc2a0505;equipamientos;alimentacion;Marisol;correcto;Avinguda de l'Armada Espanyola;;;38.53728;-0.13896;750340.14;4269299.76;30;EPSG:4326;sin_ubicacion;;;;;;;;OpenStreetMap (Overpass);ODbL 1.0;;automatico_sin_revisar;proximo_limite;26;
715668f4-8254-4aec-8091-f188825c5ada;equipamientos;alimentacion;Supermarket Overseas Asdaa;correcto;Calle de Londres 9;;;38.53619;-0.10435;753372.89;4269272.96;30;EPSG:4326;sin_ubicacion;;;;;;;;OpenStreetMap (Overpass);ODbL 1.0;;automatico_sin_revisar;valido;26;
718a1c0a-0da0-413a-9184-86253a5d44e2;equipamientos;policia;Policia Nacional;correcto;;;;38.53666;-0.11003;752874.15;4269309.6;30;EPSG:4326;sin_ubicacion;;;;;;;;OpenStreetMap (Overpass);ODbL 1.0;;automatico_sin_revisar;valido;23;
71e1ec96-8c68-4b4a-a996-83dc5f105823;equipamientos;alimentacion;Consum;correcto;avenida del Mediterráneo - Avinguda del Mediterrani 8;;03503;38.53692;-0.12406;751645.38;4269300.21;30;EPSG:4326;sin_ubicacion;+34 96 680 68 87;;;;;;;OpenStreetMap (Overpass);ODbL 1.0;;automatico_sin_revisar;proximo_limite;26;
720183e2-ba02-465f-9f0c-e392a80c81ab;equipamientos;alimentacion;Consum;correcto;Calle Urano 3;;;38.54178;-0.13243;750896.17;4269816.92;30;EPSG:4326;sin_ubicacion;;;;;;;;OpenStreetMap (Overpass);ODbL 1.0;;automatico_sin_revisar;valido;26;
72082b3b-73d0-47d9-90b3-70bd7f1c0bea;infraestructuras;parada_autobus;249 - Llaut 1;correcto;C/ Llaut, 1AC;;;38.55279;-0.12154;751811.2;4271068.56;30;EPSG:25830;sin_ubicacion;;;;;;;;Plantilla municipal — Limpieza info (PTM Benidorm);Uso interno del proyecto;;contrastado;valido;26;
72132fa8-1357-41e9-8ae6-7be7af3b14b4;infraestructuras;parada_autobus;122 - Policia Playas;correcto;Av. Vicent Llorca Alós, 1;;;38.53556;-0.15222;749185.53;4269073.06;30;EPSG:25830;sin_ubicacion;;;;;;;;Plantilla municipal — Limpieza info (PTM Benidorm);Uso interno del proyecto;;contrastado;proximo_limite;26;
72918d34-e802-45d2-8308-7adbef51d786;servicios_basicos;estacion_servicio;BP EUROBENIDORM · AVENIDA DOCTOR SEVERO OCHOA, S/N;correcto;AVENIDA DOCTOR SEVERO OCHOA, S/N;;03503;38.54314;-0.10272;753491.42;4270048.85;30;EPSG:4326;sin_ubicacion;;;L-D: 24H;;BP EUROBENIDORM;;;Geoportal de Gasolineras (MITECO, API REST);Reutilización de información del sector público (Ley 37/2007), citando la fuente;2026-10-01;automatico_sin_revisar;valido;29;
72a45601-06c4-4c9c-a661-c897b619b9bc;infraestructuras;alojamiento;Hotel Melina;correcto;;;;38.53877;-0.13414;750756.85;4269478.19;30;EPSG:4326;sin_ubicacion;;;;;;;;OpenStreetMap (Overpass);ODbL 1.0;;automatico_sin_revisar;valido;23;
72d196cb-1319-4a69-b39b-6c29646802bd;infraestructuras;parada_autobus;119 - H. Delfín;correcto;Av. Vicent Llorca Alós;;;38.53166;-0.15944;748566.92;4268620.77;30;EPSG:25830;sin_ubicacion;;;;;;;;Plantilla municipal — Limpieza info (PTM Benidorm);Uso interno del proyecto;;contrastado;proximo_limite;26;
72d34f31-c3d4-4147-a09b-eaf698636edb;equipamientos;alimentacion;Lidl;correcto;;;;38.53805;-0.17511;747173.81;4269288.06;30;EPSG:4326;sin_ubicacion;;;;;;;;OpenStreetMap (Overpass);ODbL 1.0;;automatico_sin_revisar;fuera_municipio;3;
735ec6d9-0b50-491e-8499-de10196ad032;infraestructuras;alojamiento;Hotel RH Sol;correcto;Carrer del Pintor Lozano 5;;03501;38.53544;-0.12937;751185.75;4269121.52;30;EPSG:4326;sin_ubicacion;+34 96 585 06 11;;;;;;;OpenStreetMap (Overpass);ODbL 1.0;;automatico_sin_revisar;proximo_limite;26;
73b08520-79fc-40ff-a2ad-e2446be5eb36;equipamientos;servicios_sociales;Residencia de la Tercera Edad y Centro de Día de Benidorm;correcto;Partida Foietes 1;;03502;38.54476;-0.14039;750189.37;4270126.14;30;EPSG:4326;sin_ubicacion;+34 966807434;;;;;;;OpenStreetMap (Overpass);ODbL 1.0;;automatico_sin_revisar;valido;26;
74477277-75e0-4afc-beec-dbd5655d23a9;infraestructuras;parada_autobus;270 - Malta 8;correcto;C/ Malta, 8;;;38.54395;-0.09604;754073.17;4270157.08;30;EPSG:25830;sin_ubicacion;;;;;;;;Plantilla municipal — Limpieza info (PTM Benidorm);Uso interno del proyecto;;contrastado;valido;26;
746b3712-3e84-440b-b911-618eea47f820;infraestructuras;alojamiento;MC San Diego Apartments;correcto;Calle Gerona 29;;;38.53734;-0.11518;752421.09;4269371.01;30;EPSG:4326;sin_ubicacion;;;;;;;;OpenStreetMap (Overpass);ODbL 1.0;;automatico_sin_revisar;valido;26;
750bca9b-235d-4b59-8bcd-bcc282fae984;infraestructuras;alojamiento;Caballito De Mar;correcto;Calle del Sacerdote y Entomólogo Don Tomás García Sempere 9;;;38.53904;-0.13484;750694.67;4269506.27;30;EPSG:4326;sin_ubicacion;;;;;;;;OpenStreetMap (Overpass);ODbL 1.0;;automatico_sin_revisar;valido;26;
7534acb8-64d0-414d-aaf9-93f04d4fae2a;infraestructuras;alojamiento;Estudios RH|SOL;correcto;Carrer de Carmela Martínez 10;;03501;38.53513;-0.13032;751103.67;4269084.53;30;EPSG:4326;sin_ubicacion;+34 96 585 06 11;;;;;;;OpenStreetMap (Overpass);ODbL 1.0;;automatico_sin_revisar;proximo_limite;26;
753d5b9d-8006-4d02-a159-786047b0437e;infraestructuras;parada_autobus;373 - Santander 2;correcto;C/ Santander, 2AC;;;38.53431;-0.15618;748843.22;4268923.67;30;EPSG:25830;sin_ubicacion;;;;;;;;Plantilla municipal — Limpieza info (PTM Benidorm);Uso interno del proyecto;;contrastado;proximo_limite;26;
754c8eaf-eaf9-49d2-a5bb-77b77922b368;equipamientos;alimentacion;Supermarket Quick Save;correcto;;;;38.54271;-0.10341;753432.53;4269999.23;30;EPSG:4326;sin_ubicacion;;;;;;;;OpenStreetMap (Overpass);ODbL 1.0;;automatico_sin_revisar;valido;23;
75721d30-dfe6-47fe-b38b-c0912247327c;infraestructuras;alojamiento;Hotel Bristol;correcto;Plaza Doctor Fleming 2;;03501;38.53783;-0.12867;751238.8;4269388.69;30;EPSG:4326;sin_ubicacion;+34 965 851 448;;;;;;;OpenStreetMap (Overpass);ODbL 1.0;;automatico_sin_revisar;valido;26;
75f6939b-4c30-4f48-a9cd-5020bcef136c;equipamientos;colegio;CEIP AUSIÀS MARCH;correcto;C. VENEZUELA, 5;;;;;;;;EPSG:25830;sin_ubicacion;;;;Pública;;;;Plantilla municipal — Limpieza info (PTM Benidorm);Uso interno del proyecto;;contrastado;sin_geometria;19;
764c14c5-67b7-4bf7-a233-90f00761e09a;poblacion;padron;Población empadronada 2010;correcto;;;;;;;;;EPSG:4326;sin_ubicacion;;;;;;;;INE - Padrón municipal (tabla 29005);Reutilización libre (Ley 37/2007) citando la fuente;2010-01-01;automatico_sin_revisar;sin_geometria;0;
76761ab9-fa69-4edc-b273-78a88e817e53;infraestructuras;alojamiento;Apartamentos La Palma;correcto;Carrer de la Palma 28;;;38.53732;-0.13002;751122.4;4269328.42;30;EPSG:4326;sin_ubicacion;;;;;;;;OpenStreetMap (Overpass);ODbL 1.0;;automatico_sin_revisar;valido;26;
767d9b5b-874f-47a4-9e1f-bce0da6d0b21;infraestructuras;parada_autobus;320 - Ed. Torre Lugano;correcto;C/ Pekín;;;38.53501;-0.09971;753783.07;4269154.7;30;EPSG:25830;sin_ubicacion;;;;;;;;Plantilla municipal — Limpieza info (PTM Benidorm);Uso interno del proyecto;;contrastado;valido;26;
76adcf39-8c13-47e7-b30d-ec7d61ceca73;equipamientos;centro_formacion;CPFPE Arce Formación;correcto;AV. JAIME I, 31;;;;;;;;EPSG:25830;sin_ubicacion;;;;Privada;;;;Plantilla municipal — Limpieza info (PTM Benidorm);Uso interno del proyecto;;contrastado;sin_geometria;19;
76e5b022-053e-46fe-8691-926cbdd586ef;infraestructuras;parada_autobus;101 - Parque Elche;correcto;Pg. Such Ortega (Parc d'Elx);;;38.53684;-0.13402;750773.98;4269264.3;30;EPSG:25830;sin_ubicacion;;;;;;;;Plantilla municipal — Limpieza info (PTM Benidorm);Uso interno del proyecto;;contrastado;proximo_limite;26;
76ef0398-8c4d-4852-870f-3e372383436d;infraestructuras;parada_autobus;282 - Austria 1;correcto;C/ Àustria, 1;;;38.54443;-0.13046;751059.46;4270116.4;30;EPSG:25830;sin_ubicacion;;;;;;;;Plantilla municipal — Limpieza info (PTM Benidorm);Uso interno del proyecto;;contrastado;valido;26;
7749815d-dd96-4d51-83ed-89316a1c48a8;infraestructuras;parada_autobus;Av. Severo Ochoa, 39;correcto;;;;38.55263;-0.09768;753899.48;4271116.02;30;EPSG:4326;sin_ubicacion;;;;;Llorente Bus;;;OpenStreetMap (Overpass);ODbL 1.0;;automatico_sin_revisar;valido;23;
77c3e8b3-66a0-444d-9024-c0518e491f0d;infraestructuras;parada_autobus;Av. Mediterráneo, 55 (Casino);correcto;;;;38.53527;-0.10855;753008.49;4269159.36;30;EPSG:4326;sin_ubicacion;;;;;Llorente Bus;;;OpenStreetMap (Overpass);ODbL 1.0;;automatico_sin_revisar;proximo_limite;23;
77df7729-c4e1-4b0e-bfc9-3a872f8ed19e;equipamientos;centro_comunitario;Centro De Información Juvenil;correcto;;;;38.53903;-0.12905;751201.41;4269520.86;30;EPSG:4326;sin_ubicacion;;;;;;;;OpenStreetMap (Overpass);ODbL 1.0;;automatico_sin_revisar;valido;23;
77ee31ab-682d-4903-8ba0-3d0e86299916;equipamientos;alimentacion;alimentacion node/12407678322;correcto;;;;38.54044;-0.13735;750470.21;4269654.86;30;EPSG:4326;sin_ubicacion;;;;;;;;OpenStreetMap (Overpass);ODbL 1.0;;automatico_sin_revisar;valido;23;
783f0ffb-9e2f-4402-9f58-46d77fc3fc20;infraestructuras;parada_autobus;Av. Mediterráneo, 58;correcto;;;;38.53566;-0.11045;752840.86;4269197.45;30;EPSG:4326;sin_ubicacion;;;;;Llorente Bus;;;OpenStreetMap (Overpass);ODbL 1.0;;automatico_sin_revisar;proximo_limite;23;
7844eeac-afc4-491b-b080-3fd282d83c24;infraestructuras;alojamiento;Albir Garden Resort;correcto;;;;38.57047;-0.07873;755495.13;4273148.37;30;EPSG:4326;sin_ubicacion;;;;;;;;OpenStreetMap (Overpass);ODbL 1.0;;automatico_sin_revisar;fuera_municipio;3;
78ca1da9-0d30-4d45-b719-fa88d4f65022;infraestructuras;parada_autobus;Apartamentos Vistamar;correcto;;;;38.54251;-0.11652;752285.96;4269941.21;30;EPSG:4326;sin_ubicacion;;;;;;;;OpenStreetMap (Overpass);ODbL 1.0;;automatico_sin_revisar;valido;23;
78d27d86-97e7-4017-b6eb-312a908ff932;equipamientos;alimentacion;Udaco;correcto;Avinguda Los Almendros 8;;;38.53744;-0.13236;750917.2;4269335.39;30;EPSG:4326;sin_ubicacion;;;;;;;;OpenStreetMap (Overpass);ODbL 1.0;;automatico_sin_revisar;proximo_limite;26;
78d40cf5-e620-4ea3-8a37-edf94e8efe26;infraestructuras;parada_autobus;154 - Ed. Timoner;correcto;Av. Beniardà, 16;;;38.54713;-0.13327;750804.28;4270408.47;30;EPSG:25830;sin_ubicacion;;;;;;;;Plantilla municipal — Limpieza info (PTM Benidorm);Uso interno del proyecto;;contrastado;valido;26;
793c937f-089f-4615-a1a2-6e92bd279459;infraestructuras;parada_autobus;Av. Alfonso Puchades, 27;correcto;;;;38.54196;-0.12474;751568.51;4269857.78;30;EPSG:4326;sin_ubicacion;;;;;Llorente Bus;;;OpenStreetMap (Overpass);ODbL 1.0;;automatico_sin_revisar;valido;23;
79800c08-6dab-4055-b94a-c3f07c7316cf;equipamientos;colegio;CEIP ELS TOLLS;correcto;AV. DEL MUNICIPI, 18;;;;;;;;EPSG:25830;sin_ubicacion;;;;Pública;;;;Plantilla municipal — Limpieza info (PTM Benidorm);Uso interno del proyecto;;contrastado;sin_geometria;19;
79ec030d-d165-4148-9afd-6ba1904f28f3;infraestructuras;parada_tranvia;Terra Mítica;correcto;;;;38.54671;-0.15894;748559.46;4270292.58;30;EPSG:4326;sin_ubicacion;;;;;;;;OpenStreetMap (Overpass);ODbL 1.0;;automatico_sin_revisar;valido;23;
7a691f15-e277-4024-92c8-951bdfc71c16;equipamientos;alimentacion;Mercadona;correcto;Carrer del Secretari Juan Antonio Baldoví 9;;03502;38.53195;-0.16614;747979.53;4268634.99;30;EPSG:4326;sin_ubicacion;;;;Privada;Mercadona;;;OpenStreetMap (Overpass);ODbL 1.0;;automatico_sin_revisar;proximo_limite;29;
7a7849c6-861a-4883-a94b-7d881d232c7f;equipamientos;alimentacion;alimentacion node/13391209854;correcto;;;;38.5416;-0.12259;751757.9;4269823.67;30;EPSG:4326;sin_ubicacion;;;;;;;;OpenStreetMap (Overpass);ODbL 1.0;;automatico_sin_revisar;valido;23;
7ad02212-17f5-4a07-8c6b-a2779fc5cf73;poblacion;padron;Población empadronada 2024;correcto;;;;;;;;;EPSG:4326;sin_ubicacion;;;;;;;;INE - Padrón municipal (tabla 29005);Reutilización libre (Ley 37/2007) citando la fuente;2024-01-01;automatico_sin_revisar;sin_geometria;3;
7afcc28d-f658-4855-bc9c-252146ac56e2;equipamientos;alimentacion;Benidorm;correcto;Carrer de Tomás Ortuño;;;38.54254;-0.13228;750906.68;4269901.69;30;EPSG:4326;sin_ubicacion;;;;;;;;OpenStreetMap (Overpass);ODbL 1.0;;automatico_sin_revisar;valido;26;
7b23bcf4-c4b0-4b83-804c-72de8fb24bf5;infraestructuras;alojamiento;Hotel Melia Benidorm;correcto;;;;38.54046;-0.10517;753286.31;4269744.67;30;EPSG:4326;sin_ubicacion;;;;;;;;OpenStreetMap (Overpass);ODbL 1.0;;automatico_sin_revisar;valido;23;
7b34452d-ce5e-49c9-86c2-5d494c5f78fd;infraestructuras;parada_autobus;355 - Ed. Don Benito;correcto;Av. Alfonso Puchades, 6;;;38.54363;-0.12966;751132.21;4270029.78;30;EPSG:25830;sin_ubicacion;;;;;;;;Plantilla municipal — Limpieza info (PTM Benidorm);Uso interno del proyecto;;contrastado;valido;26;
7b601ffc-20b5-4e67-b2d7-4862818b285c;infraestructuras;parada_autobus;parada autobus node/13391216225;correcto;;;;38.54017;-0.14037;750206.84;4269616.72;30;EPSG:4326;sin_ubicacion;;;;;;;;OpenStreetMap (Overpass);ODbL 1.0;;automatico_sin_revisar;valido;23;
7b6a8ba6-1a09-4cc4-b01a-590881447f39;infraestructuras;parada_autobus;Av. Severo Ochoa, 8;correcto;;;;38.54211;-0.10341;753434.61;4269932.63;30;EPSG:4326;sin_ubicacion;;;;;Llorente Bus;;;OpenStreetMap (Overpass);ODbL 1.0;;automatico_sin_revisar;valido;23;
7b92bfd0-1326-4321-a77d-94d4cfe14010;infraestructuras;parada_taxi;parada taxi node/1959024746;correcto;;;;38.55989;-0.15784;748610.84;4271758.44;30;EPSG:4326;sin_ubicacion;;;;;;;;OpenStreetMap (Overpass);ODbL 1.0;;automatico_sin_revisar;valido;23;
7b98bd2c-2c0c-4ecf-a431-2d7c68649c84;equipamientos;alimentacion;Best-Value;correcto;Avenida de Estocolmo;;;38.53633;-0.10453;753356.65;4269288.01;30;EPSG:4326;sin_ubicacion;;;;;;;;OpenStreetMap (Overpass);ODbL 1.0;;automatico_sin_revisar;valido;26;
7ba4c2ed-4a8f-4a9a-972f-d08ccc915c35;infraestructuras;alojamiento;alojamiento node/1080595185;correcto;;;;38.53882;-0.13183;750958.84;4269490;30;EPSG:4326;sin_ubicacion;;;;;;;;OpenStreetMap (Overpass);ODbL 1.0;;automatico_sin_revisar;valido;23;
7bdb09ca-90ba-4836-b179-b1083861a9ba;infraestructuras;parada_autobus;C/ Adolfo Suárez, 16;correcto;;;;38.54266;-0.14905;749438.72;4269869.67;30;EPSG:4326;sin_ubicacion;;;;;Llorente Bus;;;OpenStreetMap (Overpass);ODbL 1.0;;automatico_sin_revisar;valido;23;
7c107bd2-cfb4-4e35-8454-e943a9a67976;equipamientos;centro_formacion;CPE Iip Dharma College la Marina;correcto;PART. ELS TOLLS, 5;;;;;;;;EPSG:25830;sin_ubicacion;;;;Privada;;;;Plantilla municipal — Limpieza info (PTM Benidorm);Uso interno del proyecto;;contrastado;sin_geometria;19;
7c8517e9-6176-47a2-a0ed-a8ba16173e22;infraestructuras;parada_autobus;C/ Tomás Ortuño, 83;correcto;;;;38.54168;-0.13196;750937.64;4269807.1;30;EPSG:4326;sin_ubicacion;;;;;Llorente Bus;;;OpenStreetMap (Overpass);ODbL 1.0;;automatico_sin_revisar;valido;23;
7c894750-9b85-4cca-aa6c-9f7cc271fa0b;equipamientos;alimentacion;alimentacion node/12252456814;correcto;Avinguda del Rei Jaume I 13;;;38.54036;-0.13515;750663.01;4269651.94;30;EPSG:4326;sin_ubicacion;;;;;;;;OpenStreetMap (Overpass);ODbL 1.0;;automatico_sin_revisar;valido;26;
7c8af3fc-0a5a-4f93-96ca-b33498be1be3;infraestructuras;parada_autobus;Av. Jaume I, 27;correcto;;;;38.54224;-0.13341;750808.83;4269865.32;30;EPSG:4326;sin_ubicacion;;;;;Llorente Bus;;;OpenStreetMap (Overpass);ODbL 1.0;;automatico_sin_revisar;valido;23;
7c924f88-9701-420c-9b1e-4c0dcd4d38b6;equipamientos;farmacia;Farmacia Sala Vallejo;correcto;;;;38.53594;-0.12175;751850.92;4269197.72;30;EPSG:4326;sin_ubicacion;;;;;;;;OpenStreetMap (Overpass);ODbL 1.0;;automatico_sin_revisar;proximo_limite;23;
7d53299b-7f72-4a85-af37-7f95a99e89c1;equipamientos;alimentacion;El Rey de los Caramelos;correcto;Avinguda de Conca  -  Avenida de Cuenca;;;38.53595;-0.11778;752198.34;4269209.64;30;EPSG:4326;sin_ubicacion;;;;;;;;OpenStreetMap (Overpass);ODbL 1.0;;automatico_sin_revisar;proximo_limite;26;
7da2ad23-dc44-41c8-9916-dcf53b275f82;equipamientos;centro_formacion;CFP BENIDORM;correcto;PZA. CANALEJAS-EDIFICI TORREJÓ, 1;;;;;;;;EPSG:25830;sin_ubicacion;;;;Pública;;;;Plantilla municipal — Limpieza info (PTM Benidorm);Uso interno del proyecto;;contrastado;sin_geometria;19;
7dde17c4-e510-4573-b5a5-3793b5253a5b;equipamientos;alimentacion;alimentacion node/8018666448;correcto;Calle de Londres 4;;03503;38.53625;-0.10554;753268.53;4269276.37;30;EPSG:4326;sin_ubicacion;;;;;;;;OpenStreetMap (Overpass);ODbL 1.0;;automatico_sin_revisar;valido;26;
7e05074b-15a6-4c7c-9269-ebbd454a4ff6;equipamientos;alimentacion;Quick Save;correcto;;;;38.53727;-0.14028;750224.65;4269295.08;30;EPSG:4326;sin_ubicacion;;;;;;;;OpenStreetMap (Overpass);ODbL 1.0;;automatico_sin_revisar;proximo_limite;23;
7e174a78-ed05-427a-bb77-44d0814bbd53;equipamientos;colegio;CEIP AITANA;correcto;C. CAPITÁN CORTÉS, 12;;;;;;;;EPSG:25830;sin_ubicacion;;;;Pública;;;;Plantilla municipal — Limpieza info (PTM Benidorm);Uso interno del proyecto;;contrastado;sin_geometria;19;
7e190582-fdfb-48fd-aaa9-59e233c27423;infraestructuras;parada_autobus;207 - BBVA;correcto;Av. Mediterráneo, 62 (R. l'Oix);;;38.53478;-0.10793;753064.45;4269106.67;30;EPSG:25830;sin_ubicacion;;;;;;;;Plantilla municipal — Limpieza info (PTM Benidorm);Uso interno del proyecto;;contrastado;proximo_limite;26;
7eb09fef-8e8c-4fa5-bbe5-4f900cc1f230;equipamientos;alimentacion;alimentacion node/13270917863;correcto;;;;38.54162;-0.11998;751986.24;4269832.99;30;EPSG:4326;sin_ubicacion;;;;;;;;OpenStreetMap (Overpass);ODbL 1.0;;automatico_sin_revisar;valido;23;
7f07a637-cdb9-4765-9dc6-3e4a70ad9de0;infraestructuras;parada_autobus;C/ Juan Antonio Baldoví, 14;correcto;;;;38.5315;-0.16545;748041.44;4268586.89;30;EPSG:4326;sin_ubicacion;;;;;Llorente Bus;;;OpenStreetMap (Overpass);ODbL 1.0;;automatico_sin_revisar;proximo_limite;23;
7f2f13d5-2190-4bb2-990a-036eeb0ea558;infraestructuras;camping;camping way/1382807558;correcto;;;;38.56771;-0.09866;753761.3;4272787.15;30;EPSG:4326;sin_ubicacion;;;;;;;;OpenStreetMap (Overpass);ODbL 1.0;;automatico_sin_revisar;valido;23;
7f550442-ebe2-483e-8959-5cf04d361e90;equipamientos;alimentacion;Sabores;correcto;Carrer Maravall 33;;;38.54055;-0.13367;750791.88;4269677.04;30;EPSG:4326;sin_ubicacion;;;;;;;;OpenStreetMap (Overpass);ODbL 1.0;;automatico_sin_revisar;valido;26;
7f67fc91-6920-43dd-a87d-0f3e9033d7cf;infraestructuras;parada_autobus;130 - Telefónica;correcto;C/ Tomás Ortuño, 83;;;38.54168;-0.13195;750938.52;4269807.12;30;EPSG:25830;sin_ubicacion;;;;;;;;Plantilla municipal — Limpieza info (PTM Benidorm);Uso interno del proyecto;;contrastado;valido;26;
7f73909b-2b2d-45b7-b098-79b53bc0184c;infraestructuras;parada_autobus;Av. Municipi, 12;correcto;;;;38.54592;-0.1222;751777.14;4270304.23;30;EPSG:4326;sin_ubicacion;;;;;Llorente Bus;;;OpenStreetMap (Overpass);ODbL 1.0;;automatico_sin_revisar;valido;23;
801aed82-7520-4b75-b26c-6dd7dd10fa6b;equipamientos;alimentacion;City Market Express;correcto;Avenida de Estocolmo;;;38.5333;-0.10783;753078.33;4268942.67;30;EPSG:4326;sin_ubicacion;;;;;;;;OpenStreetMap (Overpass);ODbL 1.0;;automatico_sin_revisar;proximo_limite;26;
807b5399-9178-46c8-a137-7ae6d994f5a8;infraestructuras;alojamiento;Hotel Los Angeles;correcto;Carrer dels Àngels;;;38.53608;-0.12962;751161.67;4269191.87;30;EPSG:4326;sin_ubicacion;;;;;;;;OpenStreetMap (Overpass);ODbL 1.0;;automatico_sin_revisar;proximo_limite;26;
8085e362-abb1-4160-9b38-a7822e33c992;equipamientos;alimentacion;Carrefour Express;correcto;avenida del Mediterráneo - Avinguda del Mediterranio 43;;;38.53616;-0.11213;752692.09;4269248.36;30;EPSG:4326;sin_ubicacion;;;;;;;;OpenStreetMap (Overpass);ODbL 1.0;;automatico_sin_revisar;proximo_limite;26;
809ba191-4d12-44ec-91ff-fd1ec273b5fd;equipamientos;farmacia;Farmacia · AV. VILLAJOYOSA, Nº4 ED. ALTAMIRA V;correcto;AV. VILLAJOYOSA, Nº4 ED. ALTAMIRA V;;;;;;;;EPSG:25830;sin_ubicacion;;;;Privada;MARTINEZ CARCEL, MARIA GRACIA;;;Plantilla municipal — Limpieza info (PTM Benidorm);Uso interno del proyecto;;contrastado;sin_geometria;19;
80ab9c6d-d16b-4ebe-a85a-719bf4c523d7;infraestructuras;parada_autobus;C/ Esperanto, 4;correcto;;;;38.53764;-0.12531;751533.5;4269376.73;30;EPSG:4326;sin_ubicacion;;;;;Llorente Bus;;;OpenStreetMap (Overpass);ODbL 1.0;;automatico_sin_revisar;valido;23;
80efb8a4-d63b-44b2-9f27-a75efa7be5d4;infraestructuras;parada_autobus;146 - Perez Devesa 25;correcto;Av. Vicente Pérez Devesa, 25;;;38.53804;-0.15751;748714.12;4269334.1;30;EPSG:25830;sin_ubicacion;;;;;;;;Plantilla municipal — Limpieza info (PTM Benidorm);Uso interno del proyecto;;contrastado;valido;26;
815358b5-619e-44f3-870f-3e00939efc5d;equipamientos;farmacia;farmacia node/4344571826;correcto;Calle Dinamarca;;03502;38.5444;-0.12576;751470.85;4270125.84;30;EPSG:4326;sin_ubicacion;;;;;;;;OpenStreetMap (Overpass);ODbL 1.0;;automatico_sin_revisar;valido;26;
8153fc84-944e-4a48-9e7b-bb1debb64024;servicios_basicos;estacion_servicio;Repsol;correcto;;;;38.60934;-0.12777;751071.36;4277328.43;30;EPSG:4326;sin_ubicacion;;;;;;;;OpenStreetMap (Overpass);ODbL 1.0;;automatico_sin_revisar;fuera_municipio;3;
815781c5-a5b5-49f3-84ef-06cd9f22d9e7;infraestructuras;camping;Camping Benidorm;correcto;;;;38.55351;-0.09789;753878.04;4271213.12;30;EPSG:4326;sin_ubicacion;+34 965 86 00 11;;;;;;;OpenStreetMap (Overpass);ODbL 1.0;;automatico_sin_revisar;valido;23;
81639de5-7d84-4006-9c20-2af24da4bd60;equipamientos;alimentacion;Los Gemelos;correcto;Avinguda de Conca  -  Avenida de Cuenca;;;38.53584;-0.1178;752196.97;4269197.38;30;EPSG:4326;sin_ubicacion;;;;;;;;OpenStreetMap (Overpass);ODbL 1.0;;automatico_sin_revisar;proximo_limite;26;
81aa9de0-e7f8-48b5-8e19-4168ef62240e;equipamientos;mercado;Mercadillo;correcto;;;;38.57657;-0.09745;753836.32;4273773.9;30;EPSG:4326;sin_ubicacion;;;;;;;;OpenStreetMap (Overpass);ODbL 1.0;;automatico_sin_revisar;fuera_municipio;3;
81b8820c-98b6-4008-9a9a-ad5f35ffdcf6;infraestructuras;alojamiento;Hotel Brisa;correcto;;;;38.53372;-0.10835;753031.36;4268987.86;30;EPSG:4326;sin_ubicacion;+34 96 585 54 00;;;;;;;OpenStreetMap (Overpass);ODbL 1.0;;automatico_sin_revisar;proximo_limite;23;
81be0ada-a001-4926-9e52-280d31a02355;infraestructuras;parada_autobus;198 - Panama 5;correcto;Av. Panamá, 5AC;;;38.54002;-0.13696;750505.78;4269609.3;30;EPSG:25830;sin_ubicacion;;;;;;;;Plantilla municipal — Limpieza info (PTM Benidorm);Uso interno del proyecto;;contrastado;valido;26;
81c0ca40-b56a-4a7b-ad53-671a46d020d4;infraestructuras;parada_autobus;C/ Barca del Bou, 3;correcto;;;;38.55399;-0.12159;751802.69;4271201.62;30;EPSG:4326;sin_ubicacion;;;;;Llorente Bus;;;OpenStreetMap (Overpass);ODbL 1.0;;automatico_sin_revisar;valido;23;
81c59580-5943-4bc1-a253-c0cf64a2dcbe;infraestructuras;parada_autobus;182 - Zaplana 182;correcto;Av. Eduardo Zaplana;;;38.56099;-0.13791;750350.73;4271934.29;30;EPSG:25830;sin_ubicacion;;;;;;;;Plantilla municipal — Limpieza info (PTM Benidorm);Uso interno del proyecto;;contrastado;valido;26;
81c8156c-ea08-4563-ab45-a351aa8df8c2;equipamientos;servicios_sociales;Nos Importas;correcto;Calle del Apolo XI;;;38.53941;-0.1315;750985.7;4269556.39;30;EPSG:4326;sin_ubicacion;;;;;;;;OpenStreetMap (Overpass);ODbL 1.0;;automatico_sin_revisar;valido;26;
81d33bb2-961f-4b51-b4d2-21391bc376d3;infraestructuras;alojamiento;Hotel Residencia Perla;correcto;;;;38.5384;-0.11696;752261.64;4269483.82;30;EPSG:4326;sin_ubicacion;;;;;;;;OpenStreetMap (Overpass);ODbL 1.0;;automatico_sin_revisar;valido;23;
8213fc38-37f2-44ca-b2d3-7ace94f77a9c;infraestructuras;parada_autobus;parada autobus node/4796298886;correcto;;;;38.56743;-0.13334;750728.43;4272661.48;30;EPSG:4326;sin_ubicacion;;;;;;;;OpenStreetMap (Overpass);ODbL 1.0;;automatico_sin_revisar;proximo_limite;23;
826bb2c1-3414-4da8-811f-4d16f26af923;infraestructuras;parada_autobus;C/ Estació, 2 - FGV;correcto;;;;38.54797;-0.1345;750693.77;4270498.37;30;EPSG:4326;sin_ubicacion;;;;;;;;OpenStreetMap (Overpass);ODbL 1.0;;automatico_sin_revisar;valido;23;
82d62617-8b6f-486f-a9a0-5a32ca150716;equipamientos;administracion;administracion node/1831860273;correcto;;;;38.57954;-0.1018;753445.51;4274091.62;30;EPSG:4326;sin_ubicacion;;;;;;;;OpenStreetMap (Overpass);ODbL 1.0;;automatico_sin_revisar;fuera_municipio;3;
83a49ae1-89dc-4270-8fcf-7ab2f3d4d2a3;equipamientos;farmacia;Cristina Batres;correcto;Avenida del Mediterráneo - Avinguda del Mediterranio;;;38.53655;-0.11572;752376.55;4269281.86;30;EPSG:4326;sin_ubicacion;;;24/7;;;;;OpenStreetMap (Overpass);ODbL 1.0;;automatico_sin_revisar;proximo_limite;29;
83b954e0-9d3d-4fd4-b5fe-9a9ecde20045;equipamientos;alimentacion;Supermercado Pérez;correcto;Avinguda d'Alcoi - Avenida de Alcoy;;;38.53602;-0.12495;751570.59;4269197.9;30;EPSG:4326;sin_ubicacion;;;;;;;;OpenStreetMap (Overpass);ODbL 1.0;;automatico_sin_revisar;proximo_limite;26;
83c16ba2-f445-4e01-82ea-5c67be3ac2b4;equipamientos;escuela_infantil;EI 1ER CICLE MUNICIPAL LES FONTANELLES;correcto;AV. DEL MUNICIPI, 18 B;;;;;;;;EPSG:25830;sin_ubicacion;;;;Pública;;;;Plantilla municipal — Limpieza info (PTM Benidorm);Uso interno del proyecto;;contrastado;sin_geometria;19;
83cf4ce1-5883-4aa8-9c10-9d5c47067ee1;infraestructuras;parada_autobus;2, 24, 30, 31;correcto;;;;38.53369;-0.10741;753113.74;4268987.1;30;EPSG:4326;sin_ubicacion;;;;;Llorente Bus;;;OpenStreetMap (Overpass);ODbL 1.0;;automatico_sin_revisar;proximo_limite;23;
83f0ffa1-c600-4fb1-be79-4df4997a1173;equipamientos;farmacia;farmacia way/561754155;correcto;;;;38.52689;-0.16972;747683.34;4268063.77;30;EPSG:4326;sin_ubicacion;;;;;;;;OpenStreetMap (Overpass);ODbL 1.0;;automatico_sin_revisar;fuera_municipio;3;
8401f6dc-c388-4f65-a617-134050433520;equipamientos;centro_formacion;CENTRE ENSENYAMENTS ESPORTIUS LOPE DE VEGA DEPORTIVO;correcto;AV. DEL DOCTOR SEVERO OCHOA, 9;Benidorm;03503;38.54344;-0.10302;753464.13;4270081.33;30;EPSG:4326;sin_ubicacion;965854150;;;Privada;CENTRO DE ESTUDIOS LOPE DE VEGA, SAU;;;GVA - Centros docentes de la Comunitat Valenciana (ICV WFS);CC BY 4.0;;automatico_sin_revisar;valido;29;
8448faeb-8bab-4e52-8aaf-ac2f41148ed2;infraestructuras;parada_autobus;152 - Jaime I 7;correcto;Av. Jaume I, 7;;;38.53873;-0.13649;750551.33;4269467.39;30;EPSG:25830;sin_ubicacion;;;;;;;;Plantilla municipal — Limpieza info (PTM Benidorm);Uso interno del proyecto;;contrastado;proximo_limite;26;
8471a369-9c22-44ff-9c2e-672f784e410a;equipamientos;alimentacion;alimentacion node/8016624187;correcto;Calle del Esperanto;;;38.54008;-0.12243;751777.14;4269655.39;30;EPSG:4326;sin_ubicacion;;;;;;;;OpenStreetMap (Overpass);ODbL 1.0;;automatico_sin_revisar;valido;26;
8472d35f-29bd-4749-af2f-cbc836d35720;infraestructuras;parada_autobus;374 - Ed. Miragolf;correcto;C/ Adolfo Suárez, 8;;;38.54459;-0.14964;749380.5;4270082.3;30;EPSG:25830;sin_ubicacion;;;;;;;;Plantilla municipal — Limpieza info (PTM Benidorm);Uso interno del proyecto;;contrastado;valido;26;
8509aec3-161a-44f1-8a9a-ebdea9b5d1f2;equipamientos;servicios_sociales;Centro Social La Torreta;correcto;Calle Ciudad Real 6;;03503;38.54307;-0.10527;753268.51;4270034.1;30;EPSG:4326;sin_ubicacion;;;;;;;;OpenStreetMap (Overpass);ODbL 1.0;;automatico_sin_revisar;valido;26;
8516ebb5-67e2-487f-9596-8a070735d9f0;equipamientos;colegio;CPEIPS Nuestra Señora de los Dolores;correcto;C. EL PAL, 6;;;;;;;;EPSG:25830;sin_ubicacion;;;;Mixta (concertada);;;;Plantilla municipal — Limpieza info (PTM Benidorm);Uso interno del proyecto;;contrastado;sin_geometria;19;
851c355c-975a-4802-ab81-8589a20e6eed;infraestructuras;parada_autobus;243 - Veterinario;correcto;Av. Europa, 16AC;;;38.54144;-0.12014;751972.86;4269812.58;30;EPSG:25830;sin_ubicacion;;;;;;;;Plantilla municipal — Limpieza info (PTM Benidorm);Uso interno del proyecto;;contrastado;valido;26;
85bb1b45-2cd3-4d13-96bb-b54fe4b7749b;equipamientos;administracion;L'Alfàs + Social;correcto;;;;38.57543;-0.0964;753932.14;4273650.25;30;EPSG:4326;sin_ubicacion;;;;;;;;OpenStreetMap (Overpass);ODbL 1.0;;automatico_sin_revisar;fuera_municipio;3;
85f11411-b58f-4222-88d6-d5a3f22b27b4;infraestructuras;alojamiento;Hotel Las Vegas;correcto;Carrer de Tomás Ortuño;;;38.53757;-0.13121;751017.4;4269352.94;30;EPSG:4326;sin_ubicacion;;;;;;;;OpenStreetMap (Overpass);ODbL 1.0;;automatico_sin_revisar;valido;26;
8604085e-c338-410f-b046-b6b0993574df;equipamientos;centro_formacion;ESCOLA PRIVADA DE MÚSICA L'ILLA DE BENIDORM;correcto;CL. SANTA CRISTINA, 4;Benidorm;03501;38.54313;-0.13156;750967.66;4269969.13;30;EPSG:4326;sin_ubicacion;667497202;;;Privada;SOCIETAT MUSICAL L'ILLA DE BENIDORM;;;GVA - Centros docentes de la Comunitat Valenciana (ICV WFS);CC BY 4.0;;automatico_sin_revisar;valido;29;
863e19f6-9679-4294-8669-d157f82eb512;equipamientos;farmacia;Farmacia FARMACIA SORIA- CRESPO;correcto;AV. BENIARDA, Nº31;;;;;;;;EPSG:25830;sin_ubicacion;;;;Privada;FARMACIA SORIA- CRESPO, C.B;;;Plantilla municipal — Limpieza info (PTM Benidorm);Uso interno del proyecto;;contrastado;sin_geometria;19;
86b1f447-3fad-46f3-b6a7-82670d969695;equipamientos;farmacia;Farmacia · AV. DE ALCOY, Nº16;correcto;AV. DE ALCOY, Nº16;;;;;;;;EPSG:25830;sin_ubicacion;;;;Privada;SALA VALLEJO, ANGELA;;;Plantilla municipal — Limpieza info (PTM Benidorm);Uso interno del proyecto;;contrastado;sin_geometria;19;
86e013de-2b10-40a2-ba0a-76c728ecf40a;equipamientos;instituto;IES L'ALMADRAVA;correcto;C. DEL LLAÜT (SALT DE L'AIGUA), 10;;;;;;;;EPSG:25830;sin_ubicacion;;;;Pública;;;;Plantilla municipal — Limpieza info (PTM Benidorm);Uso interno del proyecto;;contrastado;sin_geometria;19;
8719b0a5-0827-4e82-990b-96779473e6af;equipamientos;alimentacion;alimentacion node/12407440562;correcto;;;;38.53324;-0.16371;748187.83;4268784.68;30;EPSG:4326;sin_ubicacion;;;;;;;;OpenStreetMap (Overpass);ODbL 1.0;;automatico_sin_revisar;valido;23;
87529e11-dc7b-4fa5-9408-195219c24b09;infraestructuras;parada_autobus;Av. Nicaragua, 33;correcto;;;;38.54347;-0.14208;750045.9;4269978.38;30;EPSG:4326;sin_ubicacion;;;;;Llorente Bus;;;OpenStreetMap (Overpass);ODbL 1.0;;automatico_sin_revisar;valido;23;
875da3ea-a967-4a0c-a932-befab036d122;equipamientos;alimentacion;El Kiosko;correcto;Avinguda Marina Baixa 3;;03509;38.52707;-0.16596;748011.84;4268093.82;30;EPSG:4326;sin_ubicacion;;;;;;;;OpenStreetMap (Overpass);ODbL 1.0;;automatico_sin_revisar;fuera_municipio;6;
87aabfa7-7fc7-4f69-a443-2df76894213a;infraestructuras;parada_tranvia;Benidorm;correcto;;;;38.5482;-0.13514;750636.98;4270522.17;30;EPSG:4326;sin_ubicacion;;;;;;;;OpenStreetMap (Overpass);ODbL 1.0;;automatico_sin_revisar;valido;23;
87b26d4d-6b6d-4ea8-a05c-c194b0246c5e;equipamientos;centro_formacion;CENTRE PÚBLIC FPA BENIDORM;correcto;CL. DE LES ESCOLES, 2A;Benidorm;03501;38.53955;-0.1311;751020.22;4269573.01;30;EPSG:4326;sin_ubicacion;966816380;;;Pública;GENERALITAT VALENCIANA;;;GVA - Centros docentes de la Comunitat Valenciana (ICV WFS);CC BY 4.0;;automatico_sin_revisar;valido;29;
87dc0993-680a-42d9-b3d0-81c8a1ac3186;infraestructuras;helipuerto;helipuerto way/522399838;correcto;;;;38.56332;-0.15077;749217.68;4272158.18;30;EPSG:4326;sin_ubicacion;;;;;;;;OpenStreetMap (Overpass);ODbL 1.0;;automatico_sin_revisar;valido;23;
88051d04-47c4-4986-8d30-75bc9c7821d6;infraestructuras;parada_autobus;287 - San Cristobal;correcto;Av. Alfonso Puchades, 5;;;38.5439;-0.12978;751120.78;4270059.42;30;EPSG:25830;sin_ubicacion;;;;;;;;Plantilla municipal — Limpieza info (PTM Benidorm);Uso interno del proyecto;;contrastado;valido;26;
880a7212-f854-4c83-8f73-692d87f3db66;equipamientos;alimentacion;Supermercado Paraíso;correcto;;;;38.54286;-0.11669;752269.87;4269979.59;30;EPSG:4326;sin_ubicacion;;;;;;;;OpenStreetMap (Overpass);ODbL 1.0;;automatico_sin_revisar;valido;23;
88185af8-7411-478d-b826-5a68d7f23711;equipamientos;alimentacion;Acuarium;correcto;Avenida de Juan Fuster Zaragoza 3;;;38.53769;-0.10818;753032.49;4269428.98;30;EPSG:4326;sin_ubicacion;;;;;;;;OpenStreetMap (Overpass);ODbL 1.0;;automatico_sin_revisar;valido;26;
88370e85-d6e2-43c9-a572-c93ab65d5a3d;infraestructuras;alojamiento;MC Alojamientos;correcto;Carrer de la Santa Faç 25;;03501;38.53534;-0.13113;751032.06;4269105.64;30;EPSG:4326;sin_ubicacion;;;;;;;;OpenStreetMap (Overpass);ODbL 1.0;;automatico_sin_revisar;proximo_limite;26;
8868d28c-d829-4251-9c05-b91318c84513;infraestructuras;parada_autobus;Av. Armada Espanyola, 17;correcto;;;;38.53708;-0.14708;749630.19;4269255.63;30;EPSG:4326;sin_ubicacion;;;;;Llorente Bus;;;OpenStreetMap (Overpass);ODbL 1.0;;automatico_sin_revisar;proximo_limite;23;
887f0166-3113-49f0-ab67-80d87b3f9d4c;infraestructuras;parada_autobus;Av. Marina Alta, 6;correcto;;;;38.53533;-0.16258;748279.62;4269019.69;30;EPSG:4326;sin_ubicacion;;;;;Llorente Bus;;;OpenStreetMap (Overpass);ODbL 1.0;;automatico_sin_revisar;valido;23;
88acf5f0-f2a1-43ab-856c-427994e49ca2;infraestructuras;parada_autobus;258 - Madrid 34;correcto;Av. Madrid, 34;;;38.5325;-0.1075;753109.98;4268854.77;30;EPSG:25830;sin_ubicacion;;;;;;;;Plantilla municipal — Limpieza info (PTM Benidorm);Uso interno del proyecto;;contrastado;proximo_limite;26;
88e31b5f-eb72-4ade-a7a1-79c14aa787ea;equipamientos;alimentacion;Supermarket;correcto;;;;38.53513;-0.10739;753110.5;4269146.99;30;EPSG:4326;sin_ubicacion;;;;;;;;OpenStreetMap (Overpass);ODbL 1.0;;automatico_sin_revisar;valido;23;
89036628-f6be-45ff-a043-c9384202ce96;equipamientos;alimentacion;Camping Villasol;correcto;;;;38.5455;-0.10718;753092.95;4270298.59;30;EPSG:4326;sin_ubicacion;;;Mo-Su 09:00-19:30;;;;;OpenStreetMap (Overpass);ODbL 1.0;;automatico_sin_revisar;valido;26;
8946092f-b792-4d2f-b1f2-83c3f9b896e8;territorio;partida;La Cortina;correcto;;;;;;;;;EPSG:25830;sin_ubicacion;;;;;;;;Plantilla municipal — Limpieza info (PTM Benidorm);Uso interno del proyecto;;contrastado;sin_geometria;13;
894b900a-fdc6-49c2-bfdc-78866ed9ea49;equipamientos;farmacia;Farmacia · C/ IBIZA Nº7, LOCAL 19 ED.GEMELOS IV;correcto;C/ IBIZA Nº7, LOCAL 19 ED.GEMELOS IV;;;;;;;;EPSG:25830;sin_ubicacion;;;;Privada;BATRES IGLESIAS, ENRIQUE;;;Plantilla municipal — Limpieza info (PTM Benidorm);Uso interno del proyecto;;contrastado;sin_geometria;19;
8955a517-b98c-40cd-86e4-c8c0661f504d;equipamientos;instituto;IES BERNAT DE SARRIÀ;correcto;C. DE LA FRAGATA (SALT DE L'AIGUA), 5;;;;;;;;EPSG:25830;sin_ubicacion;;;;Pública;;;;Plantilla municipal — Limpieza info (PTM Benidorm);Uso interno del proyecto;;contrastado;sin_geometria;19;
895fc3e8-f946-4dc5-ab7c-3b0b6df2760f;infraestructuras;parada_autobus;Av. Mediterráneo, 49;correcto;;;;38.53584;-0.11043;752841.98;4269217.49;30;EPSG:4326;sin_ubicacion;;;;;Llorente Bus;;;OpenStreetMap (Overpass);ODbL 1.0;;automatico_sin_revisar;proximo_limite;23;
898c7f97-006c-4a5f-8235-752ba32cc239;infraestructuras;parada_autobus;C/ Malta, 8;correcto;;;;38.54395;-0.09603;754074.05;4270157.1;30;EPSG:4326;sin_ubicacion;;;;;Llorente Bus;;;OpenStreetMap (Overpass);ODbL 1.0;;automatico_sin_revisar;valido;23;
89e2575e-9876-4176-894a-7f9e9d0fb496;infraestructuras;parada_autobus;Av. Ametlla de Mar, 17 (Hotel Dynastic);correcto;;;;38.53792;-0.10618;753206.73;4269459.98;30;EPSG:4326;sin_ubicacion;;;;;Llorente Bus;;;OpenStreetMap (Overpass);ODbL 1.0;;automatico_sin_revisar;valido;23;
8a0dd079-b69e-4851-ae24-5acbf164cec2;servicios_basicos;estacion_servicio;ZARCAR;correcto;AVENIDA PAIS VALENCIA 20;;;38.53644;-0.18022;746732.05;4269095.72;30;EPSG:4326;sin_ubicacion;;;Mo-Su 07:00-23:00;;;;;OpenStreetMap (Overpass);ODbL 1.0;;automatico_sin_revisar;fuera_municipio;9;
8a290c19-0109-45a1-9d01-2ecd2349382e;infraestructuras;alojamiento;Hotel Condestable;correcto;;;;38.53507;-0.13204;750953.35;4269073.2;30;EPSG:4326;sin_ubicacion;;;;;;;;OpenStreetMap (Overpass);ODbL 1.0;;automatico_sin_revisar;proximo_limite;23;
8a63b707-d0fe-455b-ae92-017e27632896;territorio;partida;Armanello;correcto;;;;;;;;;EPSG:25830;sin_ubicacion;;;;;;;;Plantilla municipal — Limpieza info (PTM Benidorm);Uso interno del proyecto;;contrastado;sin_geometria;13;
8abdfe9a-d582-4c8b-aaa4-365ba17ef31c;infraestructuras;alojamiento;alojamiento way/306791437;correcto;;;;38.52913;-0.16732;747885.82;4268318.82;30;EPSG:4326;sin_ubicacion;;;;;;;;OpenStreetMap (Overpass);ODbL 1.0;;automatico_sin_revisar;fuera_municipio;3;
8ad370cd-2a7e-4b11-9771-ecc56b33a247;equipamientos;administracion;Instituto Nacional De Seguridad Social;correcto;Calle de Júpiter 1;;;38.54041;-0.13203;750935.88;4269665.94;30;EPSG:4326;sin_ubicacion;;;;;;;;OpenStreetMap (Overpass);ODbL 1.0;;automatico_sin_revisar;valido;26;
8b09a964-7cb7-4bcf-95c3-346ad40fc590;equipamientos;farmacia;Farmacia · C/ VIRGEN DE LA ALMUDENA, Nº34 ED. NOVASOL;correcto;C/ VIRGEN DE LA ALMUDENA, Nº34 ED. NOVASOL;;;;;;;;EPSG:25830;sin_ubicacion;;;;Privada;RUIZ PINA, MANUEL ANTONIO;;;Plantilla municipal — Limpieza info (PTM Benidorm);Uso interno del proyecto;;contrastado;sin_geometria;19;
8b41ab57-130f-4184-a0d6-a6a3529e0d87;equipamientos;farmacia;Farmacia Morcuende;correcto;Av. Rei Jaume I, 1;;;;;;;;EPSG:25830;sin_ubicacion;;;;Privada;MORCUENDE JOSE ANTONIO / FARMACÉUTICO;;;Plantilla municipal — Limpieza info (PTM Benidorm);Uso interno del proyecto;;contrastado;sin_geometria;19;
8c501c88-9e6f-45a1-9268-fbfba5ec27a5;equipamientos;farmacia;Farmacia · AV. ARMADA ESPAÑOLA, Nº12- LOCAL 1-BALCON PONIENTE;correcto;AV. ARMADA ESPAÑOLA, Nº12- LOCAL 1-BALCON PONIENTE;;;;;;;;EPSG:25830;sin_ubicacion;;;;Privada;UCEDA RIERA, MARTA;;;Plantilla municipal — Limpieza info (PTM Benidorm);Uso interno del proyecto;;contrastado;sin_geometria;19;
8ccd74bc-7a91-4011-a4a2-f2a2cbcc654f;equipamientos;colegio;CENTRE PRIVAT LOPE DE VEGA;correcto;AV. DEL DOCTOR SEVERO OCHOA, 9;Benidorm;03503;38.54344;-0.10302;753464.13;4270081.33;30;EPSG:4326;sin_ubicacion;965854150;;;Privada;CENTRO DE ESTUDIOS LOPE DE VEGA, SA;;;GVA - Centros docentes de la Comunitat Valenciana (ICV WFS);CC BY 4.0;;automatico_sin_revisar;valido;29;
8d338dd6-54f0-4b08-9365-c7efecbdc31d;equipamientos;farmacia;Trébol farmacia;correcto;;;;38.5405;-0.14975;749384.84;4269628.03;30;EPSG:4326;sin_ubicacion;;;;;;;;OpenStreetMap (Overpass);ODbL 1.0;;automatico_sin_revisar;valido;23;
8d83eccd-967a-42d3-a839-62fb2941f1ee;equipamientos;alimentacion;Super Cheap Market;correcto;Avinguda de Castelló;;;38.53535;-0.1101;752872.56;4269164;30;EPSG:4326;sin_ubicacion;;;;;;;;OpenStreetMap (Overpass);ODbL 1.0;;automatico_sin_revisar;proximo_limite;26;
8d97ca83-4c6e-4fdf-acd6-907c0fd89cab;equipamientos;servicios_sociales;Forum Mare Nostrum;correcto;;;;38.57697;-0.10947;752783.54;4273785.37;30;EPSG:4326;sin_ubicacion;;;;;;;;OpenStreetMap (Overpass);ODbL 1.0;;automatico_sin_revisar;fuera_municipio;3;
8dc12367-a293-49c9-983b-c0732194236b;equipamientos;colegio;CEIP ELS TOLLS;correcto;AV. DEL MUNICIPI, 18;Benidorm;03502;38.54697;-0.12293;751709.64;4270418.79;30;EPSG:4326;sin_ubicacion;966870795;;;Pública;GENERALITAT VALENCIANA;;;GVA - Centros docentes de la Comunitat Valenciana (ICV WFS);CC BY 4.0;;automatico_sin_revisar;valido;29;
8dd93700-66c3-4ffe-a8ce-a5d8d7ce83e8;infraestructuras;parada_autobus;224 - Estanquet;correcto;Av. Severo Ochoa, 67 (Estanquet);;;38.55613;-0.10329;753396.46;4271489.12;30;EPSG:25830;sin_ubicacion;;;;;;;;Plantilla municipal — Limpieza info (PTM Benidorm);Uso interno del proyecto;;contrastado;valido;26;
8e037bd3-4a4b-4809-95cf-f61e6f20e830;equipamientos;colegio;Col·legi d'Educació Infantil i Primària El Murtal;correcto;;;;38.53646;-0.16092;748421.06;4269149.57;30;EPSG:4326;sin_ubicacion;;;;Privada;Generalitat Valenciana;;;OpenStreetMap (Overpass);ODbL 1.0;;automatico_sin_revisar;valido;26;
8e0ef935-14cb-4504-a368-f3c0b16ec770;territorio;partida;El Morgoig;correcto;;;;;;;;;EPSG:25830;sin_ubicacion;;;;;;;;Plantilla municipal — Limpieza info (PTM Benidorm);Uso interno del proyecto;;contrastado;sin_geometria;13;
8e6c0995-276e-404e-ac2f-f77d78f19d99;equipamientos;farmacia;Farmacia Ibiza;correcto;Carrer d'Evissa;;;38.53983;-0.11732;752225.2;4269641.56;30;EPSG:4326;sin_ubicacion;;;;;;;;OpenStreetMap (Overpass);ODbL 1.0;;automatico_sin_revisar;valido;26;
8e8f0521-0c75-42f4-bbaa-a8ca7f821534;infraestructuras;alojamiento;Hotel Santa Faz;correcto;Carrer de la Santa Faç;;;38.53567;-0.13137;751009.92;4269141.62;30;EPSG:4326;sin_ubicacion;;;;;;;;OpenStreetMap (Overpass);ODbL 1.0;;automatico_sin_revisar;proximo_limite;26;
8fb9969d-f05d-4838-b702-e22a43a85b55;infraestructuras;alojamiento;Hotel Magic Villa Benidorm;correcto;;;;38.53645;-0.11019;752860.88;4269285.85;30;EPSG:4326;sin_ubicacion;+34 965 850 699;;;;;;;OpenStreetMap (Overpass);ODbL 1.0;;automatico_sin_revisar;valido;23;
90034716-6083-4981-a014-4725aae7a69f;infraestructuras;parada_autobus;Av. Panamá, 5AC;correcto;;;;38.54004;-0.13691;750510.08;4269611.65;30;EPSG:4326;sin_ubicacion;;;;;Llorente Bus;;;OpenStreetMap (Overpass);ODbL 1.0;;automatico_sin_revisar;valido;23;
9063b5be-fb3b-47f2-9e6d-dc6eaf714545;infraestructuras;alojamiento;Picasso Apartments;correcto;;;;38.53478;-0.10461;753355.02;4269115.75;30;EPSG:4326;sin_ubicacion;;;;;;;;OpenStreetMap (Overpass);ODbL 1.0;;automatico_sin_revisar;valido;23;
907782c5-c0ae-4446-98b9-a66688f9e3af;equipamientos;colegio;CEIP GABRIEL MIRÓ;correcto;C. DE LA BARCA DEL BOU (SALT DE L'AIGUA), 4;;;;;;;;EPSG:25830;sin_ubicacion;;;;Pública;;;;Plantilla municipal — Limpieza info (PTM Benidorm);Uso interno del proyecto;;contrastado;sin_geometria;19;
90a416cf-574c-48fb-849d-c87f60675940;infraestructuras;alojamiento;Oasis Plaza;correcto;Plaza de España 0;;;38.5388;-0.13365;750799.63;4269482.85;30;EPSG:4326;sin_ubicacion;;;;;;;;OpenStreetMap (Overpass);ODbL 1.0;;automatico_sin_revisar;valido;26;
90a88896-d22a-473e-bc48-a9bde996f651;infraestructuras;parada_autobus;133 - Ed. Navasa I;correcto;Av. Jaume I, 27;;;38.54224;-0.13341;750808.83;4269865.32;30;EPSG:25830;sin_ubicacion;;;;;;;;Plantilla municipal — Limpieza info (PTM Benidorm);Uso interno del proyecto;;contrastado;valido;26;
90f61e84-cb4a-40b3-a107-4f8bdab344d1;infraestructuras;parada_autobus;365 - Centro día;correcto;C/ Juan Antonio Baldovi, 1;;;38.52951;-0.16428;748150.6;4268369.15;30;EPSG:25830;sin_ubicacion;;;;;;;;Plantilla municipal — Limpieza info (PTM Benidorm);Uso interno del proyecto;;contrastado;proximo_limite;26;
9104fdf5-8f3e-4961-8917-9e020fea19ef;equipamientos;farmacia;farmacia node/4405648252;correcto;;;;38.53731;-0.14245;750034.6;4269293.66;30;EPSG:4326;sin_ubicacion;;;;;;;;OpenStreetMap (Overpass);ODbL 1.0;;automatico_sin_revisar;proximo_limite;23;
915258e0-803b-433c-b088-0dd3a191bd6d;infraestructuras;alojamiento;Apartamentos Sol;correcto;;;;38.53729;-0.12844;751260.78;4269329.38;30;EPSG:4326;sin_ubicacion;;;;;;;;OpenStreetMap (Overpass);ODbL 1.0;;automatico_sin_revisar;valido;23;
91829abd-63b7-4c27-a41f-265d31d363e6;infraestructuras;helipuerto;helipuerto way/522399836;correcto;;;;38.56347;-0.15085;749210.17;4272174.62;30;EPSG:4326;sin_ubicacion;;;;;;;;OpenStreetMap (Overpass);ODbL 1.0;;automatico_sin_revisar;valido;23;
91b727a6-28e0-4ca4-a242-a23762de504f;equipamientos;alimentacion;alimentacion node/8786422913;correcto;avenida del Mediterráneo - Avinguda del Mediterranio;;03503;38.53596;-0.11032;752851.19;4269231.11;30;EPSG:4326;sin_ubicacion;;;;;;;;OpenStreetMap (Overpass);ODbL 1.0;;automatico_sin_revisar;proximo_limite;26;
91bd98f9-9c24-4765-af7c-f76be6664195;equipamientos;alimentacion;alimentacion node/5874107849;correcto;;;;38.54176;-0.09473;754195.43;4269917.59;30;EPSG:4326;sin_ubicacion;;;;;;;;OpenStreetMap (Overpass);ODbL 1.0;;automatico_sin_revisar;valido;23;
922e1fe5-479f-46cc-9190-af47490fcedc;equipamientos;farmacia;Farmacia · C/ RUZAFA, Nº14 ED.HOTEL CRISTAL PARK,L2;correcto;C/ RUZAFA, Nº14 ED.HOTEL CRISTAL PARK,L2;;;;;;;;EPSG:25830;sin_ubicacion;;;;Privada;LLORCA LLINARES, ELISA;;;Plantilla municipal — Limpieza info (PTM Benidorm);Uso interno del proyecto;;contrastado;sin_geometria;19;
92641fa3-1f1c-47d0-9aff-90f14d0ae72d;infraestructuras;parada_autobus;363 - Hospital Levante;correcto;C/ Ramón y Cajal, 5 (Hospital Levante);;;38.54076;-0.10598;753214.39;4269775.75;30;EPSG:25830;sin_ubicacion;;;;;;;;Plantilla municipal — Limpieza info (PTM Benidorm);Uso interno del proyecto;;contrastado;valido;26;
92679265-7931-4b3c-8534-b3d5c0289e25;infraestructuras;parada_autobus;346 - Ed. Saladar;correcto;C/ Esperanto, 4;;;38.53764;-0.12531;751533.5;4269376.73;30;EPSG:25830;sin_ubicacion;;;;;;;;Plantilla municipal — Limpieza info (PTM Benidorm);Uso interno del proyecto;;contrastado;valido;26;
92ae7028-b943-46e1-8cc2-90f36f4d2be2;infraestructuras;parada_autobus;384 - Orts Llorca 5;correcto;Av. Orts Llorca, 5AC;;;38.53843;-0.12344;751694.44;4269469.5;30;EPSG:25830;sin_ubicacion;;;;;;;;Plantilla municipal — Limpieza info (PTM Benidorm);Uso interno del proyecto;;contrastado;valido;26;
931fcc09-7d02-4c12-8083-d9a7302868fd;infraestructuras;helipuerto;helipuerto way/114577115;correcto;;;;38.5631;-0.15164;749142.32;4272131.42;30;EPSG:4326;sin_ubicacion;;;;;;;;OpenStreetMap (Overpass);ODbL 1.0;;automatico_sin_revisar;valido;23;
938388aa-2d25-485c-bb14-e550cba9b367;infraestructuras;parada_autobus;161 - Villajoyosa 22;correcto;Av. la Vila Joiosa, 22AC;;;38.53392;-0.15946;748557.48;4268871.56;30;EPSG:25830;sin_ubicacion;;;;;;;;Plantilla municipal — Limpieza info (PTM Benidorm);Uso interno del proyecto;;contrastado;valido;26;
9386b331-fe67-49ae-8a13-1a2f124f3e81;infraestructuras;parada_autobus;113 - Yago;correcto;Av. Mont-Benidorm, 1;;;38.5326;-0.1628;748269.64;4268716.09;30;EPSG:25830;sin_ubicacion;;;;;;;;Plantilla municipal — Limpieza info (PTM Benidorm);Uso interno del proyecto;;contrastado;valido;26;
93ae31ee-9c43-4ac7-a6c2-fbd41248bda6;infraestructuras;alojamiento;Apart. Maria Cristina Beach;correcto;;;;38.5325;-0.15859;748638.45;4268716.29;30;EPSG:4326;sin_ubicacion;+34695852536;;;;;;;OpenStreetMap (Overpass);ODbL 1.0;;automatico_sin_revisar;proximo_limite;23;
93c9ebd5-e26f-4310-b0ea-1b4761c1bf2f;equipamientos;centro_comunitario;Centro Social;correcto;;;;38.54;-0.18392;746396.23;4269481;30;EPSG:4326;sin_ubicacion;;;;;;;;OpenStreetMap (Overpass);ODbL 1.0;;automatico_sin_revisar;fuera_municipio;3;
93d5ac66-762f-49c3-b3ca-a2e89a9c35ef;poblacion;padron;Población empadronada 2007;correcto;;;;;;;;;EPSG:4326;sin_ubicacion;;;;;;;;INE - Padrón municipal (tabla 29005);Reutilización libre (Ley 37/2007) citando la fuente;2007-01-01;automatico_sin_revisar;sin_geometria;0;
9424bb3d-2bb2-4f59-9e64-c2f546862dc8;equipamientos;alimentacion;Sunrise;correcto;Avenida de Estocolmo;;;38.53375;-0.10752;753103.9;4268993.46;30;EPSG:4326;sin_ubicacion;;;;;;;;OpenStreetMap (Overpass);ODbL 1.0;;automatico_sin_revisar;proximo_limite;26;
94fba1ed-1e06-444c-8761-6236166ca5bb;equipamientos;colegio;CEIP EL MURTAL;correcto;AV. D. VICENTE PÉREZ DEVESA, 31;Benidorm;03502;38.53655;-0.16115;748400.63;4269158.94;30;EPSG:4326;sin_ubicacion;966870805;;;Pública;GENERALITAT VALENCIANA;;;GVA - Centros docentes de la Comunitat Valenciana (ICV WFS);CC BY 4.0;;automatico_sin_revisar;valido;29;
9542857c-f0fa-429a-a058-1c43f3f807e5;equipamientos;alimentacion;Mercadona;correcto;;;;38.54983;-0.12527;751495.03;4270729.87;30;EPSG:4326;sin_ubicacion;;;;;;;;OpenStreetMap (Overpass);ODbL 1.0;;automatico_sin_revisar;valido;23;
95f25b08-ffc3-4c9c-8f49-4636b69e7c9e;servicios_basicos;estacion_servicio;petroenergy;correcto;;;;38.55109;-0.10978;752846.07;4270911.95;30;EPSG:4326;sin_ubicacion;;;24/7;;;;;OpenStreetMap (Overpass);ODbL 1.0;;automatico_sin_revisar;valido;26;
964948c1-5823-44dc-b6ca-bccc08cc67d2;equipamientos;centro_formacion;ESCOLA PRIVADA DE MÚSICA LA NOVA DE BENIDORM;correcto;C. VIRGEN DE LA MACARENA (LOCAL 4), 36;;;;;;;;EPSG:25830;sin_ubicacion;;;;Privada;;;;Plantilla municipal — Limpieza info (PTM Benidorm);Uso interno del proyecto;;contrastado;sin_geometria;19;
968e933e-5db8-436b-b1e1-203308c7ed80;equipamientos;colegio;CEIP EL MURTAL;correcto;AV. D. VICENTE PÉREZ DEVESA, 31;;;;;;;;EPSG:25830;sin_ubicacion;;;;Pública;;;;Plantilla municipal — Limpieza info (PTM Benidorm);Uso interno del proyecto;;contrastado;sin_geometria;19;
9699be0f-a426-4a55-9ec4-dcbd3c717a9d;equipamientos;administracion;Ayuntamiento de Benidorm;correcto;Plaza de SS.MM. Los reyes de España 1;;03501;38.53945;-0.12874;751227.1;4269568.32;30;EPSG:4326;sin_ubicacion;;;;;;;;OpenStreetMap (Overpass);ODbL 1.0;;validado_tecnicamente;valido;26;
96a14abe-b10a-4cf7-9fa8-2ee90ab06cf9;infraestructuras;parada_autobus;105 - H. Poseidon Playa;correcto;Av. Armada Espanyola, 17;;;38.53708;-0.14708;749630.19;4269255.63;30;EPSG:25830;sin_ubicacion;;;;;;;;Plantilla municipal — Limpieza info (PTM Benidorm);Uso interno del proyecto;;contrastado;proximo_limite;26;
96abc863-1aa9-4cd6-b460-6bb555caca2e;equipamientos;farmacia;farmacia node/975350313;correcto;;;;38.5329;-0.15959;748549.57;4268758;30;EPSG:4326;sin_ubicacion;;;;;;;;OpenStreetMap (Overpass);ODbL 1.0;;automatico_sin_revisar;proximo_limite;23;
96b09041-6c7b-4827-8f3e-d6e27a6b374a;infraestructuras;alojamiento;Ribera Apartments;correcto;Calle de Roldán 5;;;38.53808;-0.13303;750856.37;4269404.61;30;EPSG:4326;sin_ubicacion;;;;;;;;OpenStreetMap (Overpass);ODbL 1.0;;automatico_sin_revisar;valido;26;
96faf0c5-f933-4105-9733-cc61deddab9a;infraestructuras;estacion_ferrocarril;Terra Mítica;correcto;;;;38.5467;-0.15886;748566.5;4270291.68;30;EPSG:4326;sin_ubicacion;;;;;Ferrocarrils de la Generalitat Valenciana;;;OpenStreetMap (Overpass);ODbL 1.0;;automatico_sin_revisar;valido;23;
96fba354-4678-4d32-b1a0-70933fc3cdda;infraestructuras;parada_autobus;Av. Vicente Pérez Devesa, 11;correcto;;;;38.54014;-0.15066;749306.43;4269585.62;30;EPSG:4326;sin_ubicacion;;;;;Llorente Bus;;;OpenStreetMap (Overpass);ODbL 1.0;;automatico_sin_revisar;valido;23;
9744fa09-ff6d-4c7e-922f-c3d6079a3286;poblacion;padron;Población empadronada 2017;correcto;;;;;;;;;EPSG:4326;sin_ubicacion;;;;;;;;INE - Padrón municipal (tabla 29005);Reutilización libre (Ley 37/2007) citando la fuente;2017-01-01;automatico_sin_revisar;sin_geometria;0;
979b69cd-7968-41e7-bcb6-bffcc3ce0fef;equipamientos;consultorio;Centro Médico Lago;correcto;;;;38.53995;-0.131;751027.6;4269617.68;30;EPSG:4326;sin_ubicacion;;;;;;;;OpenStreetMap (Overpass);ODbL 1.0;;automatico_sin_revisar;valido;23;
97d00251-fc1d-45eb-b572-c3760cc09055;equipamientos;alimentacion;masymas basic;correcto;;;;38.54482;-0.13255;750875.22;4270154.02;30;EPSG:4326;sin_ubicacion;;;;Privada;Juan Fornés Fornés S.A.;;;OpenStreetMap (Overpass);ODbL 1.0;;automatico_sin_revisar;valido;26;
984209d0-22ca-4e9d-89cb-ca153360dbf7;infraestructuras;parada_autobus;383 - 9 d'Octubre;correcto;Av. 9 d'Octubre;;;38.54122;-0.13604;750582.17;4269744.98;30;EPSG:25830;sin_ubicacion;;;;;;;;Plantilla municipal — Limpieza info (PTM Benidorm);Uso interno del proyecto;;contrastado;valido;26;
9902ea73-6434-4324-aef6-c8fd29f7cb03;equipamientos;farmacia;Farmacia Martínez de la Cámara;correcto;;;;38.53639;-0.12956;751165.86;4269226.44;30;EPSG:4326;sin_ubicacion;;;;;;;;OpenStreetMap (Overpass);ODbL 1.0;;automatico_sin_revisar;proximo_limite;23;
99254096-a6c1-4396-a69c-f36af47a1660;infraestructuras;parada_autobus;24;por_revisar;;;;38.52956;-0.10583;753266.34;4268533.01;30;EPSG:4326;sin_ubicacion;;;;;Llorente Bus;;;OpenStreetMap (Overpass);ODbL 1.0;;automatico_sin_revisar;proximo_limite;23;El nombre es una cifra suelta, propia de la parada_autobus. No identifica el elemento, de modo que se conserva tal cual y se marca como pendiente en lugar de sustituirlo por una suposición.
99420185-fe0d-4d66-81e6-057b3f787ac8;territorio;partida;L’Almafrà;correcto;;;;;;;;;EPSG:25830;sin_ubicacion;;;;;;;;Plantilla municipal — Limpieza info (PTM Benidorm);Uso interno del proyecto;;contrastado;sin_geometria;13;
997b7c53-ba8b-4356-ba4e-5a50ed9c39bc;equipamientos;alimentacion;Express;correcto;;;;38.53843;-0.11238;752662.36;4269499.64;30;EPSG:4326;sin_ubicacion;;;;;;;;OpenStreetMap (Overpass);ODbL 1.0;;automatico_sin_revisar;valido;23;
9985ed18-9d77-46e4-81a4-efb222314abe;equipamientos;policia;policia way/561754162;correcto;;;;38.52606;-0.1692;747731.67;4267973.04;30;EPSG:4326;sin_ubicacion;;;;;;;;OpenStreetMap (Overpass);ODbL 1.0;;automatico_sin_revisar;fuera_municipio;3;
99b0a92d-b245-48a9-a6f7-0240e82b7cc0;infraestructuras;parada_autobus;378 - 9 d'Octubre Parque;correcto;Av. 9 d'Octubre;;;38.54124;-0.13594;750590.85;4269747.47;30;EPSG:25830;sin_ubicacion;;;;;;;;Plantilla municipal — Limpieza info (PTM Benidorm);Uso interno del proyecto;;contrastado;valido;26;
99f7db21-3c05-4160-aac6-760983ed188a;infraestructuras;parada_autobus;157 - Estanco;correcto;Av. Beniardà, 13;;;38.54452;-0.13279;750855.25;4270120.07;30;EPSG:25830;sin_ubicacion;;;;;;;;Plantilla municipal — Limpieza info (PTM Benidorm);Uso interno del proyecto;;contrastado;valido;26;
9a0625b5-bca6-4c22-a3d9-94d2c5137c6e;infraestructuras;parada_autobus;239 - H. Belroy;correcto;Av. Mediterrani, 13 (Hotel Belroy);;;38.53706;-0.12088;751923.2;4269324.4;30;EPSG:25830;sin_ubicacion;;;;;;;;Plantilla municipal — Limpieza info (PTM Benidorm);Uso interno del proyecto;;contrastado;proximo_limite;26;
9a0df4e2-bbbf-4a9a-bd07-64b38a1a2514;infraestructuras;parada_autobus;Av. 9 d'Octubre (Residència);correcto;;;;38.54512;-0.13991;750230.14;4270167.39;30;EPSG:4326;sin_ubicacion;;;;;Llorente Bus;;;OpenStreetMap (Overpass);ODbL 1.0;;automatico_sin_revisar;valido;23;
9a5eea27-a0c4-4e6b-bd49-4f0acf7bfd4d;equipamientos;biblioteca;Biblioplaya Poniente;correcto;;;;38.53577;-0.13268;750894.93;4269149.17;30;EPSG:4326;sin_ubicacion;;;;;;;;OpenStreetMap (Overpass);ODbL 1.0;;automatico_sin_revisar;proximo_limite;23;
9a605bf7-5e8a-46b6-a455-2e3ff1ddf43e;equipamientos;farmacia;María Eugenia Martínez Zaragoza;correcto;Avinguda del País Valencià 38;;03580;38.57991;-0.10385;753264.92;4274127.08;30;EPSG:4326;sin_ubicacion;;;;Privada;María Eugenia Martínez Zaragoza;;;OpenStreetMap (Overpass);ODbL 1.0;;automatico_sin_revisar;fuera_municipio;9;
9a9adf4b-9f02-44eb-8ff4-6ac9da734015;infraestructuras;parada_autobus;Av. Puerto Rico, 2;correcto;;;;38.53714;-0.14711;749627.35;4269262.21;30;EPSG:4326;sin_ubicacion;;;;;Llorente Bus;;;OpenStreetMap (Overpass);ODbL 1.0;;automatico_sin_revisar;proximo_limite;23;
9abb9335-d604-43b5-93ed-391a4e1f0784;equipamientos;alimentacion;Primapix;correcto;;;;38.53544;-0.18059;746703.04;4268983.74;30;EPSG:4326;sin_ubicacion;;;;;;;;OpenStreetMap (Overpass);ODbL 1.0;;automatico_sin_revisar;fuera_municipio;3;
9af96a39-a4db-403c-b216-42e3a859efd2;poblacion;padron;Población empadronada 2004;correcto;;;;;;;;;EPSG:4326;sin_ubicacion;;;;;;;;INE - Padrón municipal (tabla 29005);Reutilización libre (Ley 37/2007) citando la fuente;2004-01-01;automatico_sin_revisar;sin_geometria;0;
9b0b0c3c-b0a7-4dd6-a32f-91833ac3d7cd;equipamientos;farmacia;Farmacia Mercedes Bomant Gomis;correcto;;;;38.54516;-0.1278;751289.72;4270204.65;30;EPSG:4326;sin_ubicacion;;;;;;;;OpenStreetMap (Overpass);ODbL 1.0;;automatico_sin_revisar;valido;23;
9b614616-a198-4c93-ba44-65228e58d9e2;infraestructuras;camping;Camping Amanello;correcto;Cami de l'Armanello 9;;03503;38.54734;-0.10975;752861.68;4270495.8;30;EPSG:4326;sin_ubicacion;;;Mo-Su 08:00-22:00;;;;;OpenStreetMap (Overpass);ODbL 1.0;;automatico_sin_revisar;valido;29;
9b88e8e9-d3d0-4839-82e7-7dc7c0a93817;infraestructuras;alojamiento;Gran Hotel Delfín;correcto;;;;38.53185;-0.16001;748516.38;4268640.33;30;EPSG:4326;sin_ubicacion;+34 965 853 400;;;;;;;OpenStreetMap (Overpass);ODbL 1.0;;automatico_sin_revisar;proximo_limite;23;
9bc00044-3c2a-4397-be9b-5176b44dad15;equipamientos;alimentacion;Principado;correcto;Avinguda de Madrid - Avenida de Madrid 26;;03503;38.53414;-0.10949;752930.14;4269031.36;30;EPSG:4326;sin_ubicacion;;;;;;;;OpenStreetMap (Overpass);ODbL 1.0;;automatico_sin_revisar;proximo_limite;26;
9bee0936-1afd-4896-b516-e4aac518c861;infraestructuras;parada_autobus;24;por_revisar;;;;38.52959;-0.10576;753272.36;4268536.54;30;EPSG:4326;sin_ubicacion;;;;;Llorente Bus;;;OpenStreetMap (Overpass);ODbL 1.0;;automatico_sin_revisar;proximo_limite;23;El nombre es una cifra suelta, propia de la parada_autobus. No identifica el elemento, de modo que se conserva tal cual y se marca como pendiente en lugar de sustituirlo por una suposición.
9c008add-3e8c-467a-abc2-b6e7d1cc425d;infraestructuras;parada_autobus;116 - H. Bali;correcto;C/ Langreo, 1 (H. Bali);;;38.53239;-0.16323;748232.72;4268691.63;30;EPSG:25830;sin_ubicacion;;;;;;;;Plantilla municipal — Limpieza info (PTM Benidorm);Uso interno del proyecto;;contrastado;valido;26;
9c6b2bc3-b440-4e0d-809a-abee8fdaffdf;equipamientos;farmacia;Farmacia · AV. EUROPA, Nº29 ED.COBLANCA 15 LOCAL C;correcto;AV. EUROPA, Nº29 ED.COBLANCA 15 LOCAL C;;;;;;;;EPSG:25830;sin_ubicacion;;;;Privada;IVAN QART FERNANDEZ;;;Plantilla municipal — Limpieza info (PTM Benidorm);Uso interno del proyecto;;contrastado;sin_geometria;19;
9cb625db-9337-49da-917f-67a81021e785;infraestructuras;alojamiento;Hotel Brasil;correcto;Calle del Apolo XI 27;;;38.53946;-0.13433;750737.86;4269554.26;30;EPSG:4326;sin_ubicacion;+34 965 854 800;;;;;;;OpenStreetMap (Overpass);ODbL 1.0;;automatico_sin_revisar;valido;26;
9cd93977-3ece-4bd7-b92a-784ca409c4fe;infraestructuras;parada_autobus;Pg. Mitja Llegua, 25;correcto;;;;38.57076;-0.09623;753963.26;4273132.36;30;EPSG:4326;sin_ubicacion;;;;;Llorente Bus;;;OpenStreetMap (Overpass);ODbL 1.0;;automatico_sin_revisar;proximo_limite;23;
9d273e3d-d3f5-458e-b118-6158cd59842c;infraestructuras;camping;Càmping Puig Campana;correcto;;;;38.5706;-0.18179;746479.3;4272883.09;30;EPSG:4326;sin_ubicacion;;;;;;;;OpenStreetMap (Overpass);ODbL 1.0;;automatico_sin_revisar;fuera_municipio;3;
9da36f40-c358-4551-bcbd-dc941f42fe19;infraestructuras;alojamiento;Hotel Jaime I;correcto;;;;38.5401;-0.1358;750607.02;4269621.32;30;EPSG:4326;sin_ubicacion;;;;;;;;OpenStreetMap (Overpass);ODbL 1.0;;automatico_sin_revisar;valido;23;
9e874522-6226-4bc2-a2f0-4a8e442d7404;equipamientos;alimentacion;SuperMarket;correcto;Calle Londres;;03503;38.53627;-0.10505;753311.34;4269279.93;30;EPSG:4326;sin_ubicacion;;;;;;;;OpenStreetMap (Overpass);ODbL 1.0;;automatico_sin_revisar;valido;26;
9efa7191-6db8-473e-b0a7-49f1a6c9b067;equipamientos;alimentacion;alimentacion node/5874128106;correcto;Avenida del Mediterráneo - Avinguda del Mediterranio 41;;;38.53627;-0.11283;752630.45;4269258.66;30;EPSG:4326;sin_ubicacion;;;;;;;;OpenStreetMap (Overpass);ODbL 1.0;;automatico_sin_revisar;proximo_limite;26;
9f04f102-654a-4f2b-b5b6-0208369424b8;infraestructuras;camping;Cap Blanch;correcto;;;03581;38.57911;-0.06538;756632.57;4274144.36;30;EPSG:4326;sin_ubicacion;;;;;;;;OpenStreetMap (Overpass);ODbL 1.0;;automatico_sin_revisar;fuera_municipio;3;
9fa6af6e-7b02-4bf5-9f7d-79eb403e9c68;poblacion;padron;Población empadronada 2014;correcto;;;;;;;;;EPSG:4326;sin_ubicacion;;;;;;;;INE - Padrón municipal (tabla 29005);Reutilización libre (Ley 37/2007) citando la fuente;2014-01-01;automatico_sin_revisar;sin_geometria;0;
a0572f8f-6967-441d-b0a5-1e31360c1613;infraestructuras;parada_autobus;208 - H. Nereo;correcto;Av. Ametlla de Mar, 16 (H. Nereo);;;38.53559;-0.10709;753135.16;4269198.87;30;EPSG:25830;sin_ubicacion;;;;;;;;Plantilla municipal — Limpieza info (PTM Benidorm);Uso interno del proyecto;;contrastado;valido;26;
a0d97df8-e95a-46fe-aace-f6ed108c3ad4;infraestructuras;alojamiento;alojamiento way/1427641255;correcto;;;;38.53277;-0.10507;753321.73;4268891.39;30;EPSG:4326;sin_ubicacion;;;;;;;;OpenStreetMap (Overpass);ODbL 1.0;;automatico_sin_revisar;proximo_limite;23;
a12937e4-ff7b-494b-88a6-310973445c4f;infraestructuras;parada_autobus;Av. Mont-Benidorm, 10;correcto;;;;38.53244;-0.1611;748418.98;4268702.89;30;EPSG:4326;sin_ubicacion;;;;;Llorente Bus;;;OpenStreetMap (Overpass);ODbL 1.0;;automatico_sin_revisar;valido;23;
a16e48de-1f41-4049-b5fc-697c80a9195b;infraestructuras;parada_autobus;242 - Europa 12;correcto;Av. Europa, 12;;;38.53923;-0.12018;751976.98;4269567.17;30;EPSG:25830;sin_ubicacion;;;;;;;;Plantilla municipal — Limpieza info (PTM Benidorm);Uso interno del proyecto;;contrastado;valido;26;
a18a60f4-53f7-458f-a7ed-e9d15d901578;equipamientos;alimentacion;Supermercado Andrés;correcto;Avenida de Ruzafa - Avinguda de Russafa;;;38.53985;-0.13024;751094.45;4269608.64;30;EPSG:4326;sin_ubicacion;;;;;;;;OpenStreetMap (Overpass);ODbL 1.0;;automatico_sin_revisar;valido;26;
a1c68b9b-5320-47b2-b804-0573a484756c;equipamientos;farmacia;farmacia node/5024882095;correcto;avenida del Mediterráneo - Avinguda del Mediterrani;;;38.53731;-0.12359;751685.17;4269344.78;30;EPSG:4326;sin_ubicacion;;;;;;;;OpenStreetMap (Overpass);ODbL 1.0;;automatico_sin_revisar;proximo_limite;26;
a1c6f901-8611-4e83-b23b-5207f8bade5b;equipamientos;centro_especialidades;CENTRO DE ESPECIALIDADES DE BENIDORM;correcto;VENEZUELA, S/N;;03502;38.54056;-0.1371;750491.67;4269668.86;30;EPSG:4326;sin_ubicacion;;;;;Sistema Valenciano de Salud;;;GVA - Sistema Valenciano de Salud, centros sanitarios (ICV WFS);CC BY 4.0;;automatico_sin_revisar;valido;26;
a2041097-8e91-4b55-acbc-eb3c72924c6c;infraestructuras;alojamiento;Hotel Mediterráneo;correcto;;;;38.5442;-0.1013;753612.01;4270170.4;30;EPSG:4326;sin_ubicacion;+34 966 889 353;;;;;;;OpenStreetMap (Overpass);ODbL 1.0;;automatico_sin_revisar;valido;23;
a2c8b23d-c5c1-44ee-97e6-95d925936b17;infraestructuras;parada_autobus;Av. l'Aigüera, front 13;correcto;;;;38.54465;-0.13115;750998.32;4270138.95;30;EPSG:4326;sin_ubicacion;;;;;Llorente Bus;;;OpenStreetMap (Overpass);ODbL 1.0;;automatico_sin_revisar;valido;23;
a2e628f8-4e36-4bfe-9984-4d7cfbf4b358;infraestructuras;parada_autobus;Av. la Vila Joiosa, 22AC;correcto;;;;38.53392;-0.15946;748557.48;4268871.56;30;EPSG:4326;sin_ubicacion;;;;;Llorente Bus;;;OpenStreetMap (Overpass);ODbL 1.0;;automatico_sin_revisar;valido;23;
a303c1a5-d279-460c-b17f-81b8c749df87;infraestructuras;parada_autobus;C/ Adolfo Suárez, 8;correcto;;;;38.54457;-0.14966;749378.82;4270080.02;30;EPSG:4326;sin_ubicacion;;;;;Llorente Bus;;;OpenStreetMap (Overpass);ODbL 1.0;;automatico_sin_revisar;valido;23;
a3337021-441a-44d2-b346-30fd07f23311;poblacion;padron;Población empadronada 2021;correcto;;;;;;;;;EPSG:4326;sin_ubicacion;;;;;;;;INE - Padrón municipal (tabla 29005);Reutilización libre (Ley 37/2007) citando la fuente;2021-01-01;automatico_sin_revisar;sin_geometria;0;
a336a415-8349-41d2-bd86-58d534069d3f;poblacion;padron;Población empadronada 2006;correcto;;;;;;;;;EPSG:4326;sin_ubicacion;;;;;;;;INE - Padrón municipal (tabla 29005);Reutilización libre (Ley 37/2007) citando la fuente;2006-01-01;automatico_sin_revisar;sin_geometria;0;
a36061d9-da03-4916-914e-be7f2022b3ad;equipamientos;alimentacion;Supermercado One Stop;correcto;;;;38.53179;-0.10669;753183.34;4268778.18;30;EPSG:4326;sin_ubicacion;;;;;;;;OpenStreetMap (Overpass);ODbL 1.0;;automatico_sin_revisar;proximo_limite;23;
a374c972-c634-4635-8a06-742439e2d2ec;infraestructuras;parada_tranvia;Benidorm;correcto;;;;38.54816;-0.13514;750637.12;4270517.73;30;EPSG:4326;sin_ubicacion;;;;;;;;OpenStreetMap (Overpass);ODbL 1.0;;automatico_sin_revisar;valido;23;
a41d767e-cfe8-4b1e-aa64-efa174aaed8a;infraestructuras;alojamiento;Hostal Tabarca;correcto;Avenida de Ruzafa - Avinguda de Russafa;;;38.53731;-0.12943;751174.07;4269328.91;30;EPSG:4326;sin_ubicacion;;;;;;;;OpenStreetMap (Overpass);ODbL 1.0;;automatico_sin_revisar;valido;26;
a42793b6-f1af-473a-a310-dc9b2dadd0e1;infraestructuras;parada_taxi;Taxi;correcto;;;;38.54667;-0.15905;748549.98;4270287.84;30;EPSG:4326;sin_ubicacion;;;;;;;;OpenStreetMap (Overpass);ODbL 1.0;;automatico_sin_revisar;valido;23;
a4586642-2cc8-4c82-b60f-bcfd3aece06f;equipamientos;alimentacion;Coaliment;correcto;;;;38.53918;-0.11559;752378.85;4269574.13;30;EPSG:4326;sin_ubicacion;;;;;;;;OpenStreetMap (Overpass);ODbL 1.0;;automatico_sin_revisar;valido;23;
a4907c06-f93e-4ce9-a67a-f230c9b646ce;infraestructuras;parada_autobus;361 - Lonja;correcto;Av. Comunitat Valenciana, km 123.6;;;38.5526;-0.10848;752954.59;4271083.1;30;EPSG:25830;sin_ubicacion;;;;;;;;Plantilla municipal — Limpieza info (PTM Benidorm);Uso interno del proyecto;;contrastado;valido;26;
a4c39689-e5c3-4ada-860b-0bdd2f82765f;infraestructuras;parada_autobus;Av. Eduardo Zaplana;correcto;;;;38.56105;-0.14754;749508.01;4271914.93;30;EPSG:4326;sin_ubicacion;;;;;Llorente Bus;;;OpenStreetMap (Overpass);ODbL 1.0;;automatico_sin_revisar;valido;23;
a4e2e2ea-a756-43d8-80dc-19a2da2987b2;territorio;partida;Marxasso;correcto;;;;;;;;;EPSG:25830;sin_ubicacion;;;;;;;;Plantilla municipal — Limpieza info (PTM Benidorm);Uso interno del proyecto;;contrastado;sin_geometria;13;
a50135a8-af23-4d58-929b-7830a024fc9a;equipamientos;alimentacion;alimentacion node/14162128728;correcto;;;;38.54034;-0.11726;752228.69;4269698.33;30;EPSG:4326;sin_ubicacion;;;;;;;;OpenStreetMap (Overpass);ODbL 1.0;;automatico_sin_revisar;valido;23;
a5568245-ac68-4941-baee-19dff3a68c0c;infraestructuras;parada_autobus;Av. Ciudad Real, 4;correcto;;;;38.54243;-0.10501;753293.49;4269963.77;30;EPSG:4326;sin_ubicacion;;;;;Llorente Bus;;;OpenStreetMap (Overpass);ODbL 1.0;;automatico_sin_revisar;valido;23;
a589cee2-8bfb-489e-8ee9-181a800ee8ad;infraestructuras;parada_autobus;219 - Rte. El Cisne;correcto;Ctra. N-332, km 128 (Restaurant El Cisne);;;38.56032;-0.09842;753807.99;4271967.55;30;EPSG:25830;sin_ubicacion;;;;;;;;Plantilla municipal — Limpieza info (PTM Benidorm);Uso interno del proyecto;;contrastado;valido;26;
a5ae52ab-8bcf-4bbe-a0fb-7db77c4c64aa;territorio;partida;Foia del Veradder;correcto;;;;;;;;;EPSG:25830;sin_ubicacion;;;;;;;;Plantilla municipal — Limpieza info (PTM Benidorm);Uso interno del proyecto;;contrastado;sin_geometria;13;
a5d530ee-a38a-43d3-8cfd-be24a615f3f6;equipamientos;alimentacion;Supermarket Quicksave;correcto;Avinguda de l'Almirall Bernat de Sarrià;;03503;38.54035;-0.11166;752718.73;4269714.72;30;EPSG:4326;sin_ubicacion;;;;;;;;OpenStreetMap (Overpass);ODbL 1.0;;automatico_sin_revisar;valido;26;
a65c0ccc-fb17-4d2e-b7ed-d12e1b4a4667;equipamientos;alimentacion;Gurjot;correcto;Avinguda de l'Armada Espanyola 24;;;38.53653;-0.15036;749345.01;4269185.74;30;EPSG:4326;sin_ubicacion;;;;;;;;OpenStreetMap (Overpass);ODbL 1.0;;automatico_sin_revisar;proximo_limite;26;
a6d9f2ac-eacb-4c54-a587-6b1535bff207;servicios_basicos;estacion_servicio;Repsol;correcto;Avinguda Picasso;;03509;38.5337;-0.17277;747393.33;4268811.48;30;EPSG:4326;sin_ubicacion;;;;Privada;Repsol;;;OpenStreetMap (Overpass);ODbL 1.0;;automatico_sin_revisar;fuera_municipio;9;
a6e1edb0-6f74-4405-8573-fc05c35583ba;equipamientos;colegio;Col·legi d'Educació Infantil i Primària Leonor Canalejas;correcto;;;;38.53934;-0.13069;751056.82;4269550.81;30;EPSG:4326;sin_ubicacion;;;;Privada;Generalitat Valenciana;;;OpenStreetMap (Overpass);ODbL 1.0;;automatico_sin_revisar;valido;26;
a73be3f6-3ee1-4d78-b328-6cad4880cd56;equipamientos;colegio;Institut d'Educació Secundària Beatriu Fajardo de Mendoza;correcto;;;;38.55521;-0.1199;751946.35;4271341.64;30;EPSG:4326;sin_ubicacion;;;;Privada;Generalitat Valenciana;;;OpenStreetMap (Overpass);ODbL 1.0;;automatico_sin_revisar;valido;26;
a7614bf2-9d1f-415b-863e-7e933ac1185b;equipamientos;farmacia;Farmacia · C/ LANGREO, Nº4;correcto;C/ LANGREO, Nº4;;;;;;;;EPSG:25830;sin_ubicacion;;;;Privada;REIG LOPEZ, CRMEN;;;Plantilla municipal — Limpieza info (PTM Benidorm);Uso interno del proyecto;;contrastado;sin_geometria;19;
a76a1e0f-5a28-469e-add9-7566529f3cae;equipamientos;farmacia;Farmacia · C/ NORUEGA, S/N LOCAL 14- ED.GEMELOS 8;correcto;C/ NORUEGA, S/N LOCAL 14- ED.GEMELOS 8;;;;;;;;EPSG:25830;sin_ubicacion;;;;Privada;MARTINEZ DE LA CAMARA FLUVIA, C.B;;;Plantilla municipal — Limpieza info (PTM Benidorm);Uso interno del proyecto;;contrastado;sin_geometria;19;
a79eda51-e3ae-4684-99bc-5207878c2d6e;infraestructuras;estacion_ferrocarril;Benidorm;correcto;;;;38.54828;-0.13558;750598.2;4270529.85;30;EPSG:4326;sin_ubicacion;;;;;Ferrocarrils de la Generalitat Valenciana;;;OpenStreetMap (Overpass);ODbL 1.0;;automatico_sin_revisar;valido;23;
a7cd6eae-331c-4df8-ac95-2df1c73d0143;infraestructuras;parada_autobus;230 - H. Levante Club;correcto;Av. Severo Ochoa, 5 (Hotel Levante);;;38.54161;-0.10384;753398.72;4269875.96;30;EPSG:25830;sin_ubicacion;;;;;;;;Plantilla municipal — Limpieza info (PTM Benidorm);Uso interno del proyecto;;contrastado;valido;26;
a7ed96e6-e292-4636-8b3e-d1cfdcd0cd0f;infraestructuras;parada_autobus;Av. l'Aigüera, front 17-18;correcto;;;;38.54584;-0.1315;750963.6;4270270.08;30;EPSG:4326;sin_ubicacion;;;;;Llorente Bus;;;OpenStreetMap (Overpass);ODbL 1.0;;automatico_sin_revisar;valido;23;
a822a708-6e30-4841-976f-b18a01240296;equipamientos;farmacia;Ana María Bartolomé Gisbert;correcto;Bulevard dels Musics 18;;03581;38.57361;-0.07104;756156.81;4273518.18;30;EPSG:4326;sin_ubicacion;;;;Privada;Ana María Bartolomé Gisbert;;;OpenStreetMap (Overpass);ODbL 1.0;;automatico_sin_revisar;fuera_municipio;9;
a907a7ae-7454-4316-b596-01eec03df67c;infraestructuras;camping;Camping & Bungalows La Almafrá;correcto;;;;38.56628;-0.09612;753988.48;4272635.4;30;EPSG:4326;sin_ubicacion;;;;;;;;OpenStreetMap (Overpass);ODbL 1.0;;automatico_sin_revisar;valido;23;
a922a07b-39ec-46f4-a9a1-c8cd313031d1;infraestructuras;parada_autobus;205 - Mini golf;correcto;Av. Mediterráneo, 54;;;38.53593;-0.11278;752636;4269221.06;30;EPSG:25830;sin_ubicacion;;;;;;;;Plantilla municipal — Limpieza info (PTM Benidorm);Uso interno del proyecto;;contrastado;proximo_limite;26;
a98a1eb9-0cac-4a02-83d8-4478d81c4284;infraestructuras;parada_autobus;Av. 9 d'Octubre (Residència);correcto;;;;38.54508;-0.14;750222.4;4270162.71;30;EPSG:4326;sin_ubicacion;;;;;Llorente Bus;;;OpenStreetMap (Overpass);ODbL 1.0;;automatico_sin_revisar;valido;23;
a9924485-dcc5-49d5-9844-6d27e4b7e1e9;equipamientos;alimentacion;Paquillo;correcto;Avinguda de l'Armada Espanyola 16;;;38.53723;-0.14605;749719.81;4269275.06;30;EPSG:4326;sin_ubicacion;;;;;;;;OpenStreetMap (Overpass);ODbL 1.0;;automatico_sin_revisar;proximo_limite;26;
a99bb992-1f94-479d-99f6-bef4cfba8416;infraestructuras;parada_autobus;236 - H. Don Pancho;correcto;Av. Mediterráneo, 41 (Hotel Don Pancho);;;38.53614;-0.1128;752633.53;4269244.31;30;EPSG:25830;sin_ubicacion;;;;;;;;Plantilla municipal — Limpieza info (PTM Benidorm);Uso interno del proyecto;;contrastado;proximo_limite;26;
aacbc32d-d598-4437-b32b-9a21b5bc1577;infraestructuras;parada_autobus;Av. Montecarlo, 11;correcto;;;;38.53542;-0.10306;753488.46;4269191.03;30;EPSG:4326;sin_ubicacion;;;;;Llorente Bus;;;OpenStreetMap (Overpass);ODbL 1.0;;automatico_sin_revisar;valido;23;
aaf48ac9-1854-4081-bff6-faff54260f22;infraestructuras;camping;Camping Villamar;correcto;;;;38.5551;-0.09596;754041.38;4271394.9;30;EPSG:4326;sin_ubicacion;+34 966 811 255;;;;;;;OpenStreetMap (Overpass);ODbL 1.0;;automatico_sin_revisar;valido;23;
ab4f17ef-4a10-40c2-9eff-d148198c980a;equipamientos;farmacia;Farmacia Balaguer Puchades;correcto;;;;38.53659;-0.12658;751425.97;4269256.74;30;EPSG:4326;sin_ubicacion;;;;;;;;OpenStreetMap (Overpass);ODbL 1.0;;automatico_sin_revisar;proximo_limite;23;
ab726497-4c09-4f69-ac9b-1bf018856284;equipamientos;centro_salud;Centro de Especialidades de Foietes;correcto;Avinguda de Veneçuela;;03502;38.54259;-0.13919;750301.81;4269888.52;30;EPSG:4326;sin_ubicacion;+34 966 870 200;;;;;;;OpenStreetMap (Overpass);ODbL 1.0;;automatico_sin_revisar;valido;26;
ab9fbdf3-f6ed-4d8f-aa87-f107d21f8a9c;infraestructuras;estacion_ferrocarril;Benidorm Intermodal;correcto;;;;38.54832;-0.12339;751664.73;4270567.38;30;EPSG:4326;sin_ubicacion;;;;;Ferrocarrils de la Generalitat Valenciana;;;OpenStreetMap (Overpass);ODbL 1.0;;automatico_sin_revisar;valido;23;
abee5351-a49f-4028-a4f7-4323c56f1621;equipamientos;centro_formacion;CENTRE PRIVAT FP LASVI;correcto;AV. BENIARDA, S/N;;;;;;;;EPSG:25830;sin_ubicacion;;;;Privada;;;;Plantilla municipal — Limpieza info (PTM Benidorm);Uso interno del proyecto;;contrastado;sin_geometria;19;
ac1e9302-2009-4282-a269-26825955b23c;infraestructuras;parada_autobus;parada autobus node/13391204636;correcto;;;;38.53856;-0.12729;751357.06;4269473.47;30;EPSG:4326;sin_ubicacion;;;;;;;;OpenStreetMap (Overpass);ODbL 1.0;;automatico_sin_revisar;valido;23;
ac465c4e-2cd6-4590-a7a9-e9e021dcd542;animales;clinica_veterinaria;Clínica Veterinaria CostaBlanca;correcto;Avinguda del Rei Jaume I 33;;03502;38.54326;-0.13274;750863.96;4269980.35;30;EPSG:4326;sin_ubicacion;+34 96 585 59 49;;;;;;;OpenStreetMap (Overpass);ODbL 1.0;;automatico_sin_revisar;valido;26;
aca4f398-c0bf-4e0e-9870-e5c8dbf9ad13;equipamientos;alimentacion;Kwik E Mart;correcto;Calle de Gerona;;;38.53755;-0.11827;752149.93;4269385.9;30;EPSG:4326;sin_ubicacion;;;;;;;;OpenStreetMap (Overpass);ODbL 1.0;;automatico_sin_revisar;valido;26;
acad0b0f-c856-4996-bba0-465c221494cf;equipamientos;colegio;CEIP VASCO NÚÑEZ DE BALBOA;correcto;CL. CAPITÁN CORTÉS, S/N;Benidorm;03502;38.54646;-0.13571;750593.07;4270327.49;30;EPSG:4326;sin_ubicacion;966870820;;;Pública;GENERALITAT VALENCIANA;;;GVA - Centros docentes de la Comunitat Valenciana (ICV WFS);CC BY 4.0;;automatico_sin_revisar;valido;29;
acbb98e6-3e5b-4eb5-bcf2-9a90d448d40f;infraestructuras;parada_autobus;Av. Cuba, 9;correcto;;;;38.54037;-0.14247;750022.38;4269633.25;30;EPSG:4326;sin_ubicacion;;;;;Llorente Bus;;;OpenStreetMap (Overpass);ODbL 1.0;;automatico_sin_revisar;valido;23;
ace23611-46c5-4691-82f6-6b9f87c3cf03;equipamientos;biblioteca;Biblioplaya La Cala;correcto;;;;38.53093;-0.15964;748551.89;4268539.21;30;EPSG:4326;sin_ubicacion;;;;;;;;OpenStreetMap (Overpass);ODbL 1.0;;automatico_sin_revisar;proximo_limite;23;
acf9718f-fb08-46a8-b94f-958fbcce63bf;infraestructuras;alojamiento;Sunrise;correcto;Urbanizacion los hibiscus 56 28;;03530;38.57065;-0.13348;750705.12;4273018.51;30;EPSG:4326;sin_ubicacion;+34 603282500;;;Privada;vodafone;;;OpenStreetMap (Overpass);ODbL 1.0;;automatico_sin_revisar;fuera_municipio;9;
ad98bc90-940b-47c4-9ae0-858195a03316;equipamientos;centro_salud;Excellent Medical;correcto;;;;38.53508;-0.10921;752951.39;4269136.47;30;EPSG:4326;sin_ubicacion;;;;;;;;OpenStreetMap (Overpass);ODbL 1.0;;automatico_sin_revisar;proximo_limite;23;
ae672d69-e441-4858-a208-9dfcb05c86c9;infraestructuras;parada_autobus;parada autobus node/4658972456;correcto;;;;38.56099;-0.13791;750350.73;4271934.29;30;EPSG:4326;sin_ubicacion;;;;;;;;OpenStreetMap (Overpass);ODbL 1.0;;automatico_sin_revisar;valido;23;
ae7defca-ac1b-41e3-8ffc-857d8ada1d77;equipamientos;alimentacion;OpenCor;correcto;Avinguda Marina Baixa;;03509;38.52566;-0.16698;747927.35;4267934.58;30;EPSG:4326;sin_ubicacion;;;;;;;;OpenStreetMap (Overpass);ODbL 1.0;;automatico_sin_revisar;fuera_municipio;6;
ae93ff26-7a5c-4d14-b9b2-097667a5c6ff;infraestructuras;parada_autobus;275 - Rumania 3;correcto;C/ Romania, 2;;;38.54704;-0.09825;753869.04;4270493.99;30;EPSG:25830;sin_ubicacion;;;;;;;;Plantilla municipal — Limpieza info (PTM Benidorm);Uso interno del proyecto;;contrastado;valido;26;
aeae8255-ad16-4a7d-8eb7-6dfc648944f7;equipamientos;alimentacion;Udaco;correcto;;;;38.5335;-0.10759;753098.64;4268965.52;30;EPSG:4326;sin_ubicacion;;;;;;;;OpenStreetMap (Overpass);ODbL 1.0;;automatico_sin_revisar;proximo_limite;23;
aeb5a28a-a5c0-41bf-b874-8deaa30f2f7b;equipamientos;alimentacion;alimentacion node/14162128722;correcto;;;;38.54003;-0.11729;752227.14;4269663.84;30;EPSG:4326;sin_ubicacion;;;;;;;;OpenStreetMap (Overpass);ODbL 1.0;;automatico_sin_revisar;valido;23;
aed30a29-f477-40de-85ce-8f16e82fc8c9;infraestructuras;parada_autobus;Llorente Bus;correcto;;;;38.5273;-0.16248;748315.66;4268128.68;30;EPSG:4326;sin_ubicacion;;;;;Llorente Bus;;;OpenStreetMap (Overpass);ODbL 1.0;;automatico_sin_revisar;proximo_limite;23;
aed3758b-650d-450d-a5e9-18c0d277201a;infraestructuras;parada_autobus;257 - Ametlla de Mar 3AC;correcto;Av. Ametlla de Mar, 3AC;;;38.53362;-0.1075;753106.1;4268979.09;30;EPSG:25830;sin_ubicacion;;;;;;;;Plantilla municipal — Limpieza info (PTM Benidorm);Uso interno del proyecto;;contrastado;proximo_limite;26;
aed3aa7b-0a14-45a4-b267-80c4074f13af;infraestructuras;alojamiento;Aparthotel Maria Victoria;correcto;;;;38.54045;-0.12172;751838;4269698.39;30;EPSG:4326;sin_ubicacion;;;;;;;;OpenStreetMap (Overpass);ODbL 1.0;;automatico_sin_revisar;valido;23;
af3b889a-6e33-4051-9670-70c4ad18cccf;equipamientos;colegio;CEIP GABRIEL MIRÓ;correcto;CL. DE LA BARCA DEL BOU (SALT DE L'AIG;Benidorm;03503;38.55346;-0.12288;751691.64;4271139.28;30;EPSG:4326;sin_ubicacion;966816390;;;Pública;GENERALITAT VALENCIANA;;;GVA - Centros docentes de la Comunitat Valenciana (ICV WFS);CC BY 4.0;;automatico_sin_revisar;valido;29;
af3d6656-d4d9-4a2d-82aa-cd6cc2cce375;infraestructuras;camping;Finestrat Camper la Cala;correcto;Carrer 9 d’Octubre 48;;;38.5336;-0.17359;747321.9;4268798.19;30;EPSG:4326;sin_ubicacion;;;;;;;;OpenStreetMap (Overpass);ODbL 1.0;;automatico_sin_revisar;fuera_municipio;6;
af4310e3-c32a-480d-b2d4-42ebb85a5584;territorio;partida;Murtal;correcto;;;;;;;;;EPSG:25830;sin_ubicacion;;;;;;;;Plantilla municipal — Limpieza info (PTM Benidorm);Uso interno del proyecto;;contrastado;sin_geometria;13;
af7b51b0-fd7d-43d2-ab92-6763fdf9fbc1;infraestructuras;alojamiento;Albir Playa Hotel & Spa;correcto;;;;38.57439;-0.07476;755828.67;4273594.46;30;EPSG:4326;sin_ubicacion;;;;;;;;OpenStreetMap (Overpass);ODbL 1.0;;automatico_sin_revisar;fuera_municipio;3;
af9ffd61-b663-4894-b3f4-8134effe2fe7;infraestructuras;alojamiento;Edif. Evamar;correcto;;;;38.5406;-0.11068;752803.63;4269745.14;30;EPSG:4326;sin_ubicacion;+34 965 86 75 11;;;;;;;OpenStreetMap (Overpass);ODbL 1.0;;automatico_sin_revisar;valido;23;
afa18cbf-d9f5-4f99-baea-f62dac90982c;equipamientos;alimentacion;Veracruz;correcto;;;;38.53474;-0.11065;752826.54;4269094.79;30;EPSG:4326;sin_ubicacion;;;;;;;;OpenStreetMap (Overpass);ODbL 1.0;;automatico_sin_revisar;proximo_limite;23;
b02d9c21-280a-4a2f-a536-9af8789bdeb3;infraestructuras;parada_autobus;Av. Europa, 16AC;correcto;;;;38.54144;-0.12013;751973.73;4269812.61;30;EPSG:4326;sin_ubicacion;;;;;Llorente Bus;;;OpenStreetMap (Overpass);ODbL 1.0;;automatico_sin_revisar;valido;23;
b0382c36-4ec2-4720-a259-b6277937c4fb;equipamientos;consultorio;Eureka;correcto;Calle del Apolo XI 6;;;38.53939;-0.13182;750957.76;4269553.3;30;EPSG:4326;sin_ubicacion;;;;;;;;OpenStreetMap (Overpass);ODbL 1.0;;automatico_sin_revisar;valido;26;
b03da7cc-c0fb-4e16-b65b-429d7c1d0443;equipamientos;biblioteca;biblioteca node/12137218828;correcto;;;;38.54462;-0.09158;754461.13;4270243.7;30;EPSG:4326;sin_ubicacion;;;;;;;;OpenStreetMap (Overpass);ODbL 1.0;;automatico_sin_revisar;valido;23;
b0598b0d-0227-4cc8-9146-af617348f7d3;infraestructuras;alojamiento;Hotel Queens;correcto;Plaça de la Constitució - Plaza de la Constitución;;;38.53525;-0.13089;751053.37;4269096.3;30;EPSG:4326;sin_ubicacion;;;;;;;;OpenStreetMap (Overpass);ODbL 1.0;;automatico_sin_revisar;proximo_limite;26;
b06459ad-aec3-4872-ad2b-d8a4aabf80ed;infraestructuras;parada_autobus;Av. Severo Ochoa (Estanquet);correcto;;;;38.55612;-0.10308;753414.87;4271488.59;30;EPSG:4326;sin_ubicacion;;;;;Llorente Bus;;;OpenStreetMap (Overpass);ODbL 1.0;;automatico_sin_revisar;valido;23;
b1851322-2bb0-4d20-a63a-5589e664a554;equipamientos;centro_formacion;CENTRE ESTRANGER COSTA BLANCA INTERNATIONAL COLLEGE;correcto;PD. DE SANZ, S/N;Benidorm;03503;38.56086;-0.09259;754316.18;4272043.5;30;EPSG:4326;sin_ubicacion;966803411;;;Privada;COSTA BLANCA INTERNATIONAL COLLEGE, SL;;;GVA - Centros docentes de la Comunitat Valenciana (ICV WFS);CC BY 4.0;;automatico_sin_revisar;valido;29;
b18a0293-51f2-48f3-95c0-db61757fdc06;equipamientos;centro_salud;Euro Clínica Rincón;correcto;Avenida del Doctor Severo Ochoa;;;38.54107;-0.10364;753418.09;4269816.57;30;EPSG:4326;sin_ubicacion;;;;;;;;OpenStreetMap (Overpass);ODbL 1.0;;automatico_sin_revisar;valido;26;
b1d39a99-4b85-45d9-99c9-e4f57fc5376b;infraestructuras;alojamiento;Primavera;correcto;;;;38.5383;-0.13493;750689.33;4269423.88;30;EPSG:4326;sin_ubicacion;;;;;;;;OpenStreetMap (Overpass);ODbL 1.0;;automatico_sin_revisar;proximo_limite;23;
b267c76f-a480-46f6-b372-c309603fb2c8;equipamientos;farmacia;ATRIUM;correcto;;;;38.52696;-0.16966;747688.36;4268071.7;30;EPSG:4326;sin_ubicacion;;;;;;;;OpenStreetMap (Overpass);ODbL 1.0;;automatico_sin_revisar;fuera_municipio;3;
b2802350-8021-46c6-b43d-40a6df4677db;infraestructuras;alojamiento;Hotel Teremar;correcto;Carrer de la Garita 18;;;38.53888;-0.13294;750861.49;4269493.65;30;EPSG:4326;sin_ubicacion;;;;;;;;OpenStreetMap (Overpass);ODbL 1.0;;automatico_sin_revisar;valido;26;
b2a7fe95-b736-4017-9d3c-9385b47a323b;equipamientos;farmacia;Farmacia Marta Mayor Segrelles;correcto;Camino Viejo de Altea 41;;03580;38.57159;-0.07584;755744.02;4273280.68;30;EPSG:4326;sin_ubicacion;;;"Mo-Th 10:00-14:00,15:00-18:00; Fr 10:00-14:00";Privada;Marta Mayor Segrelles;;;OpenStreetMap (Overpass);ODbL 1.0;;automatico_sin_revisar;fuera_municipio;12;
b2d2a2f2-102b-4279-b878-c39a1bbb6a63;equipamientos;alimentacion;Florida;correcto;Avinguda de Filipines;;03503;38.53665;-0.11427;752503.11;4269296.91;30;EPSG:4326;sin_ubicacion;;;;;;;;OpenStreetMap (Overpass);ODbL 1.0;;automatico_sin_revisar;valido;26;
b3063d79-e3ff-446b-a6fa-051435d571a4;infraestructuras;parada_autobus;Llorente Bus;correcto;;;;38.52733;-0.1636;748217.53;4268129;30;EPSG:4326;sin_ubicacion;;;;;Llorente Bus;;;OpenStreetMap (Overpass);ODbL 1.0;;automatico_sin_revisar;proximo_limite;23;
b30676b8-df6e-4d3f-a1cb-fcf347229172;equipamientos;alimentacion;Lidl;correcto;;;;38.60398;-0.13009;750886.97;4276727.19;30;EPSG:4326;sin_ubicacion;;;Mo-Sa 09:00-21:30;;;;;OpenStreetMap (Overpass);ODbL 1.0;;automatico_sin_revisar;fuera_municipio;6;
b31ad870-aa22-49fa-a555-cdddb53bf1f3;infraestructuras;alojamiento;Hotel Bilbaino;correcto;;;;38.53525;-0.12902;751217.04;4269101.38;30;EPSG:4326;sin_ubicacion;+34 965 850 805;;;;;;;OpenStreetMap (Overpass);ODbL 1.0;;automatico_sin_revisar;proximo_limite;23;
b339ef62-59d0-4b73-812f-5b4fa49d7550;servicios_basicos;estacion_servicio;estacion_servicio way/1025806733;correcto;;;;38.558;-0.10184;753516.83;4271700.66;30;EPSG:4326;sin_ubicacion;+34 966 80 08 83;;Mo-Su 06:00-22:00;;;;;OpenStreetMap (Overpass);ODbL 1.0;;automatico_sin_revisar;valido;26;
b35864cd-d7eb-4a62-b441-138237d5c694;infraestructuras;alojamiento;Benidorm City;correcto;Carrer de la Palma 31;;03501;38.53767;-0.13023;751102.82;4269366.7;30;EPSG:4326;sin_ubicacion;+34 965 505 001;;;;;;;OpenStreetMap (Overpass);ODbL 1.0;;automatico_sin_revisar;valido;26;
b3a5e2c7-d5f1-4757-b007-a51331c0874f;infraestructuras;parada_autobus;Camí Salt de l'Aigua, 23 (Palau d'Esports);correcto;;;;38.5506;-0.11993;751959.63;4270829.87;30;EPSG:4326;sin_ubicacion;;;;;Llorente Bus;;;OpenStreetMap (Overpass);ODbL 1.0;;automatico_sin_revisar;valido;23;
b3c72c5d-c379-4277-bc38-fa1b66f186c5;infraestructuras;parada_autobus;366 - Tanit;correcto;C/ Juan Antonio Baldovi, 2;;;38.52961;-0.16415;748161.64;4268380.59;30;EPSG:25830;sin_ubicacion;;;;;;;;Plantilla municipal — Limpieza info (PTM Benidorm);Uso interno del proyecto;;contrastado;proximo_limite;26;
b3df2014-8ec6-4fd7-88bc-e45d5211144f;infraestructuras;alojamiento;Primavera Park;correcto;Calle Primavera 4;;03501;38.53971;-0.12752;751332.97;4269600.49;30;EPSG:4326;sin_ubicacion;+34 965 860 022;;;;;;;OpenStreetMap (Overpass);ODbL 1.0;;automatico_sin_revisar;valido;26;
b3ef8425-54e7-4d24-8d64-49a1dfac94b5;infraestructuras;alojamiento;Halley Hotel & Apartments Affiliated by Meliá;correcto;;;;38.53686;-0.10551;753269.04;4269344.16;30;EPSG:4326;sin_ubicacion;+34 965 86 40 56;;;;;;;OpenStreetMap (Overpass);ODbL 1.0;;automatico_sin_revisar;valido;23;
b401eeb7-0b88-4477-a2a9-d17db61de868;infraestructuras;parada_autobus;180 - Zaplana 180;correcto;Av. Eduardo Zaplana;;;38.56092;-0.14708;749548.7;4271901.74;30;EPSG:25830;sin_ubicacion;;;;;;;;Plantilla municipal — Limpieza info (PTM Benidorm);Uso interno del proyecto;;contrastado;valido;26;
b422c072-e85c-43f3-a3ac-6a0f53a7d0a0;equipamientos;alimentacion;Mercadona;correcto;Camino Viejo de Altea 47;;03580;38.57247;-0.07611;755717.32;4273377.61;30;EPSG:4326;sin_ubicacion;+34966866143;;Mo-Sa 09:00-21:30;;;;;OpenStreetMap (Overpass);ODbL 1.0;;automatico_sin_revisar;fuera_municipio;9;
b43e88ab-1d3f-42bf-bae9-579ac87b04de;infraestructuras;parada_autobus;C/ Francisco Llorca Antón (Estació d'autobusos);correcto;;;;38.54869;-0.12385;751623.21;4270607.2;30;EPSG:4326;sin_ubicacion;;;;;Llorente Bus;;;OpenStreetMap (Overpass);ODbL 1.0;;automatico_sin_revisar;valido;23;
b4b4c6b3-c7ed-4f03-80e4-5a97fb4bdda6;infraestructuras;parada_autobus;Llorente Bus;correcto;;;;38.52471;-0.16354;748231.68;4267838.36;30;EPSG:4326;sin_ubicacion;;;;;Llorente Bus;;;OpenStreetMap (Overpass);ODbL 1.0;;automatico_sin_revisar;proximo_limite;23;
b4c50e2b-165e-4bf0-b367-dc03e0c3d61a;equipamientos;alimentacion;Super de Buren;correcto;;;;38.57481;-0.07818;755528.05;4273631.62;30;EPSG:4326;sin_ubicacion;;;;;;;;OpenStreetMap (Overpass);ODbL 1.0;;automatico_sin_revisar;fuera_municipio;3;
b4e481d8-a882-45bf-b60c-fd334fac81db;equipamientos;farmacia;Albatros;correcto;;;;38.53515;-0.10809;753049.17;4269147.3;30;EPSG:4326;sin_ubicacion;;;;;;;;OpenStreetMap (Overpass);ODbL 1.0;;automatico_sin_revisar;proximo_limite;23;
b58ccb2e-4c44-4418-82cd-878f7a30d1ff;equipamientos;instituto;IES PERE MARIA ORTS I BOSCH;correcto;C. DE LA BARCA DEL BOU (SALT DE L'AIGUA), 6;;;;;;;;EPSG:25830;sin_ubicacion;;;;Pública;;;;Plantilla municipal — Limpieza info (PTM Benidorm);Uso interno del proyecto;;contrastado;sin_geometria;19;
b6298906-0979-4fd4-b113-cbebf5d283b8;equipamientos;centro_formacion;CPE Costa Blanca International College;correcto;PART. DE SANZ, S/N;;;;;;;;EPSG:25830;sin_ubicacion;;;;Privada;;;;Plantilla municipal — Limpieza info (PTM Benidorm);Uso interno del proyecto;;contrastado;sin_geometria;19;
b6298a68-57ad-44c3-8c4c-75252e7eff4f;equipamientos;alimentacion;alimentacion node/13511938739;correcto;;;;38.54431;-0.11913;752051.34;4270133.89;30;EPSG:4326;sin_ubicacion;;;;;;;;OpenStreetMap (Overpass);ODbL 1.0;;automatico_sin_revisar;valido;23;
b633e175-e6d2-4ec9-82f4-07ce353decab;equipamientos;alimentacion;Supermercado Mítica;correcto;;;;38.53839;-0.10333;753454.52;4269519.95;30;EPSG:4326;sin_ubicacion;;;;;;;;OpenStreetMap (Overpass);ODbL 1.0;;automatico_sin_revisar;valido;23;
b6756909-f757-4489-9aeb-a056a74a320e;equipamientos;colegio;Col·legi d'Educació Infantil i Primària Aitana;correcto;;;;38.54694;-0.13635;750535.42;4270379.04;30;EPSG:4326;sin_ubicacion;;;;Privada;Generalitat Valenciana;;;OpenStreetMap (Overpass);ODbL 1.0;;automatico_sin_revisar;valido;26;
b6884aee-a6f9-460a-a8b3-bdb394a9706a;equipamientos;centro_salud;Clínica Baviera;correcto;Avenida de los Almendros;;;38.53922;-0.13272;750879.58;4269531.99;30;EPSG:4326;sin_ubicacion;;;;;;;;OpenStreetMap (Overpass);ODbL 1.0;;automatico_sin_revisar;valido;26;
b70ae85d-7876-44a8-a3e2-833028d10f31;infraestructuras;alojamiento;Hotel Fiesta Park;correcto;;;;38.54185;-0.13514;750658.77;4269817.35;30;EPSG:4326;sin_ubicacion;;;;;;;;OpenStreetMap (Overpass);ODbL 1.0;;automatico_sin_revisar;valido;23;
b7458cdb-0324-4eee-8bfb-ea3e8cd11877;infraestructuras;parada_autobus;304 - Ed. Terrazas;correcto;Av. Mediterráneo, 26;;;38.53679;-0.11987;752012.53;4269297.19;30;EPSG:25830;sin_ubicacion;;;;;;;;Plantilla municipal — Limpieza info (PTM Benidorm);Uso interno del proyecto;;contrastado;proximo_limite;26;
b7644101-f52c-40e8-88c9-5fa72682e9ad;infraestructuras;parada_autobus;199 - Ed. Aranjuez;correcto;Av. Jaume I, front 22;;;38.53956;-0.13546;750638.62;4269562.3;30;EPSG:25830;sin_ubicacion;;;;;;;;Plantilla municipal — Limpieza info (PTM Benidorm);Uso interno del proyecto;;contrastado;valido;26;
b76d0810-0754-4013-945a-934a96995f8a;equipamientos;alimentacion;alimentacion node/13391224403;correcto;;;;38.53316;-0.16611;747978.05;4268769.37;30;EPSG:4326;sin_ubicacion;;;;;;;;OpenStreetMap (Overpass);ODbL 1.0;;automatico_sin_revisar;proximo_limite;23;
b78db89f-d187-40d5-9409-07a1d4a6f6c3;infraestructuras;parada_autobus;Av. Montecarlo, 32;correcto;;;;38.539;-0.10116;753642.31;4269593.6;30;EPSG:4326;sin_ubicacion;;;;;Llorente Bus;;;OpenStreetMap (Overpass);ODbL 1.0;;automatico_sin_revisar;valido;23;
b7966677-3638-4bcf-9f85-17f81c64e19b;infraestructuras;alojamiento;Aparthotel Levante Beach;correcto;;;;38.53516;-0.10562;753265.31;4269155.16;30;EPSG:4326;sin_ubicacion;+34 966 802 302;;;;;;;OpenStreetMap (Overpass);ODbL 1.0;;automatico_sin_revisar;valido;23;
b7c2e301-70b6-4952-bd6f-ad311b9b415c;equipamientos;alimentacion;London to Paris;correcto;;;;38.53464;-0.10786;753071.06;4269091.32;30;EPSG:4326;sin_ubicacion;;;;;;;;OpenStreetMap (Overpass);ODbL 1.0;;automatico_sin_revisar;proximo_limite;23;
b7db9012-a8cf-4d41-89df-b4c13ef720d5;equipamientos;alimentacion;Beach Express;correcto;Avinguda de Madrid  -  Avenida de Madrid 5;;03503;38.53572;-0.11843;752142.25;4269182.34;30;EPSG:4326;sin_ubicacion;;;;;;;;OpenStreetMap (Overpass);ODbL 1.0;;automatico_sin_revisar;proximo_limite;26;
b8243c5f-0a8b-4093-8c76-d135653bcd25;infraestructuras;alojamiento;Aparthotel Levante Lux;correcto;;;;38.53722;-0.10391;753407.82;4269388.5;30;EPSG:4326;sin_ubicacion;;;;Privada;BCL Hotel Group;;;OpenStreetMap (Overpass);ODbL 1.0;;automatico_sin_revisar;valido;26;
b8873c0e-f23b-459f-8893-90c88cc393a7;infraestructuras;parada_autobus;289 - Puchades 24;correcto;Av. Alfonso Puchades, 24;;;38.54176;-0.12479;751564.82;4269835.45;30;EPSG:25830;sin_ubicacion;;;;;;;;Plantilla municipal — Limpieza info (PTM Benidorm);Uso interno del proyecto;;contrastado;valido;26;
b8e58104-00b6-45f7-8e97-a4c6adfb8d59;infraestructuras;alojamiento;Gastrohotel RH Canfali;correcto;Plaça de Sant Jaume 5;;03501;38.53425;-0.13059;751083.07;4268986.12;30;EPSG:4326;sin_ubicacion;+34 965 85 08 18;;;;;;;OpenStreetMap (Overpass);ODbL 1.0;;automatico_sin_revisar;proximo_limite;26;
b8f9bd06-0e24-4645-89eb-4924291a4365;infraestructuras;parada_autobus;Av. Vicent Llorca Alós, 1;correcto;;;;38.53545;-0.15239;749171.03;4269060.4;30;EPSG:4326;sin_ubicacion;;;;;Llorente Bus;;;OpenStreetMap (Overpass);ODbL 1.0;;automatico_sin_revisar;proximo_limite;23;
b9b69c6e-45df-4a04-8adb-cc3f8d9aa0d0;territorio;partida;Pla de l'Assgador;correcto;;;;;;;;;EPSG:25830;sin_ubicacion;;;;;;;;Plantilla municipal — Limpieza info (PTM Benidorm);Uso interno del proyecto;;contrastado;sin_geometria;13;
b9ebdb4c-191b-4108-878b-9701ba8c76a4;equipamientos;alimentacion;alimentacion node/13430150416;correcto;;;;38.53683;-0.11601;752350.21;4269312.14;30;EPSG:4326;sin_ubicacion;;;;;;;;OpenStreetMap (Overpass);ODbL 1.0;;automatico_sin_revisar;proximo_limite;23;
ba0976b7-664b-49f5-8bce-91eb0e901ce0;infraestructuras;parada_autobus;Av. Severo Ochoa, 1 (Hotel Meliá);correcto;;;;38.54004;-0.10445;753350.78;4269700.02;30;EPSG:4326;sin_ubicacion;;;;;Llorente Bus;;;OpenStreetMap (Overpass);ODbL 1.0;;automatico_sin_revisar;valido;23;
ba915c17-45fa-4294-99ca-718c40faf6d9;infraestructuras;parada_autobus;313 - Ed. Castell Mar;correcto;C/ Sierra Dorada;;;38.53035;-0.10551;753291.61;4268621.58;30;EPSG:25830;sin_ubicacion;;;;;;;;Plantilla municipal — Limpieza info (PTM Benidorm);Uso interno del proyecto;;contrastado;proximo_limite;26;
ba92d662-4c89-4cdd-aae0-e3693de8fc83;infraestructuras;parada_autobus;127 - Ed. Bonanza;correcto;Av. Jaume I, 16;;;38.53863;-0.13628;750570.05;4269456.86;30;EPSG:25830;sin_ubicacion;;;;;;;;Plantilla municipal — Limpieza info (PTM Benidorm);Uso interno del proyecto;;contrastado;proximo_limite;26;
bac4acdf-0280-401e-af33-5e95aec341a7;equipamientos;alimentacion;alimentacion node/13439388069;correcto;;;;38.54067;-0.13337;750817.72;4269691.17;30;EPSG:4326;sin_ubicacion;;;;;;;;OpenStreetMap (Overpass);ODbL 1.0;;automatico_sin_revisar;valido;23;
bad40652-66cd-4538-850c-504812149fc3;equipamientos;alimentacion;Udaco;correcto;Avinguda de Beniardà;;;38.54754;-0.13368;750767;4270452.87;30;EPSG:4326;sin_ubicacion;;;;;;;;OpenStreetMap (Overpass);ODbL 1.0;;automatico_sin_revisar;valido;26;
baeccc5c-654c-44e7-b321-90bfab410ff2;infraestructuras;alojamiento;Hotel Montesol;correcto;Carrer de la Garita 15;;;38.53872;-0.1329;750865.54;4269476;30;EPSG:4326;sin_ubicacion;;;;;;;;OpenStreetMap (Overpass);ODbL 1.0;;automatico_sin_revisar;valido;26;
bb29e54e-5ada-4f34-9aeb-378561a3514c;equipamientos;alimentacion;Revert;correcto;Avinguda de Filipines;;;38.53686;-0.11423;752505.89;4269320.33;30;EPSG:4326;sin_ubicacion;;;;;;;;OpenStreetMap (Overpass);ODbL 1.0;;automatico_sin_revisar;valido;26;
bb30a331-0f25-486a-94c4-bef6f3783c43;equipamientos;colegio;CEIP BAUTISTA LLEDÓ;correcto;C. CAPITÁN CORTÉS, 12;;;;;;;;EPSG:25830;sin_ubicacion;;;;Pública;;;;Plantilla municipal — Limpieza info (PTM Benidorm);Uso interno del proyecto;;contrastado;sin_geometria;19;
bb4289d5-af56-4a03-97b9-91148de805b3;infraestructuras;parada_autobus;Llorente Bus;correcto;;;;38.52542;-0.16337;748244.15;4267917.62;30;EPSG:4326;sin_ubicacion;;;;;Llorente Bus;;;OpenStreetMap (Overpass);ODbL 1.0;;automatico_sin_revisar;proximo_limite;23;
bb63251b-0451-435f-97ad-227391dff99e;equipamientos;farmacia;Farmacia · AV. MEDITERRANEO, Nº29 ED.COBLANCA 41 LOCAL1;correcto;AV. MEDITERRANEO, Nº29 ED.COBLANCA 41 LOCAL1;;;;;;;;EPSG:25830;sin_ubicacion;;;;Privada;TRAMOYERES CELMA, FERNANDO;;;Plantilla municipal — Limpieza info (PTM Benidorm);Uso interno del proyecto;;contrastado;sin_geometria;19;
bb7dd02d-214b-4bde-824a-fe1040a99576;equipamientos;alimentacion;Supermarket Rohaan;correcto;Avinguda de L'Ametlla de Mar;;;38.53617;-0.10711;753131.4;4269263.19;30;EPSG:4326;sin_ubicacion;;;;;;;;OpenStreetMap (Overpass);ODbL 1.0;;automatico_sin_revisar;valido;26;
bbe1bb13-095a-4efc-910a-dd53dd72d9c6;infraestructuras;parada_autobus;Av. Severo Ochoa, 19 (Càmping el Racó);correcto;;;;38.54962;-0.09785;753895.07;4270781.45;30;EPSG:4326;sin_ubicacion;;;;;Llorente Bus;;;OpenStreetMap (Overpass);ODbL 1.0;;automatico_sin_revisar;valido;23;
bc0c3749-0f18-4ef4-b1ad-654afbdfe22c;equipamientos;alimentacion;Hiperber;correcto;;;;38.54255;-0.12588;751466.72;4269920.17;30;EPSG:4326;sin_ubicacion;;;;Privada;Hiperber;;;OpenStreetMap (Overpass);ODbL 1.0;;automatico_sin_revisar;valido;26;
bc2de9ed-9838-4829-9f0c-3fd84b9d7c82;equipamientos;farmacia;Farmacia FARMACIA GALIANA;correcto;C/ DINAMARCA S.E. AV. ANDALUCIA LOCAL 11;;;;;;;;EPSG:25830;sin_ubicacion;;;;Privada;FARMACIA GALIANA, C.B;;;Plantilla municipal — Limpieza info (PTM Benidorm);Uso interno del proyecto;;contrastado;sin_geometria;19;
bcb0fa2b-e6bd-4df7-b2c4-76956c2eb575;infraestructuras;alojamiento;Carabelas Apartamentos;correcto;;;;38.54111;-0.13124;751002.61;4269745.78;30;EPSG:4326;sin_ubicacion;;;;;;;;OpenStreetMap (Overpass);ODbL 1.0;;automatico_sin_revisar;valido;23;
bd2c6dda-67de-4fcb-a3e3-45696ed85cb7;equipamientos;colegio;Col·legi d'Educació Infantil i Primària Ausiàs March;correcto;;;;38.5421;-0.1384;750372.63;4269836.27;30;EPSG:4326;sin_ubicacion;;;;Privada;Generalitat Valenciana;;;OpenStreetMap (Overpass);ODbL 1.0;;automatico_sin_revisar;valido;26;
bd31c4a2-e09e-44b6-abd0-268607cd4fdd;infraestructuras;parada_autobus;343 - Ballester;correcto;Av. Comunitat Valenciana, 5;;;38.54249;-0.12201;751805.59;4269924.03;30;EPSG:25830;sin_ubicacion;;;;;;;;Plantilla municipal — Limpieza info (PTM Benidorm);Uso interno del proyecto;;contrastado;valido;26;
bd3dff82-7b04-4374-9158-1d76c750c463;infraestructuras;alojamiento;Hotel Mar Blau;correcto;;;;38.53715;-0.13452;750729.16;4269297.35;30;EPSG:4326;sin_ubicacion;;;;;;;;OpenStreetMap (Overpass);ODbL 1.0;;automatico_sin_revisar;proximo_limite;23;
bd6cb7af-ef33-44f5-9b8b-8998a108b9dc;equipamientos;centro_formacion;ESCOLA PRIVADA DE MÚSICA UNIÓN MUSICAL;correcto;C. TOMÁS ORTUÑO, 8;;;;;;;;EPSG:25830;sin_ubicacion;;;;Privada;;;;Plantilla municipal — Limpieza info (PTM Benidorm);Uso interno del proyecto;;contrastado;sin_geometria;19;
bdb53261-a735-45a8-8f47-8a4ac43d40c4;infraestructuras;parada_autobus;Av. Mediterráneo, 54;correcto;;;;38.53594;-0.11278;752635.97;4269222.17;30;EPSG:4326;sin_ubicacion;;;;;Llorente Bus;;;OpenStreetMap (Overpass);ODbL 1.0;;automatico_sin_revisar;proximo_limite;23;
be044523-bfa8-4af2-b268-1871d7692fee;infraestructuras;parada_autobus;Av. Eduardo Zaplana (Hotel Asia Gardens);correcto;;;;38.55395;-0.17151;747434.99;4271062.48;30;EPSG:4326;sin_ubicacion;;;;;Llorente Bus;;;OpenStreetMap (Overpass);ODbL 1.0;;automatico_sin_revisar;proximo_limite;23;
be2d6749-4fa2-4ffb-b0a7-b73a2fce1aae;servicios_basicos;punto_agua_incendios;punto agua incendios way/114577185;correcto;;;;38.56581;-0.14517;749699.08;4272449.66;30;EPSG:4326;sin_ubicacion;;;;;;;;OpenStreetMap (Overpass);ODbL 1.0;;automatico_sin_revisar;valido;23;
be4e2755-a413-4407-8fcb-d68830b4727a;infraestructuras;parada_autobus;283 - Inglaterra 6;correcto;C/ Anglaterra, 6;;;38.5472;-0.13032;751062.18;4270424.24;30;EPSG:25830;sin_ubicacion;;;;;;;;Plantilla municipal — Limpieza info (PTM Benidorm);Uso interno del proyecto;;contrastado;valido;26;
bf078deb-c830-41c6-8dcf-09557a77ce66;infraestructuras;helipuerto;Heliactivo;correcto;;;;38.5633;-0.15115;749184.5;4272154.94;30;EPSG:4326;sin_ubicacion;+34 648 263 744;;;;;;;OpenStreetMap (Overpass);ODbL 1.0;;automatico_sin_revisar;valido;23;
bf16134b-be31-4242-8745-302e93f7f6de;infraestructuras;parada_autobus;Av. Alfonso Puchades, 5;correcto;;;;38.5439;-0.12978;751120.78;4270059.42;30;EPSG:4326;sin_ubicacion;;;;;Llorente Bus;;;OpenStreetMap (Overpass);ODbL 1.0;;automatico_sin_revisar;valido;23;
bf23aa4f-bf1f-473d-aae5-ac3eb92cfa1a;equipamientos;alimentacion;alimentacion node/13391220793;correcto;;;;38.53949;-0.12592;751473.75;4269580.41;30;EPSG:4326;sin_ubicacion;;;;;;;;OpenStreetMap (Overpass);ODbL 1.0;;automatico_sin_revisar;valido;23;
bf2d4e83-7cf6-4ad4-9718-84faf7b48a4a;equipamientos;alimentacion;Ali Baba;correcto;Avenida del Doctor Severo Ochoa;;;38.5413;-0.10366;753415.55;4269842.04;30;EPSG:4326;sin_ubicacion;;;;;;;;OpenStreetMap (Overpass);ODbL 1.0;;automatico_sin_revisar;valido;26;
bf47e8cc-c350-4992-9c79-f40ed48cf362;equipamientos;alimentacion;Supermercado Udaco;correcto;;;;38.53449;-0.10631;753207.24;4269078.91;30;EPSG:4326;sin_ubicacion;;;;;;;;OpenStreetMap (Overpass);ODbL 1.0;;automatico_sin_revisar;valido;23;
bf72b1a2-fcb1-4f98-a618-ab408ab2b62a;infraestructuras;alojamiento;Port Vista Oro;correcto;Avenida de Ruzafa - Avinguda de Russafa 41;;03501;38.53893;-0.1304;751083.61;4269506.09;30;EPSG:4326;sin_ubicacion;+34 965 85 45 00;;;;;;;OpenStreetMap (Overpass);ODbL 1.0;;automatico_sin_revisar;valido;26;
bf95e54c-f920-47af-99d6-3eda532386ce;equipamientos;alimentacion;Udaco;correcto;Calle de Gerona;;;38.53742;-0.11714;752249.28;4269374.55;30;EPSG:4326;sin_ubicacion;;;;;;;;OpenStreetMap (Overpass);ODbL 1.0;;automatico_sin_revisar;valido;26;
bfce73a6-e55f-4d63-b23a-9629e62fb6b6;infraestructuras;alojamiento;Apartamentos Terralta;correcto;;;;38.54428;-0.14143;750100;4270070.05;30;EPSG:4326;sin_ubicacion;;;;;;;;OpenStreetMap (Overpass);ODbL 1.0;;automatico_sin_revisar;valido;23;
bff2d35c-4c9f-4503-bcf8-9fe8223bc347;infraestructuras;parada_autobus;Av. Ametlla de Mar, 16 (Hotel Nereo);correcto;;;;38.53558;-0.10708;753136.07;4269197.79;30;EPSG:4326;sin_ubicacion;;;;;Llorente Bus;;;OpenStreetMap (Overpass);ODbL 1.0;;automatico_sin_revisar;valido;23;
c009b1cf-43cd-4c3d-8250-c3a3afa339e7;equipamientos;colegio;CEIP LEONOR CANALEJAS;correcto;CL. ESCUELAS, S/N;Benidorm;03501;38.53928;-0.13029;751092.03;4269545.24;30;EPSG:4326;sin_ubicacion;966870825;;;Pública;GENERALITAT VALENCIANA;;;GVA - Centros docentes de la Comunitat Valenciana (ICV WFS);CC BY 4.0;;automatico_sin_revisar;valido;29;
c080860b-54a8-4c8f-9319-a49dddd78702;equipamientos;instituto;IES PERE MARIA ORTS I BOSCH;correcto;CL. DE LA BARCA DEL BOU (SALT DE L'AIG;Benidorm;03503;38.55379;-0.12146;751814.75;4271179.78;30;EPSG:4326;sin_ubicacion;966870700;;;Pública;GENERALITAT VALENCIANA;;;GVA - Centros docentes de la Comunitat Valenciana (ICV WFS);CC BY 4.0;;automatico_sin_revisar;valido;29;
c0c6be1b-b801-4de4-81e9-e4b792c6770b;infraestructuras;parada_autobus;Av. 9 d'Octubre (Centre de Salut);correcto;;;;38.54337;-0.13834;750373.52;4269977.4;30;EPSG:4326;sin_ubicacion;;;;;Llorente Bus;;;OpenStreetMap (Overpass);ODbL 1.0;;automatico_sin_revisar;valido;23;
c1178ed4-430a-43e4-82d1-cecd3892ee9e;infraestructuras;parada_autobus;379 - fr. C.S. Foietes;correcto;Av. 9 d'Octubre (Centre de Salut);;;38.54343;-0.13823;750382.94;4269984.35;30;EPSG:25830;sin_ubicacion;;;;;;;;Plantilla municipal — Limpieza info (PTM Benidorm);Uso interno del proyecto;;contrastado;valido;26;
c1668990-4f64-4b5a-9622-b45b3e47fdb3;equipamientos;farmacia;Farmacia · C/ LOS ALMENDROS, Nº17;correcto;C/ LOS ALMENDROS, Nº17;;;;;;;;EPSG:25830;sin_ubicacion;;;;Privada;TOLEDANO-RUIZ, C.B.;;;Plantilla municipal — Limpieza info (PTM Benidorm);Uso interno del proyecto;;contrastado;sin_geometria;19;
c1b8a740-21f5-410e-a2e8-be7e9d8db819;equipamientos;alimentacion;Supermarket Waldorf;correcto;Carrer Girona - Calle Gerona;;;38.53677;-0.10946;752923.66;4269323.36;30;EPSG:4326;sin_ubicacion;;;;;;;;OpenStreetMap (Overpass);ODbL 1.0;;automatico_sin_revisar;valido;26;
c1fd5a77-45eb-468b-92e8-be33912805cb;infraestructuras;parada_autobus;159 - Plaza Toros;correcto;Av. l'Aigüera, front 17-18;;;38.54585;-0.1315;750963.57;4270271.19;30;EPSG:25830;sin_ubicacion;;;;;;;;Plantilla municipal — Limpieza info (PTM Benidorm);Uso interno del proyecto;;contrastado;valido;26;
c21aec25-4ce8-4878-a409-50f8e066c014;infraestructuras;helipuerto;helipuerto way/520866411;correcto;;;;38.55055;-0.1241;751594.92;4270812.97;30;EPSG:4326;sin_ubicacion;;;;;;;;OpenStreetMap (Overpass);ODbL 1.0;;automatico_sin_revisar;valido;23;
c230f6fe-c26f-4d44-bb17-b90536bd1c90;infraestructuras;parada_autobus;192 - Zaplana 192;correcto;Av. Eduardo Zaplana;;;38.55861;-0.15306;749033.4;4271629.23;30;EPSG:25830;sin_ubicacion;;;;;;;;Plantilla municipal — Limpieza info (PTM Benidorm);Uso interno del proyecto;;contrastado;valido;26;
c2536170-7ab8-44ff-99a7-2677dc33a381;servicios_basicos;estacion_servicio;BP BENIDORM · AVENIDA COMUNIDAD VALENCIANA, 18;correcto;AVENIDA COMUNIDAD VALENCIANA, 18;;03501;38.54419;-0.11925;752041.25;4270120.24;30;EPSG:4326;sin_ubicacion;;;L-D: 24H;;BP BENIDORM;;;Geoportal de Gasolineras (MITECO, API REST);Reutilización de información del sector público (Ley 37/2007), citando la fuente;2026-10-01;automatico_sin_revisar;valido;29;
c2ab5a28-9fca-46a9-b15f-36812473e250;infraestructuras;parada_autobus;213 - H. Deloix;correcto;Av. Severo Ochoa, 34 (H. Deloix);;;38.54668;-0.09936;753773.16;4270450.98;30;EPSG:25830;sin_ubicacion;;;;;;;;Plantilla municipal — Limpieza info (PTM Benidorm);Uso interno del proyecto;;contrastado;valido;26;
c2c8719d-d64c-4d48-9479-6ea9c34b1487;infraestructuras;parada_autobus;Aqualandia / Mundomar;correcto;;;;38.54235;-0.09468;754197.76;4269983.22;30;EPSG:4326;sin_ubicacion;;;;;Llorente Bus;;;OpenStreetMap (Overpass);ODbL 1.0;;automatico_sin_revisar;valido;23;
c30af06d-d0dd-4d95-a64f-7bb4a86e6bb5;equipamientos;alimentacion;Pak;correcto;Avinguda de Juan Fuster Zaragoza;;;38.53759;-0.10673;753159.74;4269421.85;30;EPSG:4326;sin_ubicacion;;;;;;;;OpenStreetMap (Overpass);ODbL 1.0;;automatico_sin_revisar;valido;26;
c345cf09-c0e7-4fcc-b6ea-c6ecf3aa7923;infraestructuras;parada_autobus;Av. Cuba, 1;correcto;;;;38.53997;-0.14013;750228.53;4269595.17;30;EPSG:4326;sin_ubicacion;;;;;Llorente Bus;;;OpenStreetMap (Overpass);ODbL 1.0;;automatico_sin_revisar;valido;23;
c399157c-ee0c-483b-8a29-b22c4e2d8ec2;infraestructuras;alojamiento;Hostal Bed& Breakfast Benidorm;correcto;;;;38.5387;-0.13171;750969.76;4269477.01;30;EPSG:4326;sin_ubicacion;;;;;;;;OpenStreetMap (Overpass);ODbL 1.0;;automatico_sin_revisar;valido;23;
c3bdfe5d-06fb-45d6-a575-2e8d6a4d7601;poblacion;padron;Población empadronada 1998;correcto;;;;;;;;;EPSG:4326;sin_ubicacion;;;;;;;;INE - Padrón municipal (tabla 29005);Reutilización libre (Ley 37/2007) citando la fuente;1998-01-01;automatico_sin_revisar;sin_geometria;0;
c4a8b4e3-27ee-4103-8087-6b50415caf9d;equipamientos;alimentacion;Super Ecos;correcto;;;;38.53784;-0.13685;750522.88;4269367.63;30;EPSG:4326;sin_ubicacion;;;;;;;;OpenStreetMap (Overpass);ODbL 1.0;;automatico_sin_revisar;proximo_limite;23;
c534afc3-def0-4dbd-9fb4-5778aac3f409;infraestructuras;alojamiento;Hotel Poseidón Palace;correcto;;;;38.53983;-0.12479;751571.47;4269621.22;30;EPSG:4326;sin_ubicacion;;;;;;;;OpenStreetMap (Overpass);ODbL 1.0;;automatico_sin_revisar;valido;23;
c55021de-98aa-476b-8d0f-5c26504c1d9a;infraestructuras;alojamiento;Hotel Irati;correcto;Carrer del Condestable Zaragoza 5;;03501;38.5359;-0.13214;750941.74;4269165.06;30;EPSG:4326;sin_ubicacion;+34 965849607;;;;;;;OpenStreetMap (Overpass);ODbL 1.0;;automatico_sin_revisar;proximo_limite;26;
c551b154-6f97-40f0-b4f6-6f0b5a06e823;infraestructuras;alojamiento;Hotel RH Corona del Mar;correcto;;;;38.53784;-0.13775;750444.11;4269365.19;30;EPSG:4326;sin_ubicacion;+34 96 585 03 12;;;;;;;OpenStreetMap (Overpass);ODbL 1.0;;automatico_sin_revisar;proximo_limite;23;
c58108c0-7d61-4482-9cc3-f25ba08497ae;equipamientos;alimentacion;London;correcto;Avinguda de Madrid - Avenida de Madrid 15;;03503;38.53504;-0.11371;752557.69;4269119.74;30;EPSG:4326;sin_ubicacion;;;;;;;;OpenStreetMap (Overpass);ODbL 1.0;;automatico_sin_revisar;proximo_limite;26;
c61481a4-fb35-4196-84b1-83c11c33b265;infraestructuras;parada_taxi;parada taxi way/234477271;correcto;;;;38.54846;-0.12458;751560.12;4270579.68;30;EPSG:4326;sin_ubicacion;;;;;;;;OpenStreetMap (Overpass);ODbL 1.0;;automatico_sin_revisar;valido;23;
c62ac4df-0174-4d22-8ab3-91f707245f32;territorio;partida;Xixo;correcto;;;;;;;;;EPSG:25830;sin_ubicacion;;;;;;;;Plantilla municipal — Limpieza info (PTM Benidorm);Uso interno del proyecto;;contrastado;sin_geometria;13;
c634f93f-b4ad-4363-b629-c7eb4b79fca2;infraestructuras;parada_autobus;Av. Severo Ochoa, 9 (Lope de Vega);correcto;;;;38.54378;-0.10258;753501.45;4270120.27;30;EPSG:4326;sin_ubicacion;;;;;Llorente Bus;;;OpenStreetMap (Overpass);ODbL 1.0;;automatico_sin_revisar;valido;23;
c71d82f5-5123-4bd0-a314-40fcf75165ba;infraestructuras;parada_autobus;245 - Parque Inf. T.;correcto;C/ Nau Llondro, 1 (Escola Oficial d'Idiomes);;;38.5519;-0.12212;751763.52;4270968.2;30;EPSG:25830;sin_ubicacion;;;;;;;;Plantilla municipal — Limpieza info (PTM Benidorm);Uso interno del proyecto;;contrastado;valido;26;
c7438920-7d44-436c-91ea-6b731500daca;infraestructuras;camping;Camperpark Orange Grove;correcto;;;;38.58584;-0.08399;754981.27;4274839.87;30;EPSG:4326;sin_ubicacion;;;;;;;;OpenStreetMap (Overpass);ODbL 1.0;;automatico_sin_revisar;fuera_municipio;3;
c74effc7-1b8b-4d0c-a1b7-e704addfabb0;infraestructuras;parada_autobus;Av. Mont-Benidorm, 10;correcto;;;;38.53259;-0.16074;748449.97;4268720.51;30;EPSG:4326;sin_ubicacion;;;;;Llorente Bus;;;OpenStreetMap (Overpass);ODbL 1.0;;automatico_sin_revisar;valido;23;
c7547ff8-6072-41d0-a380-b9f40979e716;equipamientos;alimentacion;ALDI;correcto;;;;38.53272;-0.17067;747580.44;4268708.33;30;EPSG:4326;sin_ubicacion;;;"Mo-Sa 09:00-22:00; Su 10:00-21:00";;;;;OpenStreetMap (Overpass);ODbL 1.0;;automatico_sin_revisar;fuera_municipio;6;
c75c4ba0-54a3-4bb5-b369-01281b3994d0;poblacion;padron;Población empadronada 1999;correcto;;;;;;;;;EPSG:4326;sin_ubicacion;;;;;;;;INE - Padrón municipal (tabla 29005);Reutilización libre (Ley 37/2007) citando la fuente;1999-01-01;automatico_sin_revisar;sin_geometria;0;
c771d7d8-4431-40cf-9bb0-f619f4fea38d;territorio;partida;El Campo;correcto;;;;;;;;;EPSG:25830;sin_ubicacion;;;;;;;;Plantilla municipal — Limpieza info (PTM Benidorm);Uso interno del proyecto;;contrastado;sin_geometria;13;
c77a2189-0f46-452b-9957-2e64d6172c14;infraestructuras;parada_autobus;225 - Orozco;correcto;Av. Severo Ochoa, 43;;;38.55412;-0.10018;753675.55;4271274.54;30;EPSG:25830;sin_ubicacion;;;;;;;;Plantilla municipal — Limpieza info (PTM Benidorm);Uso interno del proyecto;;contrastado;valido;26;
c7d6fb9b-b803-45af-a6db-f5304908a596;infraestructuras;alojamiento;Hotel Internacional;correcto;Passeig de la Carretera;;;38.53642;-0.13158;750988.97;4269224.29;30;EPSG:4326;sin_ubicacion;;;;;;;;OpenStreetMap (Overpass);ODbL 1.0;;automatico_sin_revisar;proximo_limite;26;
c8340bfc-c10f-41fc-bf80-337e5f2659af;equipamientos;alimentacion;Sun Shines;correcto;Avenida del Mediterráneo;;;38.5369;-0.12293;751744.34;4269301.07;30;EPSG:4326;sin_ubicacion;;;;;;;;OpenStreetMap (Overpass);ODbL 1.0;;automatico_sin_revisar;proximo_limite;26;
c99df5fd-d4ef-431d-978d-7b53c33c0862;equipamientos;escuela_infantil;CENTRE PRIV. ED. INF. 1er CICLE L'ALMAFRÀ;correcto;PD. CABUT, S/N;Benidorm;03503;38.5684;-0.09357;754204.17;4272877.72;30;EPSG:4326;sin_ubicacion;617130197;;;Privada;MARTA HIDALGA GARCÍA;;;GVA - Centros docentes de la Comunitat Valenciana (ICV WFS);CC BY 4.0;;automatico_sin_revisar;proximo_limite;29;
c9aa47cb-7953-4d74-b14f-7733ee120720;equipamientos;farmacia;Farmacia · C/ MONTERA, Nº4 - FARMACIA;correcto;C/ MONTERA, Nº4 - FARMACIA;;;;;;;;EPSG:25830;sin_ubicacion;;;;Privada;ALEO CAPELO, PEDRO JOSE;;;Plantilla municipal — Limpieza info (PTM Benidorm);Uso interno del proyecto;;contrastado;sin_geometria;19;
c9b96d68-6924-4c3f-8541-d2500d47216e;equipamientos;colegio;CPFPE Lope de Vega;correcto;AV. DEL DOCTOR SEVERO OCHOA, 9;;;;;;;;EPSG:25830;sin_ubicacion;;;;Mixta (concertada);;;;Plantilla municipal — Limpieza info (PTM Benidorm);Uso interno del proyecto;;contrastado;sin_geometria;19;
c9d5149f-82c4-468a-ae8a-bac88a6fe4d3;infraestructuras;parada_autobus;Av. Mediterráneo, 41 (Hotel Don Pancho);correcto;;;;38.53615;-0.1128;752633.49;4269245.42;30;EPSG:4326;sin_ubicacion;;;;;Llorente Bus;;;OpenStreetMap (Overpass);ODbL 1.0;;automatico_sin_revisar;proximo_limite;23;
c9f292e5-d543-46cd-83ab-37e15693349a;infraestructuras;alojamiento;Casa Don Juan;correcto;Carrer de la Santa Faç 28;;03501;38.53537;-0.13123;751023.21;4269108.7;30;EPSG:4326;sin_ubicacion;+34 966 80 91 65;;;;;;;OpenStreetMap (Overpass);ODbL 1.0;;automatico_sin_revisar;proximo_limite;26;
ca4bb155-dc51-4dd8-8d6a-21d5649430ce;infraestructuras;alojamiento;Welcome Hostel Benidorm;correcto;;;;38.53585;-0.13048;751087.2;4269164.01;30;EPSG:4326;sin_ubicacion;;;;;;;;OpenStreetMap (Overpass);ODbL 1.0;;automatico_sin_revisar;proximo_limite;23;
cab7c765-b3f6-42a9-ad92-856e6c31c1c5;infraestructuras;parada_autobus;345 - Burger King;correcto;Av. Ametlla de Mar, 1AC;;;38.53357;-0.1073;753123.78;4268974.08;30;EPSG:25830;sin_ubicacion;;;;;;;;Plantilla municipal — Limpieza info (PTM Benidorm);Uso interno del proyecto;;contrastado;proximo_limite;26;
cae37019-8efd-440b-a8e0-6fc0987fc8f2;equipamientos;alimentacion;Mari;correcto;;;;38.53946;-0.11855;752118.84;4269597.14;30;EPSG:4326;sin_ubicacion;;;;;;;;OpenStreetMap (Overpass);ODbL 1.0;;automatico_sin_revisar;valido;23;
cae9f73e-5c33-47d5-90d1-2bf315eade5c;infraestructuras;parada_autobus;286 - Belgica 8;correcto;Av. Bèlgica, 8;;;38.54359;-0.12303;751712.54;4270043.35;30;EPSG:25830;sin_ubicacion;;;;;;;;Plantilla municipal — Limpieza info (PTM Benidorm);Uso interno del proyecto;;contrastado;valido;26;
caf13d2b-b1d2-4cc2-a5b3-c05322db3ce3;equipamientos;mercado;Lonja de Frutas y Veduras;correcto;;;;38.55201;-0.1086;752946.14;4271017.29;30;EPSG:4326;sin_ubicacion;;;;;;;;OpenStreetMap (Overpass);ODbL 1.0;;automatico_sin_revisar;valido;23;
caf706d7-11cb-4935-82e4-d8e9b7e9149a;territorio;partida;El Calvari;correcto;;;;;;;;;EPSG:25830;sin_ubicacion;;;;;;;;Plantilla municipal — Limpieza info (PTM Benidorm);Uso interno del proyecto;;contrastado;sin_geometria;13;
cb10ad6c-804c-4b2b-a128-0573d00e5a30;equipamientos;alimentacion;Unide;correcto;;;;38.53627;-0.15253;749155.98;4269151.04;30;EPSG:4326;sin_ubicacion;;;;;;;;OpenStreetMap (Overpass);ODbL 1.0;;automatico_sin_revisar;proximo_limite;23;
cb13590f-2b6b-4f53-8330-c3679d931195;equipamientos;alimentacion;Supermercado Unide Market;correcto;;;;38.53652;-0.1025;753533.65;4269314.66;30;EPSG:4326;sin_ubicacion;+34965852308;;;;;;;OpenStreetMap (Overpass);ODbL 1.0;;automatico_sin_revisar;valido;23;
cb29b009-428d-487a-83de-7936ab1a7fb5;equipamientos;centro_formacion;CPM José Pérez Barceló;correcto;C. Jaén, 2;;;;;;;;EPSG:25830;sin_ubicacion;;;;Pública;;;;Plantilla municipal — Limpieza info (PTM Benidorm);Uso interno del proyecto;;contrastado;sin_geometria;19;
cb432e56-ecec-43f3-85d1-b09126a55002;equipamientos;hospital;hospital way/1429063307;correcto;;;;38.54127;-0.10641;753174.99;4269831.18;30;EPSG:4326;sin_ubicacion;;;;;;;;OpenStreetMap (Overpass);ODbL 1.0;;automatico_sin_revisar;valido;23;
cb8fc408-76b3-4bc2-8185-c7ba4e75e1e3;infraestructuras;parada_autobus;Av. Mediterráneo, 44;correcto;;;;38.53617;-0.11467;752469.76;4269242.54;30;EPSG:4326;sin_ubicacion;;;;;Llorente Bus;;;OpenStreetMap (Overpass);ODbL 1.0;;automatico_sin_revisar;proximo_limite;23;
cbaea218-c4e6-4318-b5d9-a8dd3e2b217b;infraestructuras;parada_autobus;Av. Vicente Pérez Devesa, 25;correcto;;;;38.53804;-0.1575;748714.99;4269334.13;30;EPSG:4326;sin_ubicacion;;;;;Llorente Bus;;;OpenStreetMap (Overpass);ODbL 1.0;;automatico_sin_revisar;valido;23;
cbc1a0bf-ae23-4650-bdb3-887cd86c3514;equipamientos;alimentacion;alimentacion node/9111335268;correcto;Avinguda de Martínez Alejos;;;38.53627;-0.1285;751259.04;4269216;30;EPSG:4326;sin_ubicacion;;;;;;;;OpenStreetMap (Overpass);ODbL 1.0;;automatico_sin_revisar;proximo_limite;26;
cc073eb3-7ecf-417e-9e3b-7e4f60971008;infraestructuras;alojamiento;Sha Wellness Clinic;correcto;;;;38.55991;-0.07372;755970.43;4271990.1;30;EPSG:4326;sin_ubicacion;;;;;;;;OpenStreetMap (Overpass);ODbL 1.0;;automatico_sin_revisar;fuera_municipio;3;
cc209836-762c-4c7d-997b-7f278ae369df;infraestructuras;parada_autobus;Av. Cuba, 11;correcto;;;;38.54041;-0.14472;749825.34;4269631.61;30;EPSG:4326;sin_ubicacion;;;;;Llorente Bus;;;OpenStreetMap (Overpass);ODbL 1.0;;automatico_sin_revisar;valido;23;
cca91c14-c377-4fd4-a94d-7fb5c1078ebb;infraestructuras;parada_autobus;Av. Jaume I, 7;correcto;;;;38.53874;-0.13649;750551.3;4269468.5;30;EPSG:4326;sin_ubicacion;;;;;Llorente Bus;;;OpenStreetMap (Overpass);ODbL 1.0;;automatico_sin_revisar;proximo_limite;23;
ccbac282-a754-4eae-8450-5824f64fb2df;servicios_basicos;estacion_servicio;Gasexpress;correcto;Avinguda Mariners de la Vila Joiosa;;03570;38.53103;-0.17209;747461.88;4268516.95;30;EPSG:4326;sin_ubicacion;;;;Privada;Gasexpress;;;OpenStreetMap (Overpass);ODbL 1.0;;automatico_sin_revisar;fuera_municipio;9;
cd880b92-940d-4598-b02f-34b3bd5ee17b;equipamientos;alimentacion;Supercor;correcto;;;;38.55925;-0.13466;750641.04;4271749.96;30;EPSG:4326;sin_ubicacion;;;;;;;;OpenStreetMap (Overpass);ODbL 1.0;;automatico_sin_revisar;valido;23;
cd891e93-640d-403d-80fb-8394a6c170cc;equipamientos;farmacia;farmacia node/8016617310;correcto;;;;38.53864;-0.12364;751676.21;4269492.27;30;EPSG:4326;sin_ubicacion;;;;;;;;OpenStreetMap (Overpass);ODbL 1.0;;automatico_sin_revisar;valido;23;
cdc696e2-f898-46fd-8c49-2cd213a3d1d7;equipamientos;alimentacion;Beni-Super;correcto;Marqués de Comillas 39;;;38.53817;-0.13609;750588.26;4269406.31;30;EPSG:4326;sin_ubicacion;;;;;;;;OpenStreetMap (Overpass);ODbL 1.0;;automatico_sin_revisar;proximo_limite;26;
cdfa11a0-4715-41ef-b77a-b644bcc41d28;infraestructuras;parada_autobus;274 - S. Helada;correcto;C/ Romania, 6;;;38.54622;-0.09632;754040.78;4270408.27;30;EPSG:25830;sin_ubicacion;;;;;;;;Plantilla municipal — Limpieza info (PTM Benidorm);Uso interno del proyecto;;contrastado;valido;26;
ce247157-d2d0-4d59-8851-276aaa54de07;servicios_basicos;estacion_servicio;Plenergy;correcto;;;;38.60573;-0.12955;750928.16;4276922.9;30;EPSG:4326;sin_ubicacion;;;;;;;;OpenStreetMap (Overpass);ODbL 1.0;;automatico_sin_revisar;fuera_municipio;3;
ce46cefc-9350-4f92-8e87-be898b94a29c;equipamientos;farmacia;Farmacia · AV. IBIZA, Nº6 ESQ. AV. EUROPA, Nº12;correcto;AV. IBIZA, Nº6 ESQ. AV. EUROPA, Nº12;;;;;;;;EPSG:25830;sin_ubicacion;;;;Privada;LOPEZ-GASCO GARCIA, CARMEN;;;Plantilla municipal — Limpieza info (PTM Benidorm);Uso interno del proyecto;;contrastado;sin_geometria;19;
ce4eedb7-cb99-4235-8bb0-2eb3d755b578;equipamientos;centro_salud;Instituto Bernabeu Benidorm;correcto;Vía Emilio Ortuño 21;;03501;38.54012;-0.12519;751535.47;4269652.33;30;EPSG:4326;sin_ubicacion;+34 965 85 32 50;;Mo-Fr 09:00-15:00;;;;;OpenStreetMap (Overpass);ODbL 1.0;;automatico_sin_revisar;valido;29;
ce8cc661-1841-4314-ae50-73f9f4fda60b;equipamientos;alimentacion;Dream Shop;correcto;;;;38.53834;-0.1155;752389.62;4269481.14;30;EPSG:4326;sin_ubicacion;;;;;;;;OpenStreetMap (Overpass);ODbL 1.0;;automatico_sin_revisar;valido;23;
ced4c4dc-dc79-4ec0-8c97-29971f024126;equipamientos;colegio;CEIP MESTRE GASPAR LÓPEZ;correcto;C. DE LA BARCA DEL BOU (SALT DE L'AIGUA), 3;;;;;;;;EPSG:25830;sin_ubicacion;;;;Pública;;;;Plantilla municipal — Limpieza info (PTM Benidorm);Uso interno del proyecto;;contrastado;sin_geometria;19;
ceefe0f1-e3e9-4ee9-8300-90069bed90e7;equipamientos;alimentacion;Mercadona;correcto;;;;38.5367;-0.17886;746850.19;4269128.2;30;EPSG:4326;sin_ubicacion;;;;;;;;OpenStreetMap (Overpass);ODbL 1.0;;automatico_sin_revisar;fuera_municipio;3;
cf03f2dd-877a-49af-841e-db2c8eea5c54;equipamientos;farmacia;Farmacia · AV. JAIME I, Nº9 ESQ. AV.PANAMA;correcto;AV. JAIME I, Nº9 ESQ. AV.PANAMA;;;;;;;;EPSG:25830;sin_ubicacion;;;;Privada;SAINZ GUTIERREZ, MARIA ELENA;;;Plantilla municipal — Limpieza info (PTM Benidorm);Uso interno del proyecto;;contrastado;sin_geometria;19;
cf0faf5d-ae70-44ce-8bb9-b90f8449a3e4;equipamientos;alimentacion;Quick Save;correcto;avenida del Mediterráneo - Avinguda del Mediterranio 32;;;38.53653;-0.11849;752134.2;4269272.09;30;EPSG:4326;sin_ubicacion;;;;;;;;OpenStreetMap (Overpass);ODbL 1.0;;automatico_sin_revisar;proximo_limite;26;
cf334e83-88ac-4689-ad00-8e775068aeca;infraestructuras;parada_autobus;Av. la Vila Joiosa, 4;correcto;;;;38.53612;-0.15264;749146.87;4269134.09;30;EPSG:4326;sin_ubicacion;;;;;Llorente Bus;;;OpenStreetMap (Overpass);ODbL 1.0;;automatico_sin_revisar;proximo_limite;23;
cf664c02-4945-422a-83ec-13a24c4a7a2c;equipamientos;alimentacion;Coaliment;correcto;;;;38.53731;-0.14272;750010.97;4269292.93;30;EPSG:4326;sin_ubicacion;;;;;;;;OpenStreetMap (Overpass);ODbL 1.0;;automatico_sin_revisar;proximo_limite;23;
cfb4ec74-e091-422a-98d4-03662e30771e;infraestructuras;parada_autobus;232 - H. Dynastic;correcto;Av. Ametlla de Mar, 17 (Hotel Dynastic);;;38.53792;-0.10618;753206.73;4269459.98;30;EPSG:25830;sin_ubicacion;;;;;;;;Plantilla municipal — Limpieza info (PTM Benidorm);Uso interno del proyecto;;contrastado;valido;26;
cfbc87e7-2c1e-4d52-a969-8416f2287850;infraestructuras;parada_autobus;C/ Lepanto, 22;correcto;;;;38.53838;-0.11555;752385.11;4269485.44;30;EPSG:4326;sin_ubicacion;;;;;Llorente Bus;;;OpenStreetMap (Overpass);ODbL 1.0;;automatico_sin_revisar;valido;23;
cfd51091-3e6d-4a61-96a5-64a6ca6fe105;territorio;partida;El Planet;correcto;;;;;;;;;EPSG:25830;sin_ubicacion;;;;;;;;Plantilla municipal — Limpieza info (PTM Benidorm);Uso interno del proyecto;;contrastado;sin_geometria;13;
d02a629e-9de6-44ae-bcb9-4c92cb4ae9fc;infraestructuras;camping;camping way/1203331971;correcto;;;;38.56785;-0.08144;755267.23;4272850.08;30;EPSG:4326;sin_ubicacion;;;;;;;;OpenStreetMap (Overpass);ODbL 1.0;;automatico_sin_revisar;fuera_municipio;3;
d04a9bf9-eb3d-4bae-9454-8b2447221ad0;equipamientos;colegio;CEIP VASCO NÚÑEZ DE BALBOA;correcto;C. CAPITÁN CORTÉS, S/N;;;;;;;;EPSG:25830;sin_ubicacion;;;;Pública;;;;Plantilla municipal — Limpieza info (PTM Benidorm);Uso interno del proyecto;;contrastado;sin_geometria;19;
d05eac30-ff21-41a8-aaab-202c18d26842;servicios_basicos;estacion_servicio;FUSPRA ENERGY · AVENIDA COMUNITAT VALENCIANA, 36;correcto;AVENIDA COMUNITAT VALENCIANA, 36;;03503;38.5545;-0.10539;753218.37;4271302.45;30;EPSG:4326;sin_ubicacion;;;L-D: 24H;;FUSPRA ENERGY;;;Geoportal de Gasolineras (MITECO, API REST);Reutilización de información del sector público (Ley 37/2007), citando la fuente;2026-10-01;automatico_sin_revisar;valido;29;
d07f4e81-28cb-4988-8dbd-899b00536f99;equipamientos;alimentacion;alimentacion way/1025806734;correcto;;;;38.55807;-0.10206;753497.34;4271707.82;30;EPSG:4326;sin_ubicacion;;;;;;;;OpenStreetMap (Overpass);ODbL 1.0;;automatico_sin_revisar;valido;23;
d096e13a-011c-430f-bc56-55c4c00edd37;poblacion;padron;Población empadronada 2002;correcto;;;;;;;;;EPSG:4326;sin_ubicacion;;;;;;;;INE - Padrón municipal (tabla 29005);Reutilización libre (Ley 37/2007) citando la fuente;2002-01-01;automatico_sin_revisar;sin_geometria;0;
d0b16cd3-ea44-49d3-bfba-b8801d7de769;equipamientos;alimentacion;Supermarket London;correcto;Calle de Londres;;03503;38.53639;-0.106;753227.79;4269290.65;30;EPSG:4326;sin_ubicacion;;;;;;;;OpenStreetMap (Overpass);ODbL 1.0;;automatico_sin_revisar;valido;26;
d0ca4bbd-5ef9-4c98-a2dd-32392ad089fc;equipamientos;colegio;Col·legi d'Educació Infantil i Primària els Tolls;correcto;;;;38.54734;-0.12319;751685.61;4270459.15;30;EPSG:4326;sin_ubicacion;;;;Privada;Generalitat Valenciana;;;OpenStreetMap (Overpass);ODbL 1.0;;automatico_sin_revisar;valido;26;
d0d28592-6d0f-48d9-af19-85007d84aa7c;equipamientos;alimentacion;alimentacion node/13906410042;correcto;Calle de Lepanto;;;38.53884;-0.11838;752135.85;4269528.78;30;EPSG:4326;sin_ubicacion;;;;;;;;OpenStreetMap (Overpass);ODbL 1.0;;automatico_sin_revisar;valido;26;
d0e91b54-907c-4f38-a226-186802a4a82e;equipamientos;colegio;Institut d'Educació Secundària Mediterània;correcto;;;;38.54191;-0.15057;749308.27;4269782.32;30;EPSG:4326;sin_ubicacion;;;;Privada;Generalitat Valenciana;;;OpenStreetMap (Overpass);ODbL 1.0;;automatico_sin_revisar;valido;26;
d0f068b8-1cb5-4c06-afd3-9f556734574b;equipamientos;alimentacion;Supermarket Quick Save;correcto;Avinguda de L'Ametlla de Mar 17;;;38.53892;-0.10554;753259.27;4269572.73;30;EPSG:4326;sin_ubicacion;;;;;;;;OpenStreetMap (Overpass);ODbL 1.0;;automatico_sin_revisar;valido;26;
d111001b-1bd1-4ec7-977a-1b1e6adc5aea;equipamientos;alimentacion;Levante;correcto;Avenida de Cuenca;;;38.53733;-0.1176;752209.33;4269363.31;30;EPSG:4326;sin_ubicacion;;;;;;;;OpenStreetMap (Overpass);ODbL 1.0;;automatico_sin_revisar;valido;26;
d1316cb9-c26a-49b2-b411-327de2592e0d;equipamientos;colegio;Col·legi d'Educació Primària i Infantil Gabriel Miró;correcto;;;;38.5529;-0.12246;751730.32;4271078.27;30;EPSG:4326;sin_ubicacion;;;;;;;;OpenStreetMap (Overpass);ODbL 1.0;;automatico_sin_revisar;valido;23;
d1440b59-681c-4e48-afad-7f82a49c24b4;infraestructuras;parada_autobus;106 - Ed. Veralux;correcto;Av. Armada Espanyola, 23A;;;38.5366;-0.14974;749399.03;4269195.18;30;EPSG:25830;sin_ubicacion;;;;;;;;Plantilla municipal — Limpieza info (PTM Benidorm);Uso interno del proyecto;;contrastado;proximo_limite;26;
d16733ae-5450-40ad-925c-95b523895bc2;equipamientos;alimentacion;alimentacion node/8792416201;correcto;Avinguda de Martínez Alejos;;;38.53568;-0.12825;751282.95;4269151.19;30;EPSG:4326;sin_ubicacion;;;;;;;;OpenStreetMap (Overpass);ODbL 1.0;;automatico_sin_revisar;proximo_limite;26;
d16c5cf0-1c8c-4305-9ff6-73b06f24acc6;territorio;partida;Alt de Rajadell;correcto;;;;;;;;;EPSG:25830;sin_ubicacion;;;;;;;;Plantilla municipal — Limpieza info (PTM Benidorm);Uso interno del proyecto;;contrastado;sin_geometria;13;
d197b7ca-39ae-4797-ad8a-f548dd0824f0;equipamientos;alimentacion;Supermercado Udaco;correcto;Avenida de Madrid;;;38.53264;-0.10728;753128.75;4268870.91;30;EPSG:4326;sin_ubicacion;;;;;;;;OpenStreetMap (Overpass);ODbL 1.0;;automatico_sin_revisar;proximo_limite;26;
d1b371f2-5783-4d5a-a0fa-6b5a31de6db5;infraestructuras;alojamiento;Hotel & Thai Spa Asia Gardens;correcto;;;;38.55264;-0.1703;747545.3;4270920.32;30;EPSG:4326;sin_ubicacion;;;;Privada;Barceló;;;OpenStreetMap (Overpass);ODbL 1.0;;automatico_sin_revisar;proximo_limite;26;
d1c19e11-b22a-47b5-98f8-9095bba6bf83;infraestructuras;alojamiento;Mareny Benidorm;correcto;Carrer de la Garita 17;;;38.53876;-0.13319;750840.03;4269479.66;30;EPSG:4326;sin_ubicacion;;;;;;;;OpenStreetMap (Overpass);ODbL 1.0;;automatico_sin_revisar;valido;26;
d27f8f6e-1a3e-4802-ab7d-48d56e8edc4e;animales;clinica_veterinaria;Surfing Animals;correcto;;;;38.53753;-0.14356;749936.71;4269315.08;30;EPSG:4326;sin_ubicacion;;;;;;;;OpenStreetMap (Overpass);ODbL 1.0;;automatico_sin_revisar;proximo_limite;23;
d283feef-e9ef-4793-a0a0-71b12a6d564c;infraestructuras;camping;camping way/1384131412;correcto;;;;38.5629;-0.0933;754246.95;4272267.98;30;EPSG:4326;sin_ubicacion;;;;;;;;OpenStreetMap (Overpass);ODbL 1.0;;automatico_sin_revisar;valido;23;
d2d043c3-3e95-41aa-9780-3cf1ab6e984a;territorio;partida;Serra Gelada;correcto;;;;;;;;;EPSG:25830;sin_ubicacion;;;;;;;;Plantilla municipal — Limpieza info (PTM Benidorm);Uso interno del proyecto;;contrastado;sin_geometria;13;
d2f99389-f771-4d7c-8385-b5ba143c690f;infraestructuras;parada_autobus;Av. Eduardo Zaplana;correcto;;;;38.55859;-0.15309;749030.85;4271626.93;30;EPSG:4326;sin_ubicacion;;;;;Llorente Bus;;;OpenStreetMap (Overpass);ODbL 1.0;;automatico_sin_revisar;valido;23;
d3a743c5-77eb-4cb9-94b7-f33676048088;equipamientos;alimentacion;Gemelos XV;correcto;Avenida de Montecarlo;;;38.53426;-0.10352;753452.22;4269061.02;30;EPSG:4326;sin_ubicacion;;;;;;;;OpenStreetMap (Overpass);ODbL 1.0;;automatico_sin_revisar;valido;26;
d4182f82-4936-4863-99bd-dab249454d27;territorio;partida;Pla de Caiola;correcto;;;;;;;;;EPSG:25830;sin_ubicacion;;;;;;;;Plantilla municipal — Limpieza info (PTM Benidorm);Uso interno del proyecto;;contrastado;sin_geometria;13;
d4541f02-8ee6-4e2a-b4fc-994fd2d0af40;infraestructuras;parada_autobus;183 - Tivoli;correcto;Ctra.CV-70 (Tivoli);;;38.56035;-0.13346;750742.25;4271875.31;30;EPSG:25830;sin_ubicacion;;;;;;;;Plantilla municipal — Limpieza info (PTM Benidorm);Uso interno del proyecto;;contrastado;valido;26;
d4adf692-d65c-42a4-b784-1df131be1434;equipamientos;farmacia;Farmacia · AV. MADRID, Nº23 ED. VERACRUZ;correcto;AV. MADRID, Nº23 ED. VERACRUZ;;;;;;;;EPSG:25830;sin_ubicacion;;;;Privada;OCHOA HIJONA, BLANCA;;;Plantilla municipal — Limpieza info (PTM Benidorm);Uso interno del proyecto;;contrastado;sin_geometria;19;
d4c10779-650f-488f-ac1b-88ea85069597;infraestructuras;parada_autobus;299 - Montecarlo 15;correcto;Av. Montecarlo, 15;;;38.53667;-0.10278;753508.62;4269330.54;30;EPSG:25830;sin_ubicacion;;;;;;;;Plantilla municipal — Limpieza info (PTM Benidorm);Uso interno del proyecto;;contrastado;valido;26;
d54efaa9-de3d-44ca-a92d-100fed253052;territorio;partida;El Saladar;correcto;;;;;;;;;EPSG:25830;sin_ubicacion;;;;;;;;Plantilla municipal — Limpieza info (PTM Benidorm);Uso interno del proyecto;;contrastado;sin_geometria;13;
d5700bcd-c028-4107-8c56-1101fcab1224;infraestructuras;parada_autobus;364 - Mercaloix;correcto;Av. Ametlla de Mar, 11AC;;;38.53687;-0.10674;753161.36;4269341.9;30;EPSG:25830;sin_ubicacion;;;;;;;;Plantilla municipal — Limpieza info (PTM Benidorm);Uso interno del proyecto;;contrastado;valido;26;
d585569b-c2ce-498e-996f-be624d26e86d;infraestructuras;parada_autobus;145 - Centro Salud;correcto;Av. Benissa, 6;;;38.53568;-0.16262;748274.93;4269058.43;30;EPSG:25830;sin_ubicacion;;;;;;;;Plantilla municipal — Limpieza info (PTM Benidorm);Uso interno del proyecto;;contrastado;valido;26;
d5862c50-80ea-469e-9120-60e48a5923e1;infraestructuras;parada_autobus;141 - I. Mediterrania;correcto;Av. Vicente Pérez Devesa, 8 (Institut);;;38.54035;-0.15105;749271.59;4269607.88;30;EPSG:25830;sin_ubicacion;;;;;;;;Plantilla municipal — Limpieza info (PTM Benidorm);Uso interno del proyecto;;contrastado;valido;26;
d58bcc0e-53dc-4d5b-9944-f4d337dc8fd4;territorio;partida;Foia del Ca;correcto;;;;;;;;;EPSG:25830;sin_ubicacion;;;;;;;;Plantilla municipal — Limpieza info (PTM Benidorm);Uso interno del proyecto;;contrastado;sin_geometria;13;
d5d9cf22-6b94-494d-8b50-2357da3fd9dd;equipamientos;alimentacion;Marconi;correcto;Avinguda del Rei Jaume I 4;;;38.53771;-0.13698;750511.95;4269352.85;30;EPSG:4326;sin_ubicacion;;;;;;;;OpenStreetMap (Overpass);ODbL 1.0;;automatico_sin_revisar;proximo_limite;26;
d5ee994e-ea77-46f3-a762-f39074c7f67f;equipamientos;alimentacion;Dicost;correcto;Avinguda de Madrid  -  Avenida de Madrid 10;;03503;38.53539;-0.11602;752354.31;4269152.28;30;EPSG:4326;sin_ubicacion;;;;;;;;OpenStreetMap (Overpass);ODbL 1.0;;automatico_sin_revisar;proximo_limite;26;
d60abd0b-d1e4-49a7-9552-59d5d2ce4ae9;territorio;partida;Alt de Vives;correcto;;;;;;;;;EPSG:25830;sin_ubicacion;;;;;;;;Plantilla municipal — Limpieza info (PTM Benidorm);Uso interno del proyecto;;contrastado;sin_geometria;13;
d64c341b-1196-473c-aac2-79f0fa84bb68;infraestructuras;parada_autobus;215 - Camp. Benidorm;correcto;Av. Severo Ochoa, 47 (Càmping Benidorm);;;38.5526;-0.0974;753924.08;4271113.46;30;EPSG:25830;sin_ubicacion;;;;;;;;Plantilla municipal — Limpieza info (PTM Benidorm);Uso interno del proyecto;;contrastado;valido;26;
d6964ae2-dd6d-4439-8125-2ad3d7d4f9d9;infraestructuras;parada_autobus;186 - Puerta TM;correcto;Rotonda de la Gravedad;;;38.56518;-0.15443;748891.14;4272354.78;30;EPSG:25830;sin_ubicacion;;;;;;;;Plantilla municipal — Limpieza info (PTM Benidorm);Uso interno del proyecto;;contrastado;valido;26;
d7879501-e9f6-4254-b8c6-7023d9c95ba0;equipamientos;bomberos;Estació de Bombers de la Marina Baixa;correcto;;;;38.55031;-0.1239;751613.25;4270786.87;30;EPSG:4326;sin_ubicacion;;;;Privada;Consorcio Provincial de Bomberos de Alicante;;;OpenStreetMap (Overpass);ODbL 1.0;;automatico_sin_revisar;valido;26;
d7d91ed6-d5b9-469d-b509-25f3f56167d2;equipamientos;alimentacion;ALDI;correcto;;;;38.56806;-0.13246;750803.25;4272733.8;30;EPSG:4326;sin_ubicacion;;;;;;;;OpenStreetMap (Overpass);ODbL 1.0;;automatico_sin_revisar;fuera_municipio;3;
d7fda5c1-02a1-419e-a03a-a0588cfb9af2;infraestructuras;parada_autobus;Av. Ricardo Bayona, 12;correcto;;;;38.54004;-0.13939;750293.05;4269604.94;30;EPSG:4326;sin_ubicacion;;;;;Llorente Bus;;;OpenStreetMap (Overpass);ODbL 1.0;;automatico_sin_revisar;valido;23;
d7ff6f36-0dc9-4438-ad77-5fc905c50c3e;infraestructuras;parada_autobus;376 - Ed. Jardín Bnd;correcto;C/ Adolfo Suárez, 16;;;38.54258;-0.14899;749444.25;4269860.95;30;EPSG:25830;sin_ubicacion;;;;;;;;Plantilla municipal — Limpieza info (PTM Benidorm);Uso interno del proyecto;;contrastado;valido;26;
d81b3a0a-ff4e-43b1-8a08-a181131fc0f2;equipamientos;centro_comunitario;Unión Ciclista Benidorm;correcto;;;;38.54603;-0.13677;750501.79;4270276.89;30;EPSG:4326;sin_ubicacion;;;;;;;;OpenStreetMap (Overpass);ODbL 1.0;;automatico_sin_revisar;valido;23;
d88d11b7-2e3d-43d0-997c-624f24d06b98;equipamientos;colegio;CEIP MIGUEL HERNÁNDEZ;correcto;AV. NICARAGUA, 17;Benidorm;03502;38.54042;-0.1409;750159.6;4269643.04;30;EPSG:4326;sin_ubicacion;966870770;;;Pública;GENERALITAT VALENCIANA;;;GVA - Centros docentes de la Comunitat Valenciana (ICV WFS);CC BY 4.0;;automatico_sin_revisar;valido;29;
d8e806d4-be17-41e1-b546-d7f848a8e226;equipamientos;farmacia;Farmacia FARMACIA DELOIX;correcto;C/ JUAN FUSTER ZARAGOZA, Nº1 LOC.27;;;;;;;;EPSG:25830;sin_ubicacion;;;;Privada;FARMACIA DELOIX, C.B;;;Plantilla municipal — Limpieza info (PTM Benidorm);Uso interno del proyecto;;contrastado;sin_geometria;19;
d8ff64f5-f589-42df-80f6-fb79528102c8;infraestructuras;parada_autobus;380 - fr. Residencia;correcto;Av. Cuba, 1;;;38.54512;-0.13992;750229.26;4270167.36;30;EPSG:25830;sin_ubicacion;;;;;;;;Plantilla municipal — Limpieza info (PTM Benidorm);Uso interno del proyecto;;contrastado;valido;26;
d9015d51-97e6-4053-8cb7-fbe5bd2b6e16;infraestructuras;parada_autobus;Llorente Bus;correcto;;;;38.53014;-0.16267;748289.38;4268443.39;30;EPSG:4326;sin_ubicacion;;;;;Llorente Bus;;;OpenStreetMap (Overpass);ODbL 1.0;;automatico_sin_revisar;proximo_limite;23;
d940da1f-2c2a-4d99-aee4-ce2b426910a3;equipamientos;alimentacion;alimentacion node/8016406622;correcto;;;;38.53939;-0.11714;752242.47;4269593.21;30;EPSG:4326;sin_ubicacion;;;;;;;;OpenStreetMap (Overpass);ODbL 1.0;;automatico_sin_revisar;valido;23;
d9570697-4bb9-41d8-991d-382687b40407;equipamientos;alimentacion;Dialprix;correcto;Avinguda del Rei Jaume I 13;;;38.54051;-0.13505;750671.24;4269668.86;30;EPSG:4326;sin_ubicacion;;;;;;;;OpenStreetMap (Overpass);ODbL 1.0;;automatico_sin_revisar;valido;26;
d97e2b7d-d786-450f-91ee-16b393b2d794;equipamientos;alimentacion;Supermarket Don Precio;correcto;;;;38.53746;-0.10573;753247.71;4269410.15;30;EPSG:4326;sin_ubicacion;;;;;;;;OpenStreetMap (Overpass);ODbL 1.0;;automatico_sin_revisar;valido;23;
d97e867e-ab04-405c-96d2-5f8b0786dc5e;equipamientos;farmacia;Farmacia Gasent;correcto;;;;38.57972;-0.12713;751229.36;4274042.47;30;EPSG:4326;sin_ubicacion;;;;;;;;OpenStreetMap (Overpass);ODbL 1.0;;automatico_sin_revisar;fuera_municipio;3;
d98c9885-de38-4f9c-8507-b8e26c056c25;equipamientos;alimentacion;Charter;correcto;;;;38.54032;-0.13473;750699.9;4269648.64;30;EPSG:4326;sin_ubicacion;;;;;;;;OpenStreetMap (Overpass);ODbL 1.0;;automatico_sin_revisar;valido;23;
d9b34aa9-e584-4759-9740-8d362089ce64;equipamientos;colegio;CEIP SERRA GELADA;correcto;AV. MALTA, 2;;;;;;;;EPSG:25830;sin_ubicacion;;;;Pública;;;;Plantilla municipal — Limpieza info (PTM Benidorm);Uso interno del proyecto;;contrastado;sin_geometria;19;
d9c935b7-4629-4254-9c65-149c0c7a007e;infraestructuras;parada_autobus;C/ Juan Antonio Baldoví, 1;correcto;;;;38.52954;-0.16424;748154;4268372.58;30;EPSG:4326;sin_ubicacion;;;;;Llorente Bus;;;OpenStreetMap (Overpass);ODbL 1.0;;automatico_sin_revisar;proximo_limite;23;
d9defde0-e48e-4477-9fd2-2e06963787b1;territorio;partida;Pla de Patiño;correcto;;;;;;;;;EPSG:25830;sin_ubicacion;;;;;;;;Plantilla municipal — Limpieza info (PTM Benidorm);Uso interno del proyecto;;contrastado;sin_geometria;13;
da49c5c8-af06-4157-a435-52bf4c4a15f7;equipamientos;farmacia;farmacia node/975360141;correcto;;;;38.5362;-0.1528;749132.59;4269142.54;30;EPSG:4326;sin_ubicacion;;;;;;;;OpenStreetMap (Overpass);ODbL 1.0;;automatico_sin_revisar;proximo_limite;23;
da662b3c-398b-4a9a-8938-96b2bb98b632;equipamientos;escuela_infantil;EI 1er CICLE MUNICIPAL LES CALETES;correcto;AV. CIUDAD REAL, 6;Benidorm;03503;38.54291;-0.10517;753277.82;4270016.61;30;EPSG:4326;sin_ubicacion;966806641;;;Pública;AJUNTAMENT DE BENIDORM;;;GVA - Centros docentes de la Comunitat Valenciana (ICV WFS);CC BY 4.0;;automatico_sin_revisar;valido;29;
da73ce6e-4d5b-4888-a31c-2804452ee226;equipamientos;alimentacion;masymas;correcto;;;;38.58798;-0.11541;752225.9;4274991.21;30;EPSG:4326;sin_ubicacion;;;;Privada;Juan Fornés Fornés, S.A.;;;OpenStreetMap (Overpass);ODbL 1.0;;automatico_sin_revisar;fuera_municipio;6;
dab7342f-d45d-4297-8964-b862b54f1e88;poblacion;padron;Población empadronada 2013;correcto;;;;;;;;;EPSG:4326;sin_ubicacion;;;;;;;;INE - Padrón municipal (tabla 29005);Reutilización libre (Ley 37/2007) citando la fuente;2013-01-01;automatico_sin_revisar;sin_geometria;0;
daf1aad8-354c-4908-821c-e2fa57718be8;infraestructuras;parada_autobus;Av. Europa, 15;correcto;;;;38.53922;-0.12042;751956.01;4269565.41;30;EPSG:4326;sin_ubicacion;;;;;Llorente Bus;;;OpenStreetMap (Overpass);ODbL 1.0;;automatico_sin_revisar;valido;23;
daf6c963-b0a3-4737-84a9-5d95d8ecdbe4;infraestructuras;parada_autobus;Av. Armada Espanyola, 23A;correcto;;;;38.5366;-0.14974;749399.03;4269195.18;30;EPSG:4326;sin_ubicacion;;;;;Llorente Bus;;;OpenStreetMap (Overpass);ODbL 1.0;;automatico_sin_revisar;proximo_limite;23;
dba85afb-1eb1-4de7-9fe9-007ff82083cb;infraestructuras;parada_autobus;C/ Santander, 2AC;correcto;;;;38.53431;-0.15618;748843.22;4268923.67;30;EPSG:4326;sin_ubicacion;;;;;Llorente Bus;;;OpenStreetMap (Overpass);ODbL 1.0;;automatico_sin_revisar;proximo_limite;23;
dbb4530e-2129-4fea-bf86-b47b999c081c;equipamientos;colegio;Col·legi d'Educació Infantil i Primària la Cala;correcto;;;;38.5369;-0.15927;748563.97;4269202.84;30;EPSG:4326;sin_ubicacion;;;;Privada;Generalitat Valenciana;;;OpenStreetMap (Overpass);ODbL 1.0;;automatico_sin_revisar;valido;26;
dbc66731-07e7-479a-a99e-e8d9d6b9a94c;equipamientos;colegio;CEIP MESTRE GASPAR LÓPEZ;correcto;CL. DE LA BARCA DEL BOU (SALT DE L'AIG;Benidorm;03503;38.55515;-0.12085;751863.43;4271332.39;30;EPSG:4326;sin_ubicacion;966816365;;;Pública;GENERALITAT VALENCIANA;;;GVA - Centros docentes de la Comunitat Valenciana (ICV WFS);CC BY 4.0;;automatico_sin_revisar;valido;29;
dbe97518-be78-4fef-b841-5165835a0df0;equipamientos;alimentacion;Economy Cash;correcto;;;;38.60184;-0.13013;750890.84;4276489.55;30;EPSG:4326;sin_ubicacion;;;;Privada;Kuups Design International SL;;;OpenStreetMap (Overpass);ODbL 1.0;;automatico_sin_revisar;fuera_municipio;6;
dc3b1d61-f54d-4696-bf4b-3636b318dff6;equipamientos;alimentacion;alimentacion node/11930235536;correcto;Avinguda de l'Armada Espanyola 17;;;38.53718;-0.14665;749667.48;4269267.89;30;EPSG:4326;sin_ubicacion;;;;;;;;OpenStreetMap (Overpass);ODbL 1.0;;automatico_sin_revisar;proximo_limite;26;
dc3c9c99-db3a-4f9e-ac48-65a99e5b97bc;poblacion;padron;Población empadronada 2022;correcto;;;;;;;;;EPSG:4326;sin_ubicacion;;;;;;;;INE - Padrón municipal (tabla 29005);Reutilización libre (Ley 37/2007) citando la fuente;2022-01-01;automatico_sin_revisar;sin_geometria;0;
dc4368a4-e88f-4827-b95c-d7d53616f5c4;equipamientos;alimentacion;Kp;correcto;;;;38.53632;-0.11295;752619.78;4269263.88;30;EPSG:4326;sin_ubicacion;;;;;;;;OpenStreetMap (Overpass);ODbL 1.0;;automatico_sin_revisar;proximo_limite;23;
dc847fcc-a5ee-483a-8f39-988473697c7d;equipamientos;alimentacion;alimentacion node/13744656382;correcto;;;;38.53718;-0.11739;752228.22;4269347.23;30;EPSG:4326;sin_ubicacion;;;;;;;;OpenStreetMap (Overpass);ODbL 1.0;;automatico_sin_revisar;valido;23;
dce5c1f3-e62e-4e62-98c4-06dc2cfd098e;equipamientos;centro_formacion;CONSERVATORI ELEMENTAL DE DANSA;correcto;PZ. DE BOUS, S/N;Benidorm;03502;38.54521;-0.13105;751005.14;4270201.38;30;EPSG:4326;sin_ubicacion;966806795;;;Pública;AJUNTAMENT DE BENIDORM;;;GVA - Centros docentes de la Comunitat Valenciana (ICV WFS);CC BY 4.0;;automatico_sin_revisar;valido;29;
dd5a244b-9aa0-4e33-b39c-366238d08e9f;equipamientos;alimentacion;Abdullah;correcto;Avenida del Mediterráneo 57;;;38.53497;-0.10763;753090.05;4269128.58;30;EPSG:4326;sin_ubicacion;;;;;;;;OpenStreetMap (Overpass);ODbL 1.0;;automatico_sin_revisar;proximo_limite;26;
dde141aa-2c34-447b-94d7-574426346b1b;equipamientos;alimentacion;alimentacion node/5024844600;correcto;Avinguda de Madrid - Avenida de Madrid;;;38.53346;-0.10832;753034.89;4268959.09;30;EPSG:4326;sin_ubicacion;;;;;;;;OpenStreetMap (Overpass);ODbL 1.0;;automatico_sin_revisar;proximo_limite;26;
de0b2666-80a1-423c-a118-aba466544bd1;equipamientos;alimentacion;Rio;correcto;Pasaje de Marconi;;03501;38.53736;-0.13654;750551.65;4269315.19;30;EPSG:4326;sin_ubicacion;;;;;;;;OpenStreetMap (Overpass);ODbL 1.0;;automatico_sin_revisar;proximo_limite;26;
de48bdbf-2678-4baf-acfa-81a49732fb3d;infraestructuras;camping;Camping La Torreta;correcto;;;;38.54534;-0.10396;753375.28;4270289.64;30;EPSG:4326;sin_ubicacion;;;;;;;;OpenStreetMap (Overpass);ODbL 1.0;;automatico_sin_revisar;valido;23;
de608a21-872c-488a-910f-299348a35697;equipamientos;alimentacion;alimentacion node/13410368221;correcto;;;;38.53734;-0.11445;752484.97;4269373.01;30;EPSG:4326;sin_ubicacion;;;;;;;;OpenStreetMap (Overpass);ODbL 1.0;;automatico_sin_revisar;valido;23;
deb47610-52be-4dd8-b1ea-e6de8c4db926;infraestructuras;parada_autobus;103 - Villa del Mar;correcto;Av. Armada Espanyola, 2;;;38.53723;-0.13894;750342.06;4269294.27;30;EPSG:25830;sin_ubicacion;;;;;;;;Plantilla municipal — Limpieza info (PTM Benidorm);Uso interno del proyecto;;contrastado;proximo_limite;26;
debdb67b-add8-4bb5-82a2-49bcd7278a6c;infraestructuras;alojamiento;Celymar;correcto;Calle del Apolo XI 19;;;38.53938;-0.1337;750793.27;4269547.09;30;EPSG:4326;sin_ubicacion;;;;;;;;OpenStreetMap (Overpass);ODbL 1.0;;automatico_sin_revisar;valido;26;
df26975a-faf0-405a-a72b-0c8ac1d2062f;infraestructuras;estacion_autobus;Estació d'Autobusos de Benidorm / Estación de Autobuses de Benidorm;correcto;;;;38.54946;-0.1249;751528.68;4270689.81;30;EPSG:4326;sin_ubicacion;;;;;;;;OpenStreetMap (Overpass);ODbL 1.0;;automatico_sin_revisar;valido;23;
df29349b-104c-43bf-88c7-721288fb744c;infraestructuras;parada_autobus;188 - Puerta TM V;correcto;Rotonda de la Gravedad;;;38.56547;-0.15453;748881.4;4272386.7;30;EPSG:25830;sin_ubicacion;;;;;;;;Plantilla municipal — Limpieza info (PTM Benidorm);Uso interno del proyecto;;contrastado;valido;26;
df39089c-3d1b-48c9-b83d-1b887d138588;infraestructuras;parada_autobus;367 - Mercadona;correcto;C/ Juan Antonio Baldovi, 14;;;38.5315;-0.16545;748041.44;4268586.89;30;EPSG:25830;sin_ubicacion;;;;;;;;Plantilla municipal — Limpieza info (PTM Benidorm);Uso interno del proyecto;;contrastado;proximo_limite;26;
df587465-d4dd-419f-b7fa-37358f394932;infraestructuras;alojamiento;Meliá Villaitana;correcto;Avenida Alcalde Eduardo Zaplana Hernández-Soto 7;;03502;38.55817;-0.14749;749522.23;4271595.4;30;EPSG:4326;sin_ubicacion;+34 96681 50 00;;;Privada;Meliá;;;OpenStreetMap (Overpass);ODbL 1.0;;automatico_sin_revisar;valido;29;
df65c405-dc03-4287-a94b-eb6b28f8aaee;infraestructuras;parada_autobus;284 - Suecia 6;correcto;Av. Suècia, 6;;;38.54609;-0.12819;751252.39;4270306.82;30;EPSG:25830;sin_ubicacion;;;;;;;;Plantilla municipal — Limpieza info (PTM Benidorm);Uso interno del proyecto;;contrastado;valido;26;
dfced955-9f75-4a5e-8c53-68527b4b2d8e;equipamientos;alimentacion;La Rivera;correcto;Avenida de Estocolmo;;;38.53589;-0.10507;753310.91;4269237.7;30;EPSG:4326;sin_ubicacion;;;;;;;;OpenStreetMap (Overpass);ODbL 1.0;;automatico_sin_revisar;valido;26;
e0352ae5-0a47-46a3-9dab-42c0f2256e08;equipamientos;escuela_infantil;EI 1er CICLE MUNICIPAL LES FONTANELLES;correcto;AV. DEL MUNICIPI, 18 B;Benidorm;03502;38.54686;-0.12268;751731.9;4270407.26;30;EPSG:4326;sin_ubicacion;965856802;;;Pública;AJUNTAMENT DE BENIDORM;;;GVA - Centros docentes de la Comunitat Valenciana (ICV WFS);CC BY 4.0;;automatico_sin_revisar;valido;29;
e0491143-1c96-4c17-9880-5238b95ad232;infraestructuras;parada_autobus;305 - Gascon;correcto;Av. Comunitat Valenciana, km 124.9;;;38.5573;-0.10238;753472.02;4271621.48;30;EPSG:25830;sin_ubicacion;;;;;;;;Plantilla municipal — Limpieza info (PTM Benidorm);Uso interno del proyecto;;contrastado;valido;26;
e0c749b4-c0f4-411e-ba1e-6b64c4e79b7b;poblacion;padron;Población empadronada 2003;correcto;;;;;;;;;EPSG:4326;sin_ubicacion;;;;;;;;INE - Padrón municipal (tabla 29005);Reutilización libre (Ley 37/2007) citando la fuente;2003-01-01;automatico_sin_revisar;sin_geometria;0;
e106ceea-b3c8-476e-926c-b2452a27dbc7;equipamientos;alimentacion;Lidl;correcto;Avinguda del Doctor Severo Ochoa;;;38.54047;-0.1038;753406.17;4269749.53;30;EPSG:4326;sin_ubicacion;;;;;;;;OpenStreetMap (Overpass);ODbL 1.0;;automatico_sin_revisar;valido;26;
e106edb2-a3fc-4db8-b15e-7308beeedb9c;infraestructuras;parada_tranvia;Terra Mítica;correcto;;;;38.54673;-0.15891;748562.02;4270294.88;30;EPSG:4326;sin_ubicacion;;;;;;;;OpenStreetMap (Overpass);ODbL 1.0;;automatico_sin_revisar;valido;23;
e11c545e-de1c-47bc-807b-fcf0ea38b9b7;infraestructuras;alojamiento;Hotel Tropic;correcto;Carrer Relleu 3;;03509;38.5307;-0.16875;747755.33;4268489.26;30;EPSG:4326;sin_ubicacion;;;;;;;;OpenStreetMap (Overpass);ODbL 1.0;;automatico_sin_revisar;fuera_municipio;6;
e154d6f1-079d-4af8-8445-4e4e31b0cfc5;equipamientos;escuela_infantil;EI 1er CICLE MUNICIPAL EL TOSSALET;correcto;AV. MONT BENIDORM, 7;Benidorm;03502;38.53249;-0.16157;748377.67;4268707.18;30;EPSG:4326;sin_ubicacion;965851832;;;Pública;AJUNTAMENT DE BENIDORM;;;GVA - Centros docentes de la Comunitat Valenciana (ICV WFS);CC BY 4.0;;automatico_sin_revisar;valido;29;
e16cc021-ad72-4a1d-aa73-8a18e8783834;equipamientos;administracion;Edusi;correcto;Carrer Maravall 33;;;38.5407;-0.13352;750804.49;4269694.09;30;EPSG:4326;sin_ubicacion;;;;;;;;OpenStreetMap (Overpass);ODbL 1.0;;automatico_sin_revisar;valido;26;
e170fb0f-2a36-43fe-94c5-f332fd01b378;equipamientos;alimentacion;Mr Cash & Carry;correcto;Avenida del Mediterráneo;;;38.53646;-0.11796;752180.83;4269265.76;30;EPSG:4326;sin_ubicacion;;;;;;;;OpenStreetMap (Overpass);ODbL 1.0;;automatico_sin_revisar;proximo_limite;26;
e175c780-f61c-4297-adf5-bd26740df41f;poblacion;padron;Población empadronada 2008;correcto;;;;;;;;;EPSG:4326;sin_ubicacion;;;;;;;;INE - Padrón municipal (tabla 29005);Reutilización libre (Ley 37/2007) citando la fuente;2008-01-01;automatico_sin_revisar;sin_geometria;0;
e1a1af18-510b-45ff-81e4-fe8e4fb3d83a;infraestructuras;alojamiento;Olivia;correcto;Carrer Antonio Ramos Carratalà 2;;;38.53866;-0.13189;750954.14;4269472.08;30;EPSG:4326;sin_ubicacion;;;;;;;;OpenStreetMap (Overpass);ODbL 1.0;;automatico_sin_revisar;valido;26;
e1e955c1-9195-4c63-aa2a-994738e0e3ba;equipamientos;alimentacion;Supermarket;correcto;;;;38.5358;-0.10768;753082.8;4269220.57;30;EPSG:4326;sin_ubicacion;;;;;;;;OpenStreetMap (Overpass);ODbL 1.0;;automatico_sin_revisar;valido;23;
e1fe9c28-9384-4720-b0e8-8005ab4f39ba;infraestructuras;alojamiento;Hotel Rambla Benidorm;correcto;;;;38.54142;-0.13496;750676;4269770.11;30;EPSG:4326;sin_ubicacion;;;;;;;;OpenStreetMap (Overpass);ODbL 1.0;;automatico_sin_revisar;valido;23;
e2493641-d529-4bd3-a7e7-900ae12e79b8;equipamientos;farmacia;Farmacia · C/ ESTOCOLMO, Nº2 ESQ. C/ MANILA;correcto;C/ ESTOCOLMO, Nº2 ESQ. C/ MANILA;;;;;;;;EPSG:25830;sin_ubicacion;;;;Privada;BLAY PASCUAL, CRISTINA;;;Plantilla municipal — Limpieza info (PTM Benidorm);Uso interno del proyecto;;contrastado;sin_geometria;19;
e24c306d-8d77-4cb3-9dfa-91aed1dc84cb;equipamientos;colegio;CEIP PUIG CAMPANA;correcto;AV. DE BELGICA, 16;Benidorm;03502;38.54694;-0.12455;751567.98;4270411.05;30;EPSG:4326;sin_ubicacion;966870775;;;Pública;GENERALITAT VALENCIANA;;;GVA - Centros docentes de la Comunitat Valenciana (ICV WFS);CC BY 4.0;;automatico_sin_revisar;valido;29;
e252ed92-ff4f-4006-95d4-31c17bc852cf;infraestructuras;parada_autobus;246 - Barca Bou 3;correcto;C/ Barca del Bou, 3;;;38.55399;-0.12158;751803.56;4271201.65;30;EPSG:25830;sin_ubicacion;;;;;;;;Plantilla municipal — Limpieza info (PTM Benidorm);Uso interno del proyecto;;contrastado;valido;26;
e25ec025-996d-4560-95ff-d7d8c1fb64d1;infraestructuras;alojamiento;Hotel Casual Pop Art Benidorm;correcto;;;;38.53701;-0.13396;750778.65;4269283.33;30;EPSG:4326;sin_ubicacion;;;;;;;;OpenStreetMap (Overpass);ODbL 1.0;;automatico_sin_revisar;proximo_limite;23;
e263d2d4-b86a-4146-b782-2baf6b5e5323;infraestructuras;parada_autobus;Av. Severo Ochoa, 34 (Hotel Deloix);correcto;;;;38.54669;-0.09935;753774;4270452.12;30;EPSG:4326;sin_ubicacion;;;;;Llorente Bus;;;OpenStreetMap (Overpass);ODbL 1.0;;automatico_sin_revisar;valido;23;
e2783c95-ff94-4bbb-aee9-b654aa796733;infraestructuras;parada_autobus;Av. Comunitat Valenciana, km 124.9;correcto;;;;38.55737;-0.10249;753462.15;4271628.95;30;EPSG:4326;sin_ubicacion;;;;;Llorente Bus;;;OpenStreetMap (Overpass);ODbL 1.0;;automatico_sin_revisar;valido;23;
e32e53b4-b84c-453a-8673-50d8a3002aeb;equipamientos;alimentacion;Mini Beach;correcto;;;;38.53479;-0.11026;752860.5;4269101.41;30;EPSG:4326;sin_ubicacion;;;;;;;;OpenStreetMap (Overpass);ODbL 1.0;;automatico_sin_revisar;proximo_limite;23;
e33827d4-8376-4288-9906-7ea9236a9af0;equipamientos;farmacia;Farmacia · C/ FINLANDIA, Nº2 ED. FINLANDIA;correcto;C/ FINLANDIA, Nº2 ED. FINLANDIA;;;;;;;;EPSG:25830;sin_ubicacion;;;;Privada;GARCIA GARCIA, JESUS;;;Plantilla municipal — Limpieza info (PTM Benidorm);Uso interno del proyecto;;contrastado;sin_geometria;19;
e36964bb-d9f0-4d51-a9a7-921f76f03003;servicios_basicos;estacion_servicio;Moeve;correcto;;;;38.53468;-0.16952;747674.45;4268928.95;30;EPSG:4326;sin_ubicacion;;;;;;;;OpenStreetMap (Overpass);ODbL 1.0;;automatico_sin_revisar;fuera_municipio;3;
e3ceba36-cc30-4f7d-8201-07c57716adf1;infraestructuras;parada_autobus;114 - Ed. Lilla;correcto;Av. Vila Joiosa, 28 (E. Lila);;;38.53312;-0.16365;748193.48;4268771.52;30;EPSG:25830;sin_ubicacion;;;;;;;;Plantilla municipal — Limpieza info (PTM Benidorm);Uso interno del proyecto;;contrastado;valido;26;
e3fd9f80-0b0e-4c14-8612-acf6727a574a;infraestructuras;alojamiento;los gemelos 20;correcto;;;;38.53987;-0.11951;752033.41;4269640.03;30;EPSG:4326;sin_ubicacion;;;;;;;;OpenStreetMap (Overpass);ODbL 1.0;;automatico_sin_revisar;valido;23;
e4499fde-980a-4159-b2dd-401c7803388e;equipamientos;alimentacion;Super Ibiza;correcto;Carrer d'Evissa;;;38.5398;-0.11892;752085.28;4269633.87;30;EPSG:4326;sin_ubicacion;;;;;;;;OpenStreetMap (Overpass);ODbL 1.0;;automatico_sin_revisar;valido;26;
e4787f47-41ac-47cc-978c-aaa4073b493d;infraestructuras;parada_autobus;324 - Consum;correcto;C/ Eivissa, 15;;;38.53961;-0.11584;752355.48;4269621.17;30;EPSG:25830;sin_ubicacion;;;;;;;;Plantilla municipal — Limpieza info (PTM Benidorm);Uso interno del proyecto;;contrastado;valido;26;
e4c23f3e-1f0c-4e01-bf92-a332c9dfc159;equipamientos;alimentacion;Carrefour;correcto;;;;38.53683;-0.17601;747099.17;4269150.24;30;EPSG:4326;sin_ubicacion;;;;;;;;OpenStreetMap (Overpass);ODbL 1.0;;automatico_sin_revisar;fuera_municipio;3;
e4d141d8-e23d-4c0f-9317-a8e9d77a8718;territorio;partida;La Mitja Llengua;correcto;;;;;;;;;EPSG:25830;sin_ubicacion;;;;;;;;Plantilla municipal — Limpieza info (PTM Benidorm);Uso interno del proyecto;;contrastado;sin_geometria;13;
e5006252-064f-4524-89a2-0132bba5df86;equipamientos;alimentacion;Dialprix;correcto;;;;38.60663;-0.08023;755237.31;4277157.88;30;EPSG:4326;sin_ubicacion;;;;;;;;OpenStreetMap (Overpass);ODbL 1.0;;automatico_sin_revisar;fuera_municipio;3;
e51be0a4-72a1-4561-a5bf-8c17f4402045;equipamientos;instituto;IES BEATRIU FAJARDO DE MENDOZA;correcto;C. DE LA FRAGATA (SALT DE L'AIGUA), 2;;;;;;;;EPSG:25830;sin_ubicacion;;;;Pública;;;;Plantilla municipal — Limpieza info (PTM Benidorm);Uso interno del proyecto;;contrastado;sin_geometria;19;
e58221f3-e486-4c28-8991-bcc3f9bc2b7b;infraestructuras;parada_autobus;191 - Zaplana 191;correcto;Av. Eduardo Zaplana;;;38.56105;-0.14753;749508.89;4271914.96;30;EPSG:25830;sin_ubicacion;;;;;;;;Plantilla municipal — Limpieza info (PTM Benidorm);Uso interno del proyecto;;contrastado;valido;26;
e5962185-fb69-4d1c-be72-054950f342e1;infraestructuras;parada_autobus;Benidorm, Av. Rei Jaume I 50;correcto;;;;38.54267;-0.13275;750865.11;4269914.84;30;EPSG:4326;sin_ubicacion;;;;;Alsa;;;OpenStreetMap (Overpass);ODbL 1.0;;automatico_sin_revisar;valido;23;
e5c01ca8-fa6f-4689-8921-4812cce5a52b;infraestructuras;parada_autobus;Pg. Such Ortega (Parc d'Elx);correcto;;;;38.53681;-0.13395;750780.21;4269261.16;30;EPSG:4326;sin_ubicacion;;;;;Llorente Bus;;;OpenStreetMap (Overpass);ODbL 1.0;;automatico_sin_revisar;proximo_limite;23;
e66e3c5f-7e0c-426b-bd3f-049e0069c4c2;territorio;partida;Cabut;correcto;;;;;;;;;EPSG:25830;sin_ubicacion;;;;;;;;Plantilla municipal — Limpieza info (PTM Benidorm);Uso interno del proyecto;;contrastado;sin_geometria;13;
e67d1753-ecc9-4c2b-a94a-7bcf2f99b5c2;equipamientos;alimentacion;Punjab;correcto;Avenida de los Almendros 37;;;38.54031;-0.13282;750867.09;4269652.7;30;EPSG:4326;sin_ubicacion;;;;;;;;OpenStreetMap (Overpass);ODbL 1.0;;automatico_sin_revisar;valido;26;
e6803865-e246-4d6c-8f87-6f91d9014bc0;infraestructuras;camping;Camping El Racó;correcto;;;;38.55037;-0.10007;753698.21;4270858.61;30;EPSG:4326;sin_ubicacion;;;;;;;;OpenStreetMap (Overpass);ODbL 1.0;;automatico_sin_revisar;valido;23;
e6821df0-e571-493a-8e36-fad2113dfc21;infraestructuras;parada_autobus;358 - ITV;correcto;Av. Comunitat Valenciana, km 123.1 (ITV);;;38.54941;-0.11291;752578.01;4270716.92;30;EPSG:25830;sin_ubicacion;;;;;;;;Plantilla municipal — Limpieza info (PTM Benidorm);Uso interno del proyecto;;contrastado;valido;26;
e6cddbb6-26a0-4600-895d-f68e3381d37b;infraestructuras;estacion_ferrocarril;l'Alfàs del Pi;correcto;;;;38.56765;-0.09296;754260.15;4272796.15;30;EPSG:4326;sin_ubicacion;;;;;Ferrocarrils de la Generalitat Valenciana;;;OpenStreetMap (Overpass);ODbL 1.0;;automatico_sin_revisar;proximo_limite;23;
e6e11b74-661e-4fb6-bccc-4718f6cf1d5e;territorio;partida;Racó de l'Oix;correcto;;;;;;;;;EPSG:25830;sin_ubicacion;;;;;;;;Plantilla municipal — Limpieza info (PTM Benidorm);Uso interno del proyecto;;contrastado;sin_geometria;13;
e6f1c2a0-a78a-4ece-b41e-96eec9c29c9b;infraestructuras;alojamiento;Hotel La Cala;correcto;Avinguda Marina Baixa 10;;03509;38.52488;-0.16604;748012.27;4267850.53;30;EPSG:4326;sin_ubicacion;+34 965 854 662;;;;;;;OpenStreetMap (Overpass);ODbL 1.0;;automatico_sin_revisar;fuera_municipio;6;
e7014ff6-033b-4610-913a-db72183784c3;infraestructuras;parada_autobus;Llorente Bus;correcto;;;;38.52627;-0.16368;748214.12;4268011.13;30;EPSG:4326;sin_ubicacion;;;;;Llorente Bus;;;OpenStreetMap (Overpass);ODbL 1.0;;automatico_sin_revisar;proximo_limite;23;
e7195ff9-792c-4928-b369-3f9f56d4382c;infraestructuras;alojamiento;Apartotel Magic Tropical Splash;correcto;;;;38.52951;-0.16702;747910.78;4268361.8;30;EPSG:4326;sin_ubicacion;;;;;;;;OpenStreetMap (Overpass);ODbL 1.0;;automatico_sin_revisar;fuera_municipio;3;
e72d9c65-d200-49ac-b856-1d59cf61b9f7;infraestructuras;alojamiento;Hotel Villa Del Mar;correcto;;;;38.53736;-0.13845;750384.5;4269310.02;30;EPSG:4326;sin_ubicacion;;;;;;;;OpenStreetMap (Overpass);ODbL 1.0;;automatico_sin_revisar;proximo_limite;23;
e73ac2eb-70c9-4be2-a89b-392588adbb6e;equipamientos;centro_formacion;ESCOLA PRIVADA DE MÚSICA LA NOVA DE BENIDORM;correcto;CL. VIRGEN DE LA MACARENA (LOCAL 4), 3;Benidorm;03502;38.54503;-0.13547;750618.98;4270169.42;30;EPSG:4326;sin_ubicacion;965040371;;;Privada;SOCIETAT MUSICAL LA NOVA;;;GVA - Centros docentes de la Comunitat Valenciana (ICV WFS);CC BY 4.0;;automatico_sin_revisar;valido;29;
e7e02fd1-5d6e-4b16-9a6c-f6a4ea09ec19;infraestructuras;parada_autobus;95 - Asia - Gardens;correcto;Av. Eduardo Zaplana (H. Asia Gardens);;;38.55396;-0.17151;747434.96;4271063.59;30;EPSG:25830;sin_ubicacion;;;;;;;;Plantilla municipal — Limpieza info (PTM Benidorm);Uso interno del proyecto;;contrastado;proximo_limite;26;
e7e3fb3d-9ab7-43d6-b340-e88221789b29;equipamientos;colegio;CEIP SERRA D'AITANA;correcto;CL. CAPITÁN CORTÉS, 12;Benidorm;03502;38.5466;-0.13583;750582.09;4270342.71;30;EPSG:4326;sin_ubicacion;966870790;;;Pública;GENERALITAT VALENCIANA;;;GVA - Centros docentes de la Comunitat Valenciana (ICV WFS);CC BY 4.0;;automatico_sin_revisar;valido;29;
e7e7ebb4-6cc3-460e-98b1-579a46ad1673;infraestructuras;parada_autobus;Av. Murtal 3;correcto;;;;38.5367;-0.15781;748692.42;4269184.56;30;EPSG:4326;sin_ubicacion;;;;;Llorente Bus;;;OpenStreetMap (Overpass);ODbL 1.0;;automatico_sin_revisar;valido;23;
e7f7d410-0da9-4d50-baaa-80560b7af2ec;infraestructuras;alojamiento;Sonrisa Apartments - Building 2;correcto;Avinguda de La Vila Joiosa 15;;03502;38.53289;-0.16198;748340.43;4268750.48;30;EPSG:4326;sin_ubicacion;;;;;;;;OpenStreetMap (Overpass);ODbL 1.0;;automatico_sin_revisar;valido;26;
e8449e2c-7c27-4336-8423-1b4ac5f3a14d;territorio;partida;Lliriet de Thous;correcto;;;;;;;;;EPSG:25830;sin_ubicacion;;;;;;;;Plantilla municipal — Limpieza info (PTM Benidorm);Uso interno del proyecto;;contrastado;sin_geometria;13;
e853e847-1c2e-4fb1-b3b1-28e06252e728;equipamientos;alimentacion;alimentacion node/13871455136;correcto;;;;38.54044;-0.11141;752740.3;4269725.39;30;EPSG:4326;sin_ubicacion;;;;;;;;OpenStreetMap (Overpass);ODbL 1.0;;automatico_sin_revisar;valido;23;
e874ba34-5196-4eda-88ea-4b13fae4b828;infraestructuras;camping;Camperpark Costa Blanca;correcto;;;;38.5839;-0.08136;755218.07;4274631.8;30;EPSG:4326;sin_ubicacion;;;;;;;;OpenStreetMap (Overpass);ODbL 1.0;;automatico_sin_revisar;fuera_municipio;3;
e87532ad-0dd0-4e3c-9c35-6d5f4434072f;infraestructuras;alojamiento;Hotel Mayna;correcto;Avenida de Ruzafa 25;;;38.5378;-0.12975;751144.38;4269382.43;30;EPSG:4326;sin_ubicacion;+34 965854412;;;;;;;OpenStreetMap (Overpass);ODbL 1.0;;automatico_sin_revisar;valido;26;
e8cce855-258c-4ddc-99e2-d424e3029da5;territorio;partida;Coloma Carreres;correcto;;;;;;;;;EPSG:25830;sin_ubicacion;;;;;;;;Plantilla municipal — Limpieza info (PTM Benidorm);Uso interno del proyecto;;contrastado;sin_geometria;13;
e8d20886-2258-4af0-a951-fd71b3f97ad0;equipamientos;alimentacion;Muntenia;correcto;Avinguda del Rei Jaume I 50;;;38.54238;-0.13288;750854.73;4269882.3;30;EPSG:4326;sin_ubicacion;;;;;;;;OpenStreetMap (Overpass);ODbL 1.0;;automatico_sin_revisar;valido;26;
e93e35a6-5b4c-43de-96f7-5fb41409e6ea;infraestructuras;alojamiento;Hotel Castillo;correcto;Carrer Marqués de Comillas;;;38.53766;-0.13353;750814.05;4269356.64;30;EPSG:4326;sin_ubicacion;;;;;;;;OpenStreetMap (Overpass);ODbL 1.0;;automatico_sin_revisar;proximo_limite;26;
e9445fbc-0c8f-45d2-8d58-f5b02dcb8a2d;infraestructuras;parada_autobus;Av. Jaume I, 50;correcto;;;;38.54275;-0.13267;750871.83;4269923.94;30;EPSG:4326;sin_ubicacion;;;;;Llorente Bus;;;OpenStreetMap (Overpass);ODbL 1.0;;automatico_sin_revisar;valido;23;
e9463c6f-04f4-4b81-8200-4405110cc9a0;equipamientos;centro_formacion;CONSERVATORI PROFESSIONAL DE MÚSICA J. PÉREZ BARCELÓ;correcto;AV. DE L'AIGÜERA, 10;Benidorm;03502;38.54493;-0.13118;750994.73;4270169.95;30;EPSG:4326;sin_ubicacion;966806795;;;Pública;AJUNTAMENT DE BENIDORM;;;GVA - Centros docentes de la Comunitat Valenciana (ICV WFS);CC BY 4.0;;automatico_sin_revisar;valido;29;
e980bef0-2b91-4228-86c6-f25f63b30a44;infraestructuras;parada_autobus;121 - Rte. Chiquitos;correcto;Av. Vicent Llorca Alós, 11;;;38.53389;-0.15527;748924.29;4268879.5;30;EPSG:25830;sin_ubicacion;;;;;;;;Plantilla municipal — Limpieza info (PTM Benidorm);Uso interno del proyecto;;contrastado;proximo_limite;26;
e9ccb03b-11c2-4dc7-b3da-a847bbfd824b;equipamientos;farmacia;Farmacia Jesus Garcia;correcto;Carrer Finlandia 2;;03502;38.54359;-0.12309;751707.29;4270043.19;30;EPSG:4326;sin_ubicacion;;;;;;;;OpenStreetMap (Overpass);ODbL 1.0;;automatico_sin_revisar;valido;26;
e9f426aa-db1f-4dd8-b61d-7fa91104818d;equipamientos;colegio;CEIP BAUTISTA LLEDÓ;correcto;CL. CAPITÁN CORTÉS, 12;Benidorm;03502;38.54663;-0.13539;750620.49;4270347.23;30;EPSG:4326;sin_ubicacion;966870695;;;Pública;GENERALITAT VALENCIANA;;;GVA - Centros docentes de la Comunitat Valenciana (ICV WFS);CC BY 4.0;;automatico_sin_revisar;valido;29;
ea05b5f3-7d0a-4524-952b-f3673c5961bb;servicios_basicos;estacion_servicio;Repsol;correcto;Avinguda Federico Garcia Lorca 21;;03509;38.53869;-0.1728;747373.8;4269365.26;30;EPSG:4326;sin_ubicacion;;;;Privada;Repsol;;;OpenStreetMap (Overpass);ODbL 1.0;;automatico_sin_revisar;fuera_municipio;9;
ea1750ec-55aa-4c62-9ffe-354c73f4eacf;equipamientos;alimentacion;masymas;correcto;Carrer de Tomàs Ortuño 72;;;38.54034;-0.13133;750997.38;4269660.07;30;EPSG:4326;sin_ubicacion;;;;Privada;Juan Fornés Fornés, S.A.;;;OpenStreetMap (Overpass);ODbL 1.0;;automatico_sin_revisar;valido;29;
ea31070a-768c-4e09-894b-46be0a0cd4f8;infraestructuras;parada_autobus;128 - Alfredo Corral;correcto;Av. Jaume I, 38;;;38.54147;-0.13382;750775.59;4269778.75;30;EPSG:25830;sin_ubicacion;;;;;;;;Plantilla municipal — Limpieza info (PTM Benidorm);Uso interno del proyecto;;contrastado;valido;26;
ea336f49-1d28-449f-9432-41ff82b75763;medios_recursos;base_ambulancias;Base de Ambulancias de la Cruz Roja;correcto;;;;38.55245;-0.13349;750766.76;4270998.37;30;EPSG:4326;sin_ubicacion;;;;;Cruz Roja;;;OpenStreetMap (Overpass);ODbL 1.0;;automatico_sin_revisar;valido;23;
ea5abe3f-3009-4832-83b2-931ae3e5196b;equipamientos;farmacia;Farmacia · AV. MONTECARLO, Nº11 ED. LOIXANA;correcto;AV. MONTECARLO, Nº11 ED. LOIXANA;;;;;;;;EPSG:25830;sin_ubicacion;;;;Privada;LLACER OCHOA, BLANCA;;;Plantilla municipal — Limpieza info (PTM Benidorm);Uso interno del proyecto;;contrastado;sin_geometria;19;
ea8113d6-f9a6-4ef9-8f31-383f1d72a3f2;infraestructuras;parada_autobus;24;por_revisar;;;;38.52805;-0.10521;753325.84;4268367.11;30;EPSG:4326;sin_ubicacion;;;;;Llorente Bus;;;OpenStreetMap (Overpass);ODbL 1.0;;automatico_sin_revisar;proximo_limite;23;El nombre es una cifra suelta, propia de la parada_autobus. No identifica el elemento, de modo que se conserva tal cual y se marca como pendiente en lugar de sustituirlo por una suposición.
eb019091-1063-425b-ba29-8c187960f864;infraestructuras;alojamiento;Chorrol;correcto;Costera del Campo 4;;;38.53686;-0.13312;750852.68;4269268.96;30;EPSG:4326;sin_ubicacion;;;;;;;;OpenStreetMap (Overpass);ODbL 1.0;;automatico_sin_revisar;proximo_limite;26;
eb1abe38-b10a-4563-bb8a-00f27bc7f5b9;servicios_basicos;estacion_servicio;VCC L'Anouer;correcto;;;;38.55877;-0.10121;753569.28;4271787.85;30;EPSG:4326;sin_ubicacion;;;;;;;;OpenStreetMap (Overpass);ODbL 1.0;;automatico_sin_revisar;valido;23;
eb4a8edd-a3ea-4a2c-839b-32d456dc722a;infraestructuras;parada_autobus;C/ Brasil;correcto;;;;38.5366;-0.15158;749238;4269190.22;30;EPSG:4326;sin_ubicacion;;;;;Llorente Bus;;;OpenStreetMap (Overpass);ODbL 1.0;;automatico_sin_revisar;proximo_limite;23;
eb4f3cd6-0b82-4ac6-915a-9442877d4092;infraestructuras;alojamiento;Gala Placidia;correcto;;;;38.53711;-0.10455;753352.19;4269374.53;30;EPSG:4326;sin_ubicacion;;;;;;;;OpenStreetMap (Overpass);ODbL 1.0;;automatico_sin_revisar;valido;23;
eb62cb20-05db-4b31-b29f-03168c500507;equipamientos;alimentacion;Mini Market Muntenia;correcto;;;;38.54577;-0.09984;753734.31;4270348.66;30;EPSG:4326;sin_ubicacion;;;;;;;;OpenStreetMap (Overpass);ODbL 1.0;;automatico_sin_revisar;valido;23;
eb6e6caf-9df7-4478-872d-aa649b67b5c3;infraestructuras;parada_autobus;96 - Zaplana;correcto;Av. Eduardo Zaplana;;;38.55498;-0.16858;747687.86;4271184.65;30;EPSG:25830;sin_ubicacion;;;;;;;;Plantilla municipal — Limpieza info (PTM Benidorm);Uso interno del proyecto;;contrastado;valido;26;
eb893c3f-fdc8-4b16-863e-3f1b9437cdcf;equipamientos;alimentacion;Sunshine;correcto;Avinguda de Almería;;;38.53747;-0.1128;752628.93;4269391.94;30;EPSG:4326;sin_ubicacion;;;;;;;;OpenStreetMap (Overpass);ODbL 1.0;;automatico_sin_revisar;valido;26;
ebcc9693-4ca6-4b4f-ad37-c039fbd94396;infraestructuras;parada_autobus;372 - Aiguera 13;correcto;Av. l'Aigüera, front 13;;;38.54465;-0.13115;750998.32;4270138.95;30;EPSG:25830;sin_ubicacion;;;;;;;;Plantilla municipal — Limpieza info (PTM Benidorm);Uso interno del proyecto;;contrastado;valido;26;
ec310f34-b60b-497c-8f28-8cb54ac31bc2;equipamientos;alimentacion;Banian Super;correcto;Carrer de Sant Pere;;03501;38.53723;-0.1369;750520.59;4269299.79;30;EPSG:4326;sin_ubicacion;;;;;;;;OpenStreetMap (Overpass);ODbL 1.0;;automatico_sin_revisar;proximo_limite;26;
ec605d97-0b7c-40c7-906f-a12c6ac5c307;equipamientos;alimentacion;alimentacion node/3769144004;correcto;;;;38.5344;-0.15611;748849.04;4268933.84;30;EPSG:4326;sin_ubicacion;;;;;;;;OpenStreetMap (Overpass);ODbL 1.0;;automatico_sin_revisar;proximo_limite;23;
ec640f3b-7f1e-482d-b364-ae816364a273;equipamientos;alimentacion;British Discount Supermarket Costa Less;correcto;Avinguda de Juan Fuster Zaragoza;;;38.54026;-0.11057;752814.43;4269707.71;30;EPSG:4326;sin_ubicacion;;;;;;;;OpenStreetMap (Overpass);ODbL 1.0;;automatico_sin_revisar;valido;26;
ecbd47df-118b-45cd-9236-fb33f1e4ffe6;infraestructuras;parada_autobus;371 - Correos;correcto;Av. l'Aigüera, front 5;;;38.5417;-0.13089;751031.21;4269812.22;30;EPSG:25830;sin_ubicacion;;;;;;;;Plantilla municipal — Limpieza info (PTM Benidorm);Uso interno del proyecto;;contrastado;valido;26;
ed3825de-a65d-4228-aaca-32809eac9448;equipamientos;alimentacion;Ga;correcto;avenida del Mediterráneo - Avinguda del Mediterranio;;03503;38.53597;-0.11085;752804.78;4269230.77;30;EPSG:4326;sin_ubicacion;;;;;;;;OpenStreetMap (Overpass);ODbL 1.0;;automatico_sin_revisar;proximo_limite;26;
ed5a6c98-3306-4099-9604-ac657401f7c5;equipamientos;colegio;Col·legi Nuestra Señora de los Dolores;correcto;;;;38.53591;-0.12892;751223.52;4269174.9;30;EPSG:4326;sin_ubicacion;;;;;;;;OpenStreetMap (Overpass);ODbL 1.0;;automatico_sin_revisar;proximo_limite;23;
ed6ce153-ee2e-44d0-a919-320616b403eb;infraestructuras;alojamiento;Hotel Benidorm Center;correcto;;;;38.53794;-0.12307;751728.51;4269416.12;30;EPSG:4326;sin_ubicacion;;;;;;;;OpenStreetMap (Overpass);ODbL 1.0;;automatico_sin_revisar;valido;23;
ee22e8e1-2ac5-4e2b-aa59-fecdebd51ed9;infraestructuras;parada_autobus;1, 2, 3, 4, 5, 10, 11, 30;correcto;;;;38.53687;-0.12091;751921.23;4269303.23;30;EPSG:4326;sin_ubicacion;;;;;Llorente Bus;;;OpenStreetMap (Overpass);ODbL 1.0;;automatico_sin_revisar;proximo_limite;23;
ee35d956-e1f3-42f2-bb94-91720573e44f;equipamientos;alimentacion;alimentacion node/13914182992;correcto;Calle de Lepanto;;;38.53894;-0.11913;752069.87;4269537.84;30;EPSG:4326;sin_ubicacion;;;;;;;;OpenStreetMap (Overpass);ODbL 1.0;;automatico_sin_revisar;valido;26;
ee59aebe-3222-4b59-aac8-b845bb1ff3a6;infraestructuras;alojamiento;alojamiento way/1427641258;correcto;;;;38.53382;-0.1061;753227.94;4269005.12;30;EPSG:4326;sin_ubicacion;;;;;;;;OpenStreetMap (Overpass);ODbL 1.0;;automatico_sin_revisar;proximo_limite;23;
ee671e3b-e02d-4aa9-894e-dd837ccd0105;infraestructuras;parada_autobus;149 - Ed. Miranda;correcto;Av. Cuba, 11;;;38.5404;-0.14473;749824.5;4269630.47;30;EPSG:25830;sin_ubicacion;;;;;;;;Plantilla municipal — Limpieza info (PTM Benidorm);Uso interno del proyecto;;contrastado;valido;26;
ee7be2f0-dafb-4707-9c36-98e2c301388a;infraestructuras;parada_autobus;382 - C.S. Foietes;correcto;Av. 9 d'Octubre (Centre de Salut);;;38.54339;-0.13832;750375.21;4269979.67;30;EPSG:25830;sin_ubicacion;;;;;;;;Plantilla municipal — Limpieza info (PTM Benidorm);Uso interno del proyecto;;contrastado;valido;26;
eeeb0b51-d9f3-4711-9cf6-ef6c5c83bc9e;equipamientos;alimentacion;Supermercado Quick Save;correcto;Avenida de Estocolmo;;;38.53362;-0.10692;753156.87;4268980.67;30;EPSG:4326;sin_ubicacion;;;;;;;;OpenStreetMap (Overpass);ODbL 1.0;;automatico_sin_revisar;proximo_limite;26;
ef2ae44f-e9a0-4e32-83ce-c0f8fbdc6f28;servicios_basicos;estacion_servicio;BP;correcto;;;;38.54308;-0.10251;753510.01;4270042.76;30;EPSG:4326;sin_ubicacion;;;;;;;;OpenStreetMap (Overpass);ODbL 1.0;;automatico_sin_revisar;valido;23;
ef6b37b7-2260-49e3-976d-05e8f2598391;infraestructuras;parada_autobus;Av. París, 5;correcto;;;;38.53758;-0.10218;753557.98;4269433.19;30;EPSG:4326;sin_ubicacion;;;;;Llorente Bus;;;OpenStreetMap (Overpass);ODbL 1.0;;automatico_sin_revisar;valido;23;
efba3e03-dad8-424d-b797-47ef42e3d844;equipamientos;alimentacion;Trebol;correcto;;;;38.53781;-0.11435;752492.1;4269425.45;30;EPSG:4326;sin_ubicacion;;;;;;;;OpenStreetMap (Overpass);ODbL 1.0;;automatico_sin_revisar;valido;23;
efc08296-7e1d-4b26-b61c-46fa3d537700;infraestructuras;parada_autobus;Av. Mediterráneo, 38;correcto;;;;38.53646;-0.11711;752255.22;4269268.08;30;EPSG:4326;sin_ubicacion;;;;;Llorente Bus;;;OpenStreetMap (Overpass);ODbL 1.0;;automatico_sin_revisar;proximo_limite;23;
efd75ef2-85d7-4011-9e48-b431f59a1769;infraestructuras;alojamiento;Hotel Sol y Sombra;correcto;;;;38.54246;-0.13495;750673.3;4269885.57;30;EPSG:4326;sin_ubicacion;;;;;;;;OpenStreetMap (Overpass);ODbL 1.0;;automatico_sin_revisar;valido;23;
f03c68ec-ccc1-4c20-bdc8-f71272b91fa5;equipamientos;alimentacion;Family Cash;correcto;Carrer Rei Jaume I 4;;03509;38.53477;-0.17337;747337.19;4268928.64;30;EPSG:4326;sin_ubicacion;;;;;;;;OpenStreetMap (Overpass);ODbL 1.0;;automatico_sin_revisar;fuera_municipio;6;
f050d4e5-6ae2-4b74-95d9-56b6132fd089;infraestructuras;alojamiento;Hotel Centro Mar;correcto;Carrer Major 16;;03501;38.53484;-0.13071;751070.54;4269051.28;30;EPSG:4326;sin_ubicacion;+34 965 854 343;;;;;;;OpenStreetMap (Overpass);ODbL 1.0;;automatico_sin_revisar;proximo_limite;26;
f0f6fd97-3f30-4d4d-bd03-de0860e3d02e;infraestructuras;alojamiento;Hotel Cabana;correcto;;;;38.54156;-0.13876;750342.97;4269775.36;30;EPSG:4326;sin_ubicacion;;;;;;;;OpenStreetMap (Overpass);ODbL 1.0;;automatico_sin_revisar;valido;23;
f13df838-fcd9-4b5a-a065-a9ca4d46af67;equipamientos;escuela_infantil;CPEI l'Almafrà;correcto;PART. CABUT, S/N;;;;;;;;EPSG:25830;sin_ubicacion;;;;Privada;;;;Plantilla municipal — Limpieza info (PTM Benidorm);Uso interno del proyecto;;contrastado;sin_geometria;19;
f142da14-dba5-4430-ab84-281fdffb7735;equipamientos;alimentacion;Consum;correcto;Carrer de les Ferreries 3;;03501;38.53752;-0.12876;751231.98;4269354.04;30;EPSG:4326;sin_ubicacion;+34 96 586 00 10;;;;;;;OpenStreetMap (Overpass);ODbL 1.0;;automatico_sin_revisar;valido;26;
f191cd5a-d47a-4e6c-a775-669d00493292;infraestructuras;parada_autobus;153 - Hacienda;correcto;Av. Beniardà, 4;;;38.54454;-0.13256;750875.31;4270122.92;30;EPSG:25830;sin_ubicacion;;;;;;;;Plantilla municipal — Limpieza info (PTM Benidorm);Uso interno del proyecto;;contrastado;valido;26;
f1a7e0ab-c610-41ab-a63f-e4cb9a089083;infraestructuras;parada_autobus;223 - El Anouer;correcto;Av. Comunitat Valenciana, km 124.6;;;38.55856;-0.10093;753594.51;4271765.31;30;EPSG:25830;sin_ubicacion;;;;;;;;Plantilla municipal — Limpieza info (PTM Benidorm);Uso interno del proyecto;;contrastado;valido;26;
f1a83c6b-700e-4a7b-995a-79cd9a90dbaa;infraestructuras;alojamiento;Dynastic Rooms;correcto;;;;38.53541;-0.10619;753214.55;4269181.35;30;EPSG:4326;sin_ubicacion;;;;;;;;OpenStreetMap (Overpass);ODbL 1.0;;automatico_sin_revisar;valido;23;
f1f47611-e5f9-4480-8325-8e29a6b0b186;infraestructuras;alojamiento;La Mar;correcto;Carrer del Condestable Zaragoza 38;;;38.53495;-0.13201;750956.38;4269059.97;30;EPSG:4326;sin_ubicacion;;;;;;;;OpenStreetMap (Overpass);ODbL 1.0;;automatico_sin_revisar;proximo_limite;26;
f213f207-6d15-4031-854f-f9f68638daad;infraestructuras;parada_autobus;227 - C. El Racó;correcto;Av. Severo Ochoa, 19 (Càmping el Racó);;;38.54962;-0.09785;753895.07;4270781.45;30;EPSG:25830;sin_ubicacion;;;;;;;;Plantilla municipal — Limpieza info (PTM Benidorm);Uso interno del proyecto;;contrastado;valido;26;
f2a5e22c-eff4-4ca5-9c2e-ee7b5c899540;infraestructuras;parada_autobus;381 - Residencia;correcto;Av. 9 d'Octubre (Residència);;;38.54508;-0.14;750222.4;4270162.71;30;EPSG:25830;sin_ubicacion;;;;;;;;Plantilla municipal — Limpieza info (PTM Benidorm);Uso interno del proyecto;;contrastado;valido;26;
f320e345-5d06-4279-acfe-2cd3a8f8f285;infraestructuras;parada_autobus;parada autobus node/4658976407;correcto;;;;38.56136;-0.14088;750089.62;4271967.33;30;EPSG:4326;sin_ubicacion;;;;;;;;OpenStreetMap (Overpass);ODbL 1.0;;automatico_sin_revisar;valido;23;
f33e7293-c3af-45a6-a0d3-6699624a2a5c;servicios_basicos;estacion_servicio;BP;correcto;;;;38.5712;-0.09673;753917.99;4273179.82;30;EPSG:4326;sin_ubicacion;;;;;;;;OpenStreetMap (Overpass);ODbL 1.0;;automatico_sin_revisar;fuera_municipio;3;
f36b83ad-945c-43de-b935-eddeeac94521;equipamientos;biblioteca;Biblioteca Pública Municipal Foietes Benidorm;correcto;;;;38.54553;-0.13571;750596.26;4270224.27;30;EPSG:4326;sin_ubicacion;;;;;;;;OpenStreetMap (Overpass);ODbL 1.0;;automatico_sin_revisar;valido;23;
f3a403e7-e2f2-461b-be2a-c1552d7c0a52;infraestructuras;parada_autobus;Av. Jaume I, 19;correcto;;;;38.54125;-0.13428;750736.09;4269753.08;30;EPSG:4326;sin_ubicacion;;;;;Llorente Bus;;;OpenStreetMap (Overpass);ODbL 1.0;;automatico_sin_revisar;valido;23;
f3c95106-34cd-4e24-9e6f-c8141b0fe63b;infraestructuras;parada_autobus;C/ Ramón y Cajal, 5 (Hospital Levante);correcto;;;;38.54076;-0.10598;753214.39;4269775.75;30;EPSG:4326;sin_ubicacion;;;;;Llorente Bus;;;OpenStreetMap (Overpass);ODbL 1.0;;automatico_sin_revisar;valido;23;
f3eda46b-2b2c-47fe-a310-eba90b1a3f14;equipamientos;consultorio;Socorrismo;correcto;;;;38.53445;-0.11102;752795.16;4269061.59;30;EPSG:4326;sin_ubicacion;;;;;;;;OpenStreetMap (Overpass);ODbL 1.0;;automatico_sin_revisar;proximo_limite;23;
f44f94fc-3b9c-4956-b4ea-7611d0379a81;equipamientos;farmacia;FARMACIA LDO. JOSE PASCUAL NAVARRO;correcto;;;;38.53743;-0.10747;753095.53;4269402.06;30;EPSG:4326;sin_ubicacion;;;;;;;;OpenStreetMap (Overpass);ODbL 1.0;;automatico_sin_revisar;valido;23;
f4823de4-f8b5-4a04-bc3e-bed3a7273abf;infraestructuras;parada_autobus;144 - Marina Alta 6;correcto;Av. Marina Alta, 6;;;38.53533;-0.16261;748277;4269019.61;30;EPSG:25830;sin_ubicacion;;;;;;;;Plantilla municipal — Limpieza info (PTM Benidorm);Uso interno del proyecto;;contrastado;valido;26;
f499c5b9-84d7-4dab-9f1c-275ed0ab860c;equipamientos;escuela_infantil;Escola Infantil de 1r Cicle les Fontanelles;correcto;;;;38.5475;-0.12218;751773.44;4270479.66;30;EPSG:4326;sin_ubicacion;;;;Privada;Ajuntament de Benidorm;;;OpenStreetMap (Overpass);ODbL 1.0;;automatico_sin_revisar;valido;26;
f4e310da-28e0-4c23-a512-e0a4a573852d;infraestructuras;parada_autobus;276 - Cementerio;correcto;Partida el Marxasso (Cementeri);;;38.56461;-0.11409;752422.19;4272400.84;30;EPSG:25830;sin_ubicacion;;;;;;;;Plantilla municipal — Limpieza info (PTM Benidorm);Uso interno del proyecto;;contrastado;valido;26;
f4e6792e-b4ba-45df-ba05-0091e5af4d02;infraestructuras;parada_autobus;238 - Farmacia 24h;correcto;Av. Mediterráneo, 23;;;38.53668;-0.11726;752241.33;4269292.09;30;EPSG:25830;sin_ubicacion;;;;;;;;Plantilla municipal — Limpieza info (PTM Benidorm);Uso interno del proyecto;;contrastado;proximo_limite;26;
f555df76-1efa-46b7-a719-b962f991dc95;equipamientos;farmacia;farmacia node/4406849713;correcto;avenida del Mediterráneo - Avinguda del Mediterranio 56;;;38.53567;-0.11103;752790.06;4269196.98;30;EPSG:4326;sin_ubicacion;;;;;;;;OpenStreetMap (Overpass);ODbL 1.0;;automatico_sin_revisar;proximo_limite;26;
f5b1d68e-9453-4934-a13a-b33093055dd6;infraestructuras;parada_autobus;272 - Ciudad Patricia;correcto;C/ Romania, 26 (Ciudad Patricia);;;38.54445;-0.09154;754465.23;4270224.94;30;EPSG:25830;sin_ubicacion;;;;;;;;Plantilla municipal — Limpieza info (PTM Benidorm);Uso interno del proyecto;;contrastado;valido;26;
f5d4065f-46ef-4445-940d-cb235649dafa;equipamientos;alimentacion;Best Choice;correcto;Carrer de Sant Roc;;03501;38.5372;-0.12964;751156.07;4269316.13;30;EPSG:4326;sin_ubicacion;;;;;;;;OpenStreetMap (Overpass);ODbL 1.0;;automatico_sin_revisar;valido;26;
f5ddb72d-8126-4db2-a27c-2a08e29e15d1;infraestructuras;helipuerto;helipuerto way/185327537;correcto;;;;38.56561;-0.1551;748831.06;4272400.7;30;EPSG:4326;sin_ubicacion;;;;;;;;OpenStreetMap (Overpass);ODbL 1.0;;automatico_sin_revisar;valido;23;
f60504ab-f62e-44c5-8ad3-f988d18a6b66;infraestructuras;parada_autobus;Av. Eduardo Zaplana;correcto;;;;38.55634;-0.15603;748781.29;4271369.28;30;EPSG:4326;sin_ubicacion;;;;;Llorente Bus;;;OpenStreetMap (Overpass);ODbL 1.0;;automatico_sin_revisar;valido;23;
f63cbd76-e9dd-4f10-bbff-d09fe7e089cd;servicios_basicos;estacion_servicio;Galp;correcto;AP-1535 KM 2.000;;;38.56774;-0.08306;755125.9;4272833.4;30;EPSG:4326;sin_ubicacion;;;Mo-Su 07:00-23:00;Privada;Galp;;;OpenStreetMap (Overpass);ODbL 1.0;;automatico_sin_revisar;fuera_municipio;12;
f64ca23e-05e1-4adf-a16c-bd05881718a6;poblacion;padron;Población empadronada 2018;correcto;;;;;;;;;EPSG:4326;sin_ubicacion;;;;;;;;INE - Padrón municipal (tabla 29005);Reutilización libre (Ley 37/2007) citando la fuente;2018-01-01;automatico_sin_revisar;sin_geometria;0;
f66187be-db97-469e-8645-4190473dd26d;servicios_basicos;estacion_servicio;Petroprix;correcto;;;;38.53296;-0.17271;747401.08;4268729.51;30;EPSG:4326;sin_ubicacion;;;24/7;;;;;OpenStreetMap (Overpass);ODbL 1.0;;automatico_sin_revisar;fuera_municipio;6;
f67021e2-6af8-4c90-9857-e2265a9df972;infraestructuras;parada_autobus;140 - Cuba 6;correcto;Av. Cuba, 6;;;38.54058;-0.14584;749726.74;4269647.45;30;EPSG:25830;sin_ubicacion;;;;;;;;Plantilla municipal — Limpieza info (PTM Benidorm);Uso interno del proyecto;;contrastado;valido;26;
f67e6ba7-a627-43ca-800d-631f17e028b2;infraestructuras;parada_autobus;26;por_revisar;;;;38.54528;-0.13582;750587.49;4270196.22;30;EPSG:4326;sin_ubicacion;;;;;Llorente Bus;;;OpenStreetMap (Overpass);ODbL 1.0;;automatico_sin_revisar;valido;23;El nombre es una cifra suelta, propia de la parada_autobus. No identifica el elemento, de modo que se conserva tal cual y se marca como pendiente en lugar de sustituirlo por una suposición.
f6f33ac9-b122-4a40-8824-3cd3248db437;infraestructuras;parada_autobus;Av. Montecarlo, 1;correcto;;;;38.53404;-0.10389;753420.6;4269035.58;30;EPSG:4326;sin_ubicacion;;;;;Llorente Bus;;;OpenStreetMap (Overpass);ODbL 1.0;;automatico_sin_revisar;valido;23;
f71e9559-0501-42e8-b04b-fa7393fee811;equipamientos;alimentacion;Costablanca;correcto;;;;38.57898;-0.09348;754175.18;4274052.31;30;EPSG:4326;sin_ubicacion;;;;;;;;OpenStreetMap (Overpass);ODbL 1.0;;automatico_sin_revisar;fuera_municipio;3;
f74fb379-d45c-4153-ba34-99c7e30e7131;infraestructuras;parada_autobus;181 - fr. H.Villaitana;correcto;Av. Eduardo Zaplana;;;38.56136;-0.14088;750089.62;4271967.33;30;EPSG:25830;sin_ubicacion;;;;;;;;Plantilla municipal — Limpieza info (PTM Benidorm);Uso interno del proyecto;;contrastado;valido;26;
f79311d8-7b22-4340-909c-1172515ce5ec;equipamientos;farmacia;Farmacia · C/ ESPERANTO, Nº10 L-7 ED. ZEUS;correcto;C/ ESPERANTO, Nº10 L-7 ED. ZEUS;;;;;;;;EPSG:25830;sin_ubicacion;;;;Privada;PEREZ ORTUÑO, VICENTE;;;Plantilla municipal — Limpieza info (PTM Benidorm);Uso interno del proyecto;;contrastado;sin_geometria;19;
f7be83b6-c97b-4429-a279-7e7b023ea77f;equipamientos;alimentacion;Easy Life;correcto;Avenida del Doctor Orts Llorca;;;38.53789;-0.12346;751694.55;4269409.51;30;EPSG:4326;sin_ubicacion;;;;;;;;OpenStreetMap (Overpass);ODbL 1.0;;automatico_sin_revisar;valido;26;
f7efa4d1-989d-4f08-bee5-f6882142acce;equipamientos;centro_salud;centro_salud node/4792962373;correcto;Avinguda de Beniardà 31;;;38.54563;-0.13314;750820.81;4270242.33;30;EPSG:4326;sin_ubicacion;+34 965 79 86 40;;;;;;;OpenStreetMap (Overpass);ODbL 1.0;;automatico_sin_revisar;valido;26;
f85e1cfd-b336-4cf5-ae64-d3b643d6e2fa;infraestructuras;parada_autobus;Av. Vicent Llorca Alós, 19;correcto;;;;38.53123;-0.15967;748548.25;4268572.43;30;EPSG:4326;sin_ubicacion;;;;;Llorente Bus;;;OpenStreetMap (Overpass);ODbL 1.0;;automatico_sin_revisar;proximo_limite;23;
f8c089c2-86f6-4da0-afe3-a14982c895e4;equipamientos;centro_salud;Centro de Salud La Cala de Benidorm;correcto;;;;38.5359;-0.16219;748311.82;4269084;30;EPSG:4326;sin_ubicacion;;;Mo-Fr 08:00-15:00;;;;;OpenStreetMap (Overpass);ODbL 1.0;;automatico_sin_revisar;valido;26;
f8c9386b-0ba3-4107-9224-8967650327af;territorio;partida;Pla de Baió;correcto;;;;;;;;;EPSG:25830;sin_ubicacion;;;;;;;;Plantilla municipal — Limpieza info (PTM Benidorm);Uso interno del proyecto;;contrastado;sin_geometria;13;
f8e159fc-a7a1-4c42-8118-88ea9954e06b;equipamientos;farmacia;Rosa Francisca Buades Gomis;correcto;Carrer de Federico Garcia Lorca 19;;03580;38.57906;-0.10143;753479.54;4274039.36;30;EPSG:4326;sin_ubicacion;;;;Privada;Rosa Francisca Buades Gomis;;;OpenStreetMap (Overpass);ODbL 1.0;;automatico_sin_revisar;fuera_municipio;9;
f9406f99-ee31-4dbd-8ac0-c16939102d6b;equipamientos;alimentacion;Kay-Alde;correcto;Carrer dels Ametlers - Avenida de los Almendros 2;;;38.53689;-0.13243;750912.96;4269274.16;30;EPSG:4326;sin_ubicacion;;;;;;;;OpenStreetMap (Overpass);ODbL 1.0;;automatico_sin_revisar;proximo_limite;26;
f9ad138b-d340-4990-9450-0692c6fe67f5;equipamientos;alimentacion;alimentacion node/975381436;correcto;;;;38.53499;-0.15948;748552.09;4268990.27;30;EPSG:4326;sin_ubicacion;;;;;;;;OpenStreetMap (Overpass);ODbL 1.0;;automatico_sin_revisar;valido;23;
f9ec21ff-0f62-4ba4-b472-ca241defd87d;equipamientos;farmacia;Farmacia · C/ MARQUES DE COMILLAS, Nº22- 24;correcto;C/ MARQUES DE COMILLAS, Nº22- 24;;;;;;;;EPSG:25830;sin_ubicacion;;;;Privada;FARMACIA PERIS CLIMENT, C.B;;;Plantilla municipal — Limpieza info (PTM Benidorm);Uso interno del proyecto;;contrastado;sin_geometria;19;
fab0f378-d2a2-4a9d-b373-a47b67dc84dd;equipamientos;centro_salud;Dental & Medical Centre;correcto;;;;38.53824;-0.11328;752584.26;4269476.09;30;EPSG:4326;sin_ubicacion;;;;;;;;OpenStreetMap (Overpass);ODbL 1.0;;automatico_sin_revisar;valido;23;
fac64743-ac22-41d0-b7f7-05ae0f28e12c;equipamientos;alimentacion;Alimentación Les Tetes;correcto;;;;38.53842;-0.11485;752446.23;4269491.79;30;EPSG:4326;sin_ubicacion;;;;;;;;OpenStreetMap (Overpass);ODbL 1.0;;automatico_sin_revisar;valido;23;
fae63628-d338-4033-8b78-70ed0bfcfc60;poblacion;padron;Población empadronada 2011;correcto;;;;;;;;;EPSG:4326;sin_ubicacion;;;;;;;;INE - Padrón municipal (tabla 29005);Reutilización libre (Ley 37/2007) citando la fuente;2011-01-01;automatico_sin_revisar;sin_geometria;0;
fb08e3e7-3c36-4252-ba9b-cc4a5683441e;equipamientos;alimentacion;shop;correcto;;;;38.5416;-0.13428;750734.89;4269791.93;30;EPSG:4326;sin_ubicacion;;;;;;;;OpenStreetMap (Overpass);ODbL 1.0;;automatico_sin_revisar;valido;23;
fb61967a-291b-4141-80de-ccbd2aad583d;servicios_basicos;punto_agua_incendios;punto agua incendios way/519014865;correcto;;;;38.56548;-0.1454;749680.08;4272412.42;30;EPSG:4326;sin_ubicacion;;;;;;;;OpenStreetMap (Overpass);ODbL 1.0;;automatico_sin_revisar;valido;23;
fb9bb4b8-6dc5-4ae6-8849-d57426aa27c8;infraestructuras;parada_autobus;216 - Severo ochoa 54;correcto;Av. Severo Ochoa, 54;;;38.55434;-0.10028;753666.04;4271298.69;30;EPSG:25830;sin_ubicacion;;;;;;;;Plantilla municipal — Limpieza info (PTM Benidorm);Uso interno del proyecto;;contrastado;valido;26;
fbe5f96e-5ff9-4271-a89c-22fb490fde0b;equipamientos;farmacia;Farmacia · AV. EMILIO ORTUÑO, Nº21 ED. MARINA SEDAVI;correcto;AV. EMILIO ORTUÑO, Nº21 ED. MARINA SEDAVI;;;;;;;;EPSG:25830;sin_ubicacion;;;;Privada;MAURANDI BARBERA, NURIA;;;Plantilla municipal — Limpieza info (PTM Benidorm);Uso interno del proyecto;;contrastado;sin_geometria;19;
fc772537-74bb-403a-bb81-d36eca40e568;territorio;partida;Pla del Quarter;correcto;;;;;;;;;EPSG:25830;sin_ubicacion;;;;;;;;Plantilla municipal — Limpieza info (PTM Benidorm);Uso interno del proyecto;;contrastado;sin_geometria;13;
fc7bbb07-5d3f-46e4-b451-5cfb8ae8a7b7;servicios_basicos;estacion_servicio;GM Oil;correcto;;;;38.53917;-0.1718;747459.69;4269421.21;30;EPSG:4326;sin_ubicacion;;;;;;;;OpenStreetMap (Overpass);ODbL 1.0;;automatico_sin_revisar;fuera_municipio;3;
fc9a464e-3d34-4704-b979-8372107e9c50;equipamientos;biblioteca;Biblioteca Pública Municipal Racó de l'Oix;correcto;;;;38.53747;-0.10773;753072.64;4269405.79;30;EPSG:4326;sin_ubicacion;;;;Privada;Ayuntamiento de Benidorm;;;OpenStreetMap (Overpass);ODbL 1.0;;automatico_sin_revisar;valido;26;
fca14180-4c77-4304-9f40-7142acade58f;infraestructuras;alojamiento;MC Apartamentos;correcto;Carrer de la Santa Faç;;;38.53485;-0.13099;751046;4269051.63;30;EPSG:4326;sin_ubicacion;;;;;;;;OpenStreetMap (Overpass);ODbL 1.0;;automatico_sin_revisar;proximo_limite;26;
fd82c07e-0aa0-4e88-a517-916a580d048c;infraestructuras;parada_autobus;118 - Montbenidorm10;correcto;Av. Mont-Benidorm, 10;;;38.53259;-0.16074;748449.97;4268720.51;30;EPSG:25830;sin_ubicacion;;;;;;;;Plantilla municipal — Limpieza info (PTM Benidorm);Uso interno del proyecto;;contrastado;valido;26;
fdba6baf-ecc4-4996-9fee-394f456b6abe;infraestructuras;parada_taxi;parada taxi way/1444840541;correcto;;;;38.53622;-0.11363;752560.61;4269250.93;30;EPSG:4326;sin_ubicacion;;;;;;;;OpenStreetMap (Overpass);ODbL 1.0;;automatico_sin_revisar;proximo_limite;23;
fdd85ef2-791e-45f1-b207-d3d6a6cc3b12;infraestructuras;alojamiento;Hotel Poseidón Playa;correcto;;;;38.53788;-0.14725;749612.57;4269343.97;30;EPSG:4326;sin_ubicacion;;;;;;;;OpenStreetMap (Overpass);ODbL 1.0;;automatico_sin_revisar;proximo_limite;23;
fddc7a73-0d0d-44a2-938d-c5f4c4a085fb;infraestructuras;parada_autobus;311 - Montecarlo 32;correcto;Av. Montecarlo, 32;;;38.53903;-0.10118;753640.46;4269596.88;30;EPSG:25830;sin_ubicacion;;;;;;;;Plantilla municipal — Limpieza info (PTM Benidorm);Uso interno del proyecto;;contrastado;valido;26;
fe0fc5e2-d315-45f7-ac30-88ec92e24a8c;equipamientos;alimentacion;Udaco;correcto;Avinguda d'Alcoi - Avenida de Alcoy;;;38.53601;-0.12509;751558.37;4269196.41;30;EPSG:4326;sin_ubicacion;;;;;;;;OpenStreetMap (Overpass);ODbL 1.0;;automatico_sin_revisar;proximo_limite;26;
fe182fb5-c775-495e-a30b-d12dc45cfb81;territorio;partida;Tapiades;correcto;;;;;;;;;EPSG:25830;sin_ubicacion;;;;;;;;Plantilla municipal — Limpieza info (PTM Benidorm);Uso interno del proyecto;;contrastado;sin_geometria;13;
fe42268c-efed-4c08-8790-754cef892a85;equipamientos;alimentacion;Happy Days;correcto;;;;38.53948;-0.11609;752334.05;4269606.06;30;EPSG:4326;sin_ubicacion;;;;;;;;OpenStreetMap (Overpass);ODbL 1.0;;automatico_sin_revisar;valido;23;
fe4496b6-b275-4764-bba4-7ad1a0d5c872;infraestructuras;parada_autobus;277 - Banderas;correcto;Av. Alfonso Puchades, 27;;;38.54194;-0.12473;751569.45;4269855.59;30;EPSG:25830;sin_ubicacion;;;;;;;;Plantilla municipal — Limpieza info (PTM Benidorm);Uso interno del proyecto;;contrastado;valido;26;
fe6a5e8e-3baf-4715-9338-5da35db48c87;infraestructuras;parada_autobus;375 - Ed. Las Terrazas;correcto;C/ Adolfo Suárez, 12;;;38.54228;-0.15102;749267.62;4269822.18;30;EPSG:25830;sin_ubicacion;;;;;;;;Plantilla municipal — Limpieza info (PTM Benidorm);Uso interno del proyecto;;contrastado;valido;26;
fe74d26e-c0d0-4d24-af7f-4f4e8196f73c;equipamientos;farmacia;Farmacia Coloma;correcto;;;;38.57762;-0.13015;750972.44;4273801.18;30;EPSG:4326;sin_ubicacion;;;;;;;;OpenStreetMap (Overpass);ODbL 1.0;;automatico_sin_revisar;fuera_municipio;3;
fe82b2bd-7ac3-454f-95ea-daf6c50d7080;infraestructuras;parada_autobus;24;por_revisar;;;;38.53151;-0.10381;753436.38;4268754.98;30;EPSG:4326;sin_ubicacion;;;;;Llorente Bus;;;OpenStreetMap (Overpass);ODbL 1.0;;automatico_sin_revisar;valido;23;El nombre es una cifra suelta, propia de la parada_autobus. No identifica el elemento, de modo que se conserva tal cual y se marca como pendiente en lugar de sustituirlo por una suposición.
fe928cc0-ec93-4dba-88c3-baa5278d6479;equipamientos;farmacia;Farmacia · PASEO DE LA CARRETERA, Nº27;correcto;PASEO DE LA CARRETERA, Nº27;;;;;;;;EPSG:25830;sin_ubicacion;;;;Privada;FARMACIA LUZ, C.B;;;Plantilla municipal — Limpieza info (PTM Benidorm);Uso interno del proyecto;;contrastado;sin_geometria;19;
ff1e66cd-3b20-4999-bb15-0590d82800e8;infraestructuras;parada_autobus;Av. Beniardà, 4;correcto;;;;38.54454;-0.13256;750875.31;4270122.92;30;EPSG:4326;sin_ubicacion;;;;;Llorente Bus;;;OpenStreetMap (Overpass);ODbL 1.0;;automatico_sin_revisar;valido;23;
ff44510c-99fa-4fb9-a58e-7607348c42cd;equipamientos;alimentacion;Super Oriente;correcto;Calle Ibiza;;;38.53966;-0.1184;752131.27;4269619.75;30;EPSG:4326;sin_ubicacion;;;;;;;;OpenStreetMap (Overpass);ODbL 1.0;;automatico_sin_revisar;valido;26;
ff4522a6-79ed-4517-a32a-0870953f8e28;infraestructuras;parada_autobus;parada autobus node/3423566517;correcto;;;;38.54295;-0.13884;750331.21;4269929.43;30;EPSG:4326;sin_ubicacion;;;;;;;;OpenStreetMap (Overpass);ODbL 1.0;;automatico_sin_revisar;valido;23;
ff90e249-c123-419a-8ee0-ecaf3ef75459;equipamientos;centro_salud;Centro de Salud Foietes;correcto;;;;38.54288;-0.13799;750405.83;4269923.96;30;EPSG:4326;sin_ubicacion;+34 966 870 500;;;;;;;OpenStreetMap (Overpass);ODbL 1.0;;automatico_sin_revisar;valido;23;
ffe0bf46-8696-42de-b043-14076d187a61;infraestructuras;parada_autobus;Av. Holanda, 3A;correcto;;;;38.54558;-0.127;751358.28;4270253.44;30;EPSG:4326;sin_ubicacion;;;;;Llorente Bus;;;OpenStreetMap (Overpass);ODbL 1.0;;automatico_sin_revisar;valido;23;
fffcf8a2-6ab3-4209-a26f-67389316c85f;infraestructuras;alojamiento;Hotel Caballo de Oro;correcto;;;;38.5419;-0.11626;752310.82;4269874.21;30;EPSG:4326;sin_ubicacion;;;;;;;;OpenStreetMap (Overpass);ODbL 1.0;;automatico_sin_revisar;valido;23;
