{"type":"FeatureCollection","features":[{"type":"Feature","properties":{"ClaseSuelo":"SUELO NO URBANIZABLE","NuclRural":"0","AreaLamber":5355.97719488,"Shape_STAr":0.00546362042042},"geometry":{"type":"Polygon","coordinates":[[[-6.533330713999931,37.65685165100007],[-6.536088728999971,37.65097619900007],[-6.5402890289999505,37.65138164700005],[-6.543397003999928,37.65669360700008],[-6.5436939469999515,37.66245938800006],[-6.541632554999978,37.66367448900007],[-6.542229078999981,37.66549438000004],[-6.54503923599998,37.665247726000075],[-6.547294535999981,37.668341989000055],[-6.550014069999975,37.66833217200008],[-6.551065282999957,37.673264396000036],[-6.554238226999928,37.67443899500006],[-6.561547136999934,37.67156072000006],[-6.560502723999946,37.676502105000054],[-6.55782166399996,37.68088030300004],[-6.555700439999953,37.681322701000056],[-6.555386058999943,37.68352134000003],[-6.557793881999942,37.68812425900006],[-6.561110908999979,37.689924921000056],[-6.561097448999931,37.69390723300006],[-6.558429980999961,37.69952826000008],[-6.55898240099998,37.70372770600005],[-6.567108850999944,37.71216642200005],[-6.575136159999943,37.724634465000065],[-6.58013882399996,37.72653651600007],[-6.58652941899993,37.726639387000034],[-6.588132637999934,37.72813105500006],[-6.583357612999976,37.730015114000025],[-6.583265007999955,37.733504320000065],[-6.586591227999975,37.73543905400004],[-6.585183769999958,37.742706921000035],[-6.578410690999931,37.74034542000004],[-6.57503965199993,37.74101535200003],[-6.557328846999951,37.73741660200005],[-6.537979303999975,37.738197644000024],[-6.53421468199997,37.739662002000046],[-6.531695877999937,37.74323300400005],[-6.5240808849999326,37.74246112600008],[-6.516037510999979,37.73671059900005],[-6.511131095999929,37.73658670000003],[-6.507384227999978,37.73843706400004],[-6.487301772999956,37.72749287400006],[-6.482772430999944,37.72281606700005],[-6.483683299999939,37.71998733000004],[-6.480765860999952,37.71581230600003],[-6.474570662999952,37.71307626300006],[-6.473443259999954,37.70909147500004],[-6.474979142999928,37.70895609300004],[-6.476979366999956,37.71220339300004],[-6.479418150999948,37.71100526200007],[-6.47975428999996,37.70486018500003],[-6.48484143099995,37.70114225300006],[-6.485466495999958,37.69681744900004],[-6.488313826999956,37.69830075600004],[-6.4911900049999645,37.69653088300004],[-6.490781880999975,37.69484027100003],[-6.49406188699993,37.69129260100004],[-6.493191361999948,37.688687780000066],[-6.501422524999953,37.68870474000005],[-6.4981302099999425,37.68233406000007],[-6.500924427999962,37.677151984000034],[-6.500525835999952,37.670362021000074],[-6.502339345999928,37.66674958200008],[-6.504439076999972,37.666092572000025],[-6.508866961999956,37.66818605100008],[-6.511828542999979,37.66465640700005],[-6.515963924999937,37.66535292900005],[-6.51931422399997,37.66214484200003],[-6.521919983999965,37.664526453000065],[-6.525362670999925,37.664234340000064],[-6.529444890999969,37.658067164000045],[-6.533330713999931,37.65685165100007]],[[-6.535735445999933,37.689689773000055],[-6.535495505999961,37.69132273500003],[-6.536828285999945,37.691451621000056],[-6.535759601999928,37.688404140000046],[-6.536924564999936,37.68695284800003],[-6.535735445999933,37.689689773000055]],[[-6.556344226999954,37.69320533500007],[-6.5482329809999555,37.691815322000025],[-6.544947999999977,37.68895235800005],[-6.537928158999932,37.687017422000054],[-6.536093489999928,37.688575650000075],[-6.537952394999934,37.691642794000074],[-6.5345143129999315,37.69214980000004],[-6.535828231999972,37.69752806400004],[-6.540263531999926,37.69773912900007],[-6.540636615999972,37.69582221200005],[-6.536969001999978,37.69693201300004],[-6.541019081999934,37.69562672500007],[-6.5403991489999385,37.70017744200004],[-6.547078195999973,37.70087773700004],[-6.547851260999948,37.698788800000045],[-6.54747275099993,37.70099352200003],[-6.549356538999973,37.70214559000004],[-6.553821200999948,37.69851121200003],[-6.557509736999975,37.69954813800007],[-6.5581092569999555,37.69825652700007],[-6.554684111999961,37.69786046400003],[-6.5568895259999636,37.69559608900005],[-6.556344226999954,37.69320533500007]]]}},{"type":"Feature","properties":{"ClaseSuelo":"SUELO URBANIZABLE DELIMITADO O SECTORIZADO","NuclRural":"0","AreaLamber":35.76825558,"Shape_STAr":0.0000364816051574},"geometry":{"type":"MultiPolygon","coordinates":[[[[-6.543684608999968,37.69907969800005],[-6.540986405999945,37.698653387000036],[-6.540939166999976,37.69687228200007],[-6.544508538999935,37.697062508000045],[-6.5443280809999465,37.69895332800007],[-6.544883518999939,37.69765535700003],[-6.547851260999948,37.698788800000045],[-6.543684608999968,37.69907969800005]]],[[[-6.535750117999953,37.691391460000034],[-6.535010725999939,37.690261949000046],[-6.536924564999936,37.68695284800003],[-6.535759601999928,37.688404140000046],[-6.536951889999955,37.69134621400008],[-6.535750117999953,37.691391460000034]]],[[[-6.5411020549999535,37.691101830000036],[-6.538917104999939,37.69102645600003],[-6.540603887999964,37.68888504000006],[-6.5411020549999535,37.691101830000036]]],[[[-6.538339260999976,37.693543789000046],[-6.536023800999942,37.69355374100007],[-6.5359442359999775,37.69208374200008],[-6.537862708999967,37.69176319700006],[-6.538339260999976,37.693543789000046]]],[[[-6.539735819999976,37.69717399700005],[-6.535828231999972,37.69752806400004],[-6.535892179999962,37.69456766500008],[-6.538216916999943,37.69408775800008],[-6.539674617999935,37.69546038900006],[-6.536969001999978,37.69693201300004],[-6.540636615999972,37.69582221200005],[-6.539735819999976,37.69717399700005]]],[[[-6.555612516999929,37.69547601100004],[-6.555770528999972,37.69367227200007],[-6.553700310999943,37.69259717600005],[-6.556261622999955,37.69291890300008],[-6.556933997999977,37.695195772000034],[-6.554734478999933,37.697463311000035],[-6.555612516999929,37.69547601100004]]]]}},{"type":"Feature","properties":{"ClaseSuelo":"SUELO URBANIZABLE NO DELIMITADO O SECTORIZADO","NuclRural":"0","AreaLamber":9.44065049,"Shape_STAr":0.00000962945035442},"geometry":{"type":"Polygon","coordinates":[[[-6.547348236999937,37.69945692500005],[-6.547078195999973,37.70087773700004],[-6.5403991489999385,37.70017744200004],[-6.540702880999959,37.69833014500006],[-6.547348236999937,37.69945692500005]]]}},{"type":"Feature","properties":{"ClaseSuelo":"SUELO URBANO","NuclRural":"0","AreaLamber":121.35869347,"Shape_STAr":0.000123776680652},"geometry":{"type":"MultiPolygon","coordinates":[[[[-6.549045805999981,37.70151568000006],[-6.54747275099993,37.70099352200003],[-6.547361346999935,37.69802415500004],[-6.544883518999939,37.69765535700003],[-6.5443280809999465,37.69895332800007],[-6.544508538999935,37.697062508000045],[-6.540939166999976,37.69687228200007],[-6.541537439999956,37.69542075700008],[-6.546861082999953,37.69491776800004],[-6.53455641499994,37.694288983000035],[-6.5345143129999315,37.69214980000004],[-6.538339260999976,37.693543789000046],[-6.537154471999941,37.689209806000065],[-6.541325352999934,37.69135978800006],[-6.541525649999926,37.68946843700007],[-6.537587885999926,37.687029660000064],[-6.555770528999972,37.69367227200007],[-6.554533670999945,37.69407679700004],[-6.555826230999969,37.69529563200007],[-6.553942347999964,37.69832954700007],[-6.556936981999968,37.697651026000074],[-6.558222984999929,37.69844152600007],[-6.557509736999975,37.69954813800007],[-6.553821200999948,37.69851121200003],[-6.549045805999981,37.70151568000006]],[[-6.550627240999972,37.69885658600003],[-6.55089329599997,37.69837804700006],[-6.55004235499996,37.699173159000054],[-6.550627240999972,37.69885658600003]],[[-6.550884225999937,37.69800819500006],[-6.550798651999969,37.69807917000003],[-6.551148401999967,37.69823644100006],[-6.550884225999937,37.69800819500006]],[[-6.547325827999941,37.69438591100004],[-6.546867497999926,37.69378034700003],[-6.5467745859999695,37.69420530600007],[-6.547325827999941,37.69438591100004]],[[-6.545488390999935,37.69397510400006],[-6.543607866999935,37.69285154000005],[-6.543528839999965,37.69398920100008],[-6.545488390999935,37.69397510400006]],[[-6.543423771999926,37.693702184000074],[-6.543452864999949,37.692820846000075],[-6.541711472999964,37.69256875700006],[-6.543423771999926,37.693702184000074]],[[-6.552774012999976,37.69254192900007],[-6.551503365999963,37.69302881900006],[-6.552789043999951,37.69318865100007],[-6.5518689789999485,37.69419388600005],[-6.552774012999976,37.69254192900007]],[[-6.543224060999933,37.69094586400007],[-6.542402491999951,37.691476102000024],[-6.543479730999934,37.69177599300008],[-6.543224060999933,37.69094586400007]],[[-6.544504256999971,37.689366868000036],[-6.543515745999969,37.68942031900008],[-6.543730309999944,37.68993300400007],[-6.544504256999971,37.689366868000036]]],[[[-6.536318860999927,37.69534478000003],[-6.5358769409999695,37.69477503100006],[-6.536828216999936,37.694387146000054],[-6.536318860999927,37.69534478000003]]]]}},{"type":"Feature","properties":{"ClaseSuelo":"SUELO URBANO NO CONSOLIDADO","NuclRural":"0","AreaLamber":25.86870269,"Shape_STAr":0.0000263836858079},"geometry":{"type":"MultiPolygon","coordinates":[[[[-6.538901048999946,37.68990902300004],[-6.536470149999957,37.689465003000066],[-6.536518342999955,37.68759702700004],[-6.540603887999964,37.68888504000006],[-6.538901048999946,37.68990902300004]]],[[[-6.543515745999969,37.68942031900008],[-6.544504256999971,37.689366868000036],[-6.543730309999944,37.68993300400007],[-6.543515745999969,37.68942031900008]]],[[[-6.542395554999928,37.69140044000005],[-6.542863049999937,37.69071392700005],[-6.543762455999968,37.69150070400008],[-6.542395554999928,37.69140044000005]]],[[[-6.542553743999974,37.69376486400006],[-6.541711472999964,37.69256875700006],[-6.543452864999949,37.692820846000075],[-6.542553743999974,37.69376486400006]]],[[[-6.544958358999963,37.694088038000075],[-6.543528839999965,37.69398920100008],[-6.543607866999935,37.69285154000005],[-6.544958358999963,37.694088038000075]]],[[[-6.551798156999951,37.694139903000064],[-6.552789043999951,37.69318865100007],[-6.551503365999963,37.69302881900006],[-6.553305515999966,37.69276670800008],[-6.551798156999951,37.694139903000064]]],[[[-6.5467745859999695,37.69420530600007],[-6.546867497999926,37.69378034700003],[-6.5473872949999645,37.69429430300005],[-6.5467745859999695,37.69420530600007]]],[[[-6.554911813999979,37.69423113600004],[-6.555788221999933,37.69384590300007],[-6.555826230999969,37.69529563200007],[-6.554911813999979,37.69423113600004]]],[[[-6.544852984999977,37.69586355700005],[-6.535786319999943,37.69443843600004],[-6.546861082999953,37.69491776800004],[-6.544852984999977,37.69586355700005]]],[[[-6.554707773999951,37.697065665000025],[-6.554487833999929,37.695571262000044],[-6.555897748999939,37.69551220300008],[-6.554707773999951,37.697065665000025]]],[[[-6.550798651999969,37.69807917000003],[-6.550812708999956,37.69796570200003],[-6.551148401999967,37.69823644100006],[-6.550798651999969,37.69807917000003]]],[[[-6.553942347999964,37.69832954700007],[-6.555085273999964,37.69757560700003],[-6.555099745999939,37.698195173000045],[-6.553942347999964,37.69832954700007]]],[[[-6.55004235499996,37.699173159000054],[-6.550912686999936,37.69839810000008],[-6.550985060999949,37.69858521200007],[-6.55004235499996,37.699173159000054]]],[[[-6.547821823999925,37.70109180400004],[-6.547547875999953,37.70101467400008],[-6.5476321689999395,37.70079936700006],[-6.547821823999925,37.70109180400004]]],[[[-6.549045805999981,37.70151568000006],[-6.54968123499998,37.70016111000007],[-6.55076777499994,37.700391669000055],[-6.549045805999981,37.70151568000006]]]]}},{"type":"Feature","properties":{"ClaseSuelo":"SISTEMAS GENERALES","NuclRural":"0","AreaLamber":41.7473347,"Shape_STAr":0.0000426894802458},"geometry":{"type":"MultiPolygon","coordinates":[[[[-6.562953758999981,37.89119009900003],[-6.559942706999948,37.888894712000024],[-6.561146452999935,37.88745959700003],[-6.565905027999975,37.890342056000065],[-6.562953758999981,37.89119009900003]]],[[[-6.51786560499994,37.85726101500006],[-6.517962123999951,37.857138270000064],[-6.51811898699998,37.85722476500007],[-6.51786560499994,37.85726101500006]]],[[[-6.457343468999966,37.86279909700005],[-6.457564437999963,37.862886572000036],[-6.457390267999926,37.862937733000024],[-6.457343468999966,37.86279909700005]]],[[[-6.495823426999948,37.86380737600007],[-6.495998958999962,37.86376858400007],[-6.4960380169999326,37.86390490000008],[-6.495823426999948,37.86380737600007]]],[[[-6.561499795999964,37.88666586800008],[-6.561665274999939,37.88738004000004],[-6.560794185999953,37.887325915000076],[-6.561499795999964,37.88666586800008]]],[[[-6.5698425139999586,37.88767928000004],[-6.56929046099998,37.88615369900003],[-6.571628854999972,37.88552229000004],[-6.5698425139999586,37.88767928000004]]],[[[-6.5647578179999755,37.88766610400006],[-6.561508047999951,37.88579291100007],[-6.5588511699999685,37.88773370100006],[-6.561452337999981,37.88578351500007],[-6.560915394999938,37.88444650900004],[-6.5647578179999755,37.88766610400006]]],[[[-6.566957570999932,37.88632777400005],[-6.568709586999944,37.88600807500006],[-6.5655313539999725,37.88800272800006],[-6.566957570999932,37.88632777400005]]],[[[-6.558337190999964,37.88846495200005],[-6.557504507999965,37.88760619900006],[-6.55849981199998,37.88790338800004],[-6.558337190999964,37.88846495200005]]],[[[-6.567133514999966,37.88870791100004],[-6.562837492999961,37.88775093500004],[-6.567486574999975,37.88871142900007],[-6.567133514999966,37.88870791100004]]],[[[-6.556411975999936,37.88856225600006],[-6.557504918999939,37.888299182000026],[-6.5576825549999285,37.88907240100008],[-6.556411975999936,37.88856225600006]]],[[[-6.572369942999956,37.88808406600003],[-6.573155066999959,37.888279219000026],[-6.57230999899997,37.889138831000025],[-6.572369942999956,37.88808406600003]]],[[[-6.571256296999934,37.88961182700007],[-6.570215838999957,37.888912461000075],[-6.571166585999947,37.88814693300003],[-6.572223492999967,37.88918528200003],[-6.571256296999934,37.88961182700007]]],[[[-6.568726524999931,37.88990580500007],[-6.570267322999939,37.88904918000003],[-6.571153629999969,37.889667958000075],[-6.568726524999931,37.88990580500007]]],[[[-6.557884323999929,37.891014631000075],[-6.5567655489999765,37.89049506300006],[-6.557885487999954,37.88989350700007],[-6.557884323999929,37.891014631000075]]],[[[-6.555404753999937,37.89007908600007],[-6.557249363999972,37.89201580400004],[-6.5552126579999594,37.890878110000074],[-6.555404753999937,37.89007908600007]]],[[[-6.55936761199996,37.89182506000003],[-6.559609094999928,37.89203228800005],[-6.559457347999967,37.89215698000004],[-6.55936761199996,37.89182506000003]]],[[[-6.5645691479999755,37.891725446000066],[-6.5650237479999305,37.892158864000066],[-6.5648217699999805,37.89222151100006],[-6.5645691479999755,37.891725446000066]]],[[[-6.5640141729999755,37.89195534100003],[-6.564527923999947,37.892248266000024],[-6.564227062999976,37.89235552900004],[-6.5640141729999755,37.89195534100003]]],[[[-6.564885809999964,37.89317271500005],[-6.56509015499995,37.89343053600004],[-6.564695449999931,37.89349553000005],[-6.564885809999964,37.89317271500005]]],[[[-6.557169212999952,37.89214972100007],[-6.558225833999927,37.89356147500007],[-6.55838511099995,37.89422250200005],[-6.557169212999952,37.89214972100007]]],[[[-6.559925731999954,37.894416834000026],[-6.560194220999961,37.89426154900008],[-6.560024343999942,37.89448454400008],[-6.559925731999954,37.894416834000026]]],[[[-6.565284801999951,37.89439755500007],[-6.563718551999955,37.89378076400004],[-6.568263867999974,37.89308427000003],[-6.565284801999951,37.89439755500007]]],[[[-6.55848328299993,37.89422749400006],[-6.558575206999933,37.89447795800004],[-6.558309183999938,37.89506742000003],[-6.55848328299993,37.89422749400006]]],[[[-6.5714534039999535,37.895467207000024],[-6.571405525999978,37.895018580000055],[-6.571893102999979,37.895005748000074],[-6.5714534039999535,37.895467207000024]]],[[[-6.564134453999941,37.89536889400006],[-6.564584193999963,37.895424528000035],[-6.563867104999929,37.89584031900006],[-6.564134453999941,37.89536889400006]]],[[[-6.5579756229999475,37.89601262100007],[-6.558292107999932,37.896641843000054],[-6.558261739999978,37.89676693200005],[-6.5579756229999475,37.89601262100007]]],[[[-6.557837253999935,37.89611715400008],[-6.558111766999957,37.896825689000025],[-6.557818289999943,37.89682306100008],[-6.557837253999935,37.89611715400008]]],[[[-6.5698068649999755,37.89656297500005],[-6.570196539999927,37.89655109200004],[-6.570205278999936,37.89679520900006],[-6.5698068649999755,37.89656297500005]]],[[[-6.558322659999931,37.89685134900003],[-6.558551654999974,37.89678284800004],[-6.559113667999952,37.897335001000044],[-6.558322659999931,37.89685134900003]]],[[[-6.558005082999955,37.89704867800003],[-6.558177545999968,37.89689535800005],[-6.5590390989999605,37.89745570800005],[-6.558005082999955,37.89704867800003]]],[[[-6.562648674999934,37.89751327500005],[-6.5594217339999545,37.89741718300007],[-6.558587513999953,37.896624505000034],[-6.562648674999934,37.89751327500005]]],[[[-6.562991680999971,37.897622915000056],[-6.563012321999963,37.897512575000064],[-6.563796632999981,37.89778702700005],[-6.562991680999971,37.897622915000056]]],[[[-6.564034249999963,37.89777024400007],[-6.56634590799996,37.89752545300007],[-6.567539482999962,37.89761899400003],[-6.564034249999963,37.89777024400007]]],[[[-6.587206456999979,37.89662218500007],[-6.589511171999959,37.896750309000026],[-6.588592731999938,37.89808659500005],[-6.587206456999979,37.89662218500007]]],[[[-6.598927461999949,37.936757311000065],[-6.599108789999946,37.936831279000046],[-6.598978159999945,37.93687031800005],[-6.598927461999949,37.936757311000065]]]]}},{"type":"Feature","properties":{"ClaseSuelo":"SUELO NO URBANIZABLE","NuclRural":"0","AreaLamber":18188.4450359,"Shape_STAr":0.0185945352978},"geometry":{"type":"Polygon","coordinates":[[[-6.457252937999954,37.85884413900004],[-6.4660876179999605,37.85224500500004],[-6.473692209999967,37.85111083900006],[-6.477298428999973,37.847824168000045],[-6.473873373999936,37.833429952000074],[-6.474899101999938,37.808327759000065],[-6.480462169999953,37.81000122200004],[-6.4987166109999635,37.81062217600004],[-6.513275025999974,37.80800837400005],[-6.522290752999936,37.80991906500003],[-6.523756698999932,37.808271613000045],[-6.527323248999949,37.80805668000005],[-6.531570604999956,37.808785158000035],[-6.532802027999935,37.81055897600004],[-6.535700589999976,37.80681436100008],[-6.533652337999968,37.80457862000003],[-6.545371668999962,37.80105511600004],[-6.548969114999977,37.79793777100008],[-6.554975354999954,37.80220686800004],[-6.560398753999948,37.79952950200004],[-6.5643331389999275,37.80390579900006],[-6.569106910999949,37.798824352000054],[-6.572400239999979,37.800255933000074],[-6.576194930999975,37.798663274000035],[-6.580793918999973,37.799622526000064],[-6.597712326999954,37.79755714800007],[-6.617405614999939,37.787701721000076],[-6.623932797999942,37.77864548400004],[-6.641063621999933,37.768315581000024],[-6.645018678999975,37.76242771700004],[-6.645370360999948,37.75526401700006],[-6.643914435999932,37.751723663000064],[-6.670813305999957,37.750077443000066],[-6.674394123999946,37.75480333500008],[-6.673822068999925,37.760667709000074],[-6.671645625999929,37.763005743000065],[-6.672840037999947,37.766274613000064],[-6.666002167999977,37.76522652700004],[-6.664271264999968,37.76625333000004],[-6.654396126999927,37.77519043600006],[-6.655272686999979,37.78054132900007],[-6.651103000999967,37.78230126900007],[-6.64666280299997,37.777871547000075],[-6.642757184999937,37.77830775900003],[-6.64554820799998,37.78405892200004],[-6.653050419999943,37.78750185100006],[-6.651747135999926,37.79376719600003],[-6.659502915999951,37.792202082000074],[-6.659683079999979,37.79378198200004],[-6.656547960999944,37.79673511800007],[-6.656817599999954,37.798978874000056],[-6.659034477999967,37.79927032200004],[-6.666002832999936,37.80518828800007],[-6.665806006999958,37.80763572300003],[-6.662035042999946,37.808987279000064],[-6.657683277999979,37.80662724100006],[-6.654875466999954,37.80955215100005],[-6.652131955999948,37.80871844300003],[-6.646862953999971,37.81032319000008],[-6.643622169999958,37.81415310300008],[-6.640140887999962,37.81355816100006],[-6.639590503999955,37.81483638100008],[-6.638431470999933,37.81158409200003],[-6.640156872999967,37.81134156000007],[-6.639598024999941,37.808286923000026],[-6.637851632999968,37.80902556500007],[-6.636299484999938,37.80724478900004],[-6.634692147999942,37.809429469000065],[-6.633561351999958,37.80697801600007],[-6.630501338999977,37.805703136000034],[-6.628178048999928,37.80741434000004],[-6.629027998999959,37.81016278200008],[-6.630978591999963,37.80941797000003],[-6.6298867139999516,37.81285689500004],[-6.624121800999944,37.81525067200005],[-6.620870705999948,37.818665906000035],[-6.618922044999977,37.81387921400005],[-6.615987117999964,37.81260912100004],[-6.599732284999959,37.813665945000025],[-6.589167079999925,37.81942985500007],[-6.587392705999946,37.82288923600004],[-6.58116679699998,37.82401575800003],[-6.579533461999972,37.82617348400004],[-6.578127326999947,37.84219766900003],[-6.582214998999973,37.849901835000026],[-6.589102409999953,37.85697994000003],[-6.588512665999929,37.86988029100007],[-6.590471170999933,37.87393747600004],[-6.596415979999961,37.87559363200006],[-6.595821939999951,37.888376993000065],[-6.598131371999955,37.891450365000026],[-6.597128315999953,37.90003020100005],[-6.595244839999964,37.90337593100003],[-6.587671422999961,37.903580188000035],[-6.599253501999954,37.90514511500004],[-6.60126923699994,37.907776967000075],[-6.600202800999966,37.91108874100007],[-6.598680789999946,37.910189428000024],[-6.5974170839999715,37.91482246700008],[-6.607471456999974,37.915568445000076],[-6.60516389299994,37.91977414100006],[-6.606485430999953,37.92377845200008],[-6.60504995499997,37.92558814700004],[-6.607484076999981,37.92699089000007],[-6.606060959999979,37.929286681000065],[-6.608510770999942,37.93495896100006],[-6.601084281999931,37.94242953400004],[-6.600125165999941,37.946548782000036],[-6.597742972999981,37.949017981000054],[-6.5968171469999675,37.96710840500003],[-6.5935110309999345,37.97281283600006],[-6.589427351999973,37.97611763800006],[-6.5894439539999325,37.978792664000025],[-6.5810690119999435,37.98748015700005],[-6.543071201999965,37.98386640200005],[-6.5170243799999525,37.976378812000064],[-6.517015059999949,37.97284767200006],[-6.520974298999931,37.96687346400006],[-6.520665406999967,37.96398190900004],[-6.525605638999934,37.96306809200007],[-6.528952886999946,37.95954433800006],[-6.526729486999955,37.955881462000036],[-6.522228462999976,37.95454799400005],[-6.524848863999978,37.952244294000025],[-6.522526925999955,37.94889057800003],[-6.525034713999958,37.94851811900003],[-6.528622477999932,37.94076208200005],[-6.531742670999961,37.942019698000024],[-6.534783921999974,37.939730172000054],[-6.537390291999941,37.93454384700004],[-6.518445636999957,37.92320273300004],[-6.5250491069999725,37.91716728700004],[-6.531331758999954,37.90753762400004],[-6.5345181869999465,37.90688335700003],[-6.529708926999945,37.89999196600007],[-6.51850140199997,37.892165834000025],[-6.497010861999968,37.88460871700005],[-6.491185387999963,37.87654766700007],[-6.481213519999926,37.87187028500006],[-6.474487284999952,37.87190697600005],[-6.462481667999953,37.86550424200004],[-6.451225439999973,37.865618778000055],[-6.448364868999931,37.86032430100005],[-6.450115164999943,37.856678403000046],[-6.45654224499998,37.85892348700003],[-6.456328768999981,37.86021044300003],[-6.457252937999954,37.85884413900004]],[[-6.580420711999977,37.93771179400005],[-6.58221161299997,37.93654292800005],[-6.578180126999939,37.93539142000003],[-6.580420711999977,37.93771179400005]],[[-6.560684243999958,37.886554680000074],[-6.556400488999941,37.885136888000034],[-6.554962069999931,37.89050144700008],[-6.558193960999972,37.89396297800005],[-6.557671962999962,37.897023070000046],[-6.560413895999943,37.89787615900008],[-6.560206412999946,37.899057355000025],[-6.563164177999965,37.89776205900006],[-6.568508865999945,37.89938531400003],[-6.572489189999942,37.89866746700005],[-6.571893102999979,37.895005748000074],[-6.56776264399997,37.89743361500007],[-6.565374813999938,37.89573485100004],[-6.575229219999926,37.891492508000056],[-6.576694465999935,37.88946193400005],[-6.581250183999941,37.88919467300008],[-6.580365137999934,37.88758470500005],[-6.5772217679999585,37.887874185000044],[-6.577662195999949,37.885639808000064],[-6.575944800999935,37.88421654800004],[-6.5683471019999615,37.884943487000044],[-6.569004485999926,37.885837974000026],[-6.5655313539999725,37.88800272800006],[-6.561624947999974,37.885486351000054],[-6.562299045999964,37.88450150800003],[-6.560915394999938,37.88444650900004],[-6.560684243999958,37.886554680000074]],[[-6.552572573999953,37.90366949700007],[-6.55282066999996,37.90410361100004],[-6.552741803999936,37.903648202000056],[-6.552572573999953,37.90366949700007]],[[-6.5531831679999755,37.903995757000075],[-6.552821508999955,37.90365059800007],[-6.552867977999938,37.904034101000036],[-6.5531831679999755,37.903995757000075]],[[-6.495823426999948,37.86380737600007],[-6.4960380169999326,37.86390490000008],[-6.495998958999962,37.86376858400007],[-6.495823426999948,37.86380737600007]],[[-6.457343468999966,37.86279909700005],[-6.457390267999926,37.862937733000024],[-6.457564437999963,37.862886572000036],[-6.457343468999966,37.86279909700005]],[[-6.45745358399995,37.85948007300004],[-6.456222947999947,37.86134361400008],[-6.457527721999952,37.86249730800006],[-6.461088050999933,37.86151085700004],[-6.460994066999945,37.85935013500006],[-6.4592781819999345,37.86053922200006],[-6.45745358399995,37.85948007300004]],[[-6.598927461999949,37.936757311000065],[-6.598978159999945,37.93687031800005],[-6.599108789999946,37.936831279000046],[-6.598927461999949,37.936757311000065]],[[-6.553186279999977,37.90401510200007],[-6.552902839999945,37.90404912200006],[-6.553300272999934,37.90496998700007],[-6.553186279999977,37.90401510200007]],[[-6.543239437999944,37.91740876100005],[-6.542427861999954,37.91869982400004],[-6.544750633999968,37.91928042600006],[-6.546472671999936,37.917704968000066],[-6.543239437999944,37.91740876100005]],[[-6.553734391999967,37.906461129000036],[-6.553505687999973,37.90582738900008],[-6.553529164999929,37.906512898000074],[-6.553734391999967,37.906461129000036]],[[-6.553543690999959,37.904638927000065],[-6.553297149999935,37.904290282000034],[-6.553362220999929,37.905185182000025],[-6.553543690999959,37.904638927000065]],[[-6.553489968999941,37.905779031000066],[-6.553590915999962,37.90580343100004],[-6.553627818999928,37.905691553000054],[-6.553489968999941,37.905779031000066]],[[-6.5534495459999675,37.90599719100004],[-6.553175459999977,37.90503429100005],[-6.5533269899999596,37.90631999800007],[-6.5534495459999675,37.90599719100004]],[[-6.553451077999966,37.904249159000074],[-6.553417153999931,37.90398754300003],[-6.553257690999942,37.904003870000054],[-6.553451077999966,37.904249159000074]],[[-6.553417803999935,37.90396791200004],[-6.553166106999981,37.90350633400004],[-6.553258573999926,37.90397719300006],[-6.553417803999935,37.90396791200004]],[[-6.51786560499994,37.85726101500006],[-6.51811898699998,37.85722476500007],[-6.517962123999951,37.857138270000064],[-6.51786560499994,37.85726101500006]],[[-6.4616503619999435,37.85975028900003],[-6.4615756759999385,37.86002285400008],[-6.46196815899998,37.859893517000046],[-6.4616503619999435,37.85975028900003]],[[-6.49125900699994,37.864767640000025],[-6.492123289999938,37.864809867000076],[-6.492623149999929,37.86439790700007],[-6.49125900699994,37.864767640000025]],[[-6.49167400999994,37.865059141000074],[-6.492765948999931,37.86597262600003],[-6.491863864999971,37.86868579000003],[-6.4959839949999605,37.865664382000034],[-6.49167400999994,37.865059141000074]],[[-6.515437621999979,37.86161638900006],[-6.517170042999965,37.861631345000035],[-6.5164021629999525,37.85910383000004],[-6.517878545999963,37.85883567900004],[-6.5143845599999395,37.856551327000034],[-6.513580914999977,37.857602679000024],[-6.515707728999928,37.859177905000024],[-6.515437621999979,37.86161638900006]],[[-6.5263551859999325,37.871914005000065],[-6.523889964999967,37.87005211200005],[-6.523037039999963,37.872149293000064],[-6.521898022999949,37.86970508700006],[-6.517610680999951,37.87179009400006],[-6.521918747999962,37.874201139000036],[-6.5263551859999325,37.871914005000065]],[[-6.53129230199994,37.87727833800005],[-6.528856099999928,37.87954745300004],[-6.5300342549999755,37.88085521800008],[-6.534282824999934,37.87973687900006],[-6.53129230199994,37.87727833800005]],[[-6.589511171999959,37.896750309000026],[-6.587339736999979,37.89614460700005],[-6.58678628499996,37.897560988000066],[-6.588592731999938,37.89808659500005],[-6.589511171999959,37.896750309000026]],[[-6.601096428999938,37.93745576500004],[-6.5988462149999805,37.938154851000036],[-6.601090502999966,37.93835183400006],[-6.601096428999938,37.93745576500004]]]}},{"type":"Feature","properties":{"ClaseSuelo":"SUELO URBANIZABLE DELIMITADO O SECTORIZADO","NuclRural":"0","AreaLamber":32.59769322,"Shape_STAr":0.000033332105676},"geometry":{"type":"MultiPolygon","coordinates":[[[[-6.570449907999944,37.890734906000034],[-6.576050755999972,37.890533583000035],[-6.570451417999948,37.89302506000007],[-6.569446624999955,37.89148960600005],[-6.570449907999944,37.890734906000034]]],[[[-6.45654224499998,37.85892348700003],[-6.457345377999957,37.85925474900006],[-6.455702809999934,37.859977368000045],[-6.45654224499998,37.85892348700003]]],[[[-6.491522111999927,37.86781505000005],[-6.492955900999959,37.86588637800003],[-6.492976967999937,37.86813421800008],[-6.491522111999927,37.86781505000005]]],[[[-6.529241042999956,37.88010506400008],[-6.5294679639999345,37.87898718200006],[-6.5316473399999495,37.880165746000046],[-6.529241042999956,37.88010506400008]]],[[[-6.5686243149999655,37.885423041000024],[-6.574486411999942,37.884971879000034],[-6.569131264999953,37.88618716600007],[-6.5686243149999655,37.885423041000024]]],[[[-6.575295893999964,37.88531207900007],[-6.575944800999935,37.88421654800004],[-6.577418357999932,37.88508999800007],[-6.577562264999926,37.88669123400007],[-6.575295893999964,37.88531207900007]]],[[[-6.572966787999974,37.88880117900004],[-6.575058771999977,37.88739454900008],[-6.576181689999942,37.88812574000008],[-6.572966787999974,37.88880117900004]]],[[[-6.5788290799999345,37.88864601200004],[-6.581250183999941,37.88919467300008],[-6.579614854999932,37.88990280400003],[-6.5788290799999345,37.88864601200004]]],[[[-6.567073544999971,37.89397000900004],[-6.569126505999975,37.89381184100006],[-6.567905956999937,37.89476568500004],[-6.567073544999971,37.89397000900004]]],[[[-6.5706980819999785,37.897910413000034],[-6.572451487999956,37.89725060500007],[-6.572489189999942,37.89866746700005],[-6.5706980819999785,37.897910413000034]]]]}},{"type":"Feature","properties":{"ClaseSuelo":"SUELO URBANO","NuclRural":"0","AreaLamber":182.00960517,"Shape_STAr":0.000186118352702},"geometry":{"type":"MultiPolygon","coordinates":[[[[-6.56751333099993,37.89895671700003],[-6.563164177999965,37.89776205900006],[-6.560206412999946,37.899057355000025],[-6.560413895999943,37.89787615900008],[-6.557671962999962,37.897023070000046],[-6.558193960999972,37.89396297800005],[-6.554968985999949,37.89068679600007],[-6.556400488999941,37.885136888000034],[-6.559138144999963,37.886120633000075],[-6.5588511699999685,37.88773370100006],[-6.561508047999951,37.88579291100007],[-6.563945235999938,37.887886054000035],[-6.566189693999945,37.88806597200005],[-6.569004485999926,37.885837974000026],[-6.570707016999961,37.88754041800007],[-6.571500371999946,37.88531017500003],[-6.572009469999955,37.88654794800004],[-6.574486411999942,37.884971879000034],[-6.577432590999933,37.888042075000044],[-6.580365137999934,37.88758470500005],[-6.575848556999972,37.89018815000003],[-6.570485229999974,37.89023641800003],[-6.569446624999955,37.89148960600005],[-6.570454140999971,37.89305050000007],[-6.565374813999938,37.89573485100004],[-6.567626601999962,37.89750355100006],[-6.572296517999973,37.89546893800008],[-6.572254937999958,37.897265409000056],[-6.56751333099993,37.89895671700003]],[[-6.568425016999981,37.89866662400004],[-6.56762561499994,37.89810611400003],[-6.567306659999929,37.89878397500007],[-6.568425016999981,37.89866662400004]],[[-6.567398711999942,37.89756294600005],[-6.563957010999957,37.897792594000066],[-6.567539482999962,37.89761899400003],[-6.567398711999942,37.89756294600005]],[[-6.563735047999955,37.89773560700007],[-6.563012321999963,37.897512575000064],[-6.562991680999971,37.897622915000056],[-6.563735047999955,37.89773560700007]],[[-6.570205278999936,37.89679520900006],[-6.570196539999927,37.89655109200004],[-6.5698068649999755,37.89656297500005],[-6.570205278999936,37.89679520900006]],[[-6.562711910999951,37.89751458500007],[-6.558587513999953,37.896624505000034],[-6.5594217339999545,37.89741718300007],[-6.562711910999951,37.89751458500007]],[[-6.558873562999963,37.89738050400007],[-6.558177545999968,37.89689535800005],[-6.5579743609999355,37.89710892000005],[-6.558873562999963,37.89738050400007]],[[-6.558901011999978,37.897287033000055],[-6.559113667999952,37.897335001000044],[-6.55829556599997,37.89680178500004],[-6.558901011999978,37.897287033000055]],[[-6.558143380999979,37.896795162000046],[-6.55785525899995,37.89602596100008],[-6.557818289999943,37.89682306100008],[-6.558143380999979,37.896795162000046]],[[-6.558177475999969,37.896651838000025],[-6.558261739999978,37.89676693200005],[-6.5579756229999475,37.89601262100007],[-6.558177475999969,37.896651838000025]],[[-6.563979299999971,37.89588591000006],[-6.564453270999934,37.89518715500003],[-6.563847762999956,37.89547239900003],[-6.563979299999971,37.89588591000006]],[[-6.558468710999932,37.89492226300007],[-6.558594819999939,37.894194724000045],[-6.558309183999938,37.89506742000003],[-6.558468710999932,37.89492226300007]],[[-6.55838511099995,37.89422250200005],[-6.5586526809999555,37.89272330000006],[-6.557160503999967,37.89210300600007],[-6.55838511099995,37.89422250200005]],[[-6.559415592999926,37.89214836600007],[-6.559609094999928,37.89203228800005],[-6.55941699899995,37.891809814000055],[-6.559415592999926,37.89214836600007]],[[-6.557214210999973,37.89197238700007],[-6.55555461299997,37.88988084300007],[-6.5552126579999594,37.890878110000074],[-6.557214210999973,37.89197238700007]],[[-6.561175137999953,37.88974101700006],[-6.562899786999935,37.89125012200003],[-6.565899187999946,37.89044295100007],[-6.561146452999935,37.88745959700003],[-6.5599044299999605,37.88880951600004],[-6.561175137999953,37.88974101700006]],[[-6.557107035999934,37.889402318000066],[-6.557504918999939,37.888299182000026],[-6.556470771999955,37.88837076400006],[-6.557107035999934,37.889402318000066]],[[-6.557624636999947,37.888254809000045],[-6.55849981199998,37.88790338800004],[-6.557504507999965,37.88760619900006],[-6.557624636999947,37.888254809000045]],[[-6.565632335999965,37.88849624900007],[-6.567486574999975,37.88871142900007],[-6.562837492999961,37.88775093500004],[-6.565632335999965,37.88849624900007]],[[-6.572369942999956,37.88808406600003],[-6.57230999899997,37.889138831000025],[-6.573155066999959,37.888279219000026],[-6.572369942999956,37.88808406600003]],[[-6.572966787999974,37.88880117900004],[-6.576181689999942,37.88812574000008],[-6.575058771999977,37.88739454900008],[-6.572966787999974,37.88880117900004]],[[-6.572223492999967,37.88918528200003],[-6.571166585999947,37.88814693300003],[-6.570215838999957,37.888912461000075],[-6.572223492999967,37.88918528200003]],[[-6.570368317999964,37.889087639000024],[-6.568939180999962,37.89046598900006],[-6.571116607999954,37.88976930200005],[-6.570368317999964,37.889087639000024]],[[-6.557884323999929,37.891014631000075],[-6.557885487999954,37.88989350700007],[-6.5567655489999765,37.89049506300006],[-6.557884323999929,37.891014631000075]],[[-6.5645691479999755,37.891725446000066],[-6.5648217699999805,37.89222151100006],[-6.5650237479999305,37.892158864000066],[-6.5645691479999755,37.891725446000066]],[[-6.564527923999947,37.892248266000024],[-6.5640141729999755,37.89195534100003],[-6.564227062999976,37.89235552900004],[-6.564527923999947,37.892248266000024]],[[-6.56751993499995,37.892219330000046],[-6.563811434999934,37.89411966400007],[-6.566752273999953,37.894040448000055],[-6.568263867999974,37.89308427000003],[-6.56751993499995,37.892219330000046]],[[-6.560194220999961,37.89426154900008],[-6.559925731999954,37.894416834000026],[-6.560024343999942,37.89448454400008],[-6.560194220999961,37.89426154900008]],[[-6.565169835999939,37.893196561000025],[-6.564642755999955,37.89325829200004],[-6.564695449999931,37.89349553000005],[-6.565169835999939,37.893196561000025]],[[-6.567566624999927,37.88761320900005],[-6.567925689999981,37.88686718500003],[-6.56710901799994,37.88725509300008],[-6.567566624999927,37.88761320900005]],[[-6.561737926999967,37.88730015900006],[-6.561682395999981,37.886560521000035],[-6.560754662999955,37.88726821700004],[-6.561737926999967,37.88730015900006]]],[[[-6.4615756759999385,37.86002285400008],[-6.4616503619999435,37.85975028900003],[-6.46196815899998,37.859893517000046],[-6.4615756759999385,37.86002285400008]]],[[[-6.457462466999971,37.862396552000064],[-6.456222947999947,37.86134361400008],[-6.45745358399995,37.85948007300004],[-6.4616005479999785,37.85972214700007],[-6.460147011999936,37.86092267500004],[-6.461070381999946,37.86153098600005],[-6.457462466999971,37.862396552000064]],[[-6.45817275099995,37.86064225600006],[-6.457534808999981,37.86069192700006],[-6.457705230999977,37.86095519100007],[-6.45817275099995,37.86064225600006]],[[-6.457603707999965,37.86025148600004],[-6.457679624999969,37.85970095400006],[-6.457313795999937,37.86013658200005],[-6.457603707999965,37.86025148600004]]],[[[-6.5159148749999645,37.86190542700007],[-6.515707728999928,37.859177905000024],[-6.513580914999977,37.857602679000024],[-6.5143845599999395,37.856551327000034],[-6.517878545999963,37.85883567900004],[-6.5164021629999525,37.85910383000004],[-6.517384021999931,37.86123726100004],[-6.5159148749999645,37.86190542700007]]],[[[-6.49125900699994,37.864767640000025],[-6.492623149999929,37.86439790700007],[-6.492123289999938,37.864809867000076],[-6.49125900699994,37.864767640000025]]],[[[-6.493386211999962,37.86741259000007],[-6.49167400999994,37.865059141000074],[-6.4953075059999605,37.86465509900006],[-6.4959839949999605,37.865664382000034],[-6.493386211999962,37.86741259000007]]],[[[-6.531771896999942,37.88022630800003],[-6.52960646899993,37.87907034700004],[-6.53129230199994,37.87727833800005],[-6.534334369999954,37.87967183300003],[-6.531771896999942,37.88022630800003]]],[[[-6.560408203999941,37.88601258600005],[-6.560736503999976,37.886527966000074],[-6.5600857189999715,37.88636690800007],[-6.560408203999941,37.88601258600005]]],[[[-6.553294492999953,37.903487849000044],[-6.553417803999935,37.90396791200004],[-6.553258573999926,37.90397719300006],[-6.553294492999953,37.903487849000044]]],[[[-6.552877204999959,37.90360315400005],[-6.553183102999981,37.903995896000026],[-6.552867977999938,37.904034101000036],[-6.552877204999959,37.90360315400005]]],[[[-6.552667988999929,37.904120523000074],[-6.552572573999953,37.90366949700007],[-6.552741803999936,37.903648202000056],[-6.552667988999929,37.904120523000074]]],[[[-6.553257690999942,37.904003870000054],[-6.553417153999931,37.90398754300003],[-6.553451077999966,37.904249159000074],[-6.553257690999942,37.904003870000054]]],[[[-6.553133832999947,37.904461051000055],[-6.552902839999945,37.90404912200006],[-6.553300272999934,37.90496998700007],[-6.553133832999947,37.904461051000055]]],[[[-6.553459204999967,37.90427249900006],[-6.553393164999932,37.90519136700004],[-6.553297149999935,37.904290282000034],[-6.553459204999967,37.90427249900006]]],[[[-6.553489968999941,37.905779031000066],[-6.553627818999928,37.905691553000054],[-6.553590915999962,37.90580343100004],[-6.553489968999941,37.905779031000066]]],[[[-6.553175459999977,37.90503429100005],[-6.55344565799993,37.905352116000074],[-6.553461717999937,37.90632680200008],[-6.553175459999977,37.90503429100005]]],[[[-6.553505687999973,37.90582738900008],[-6.553699377999976,37.90581883800007],[-6.553717432999974,37.90653739800007],[-6.553505687999973,37.90582738900008]]],[[[-6.54467057599993,37.91910425200007],[-6.542410218999976,37.91792030500005],[-6.546291465999957,37.91758466300007],[-6.54467057599993,37.91910425200007]],[[-6.543835193999939,37.91792994800005],[-6.543326571999955,37.91752305400007],[-6.543193884999937,37.917638070000066],[-6.543835193999939,37.91792994800005]]],[[[-6.580010568999967,37.93744908600007],[-6.577989153999965,37.935786230000076],[-6.58221161299997,37.93654292800005],[-6.580010568999967,37.93744908600007]],[[-6.579926912999952,37.936516751000056],[-6.58036457399993,37.936336192000056],[-6.579463124999961,37.93632929800003],[-6.579926912999952,37.936516751000056]]],[[[-6.600308463999966,37.93814009300007],[-6.598843157999966,37.93806387500007],[-6.601307917999975,37.937258504000056],[-6.600308463999966,37.93814009300007]]]]}},{"type":"Feature","properties":{"ClaseSuelo":"SUELO URBANO NO CONSOLIDADO","NuclRural":"0","AreaLamber":29.82912401,"Shape_STAr":0.0000304990528928},"geometry":{"type":"MultiPolygon","coordinates":[[[[-6.52100893599993,37.87374741100007],[-6.517610680999951,37.87179009400006],[-6.521898022999949,37.86970508700006],[-6.523037039999963,37.872149293000064],[-6.523889964999967,37.87005211200005],[-6.5263551859999325,37.871914005000065],[-6.52100893599993,37.87374741100007]]],[[[-6.4571014739999555,37.85958719300004],[-6.457477942999958,37.85950046800008],[-6.456596740999942,37.860159542000076],[-6.4571014739999555,37.85958719300004]]],[[[-6.4575936879999745,37.85970807100006],[-6.457603707999965,37.86025148600004],[-6.457313795999937,37.86013658200005],[-6.4575936879999745,37.85970807100006]]],[[[-6.457534808999981,37.86069192700006],[-6.458413163999978,37.86070385100004],[-6.457705230999977,37.86095519100007],[-6.457534808999981,37.86069192700006]]],[[[-6.515978497999981,37.86092801900003],[-6.5159148749999645,37.86190542700007],[-6.515437621999979,37.86161638900006],[-6.515978497999981,37.86092801900003]]],[[[-6.49167400999994,37.865059141000074],[-6.492286127999932,37.86535967300006],[-6.490850247999958,37.865310186000045],[-6.49167400999994,37.865059141000074]]],[[[-6.494680922999976,37.86597059500008],[-6.495827686999974,37.86571543700006],[-6.494311528999958,37.86737489600006],[-6.494680922999976,37.86597059500008]]],[[[-6.575003721999963,37.88590620000008],[-6.574910474999967,37.88511832900008],[-6.575883201999943,37.885752926000066],[-6.575003721999963,37.88590620000008]]],[[[-6.5715983689999575,37.88527726700005],[-6.573206193999965,37.88566874800006],[-6.572009469999955,37.88654794800004],[-6.5715983689999575,37.88527726700005]]],[[[-6.5675408929999435,37.88755716500003],[-6.56710901799994,37.88725509300008],[-6.567925689999981,37.88686718500003],[-6.5675408929999435,37.88755716500003]]],[[[-6.558132116999957,37.893533442000034],[-6.558505486999934,37.892570241000044],[-6.559037813999964,37.89370794900003],[-6.558132116999957,37.893533442000034]]],[[[-6.567447415999936,37.89746013100006],[-6.56653744099998,37.896629492000045],[-6.567739422999978,37.89702661100006],[-6.567447415999936,37.89746013100006]]],[[[-6.565668045999928,37.89889692400004],[-6.565616793999936,37.89782411900006],[-6.565922511999929,37.89781541700006],[-6.565668045999928,37.89889692400004]]],[[[-6.567306659999929,37.89878397500007],[-6.56762561499994,37.89810611400003],[-6.568598101999953,37.89892260500005],[-6.567306659999929,37.89878397500007]]],[[[-6.543239437999944,37.91740876100005],[-6.543515082999932,37.917186654000034],[-6.543874842999969,37.91767450800006],[-6.543239437999944,37.91740876100005]]],[[[-6.54353688499998,37.91780929500004],[-6.543193884999937,37.917638070000066],[-6.543899575999944,37.91783566000004],[-6.54353688499998,37.91780929500004]]],[[[-6.5461514409999495,37.91757977800006],[-6.546472671999936,37.917704968000066],[-6.5458372389999795,37.91771344700004],[-6.5461514409999495,37.91757977800006]]],[[[-6.542427861999954,37.91869982400004],[-6.542444966999938,37.91852630500006],[-6.542659768999954,37.91852883000007],[-6.542427861999954,37.91869982400004]]],[[[-6.544758621999961,37.91879322600005],[-6.545475207999971,37.91769368000007],[-6.546338759999969,37.91809516700005],[-6.544758621999961,37.91879322600005]]],[[[-6.5781015579999575,37.935585751000076],[-6.578891907999946,37.935400525000034],[-6.578842100999964,37.936159978000035],[-6.5781015579999575,37.935585751000076]]],[[[-6.579766010999947,37.93648624000008],[-6.5794920789999765,37.93627993500007],[-6.58036457399993,37.936336192000056],[-6.579766010999947,37.93648624000008]]],[[[-6.581248880999965,37.937307463000025],[-6.581454022999935,37.93775965800006],[-6.580420711999977,37.93771179400005],[-6.581248880999965,37.937307463000025]]]]}},{"type":"Feature","properties":{"ClaseSuelo":"SISTEMAS GENERALES","NuclRural":"0","AreaLamber":6.70287692,"Shape_STAr":0.00000680045444092},"geometry":{"type":"MultiPolygon","coordinates":[[[[-6.606138022999971,37.29811168400005],[-6.607141077999927,37.30009712400005],[-6.605811309999979,37.30207447500004],[-6.604010871999947,37.29996975700004],[-6.606138022999971,37.29811168400005]]],[[[-6.604094859999975,37.31529085300008],[-6.605582710999954,37.314389842000026],[-6.60593840699994,37.31477076700003],[-6.604094859999975,37.31529085300008]]]]}},{"type":"Feature","properties":{"ClaseSuelo":"SUELO NO URBANIZABLE","NuclRural":"0","AreaLamber":7035.69703903,"Shape_STAr":0.00713692042939},"geometry":{"type":"Polygon","coordinates":[[[-6.559360697999978,37.29103061100005],[-6.565980239999931,37.28435356400007],[-6.573633867999945,37.28144681600003],[-6.612971579999964,37.25269267200008],[-6.622680281999976,37.24950382000003],[-6.639434722999965,37.240530001000025],[-6.668076919999976,37.23375348800005],[-6.672230224999964,37.247588644000075],[-6.670343632999959,37.26025982600004],[-6.656939355999953,37.285584991000064],[-6.656626415999938,37.293324400000074],[-6.653764751999972,37.30292637500003],[-6.646871879999935,37.31058062900007],[-6.642331787999979,37.31909897700007],[-6.639170452999963,37.32137651900007],[-6.632708355999966,37.335692418000065],[-6.62242645799995,37.33468361400003],[-6.620876659999965,37.33694731700007],[-6.619357408999974,37.34619206700006],[-6.622636961999945,37.34845196500004],[-6.614274575999957,37.34938364000004],[-6.605009128999939,37.345126022000045],[-6.588847642999951,37.33275279000003],[-6.573797007999929,37.32609147900007],[-6.571130508999943,37.32409993700003],[-6.571438855999929,37.321559043000036],[-6.56383640699994,37.317518075000066],[-6.56175812999993,37.30838228600004],[-6.562401340999941,37.302894311000045],[-6.559630910999942,37.296761365000066],[-6.559360697999978,37.29103061100005]],[[-6.6040993439999625,37.31245786000005],[-6.604604818999974,37.31308176400006],[-6.605257927999958,37.31273813000007],[-6.6040993439999625,37.31245786000005]],[[-6.596190534999948,37.29966638800005],[-6.593993043999944,37.29658678800007],[-6.591275891999942,37.29767436900005],[-6.593870420999963,37.30178917000006],[-6.5914623459999575,37.30345466400007],[-6.593740966999974,37.30496511100006],[-6.5882585239999685,37.30908849700006],[-6.592912995999939,37.31477817900003],[-6.596178689999931,37.313215025000034],[-6.598768365999945,37.31450982100006],[-6.600713938999945,37.31263953200005],[-6.599823718999971,37.310969397000065],[-6.605019444999925,37.31073503300007],[-6.600663360999931,37.30564205400003],[-6.603069070999936,37.30780275500007],[-6.608642919999966,37.30512646200003],[-6.605957696999951,37.302330504000054],[-6.600665563999939,37.30557270000003],[-6.596190534999948,37.29966638800005]],[[-6.606699513999956,37.297575460000076],[-6.604010871999947,37.29996975700004],[-6.605811309999979,37.30207447500004],[-6.606699513999956,37.297575460000076]],[[-6.605741515999966,37.314571210000054],[-6.604094859999975,37.31529085300008],[-6.604437109999935,37.315658048000046],[-6.605741515999966,37.314571210000054]]]}},{"type":"Feature","properties":{"ClaseSuelo":"SUELO URBANIZABLE DELIMITADO O SECTORIZADO","NuclRural":"0","AreaLamber":17.72552582,"Shape_STAr":0.0000179841248015},"geometry":{"type":"MultiPolygon","coordinates":[[[[-6.601758588999928,37.30634827500006],[-6.600844207999955,37.30555951800005],[-6.604810571999963,37.30569849700004],[-6.60390823299997,37.30452626700003],[-6.6068176049999465,37.30273957400004],[-6.608642919999966,37.30512646200003],[-6.603069070999936,37.30780275500007],[-6.601758588999928,37.30634827500006]]],[[[-6.592814364999981,37.29725950100004],[-6.593993043999944,37.29658678800007],[-6.595213977999947,37.298176150000074],[-6.593795311999941,37.298737962000075],[-6.592814364999981,37.29725950100004]]]]}},{"type":"Feature","properties":{"ClaseSuelo":"SUELO URBANO","NuclRural":"0","AreaLamber":116.14971182,"Shape_STAr":0.000117851772318},"geometry":{"type":"MultiPolygon","coordinates":[[[[-6.597464592999927,37.314873661000036],[-6.596178689999931,37.313215025000034],[-6.594064346999971,37.31410598900004],[-6.5925959869999815,37.31209015700006],[-6.59048441799996,37.312303359000055],[-6.5882585239999685,37.30908849700006],[-6.593740966999974,37.30496511100006],[-6.5914623459999575,37.30345466400007],[-6.595872149999934,37.301762187000065],[-6.595068641999944,37.30073587700008],[-6.5963743149999345,37.29969138800004],[-6.600665563999939,37.30557270000003],[-6.60390823299997,37.30452626700003],[-6.604810571999963,37.30569849700004],[-6.600496866999947,37.305731071000025],[-6.601790764999976,37.30862518200007],[-6.602989980999951,37.307945870000026],[-6.601891724999973,37.308825230000025],[-6.605019444999925,37.31073503300007],[-6.599823718999971,37.310969397000065],[-6.600267353999925,37.313724007000076],[-6.597464592999927,37.314873661000036]],[[-6.593659102999936,37.30931862700004],[-6.592949544999954,37.30855678900008],[-6.593246620999935,37.309511755000074],[-6.593659102999936,37.30931862700004]],[[-6.594425243999979,37.30809980400005],[-6.5955103339999255,37.30638825900007],[-6.5941000719999465,37.30542219400007],[-6.5928182269999525,37.306578552000076],[-6.594425243999979,37.30809980400005]],[[-6.592552750999971,37.306981791000055],[-6.592071387999965,37.30786363900006],[-6.593011677999925,37.30769115500004],[-6.592552750999971,37.306981791000055]],[[-6.598597217999952,37.30476448200005],[-6.59981866399994,37.30492693600007],[-6.59905622399998,37.304059995000046],[-6.598597217999952,37.30476448200005]],[[-6.597978184999931,37.30189478900007],[-6.597931800999959,37.302273942000056],[-6.598315260999925,37.30207984100008],[-6.597978184999931,37.30189478900007]]],[[[-6.604595161999953,37.30371917100007],[-6.6060683059999405,37.30269142000003],[-6.606348214999969,37.303041250000035],[-6.604595161999953,37.30371917100007]]],[[[-6.6040993439999625,37.31245786000005],[-6.605257927999958,37.31273813000007],[-6.604604818999974,37.31308176400006],[-6.6040993439999625,37.31245786000005]]]]}},{"type":"Feature","properties":{"ClaseSuelo":"SUELO URBANO NO CONSOLIDADO","NuclRural":"0","AreaLamber":30.66906231,"Shape_STAr":0.0000311171029609},"geometry":{"type":"MultiPolygon","coordinates":[[[[-6.594411183999966,37.302486748000035],[-6.591275891999942,37.29767436900005],[-6.596099586999969,37.29951186900007],[-6.594411183999966,37.302486748000035]]],[[[-6.597873523999965,37.30207844700004],[-6.597837893999952,37.301880777000065],[-6.598315260999925,37.30207984100008],[-6.597873523999965,37.30207844700004]]],[[[-6.598281995999969,37.30443460600003],[-6.59981866399994,37.30492693600007],[-6.5991394799999625,37.305378715000074],[-6.598281995999969,37.30443460600003]]],[[[-6.603289003999976,37.30394773100005],[-6.606448066999974,37.302972440000076],[-6.600458259999925,37.30522248900007],[-6.603289003999976,37.30394773100005]]],[[[-6.592005866999955,37.30708732900007],[-6.593011677999925,37.30769115500004],[-6.592071387999965,37.30786363900006],[-6.592005866999955,37.30708732900007]]],[[[-6.594061265999926,37.308383451000054],[-6.5928182269999525,37.306578552000076],[-6.5941000719999465,37.30542219400007],[-6.5955103339999255,37.30638825900007],[-6.594061265999926,37.308383451000054]]],[[[-6.601790764999976,37.30862518200007],[-6.600663360999931,37.30564205400003],[-6.602845902999945,37.307769086000064],[-6.601790764999976,37.30862518200007]]],[[[-6.593012343999931,37.308724942000026],[-6.593659102999936,37.30931862700004],[-6.593246620999935,37.309511755000074],[-6.593012343999931,37.308724942000026]]],[[[-6.601891724999973,37.308825230000025],[-6.602989980999951,37.307945870000026],[-6.604155123999931,37.30937236400007],[-6.601891724999973,37.308825230000025]]],[[[-6.592912995999939,37.31477817900003],[-6.59048441799996,37.312303359000055],[-6.5925959869999815,37.31209015700006],[-6.594440272999975,37.314047154000036],[-6.592912995999939,37.31477817900003]]]]}},{"type":"Feature","properties":{"ClaseSuelo":"SUELO URBANO NO CONSOLIDADO","NuclRural":"0","AreaLamber":32.6333922,"Shape_STAr":0.0000330735781654},"geometry":{"type":"MultiPolygon","coordinates":[[[[-7.1412757279999255,37.28616263500004],[-7.141033709999931,37.28820806300007],[-7.136565322999957,37.290094690000046],[-7.135970998999937,37.28853219500007],[-7.1412757279999255,37.28616263500004]]],[[[-7.105983214999981,37.21708701800003],[-7.105253175999962,37.21595569100003],[-7.105816235999953,37.21593292500006],[-7.105983214999981,37.21708701800003]]],[[[-7.105460792999963,37.21742098900006],[-7.106012608999947,37.217183128000045],[-7.106101628999966,37.21753299400007],[-7.105460792999963,37.21742098900006]]],[[[-7.157570776999933,37.27839619000008],[-7.155281514999956,37.27624207100007],[-7.159237010999959,37.27566574100007],[-7.157570776999933,37.27839619000008]]],[[[-7.159611530999939,37.27810670800005],[-7.160096539999927,37.27766740900006],[-7.160047903999953,37.27845069400007],[-7.159611530999939,37.27810670800005]]],[[[-7.158563396999966,37.27812768500007],[-7.159273915999961,37.27816290000004],[-7.1592237489999775,37.27864294800003],[-7.158563396999966,37.27812768500007]]],[[[-7.156341054999928,37.27955246200003],[-7.157279837999965,37.279452280000044],[-7.156747620999965,37.28013938500004],[-7.156341054999928,37.27955246200003]]],[[[-7.158636723999962,37.280880283000045],[-7.158078366999973,37.28074765500003],[-7.160009309999964,37.27861417500003],[-7.158636723999962,37.280880283000045]]],[[[-7.154484639999964,37.280912801000056],[-7.1551897159999385,37.28070803700007],[-7.154562751999947,37.28106593100006],[-7.154484639999964,37.280912801000056]]],[[[-7.157923237999967,37.28481411800004],[-7.158926478999945,37.283208056000035],[-7.161425154999961,37.28417598100003],[-7.157923237999967,37.28481411800004]]],[[[-7.151737301999958,37.29036015300005],[-7.151697594999973,37.288833114000056],[-7.152727506999952,37.28869765200005],[-7.151737301999958,37.29036015300005]]],[[[-7.134762098999943,37.29098438400007],[-7.137934494999968,37.289627117000066],[-7.139302303999955,37.29063988900003],[-7.133725824999942,37.29317582900006],[-7.134762098999943,37.29098438400007]]]]}},{"type":"Feature","properties":{"ClaseSuelo":"SUELO NO URBANIZABLE","NuclRural":"0","AreaLamber":32745.0867689,"Shape_STAr":0.0332440469779},"geometry":{"type":"Polygon","coordinates":[[[-7.086411494999936,37.535846605000074],[-7.074280232999968,37.53221278900003],[-7.053791138999941,37.53023435600005],[-7.026981037999974,37.51670403500003],[-7.014841786999966,37.50416442300008],[-7.013164263999954,37.50007786300006],[-7.006967920999955,37.49583852000006],[-7.005374021999955,37.48992037700003],[-7.000455665999937,37.48672724000005],[-6.994529999999941,37.47819924100003],[-6.988774545999945,37.474331290000066],[-6.978466130999948,37.471121037000046],[-6.974903048999977,37.47383538500003],[-6.972641980999981,37.47062358000005],[-6.961920822999957,37.46963271200008],[-6.949236140999972,37.464400700000056],[-6.947851338999953,37.46557303000003],[-6.9327534079999396,37.46450056000003],[-6.915579397999977,37.458720689000074],[-6.899897024999973,37.44724084200004],[-6.873786702999951,37.436524750000046],[-6.86879681299996,37.431986004000066],[-6.863144969999951,37.42291047100008],[-6.85586868799993,37.41846392200006],[-6.857064396999931,37.41161455800005],[-6.854990888999964,37.406637568000065],[-6.855622880999931,37.40288747300008],[-6.858869410999944,37.396619730000054],[-6.86298646299997,37.394341170000075],[-6.865903990999925,37.38784078200007],[-6.864810121999938,37.38017441400007],[-6.870057092999957,37.374426466000045],[-6.875086727999928,37.373459859000036],[-6.8764336229999685,37.37024473300005],[-6.884075091999932,37.367624575000036],[-6.887385362999964,37.368344473000036],[-6.889444725999965,37.366042632000074],[-6.895810958999959,37.367148100000065],[-6.898308028999963,37.36480465200003],[-6.899999704999971,37.366523459000064],[-6.9036779209999395,37.36497867700007],[-6.907454382999958,37.36728607800006],[-6.9125670129999435,37.365981840000074],[-6.91254913299997,37.36194672800008],[-6.914086356999974,37.36025631000007],[-6.916814991999956,37.360427128000026],[-6.916868883999939,37.358209309000074],[-6.927129431999958,37.35544551500004],[-6.927236104999963,37.35229809500004],[-6.93071869399995,37.348542972000075],[-6.93097447699995,37.34306646600004],[-6.933018237999931,37.34244896000007],[-6.934702849999951,37.33927603400008],[-6.9432673029999705,37.341242616000045],[-6.946994573999973,37.34024438800003],[-6.979504990999942,37.30789585700006],[-7.0160604569999805,37.299966522000034],[-7.0285995049999315,37.29997222600008],[-7.053519811999934,37.295580157000074],[-7.057352990999959,37.29641249500003],[-7.063902508999945,37.294503029000055],[-7.074252454999964,37.285724393000066],[-7.077685760999941,37.27874202300006],[-7.071832434999976,37.277016081000056],[-7.069381395999926,37.272740644000066],[-7.064595936999979,37.27199545600007],[-7.058245269999929,37.26834019000006],[-7.047496785999954,37.27051922100003],[-7.03831598499994,37.26366276600004],[-7.031789336999964,37.26174157200006],[-7.027805882999928,37.25699496300007],[-7.02354773899998,37.25469873600008],[-7.019266100999971,37.253439075000074],[-7.0001865139999495,37.25831080100005],[-7.005578991999926,37.23247313400003],[-7.025240889999964,37.23739968000007],[-7.0303556609999305,37.23972073400006],[-7.0382021159999795,37.24761436600005],[-7.054252689999942,37.253379807000044],[-7.067310717999931,37.26401115700003],[-7.068796936999945,37.26795954000005],[-7.07828096399993,37.27786574500004],[-7.079721534999976,37.28199568600007],[-7.080021431999967,37.28733600100003],[-7.07391223299993,37.291744366000046],[-7.073761334999972,37.29897387400007],[-7.070948579999936,37.30347562900005],[-7.0736898159999555,37.30955156400006],[-7.075445753999929,37.32221910900006],[-7.085903689999952,37.34889038000006],[-7.102089656999965,37.37178559900008],[-7.097754391999956,37.38460997200008],[-7.0808792369999765,37.39357157000006],[-7.071944003999931,37.41411157700003],[-7.061163990999944,37.421508954000046],[-7.045024816999955,37.42947645500004],[-7.054809053999975,37.45817308100004],[-7.059095114999934,37.45865631300006],[-7.064809787999934,37.46298156700004],[-7.070509051999977,37.461388946000056],[-7.075632093999957,37.463545166000074],[-7.0806591029999595,37.46351558600003],[-7.0838753559999645,37.46592650800005],[-7.082238555999936,37.46886561600007],[-7.077301184999953,37.47034242500007],[-7.079150242999958,37.47296283800006],[-7.08379328999996,37.47375708000004],[-7.0839014969999425,37.476158403000056],[-7.075863416999937,37.48276875300007],[-7.0695670049999535,37.48130160200003],[-7.062360156999944,37.48200930200005],[-7.0633732999999665,37.48860415100006],[-7.061112254999955,37.49694212300005],[-7.065623787999925,37.507785227000056],[-7.062475226999936,37.51185708700007],[-7.062733725999976,37.52016233300003],[-7.07155294699993,37.52470444700003],[-7.0721699419999595,37.52149442000007],[-7.0779900039999575,37.521626662000074],[-7.080879851999953,37.51862625100006],[-7.085604312999976,37.518787004000046],[-7.089010919999964,37.524839231000044],[-7.091610025999955,37.523560098000075],[-7.094177084999956,37.525831038000035],[-7.092033648999973,37.52944542100005],[-7.088806531999978,37.529791526000054],[-7.089027059999978,37.53217091300007],[-7.086411494999936,37.535846605000074]],[[-6.9662058549999415,37.37196244100005],[-6.961610686999961,37.37157955400005],[-6.9670156669999415,37.37156674000005],[-6.9645850119999295,37.36884919100004],[-6.966598712999939,37.366170614000055],[-6.964388468999971,37.36605600400003],[-6.960326314999975,37.37533826900005],[-6.958813113999952,37.37531215200005],[-6.961131428999977,37.37911537400004],[-6.964787012999977,37.380702308000025],[-6.977271679999944,37.379022736000024],[-6.975061067999945,37.37747556100004],[-6.9748180929999535,37.37088490900004],[-6.971446568999966,37.37285129400004],[-6.9662058549999415,37.37196244100005]],[[-6.954712030999929,37.37593223500005],[-6.950539177999929,37.37521587600003],[-6.950179357999957,37.37654261600005],[-6.959061022999947,37.378134948000024],[-6.954712030999929,37.37593223500005]],[[-6.953212092999934,37.375556420000066],[-6.958235223999964,37.37663956700004],[-6.957908771999939,37.37519684600005],[-6.95091612899995,37.373774602000026],[-6.950572187999967,37.37509684400004],[-6.953212092999934,37.375556420000066]],[[-6.9614050349999275,37.36422033700006],[-6.960200373999953,37.36873755500005],[-6.961033590999932,37.36922126600007],[-6.9614050349999275,37.36422033700006]],[[-6.9604048259999445,37.362043494000034],[-6.958648536999931,37.364642643000025],[-6.960317792999945,37.36496426000008],[-6.9604048259999445,37.362043494000034]]]}},{"type":"Feature","properties":{"ClaseSuelo":"SUELO URBANIZABLE DELIMITADO O SECTORIZADO","NuclRural":"0","AreaLamber":44.79540088,"Shape_STAr":0.0000454672990122},"geometry":{"type":"MultiPolygon","coordinates":[[[[-6.952654300999939,37.37701345000005],[-6.950179357999957,37.37654261600005],[-6.950539177999929,37.37521587600003],[-6.958271916999934,37.37676790000006],[-6.959061022999947,37.378134948000024],[-6.952654300999939,37.37701345000005]]],[[[-6.9604048259999445,37.362043494000034],[-6.960317792999945,37.36496426000008],[-6.958648536999931,37.364642643000025],[-6.9604048259999445,37.362043494000034]]],[[[-6.9614050349999275,37.36422033700006],[-6.961033590999932,37.36922126600007],[-6.960200373999953,37.36873755500005],[-6.9614050349999275,37.36422033700006]]],[[[-6.965585401999931,37.37423811800005],[-6.963807630999952,37.371705451000025],[-6.96619316999994,37.371910558000025],[-6.965585401999931,37.37423811800005]]],[[[-6.960361792999947,37.37516556200006],[-6.961271473999943,37.371245660000056],[-6.961753983999927,37.37362771100004],[-6.964429473999928,37.37363562400003],[-6.964104322999958,37.37512441100006],[-6.960361792999947,37.37516556200006]]],[[[-6.9507777939999755,37.37430708000005],[-6.957908771999939,37.37519684600005],[-6.958235223999964,37.37663956700004],[-6.9507777939999755,37.37430708000005]]],[[[-6.961879481999972,37.37761490300005],[-6.964635633999933,37.379417698000054],[-6.961437936999971,37.37931666800006],[-6.961879481999972,37.37761490300005]]]]}},{"type":"Feature","properties":{"ClaseSuelo":"SUELO URBANO","NuclRural":"0","AreaLamber":103.94951224,"Shape_STAr":0.00010550921254},"geometry":{"type":"MultiPolygon","coordinates":[[[[-6.963489269999968,37.38031522800003],[-6.964635633999933,37.379417698000054],[-6.963654645999952,37.37813436600004],[-6.962391867999941,37.377326362000076],[-6.960588665999978,37.37865601400006],[-6.95918504399998,37.37668394800005],[-6.960345097999948,37.37516968600005],[-6.964104322999958,37.37512441100006],[-6.964429473999928,37.37363562400003],[-6.961753983999927,37.37362771100004],[-6.961858551999967,37.37199160000006],[-6.963807630999952,37.371705451000025],[-6.965585401999931,37.37423811800005],[-6.9662058549999415,37.37196244100005],[-6.971446568999966,37.37285129400004],[-6.9752525499999365,37.37139211700003],[-6.975061067999945,37.37747556100004],[-6.977271679999944,37.379022736000024],[-6.963489269999968,37.38031522800003]]],[[[-6.962633750999942,37.36947046900008],[-6.964778170999978,37.368005004000054],[-6.966265933999978,37.36986792600004],[-6.962633750999942,37.36947046900008]]],[[[-6.963325540999961,37.36772361800007],[-6.963396526999929,37.367869969000026],[-6.962501617999976,37.36790927900006],[-6.963325540999961,37.36772361800007]]]]}},{"type":"Feature","properties":{"ClaseSuelo":"SUELO URBANO NO CONSOLIDADO","NuclRural":"0","AreaLamber":14.07987031,"Shape_STAr":0.0000142901605616},"geometry":{"type":"MultiPolygon","coordinates":[[[[-6.962648247999937,37.36917475900003],[-6.964388468999971,37.36605600400003],[-6.966598712999939,37.366170614000055],[-6.962648247999937,37.36917475900003]]],[[[-6.961610686999961,37.37157955400005],[-6.962238918999958,37.369389553000076],[-6.9640071149999585,37.370626628000025],[-6.961610686999961,37.37157955400005]]],[[[-6.964076948999946,37.370623745000046],[-6.967388309999933,37.37051684900007],[-6.9670156669999415,37.37156674000005],[-6.964076948999946,37.370623745000046]]],[[[-6.958815940999955,37.375411780000036],[-6.960168698999951,37.375335549000056],[-6.959969872999977,37.37670720300008],[-6.958815940999955,37.375411780000036]]]]}},{"type":"Feature","properties":{"ClaseSuelo":"SISTEMAS GENERALES","NuclRural":"0","AreaLamber":331.70501367,"Shape_STAr":0.000336873918405},"geometry":{"type":"MultiPolygon","coordinates":[[[[-6.5112776639999765,37.37562622400003],[-6.50736402299998,37.36982099200003],[-6.50643933799995,37.36014542100003],[-6.503838307999956,37.35785310400007],[-6.519019412999967,37.36173558100006],[-6.527048640999965,37.361547001000076],[-6.527713579999954,37.36950428700004],[-6.534294579999937,37.36915309500006],[-6.534819310999978,37.37128708300003],[-6.532721095999932,37.37162800400006],[-6.533145227999967,37.37342987200003],[-6.530617651999933,37.37330499700005],[-6.531240935999961,37.37518311700006],[-6.5295564919999265,37.37557902100008],[-6.5199745429999325,37.37181259400006],[-6.518464598999969,37.37207623100005],[-6.519347840999956,37.37419921600008],[-6.5112776639999765,37.37562622400003]]],[[[-6.574943160999965,37.447006842000064],[-6.575249280999969,37.44683429400004],[-6.575517283999943,37.447155758000065],[-6.574943160999965,37.447006842000064]]],[[[-6.555363891999946,37.436422451000055],[-6.55301609199995,37.43431549300004],[-6.559268881999969,37.435570176000056],[-6.555363891999946,37.436422451000055]]],[[[-6.569709745999944,37.39911247500004],[-6.5707105729999284,37.40010754000008],[-6.569658731999937,37.39988281300003],[-6.569709745999944,37.39911247500004]]],[[[-6.571724188999951,37.39879999300007],[-6.572697319999975,37.399018495000064],[-6.57145823299993,37.39975898400007],[-6.571724188999951,37.39879999300007]]],[[[-6.549382398999967,37.38016224300003],[-6.550409201999969,37.380382990000044],[-6.5499629579999805,37.38067467500008],[-6.549382398999967,37.38016224300003]]],[[[-6.572457979999967,37.37622881000004],[-6.574488992999932,37.37553191400008],[-6.574714068999981,37.37669641100007],[-6.572457979999967,37.37622881000004]]],[[[-6.550401749999935,37.369292991000066],[-6.548816766999948,37.36822994600004],[-6.550157390999971,37.36777484700008],[-6.550401749999935,37.369292991000066]]],[[[-6.534910353999976,37.369201823000026],[-6.534211384999935,37.36880397700003],[-6.534669147999978,37.36842967200005],[-6.534910353999976,37.369201823000026]]],[[[-6.540060341999947,37.35947674100004],[-6.539233181999975,37.35880233100005],[-6.541696090999949,37.35767981400005],[-6.553984714999956,37.35595958600004],[-6.540060341999947,37.35947674100004]]]]}},{"type":"Feature","properties":{"ClaseSuelo":"SUELO NO URBANIZABLE","NuclRural":"0","AreaLamber":5102.5797549,"Shape_STAr":0.00518446724471},"geometry":{"type":"MultiPolygon","coordinates":[[[[-6.5112776639999765,37.37562622400003],[-6.519347840999956,37.37419921600008],[-6.518464598999969,37.37207623100005],[-6.5199745429999325,37.37181259400006],[-6.52348195899998,37.37416415300004],[-6.531240935999961,37.37518311700006],[-6.530617651999933,37.37330499700005],[-6.533145227999967,37.37342987200003],[-6.532721095999932,37.37162800400006],[-6.534819310999978,37.37128708300003],[-6.534294579999937,37.36915309500006],[-6.5440136869999606,37.37050342200007],[-6.540060341999947,37.35947674100004],[-6.541362645999925,37.36497756400007],[-6.545611414999939,37.369883655000024],[-6.548426207999967,37.37058384300008],[-6.553874677999943,37.36892681900008],[-6.546394059999955,37.36176902900007],[-6.543506180999941,37.36141160400007],[-6.544338840999956,37.358784867000054],[-6.541651395999963,37.35901077600005],[-6.542365367999935,37.35829246700007],[-6.546046695999962,37.35790595200007],[-6.546061112999951,37.35933992900004],[-6.548021902999949,37.35765891400007],[-6.547623676999933,37.35911901500003],[-6.550534183999957,37.35896731500003],[-6.550767567999969,37.35699302800003],[-6.553984714999956,37.35595958600004],[-6.564593517999981,37.358937353000044],[-6.564216703999932,37.36099593100005],[-6.566312810999932,37.36217791800004],[-6.56851461499997,37.36109587300007],[-6.568912471999965,37.36366870300003],[-6.57319423499996,37.365764537000075],[-6.57158829399998,37.367082734000064],[-6.572678288999953,37.36892009700006],[-6.568373082999926,37.37173198700003],[-6.567172977999974,37.37463982200006],[-6.5832865879999645,37.37137297000004],[-6.582294686999944,37.374564649000035],[-6.593766491999929,37.41479308600003],[-6.59663980199997,37.41842636200005],[-6.598496025999964,37.42487433300005],[-6.604636655999968,37.42948888900003],[-6.6034315229999265,37.43403916300008],[-6.600908956999945,37.43538636400007],[-6.59388007299998,37.433699552000064],[-6.585728772999971,37.43783919700007],[-6.583245721999958,37.44073438100003],[-6.581546593999974,37.44774989600006],[-6.571680762999961,37.45152617600007],[-6.571775675999959,37.45304583400008],[-6.575193824999928,37.45458204400006],[-6.544472915999961,37.45997662800005],[-6.545138086999941,37.449893486000065],[-6.53948562599993,37.439297114000055],[-6.535414597999932,37.427220645000034],[-6.517581868999969,37.39570721700005],[-6.5112776639999765,37.37562622400003]],[[-6.572457979999967,37.37622881000004],[-6.574714068999981,37.37669641100007],[-6.574488992999932,37.37553191400008],[-6.572457979999967,37.37622881000004]],[[-6.548629630999926,37.38349520500003],[-6.545515750999925,37.38294898500004],[-6.54543913599997,37.38610647300004],[-6.538804571999947,37.38738132300006],[-6.539659317999963,37.389718756000036],[-6.541724288999944,37.39106639000005],[-6.542357718999938,37.389611985000045],[-6.54343473299997,37.391776969000034],[-6.553187167999965,37.39086224300007],[-6.554246090999925,37.39613071800005],[-6.558152764999932,37.39365990300007],[-6.560319959999958,37.39510467700006],[-6.564743619999945,37.39451027200005],[-6.563028986999939,37.39289989400004],[-6.566253399999937,37.39107052600008],[-6.557732581999971,37.38256575100007],[-6.556709312999942,37.37945960700006],[-6.5500698459999285,37.378103905000046],[-6.548629630999926,37.38349520500003]],[[-6.568119206999938,37.389730823000036],[-6.565760895999972,37.39042677400005],[-6.569339930999945,37.390496367000026],[-6.568119206999938,37.389730823000036]],[[-6.538649289999967,37.38995214800008],[-6.538172981999935,37.39119470600008],[-6.540712729999939,37.390820492000046],[-6.538649289999967,37.38995214800008]],[[-6.531379673999936,37.388225584000054],[-6.531597973999965,37.39066141400008],[-6.533953405999966,37.39040966400006],[-6.533015477999925,37.387878803000035],[-6.531379673999936,37.388225584000054]],[[-6.571724188999951,37.39879999300007],[-6.57145823299993,37.39975898400007],[-6.572697319999975,37.399018495000064],[-6.571724188999951,37.39879999300007]],[[-6.569709745999944,37.39911247500004],[-6.569658731999937,37.39988281300003],[-6.5707105729999284,37.40010754000008],[-6.569709745999944,37.39911247500004]],[[-6.555363891999946,37.436422451000055],[-6.559268881999969,37.435570176000056],[-6.55301609199995,37.43431549300004],[-6.555363891999946,37.436422451000055]],[[-6.574943160999965,37.447006842000064],[-6.575517283999943,37.447155758000065],[-6.575249280999969,37.44683429400004],[-6.574943160999965,37.447006842000064]]],[[[-6.579484398999966,37.36284562800006],[-6.580376666999939,37.363687791000075],[-6.575858448999952,37.36533756100005],[-6.575106540999968,37.363600518000055],[-6.579484398999966,37.36284562800006]]]]}},{"type":"Feature","properties":{"ClaseSuelo":"SUELO NO URBANIZABLE","NuclRural":"1","AreaLamber":5.96162517,"Shape_STAr":0.00000605338223949},"geometry":{"type":"MultiPolygon","coordinates":[[[[-6.548021902999949,37.35765891400007],[-6.550767567999969,37.35699302800003],[-6.550534183999957,37.35896731500003],[-6.547623676999933,37.35911901500003],[-6.548021902999949,37.35765891400007]]],[[[-6.546046695999962,37.35790595200007],[-6.546732560999942,37.35907532700003],[-6.545509311999979,37.35926898300005],[-6.546046695999962,37.35790595200007]]]]}},{"type":"Feature","properties":{"ClaseSuelo":"SUELO URBANIZABLE DELIMITADO O SECTORIZADO","NuclRural":"0","AreaLamber":79.51956809,"Shape_STAr":0.0000807625967705},"geometry":{"type":"MultiPolygon","coordinates":[[[[-6.54166354299997,37.369189927000036],[-6.539602112999944,37.369347885000025],[-6.535371365999936,37.359140825000054],[-6.540060341999947,37.35947674100004],[-6.5440136869999606,37.37050342200007],[-6.54166354299997,37.369189927000036]],[[-6.541101923999975,37.36512120800006],[-6.538997623999933,37.365360148000036],[-6.540822337999941,37.367104367000024],[-6.5421537069999545,37.366342631000066],[-6.541101923999975,37.36512120800006]]],[[[-6.555607643999963,37.382152087000065],[-6.555589193999936,37.37941623900008],[-6.554157842999928,37.38056211900005],[-6.550635008999961,37.37896488500007],[-6.556709312999942,37.37945960700006],[-6.560148926999943,37.38487620800004],[-6.558126487999971,37.385130565000054],[-6.555607643999963,37.382152087000065]]],[[[-6.544520777999935,37.389023586000064],[-6.5432130029999485,37.388298348000035],[-6.5459768429999485,37.38779416700004],[-6.544520777999935,37.389023586000064]]],[[[-6.538804571999947,37.38738132300006],[-6.5413889349999295,37.38668514900007],[-6.54203036499996,37.38918471100004],[-6.539583172999926,37.389470662000065],[-6.538804571999947,37.38738132300006]]],[[[-6.531379673999936,37.388225584000054],[-6.533015477999925,37.387878803000035],[-6.533953405999966,37.39040966400006],[-6.531597973999965,37.39066141400008],[-6.531379673999936,37.388225584000054]]],[[[-6.540720879999981,37.38995076300006],[-6.542206451999959,37.389797083000076],[-6.542606022999962,37.39083836400005],[-6.540720879999981,37.38995076300006]]],[[[-6.546143775999951,37.39045910800007],[-6.548523030999945,37.38883130800008],[-6.550190973999975,37.390773574000036],[-6.546143775999951,37.39045910800007]]],[[[-6.55408037899997,37.39312478900007],[-6.556550523999931,37.39550429900004],[-6.554246090999925,37.39613071800005],[-6.55408037899997,37.39312478900007]]]]}},{"type":"Feature","properties":{"ClaseSuelo":"SUELO URBANIZABLE NO DELIMITADO O SECTORIZADO","NuclRural":"0","AreaLamber":279.04750043,"Shape_STAr":0.000283374538884},"geometry":{"type":"MultiPolygon","coordinates":[[[[-6.564593517999981,37.358937353000044],[-6.566537169999947,37.359347325000044],[-6.568347379999977,37.35658093500007],[-6.578979960999959,37.362304582000036],[-6.575106540999968,37.363600518000055],[-6.575858448999952,37.36533756100005],[-6.580376666999939,37.363687791000075],[-6.583527405999973,37.36915785300005],[-6.5832865879999645,37.37137297000004],[-6.567172977999974,37.37463982200006],[-6.568373082999926,37.37173198700003],[-6.572678288999953,37.36892009700006],[-6.57158829399998,37.367082734000064],[-6.57319423499996,37.365764537000075],[-6.568912471999965,37.36366870300003],[-6.56851461499997,37.36109587300007],[-6.566312810999932,37.36217791800004],[-6.564216703999932,37.36099593100005],[-6.564593517999981,37.358937353000044]]],[[[-6.534965147999969,37.36921556300007],[-6.527713579999954,37.36950428700004],[-6.527048640999965,37.361547001000076],[-6.535371365999936,37.359140825000054],[-6.539602112999944,37.369347885000025],[-6.534965147999969,37.36921556300007]]],[[[-6.560551001999954,37.38634573100006],[-6.564527146999978,37.389293259000056],[-6.561913367999978,37.38963456500005],[-6.560551001999954,37.38634573100006]]],[[[-6.553063364999957,37.39296496600008],[-6.554303649999952,37.39186896000007],[-6.553187167999965,37.39086224300007],[-6.558658431999959,37.391361120000056],[-6.553063364999957,37.39296496600008]]],[[[-6.5421568299999535,37.38856573100003],[-6.5413889349999295,37.38668514900007],[-6.54543913599997,37.38610647300004],[-6.545549286999972,37.387575980000065],[-6.5421568299999535,37.38856573100003]]],[[[-6.567258989999971,37.38999302900004],[-6.569339930999945,37.390496367000026],[-6.565760895999972,37.39042677400005],[-6.567258989999971,37.38999302900004]]],[[[-6.545829347999927,37.38310345900004],[-6.5480841549999695,37.38319121500007],[-6.546298985999954,37.38532225000006],[-6.545829347999927,37.38310345900004]]]]}},{"type":"Feature","properties":{"ClaseSuelo":"SUELO URBANO","NuclRural":"0","AreaLamber":235.02687188,"Shape_STAr":0.000238712155437},"geometry":{"type":"MultiPolygon","coordinates":[[[[-6.55361800299994,37.39452327500004],[-6.5530617649999385,37.39305073500003],[-6.558658431999959,37.391361120000056],[-6.550190973999975,37.390773574000036],[-6.548523030999945,37.38883130800008],[-6.546341918999929,37.39131318500006],[-6.54343473299997,37.391776969000034],[-6.542357718999938,37.389611985000045],[-6.539571799999976,37.38944014300006],[-6.545549286999972,37.387575980000065],[-6.54525956699996,37.38306096200006],[-6.546298985999954,37.38532225000006],[-6.548353199999951,37.38316644200006],[-6.546123155999965,37.385628386000064],[-6.548435706999953,37.385779151000065],[-6.5500698459999285,37.378103905000046],[-6.554157842999928,37.38056211900005],[-6.555589193999936,37.37941623900008],[-6.555716348999965,37.38253155500007],[-6.558126487999971,37.385130565000054],[-6.560148926999943,37.38487620800004],[-6.560889920999955,37.38872724300006],[-6.564216429999931,37.38947355800008],[-6.561827692999941,37.39063290100006],[-6.565007160999926,37.38989893000007],[-6.566253399999937,37.39107052600008],[-6.563028986999939,37.39289989400004],[-6.564235409999981,37.394775967000044],[-6.560007925999969,37.39212400500003],[-6.5616139679999606,37.39471645400005],[-6.560319959999958,37.39510467700006],[-6.558381019999956,37.39269247800007],[-6.557107418999976,37.395052891000034],[-6.555309805999968,37.393097176000026],[-6.55361800299994,37.39452327500004]],[[-6.558810806999929,37.39036931100003],[-6.560068843999943,37.39087680700004],[-6.559678687999963,37.38988925600006],[-6.558810806999929,37.39036931100003]],[[-6.55693879599994,37.38982182600006],[-6.556353753999929,37.39053974700005],[-6.557462697999938,37.390785082000036],[-6.55693879599994,37.38982182600006]],[[-6.553161726999974,37.39035247400005],[-6.555256333999978,37.38989617000004],[-6.553330498999969,37.389711308000074],[-6.553161726999974,37.39035247400005]],[[-6.5524783529999695,37.389297414000055],[-6.551575929999956,37.388386327000035],[-6.552051605999964,37.38959717900008],[-6.5524783529999695,37.389297414000055]],[[-6.544520777999935,37.389023586000064],[-6.5459768429999485,37.38779416700004],[-6.5432130029999485,37.388298348000035],[-6.544520777999935,37.389023586000064]],[[-6.557410496999978,37.38763465200003],[-6.558591938999939,37.38818346200003],[-6.558551326999975,37.38709797900003],[-6.557410496999978,37.38763465200003]],[[-6.558317187999933,37.38585106200003],[-6.55654478699995,37.385089651000044],[-6.557057311999927,37.38683478300004],[-6.558317187999933,37.38585106200003]],[[-6.555934510999975,37.38522091900006],[-6.55650013199994,37.38501887700005],[-6.555862665999939,37.38412158700004],[-6.555934510999975,37.38522091900006]],[[-6.550698464999925,37.38441217900004],[-6.551096037999969,37.38430788200003],[-6.551023427999951,37.38416955100007],[-6.550698464999925,37.38441217900004]],[[-6.549382398999967,37.38016224300003],[-6.5499629579999805,37.38067467500008],[-6.550409201999969,37.380382990000044],[-6.549382398999967,37.38016224300003]]],[[[-6.5532173349999425,37.391035644000056],[-6.554167094999968,37.39116550500006],[-6.5536901159999275,37.39251539300005],[-6.5532173349999425,37.391035644000056]]],[[[-6.567258989999971,37.38999302900004],[-6.568119206999938,37.389730823000036],[-6.56829960999994,37.39018722600008],[-6.567258989999971,37.38999302900004]]],[[[-6.538649289999967,37.38995214800008],[-6.540712729999939,37.390820492000046],[-6.538172981999935,37.39119470600008],[-6.538649289999967,37.38995214800008]]],[[[-6.540481403999934,37.35960886500004],[-6.544338840999956,37.358784867000054],[-6.543506180999941,37.36141160400007],[-6.546394059999955,37.36176902900007],[-6.553874677999943,37.36892681900008],[-6.550813026999947,37.369400195000026],[-6.549585587999957,37.36783157700006],[-6.548939437999934,37.37041462700006],[-6.545611414999939,37.369883655000024],[-6.541362645999925,37.36497756400007],[-6.540481403999934,37.35960886500004]]],[[[-6.538997623999933,37.365360148000036],[-6.540699047999965,37.36454314700006],[-6.5421537069999545,37.366342631000066],[-6.540822337999941,37.367104367000024],[-6.538997623999933,37.365360148000036]]]]}},{"type":"Feature","properties":{"ClaseSuelo":"SUELO URBANO NO CONSOLIDADO","NuclRural":"0","AreaLamber":15.26750417,"Shape_STAr":0.0000155086378597},"geometry":{"type":"MultiPolygon","coordinates":[[[[-6.561276975999931,37.39418947900003],[-6.559769056999926,37.39219949900007],[-6.562878783999963,37.393240261000074],[-6.561276975999931,37.39418947900003]]],[[[-6.550698464999925,37.38441217900004],[-6.551023427999951,37.38416955100007],[-6.551096037999969,37.38430788200003],[-6.550698464999925,37.38441217900004]]],[[[-6.555934510999975,37.38522091900006],[-6.555862665999939,37.38412158700004],[-6.55650013199994,37.38501887700005],[-6.555934510999975,37.38522091900006]]],[[[-6.546334914999932,37.385935053000026],[-6.548377590999962,37.38310903000007],[-6.548435706999953,37.385779151000065],[-6.546334914999932,37.385935053000026]]],[[[-6.557013101999928,37.38603383200007],[-6.5576664959999675,37.38505457500003],[-6.558508524999979,37.38675808900007],[-6.557013101999928,37.38603383200007]]],[[[-6.557410496999978,37.38763465200003],[-6.558551326999975,37.38709797900003],[-6.558591938999939,37.38818346200003],[-6.557410496999978,37.38763465200003]]],[[[-6.552051605999964,37.38959717900008],[-6.551575929999956,37.388386327000035],[-6.552663945999939,37.38930757000003],[-6.552051605999964,37.38959717900008]]],[[[-6.553161726999974,37.39035247400005],[-6.553330498999969,37.389711308000074],[-6.555256333999978,37.38989617000004],[-6.553161726999974,37.39035247400005]]],[[[-6.56409518199996,37.389510408000035],[-6.561827692999941,37.39063290100006],[-6.561327834999929,37.38977292100003],[-6.56409518199996,37.389510408000035]]],[[[-6.55693879599994,37.38982182600006],[-6.557462697999938,37.390785082000036],[-6.556353753999929,37.39053974700005],[-6.55693879599994,37.38982182600006]]],[[[-6.558810806999929,37.39036931100003],[-6.559678687999963,37.38988925600006],[-6.560068843999943,37.39087680700004],[-6.558810806999929,37.39036931100003]]],[[[-6.558485038999947,37.394453132000024],[-6.557208455999955,37.393445144000054],[-6.558381019999956,37.39269247800007],[-6.558485038999947,37.394453132000024]]]]}},{"type":"Feature","properties":{"ClaseSuelo":"SISTEMAS GENERALES","NuclRural":"0","AreaLamber":409.53264171,"Shape_STAr":0.000414607408752},"geometry":{"type":"MultiPolygon","coordinates":[[[[-6.933090962999927,37.20146155500004],[-6.920214266999949,37.18344610200006],[-6.908005101999947,37.17390884100007],[-6.869720600999926,37.15133463800004],[-6.8713788029999705,37.14894129900006],[-6.874363365999955,37.14777010600005],[-6.8951604039999665,37.16021020100004],[-6.894152882999947,37.15827490300006],[-6.897031392999963,37.16013699900003],[-6.895248550999952,37.160266989000036],[-6.896144499999934,37.16227680000003],[-6.898709395999958,37.16098451300007],[-6.896981554999968,37.163440052000055],[-6.89949276699997,37.16505837700004],[-6.900753360999943,37.16370274700006],[-6.899579702999972,37.165141541000025],[-6.905272717999935,37.16808886000007],[-6.906475098999977,37.16680510500004],[-6.900918005999927,37.162666424000065],[-6.9026907849999475,37.163283997000065],[-6.908691191999935,37.167972372000065],[-6.90659768699993,37.16691739500004],[-6.905411621999974,37.16819883900007],[-6.90645294899997,37.16934941100004],[-6.909915518999981,37.171100387000024],[-6.911240844999952,37.169738590000065],[-6.909993896999936,37.16902290000007],[-6.9125455979999515,37.17024457600007],[-6.913482340999963,37.17124872900007],[-6.9117465099999436,37.170105626000066],[-6.910442942999964,37.17139281800007],[-6.914517008999951,37.17496543300007],[-6.916476988999932,37.17381652700004],[-6.914746167999965,37.17515184200005],[-6.91609866999994,37.17627626500007],[-6.91880804799996,37.175524264000046],[-6.9172391249999805,37.17717248500003],[-6.92119082399995,37.17726614000003],[-6.919186617999969,37.17827239500008],[-6.923693321999963,37.18261073800005],[-6.929248718999929,37.18416436800004],[-6.925102421999952,37.18046661400007],[-6.929460511999935,37.184002158000055],[-6.937570305999941,37.19648113200003],[-6.938178038999979,37.19960111000006],[-6.936663745999965,37.198481161000075],[-6.935643638999977,37.19952188900004],[-6.937517324999931,37.20378779400005],[-6.938767044999963,37.20386379100006],[-6.938097261999928,37.20138782300006],[-6.9390782789999434,37.20296804000003],[-6.938533073999963,37.20658408500003],[-6.938779352999973,37.20411433000004],[-6.9368739759999585,37.20513112000003],[-6.93757865799995,37.20982809100008],[-6.936378268999931,37.20481931200004],[-6.933090962999927,37.20146155500004]]],[[[-6.829525316999934,37.12914579100004],[-6.836405481999975,37.13147243000003],[-6.830487651999931,37.12924968500005],[-6.828500625999936,37.13179135100006],[-6.831403527999953,37.13312984000004],[-6.832764521999934,37.13133810000005],[-6.834777203999977,37.13242604900006],[-6.834093849999931,37.13534402600004],[-6.827382290999935,37.13250032800005],[-6.829525316999934,37.12914579100004]]]]}},{"type":"Feature","properties":{"ClaseSuelo":"SUELO NO URBANIZABLE","NuclRural":"0","AreaLamber":3055.21797184,"Shape_STAr":0.00309419673346},"geometry":{"type":"MultiPolygon","coordinates":[[[[-6.862844909999978,37.15040148300005],[-6.869720600999926,37.15133463800004],[-6.897158184999967,37.16744475200005],[-6.8947693029999755,37.16996259900003],[-6.896798226999977,37.17116815400004],[-6.894496381999943,37.17410296300005],[-6.893155351999951,37.17535248200005],[-6.891369155999939,37.17404055700007],[-6.871924480999951,37.19432843300007],[-6.887735111999973,37.204525197000066],[-6.890718677999928,37.204013951000036],[-6.892180441999926,37.19986543600004],[-6.896836724999957,37.195414698000036],[-6.901877646999935,37.19641850200003],[-6.90036433299997,37.19287412600005],[-6.904054070999962,37.193034312000066],[-6.904767999999933,37.194670261000056],[-6.908595542999933,37.191987992000065],[-6.913461076999965,37.19115943300005],[-6.922983143999943,37.19845678100006],[-6.925380132999976,37.19605591800007],[-6.936378268999931,37.20481931200004],[-6.93757865799995,37.20982809100008],[-6.9065198759999475,37.24102902300007],[-6.896014267999931,37.24969031100005],[-6.881199784999978,37.23923208700006],[-6.871480462999955,37.22456944500004],[-6.873483249999936,37.217261036000025],[-6.873065245999953,37.208212134000064],[-6.867689807999966,37.19117261300005],[-6.865336438999975,37.15474669100007],[-6.862844909999978,37.15040148300005]],[[-6.918905218999953,37.205517359000055],[-6.915329657999962,37.209110348000024],[-6.916543547999936,37.21158545900005],[-6.9132191589999366,37.21244515600006],[-6.912436842999966,37.21109226400006],[-6.907806103999974,37.21475273600004],[-6.913991686999964,37.21554380200007],[-6.914167623999958,37.21691406000008],[-6.918505222999954,37.211107276000064],[-6.921862680999936,37.212989984000046],[-6.928051961999927,37.20777519400008],[-6.923271455999952,37.20068984000005],[-6.916650494999942,37.19677113200004],[-6.914276495999957,37.19847000300007],[-6.914422060999925,37.201057383000034],[-6.920165004999944,37.20432888300007],[-6.918905218999953,37.205517359000055]],[[-6.876212634999945,37.22296135800008],[-6.875969340999973,37.22567834200004],[-6.87927648699997,37.226321977000055],[-6.879819260999966,37.22804545100007],[-6.884582122999973,37.22862784200004],[-6.884299888999976,37.226172072000054],[-6.887552368999934,37.22638769200006],[-6.889464062999934,37.23298095000007],[-6.8950608609999335,37.23417563900006],[-6.89955262999996,37.23241200800004],[-6.897819664999929,37.22807628100003],[-6.900773492999974,37.22699759200003],[-6.900174490999973,37.225867589000075],[-6.9039446279999765,37.22253736600004],[-6.89303117999998,37.22405165400005],[-6.8950168649999455,37.221632154000076],[-6.893516689999956,37.218432423000024],[-6.892980201999933,37.21994270000005],[-6.892511069999955,37.218818304000024],[-6.889085838999961,37.219182499000055],[-6.888688588999969,37.22077027500006],[-6.886157156999957,37.21952449300005],[-6.885278512999946,37.22272115100003],[-6.883254272999977,37.22310783300003],[-6.881288541999936,37.22134191500004],[-6.882514721999939,37.22028758300007],[-6.87927134499995,37.218170076000035],[-6.876212634999945,37.22296135800008]]],[[[-6.914851159999955,37.175004340000044],[-6.916678956999931,37.176300910000066],[-6.918693069999961,37.173729534000074],[-6.932770054999935,37.18591976600004],[-6.939467069999978,37.19821865100005],[-6.941917478999926,37.20700126500003],[-6.9378544539999325,37.20964989600003],[-6.9368739759999585,37.20513112000003],[-6.938779352999973,37.20411433000004],[-6.938533073999963,37.20658408500003],[-6.9390782789999434,37.20296804000003],[-6.938097261999928,37.20138782300006],[-6.938767044999963,37.20386379100006],[-6.937517324999931,37.20378779400005],[-6.935643638999977,37.19952188900004],[-6.936663745999965,37.198481161000075],[-6.938178038999979,37.19960111000006],[-6.937570305999941,37.19648113200003],[-6.929460511999935,37.184002158000055],[-6.925102421999952,37.18046661400007],[-6.929248718999929,37.18416436800004],[-6.923983557999975,37.18280217900008],[-6.919186617999969,37.17827239500008],[-6.92119082399995,37.17726614000003],[-6.91995389799996,37.17639887200005],[-6.9187377809999475,37.17791047000003],[-6.916889459999936,37.176788834000035],[-6.918064958999935,37.17495770600004],[-6.916672860999938,37.17649297200006],[-6.914851159999955,37.175004340000044]]],[[[-6.9105158449999635,37.171307873000046],[-6.9147963599999684,37.17491039600003],[-6.912631587999954,37.17357525800003],[-6.9105158449999635,37.171307873000046]]],[[[-6.905559948999951,37.16852205200007],[-6.909982192999962,37.17101311000005],[-6.908202335999931,37.17040569200003],[-6.905559948999951,37.16852205200007]]],[[[-6.899639821999926,37.16506530200007],[-6.905133840999952,37.16808970200003],[-6.9024028099999555,37.16689542100005],[-6.899639821999926,37.16506530200007]]],[[[-6.896935717999952,37.16299846100003],[-6.89949276699997,37.16505837700004],[-6.896981554999968,37.163440052000055],[-6.896935717999952,37.16299846100003]]],[[[-6.861221267999952,37.14568992300008],[-6.82280179199995,37.130964593000044],[-6.809555780999972,37.127665713000056],[-6.828180009999926,37.13482918200003],[-6.801477458999955,37.12497665700005],[-6.803380550999975,37.125008286000025],[-6.772461870999962,37.11195966900004],[-6.729532581999933,37.09032829300003],[-6.798921091999944,37.12213168200003],[-6.812592877999975,37.12644893300006],[-6.8289430109999785,37.12851588500007],[-6.827382290999935,37.13250032800005],[-6.8312344209999765,37.13469730800006],[-6.87369092299997,37.14827926700008],[-6.871058380999955,37.14941339300003],[-6.861221267999952,37.14568992300008]]],[[[-6.833524650999948,37.136689224000065],[-6.851350626999931,37.14309826300007],[-6.85018643199993,37.14505830600007],[-6.854765230999931,37.147472153000024],[-6.833524650999948,37.136689224000065]]]]}},{"type":"Feature","properties":{"ClaseSuelo":"SUELO URBANIZABLE DELIMITADO O SECTORIZADO","NuclRural":"0","AreaLamber":183.76376167,"Shape_STAr":0.000186112153082},"geometry":{"type":"MultiPolygon","coordinates":[[[[-6.884582122999973,37.22862784200004],[-6.875969340999973,37.22567834200004],[-6.876530168999977,37.22162608300005],[-6.87927134499995,37.218170076000035],[-6.882514721999939,37.22028758300007],[-6.881288541999936,37.22134191500004],[-6.88501952799993,37.225672977000045],[-6.884582122999973,37.22862784200004]]],[[[-6.862446649999981,37.149715108000066],[-6.85018643199993,37.14505830600007],[-6.850830977999976,37.143883284000026],[-6.860025148999966,37.14743726800003],[-6.860659034999969,37.14544203200006],[-6.871058380999955,37.14941339300003],[-6.869108689999962,37.15221339000004],[-6.862446649999981,37.149715108000066]]],[[[-6.914566212999944,37.19953520800004],[-6.914534745999958,37.19800339500006],[-6.917126328999927,37.19672060700003],[-6.920877531999963,37.199381164000044],[-6.918526174999954,37.19936275900005],[-6.918216908999966,37.20168693000005],[-6.922359440999969,37.20336292800005],[-6.920850243999951,37.206785041000046],[-6.918905218999953,37.205517359000055],[-6.920165004999944,37.20432888300007],[-6.914422060999925,37.201057383000034],[-6.914566212999944,37.19953520800004]]],[[[-6.893596867999975,37.22181414600004],[-6.890404118999925,37.22152741800005],[-6.889459639999927,37.21909279800008],[-6.892980201999933,37.21994270000005],[-6.893516689999956,37.218432423000024],[-6.8950168649999455,37.221632154000076],[-6.893468895999945,37.223094667000055],[-6.893596867999975,37.22181414600004]]],[[[-6.885635412999932,37.22576544100008],[-6.892556739999975,37.22338454100003],[-6.903940650999971,37.22246583000003],[-6.900174490999973,37.225867589000075],[-6.89645169399995,37.22584789100006],[-6.893837021999957,37.227636862000054],[-6.892016741999953,37.22689100500003],[-6.89224195099996,37.224259148000044],[-6.888849942999968,37.22780664000004],[-6.885635412999932,37.22576544100008]]]]}},{"type":"Feature","properties":{"ClaseSuelo":"SUELO URBANO","NuclRural":"0","AreaLamber":1249.10355337,"Shape_STAr":0.00126487734292},"geometry":{"type":"MultiPolygon","coordinates":[[[[-6.897158184999967,37.16744475200005],[-6.920214266999949,37.18344610200006],[-6.934070611999971,37.202861433000066],[-6.925380132999976,37.19605591800007],[-6.922983143999943,37.19845678100006],[-6.913461076999965,37.19115943300005],[-6.908595542999933,37.191987992000065],[-6.904767999999933,37.194670261000056],[-6.904054070999962,37.193034312000066],[-6.90036433299997,37.19287412600005],[-6.901877646999935,37.19641850200003],[-6.896836724999957,37.195414698000036],[-6.892180441999926,37.19986543600004],[-6.890718677999928,37.204013951000036],[-6.887735111999973,37.204525197000066],[-6.871924480999951,37.19432843300007],[-6.891369155999939,37.17404055700007],[-6.893155351999951,37.17535248200005],[-6.894496381999943,37.17410296300005],[-6.896798226999977,37.17116815400004],[-6.8947693029999755,37.16996259900003],[-6.897158184999967,37.16744475200005]]],[[[-6.889731126999948,37.23136979000003],[-6.891015072999949,37.22953642400006],[-6.888849942999968,37.22780664000004],[-6.891548326999953,37.224456426000074],[-6.892016741999953,37.22689100500003],[-6.893837021999957,37.227636862000054],[-6.89645169399995,37.22584789100006],[-6.899881469999968,37.22555462400004],[-6.900773492999974,37.22699759200003],[-6.897133950999944,37.22717956100007],[-6.8997807919999445,37.231943296000054],[-6.896779975999948,37.233916478000026],[-6.889464062999934,37.23298095000007],[-6.889731126999948,37.23136979000003]],[[-6.8960373159999335,37.231878522000045],[-6.8983704589999775,37.231337207000024],[-6.892910839999956,37.23099201100007],[-6.8960373159999335,37.231878522000045]],[[-6.892120904999956,37.23069241200005],[-6.8930994799999326,37.23018694700005],[-6.892296894999959,37.22993563500006],[-6.892120904999956,37.23069241200005]],[[-6.8961289669999815,37.22998062000005],[-6.894463861999952,37.230376783000054],[-6.897093566999956,37.22989945100005],[-6.8961289669999815,37.22998062000005]],[[-6.8910208579999335,37.22633489800006],[-6.890844576999939,37.22742278900006],[-6.891491781999946,37.22718180800007],[-6.8910208579999335,37.22633489800006]]],[[[-6.883773622999968,37.22300658200004],[-6.885278512999946,37.22272115100003],[-6.886157156999957,37.21952449300005],[-6.888688588999969,37.22077027500006],[-6.889459639999927,37.21909279800008],[-6.890404118999925,37.22152741800005],[-6.893596867999975,37.22181414600004],[-6.893154885999934,37.223781099000064],[-6.886163827999951,37.22563367300006],[-6.883701539999947,37.22506474700003],[-6.883773622999968,37.22300658200004]],[[-6.888957438999967,37.22028221700003],[-6.88905290799994,37.220948916000054],[-6.88991773999993,37.220584071000076],[-6.888957438999967,37.22028221700003]]],[[[-6.894156633999955,37.219413350000025],[-6.8949965019999695,37.22065033800004],[-6.894492808999928,37.220759144000056],[-6.894156633999955,37.219413350000025]]],[[[-6.910872207999944,37.21503304200007],[-6.910108756999932,37.21328932000006],[-6.911394832999974,37.21227285700007],[-6.916543547999936,37.21158545900005],[-6.915329657999962,37.209110348000024],[-6.918905218999953,37.205517359000055],[-6.921237524999981,37.206386122000026],[-6.922359440999969,37.20336292800005],[-6.918216908999966,37.20168693000005],[-6.918526174999954,37.19936275900005],[-6.923271455999952,37.20068984000005],[-6.927482771999962,37.20561756300003],[-6.928051961999927,37.20777519400008],[-6.921862680999936,37.212989984000046],[-6.918505222999954,37.211107276000064],[-6.916131150999945,37.21302097200004],[-6.916180317999931,37.21539869500003],[-6.910872207999944,37.21503304200007]]],[[[-6.850830977999976,37.143883284000026],[-6.83423806899998,37.13610454900004],[-6.809555780999972,37.127665713000056],[-6.82280179199995,37.130964593000044],[-6.860798969999962,37.14574569500007],[-6.860025148999966,37.14743726800003],[-6.850830977999976,37.143883284000026]]],[[[-6.801477458999955,37.12497665700005],[-6.793655980999972,37.12119732100007],[-6.803380550999975,37.125008286000025],[-6.801477458999955,37.12497665700005]]]]}},{"type":"Feature","properties":{"ClaseSuelo":"SUELO URBANO NO CONSOLIDADO","NuclRural":"0","AreaLamber":19.85710278,"Shape_STAr":0.0000201169216604},"geometry":{"type":"MultiPolygon","coordinates":[[[[-6.89779133199994,37.23226811200004],[-6.892910839999956,37.23099201100007],[-6.898338323999951,37.23125266900007],[-6.89779133199994,37.23226811200004]]],[[[-6.911394832999974,37.21227285700007],[-6.912524406999978,37.21115502400005],[-6.91203076499994,37.21265286100004],[-6.911394832999974,37.21227285700007]]],[[[-6.916318843999932,37.21280565300003],[-6.917713247999927,37.21245508700008],[-6.916329756999971,37.21417417300006],[-6.916318843999932,37.21280565300003]]],[[[-6.909358958999974,37.21371737900006],[-6.911301533999961,37.21388773000007],[-6.910872207999944,37.21503304200007],[-6.907806103999974,37.21475273600004],[-6.909358958999974,37.21371737900006]]],[[[-6.913991686999964,37.21554380200007],[-6.915267205999953,37.215202798000064],[-6.914167623999958,37.21691406000008],[-6.913991686999964,37.21554380200007]]],[[[-6.888957438999967,37.22028221700003],[-6.88991773999993,37.220584071000076],[-6.88905290799994,37.220948916000054],[-6.888957438999967,37.22028221700003]]],[[[-6.89768683799997,37.22626408100007],[-6.899104094999927,37.22617346000004],[-6.897786461999942,37.22662137800006],[-6.89768683799997,37.22626408100007]]],[[[-6.8910208579999335,37.22633489800006],[-6.891491781999946,37.22718180800007],[-6.890844576999939,37.22742278900006],[-6.8910208579999335,37.22633489800006]]],[[[-6.898507495999979,37.22655147100005],[-6.899242985999933,37.22733003800005],[-6.897729965999929,37.22806449800004],[-6.898507495999979,37.22655147100005]]],[[[-6.895356603999971,37.23041290700007],[-6.894463861999952,37.230376783000054],[-6.897093566999956,37.22989945100005],[-6.895356603999971,37.23041290700007]]],[[[-6.892120904999956,37.23069241200005],[-6.892296894999959,37.22993563500006],[-6.8930994799999326,37.23018694700005],[-6.892120904999956,37.23069241200005]]],[[[-6.8890126059999375,37.228539529000045],[-6.891015072999949,37.22953642400006],[-6.890056772999969,37.23142507800003],[-6.8890126059999375,37.228539529000045]]]]}},{"type":"Feature","properties":{"ClaseSuelo":"SISTEMAS GENERALES","NuclRural":"0","AreaLamber":58.87072154,"Shape_STAr":0.0000596182801729},"geometry":{"type":"MultiPolygon","coordinates":[[[[-7.018244589999938,37.23599690700007],[-7.017708463999952,37.23282763800006],[-7.0230056129999525,37.225353222000024],[-7.021506034999959,37.21910514900003],[-7.02375641499998,37.211319143000026],[-7.022064861999979,37.20784745900005],[-7.016463789999932,37.20522667700004],[-6.982459785999936,37.19910321800006],[-6.9750423739999405,37.194947469000056],[-6.976832470999966,37.19449064600008],[-6.97788789699996,37.189972788000034],[-6.978987483999958,37.19630152900004],[-6.982199137999942,37.198690921000036],[-7.018094953999935,37.20526219200008],[-7.02250040499996,37.207633144000056],[-7.024113206999971,37.21127952100005],[-7.0235568479999415,37.216710394000074],[-7.0250619469999265,37.21691340700005],[-7.023236380999947,37.219729305000044],[-7.023634801999947,37.224561153000025],[-7.026779721999958,37.225079220000055],[-7.024072034999961,37.22590817400004],[-7.02067595099993,37.22984864400007],[-7.018244589999938,37.23599690700007]]],[[[-6.96971246399994,37.19752212000003],[-6.972057935999942,37.19641681600007],[-6.973626347999925,37.198439937000046],[-6.971322027999975,37.199480365000056],[-6.96971246399994,37.19752212000003]]],[[[-6.986934893999944,37.19117962400003],[-6.98995741799996,37.19052369600007],[-6.992648647999943,37.191811046000055],[-6.993309560999933,37.193926489000035],[-6.986934893999944,37.19117962400003]]],[[[-6.975367601999949,37.19426569800004],[-6.975875062999933,37.19247722000006],[-6.977020028999959,37.19258236300004],[-6.975367601999949,37.19426569800004]]],[[[-6.9516968989999555,37.174574895000035],[-6.952647161999948,37.17644227400007],[-6.951177950999977,37.17490913600005],[-6.9516968989999555,37.174574895000035]]]]}},{"type":"Feature","properties":{"ClaseSuelo":"SUELO NO URBANIZABLE","NuclRural":"0","AreaLamber":3351.38853555,"Shape_STAr":0.00339442031873},"geometry":{"type":"MultiPolygon","coordinates":[[[[-7.044469963999973,37.249894476000065],[-7.045794800999943,37.24901106900006],[-7.054668898999978,37.25091339700003],[-7.05663603499994,37.249011876000054],[-7.04500560799994,37.24535079700007],[-7.04500990899993,37.24711592700004],[-7.043073729999946,37.24796612600005],[-7.041500576999965,37.24565353500003],[-7.041360031999943,37.24912659900008],[-7.0303556609999305,37.23972073400006],[-7.018644007999967,37.23610332700008],[-7.019933891999926,37.23081137600008],[-7.024072034999961,37.22590817400004],[-7.026779721999958,37.225079220000055],[-7.023634801999947,37.224561153000025],[-7.023236380999947,37.219729305000044],[-7.0250619469999265,37.21691340700005],[-7.0235568479999415,37.216710394000074],[-7.024113206999971,37.21127952100005],[-7.021770027999935,37.207001596000055],[-6.981434498999931,37.19833088000007],[-6.978806926999937,37.19586578500008],[-6.9781810529999575,37.19010263200005],[-6.98252770199997,37.19647321700006],[-6.987457606999953,37.19604995800006],[-6.984309445999941,37.19171430800003],[-6.986934893999944,37.19117962400003],[-6.993309560999933,37.193926489000035],[-6.992648647999943,37.191811046000055],[-6.9812105549999615,37.186560486000076],[-6.982153796999967,37.18513011500005],[-6.970934188999934,37.17914476100003],[-6.956357499999967,37.173441869000044],[-6.950327290999951,37.17274567800007],[-6.952647161999948,37.17644227400007],[-6.951806898999962,37.17468135000007],[-6.96618876399998,37.18826692600004],[-6.968649219999975,37.19695820000004],[-6.9700909479999495,37.199186342000075],[-6.972578313999975,37.19888664000007],[-6.973305184999958,37.201006165000024],[-6.978061025999978,37.19902317000003],[-6.97514812299994,37.19509008400007],[-6.976549736999971,37.19497453400004],[-6.984446981999952,37.19971130000005],[-7.018696108999961,37.20582404100003],[-7.023296345999938,37.20963148800007],[-7.022858992999943,37.217413158000056],[-7.021506034999959,37.21910514900003],[-7.0230056129999525,37.225353222000024],[-7.017708463999952,37.23282763800006],[-7.018244589999938,37.23599690700007],[-7.004564321999965,37.232246254000074],[-6.99684723799993,37.22712939400003],[-6.986631861999967,37.22481669300004],[-6.9767441589999635,37.20922292900008],[-6.968008955999949,37.19899454000006],[-6.963946217999933,37.188284717000045],[-6.946450009999978,37.172216699000046],[-6.948791018999941,37.17215383900003],[-6.9472014059999765,37.16792703200008],[-6.94867007299996,37.16392336700005],[-6.947855475999972,37.16730165600006],[-6.951257053999939,37.16950329500003],[-7.017119649999927,37.199670516000026],[-7.051810386999932,37.20890294800006],[-7.052140486999974,37.21069791200006],[-7.04352666099993,37.21017438600006],[-7.046853426999974,37.212038481000036],[-7.048041952999938,37.21649477100004],[-7.051205240999934,37.22007709300004],[-7.060525315999939,37.226870346000055],[-7.063350726999943,37.23396167400006],[-7.0691326059999255,37.233798930000034],[-7.075109131999966,37.23641264500003],[-7.079523854999934,37.24264705600007],[-7.080355923999946,37.24658182600007],[-7.080190999999957,37.248118859000044],[-7.062661808999962,37.253847878000045],[-7.0600532459999386,37.25836037200003],[-7.054252689999942,37.253379807000044],[-7.044469963999973,37.249894476000065]]],[[[-6.97550180199994,37.19469338700003],[-6.970663836999961,37.19201011600006],[-6.973776636999958,37.187951019000025],[-6.97788789699996,37.189972788000034],[-6.976832470999966,37.19449064600008],[-6.97550180199994,37.19469338700003]],[[-6.975367601999949,37.19426569800004],[-6.977020028999959,37.19258236300004],[-6.975875062999933,37.19247722000006],[-6.975367601999949,37.19426569800004]]]]}},{"type":"Feature","properties":{"ClaseSuelo":"SUELO URBANIZABLE DELIMITADO O SECTORIZADO","NuclRural":"0","AreaLamber":45.01418706,"Shape_STAr":0.0000456073883837},"geometry":{"type":"Polygon","coordinates":[[[-7.054668898999978,37.25091339700003],[-7.045794800999943,37.24901106900006],[-7.0445936269999265,37.24994604700004],[-7.040615432999971,37.24811260300004],[-7.041500576999965,37.24565353500003],[-7.043073729999946,37.24796612600005],[-7.04500990899993,37.24711592700004],[-7.04492043099998,37.24535279200006],[-7.051578296999935,37.246649845000036],[-7.05663603499994,37.249011876000054],[-7.054668898999978,37.25091339700003]]]}},{"type":"Feature","properties":{"ClaseSuelo":"SUELO URBANIZABLE NO DELIMITADO O SECTORIZADO","NuclRural":"0","AreaLamber":19.3755761,"Shape_STAr":0.0000196202211097},"geometry":{"type":"Polygon","coordinates":[[[-6.972592818999942,37.198938929000064],[-6.973626347999925,37.198439937000046],[-6.972057935999942,37.19641681600007],[-6.9750423739999405,37.194947469000056],[-6.978061025999978,37.19902317000003],[-6.973305184999958,37.201006165000024],[-6.972592818999942,37.198938929000064]]]}},{"type":"Feature","properties":{"ClaseSuelo":"SUELO URBANO","NuclRural":"0","AreaLamber":357.48721546,"Shape_STAr":0.000361953698988},"geometry":{"type":"MultiPolygon","coordinates":[[[[-6.957041876999938,37.17975314700004],[-6.950327290999951,37.17274567800007],[-6.956357499999967,37.173441869000044],[-6.970934188999934,37.17914476100003],[-6.982153796999967,37.18513011500005],[-6.9812105549999615,37.186560486000076],[-6.98995741799996,37.19052369600007],[-6.984309445999941,37.19171430800003],[-6.987457606999953,37.19604995800006],[-6.98252770199997,37.19647321700006],[-6.978213017999963,37.19010671700005],[-6.973776636999958,37.187951019000025],[-6.970663836999961,37.19201011600006],[-6.975580764999961,37.19464971700006],[-6.969282151999948,37.19773272800006],[-6.96618876399998,37.18826692600004],[-6.957041876999938,37.17975314700004]],[[-6.973276470999963,37.18292144000003],[-6.976469247999944,37.183933599000056],[-6.973501495999926,37.18255829000003],[-6.973276470999963,37.18292144000003]],[[-6.976790396999945,37.18434205900007],[-6.98018936099993,37.18566756700005],[-6.977444256999945,37.18318403500007],[-6.976790396999945,37.18434205900007]],[[-6.976624127999969,37.18466881300003],[-6.976316205999979,37.18472484500006],[-6.97958975399996,37.18614652700006],[-6.976624127999969,37.18466881300003]],[[-6.973829117999969,37.18364005500007],[-6.975971725999955,37.184562940000035],[-6.973998557999948,37.183408170000064],[-6.973829117999969,37.18364005500007]]],[[[-7.052140486999974,37.21069791200006],[-7.053215334999948,37.220971775000066],[-7.048041952999938,37.21649477100004],[-7.046853426999974,37.212038481000036],[-7.04352666099993,37.21017438600006],[-7.052140486999974,37.21069791200006]]]]}},{"type":"Feature","properties":{"ClaseSuelo":"SUELO URBANO NO CONSOLIDADO","NuclRural":"0","AreaLamber":5.12000543,"Shape_STAr":0.00000518367289746},"geometry":{"type":"MultiPolygon","coordinates":[[[[-6.976790396999945,37.18434205900007],[-6.977444256999945,37.18318403500007],[-6.98018936099993,37.18566756700005],[-6.976790396999945,37.18434205900007]]],[[[-6.955593860999954,37.17890069900005],[-6.95640489699997,37.17877940200003],[-6.957109146999926,37.17968582100008],[-6.955593860999954,37.17890069900005]]],[[[-6.973276470999963,37.18292144000003],[-6.973501495999926,37.18255829000003],[-6.976469247999944,37.183933599000056],[-6.973276470999963,37.18292144000003]]],[[[-6.973829117999969,37.18364005500007],[-6.973998557999948,37.183408170000064],[-6.975971725999955,37.184562940000035],[-6.973829117999969,37.18364005500007]]],[[[-6.976624127999969,37.18466881300003],[-6.97958975399996,37.18614652700006],[-6.976316205999979,37.18472484500006],[-6.976624127999969,37.18466881300003]]]]}},{"type":"Feature","properties":{"ClaseSuelo":"SUELO NO URBANIZABLE","NuclRural":"0","AreaLamber":21171.5381775,"Shape_STAr":0.0215488651949},"geometry":{"type":"MultiPolygon","coordinates":[[[[-6.792403425999964,37.62515387700006],[-6.780410779999954,37.62473730600004],[-6.7492180949999465,37.61953561100006],[-6.732112466999979,37.614466062000076],[-6.711934134999979,37.61291398800006],[-6.693486175999965,37.59711574200003],[-6.686601447999976,37.587007319000065],[-6.6836563549999255,37.585135466000054],[-6.67544184999997,37.581536062000055],[-6.658998920999977,37.578858265000065],[-6.648571177999941,37.579037165000045],[-6.646723152999925,37.57712140900003],[-6.637219711999933,37.57605453600007],[-6.634643546999939,37.57289079700007],[-6.6344156229999385,37.56820425700005],[-6.624785628999973,37.56706817500003],[-6.624196203999929,37.56424851600008],[-6.619113745999925,37.56142263800007],[-6.617952211999977,37.55846734100004],[-6.600194138999939,37.548776531000044],[-6.581695379999928,37.53509643600006],[-6.580885932999934,37.526454400000034],[-6.59021367899993,37.52589171600005],[-6.5909815339999795,37.52114767900008],[-6.592942711999967,37.52006097100008],[-6.584863853999934,37.517162529000075],[-6.593632067999977,37.51132835400006],[-6.598703182999941,37.510245922000024],[-6.60574080899994,37.51172480300005],[-6.607839212999977,37.51443541400005],[-6.613231154999937,37.516252414000064],[-6.618316948999961,37.51313268400003],[-6.619155844999966,37.50662058200004],[-6.622472890999973,37.50482515900006],[-6.62444273899996,37.50814300400003],[-6.6194833159999575,37.516673436000076],[-6.629972598999927,37.518873744000075],[-6.63526673399997,37.52238637600004],[-6.635646399999928,37.52717637300003],[-6.637714772999971,37.52900447700006],[-6.639697822999949,37.53000636400003],[-6.645536289999939,37.527249622000056],[-6.650287359999936,37.52980537800005],[-6.664130259999979,37.530439364000074],[-6.6665432889999465,37.528895987000055],[-6.6651184209999315,37.52243595200008],[-6.668067209999947,37.518443552000065],[-6.667345765999926,37.51595253900007],[-6.670421533999956,37.51086608300005],[-6.673669691999976,37.51137761100006],[-6.6808880119999685,37.50845008600004],[-6.686619735999955,37.51576640500008],[-6.695568414999968,37.511009211000044],[-6.705072214999973,37.512467910000055],[-6.717874131999963,37.509506851000026],[-6.719642412999974,37.50594678500005],[-6.72963879699995,37.49936132900007],[-6.742027185999973,37.49859985100005],[-6.745208720999926,37.49710261100006],[-6.751569045999929,37.49812577900008],[-6.755240457999946,37.49445065200007],[-6.760283450999964,37.50009158200004],[-6.777491877999978,37.50859556000006],[-6.800625497999931,37.51432984500008],[-6.807559725999965,37.51347573000004],[-6.8098835279999435,37.51513934500008],[-6.82091752499997,37.51595367900006],[-6.825111024999956,37.52122281800007],[-6.827532807999944,37.52810771700007],[-6.834000901999957,37.530501119000064],[-6.835942518999957,37.52932098400004],[-6.837196226999936,37.53038823800006],[-6.838328874999945,37.528874038000026],[-6.840011095999955,37.53101732300007],[-6.84643916999994,37.53151959400003],[-6.848451886999953,37.53590404000005],[-6.8516355459999545,37.536439736000034],[-6.851504774999967,37.538074497000025],[-6.852845696999964,37.53709385900004],[-6.856081967999955,37.53842945200006],[-6.857544926999935,37.540255340000044],[-6.856339116999948,37.540565006000065],[-6.857088886999975,37.542819579000025],[-6.854682560999947,37.543763014000035],[-6.856856799999946,37.546655663000024],[-6.855549283999949,37.548725252000054],[-6.854129237999928,37.54839330600004],[-6.856927544999962,37.54956300600003],[-6.858044757999949,37.552796459000035],[-6.859431169999937,37.552913258000046],[-6.858900733999974,37.55425481700007],[-6.861294187999931,37.553933278000045],[-6.861015706999979,37.555771056000026],[-6.862124715999926,37.55555459000004],[-6.857980724999948,37.561860799000044],[-6.859316441999965,37.566032936000056],[-6.852015826999946,37.56864072800005],[-6.852665612999942,37.572024604000035],[-6.856217436999941,37.57659279300003],[-6.855544996999981,37.579353264000076],[-6.85378514699994,37.58056382700005],[-6.84978291699997,37.57516350100008],[-6.845704363999971,37.577503569000044],[-6.845832132999931,37.58218367000006],[-6.843837955999959,37.58720319500003],[-6.847216049999929,37.59322762100004],[-6.843911969999965,37.59567749900003],[-6.84361897499997,37.599002065000036],[-6.840418169999964,37.60038551700006],[-6.8397529269999495,37.60374021600006],[-6.834707020999929,37.60800315700004],[-6.836158912999963,37.61113582400003],[-6.819923811999956,37.615617523000026],[-6.824323038999978,37.62146537500007],[-6.82313677999997,37.626161093000064],[-6.824494955999967,37.62835107600006],[-6.819909869999947,37.63126525200005],[-6.792403425999964,37.62515387700006]],[[-6.775455630999943,37.58321088200006],[-6.775432122999973,37.58503033900007],[-6.779450125999972,37.58744482600008],[-6.779150855999944,37.58320083700005],[-6.77631222399998,37.58206676000003],[-6.775455630999943,37.58321088200006]],[[-6.753515284999935,37.58079547700004],[-6.755838448999953,37.57834851500007],[-6.7633934869999734,37.57975601600003],[-6.765010532999952,37.57398674500007],[-6.760935936999942,37.57230001200003],[-6.763720216999957,37.571762695000075],[-6.755565729999944,37.567396347000056],[-6.756225515999972,37.56229233300007],[-6.741669982999952,37.564442435000046],[-6.749132604999943,37.56549782400003],[-6.7471299149999595,37.57008745300004],[-6.7443399669999735,37.57077674000004],[-6.747043778999966,37.58066203100003],[-6.753515284999935,37.58079547700004]],[[-6.769086302999938,37.58067463000003],[-6.771177973999954,37.57870624200007],[-6.773700231999953,37.57947805500004],[-6.77432515299995,37.57795339000006],[-6.771522662999928,37.57728368700003],[-6.7680712069999345,37.579994068000076],[-6.769086302999938,37.58067463000003]],[[-6.765040695999971,37.577227554000046],[-6.769260819999943,37.57801129100005],[-6.770077219999962,37.575388829000076],[-6.765852927999958,37.57454861300005],[-6.765040695999971,37.577227554000046]],[[-6.779882422999947,37.55962409500006],[-6.781773461999933,37.55828314000007],[-6.7804638039999645,37.55556839600007],[-6.773288399999956,37.55382030100003],[-6.7715694369999255,37.54982608200004],[-6.765250427999945,37.55322223700006],[-6.779882422999947,37.55962409500006]],[[-6.798532146999946,37.52928317300007],[-6.798882105999951,37.527118087000076],[-6.79601652499997,37.52338546000004],[-6.799032441999941,37.513946600000054],[-6.770767031999981,37.50755135000003],[-6.772684418999972,37.51301106600005],[-6.780920868999942,37.52059097000006],[-6.780519961999971,37.527086489000055],[-6.783135157999936,37.52892589800007],[-6.784873237999932,37.52645096800006],[-6.78639073599993,37.52677583600007],[-6.786079985999947,37.525453983000034],[-6.788025097999935,37.52545487900005],[-6.793343298999957,37.528482868000026],[-6.7911210729999425,37.53177484100007],[-6.787582589999943,37.53070857200004],[-6.785099386999946,37.53780555900005],[-6.792913976999955,37.53660473200006],[-6.7911906739999495,37.533629946000076],[-6.795804445999977,37.53227191800005],[-6.798532146999946,37.52928317300007]],[[-6.78144421199994,37.533389029000034],[-6.782996348999973,37.533560443000056],[-6.784530031999964,37.53067656800005],[-6.783461931999966,37.529617931000075],[-6.78144421199994,37.533389029000034]],[[-6.702107224999963,37.52279015800008],[-6.704298871999981,37.52602126900007],[-6.708587482999974,37.52481996900008],[-6.707500306999975,37.52260182600003],[-6.702107224999963,37.52279015800008]]],[[[-6.793500046999952,37.523519167000075],[-6.795488561999946,37.520267029000024],[-6.794945068999937,37.525869614000044],[-6.792358813999954,37.52491069200005],[-6.793500046999952,37.523519167000075]]]]}},{"type":"Feature","properties":{"ClaseSuelo":"SUELO URBANIZABLE DELIMITADO O SECTORIZADO","NuclRural":"0","AreaLamber":495.10868098,"Shape_STAr":0.000503697504262},"geometry":{"type":"MultiPolygon","coordinates":[[[[-6.785099386999946,37.53780555900005],[-6.787582589999943,37.53070857200004],[-6.7911210729999425,37.53177484100007],[-6.793343298999957,37.528482868000026],[-6.788025097999935,37.52545487900005],[-6.786079985999947,37.525453983000034],[-6.78639073599993,37.52677583600007],[-6.784873237999932,37.52645096800006],[-6.783135157999936,37.52892589800007],[-6.780519961999971,37.527086489000055],[-6.780920868999942,37.52059097000006],[-6.772684418999972,37.51301106600005],[-6.770767031999981,37.50755135000003],[-6.799032441999941,37.513946600000054],[-6.796011585999963,37.52381209200007],[-6.799107216999971,37.52928779400003],[-6.795804445999977,37.53227191800005],[-6.7911906739999495,37.533629946000076],[-6.792913976999955,37.53660473200006],[-6.785099386999946,37.53780555900005]],[[-6.795400909999955,37.52269260400004],[-6.795488561999946,37.520267029000024],[-6.794165520999968,37.52076063700008],[-6.79483247099995,37.52305827500004],[-6.792243515999928,37.52421722200006],[-6.793149752999966,37.525773634000075],[-6.794945068999937,37.525869614000044],[-6.795400909999955,37.52269260400004]]],[[[-6.702718008999966,37.52190966300003],[-6.707500306999975,37.52260182600003],[-6.708587482999974,37.52481996900008],[-6.704298871999981,37.52602126900007],[-6.702033210999957,37.52376502200008],[-6.702718008999966,37.52190966300003]]],[[[-6.78144421199994,37.533389029000034],[-6.783461931999966,37.529617931000075],[-6.784530031999964,37.53067656800005],[-6.782996348999973,37.533560443000056],[-6.78144421199994,37.533389029000034]]],[[[-6.779882422999947,37.55962409500006],[-6.765250427999945,37.55322223700006],[-6.7715694369999255,37.54982608200004],[-6.773288399999956,37.55382030100003],[-6.7804638039999645,37.55556839600007],[-6.781773461999933,37.55828314000007],[-6.779882422999947,37.55962409500006]]],[[[-6.751243765999959,37.56497890900005],[-6.749048091999953,37.56279840600007],[-6.753047150999976,37.56295391800006],[-6.751243765999959,37.56497890900005]]],[[[-6.7483612399999515,37.56536461700006],[-6.741669982999952,37.564442435000046],[-6.748752390999925,37.562885857000026],[-6.749872502999949,37.56533423900004],[-6.7483612399999515,37.56536461700006]]],[[[-6.77618524199994,37.58217405800008],[-6.7793855529999405,37.58357758100004],[-6.779252292999956,37.58760398900006],[-6.774772535999944,37.58400845800003],[-6.77618524199994,37.58217405800008]]]]}},{"type":"Feature","properties":{"ClaseSuelo":"SUELO URBANO","NuclRural":"0","AreaLamber":167.15258321,"Shape_STAr":0.000170158829801},"geometry":{"type":"MultiPolygon","coordinates":[[[[-6.750449003999961,37.58131906500006],[-6.75176980599997,37.580054166000025],[-6.75090944599998,37.58088965300004],[-6.750425823999933,37.579276683000046],[-6.74700824599995,37.580447314000025],[-6.746673704999978,37.57337872000005],[-6.7445334489999595,37.57146340000003],[-6.749205804999974,37.57034114800007],[-6.750000167999929,37.56899049700007],[-6.747972844999936,37.56831194200004],[-6.74904364899993,37.56590194800003],[-6.748379385999954,37.56769325800008],[-6.750716420999936,37.56913967700007],[-6.752859508999961,37.56656204600006],[-6.74925524799994,37.56548282800003],[-6.748752390999925,37.562885857000026],[-6.752084412999977,37.565660163000075],[-6.753047150999976,37.56295391800006],[-6.756225515999972,37.56229233300007],[-6.755565729999944,37.567396347000056],[-6.757580884999925,37.56877931900004],[-6.755112083999961,37.57074911400008],[-6.752407142999971,37.569620873000076],[-6.753386592999959,37.57207847500007],[-6.760219249999977,37.57012318200003],[-6.760709218999978,37.572937301000024],[-6.763995217999934,37.57410917200008],[-6.763777336999965,37.57845880200006],[-6.761757209999928,37.57811295400006],[-6.761384126999928,37.57943811700005],[-6.7545432199999595,37.57745769300004],[-6.753586150999979,37.58039153500005],[-6.750449003999961,37.58131906500006]],[[-6.748738730999946,37.57884703600007],[-6.747097470999961,37.58039642700004],[-6.749486363999949,37.58004005400005],[-6.748738730999946,37.57884703600007]],[[-6.749617516999933,37.57239304400008],[-6.748521167999968,37.571711684000036],[-6.749655160999964,37.56981248400007],[-6.748131371999932,37.57151348900004],[-6.750032396999927,37.57927047800007],[-6.7510239109999475,37.57784650000008],[-6.749617516999933,37.57239304400008]],[[-6.750949404999972,37.57723494600003],[-6.75136265499998,37.57766226600006],[-6.751492965999944,37.577227167000046],[-6.750949404999972,37.57723494600003]],[[-6.752992792999976,37.57790378100003],[-6.753592841999932,37.57869233100007],[-6.753818582999941,37.57748009900007],[-6.752992792999976,37.57790378100003]],[[-6.749709315999951,37.572299362000024],[-6.749896716999956,37.57413924300005],[-6.750273766999953,37.57410195500006],[-6.749709315999951,37.572299362000024]],[[-6.754287980999948,37.572922067000036],[-6.754700191999973,37.572970818000044],[-6.754666897999925,37.57285428600005],[-6.754287980999948,37.572922067000036]],[[-6.758070568999926,37.57059182000006],[-6.760085887999935,37.571072926000056],[-6.76007464099996,37.57050416200008],[-6.758070568999926,37.57059182000006]],[[-6.753568884999936,37.56993194900008],[-6.754546778999952,37.56915581700008],[-6.752958714999977,37.56932853300003],[-6.753568884999936,37.56993194900008]]],[[[-6.755884935999973,37.578350158000035],[-6.756524979999938,37.57831568100005],[-6.7575557369999615,37.57878272000005],[-6.755884935999973,37.578350158000035]]],[[[-6.765040695999971,37.577227554000046],[-6.765852927999958,37.57454861300005],[-6.770077219999962,37.575388829000076],[-6.769260819999943,37.57801129100005],[-6.765040695999971,37.577227554000046]]]]}},{"type":"Feature","properties":{"ClaseSuelo":"SUELO URBANO NO CONSOLIDADO","NuclRural":"0","AreaLamber":74.71258809,"Shape_STAr":0.0000760567853855},"geometry":{"type":"MultiPolygon","coordinates":[[[[-6.762482957999964,37.57342070400006],[-6.760709218999978,37.572937301000024],[-6.760233121999931,37.57020033500004],[-6.763897421999957,37.57202366000007],[-6.760935936999942,37.57230001200003],[-6.764939651999953,37.57384701600006],[-6.764107986999932,37.57728687900004],[-6.763011786999925,37.57593770400007],[-6.763995217999934,37.57410917200008],[-6.762482957999964,37.57342070400006]]],[[[-6.751207163999936,37.565000808000036],[-6.752084412999977,37.565660163000075],[-6.751044795999974,37.56529841100007],[-6.751207163999936,37.565000808000036]]],[[[-6.750102998999978,37.56895396300007],[-6.748379385999954,37.56769325800008],[-6.749101029999963,37.565473316000066],[-6.752858699999933,37.56637476900005],[-6.750102998999978,37.56895396300007]]],[[[-6.752927455999952,37.569458240000074],[-6.754546778999952,37.56915581700008],[-6.75402311299996,37.57015546500003],[-6.752927455999952,37.569458240000074]]],[[[-6.747012686999938,37.57019718600003],[-6.7475767469999255,37.57083171000005],[-6.7445334489999595,37.57146340000003],[-6.747012686999938,37.57019718600003]]],[[[-6.747723884999971,37.56883408400006],[-6.750000167999929,37.56899049700007],[-6.748052600999927,37.57140676500006],[-6.747723884999971,37.56883408400006]]],[[[-6.758070568999926,37.57059182000006],[-6.76007464099996,37.57050416200008],[-6.760085887999935,37.571072926000056],[-6.758070568999926,37.57059182000006]]],[[[-6.754477804999965,37.57234732300003],[-6.752407142999971,37.569620873000076],[-6.755112083999961,37.57074911400008],[-6.760192856999936,37.56884359500003],[-6.760219249999977,37.57012318200003],[-6.754477804999965,37.57234732300003]]],[[[-6.754287980999948,37.572922067000036],[-6.754666897999925,37.57285428600005],[-6.754700191999973,37.572970818000044],[-6.754287980999948,37.572922067000036]]],[[[-6.744795238999927,37.57235032700004],[-6.746673704999978,37.57337872000005],[-6.745182970999963,37.573649758000045],[-6.744795238999927,37.57235032700004]]],[[[-6.749709315999951,37.572299362000024],[-6.750273766999953,37.57410195500006],[-6.749896716999956,37.57413924300005],[-6.749709315999951,37.572299362000024]]],[[[-6.750949404999972,37.57723494600003],[-6.751492965999944,37.577227167000046],[-6.75136265499998,37.57766226600006],[-6.750949404999972,37.57723494600003]]],[[[-6.752992792999976,37.57790378100003],[-6.753818582999941,37.57748009900007],[-6.753592841999932,37.57869233100007],[-6.752992792999976,37.57790378100003]]],[[[-6.749786384999936,37.57628405100007],[-6.748131371999932,37.57151348900004],[-6.749655160999964,37.56981248400007],[-6.748521167999968,37.571711684000036],[-6.750557709999953,37.57920025300007],[-6.749786384999936,37.57628405100007]]],[[[-6.761669597999969,37.57842414700008],[-6.763777336999965,37.57845880200006],[-6.7633934869999734,37.57975601600003],[-6.761669597999969,37.57842414700008]]],[[[-6.748209867999947,37.57885050600004],[-6.749486363999949,37.58004005400005],[-6.747097470999961,37.58039642700004],[-6.748209867999947,37.57885050600004]]],[[[-6.751647728999956,37.58135096800004],[-6.74700824599995,37.580447314000025],[-6.750425823999933,37.579276683000046],[-6.751647728999956,37.58135096800004]]],[[[-6.769086302999938,37.58067463000003],[-6.7680712069999345,37.579994068000076],[-6.771522662999928,37.57728368700003],[-6.77432515299995,37.57795339000006],[-6.773700231999953,37.57947805500004],[-6.771177973999954,37.57870624200007],[-6.769086302999938,37.58067463000003]]],[[[-6.75180457099998,37.580993352000064],[-6.753586150999979,37.58039153500005],[-6.7545432199999595,37.57745769300004],[-6.759538675999977,37.57788052800004],[-6.7592708629999265,37.57901180500005],[-6.754751128999942,37.578703285000074],[-6.753284955999959,37.581584675000045],[-6.75180457099998,37.580993352000064]]]]}},{"type":"Feature","properties":{"ClaseSuelo":"SISTEMAS GENERALES","NuclRural":"0","AreaLamber":118.67969094,"Shape_STAr":0.000120423129318},"geometry":{"type":"MultiPolygon","coordinates":[[[[-6.791002353999943,37.32258368500004],[-6.797792992999973,37.32120115500004],[-6.799889532999941,37.32717721500006],[-6.7929241429999365,37.33253982900004],[-6.785145457999931,37.33373751600004],[-6.791002353999943,37.32258368500004]]],[[[-6.823625943999957,37.328243332000056],[-6.8022170749999304,37.332552872000065],[-6.782931782999981,37.33439944200006],[-6.823625943999957,37.328243332000056]]],[[[-6.833628816999976,37.37824195700006],[-6.833235763999937,37.37741286700003],[-6.834344190999957,37.37734302200005],[-6.833628816999976,37.37824195700006]]],[[[-6.840671965999945,37.379587076000064],[-6.841143580999926,37.379560791000074],[-6.84065151599998,37.38073199300004],[-6.840671965999945,37.379587076000064]]],[[[-6.83329962199997,37.381746329000066],[-6.833721551999929,37.38172145300007],[-6.833734849999928,37.38186790000003],[-6.83331736699995,37.38189429100004],[-6.83329962199997,37.381746329000066]]],[[[-6.83249731799998,37.38186564000006],[-6.833104007999964,37.38164670900005],[-6.833194133999939,37.381994518000056],[-6.83249731799998,37.38186564000006]]],[[[-6.829309456999965,37.38203755600006],[-6.830206969999949,37.38087207700005],[-6.8301144729999805,37.38258769600003],[-6.829309456999965,37.38203755600006]]],[[[-6.834059756999977,37.38325154800003],[-6.834204338999939,37.382862741000054],[-6.835229588999937,37.383102552000025],[-6.834059756999977,37.38325154800003]],[[-6.83425961699993,37.38317087000007],[-6.835043627999937,37.383105545000035],[-6.834157620999974,37.38289038600004],[-6.83425961699993,37.38317087000007]]],[[[-6.831821978999926,37.38340305200006],[-6.831986567999934,37.38312978300007],[-6.832298985999955,37.38326638600006],[-6.831821978999926,37.38340305200006]]],[[[-6.8311231449999354,37.38334544400004],[-6.831439169999953,37.38338207000004],[-6.8311938689999465,37.38357242600006],[-6.8311231449999354,37.38334544400004]]],[[[-6.831295430999944,37.38577963900008],[-6.831605535999927,37.384178064000025],[-6.8323721049999335,37.38498678500008],[-6.831295430999944,37.38577963900008]]],[[[-6.829799062999939,37.385919873000034],[-6.830304887999944,37.38418231500003],[-6.831025830999977,37.38576122600006],[-6.829799062999939,37.385919873000034]]],[[[-6.828260202999957,37.386243439000054],[-6.828405977999978,37.38547056700003],[-6.829074804999948,37.38565685000003],[-6.828260202999957,37.386243439000054]]],[[[-6.8403682429999435,37.38697210500004],[-6.83898271299995,37.38620283900008],[-6.84026537699998,37.38598431100007],[-6.8403682429999435,37.38697210500004]]],[[[-6.837851860999933,37.38725183100007],[-6.8389104119999615,37.38623292700004],[-6.838859184999933,37.38819451000006],[-6.837851860999933,37.38725183100007]]],[[[-6.839433475999954,37.387657011000044],[-6.839611076999972,37.38845820500006],[-6.839150201999928,37.388407304000054],[-6.839433475999954,37.387657011000044]]],[[[-6.840135458999953,37.387887653000064],[-6.840765390999934,37.38752149900006],[-6.840427284999976,37.38872414900004],[-6.840135458999953,37.387887653000064]]]]}},{"type":"Feature","properties":{"ClaseSuelo":"SUELO NO URBANIZABLE","NuclRural":"0","AreaLamber":11574.4338924,"Shape_STAr":0.0117563329446},"geometry":{"type":"MultiPolygon","coordinates":[[[[-6.919996646999948,37.518137403000026],[-6.913684008999951,37.51593276400007],[-6.9087794019999365,37.51058235200003],[-6.90218432599994,37.50706223700007],[-6.8912241009999775,37.50569457000006],[-6.886569962999943,37.50055112300004],[-6.870697115999974,37.48898370400008],[-6.858057352999936,37.46656150500007],[-6.847380346999955,37.45383885500007],[-6.837561635999975,37.43595247600007],[-6.8321030419999715,37.42218472800005],[-6.823555073999955,37.41202099900005],[-6.820892533999938,37.41296296500008],[-6.8157584619999625,37.40615638700007],[-6.806530113999941,37.408787345000064],[-6.801291564999929,37.39965927000003],[-6.797836852999978,37.401905412000076],[-6.790675792999934,37.392460260000064],[-6.786193167999954,37.39357693900007],[-6.7846191029999545,37.37373643800004],[-6.760475436999968,37.368336398000054],[-6.745319546999951,37.35659295500005],[-6.744196971999941,37.35398897500005],[-6.745826910999938,37.347279886000024],[-6.753886720999958,37.34371796500005],[-6.753178471999945,37.340145989000064],[-6.756944369999928,37.33172032400006],[-6.766789193999955,37.33592935100006],[-6.77310388099994,37.33653871400003],[-6.824192426999957,37.328392559000065],[-6.843340651999938,37.36694029300003],[-6.844258133999972,37.37727006800003],[-6.842867490999936,37.37765337600007],[-6.844642361999945,37.37902716800005],[-6.846106213999974,37.385939163000046],[-6.855232221999927,37.39483025100003],[-6.8546747629999345,37.406640408000044],[-6.856748244999949,37.41161740500007],[-6.855552498999941,37.41846676600005],[-6.862828757999978,37.42291333900005],[-6.869552043999931,37.43305279900005],[-6.881087624999964,37.44052043800008],[-6.889776650999977,37.44228840100004],[-6.899580689999937,37.44724383300007],[-6.91526300299995,37.45872373200007],[-6.932436985999971,37.46450366100004],[-6.94753491299997,37.465576181000074],[-6.948919721999971,37.46440385400007],[-6.961604377999947,37.46963590800004],[-6.9727802809999275,37.470890756000074],[-6.970460866999929,37.473617155000056],[-6.970511598999963,37.47841672200008],[-6.961922883999932,37.48015561700004],[-6.958293220999963,37.486123614000064],[-6.945600316999958,37.48250398500005],[-6.9392029189999676,37.486383954000075],[-6.934514487999934,37.50279993400005],[-6.931142086999955,37.50575887000008],[-6.930723085999944,37.511132631000066],[-6.92439965899996,37.51497334600003],[-6.922200112999974,37.51982976800008],[-6.919996646999948,37.518137403000026]],[[-6.839921315999959,37.38887596400008],[-6.842322320999926,37.38649461800003],[-6.841222875999961,37.38559638700008],[-6.844127772999968,37.38408673200007],[-6.841638478999926,37.38055048100006],[-6.83932105599996,37.381879371000025],[-6.838435366999931,37.37644600300007],[-6.836767671999951,37.37523353300003],[-6.833683325999971,37.374876458000074],[-6.826158470999928,37.380812338000055],[-6.826730743999974,37.38845634200004],[-6.827925524999955,37.38633527500008],[-6.831025697999962,37.38599698100006],[-6.831026768999948,37.388744736000035],[-6.836692919999962,37.39003323900005],[-6.839921315999959,37.38887596400008]],[[-6.840618402999951,37.380717428000025],[-6.841143580999926,37.379560791000074],[-6.840448866999964,37.37964000300008],[-6.840618402999951,37.380717428000025]]],[[[-6.783458540999959,37.334080949000054],[-6.788229446999935,37.328604753000036],[-6.79187275299995,37.319848654000054],[-6.792645426999968,37.30964410800004],[-6.797555817999978,37.30838741900004],[-6.801146011999947,37.304434368000045],[-6.803195390999974,37.305044105000036],[-6.805353606999972,37.31004650300008],[-6.812953969999967,37.30980161000008],[-6.8166575299999295,37.31144778000004],[-6.815591710999968,37.312896532000025],[-6.824037978999968,37.32813872000003],[-6.783458540999959,37.334080949000054]],[[-6.798282460999928,37.32295189900003],[-6.797792992999973,37.32120115500004],[-6.791002353999943,37.32258368500004],[-6.788899570999945,37.32863086000003],[-6.7848729009999715,37.33357743600004],[-6.7929241429999365,37.33253982900004],[-6.799889532999941,37.32717721500006],[-6.798282460999928,37.32295189900003]]]]}},{"type":"Feature","properties":{"ClaseSuelo":"SUELO URBANIZABLE DELIMITADO O SECTORIZADO","NuclRural":"0","AreaLamber":40.62202657,"Shape_STAr":0.0000412444279576},"geometry":{"type":"MultiPolygon","coordinates":[[[[-6.833441888999971,37.389295686000025],[-6.831026768999948,37.388744736000035],[-6.831116227999928,37.386230356000056],[-6.833244499999978,37.38470263500005],[-6.836631110999974,37.38992609200005],[-6.833441888999971,37.389295686000025]]],[[[-6.837309196999968,37.37854839800008],[-6.836811079999961,37.37666891900005],[-6.838435366999931,37.37644600300007],[-6.837309196999968,37.37854839800008]]],[[[-6.82968398099996,37.37902068000005],[-6.833940291999966,37.37487467200003],[-6.831219899999951,37.37787005700005],[-6.832440715999951,37.378900463000036],[-6.82968398099996,37.37902068000005]]],[[[-6.842867490999936,37.37765337600007],[-6.844258133999972,37.37727006800003],[-6.844642361999945,37.37902716800005],[-6.842867490999936,37.37765337600007]]],[[[-6.827018258999942,37.38722833200006],[-6.826671991999945,37.38622580900005],[-6.828086611999936,37.38537253900006],[-6.827018258999942,37.38722833200006]]],[[[-6.840242658999955,37.385667683000065],[-6.840849021999929,37.38204568700007],[-6.842809380999938,37.38200524100006],[-6.844127772999968,37.38408673200007],[-6.841222875999961,37.38559638700008],[-6.842322320999926,37.38649461800003],[-6.841251333999935,37.38723903500005],[-6.840242658999955,37.385667683000065]]],[[[-6.836616162999974,37.38901402500005],[-6.840112273999978,37.38871613300006],[-6.837147462999951,37.38988068100008],[-6.836616162999974,37.38901402500005]]]]}},{"type":"Feature","properties":{"ClaseSuelo":"SUELO URBANO","NuclRural":"0","AreaLamber":101.13245589,"Shape_STAr":0.000102679695382},"geometry":{"type":"MultiPolygon","coordinates":[[[[-6.836502209999935,37.38965376300007],[-6.833244499999978,37.38470263500005],[-6.831116227999928,37.386230356000056],[-6.826671991999945,37.38622580900005],[-6.825730768999961,37.38269130200007],[-6.827913222999939,37.381461139000066],[-6.826486829999965,37.381188930000064],[-6.8273836289999394,37.380135335000034],[-6.832440715999951,37.378900463000036],[-6.831219899999951,37.37787005700005],[-6.83383020499997,37.375265125000055],[-6.836767671999951,37.37523353300003],[-6.836920957999951,37.378535655000064],[-6.83932105599996,37.381879371000025],[-6.841638478999926,37.38055048100006],[-6.842460350999943,37.382016613000076],[-6.840849021999929,37.38204568700007],[-6.839494300999945,37.38536677800005],[-6.841251333999935,37.38723903500005],[-6.836502209999935,37.38965376300007]],[[-6.839150201999928,37.388407304000054],[-6.839611076999972,37.38845820500006],[-6.839551071999949,37.38753426000005],[-6.839150201999928,37.388407304000054]],[[-6.83902195099995,37.38773041300004],[-6.8389104119999615,37.38623292700004],[-6.8377121309999325,37.38808104900005],[-6.83902195099995,37.38773041300004]],[[-6.83898271299995,37.38620283900008],[-6.840446521999979,37.38693689000007],[-6.84026537699998,37.38598431100007],[-6.83898271299995,37.38620283900008]],[[-6.8376180529999715,37.38610100900007],[-6.839162728999952,37.38428467400007],[-6.837528959999929,37.38470664400006],[-6.8376180529999715,37.38610100900007]],[[-6.832186442999955,37.384771095000076],[-6.830720651999968,37.38478027200006],[-6.831295430999944,37.38577963900008],[-6.832186442999955,37.384771095000076]],[[-6.830905515999973,37.38588199800006],[-6.829821570999968,37.38421972500004],[-6.829201904999934,37.38593932200007],[-6.830905515999973,37.38588199800006]],[[-6.828940751999937,37.38608826500007],[-6.828405977999978,37.38547056700003],[-6.828260202999957,37.386243439000054],[-6.828940751999937,37.38608826500007]],[[-6.829349470999944,37.38481480400003],[-6.829707112999927,37.38386908700005],[-6.828478968999946,37.38395350800005],[-6.829349470999944,37.38481480400003]],[[-6.82774683599996,37.38385600300006],[-6.828119264999941,37.38281313600004],[-6.82747735099997,37.38294938800004],[-6.82774683599996,37.38385600300006]],[[-6.835147727999981,37.38280615200006],[-6.83389634699995,37.38292689700006],[-6.834876619999932,37.38318450000003],[-6.835147727999981,37.38280615200006]],[[-6.832060359999957,37.383149168000045],[-6.831821978999926,37.38340305200006],[-6.832180813999969,37.38352247600005],[-6.832060359999957,37.383149168000045]],[[-6.831439169999953,37.38338207000004],[-6.8311231449999354,37.38334544400004],[-6.8311938689999465,37.38357242600006],[-6.831439169999953,37.38338207000004]],[[-6.8301144729999805,37.38258769600003],[-6.831054893999976,37.381200068000055],[-6.829615762999936,37.38063418400003],[-6.8301144729999805,37.38258769600003]],[[-6.83108597599994,37.380377010000075],[-6.83189757599996,37.379147904000035],[-6.830287903999931,37.379581392000034],[-6.83108597599994,37.380377010000075]],[[-6.837896742999931,37.37922204400007],[-6.837239633999957,37.38069658100005],[-6.83913120699998,37.381688491000034],[-6.837896742999931,37.37922204400007]],[[-6.833734849999928,37.38186790000003],[-6.833721551999929,37.38172145300007],[-6.83329962199997,37.381746329000066],[-6.83331736699995,37.38189429100004],[-6.833734849999928,37.38186790000003]],[[-6.833194133999939,37.381994518000056],[-6.833104007999964,37.38164670900005],[-6.832475952999971,37.381718687000046],[-6.833194133999939,37.381994518000056]],[[-6.832859399999961,37.381209539000054],[-6.833667634999927,37.37960133400003],[-6.832467986999973,37.37978102500006],[-6.832859399999961,37.381209539000054]],[[-6.834447292999926,37.377787555000054],[-6.833235763999937,37.37741286700003],[-6.833628816999976,37.37824195700006],[-6.834447292999926,37.377787555000054]]],[[[-6.83425961699993,37.38317087000007],[-6.834157620999974,37.38289038600004],[-6.835043627999937,37.383105545000035],[-6.83425961699993,37.38317087000007]]],[[[-6.82684947599995,37.38772382800005],[-6.8276633559999595,37.38706068500005],[-6.827556392999952,37.388518281000074],[-6.82684947599995,37.38772382800005]]]]}},{"type":"Feature","properties":{"ClaseSuelo":"SUELO URBANO NO CONSOLIDADO","NuclRural":"0","AreaLamber":11.47591771,"Shape_STAr":0.0000116514123782},"geometry":{"type":"MultiPolygon","coordinates":[[[[-6.8376156279999805,37.38074941000008],[-6.837896742999931,37.37922204400007],[-6.83913120699998,37.381688491000034],[-6.8376156279999805,37.38074941000008]]],[[[-6.832297978999975,37.37711664100004],[-6.83298724399998,37.37682641600003],[-6.832636779999973,37.37752156500005],[-6.832297978999975,37.37711664100004]]],[[[-6.831147790999978,37.380190011000025],[-6.830287903999931,37.379581392000034],[-6.83189757599996,37.379147904000035],[-6.831147790999978,37.380190011000025]]],[[[-6.83287018599998,37.381077807000054],[-6.832467986999973,37.37978102500006],[-6.833667634999927,37.37960133400003],[-6.83287018599998,37.381077807000054]]],[[[-6.8265098879999755,37.38186641900006],[-6.826158470999928,37.380812338000055],[-6.827942899999925,37.38139445300004],[-6.8265098879999755,37.38186641900006]]],[[[-6.840346428999965,37.38113178100008],[-6.839991328999929,37.38203354900003],[-6.839709334999952,37.38118939000003],[-6.840346428999965,37.38113178100008]]],[[[-6.830113332999929,37.38254253200006],[-6.830206969999949,37.38087207700005],[-6.831054893999976,37.381200068000055],[-6.830113332999929,37.38254253200006]]],[[[-6.825754506999942,37.38317343400007],[-6.825730768999961,37.38269130200007],[-6.826733388999969,37.38298262200004],[-6.825754506999942,37.38317343400007]]],[[[-6.827508774999956,37.38389269900006],[-6.828119264999941,37.38281313600004],[-6.828309960999945,37.38379566900005],[-6.827508774999956,37.38389269900006]]],[[[-6.8282842729999516,37.385017789000074],[-6.828478968999946,37.38395350800005],[-6.829707112999927,37.38386908700005],[-6.8282842729999516,37.385017789000074]]],[[[-6.8376648679999334,37.38580827000004],[-6.837528959999929,37.38470664400006],[-6.839162728999952,37.38428467400007],[-6.8376648679999334,37.38580827000004]]]]}},{"type":"Feature","properties":{"ClaseSuelo":"SISTEMAS GENERALES","NuclRural":"0","AreaLamber":5.74246869,"Shape_STAr":0.00000581398774478},"geometry":{"type":"Polygon","coordinates":[[[-7.2013802439999495,37.21081862600005],[-7.2139304489999745,37.20939724600004],[-7.219173496999929,37.211135901000034],[-7.218013681999935,37.21116660900003],[-7.218571404999977,37.21420352900003],[-7.2148856559999786,37.22087301000005],[-7.217207731999963,37.21598586600004],[-7.217553456999951,37.21068994600006],[-7.213809066999943,37.209505000000036],[-7.198347633999958,37.21160684000006],[-7.2013802439999495,37.21081862600005]]]}},{"type":"Feature","properties":{"ClaseSuelo":"SUELO NO URBANIZABLE","NuclRural":"0","AreaLamber":11560.2043482,"Shape_STAr":0.0117148716898},"geometry":{"type":"Polygon","coordinates":[[[-7.236065594999957,37.22499514200007],[-7.258444383999972,37.25071460300006],[-7.2619213739999395,37.25103063200004],[-7.28081091599995,37.26484067300004],[-7.275322403999951,37.27737935700003],[-7.272590787999945,37.29105211500007],[-7.267908757999976,37.29338308200005],[-7.259079631999953,37.306537079000066],[-7.2614864439999565,37.322987642000044],[-7.279497345999971,37.34025186100007],[-7.290601181999932,37.342686256000036],[-7.3040262469999675,37.351375989000076],[-7.30408397399998,37.353175315000044],[-7.306555293999963,37.354562368000074],[-7.304543698999964,37.364372452000055],[-7.308512806999943,37.371217193000064],[-7.30699842599995,37.37256047600005],[-7.306008901999974,37.38346818200006],[-7.302010053999936,37.387360966000074],[-7.29182777099993,37.38774963700007],[-7.2708559689999674,37.384997363000025],[-7.268082296999978,37.38027880100003],[-7.274271605999957,37.371011647000046],[-7.272346931999948,37.36991036400008],[-7.2685903889999395,37.37232505800006],[-7.265622801999939,37.37173874700005],[-7.266720661999955,37.36462839400008],[-7.26098137799994,37.362917088000074],[-7.261425014999929,37.358793767000066],[-7.258290835999958,37.35365558600006],[-7.253443215999937,37.351731587000074],[-7.246511290999933,37.351656786000035],[-7.243651740999951,37.344760887000064],[-7.2365986709999675,37.343122539000035],[-7.236842278999973,37.33862814500003],[-7.2315744929999255,37.33200739600005],[-7.227565973999958,37.330124255000044],[-7.22359709899996,37.32411417800006],[-7.2134966239999585,37.321385287000055],[-7.20631677199998,37.31661497400006],[-7.1982894149999765,37.31037907700005],[-7.194091900999979,37.30424993100007],[-7.1918126729999585,37.303817378000076],[-7.184506934999945,37.29692434800006],[-7.180588248999925,37.295792970000036],[-7.179640526999947,37.29171005300003],[-7.171187595999982,37.29012609600005],[-7.17141911799996,37.28737963000003],[-7.176174127999957,37.28509495000003],[-7.17940755199993,37.27976530300003],[-7.173157931999981,37.27050113000007],[-7.171032877999949,37.263451118000035],[-7.163923957999941,37.26349453200004],[-7.162357122999936,37.26226161400007],[-7.163493167999945,37.24974604600004],[-7.167285470999957,37.23964101000007],[-7.167246089999935,37.230544688000066],[-7.171631108999975,37.22181483400004],[-7.168384732999925,37.21665978800007],[-7.162723203999974,37.21324707700006],[-7.156469957999946,37.21176451600007],[-7.1292056299999444,37.21509747600004],[-7.105673347999925,37.212736806000066],[-7.0890573869999685,37.21329431500004],[-7.070471174999966,37.21135902800006],[-7.063624512999979,37.20906932300005],[-7.072524112999929,37.205766478000044],[-7.14566203399994,37.207928163000076],[-7.230694307999954,37.20343102900006],[-7.230712267999934,37.205152448000035],[-7.19717959999997,37.20610174600006],[-7.196751683999935,37.21011953200008],[-7.2037157639999805,37.217009777000044],[-7.2148856559999786,37.22087301000005],[-7.2119727039999475,37.224605989000054],[-7.212178177999931,37.22745010700004],[-7.208967992999931,37.22751324600006],[-7.208863554999937,37.230395728000076],[-7.2119508159999555,37.22983614200007],[-7.212863053999968,37.23222939400006],[-7.215329250999957,37.22947063700008],[-7.214951810999935,37.22594391800004],[-7.217405335999956,37.22393901700008],[-7.214766744999963,37.22399022600007],[-7.217912015999957,37.221397911000054],[-7.2206851119999556,37.22210056800003],[-7.222187048999956,37.22730595400003],[-7.228374953999946,37.231439230000035],[-7.236065594999957,37.22499514200007]],[[-7.22672096499997,37.254598599000076],[-7.232247965999932,37.25337526200008],[-7.2308571159999815,37.25175068400006],[-7.224660823999955,37.25328728300008],[-7.21529370899998,37.25240327000006],[-7.2140242209999315,37.25195525000004],[-7.214915161999954,37.248194924000074],[-7.211319231999937,37.24577328500004],[-7.204726441999981,37.24312733000005],[-7.19777574099993,37.24316423200003],[-7.191858429999968,37.251853278000056],[-7.191764664999937,37.26556296600006],[-7.195591196999942,37.26731066000008],[-7.192554465999933,37.27016983000004],[-7.194162080999945,37.27122723000008],[-7.196612401999971,37.26774878200007],[-7.202312607999943,37.270101226000065],[-7.207078056999933,37.26357082000004],[-7.213813234999975,37.261900584000045],[-7.211939581999957,37.25524268400005],[-7.215197471999943,37.25484309800004],[-7.2144075819999784,37.253855792000024],[-7.22672096499997,37.254598599000076]],[[-7.180020118999948,37.28208080200005],[-7.179118279999955,37.28166390000007],[-7.177106494999975,37.285740076000025],[-7.180020118999948,37.28208080200005]],[[-7.237902774999952,37.27925258800008],[-7.240186054999981,37.27322385000008],[-7.238311652999926,37.276475970000035],[-7.229873075999933,37.279102917000046],[-7.239334671999927,37.284096470000065],[-7.241051638999977,37.282918804000076],[-7.237902774999952,37.27925258800008]],[[-7.185222187999955,37.22412716400004],[-7.184905750999974,37.21885068800003],[-7.17594201199995,37.22497453200003],[-7.176709199999948,37.226028634000045],[-7.174201448999952,37.22540718300007],[-7.1832611349999524,37.22875172100004],[-7.184927749999929,37.22830082200005],[-7.185222187999955,37.22412716400004]],[[-7.198941970999954,37.21593788600006],[-7.197563947999981,37.216365633000066],[-7.200665124999944,37.217935469000054],[-7.202190426999948,37.21678446300007],[-7.200848871999938,37.21495386000004],[-7.198941970999954,37.21593788600006]]]}},{"type":"Feature","properties":{"ClaseSuelo":"SUELO URBANIZABLE DELIMITADO O SECTORIZADO","NuclRural":"0","AreaLamber":692.01234681,"Shape_STAr":0.000700848978948},"geometry":{"type":"MultiPolygon","coordinates":[[[[-7.198733496999978,37.26463821900006],[-7.201542471999971,37.260585175000074],[-7.207919981999964,37.26229128600005],[-7.210485657999925,37.258236373000045],[-7.2080821139999784,37.25298924600003],[-7.210893668999972,37.252731520000054],[-7.208628144999977,37.249696510000035],[-7.205002497999942,37.249262488000056],[-7.207521293999946,37.24581662400004],[-7.2042021719999525,37.24386702800007],[-7.2000381719999496,37.24815606900006],[-7.196423577999951,37.247422835000066],[-7.1940720599999395,37.249943331000054],[-7.197585325999967,37.25352740000005],[-7.199672455999973,37.253231269000025],[-7.201028871999938,37.25649985700005],[-7.1985873399999605,37.25764067100005],[-7.194584836999979,37.25673860000006],[-7.192307795999966,37.25839382500004],[-7.194085405999942,37.26140923500003],[-7.196355507999954,37.26034847400007],[-7.196579186999941,37.265912213000036],[-7.195591196999942,37.26731066000008],[-7.191895206999959,37.26572123400007],[-7.191858429999968,37.251853278000056],[-7.197460185999944,37.24337279100007],[-7.204726441999981,37.24312733000005],[-7.214825400999928,37.24806580100005],[-7.21262629499995,37.24995063000006],[-7.21196387699996,37.25443804100007],[-7.2137393309999425,37.254698166000026],[-7.211939581999957,37.25524268400005],[-7.213813234999975,37.261900584000045],[-7.207078056999933,37.26357082000004],[-7.202312607999943,37.270101226000065],[-7.196612401999971,37.26774878200007],[-7.198733496999978,37.26463821900006]],[[-7.1951394429999596,37.253722518000075],[-7.195859974999962,37.25416779100004],[-7.19651143599998,37.25350649000006],[-7.1951394429999596,37.253722518000075]]],[[[-7.197418980999942,37.20851334200006],[-7.19717959999997,37.20610174600006],[-7.19782029299995,37.208192291000046],[-7.2004199119999726,37.208041835000074],[-7.2013802439999495,37.21081862600005],[-7.197180953999975,37.211921956000026],[-7.197418980999942,37.20851334200006]]],[[[-7.213314878999938,37.22004659300006],[-7.2037157639999805,37.217009777000044],[-7.198393427999974,37.21167601600007],[-7.213809066999943,37.209505000000036],[-7.217553456999951,37.21068994600006],[-7.217149652999979,37.21615590000005],[-7.214755393999951,37.220848010000054],[-7.213314878999938,37.22004659300006]]],[[[-7.18225042499995,37.22829898900005],[-7.175662269999975,37.22528327900005],[-7.184905750999974,37.21885068800003],[-7.185182735999945,37.223432444000025],[-7.183385566999959,37.222225870000045],[-7.180674172999943,37.22436143700003],[-7.184927749999929,37.22830082200005],[-7.18225042499995,37.22829898900005]]],[[[-7.20968202399996,37.23053107100003],[-7.20910298299998,37.22729011000007],[-7.212178177999931,37.22745010700004],[-7.2113947359999315,37.23095028100005],[-7.20968202399996,37.23053107100003]]],[[[-7.2204085209999675,37.22204718000006],[-7.2147508759999255,37.221103449000054],[-7.218571404999977,37.21420352900003],[-7.2182491819999655,37.210975388000065],[-7.225622560999966,37.21834190200008],[-7.2326095999999325,37.21823832600006],[-7.232779622999942,37.220984189000035],[-7.236065594999957,37.22499514200007],[-7.228374953999946,37.231439230000035],[-7.222187048999956,37.22730595400003],[-7.2204085209999675,37.22204718000006]]],[[[-7.217480714999965,37.25455775800003],[-7.213594474999979,37.253629930000045],[-7.214100111999926,37.25197632100003],[-7.224660823999955,37.25328728300008],[-7.2308571159999815,37.25175068400006],[-7.232247965999932,37.25337526200008],[-7.217480714999965,37.25455775800003]]],[[[-7.239094111999975,37.28398352100004],[-7.229873075999933,37.279102917000046],[-7.238311652999926,37.276475970000035],[-7.239864126999976,37.27317449000003],[-7.237779764999971,37.279588948000026],[-7.241051638999977,37.282918804000076],[-7.239094111999975,37.28398352100004]]]]}},{"type":"Feature","properties":{"ClaseSuelo":"SUELO URBANO","NuclRural":"0","AreaLamber":505.95520245,"Shape_STAr":0.000512366773027},"geometry":{"type":"MultiPolygon","coordinates":[[[[-7.223994049999931,37.21689389000005],[-7.219167894999941,37.211060942000074],[-7.2139304489999745,37.20939724600004],[-7.2013802439999495,37.21081862600005],[-7.2004199119999726,37.208041835000074],[-7.19782029299995,37.208192291000046],[-7.197484568999926,37.20666074900004],[-7.231153628999948,37.20497903100005],[-7.2326095999999325,37.21823832600006],[-7.227542091999965,37.21910595800006],[-7.223994049999931,37.21689389000005]],[[-7.216182577999973,37.206203509000034],[-7.216522379999958,37.20592368200005],[-7.216094718999955,37.205725725000036],[-7.216182577999973,37.206203509000034]],[[-7.218219513999941,37.20590270500003],[-7.217877831999942,37.20612632500007],[-7.218868437999959,37.20601338400007],[-7.218219513999941,37.20590270500003]]],[[[-7.195123211999942,37.269922413000074],[-7.1947595309999315,37.268220591000045],[-7.194162080999945,37.27122723000008],[-7.192554465999933,37.27016983000004],[-7.196579186999941,37.265912213000036],[-7.196355507999954,37.26034847400007],[-7.193185833999962,37.26014513900003],[-7.192252909999979,37.258463610000035],[-7.194584836999979,37.25673860000006],[-7.1985873399999605,37.25764067100005],[-7.201028871999938,37.25649985700005],[-7.199672455999973,37.253231269000025],[-7.197585325999967,37.25352740000005],[-7.1939714149999645,37.24935879700007],[-7.196423577999951,37.247422835000066],[-7.2000381719999496,37.24815606900006],[-7.2042021719999525,37.24386702800007],[-7.207521293999946,37.24581662400004],[-7.205002497999942,37.249262488000056],[-7.208628144999977,37.249696510000035],[-7.210893668999972,37.252731520000054],[-7.208992480999939,37.25230359500006],[-7.207954581999957,37.254117422000036],[-7.210331814999961,37.25922682000004],[-7.206946288999973,37.262761158000046],[-7.204561979999937,37.26057495600003],[-7.199653138999963,37.26146791200006],[-7.195123211999942,37.269922413000074]],[[-7.206519134999951,37.251584034000075],[-7.207042617999946,37.252044037000076],[-7.207258556999932,37.251858954000056],[-7.206519134999951,37.251584034000075]],[[-7.198399197999947,37.26232098500003],[-7.197777801999962,37.26231745100006],[-7.198215411999968,37.262608439000076],[-7.198399197999947,37.26232098500003]],[[-7.202148740999974,37.25032205500003],[-7.20162840699993,37.25024399700004],[-7.201956396999947,37.25083310000008],[-7.202148740999974,37.25032205500003]],[[-7.204270884999971,37.25706750100005],[-7.203473845999952,37.257145871000034],[-7.203639125999928,37.25753343200006],[-7.204270884999971,37.25706750100005]],[[-7.197551927999939,37.25931665200005],[-7.196594563999952,37.25909939300004],[-7.196523317999947,37.26023540700004],[-7.197551927999939,37.25931665200005]],[[-7.207534674999977,37.253454275000024],[-7.205778320999968,37.25283464300003],[-7.206744334999939,37.25390330600004],[-7.207534674999977,37.253454275000024]],[[-7.200350038999943,37.25252499000004],[-7.201366033999932,37.25137471800008],[-7.1991518149999365,37.250888204000034],[-7.200350038999943,37.25252499000004]]],[[[-7.211966497999981,37.22987710600006],[-7.21210687699994,37.22434846200008],[-7.214627098999927,37.22105999900003],[-7.216523748999975,37.22137898900007],[-7.214766744999963,37.22399022600007],[-7.217405335999956,37.22393901700008],[-7.214951810999935,37.22594391800004],[-7.215236668999978,37.22970298300004],[-7.212863053999968,37.23222939400006],[-7.211966497999981,37.22987710600006]]],[[[-7.182620219999933,37.22586447000003],[-7.180674172999943,37.22436143700003],[-7.183385566999959,37.222225870000045],[-7.185751245999938,37.226273537000054],[-7.184921197999927,37.22759704300006],[-7.182620219999933,37.22586447000003]]],[[[-7.214551057999927,37.254811595000035],[-7.21196387699996,37.25443804100007],[-7.212506772999973,37.25022397400005],[-7.214143728999943,37.24921414600004],[-7.214551057999927,37.254811595000035]]],[[[-7.200165176999974,37.21716131900007],[-7.197567258999925,37.21628646400006],[-7.201261117999934,37.21512179200005],[-7.202066027999933,37.21703667600008],[-7.200165176999974,37.21716131900007]]],[[[-7.175666884999941,37.225874214000044],[-7.174201448999952,37.22540718300007],[-7.176709199999948,37.226028634000045],[-7.175666884999941,37.225874214000044]]],[[[-7.217477103999954,37.25460367100004],[-7.216323104999958,37.25369881600005],[-7.217592980999939,37.253753903000074],[-7.217477103999954,37.25460367100004]]],[[[-7.1957453019999775,37.253125167000064],[-7.19651143599998,37.25350649000006],[-7.195859974999962,37.25416779100004],[-7.1957453019999775,37.253125167000064]]]]}},{"type":"Feature","properties":{"ClaseSuelo":"SUELO URBANO NO CONSOLIDADO","NuclRural":"0","AreaLamber":15.91197927,"Shape_STAr":0.0000161204564943},"geometry":{"type":"MultiPolygon","coordinates":[[[[-7.177106494999975,37.285740076000025],[-7.179118279999955,37.28166390000007],[-7.179902837999975,37.28195893100008],[-7.177106494999975,37.285740076000025]]],[[[-7.216005347999953,37.20621189600007],[-7.216094718999955,37.205725725000036],[-7.216522379999958,37.20592368200005],[-7.216005347999953,37.20621189600007]]],[[[-7.217922743999964,37.20595030800007],[-7.218211055999973,37.20565766100003],[-7.218868437999959,37.20601338400007],[-7.217922743999964,37.20595030800007]]],[[[-7.18496976299997,37.22401573700006],[-7.185308808999935,37.22399921600004],[-7.184882168999934,37.22423260900007],[-7.18496976299997,37.22401573700006]]],[[[-7.176342401999932,37.226498193000054],[-7.1767529849999505,37.22597591600004],[-7.179201017999958,37.22722786700007],[-7.178465984999946,37.227668245000075],[-7.176342401999932,37.226498193000054]]],[[[-7.20162840699993,37.25024399700004],[-7.202148740999974,37.25032205500003],[-7.202075926999953,37.250810615000034],[-7.20162840699993,37.25024399700004]]],[[[-7.206462055999964,37.25159412800008],[-7.207258556999932,37.251858954000056],[-7.207042617999946,37.252044037000076],[-7.206462055999964,37.25159412800008]]],[[[-7.200155753999979,37.25232038900003],[-7.1991518149999365,37.250888204000034],[-7.201366033999932,37.25137471800008],[-7.200155753999979,37.25232038900003]]],[[[-7.205778320999968,37.25283464300003],[-7.207534674999977,37.253454275000024],[-7.206744334999939,37.25390330600004],[-7.205778320999968,37.25283464300003]]],[[[-7.2037675199999285,37.25731712600003],[-7.203473845999952,37.257145871000034],[-7.20417127099995,37.25671516600005],[-7.2037675199999285,37.25731712600003]]],[[[-7.197255052999935,37.26024063400007],[-7.196594563999952,37.25909939300004],[-7.197551927999939,37.25931665200005],[-7.197255052999935,37.26024063400007]]],[[[-7.195046673999968,37.25935112900004],[-7.19562300399997,37.260542212000075],[-7.194085405999942,37.26140923500003],[-7.193185833999962,37.26014513900003],[-7.195046673999968,37.25935112900004]]],[[[-7.197777801999962,37.26231745100006],[-7.198399197999947,37.26232098500003],[-7.198215411999968,37.262608439000076],[-7.197777801999962,37.26231745100006]]],[[[-7.199415642999952,37.26195266900004],[-7.200483186999975,37.261716954000065],[-7.199779724999928,37.26314504700008],[-7.199415642999952,37.26195266900004]]],[[[-7.194448669999929,37.268508362000034],[-7.19580960899998,37.26870446000004],[-7.195027029999949,37.269865018000075],[-7.194448669999929,37.268508362000034]]]]}},{"type":"Feature","properties":{"ClaseSuelo":"SUELO NO URBANIZABLE","NuclRural":"0","AreaLamber":2471.59927109,"Shape_STAr":0.0025053563419},"geometry":{"type":"Polygon","coordinates":[[[-6.977716009999938,37.30134409500005],[-6.976019674999975,37.295473798000046],[-6.977034668999977,37.29226878600008],[-6.9760158099999785,37.285555944000066],[-6.9817695909999316,37.280290716000025],[-6.982599706999963,37.27593884400005],[-6.978373694999959,37.26868539600008],[-6.972049394999942,37.26566406000006],[-6.9742962989999455,37.263597754000045],[-6.982068526999967,37.268858297000065],[-6.985744798999974,37.26931996700006],[-6.9956635699999765,37.259517662000064],[-7.019266100999971,37.253439075000074],[-7.025718536999932,37.255678800000055],[-7.030185844999949,37.25983999300007],[-7.028074733999972,37.26190367100003],[-7.0250411059999465,37.26097584200005],[-7.02039917299993,37.262188156000036],[-7.018178510999974,37.25397654600005],[-7.015336671999933,37.25462912200004],[-7.012708776999943,37.258639455000036],[-7.016917585999977,37.25948721800006],[-7.019993425999928,37.262198340000054],[-7.016494132999981,37.268088153000065],[-7.014679002999969,37.26872843800004],[-7.015311413999939,37.27017370500005],[-7.020388993999973,37.27041739100008],[-7.024654249999969,37.27500990000004],[-7.028997666999942,37.27011176900004],[-7.033514647999937,37.267884507000076],[-7.02845352099996,37.26903775100004],[-7.031927622999945,37.26361550100006],[-7.03631953699994,37.265041835000034],[-7.031901286999926,37.261797811000065],[-7.03831598499994,37.26366276600004],[-7.047496785999954,37.27051922100003],[-7.058893781999927,37.268453048000026],[-7.064595936999979,37.27199545600007],[-7.069381395999926,37.272740644000066],[-7.071832434999976,37.277016081000056],[-7.077685760999941,37.27874202300006],[-7.074893725999971,37.28486455700005],[-7.069439655999929,37.290970611000034],[-7.057352990999959,37.29641249500003],[-7.053519811999934,37.295580157000074],[-7.0285995049999315,37.29997222600008],[-7.0160604569999805,37.299966522000034],[-6.979504990999942,37.30789585700006],[-6.977716009999938,37.30134409500005]],[[-6.988340999999934,37.29780960100004],[-7.016644149999934,37.29547760100007],[-7.018504315999962,37.28988089300003],[-7.017829613999936,37.28613024500004],[-7.019421957999953,37.28449915900006],[-7.018363017999945,37.28086155400007],[-7.015044358999944,37.27928084600006],[-7.016281429999935,37.27410562500006],[-7.008609382999964,37.270312656000044],[-7.010117043999969,37.27502709000004],[-7.008645281999975,37.275578659000075],[-7.010573808999936,37.27750950200004],[-7.005995806999977,37.27995711700004],[-7.004925997999976,37.27129959100006],[-7.000928758999976,37.26928050500004],[-6.9945788759999346,37.28151146500005],[-6.991837694999958,37.281555248000075],[-6.994787283999926,37.27757389200008],[-6.9941779259999635,37.27348666300003],[-6.997178543999951,37.26822324300008],[-6.995502870999928,37.26574868000006],[-6.991849164999962,37.26711540300005],[-6.986623369999961,37.27475856800004],[-6.986249027999975,37.28709600900004],[-6.983492499999954,37.291858287000025],[-6.989164169999981,37.290333445000044],[-6.988340999999934,37.29780960100004]],[[-7.029489685999977,37.27550599800003],[-7.028870891999929,37.27746146100003],[-7.030758138999943,37.279076459000066],[-7.032684555999936,37.27529222100003],[-7.029489685999977,37.27550599800003]]]}},{"type":"Feature","properties":{"ClaseSuelo":"SUELO URBANIZABLE DELIMITADO O SECTORIZADO","NuclRural":"0","AreaLamber":214.52390307,"Shape_STAr":0.000217443216234},"geometry":{"type":"MultiPolygon","coordinates":[[[[-6.98706378299994,37.28214316700007],[-6.986623369999961,37.27475856800004],[-6.987996424999949,37.276210752000054],[-6.99066664399993,37.272769862000075],[-6.9889778579999415,37.271839628000066],[-6.991245122999942,37.267804875000024],[-6.995614149999938,37.265793227000074],[-6.997133118999955,37.26862777700006],[-6.9941779259999635,37.27348666300003],[-6.994787283999926,37.27757389200008],[-6.99149943499998,37.281607723000036],[-6.991147817999945,37.28609372100004],[-6.989164169999981,37.290333445000044],[-6.9835237569999435,37.29187344300004],[-6.98706378299994,37.28214316700007]]],[[[-7.030625308999959,37.27902616000006],[-7.028959869999937,37.27558298900004],[-7.032684555999936,37.27529222100003],[-7.030625308999959,37.27902616000006]]],[[[-7.008958505999942,37.27783439500007],[-7.010573808999936,37.27750950200004],[-7.008645281999975,37.275578659000075],[-7.010117043999969,37.27502709000004],[-7.008609382999964,37.270312656000044],[-7.016281429999935,37.27410562500006],[-7.008958505999942,37.27783439500007]]],[[[-7.024511676999964,37.27407079000005],[-7.02709355199994,37.27320735700005],[-7.02415560299994,37.27129837500007],[-7.028257396999948,37.272335689000045],[-7.024511676999964,37.27407079000005]]],[[[-7.028618402999939,37.26848417300005],[-7.026820382999972,37.26702739700005],[-7.030583849999971,37.26361915000007],[-7.02416070299995,37.262913153000056],[-7.02425657699996,37.26114478900007],[-7.028074733999972,37.26190367100003],[-7.030185844999949,37.25983999300007],[-7.03631953699994,37.265041835000034],[-7.031927622999945,37.26361550100006],[-7.028618402999939,37.26848417300005]]]]}},{"type":"Feature","properties":{"ClaseSuelo":"SUELO URBANO","NuclRural":"0","AreaLamber":683.43302593,"Shape_STAr":0.000692794292598},"geometry":{"type":"MultiPolygon","coordinates":[[[[-6.98777350499995,37.297420991000024],[-6.99149943499998,37.281607723000036],[-6.9945788759999346,37.28151146500005],[-6.9990436359999535,37.27130925000006],[-7.004547181999953,37.27143931300003],[-7.005995806999977,37.27995711700004],[-7.015705706999938,37.275187852000045],[-7.015044358999944,37.27928084600006],[-7.018363017999945,37.28086155400007],[-7.019421957999953,37.28449915900006],[-7.017829613999936,37.28613024500004],[-7.018504315999962,37.28988089300003],[-7.016644149999934,37.29547760100007],[-6.98777350499995,37.297420991000024]],[[-7.001579093999965,37.27511051600004],[-7.0004178119999665,37.275714820000076],[-7.00150833999993,37.27578582800004],[-7.001579093999965,37.27511051600004]]],[[[-7.023855533999949,37.27306155600007],[-7.020378282999957,37.270412975000056],[-7.015229374999933,37.27000438600004],[-7.014679002999969,37.26872843800004],[-7.016494132999981,37.268088153000065],[-7.019993425999928,37.262198340000054],[-7.016917585999977,37.25948721800006],[-7.012708776999943,37.258639455000036],[-7.015336671999933,37.25462912200004],[-7.0182085809999535,37.25400892400006],[-7.02039917299993,37.262188156000036],[-7.024276520999933,37.261049703000026],[-7.02416070299995,37.262913153000056],[-7.030583849999971,37.26361915000007],[-7.026820382999972,37.26702739700005],[-7.02845352099996,37.26903775100004],[-7.033510737999961,37.26787470800008],[-7.027621902999954,37.269967966000024],[-7.028862939999954,37.270416916000045],[-7.028037509999933,37.27179674700005],[-7.02415560299994,37.27129837500007],[-7.023855533999949,37.27306155600007]],[[-7.025225758999966,37.26823326300007],[-7.026098339999976,37.26771141000006],[-7.024995003999948,37.26809487400004],[-7.025225758999966,37.26823326300007]]]]}},{"type":"Feature","properties":{"ClaseSuelo":"SUELO URBANO NO CONSOLIDADO","NuclRural":"0","AreaLamber":20.5525626,"Shape_STAr":0.0000208316843815},"geometry":{"type":"MultiPolygon","coordinates":[[[[-6.988386989999981,37.271870206000074],[-6.99066664399993,37.272769862000075],[-6.9876544749999425,37.27622070500007],[-6.986742524999954,37.274576695000064],[-6.988386989999981,37.271870206000074]]],[[[-7.005154359999949,37.27350181500003],[-7.0042025579999745,37.27106813800003],[-7.006623455999943,37.27939247100005],[-7.005154359999949,37.27350181500003]]],[[[-6.997637080999937,37.273996270000055],[-6.996777631999976,37.27618565700004],[-6.996467778999943,37.27613735700004],[-6.997637080999937,37.273996270000055]]],[[[-7.0004906169999686,37.275537049000036],[-7.00164982299998,37.27511841000006],[-7.00150833999993,37.27578582800004],[-7.0004906169999686,37.275537049000036]]],[[[-7.024097420999965,37.272386692000055],[-7.02709355199994,37.27320735700005],[-7.0243835339999805,37.27326263900005],[-7.024097420999965,37.272386692000055]]],[[[-7.027641845999938,37.27005686000007],[-7.030556305999937,37.26964966600008],[-7.028622291999966,37.27046692500005],[-7.027641845999938,37.27005686000007]]],[[[-6.998980759999938,37.27137737000004],[-7.001209770999935,37.269246733000045],[-7.003637563999973,37.270975046000046],[-6.998980759999938,37.27137737000004]]],[[[-7.0250696999999604,37.26817615400006],[-7.026098339999976,37.26771141000006],[-7.0255429489999415,37.26819790500008],[-7.0250696999999604,37.26817615400006]]]]}},{"type":"Feature","properties":{"ClaseSuelo":"SUELO URBANO","NuclRural":"0","AreaLamber":571.19488555,"Shape_STAr":0.000578611770695},"geometry":{"type":"MultiPolygon","coordinates":[[[[-7.122834391999959,37.223128502000066],[-7.1200845219999565,37.22348615400006],[-7.121441552999954,37.21864039500008],[-7.112414307999927,37.21808831200008],[-7.116757933999963,37.22511040000006],[-7.113553116999981,37.225494997000055],[-7.109460413999955,37.21798068800007],[-7.097653219999927,37.21863728400007],[-7.101348777999931,37.21510208500007],[-7.105125690999955,37.215044603000024],[-7.105983214999981,37.21708701800003],[-7.105816235999953,37.21593292500006],[-7.107844244999967,37.21585308500005],[-7.11839628599995,37.217714244000035],[-7.1278211499999315,37.21724721800007],[-7.131479322999951,37.220329494000055],[-7.129749726999933,37.22734420100005],[-7.132566065999981,37.22638744500006],[-7.133989134999979,37.22223986000006],[-7.141820874999951,37.22301149200007],[-7.143501541999967,37.22164538800007],[-7.147276095999928,37.222866503000034],[-7.137699234999957,37.226711978000026],[-7.126935894999974,37.22794642100007],[-7.125127394999936,37.222819851000054],[-7.122834391999959,37.223128502000066]],[[-7.105460792999963,37.21742098900006],[-7.106101628999966,37.21753299400007],[-7.106012608999947,37.217183128000045],[-7.105460792999963,37.21742098900006]]],[[[-7.139302303999955,37.29063988900003],[-7.137934494999968,37.289627117000066],[-7.141191572999958,37.28832978200006],[-7.149971247999929,37.28869352300006],[-7.1411020099999405,37.28817428100007],[-7.146056590999933,37.286086761000035],[-7.144874878999929,37.285025190000056],[-7.145320529999935,37.27963217300004],[-7.143116575999954,37.276615184000036],[-7.146710961999929,37.27633823800005],[-7.151403744999925,37.280182111000045],[-7.1549227539999265,37.27645137400003],[-7.156747620999965,37.28013938500004],[-7.15928949299996,37.27542990300003],[-7.159869785999945,37.276885381000056],[-7.16264764999994,37.277184627000054],[-7.159602424999946,37.277636925000024],[-7.157021965999945,37.282347317000074],[-7.159587743999964,37.283165679000035],[-7.158043194999948,37.285050081000065],[-7.161832839999931,37.28452576700005],[-7.161428576999981,37.28733809000005],[-7.150749791999942,37.28856186200005],[-7.152338413999928,37.29093574800004],[-7.151389706999964,37.29257855000003],[-7.149438353999926,37.29258405300004],[-7.15027177099995,37.29012705900004],[-7.148492325999939,37.289362564000044],[-7.139302303999955,37.29063988900003]],[[-7.1551897159999385,37.28070803700007],[-7.15543114999997,37.27975079600003],[-7.153294801999948,37.28054110900007],[-7.1551897159999385,37.28070803700007]],[[-7.158563396999966,37.27812768500007],[-7.1592237489999775,37.27864294800003],[-7.159273915999961,37.27816290000004],[-7.158563396999966,37.27812768500007]]],[[[-7.16962680599994,37.286141599000075],[-7.171938836999971,37.28510479000005],[-7.16715781299996,37.28744724300003],[-7.16962680599994,37.286141599000075]]],[[[-7.16667188699995,37.28504525500006],[-7.171452639999927,37.28355471000003],[-7.172570788999963,37.28472321700008],[-7.165042942999946,37.28735569600008],[-7.16667188699995,37.28504525500006]]],[[[-7.127989257999957,37.25809702000004],[-7.132525036999937,37.25701374200003],[-7.133697513999948,37.25814105500007],[-7.131938812999977,37.26387149200008],[-7.127989257999957,37.25809702000004]]],[[[-7.0532114409999735,37.22096679100008],[-7.053194017999942,37.20947400500006],[-7.062845296999967,37.21150735000003],[-7.062449084999969,37.213279759000045],[-7.07625107399997,37.214145020000046],[-7.074714796999956,37.21897396600008],[-7.0532114409999735,37.22096679100008]]],[[[-7.082598806999954,37.216459574000055],[-7.08638769099997,37.21794706700007],[-7.083324955999956,37.218666674000076],[-7.082598806999954,37.216459574000055]]]]}},{"type":"Feature","properties":{"ClaseSuelo":"SUELO NO URBANIZABLE","NuclRural":"0","AreaLamber":19510.2965364,"Shape_STAr":0.0197647959609},"geometry":{"type":"Polygon","coordinates":[[[-6.813454398999966,37.309884563000026],[-6.804498148999926,37.309632615000055],[-6.802227789999961,37.30441759800004],[-6.794763658999955,37.30960315800007],[-6.788811946999942,37.308992285000045],[-6.786351140999955,37.310521519000076],[-6.778321619999929,37.30670649600006],[-6.778980884999953,37.29802808100004],[-6.774834254999973,37.296286735000024],[-6.775600424999936,37.292442583000025],[-6.774354169999981,37.28939238600003],[-6.768682465999973,37.285321176000025],[-6.772520551999946,37.284964563000074],[-6.77327186499997,37.28172448000004],[-6.769174606999968,37.28208036700005],[-6.759056047999934,37.266790263000075],[-6.7579365919999645,37.257880114000045],[-6.759146833999978,37.24935537400006],[-6.753642734999971,37.23768357400007],[-6.753419790999942,37.21320463700005],[-6.751187441999946,37.200203567000074],[-6.75301910099995,37.179208870000025],[-6.752520077999975,37.15980151400004],[-6.7405103929999655,37.13674930500008],[-6.729218107999941,37.09033069900005],[-6.783421511999961,37.11690467100004],[-6.776590695999971,37.121447000000046],[-6.778547181999954,37.12393376700004],[-6.829828594999981,37.14038634800005],[-6.841509506999955,37.147066659000075],[-6.843946612999957,37.146032149000064],[-6.842785163999963,37.14462084400003],[-6.844339350999974,37.142329364000034],[-6.849493532999929,37.145296177000034],[-6.847484646999931,37.14797082600006],[-6.852419587999975,37.14998315300005],[-6.861936989999947,37.15030572000006],[-6.857154550999951,37.14826463900005],[-6.8621318819999715,37.14971795400004],[-6.865021645999946,37.15474954700005],[-6.867374823999967,37.19117547900004],[-6.8727501719999395,37.20821501900008],[-6.873168128999964,37.21726392200003],[-6.871165301999952,37.224572325000054],[-6.880884548999973,37.239235001000054],[-6.895698979999963,37.24969327400004],[-6.887456260999954,37.25397324000005],[-6.872613826999952,37.26913497500004],[-6.862416639999935,37.27383758800005],[-6.849819834999948,37.282797440000024],[-6.850048777999973,37.292149825000024],[-6.85536117099997,37.29924656700007],[-6.853567708999947,37.30254809200005],[-6.84719070899996,37.30332331900007],[-6.841509980999945,37.29629222300008],[-6.827217278999967,37.30195369300003],[-6.821770160999961,37.31085019400007],[-6.817826193999963,37.31203163500004],[-6.813454398999966,37.309884563000026]],[[-6.82266371399993,37.299644011000055],[-6.827642579999974,37.29854017200006],[-6.828328071999977,37.29700986000006],[-6.821012982999946,37.29329335600005],[-6.810716515999957,37.300236005000045],[-6.816310893999969,37.30181556500003],[-6.82266371399993,37.299644011000055]],[[-6.829673483999954,37.29299712000005],[-6.83529443599997,37.29360914600005],[-6.833354413999928,37.29034715000006],[-6.829913646999955,37.29055774500006],[-6.829673483999954,37.29299712000005]],[[-6.83576508699997,37.28143729200008],[-6.840385423999976,37.28101410600004],[-6.844425009999952,37.278585590000034],[-6.846792430999926,37.27978652100006],[-6.847508854999944,37.27803896700004],[-6.843576390999942,37.27354022600008],[-6.8458761259999505,37.271784758000024],[-6.844683275999955,37.27022238700005],[-6.834778164999932,37.26924840200007],[-6.831853071999944,37.272081281000055],[-6.829208846999961,37.28015555700006],[-6.832783072999973,37.28038365000003],[-6.833661993999954,37.28236422300006],[-6.83576508699997,37.28143729200008]],[[-6.832156432999966,37.271481652000034],[-6.8359768769999505,37.26783528300007],[-6.829262497999935,37.26864752000006],[-6.826791514999968,37.27237112300003],[-6.8301548979999325,37.27495560600005],[-6.832156432999966,37.271481652000034]],[[-6.81300217699993,37.26999955900004],[-6.815396010999962,37.26918986700008],[-6.8128775279999445,37.26816536900003],[-6.81300217699993,37.26999955900004]],[[-6.825265846999969,37.25541932200008],[-6.8204092189999415,37.25426263500003],[-6.818778431999931,37.25672424800007],[-6.823077612999953,37.25909912100008],[-6.827134250999961,37.257416344000035],[-6.825265846999969,37.25541932200008]],[[-6.844276067999942,37.16488305900003],[-6.843906972999946,37.16410851100005],[-6.842906132999929,37.164452932000074],[-6.844276067999942,37.16488305900003]],[[-6.829100912999934,37.14105405400005],[-6.805511687999967,37.13285563000005],[-6.808916083999975,37.14262169800003],[-6.818984378999971,37.140113738000025],[-6.821422882999968,37.14669685000007],[-6.832246789999942,37.14420979700003],[-6.829100912999934,37.14105405400005]],[[-6.763063306999925,37.11287476200005],[-6.762144743999954,37.112338357000056],[-6.761496748999946,37.113078804000054],[-6.763063306999925,37.11287476200005]]]}},{"type":"Feature","properties":{"ClaseSuelo":"SUELO URBANIZABLE DELIMITADO O SECTORIZADO","NuclRural":"0","AreaLamber":170.93030705,"Shape_STAr":0.000173324331861},"geometry":{"type":"MultiPolygon","coordinates":[[[[-6.810879224999951,37.29985977900003],[-6.821012982999946,37.29329335600005],[-6.828328071999977,37.29700986000006],[-6.8264500069999485,37.29908304700007],[-6.816310893999969,37.30181556500003],[-6.81107971199998,37.30108388200006],[-6.810879224999951,37.29985977900003]]],[[[-6.820620671999961,37.255027623000046],[-6.825265846999969,37.25541932200008],[-6.827134250999961,37.257416344000035],[-6.82518160099994,37.25830502900004],[-6.820620671999961,37.255027623000046]]],[[[-6.8375473569999485,37.27183929300003],[-6.83483730699993,37.27167512400007],[-6.834689275999949,37.269332449000046],[-6.843406371999947,37.26986777600007],[-6.84208313299996,37.27142618000005],[-6.8375473569999485,37.27183929300003]]],[[[-6.826901676999967,37.27201349000006],[-6.828846559999931,37.27100033100004],[-6.829262497999935,37.26864752000006],[-6.8359768769999505,37.26783528300007],[-6.8301548979999325,37.27495560600005],[-6.826901676999967,37.27201349000006]]],[[[-6.8302245069999685,37.275436429000024],[-6.832197138999959,37.271722347000036],[-6.833622404999971,37.27202868300003],[-6.832304810999972,37.27272491700006],[-6.832879868999953,37.27574972100007],[-6.829972099999964,37.276596194000035],[-6.8302245069999685,37.275436429000024]]],[[[-6.844450000999927,37.27815905500006],[-6.843436370999939,37.273416130000044],[-6.846809834999931,37.27738670300005],[-6.844450000999927,37.27815905500006]]],[[[-6.832145448999938,37.28056956800003],[-6.829208846999961,37.28015555700006],[-6.829537104999929,37.27858578200005],[-6.8332290029999285,37.278676793000045],[-6.832145448999938,37.28056956800003]]],[[[-6.842141284999968,37.278101511000045],[-6.843840519999958,37.279004719000056],[-6.841856333999942,37.28045909800005],[-6.842141284999968,37.278101511000045]]],[[[-6.833390066999925,37.28214047700004],[-6.832643639999958,37.28100129300003],[-6.84096918299997,37.28080020300007],[-6.833390066999925,37.28214047700004]]],[[[-6.8329578939999465,37.29273008700005],[-6.829673483999954,37.29299712000005],[-6.829913646999955,37.29055774500006],[-6.833354413999928,37.29034715000006],[-6.83529443599997,37.29360914600005],[-6.8329578939999465,37.29273008700005]]]]}},{"type":"Feature","properties":{"ClaseSuelo":"SUELO URBANIZABLE NO DELIMITADO O SECTORIZADO","NuclRural":"0","AreaLamber":471.89683722,"Shape_STAr":0.000477570817128},"geometry":{"type":"MultiPolygon","coordinates":[[[[-6.807639276999964,37.133018864000064],[-6.7794302189999485,37.124313495000024],[-6.776362512999981,37.12264076200006],[-6.776590695999971,37.121447000000046],[-6.783421511999961,37.11690467100004],[-6.809181785999954,37.127964546000044],[-6.807871598999952,37.130357616000026],[-6.811039339999979,37.13156805600005],[-6.813630558999932,37.12955006300007],[-6.812678896999955,37.131684309000036],[-6.814841392999938,37.13242598200003],[-6.816676979999954,37.13061227600008],[-6.823807538999972,37.133497668000075],[-6.8213070329999255,37.13776117000003],[-6.807639276999964,37.133018864000064]]],[[[-6.8199903359999325,37.14292098100003],[-6.818984378999971,37.140113738000025],[-6.808916083999975,37.14262169800003],[-6.805511687999967,37.13285563000005],[-6.830093086999966,37.14121336300008],[-6.832246789999942,37.14420979700003],[-6.821422882999968,37.14669685000007],[-6.8199903359999325,37.14292098100003]]],[[[-6.831312177999962,37.138816519000045],[-6.833626098999957,37.13803660200006],[-6.843946612999957,37.146032149000064],[-6.841509506999955,37.147066659000075],[-6.831241046999935,37.14137231600006],[-6.829321630999971,37.139592306000054],[-6.831312177999962,37.138816519000045]]],[[[-6.848939709999968,37.145924069000046],[-6.861936989999947,37.15030572000006],[-6.851792838999927,37.149899849000064],[-6.847484646999931,37.14797082600006],[-6.848939709999968,37.145924069000046]]]]}},{"type":"Feature","properties":{"ClaseSuelo":"SUELO URBANO","NuclRural":"0","AreaLamber":218.53091805,"Shape_STAr":0.000221381595589},"geometry":{"type":"MultiPolygon","coordinates":[[[[-6.834661607999976,37.28134130700005],[-6.832643639999958,37.28100129300003],[-6.8332290029999285,37.278676793000045],[-6.829537104999929,37.27858578200005],[-6.829972099999964,37.276596194000035],[-6.832879868999953,37.27574972100007],[-6.8333003589999635,37.27072385200006],[-6.834611979999977,37.26943239800005],[-6.83483730699993,37.27167512400007],[-6.845042252999974,37.27056134700007],[-6.845223742999963,37.27238561300004],[-6.843576390999942,37.27354022600008],[-6.8415738719999695,37.272109459000035],[-6.840934530999959,37.27430778200005],[-6.842528581999943,37.27380772400005],[-6.844385761999945,37.27681744000006],[-6.84355186099998,37.277681907000044],[-6.847508854999944,37.27803896700004],[-6.846792430999926,37.27978652100006],[-6.845666851999965,37.27857456300006],[-6.843516662999946,37.27973993400008],[-6.842821125999933,37.277456839000024],[-6.8412893689999805,37.27821246600007],[-6.841856333999942,37.28045909800005],[-6.834661607999976,37.28134130700005]],[[-6.8382054169999265,37.27773830600006],[-6.838356208999926,37.277335384000025],[-6.83725425199998,37.277006605000054],[-6.8382054169999265,37.27773830600006]]],[[[-6.836158274999946,37.13996975900005],[-6.833626098999957,37.13803660200006],[-6.829321630999971,37.139592306000054],[-6.829596072999948,37.140864312000076],[-6.826604392999968,37.14035616000007],[-6.800927473999934,37.13095896900006],[-6.8213070329999255,37.13776117000003],[-6.823807538999972,37.133497668000075],[-6.834193249999942,37.13712205400003],[-6.844339350999974,37.142329364000034],[-6.844316227999968,37.143796431000055],[-6.842785163999963,37.14462084400003],[-6.836158274999946,37.13996975900005]]],[[[-6.819388060999927,37.255162572000074],[-6.82518160099994,37.25830502900004],[-6.823077612999953,37.25909912100008],[-6.818778431999931,37.25672424800007],[-6.819388060999927,37.255162572000074]]],[[[-6.813630558999932,37.12955006300007],[-6.811039339999979,37.13156805600005],[-6.807871598999952,37.130357616000026],[-6.809181785999954,37.127964546000044],[-6.813630558999932,37.12955006300007]]],[[[-6.813630558999932,37.12955006300007],[-6.816798105999965,37.13159585100004],[-6.812678896999955,37.131684309000036],[-6.813630558999932,37.12955006300007]]],[[[-6.835810138999932,37.26989756100005],[-6.83553139299994,37.26991804200003],[-6.834689275999949,37.269332449000046],[-6.835810138999932,37.26989756100005]]]]}},{"type":"Feature","properties":{"ClaseSuelo":"SUELO URBANO NO CONSOLIDADO","NuclRural":"0","AreaLamber":8.21747762,"Shape_STAr":0.000008331255421},"geometry":{"type":"MultiPolygon","coordinates":[[[[-6.840934530999959,37.27430778200005],[-6.84095885399995,37.27251871000004],[-6.84255749099998,37.27210061200003],[-6.843436370999939,37.273416130000044],[-6.840934530999959,37.27430778200005]]],[[[-6.843433774999937,37.27019527500005],[-6.845042252999974,37.27056134700007],[-6.842522539999948,37.27123037500007],[-6.843433774999937,37.27019527500005]]],[[[-6.839480130999959,37.271470332000035],[-6.839644976999978,37.27102867200006],[-6.839918206999926,37.271691790000034],[-6.839480130999959,37.271470332000035]]],[[[-6.843843422999953,37.276680714000065],[-6.842988606999938,37.27595794200005],[-6.843563629999949,37.27549964200006],[-6.843843422999953,37.276680714000065]]],[[[-6.83765761899997,37.27758247300005],[-6.837441170999966,37.27685158700007],[-6.838356208999926,37.277335384000025],[-6.83765761899997,37.27758247300005]]],[[[-6.844450000999927,37.27815905500006],[-6.8434706409999535,37.27760178900007],[-6.844331183999941,37.276972483000065],[-6.844450000999927,37.27815905500006]]],[[[-6.842878018999954,37.27800997600008],[-6.8412893689999805,37.27821246600007],[-6.842821125999933,37.277456839000024],[-6.844025386999931,37.27881802100006],[-6.842878018999954,37.27800997600008]]],[[[-6.845430694999948,37.278721776000054],[-6.8459426039999585,37.27884283800006],[-6.845447369999931,37.27945248900005],[-6.845430694999948,37.278721776000054]]]]}},{"type":"Feature","properties":{"ClaseSuelo":"SUELO NO URBANIZABLE","NuclRural":"1","AreaLamber":5.30373583,"Shape_STAr":0.00000537402482107},"geometry":{"type":"MultiPolygon","coordinates":[[[[-6.812634515999946,37.26995871300005],[-6.8128775279999445,37.26816536900003],[-6.815396010999962,37.26918986700008],[-6.812634515999946,37.26995871300005]]],[[[-6.761496748999946,37.113078804000054],[-6.762144743999954,37.112338357000056],[-6.763063306999925,37.11287476200005],[-6.761496748999946,37.113078804000054]]],[[[-6.843822625999962,37.16502776400006],[-6.842906132999929,37.164452932000074],[-6.843906972999946,37.16410851100005],[-6.843822625999962,37.16502776400006]]]]}},{"type":"Feature","properties":{"ClaseSuelo":"SUELO NO URBANIZABLE","NuclRural":"0","AreaLamber":6309.2701456,"Shape_STAr":0.00639823131427},"geometry":{"type":"Polygon","coordinates":[[[-6.668076919999976,37.23375348800005],[-6.684414179999976,37.22056114700007],[-6.725739036999926,37.19615919800003],[-6.730984517999957,37.19908400400004],[-6.731897638999953,37.203902011000025],[-6.734464819999971,37.20685702600008],[-6.74294660299995,37.211201592000066],[-6.705603076999978,37.24239480500006],[-6.7151444349999565,37.250590946000045],[-6.70020330899996,37.27895093500007],[-6.702407243999971,37.282053089000044],[-6.699897270999941,37.28605052100005],[-6.701334182999972,37.28776228900006],[-6.698820934999958,37.28870578500005],[-6.697656467999934,37.29117460900005],[-6.698942079999938,37.29462985400005],[-6.697804509999969,37.29672847300003],[-6.701945422999927,37.298616888000026],[-6.707515800999943,37.304117940000026],[-6.710020053999926,37.31261581700005],[-6.722900734999939,37.32884116100007],[-6.715926904999947,37.32925879800007],[-6.7130807549999645,37.33148333100007],[-6.711729409999975,37.34230031200008],[-6.707739223999965,37.346740777000036],[-6.706485047999934,37.346248597000056],[-6.707395146999943,37.34295886100006],[-6.703418952999925,37.34562400900006],[-6.702546523999956,37.343714446000035],[-6.694863874999953,37.342594537000025],[-6.687695127999973,37.34459317300008],[-6.676627567999958,37.34463167500007],[-6.670789139999954,37.33179527100003],[-6.668281785999966,37.33266589500005],[-6.666726079999933,37.32944391600006],[-6.650401345999967,37.32850772900008],[-6.638652630999957,37.32467174300007],[-6.639170452999963,37.32137651900007],[-6.642331787999979,37.31909897700007],[-6.646871879999935,37.31058062900007],[-6.653764751999972,37.30292637500003],[-6.656626415999938,37.293324400000074],[-6.656939355999953,37.285584991000064],[-6.670343632999959,37.26025982600004],[-6.672230224999964,37.247588644000075],[-6.668076919999976,37.23375348800005]],[[-6.676429136999957,37.32010876500004],[-6.673059901999977,37.32283765500006],[-6.674483925999937,37.32218127200008],[-6.676852750999956,37.32430054900004],[-6.676973445999977,37.328749929000026],[-6.675123870999926,37.32959727000008],[-6.676829105999957,37.33069869800005],[-6.680295507999972,37.32578739600007],[-6.684176176999927,37.327096459000074],[-6.688958087999936,37.32174565300005],[-6.685059768999963,37.31768836200007],[-6.685558362999927,37.31529666000006],[-6.683456646999957,37.318137034000074],[-6.682086421999941,37.31703013900005],[-6.67994288999995,37.319952252000064],[-6.676429136999957,37.32010876500004]],[[-6.663705658999959,37.31451584300004],[-6.663712356999952,37.319252439000024],[-6.666059511999947,37.320396378000055],[-6.663808393999943,37.32152542800003],[-6.667235860999938,37.32480132400008],[-6.668571388999965,37.324081585000044],[-6.667073683999945,37.32088429000004],[-6.668422861999943,37.31917094800008],[-6.6662658709999505,37.31723276500003],[-6.664718049999976,37.31867147100007],[-6.663915528999951,37.31281699600004],[-6.663705658999959,37.31451584300004]],[[-6.681836143999931,37.29997343600007],[-6.679100288999962,37.301094325000065],[-6.679788520999978,37.302583054000024],[-6.685139985999967,37.30150422200006],[-6.68111160199993,37.300808612000026],[-6.681836143999931,37.29997343600007]],[[-6.662417912999956,37.288656407000076],[-6.66576271699995,37.29065927000005],[-6.664930800999969,37.29248235100005],[-6.668212119999964,37.29205725300005],[-6.667283045999966,37.29428896700006],[-6.66877106499993,37.29222941200004],[-6.6704580099999475,37.29329216800005],[-6.669145675999971,37.29681972700007],[-6.670723877999933,37.29334813300005],[-6.674422971999945,37.29486437700007],[-6.673268101999952,37.298280662000025],[-6.6752725019999275,37.29520975600008],[-6.680004293999957,37.29670092900005],[-6.680254058999935,37.29562301400006],[-6.6723530949999486,37.29249412300004],[-6.673181348999947,37.287826729000074],[-6.670274521999943,37.29230421800003],[-6.669300620999934,37.291659647000074],[-6.67126798299995,37.29055888000005],[-6.667364223999925,37.29019293600004],[-6.665229237999938,37.28766205800008],[-6.662417912999956,37.288656407000076]],[[-6.679272327999968,37.29150480100003],[-6.676096506999954,37.28687948700008],[-6.675521625999977,37.290427763000025],[-6.677539551999928,37.290495907000036],[-6.6771102449999375,37.292625128000054],[-6.678100661999963,37.29089112100007],[-6.679272327999968,37.29150480100003]],[[-6.681980610999972,37.28922885800006],[-6.68147653099993,37.29182394500003],[-6.68261124299994,37.29212636500006],[-6.685441946999958,37.289226574000054],[-6.685074535999945,37.28579216300005],[-6.683476301999974,37.28553268200005],[-6.681980610999972,37.28922885800006]],[[-6.68687074199994,37.28536171600007],[-6.685878594999963,37.285111544000074],[-6.685609255999964,37.28627702400007],[-6.68687074199994,37.28536171600007]],[[-6.692287153999928,37.288966809000044],[-6.689669513999945,37.29058622900004],[-6.68940559899994,37.292493930000035],[-6.69199447699998,37.291465594000044],[-6.692287153999928,37.288966809000044]],[[-6.68226704999995,37.34099015400005],[-6.682278826999948,37.337990510000054],[-6.6761711099999275,37.339311096000074],[-6.678103637999925,37.342296254000075],[-6.682732460999944,37.34224661300004],[-6.68226704999995,37.34099015400005]],[[-6.697500869999942,37.290887428000076],[-6.696495266999932,37.28985082200006],[-6.695849193999948,37.29145843900005],[-6.697500869999942,37.290887428000076]],[[-6.679700928999978,37.31083742100003],[-6.677785046999929,37.313517027000046],[-6.68208165599998,37.31146853000007],[-6.679700928999978,37.31083742100003]]]}},{"type":"Feature","properties":{"ClaseSuelo":"SUELO URBANIZABLE DELIMITADO O SECTORIZADO","NuclRural":"0","AreaLamber":30.14668993,"Shape_STAr":0.000030596259042},"geometry":{"type":"MultiPolygon","coordinates":[[[[-6.6790110269999445,37.342320296000025],[-6.6761711099999275,37.339311096000074],[-6.682278826999948,37.337990510000054],[-6.682732460999944,37.34224661300004],[-6.6790110269999445,37.342320296000025]]],[[[-6.684828546999938,37.32458855300007],[-6.686071683999955,37.32570814400003],[-6.6830609799999365,37.32745328100003],[-6.684828546999938,37.32458855300007]]],[[[-6.677642649999939,37.32617701200007],[-6.678968543999929,37.32586699900003],[-6.677167460999954,37.32868876200007],[-6.677642649999939,37.32617701200007]]],[[[-6.675400902999968,37.32975545000005],[-6.677124979999974,37.32899480700007],[-6.676829105999957,37.33069869800005],[-6.675400902999968,37.32975545000005]]]]}},{"type":"Feature","properties":{"ClaseSuelo":"SUELO URBANIZABLE NO DELIMITADO O SECTORIZADO","NuclRural":"0","AreaLamber":5.44599628,"Shape_STAr":0.00000552610917106},"geometry":{"type":"MultiPolygon","coordinates":[[[[-6.680789989999937,37.321035152000036],[-6.679948402999969,37.31926270500003],[-6.681480959999931,37.31862125600003],[-6.682242047999978,37.319617254000036],[-6.680789989999937,37.321035152000036]]],[[[-6.685111942999981,37.32441059800004],[-6.687279387999979,37.32489186200007],[-6.686071683999955,37.32570814400003],[-6.685111942999981,37.32441059800004]]]]}},{"type":"Feature","properties":{"ClaseSuelo":"SUELO URBANO","NuclRural":"0","AreaLamber":89.53385104,"Shape_STAr":0.000090852004786},"geometry":{"type":"MultiPolygon","coordinates":[[[[-6.677124979999974,37.32899480700007],[-6.678968543999929,37.32586699900003],[-6.674483925999937,37.32218127200008],[-6.673059901999977,37.32283765500006],[-6.67374228999995,37.32134511900006],[-6.679972299999974,37.31993998200005],[-6.681258553999953,37.32098041800003],[-6.681914396999957,37.31713829100005],[-6.6834669239999585,37.318992783000056],[-6.685558362999927,37.31529666000006],[-6.685059768999963,37.31768836200007],[-6.688958087999936,37.32174565300005],[-6.68312315299994,37.32589636800003],[-6.683816047999926,37.326795934000074],[-6.680295507999972,37.32578739600007],[-6.677124979999974,37.32899480700007]],[[-6.679046605999929,37.32504559400007],[-6.678120640999964,37.32435566500004],[-6.678285966999965,37.32501154200003],[-6.679046605999929,37.32504559400007]],[[-6.680566260999967,37.32432015000006],[-6.681464735999953,37.324931986000024],[-6.681830730999934,37.32449928300008],[-6.680566260999967,37.32432015000006]],[[-6.680923397999948,37.32375560000003],[-6.68148264499996,37.32412892000008],[-6.681993427999942,37.323408305000044],[-6.680923397999948,37.32375560000003]],[[-6.679897868999944,37.32371492900006],[-6.67990905399995,37.322638952000034],[-6.679183608999949,37.322677216000045],[-6.679897868999944,37.32371492900006]],[[-6.6797147169999675,37.321963942000025],[-6.679124412999954,37.32121165700005],[-6.676910319999934,37.321769018000055],[-6.6797147169999675,37.321963942000025]]],[[[-6.665001344999951,37.32028330000003],[-6.666751451999971,37.31745201000007],[-6.668422861999943,37.31917094800008],[-6.667073683999945,37.32088429000004],[-6.668571388999965,37.324081585000044],[-6.667235860999938,37.32480132400008],[-6.6653863719999435,37.32295162100007],[-6.666059511999947,37.320396378000055],[-6.665001344999951,37.32028330000003]]]]}},{"type":"Feature","properties":{"ClaseSuelo":"SUELO URBANO NO CONSOLIDADO","NuclRural":"0","AreaLamber":100.95275063,"Shape_STAr":0.000102405641897},"geometry":{"type":"MultiPolygon","coordinates":[[[[-6.674225865999972,37.29536482100008],[-6.670723877999933,37.29334813300005],[-6.669145675999971,37.29681972700007],[-6.6704580099999475,37.29329216800005],[-6.66877106499993,37.29222941200004],[-6.667283045999966,37.29428896700006],[-6.668212119999964,37.29205725300005],[-6.664930800999969,37.29248235100005],[-6.66576271699995,37.29065927000005],[-6.661975694999967,37.288979452000035],[-6.665229237999938,37.28766205800008],[-6.667364223999925,37.29019293600004],[-6.67126798299995,37.29055888000005],[-6.669300620999934,37.291659647000074],[-6.670274521999943,37.29230421800003],[-6.673181348999947,37.287826729000074],[-6.6723530949999486,37.29249412300004],[-6.680254058999935,37.29562301400006],[-6.680004293999957,37.29670092900005],[-6.6752725019999275,37.29520975600008],[-6.673268101999952,37.298280662000025],[-6.674225865999972,37.29536482100008]]],[[[-6.685609255999964,37.28627702400007],[-6.685878594999963,37.285111544000074],[-6.68687074199994,37.28536171600007],[-6.685609255999964,37.28627702400007]]],[[[-6.695943710999927,37.29113241500005],[-6.696495266999932,37.28985082200006],[-6.69767494599995,37.29020328100006],[-6.695943710999927,37.29113241500005]]],[[[-6.68147653099993,37.29182394500003],[-6.682348847999947,37.28723619900006],[-6.685074535999945,37.28579216300005],[-6.685441946999958,37.289226574000054],[-6.68147653099993,37.29182394500003]]],[[[-6.677262887999973,37.29170872200007],[-6.676997347999929,37.290070755000045],[-6.675521625999977,37.290427763000025],[-6.676096506999954,37.28687948700008],[-6.679402382999967,37.29069373600004],[-6.677262887999973,37.29170872200007]]],[[[-6.689520982999966,37.29094121900005],[-6.692937768999968,37.289172059000066],[-6.689814303999981,37.292527439000025],[-6.689520982999966,37.29094121900005]]],[[[-6.680127125999945,37.30261644900003],[-6.679100288999962,37.301094325000065],[-6.681836143999931,37.29997343600007],[-6.68111160199993,37.300808612000026],[-6.685139985999967,37.30150422200006],[-6.680127125999945,37.30261644900003]]],[[[-6.677781190999951,37.313066450000065],[-6.679433914999947,37.310475333000056],[-6.68208165599998,37.31146853000007],[-6.680294385999957,37.313343444000054],[-6.677781190999951,37.313066450000065]]],[[[-6.663559956999961,37.315610709000055],[-6.663915528999951,37.31281699600004],[-6.6651213769999345,37.31952823900008],[-6.663712356999952,37.319252439000024],[-6.663559956999961,37.315610709000055]]],[[[-6.682891907999931,37.31839710500003],[-6.683339408999927,37.318217412000024],[-6.6834669239999585,37.318992783000056],[-6.682891907999931,37.31839710500003]]],[[[-6.681818907999968,37.31911207600007],[-6.680767040999967,37.31802980100008],[-6.681914396999957,37.31713829100005],[-6.681818907999968,37.31911207600007]]],[[[-6.677179399999943,37.320489132000034],[-6.67718225699997,37.320122120000065],[-6.678465689999939,37.32014486600008],[-6.677179399999943,37.320489132000034]]],[[[-6.676062847999958,37.32105018300007],[-6.676429136999957,37.32010876500004],[-6.676654679999956,37.32011276500003],[-6.676062847999958,37.32105018300007]]],[[[-6.66427207299995,37.32042495600007],[-6.664848415999927,37.32220827400005],[-6.663808393999943,37.32152542800003],[-6.66427207299995,37.32042495600007]]],[[[-6.679473481999935,37.32175734900005],[-6.676910319999934,37.321769018000055],[-6.679124412999954,37.32121165700005],[-6.679473481999935,37.32175734900005]]],[[[-6.679695163999952,37.323749260000056],[-6.679183608999949,37.322677216000045],[-6.67990905399995,37.322638952000034],[-6.679695163999952,37.323749260000056]]],[[[-6.68148264499996,37.32412892000008],[-6.680923397999948,37.32375560000003],[-6.681993427999942,37.323408305000044],[-6.68148264499996,37.32412892000008]]],[[[-6.681540952999967,37.32468408600005],[-6.680566260999967,37.32432015000006],[-6.680991586999937,37.32393926700007],[-6.681540952999967,37.32468408600005]]],[[[-6.678949239999952,37.325076730000035],[-6.678285966999965,37.32501154200003],[-6.678120640999964,37.32435566500004],[-6.678949239999952,37.325076730000035]]],[[[-6.677927371999942,37.328489055000034],[-6.67778070199995,37.32802982900006],[-6.6785221889999775,37.328234156000065],[-6.677927371999942,37.328489055000034]]]]}},{"type":"Feature","properties":{"ClaseSuelo":"SISTEMAS GENERALES","NuclRural":"0","AreaLamber":1.82041947,"Shape_STAr":0.00000184660866777},"geometry":{"type":"MultiPolygon","coordinates":[[[[-6.71664756499996,37.30088477800007],[-6.717585935999978,37.30012968500006],[-6.718342735999954,37.30142271500006],[-6.71664756499996,37.30088477800007]]],[[[-6.719149492999975,37.30261898800006],[-6.719883378999953,37.30260326600006],[-6.719607695999969,37.30290082400006],[-6.719149492999975,37.30261898800006]]]]}},{"type":"Feature","properties":{"ClaseSuelo":"SUELO NO URBANIZABLE","NuclRural":"0","AreaLamber":6896.32778818,"Shape_STAr":0.00699071617463},"geometry":{"type":"Polygon","coordinates":[[[-6.738449417999959,37.15887581800007],[-6.736507481999979,37.13841471200004],[-6.725081060999969,37.112396354000055],[-6.722796809999977,37.10136003500003],[-6.729532581999933,37.09032829300003],[-6.740825108999957,37.13674685900003],[-6.752834913999948,37.159799028000066],[-6.7533340379999345,37.17920638000004],[-6.75150248999995,37.200201082000035],[-6.753734907999956,37.213202144000036],[-6.753957980999928,37.237681079000026],[-6.7594621399999255,37.249352860000045],[-6.758251942999948,37.257877602000065],[-6.7593714449999425,37.26678774800007],[-6.769490083999926,37.28207781800006],[-6.77358733899996,37.28172191700003],[-6.772836042999927,37.28496200300003],[-6.768997959999979,37.28531862900007],[-6.7746696859999815,37.289389819000064],[-6.775915955999949,37.29244001200004],[-6.774719329999925,37.29556820600004],[-6.779296444999943,37.29802549800007],[-6.778283187999932,37.30121092500008],[-6.779455045999953,37.302768005000075],[-6.778048555999931,37.30418228000008],[-6.7739997509999625,37.30282516200003],[-6.766972291999934,37.308436494000034],[-6.758507685999973,37.308994185000074],[-6.74988488799994,37.31680833300004],[-6.726726998999936,37.32842329700003],[-6.722900734999939,37.32884116100007],[-6.710020053999926,37.31261581700005],[-6.707515800999943,37.304117940000026],[-6.701945422999927,37.298616888000026],[-6.697804509999969,37.29672847300003],[-6.698942079999938,37.29462985400005],[-6.697656467999934,37.29117460900005],[-6.698820934999958,37.28870578500005],[-6.701334182999972,37.28776228900006],[-6.699897270999941,37.28605052100005],[-6.70238496199994,37.28182856400008],[-6.70020330899996,37.27895093500007],[-6.7151444349999565,37.250590946000045],[-6.705603076999978,37.24239480500006],[-6.74294660299995,37.211201592000066],[-6.734464819999971,37.20685702600008],[-6.731897638999953,37.203902011000025],[-6.730984517999957,37.19908400400004],[-6.725739036999926,37.19615919800003],[-6.723911192999935,37.19677528200003],[-6.7323216199999365,37.18987976300008],[-6.733553723999933,37.18129142600003],[-6.737183004999963,37.17520396700007],[-6.738449417999959,37.15887581800007]],[[-6.721514103999937,37.30211730000008],[-6.719149492999975,37.30261898800006],[-6.724578747999942,37.30369491600004],[-6.725233570999933,37.305718365000075],[-6.726269378999973,37.304028680000044],[-6.729206376999969,37.30525443300007],[-6.731694094999966,37.30905664900007],[-6.735634291999929,37.30429573500004],[-6.72672959199997,37.30133868000007],[-6.721514103999937,37.30211730000008]],[[-6.717749687999969,37.30033169100005],[-6.716468944999974,37.30067992200003],[-6.717917470999964,37.30163725600005],[-6.717749687999969,37.30033169100005]]]}},{"type":"Feature","properties":{"ClaseSuelo":"SUELO URBANIZABLE DELIMITADO O SECTORIZADO","NuclRural":"0","AreaLamber":3.64305627,"Shape_STAr":0.0000036955308944},"geometry":{"type":"Polygon","coordinates":[[[-6.719607695999969,37.30290082400006],[-6.721355370999959,37.30209668500004],[-6.723214953999957,37.303255309000065],[-6.719607695999969,37.30290082400006]]]}},{"type":"Feature","properties":{"ClaseSuelo":"SUELO URBANO","NuclRural":"0","AreaLamber":29.30371138,"Shape_STAr":0.0000297261096456},"geometry":{"type":"Polygon","coordinates":[[[-6.727579177999928,37.30227938000007],[-6.733711724999978,37.30344557300003],[-6.731312013999968,37.303139189000035],[-6.733682938999948,37.30483964100006],[-6.733135188999938,37.308675133000065],[-6.731694094999966,37.30905664900007],[-6.7289448459999335,37.30436369100005],[-6.725894413999981,37.30332124300003],[-6.725233570999933,37.305718365000075],[-6.723271946999944,37.30353532600003],[-6.7249669799999765,37.301849634000064],[-6.727579177999928,37.30227938000007]]]}},{"type":"Feature","properties":{"ClaseSuelo":"SUELO URBANO NO CONSOLIDADO","NuclRural":"0","AreaLamber":8.65358748,"Shape_STAr":0.00000877823709142},"geometry":{"type":"MultiPolygon","coordinates":[[[[-6.732575174999965,37.30584280900007],[-6.733682938999948,37.30483964100006],[-6.7313530239999295,37.303089374000024],[-6.7355511409999735,37.30406153300004],[-6.732575174999965,37.30584280900007]]],[[[-6.7234845979999704,37.302458665000074],[-6.724791803999949,37.301400183000055],[-6.726063041999964,37.30173235800004],[-6.7234845979999704,37.302458665000074]]],[[[-6.7222174519999385,37.30230841600007],[-6.723547491999966,37.30251429100008],[-6.723521519999963,37.30318981800008],[-6.7222174519999385,37.30230841600007]]],[[[-6.727853239999945,37.302897624000025],[-6.7275551669999345,37.30226046100006],[-6.729955817999951,37.303084874000035],[-6.727853239999945,37.302897624000025]]],[[[-6.729206376999969,37.30525443300007],[-6.725467247999973,37.30403977200007],[-6.726070843999935,37.303352706000055],[-6.729206376999969,37.30525443300007]]]]}},{"type":"Feature","properties":{"ClaseSuelo":"SUELO NO URBANIZABLE","NuclRural":"0","AreaLamber":31873.1412355,"Shape_STAr":0.0322892786098},"geometry":{"type":"Polygon","coordinates":[[[-6.428527499999973,37.279795540000066],[-6.435815539999965,37.28708001000007],[-6.44818676999995,37.29229687000003],[-6.460223009999936,37.305666760000065],[-6.465968879999934,37.31387729000005],[-6.467293969999957,37.32528043000008],[-6.472061659999952,37.33057321000007],[-6.468501369999956,37.335831090000056],[-6.487022469999943,37.34643088000007],[-6.487276639999948,37.350459570000055],[-6.482537990999958,37.35439221000007],[-6.469406869999943,37.37191418000003],[-6.44738142999995,37.363260930000024],[-6.453197189999969,37.357658480000055],[-6.45690462999994,37.342035880000026],[-6.450421659999961,37.33993687000003],[-6.440376629999946,37.33098588000007],[-6.433695479999926,37.32896376000008],[-6.423456599999952,37.32162960000005],[-6.4200038699999595,37.31987355000007],[-6.408120979999978,37.33351473000005],[-6.39204117099996,37.34276150000005],[-6.376578669999958,37.330608690000076],[-6.3737165099999515,37.33043812000005],[-6.37146206999995,37.32745717000006],[-6.363314999999943,37.32388712000005],[-6.357967039999949,37.31957033000003],[-6.343986159999929,37.31312817000003],[-6.333000208999977,37.29910386000006],[-6.336498559999939,37.28945490000007],[-6.338450399999942,37.28820153000004],[-6.340304809999964,37.28270730000003],[-6.342817999999966,37.28114969000006],[-6.341673629999946,37.27796555000003],[-6.337077699999952,37.27474368000003],[-6.349731579999968,37.26516906000006],[-6.354330109999978,37.25549746000007],[-6.35124006999996,37.24961157000007],[-6.355494139999962,37.24185073000007],[-6.359846429999948,37.23809630000005],[-6.34524493999993,37.21828306000003],[-6.3479456899999605,37.209295980000036],[-6.3508474499999465,37.20741190000007],[-6.349843609999937,37.203052530000036],[-6.353378709999959,37.19894306000003],[-6.3520280399999365,37.19794519000004],[-6.353212840999959,37.19672233000006],[-6.350561099999936,37.18056171000006],[-6.336116679999975,37.169617250000044],[-6.348109109999939,37.153078890000074],[-6.352942379999945,37.15037430000007],[-6.352899150999974,37.14735721000005],[-6.358994139999936,37.14112981000005],[-6.359673549999968,37.138425590000054],[-6.355527689999974,37.13450670000003],[-6.348658759999978,37.132367560000034],[-6.345828569999981,37.128663380000035],[-6.343177869999977,37.12800842000007],[-6.342360099999951,37.12297692000004],[-6.344184479999967,37.120456690000026],[-6.349547529999938,37.12113407000004],[-6.353636879999954,37.11818923000004],[-6.3600887799999555,37.11728558000004],[-6.356307689999937,37.11064435000003],[-6.368399579999959,37.10425549000007],[-6.37663028999998,37.09758814000003],[-6.3843650199999615,37.08637545000005],[-6.386145419999934,37.08038711000006],[-6.385928849999971,37.07197812000004],[-6.383283510999945,37.06280056000003],[-6.3804514999999355,37.058520600000065],[-6.378701919999969,37.044416030000036],[-6.359247119999964,37.006181240000046],[-6.353942609999933,36.98849171000006],[-6.355095219999953,36.983278410000025],[-6.36117620999994,36.971897940000076],[-6.359720329999959,36.95972171000005],[-6.363812659999951,36.94580256000006],[-6.369790609999939,36.93930797000007],[-6.376496219999979,36.934828640000035],[-6.378892769999936,36.93470637000007],[-6.3830880299999535,36.94175878000004],[-6.39251902999996,36.949904780000054],[-6.399725719999935,36.95999678000004],[-6.413342899999975,36.97403946000003],[-6.423654319999969,36.98913993000008],[-6.426653470999952,37.00016232000007],[-6.43202851999996,37.01053024000004],[-6.430745759999979,37.02673080000005],[-6.422897299999931,37.041147970000054],[-6.429859760999932,37.054254040000046],[-6.431498079999926,37.06092787000006],[-6.436208799999974,37.067161240000075],[-6.435296889999961,37.073863870000025],[-6.440227299999947,37.07995553000006],[-6.439588449999974,37.08274005000004],[-6.433951339999965,37.086660590000065],[-6.432769399999927,37.09461435000003],[-6.4339734399999315,37.100606930000026],[-6.4376936499999715,37.10427409000005],[-6.448098239999979,37.103268970000045],[-6.4528139899999815,37.10753733000007],[-6.45952527999998,37.110404800000026],[-6.465255299999967,37.117399990000024],[-6.459744309999962,37.124606620000066],[-6.463310589999935,37.13323273000003],[-6.461330289999978,37.13496641000006],[-6.458104489999926,37.14370089000005],[-6.461674509999966,37.16003912000008],[-6.4593841499999485,37.16609745000005],[-6.462240749999978,37.171212500000024],[-6.456288609999945,37.17919775000007],[-6.457559519999961,37.18435017000007],[-6.459825369999976,37.18613093000005],[-6.458526319999976,37.189250180000045],[-6.4603352909999785,37.19853124000008],[-6.4481640799999695,37.213707240000076],[-6.437126959999944,37.217983530000026],[-6.432249849999948,37.22247673000004],[-6.427071339999941,37.24445711000004],[-6.421254369999929,37.255626180000036],[-6.422059769999976,37.25997255000004],[-6.418726959999958,37.262546550000025],[-6.423254809999946,37.27590296000005],[-6.428527499999973,37.279795540000066]],[[-6.385898165999947,37.286954809000065],[-6.383429788999933,37.28422961000007],[-6.374680114999933,37.28901489200007],[-6.376078727999925,37.290503906000026],[-6.372807292999937,37.29257997000008],[-6.3748990039999285,37.29602672500005],[-6.376441350999926,37.29677687100008],[-6.381825085999935,37.29301081500006],[-6.385803192999958,37.294246788000066],[-6.3894430299999385,37.29012632800004],[-6.388363833999961,37.28884050100004],[-6.389788087999932,37.28706007900007],[-6.388307193999935,37.285327333000055],[-6.385898165999947,37.286954809000065]],[[-6.375044113999934,37.30565765800003],[-6.37308107399997,37.30255960000005],[-6.3678804389999755,37.30537001000005],[-6.373577255999976,37.30868123000005],[-6.375044113999934,37.30565765800003]],[[-6.37390133699995,37.28909336300006],[-6.371481742999947,37.289402246000066],[-6.371894933999954,37.29089314500004],[-6.37390133699995,37.28909336300006]],[[-6.37413276999996,37.28896414900004],[-6.374073136999925,37.28783317800003],[-6.3731335529999456,37.28844266300007],[-6.37413276999996,37.28896414900004]],[[-6.38550898699998,37.28361472200004],[-6.386586466999972,37.285608051000054],[-6.388377591999927,37.284684706000064],[-6.38550898699998,37.28361472200004]],[[-6.389543707999962,37.27950640100005],[-6.3876028039999255,37.28158125700003],[-6.392273348999936,37.283492945000035],[-6.394680408999932,37.28054752700007],[-6.390692614999978,37.27765660800003],[-6.389543707999962,37.27950640100005]]]}},{"type":"Feature","properties":{"ClaseSuelo":"SUELO URBANIZABLE DELIMITADO O SECTORIZADO","NuclRural":"0","AreaLamber":45.54298046,"Shape_STAr":0.000046212705056},"geometry":{"type":"MultiPolygon","coordinates":[[[[-6.391584481999928,37.28282227600005],[-6.3876028039999255,37.28158125700003],[-6.390692614999978,37.27765660800003],[-6.394680408999932,37.28054752700007],[-6.391584481999928,37.28282227600005]]],[[[-6.382963725999957,37.28439663700004],[-6.384276800999942,37.28731588900007],[-6.381879863999927,37.285777308000036],[-6.382963725999957,37.28439663700004]]],[[[-6.373408517999962,37.288246540000046],[-6.374073136999925,37.28783317800003],[-6.37413276999996,37.28896414900004],[-6.373408517999962,37.288246540000046]]],[[[-6.380290079999952,37.28760521400005],[-6.381511724999939,37.28615914000005],[-6.383518313999957,37.28753181400003],[-6.3795098439999265,37.28891792700006],[-6.380290079999952,37.28760521400005]]],[[[-6.372144094999953,37.28905462400007],[-6.3742598429999475,37.28989039700008],[-6.371894933999954,37.29089314500004],[-6.372144094999953,37.28905462400007]]],[[[-6.370114549999926,37.30697670100005],[-6.3678804389999755,37.30537001000005],[-6.368806486999972,37.304515716000026],[-6.371742758999972,37.30642954800004],[-6.373424155999942,37.304868707000026],[-6.3754512379999255,37.306866521000074],[-6.373577255999976,37.30868123000005],[-6.370114549999926,37.30697670100005]]]]}},{"type":"Feature","properties":{"ClaseSuelo":"SUELO URBANIZABLE NO DELIMITADO O SECTORIZADO","NuclRural":"0","AreaLamber":20.40476942,"Shape_STAr":0.0000207044059818},"geometry":{"type":"MultiPolygon","coordinates":[[[[-6.375162792999959,37.28989700000005],[-6.374680114999933,37.28901489200007],[-6.383508162999931,37.28426480300004],[-6.379441087999965,37.28882658600003],[-6.375162792999959,37.28989700000005]]],[[[-6.387699881999936,37.28861617100006],[-6.385780606999958,37.28702626200004],[-6.388307193999935,37.285327333000055],[-6.389788087999932,37.28706007900007],[-6.387699881999936,37.28861617100006]]],[[[-6.376341132999926,37.29523146100007],[-6.377437967999981,37.295400597000025],[-6.376441350999926,37.29677687100008],[-6.376341132999926,37.29523146100007]]]]}},{"type":"Feature","properties":{"ClaseSuelo":"SUELO URBANO","NuclRural":"0","AreaLamber":83.67553975,"Shape_STAr":0.0000849092757357},"geometry":{"type":"MultiPolygon","coordinates":[[[[-6.375087295999947,37.29542638600003],[-6.372807292999937,37.29257997000008],[-6.3734170749999635,37.29136865500004],[-6.383518313999957,37.28753181400003],[-6.381879863999927,37.285777308000036],[-6.384276800999942,37.28731588900007],[-6.38429014999997,37.28526891100006],[-6.3894430299999385,37.29012632800004],[-6.386103208999941,37.290799424000056],[-6.38637511099995,37.29327907700008],[-6.381825085999935,37.29301081500006],[-6.375087295999947,37.29542638600003]],[[-6.375805836999973,37.29496435100003],[-6.376824023999973,37.29428913700008],[-6.375722998999947,37.29395415600004],[-6.375805836999973,37.29496435100003]],[[-6.380376017999936,37.29336333100008],[-6.381462749999969,37.29257611100007],[-6.380678228999955,37.29264028000006],[-6.380376017999936,37.29336333100008]],[[-6.383471640999971,37.29169489000003],[-6.385102135999944,37.29093725600006],[-6.384235989999979,37.29070759900003],[-6.383471640999971,37.29169489000003]]],[[[-6.370122594999941,37.305313682000076],[-6.37308107399997,37.30255960000005],[-6.375088343999948,37.303894091000075],[-6.375044113999934,37.30565765800003],[-6.373424155999942,37.304868707000026],[-6.371742758999972,37.30642954800004],[-6.370122594999941,37.305313682000076]]]]}},{"type":"Feature","properties":{"ClaseSuelo":"SUELO URBANO NO CONSOLIDADO","NuclRural":"0","AreaLamber":10.9498429,"Shape_STAr":0.0000111107573892},"geometry":{"type":"MultiPolygon","coordinates":[[[[-6.386209208999958,37.283153155000036],[-6.388377591999927,37.284684706000064],[-6.386586466999972,37.285608051000054],[-6.386209208999958,37.283153155000036]]],[[[-6.383179011999971,37.29165731000006],[-6.384235989999979,37.29070759900003],[-6.385102135999944,37.29093725600006],[-6.383179011999971,37.29165731000006]]],[[[-6.38673350199997,37.29251083200006],[-6.385529821999967,37.29220819500006],[-6.386103208999941,37.290799424000056],[-6.387529345999951,37.29097308000007],[-6.38673350199997,37.29251083200006]]],[[[-6.380144277999932,37.29310585500008],[-6.381462749999969,37.29257611100007],[-6.381240097999978,37.293115224000076],[-6.380144277999932,37.29310585500008]]],[[[-6.384946465999974,37.29393708400005],[-6.383356437999964,37.29350688000005],[-6.38637511099995,37.29327907700008],[-6.384946465999974,37.29393708400005]]],[[[-6.375426480999977,37.29439281000003],[-6.376824023999973,37.29428913700008],[-6.375805836999973,37.29496435100003],[-6.375426480999977,37.29439281000003]]]]}},{"type":"Feature","properties":{"ClaseSuelo":"SUELO NO URBANIZABLE","NuclRural":"0","AreaLamber":3867.28067137,"Shape_STAr":0.00392968681344},"geometry":{"type":"Polygon","coordinates":[[[-6.4527478099999485,37.40347545000003],[-6.465149409999981,37.416491310000026],[-6.484914989999936,37.42912657000005],[-6.505319739999948,37.45965701000006],[-6.497713659999931,37.46215070000005],[-6.4926646999999775,37.46192904000003],[-6.472307350999927,37.45726885000005],[-6.465662859999952,37.44682790000007],[-6.461637519999954,37.445401470000036],[-6.456378709999967,37.44666481000007],[-6.449703320999959,37.42065846000003],[-6.445355758999938,37.419849800000065],[-6.447010379999938,37.410152020000055],[-6.442568629999926,37.40776304000008],[-6.429090759999951,37.40626600000007],[-6.416003189999969,37.40135588000004],[-6.4115510099999256,37.39500522000003],[-6.409593849999965,37.39499384000004],[-6.401035519999937,37.388549760000046],[-6.392708159999927,37.38623558000006],[-6.394046439999954,37.383012690000044],[-6.395545019999929,37.383194880000076],[-6.400532029999965,37.372122940000054],[-6.41663406999993,37.357036160000064],[-6.43652101999993,37.36519887000003],[-6.441116689999944,37.36844372000007],[-6.44738142999995,37.363260930000024],[-6.472869719999949,37.37405582000008],[-6.471673799999962,37.38019029000003],[-6.458526469999981,37.39381957000006],[-6.4527478099999485,37.40347545000003]],[[-6.437527830999954,37.38766416100003],[-6.433432968999966,37.38811697700004],[-6.429884606999963,37.38473917400006],[-6.426584423999941,37.384291028000064],[-6.4259444979999785,37.38691666300008],[-6.422373919999927,37.387106722000055],[-6.428037505999953,37.38997589200005],[-6.426366050999945,37.39100190400006],[-6.427431424999952,37.39237457400003],[-6.437362753999935,37.39064396100008],[-6.441279213999962,37.39298909400003],[-6.443454728999939,37.39137209300003],[-6.440995033999968,37.38924007800006],[-6.4410135519999585,37.387035764000075],[-6.437527830999954,37.38766416100003]],[[-6.44658994699995,37.39181473800005],[-6.451777135999976,37.39259395700003],[-6.452316283999949,37.39002970300004],[-6.445191115999933,37.389251425000054],[-6.444805892999966,37.39154121100006],[-6.44658994699995,37.39181473800005]]]}},{"type":"Feature","properties":{"ClaseSuelo":"SUELO NO URBANIZABLE","NuclRural":"0","AreaLamber":12702.5418893,"Shape_STAr":0.0128673530349},"geometry":{"type":"MultiPolygon","coordinates":[[[[-7.313494520999939,37.22678748000004],[-7.312007794999943,37.22916934400007],[-7.312784693999959,37.23375081200004],[-7.3167855279999685,37.23346357300005],[-7.320258937999938,37.226263516000074],[-7.317017177999958,37.222570243000064],[-7.314746486999979,37.22371770800004],[-7.314620647999959,37.220052140000064],[-7.317354353999974,37.22007505100004],[-7.318723312999964,37.22174479100005],[-7.3195135139999365,37.22069190900004],[-7.326954923999949,37.221456713000066],[-7.328325862999975,37.22337008100004],[-7.33011382899997,37.22036824200006],[-7.334110831999965,37.218969730000026],[-7.334821877999957,37.22096127100008],[-7.335800454999969,37.21720539200004],[-7.342659416999936,37.214854897000066],[-7.341568158999962,37.21094982900007],[-7.334931771999948,37.21010353200006],[-7.331739285999959,37.20784266000004],[-7.330462744999977,37.198521895000056],[-7.334711379999931,37.19583514400006],[-7.337570337999978,37.189941942000075],[-7.327553604999935,37.18094972600005],[-7.33214785399997,37.184877217000064],[-7.34282338099996,37.18120692900004],[-7.349942011999929,37.176576741000076],[-7.3610514539999485,37.174801839000054],[-7.33407559799997,37.186243852000075],[-7.340282427999966,37.190177780000056],[-7.3399774329999445,37.19276769100003],[-7.3470835249999595,37.18965664500007],[-7.358607122999956,37.191659894000054],[-7.364337296999963,37.18985629000008],[-7.364775381999948,37.19142429600004],[-7.367649559999961,37.192049707000024],[-7.372333436999952,37.189566211000056],[-7.374156230999972,37.19008764600005],[-7.371803615999966,37.19102858900004],[-7.3716250349999655,37.194323557000075],[-7.376034213999958,37.18997914500005],[-7.378148407999959,37.19184740400004],[-7.376910768999949,37.19233612100004],[-7.377183885999955,37.19463753200006],[-7.379862730999946,37.193284376000065],[-7.37870716599997,37.19248872900005],[-7.3814687169999615,37.193302741000025],[-7.381038561999958,37.19205754200004],[-7.385621122999964,37.196661911000035],[-7.38962223599998,37.19673855900004],[-7.389500148999957,37.194302195000034],[-7.385236236999958,37.19071219600005],[-7.386877371999958,37.19290301600006],[-7.3869648639999355,37.19118906600005],[-7.388241749999963,37.193288186000075],[-7.391080532999979,37.19392164200008],[-7.389706220999926,37.19388753100003],[-7.3903687149999655,37.19937711400007],[-7.405351531999941,37.20086295500005],[-7.406069793999961,37.198891823000054],[-7.403006821999952,37.19548968400005],[-7.38704540699996,37.18947988700006],[-7.3839638399999785,37.18697715300004],[-7.38307311799997,37.183099997000056],[-7.376252063999971,37.17913712200004],[-7.376286704999927,37.17579424300004],[-7.379862997999965,37.176976868000054],[-7.380812345999971,37.17437851100004],[-7.385534418999953,37.176508383000055],[-7.382697470999972,37.17279457300003],[-7.380096778999928,37.171883208000054],[-7.3649334239999575,37.17385985300007],[-7.37821981999997,37.17116444000004],[-7.394074530999944,37.176941416000034],[-7.402234982999971,37.17517248300004],[-7.407869360999939,37.184762170000056],[-7.4137261909999665,37.21165464500007],[-7.412570384999981,37.220605713000054],[-7.414399141999979,37.227238568000075],[-7.419015317999936,37.23761310800006],[-7.430940821999968,37.24522758300003],[-7.433782470999972,37.24968744000006],[-7.430954205999967,37.260439682000026],[-7.421890767999969,37.273271898000075],[-7.422837142999981,37.276343834000045],[-7.43380381299994,37.289199661000055],[-7.437247143999969,37.30097731300003],[-7.442146579999928,37.310844650000035],[-7.439098527999931,37.326676134000024],[-7.44527801199996,37.34424091600005],[-7.444519531999958,37.347827143000075],[-7.438753860999952,37.35451098100003],[-7.436856872999954,37.35965311900003],[-7.43883709499994,37.37944752000004],[-7.435788708999951,37.38076907100003],[-7.431014244999972,37.37884990100008],[-7.428005478999978,37.38007969600005],[-7.410575599999959,37.37213103000005],[-7.3969716789999325,37.371080505000066],[-7.382373462999965,37.366903871000034],[-7.369212259999927,37.35888026400005],[-7.341285819999939,37.355758406000064],[-7.311841955999967,37.36136803200003],[-7.310927050999965,37.37435368700005],[-7.31451175199993,37.38608507600003],[-7.3020100319999415,37.387361052000074],[-7.306008879999979,37.38346826900005],[-7.306998403999955,37.372560563000036],[-7.308512784999948,37.37121728100004],[-7.30454367599998,37.364372539000044],[-7.306555271999969,37.354562454000074],[-7.304083951999928,37.35317540200003],[-7.320306602999949,37.34566542300007],[-7.326059231999977,37.34800379600006],[-7.337861764999957,37.34803011300005],[-7.384757555999954,37.34487447400005],[-7.3904998049999335,37.34216612500006],[-7.397017280999933,37.33342103600006],[-7.405387080999958,37.32956930000006],[-7.404226981999955,37.30643785800004],[-7.398198649999927,37.29703415700004],[-7.384331366999959,37.282093864000046],[-7.335264182999936,37.26462074900007],[-7.330261723999968,37.255598887000076],[-7.315800377999949,37.24506714700004],[-7.311950360999958,37.229913434000025],[-7.313494520999939,37.22678748000004]],[[-7.389020078999977,37.23328244700008],[-7.3856575709999674,37.23361032400004],[-7.385981157999936,37.23494559400007],[-7.377988511999945,37.238116224000066],[-7.381909740999959,37.23872064900007],[-7.396295958999929,37.23158700300007],[-7.402665157999934,37.231888344000026],[-7.399965813999927,37.23208613500003],[-7.39858884299997,37.22969185300008],[-7.389020078999977,37.23328244700008]],[[-7.40203291399996,37.22828363000008],[-7.40383572199994,37.23034342600005],[-7.403643581999972,37.22750563400007],[-7.40203291399996,37.22828363000008]],[[-7.3704571209999585,37.228069653000034],[-7.3725378869999645,37.22868591900004],[-7.3716010509999705,37.22746403100007],[-7.3704571209999585,37.228069653000034]],[[-7.402502997999932,37.22642706700003],[-7.406868393999957,37.223818433000076],[-7.405183313999942,37.22625966100003],[-7.406556452999951,37.22884004600007],[-7.410132722999947,37.22748243800004],[-7.4076132479999615,37.21813486900004],[-7.409970406999946,37.21662755500006],[-7.4104447319999736,37.21372110300007],[-7.409961513999974,37.210537414000044],[-7.40543489099997,37.21295750100006],[-7.406053816999929,37.21096401800003],[-7.410012136999967,37.20948761100004],[-7.408933297999965,37.20825884800007],[-7.4073721389999605,37.20920707400006],[-7.403861795999944,37.20312343400008],[-7.401926708999952,37.20280831500003],[-7.397471310999947,37.204818457000044],[-7.397140631999946,37.20746964600005],[-7.401976042999934,37.20861055200004],[-7.401606966999964,37.213433500000065],[-7.397379258999933,37.21379337900004],[-7.3935599949999755,37.21604866100006],[-7.392796078999936,37.218524708000075],[-7.396594147999963,37.21926182900006],[-7.394677470999966,37.21969198200003],[-7.395187285999953,37.223653100000035],[-7.40126741399996,37.22261024800008],[-7.399358656999937,37.223915171000044],[-7.400520114999949,37.226693133000026],[-7.402502997999932,37.22642706700003]],[[-7.32130185699998,37.223906982000074],[-7.322968570999933,37.223600755000064],[-7.323463009999955,37.22206555300005],[-7.32130185699998,37.223906982000074]],[[-7.421942072999968,37.25029468300005],[-7.4147392329999775,37.25689036400007],[-7.412358137999945,37.25642477100007],[-7.411712552999973,37.25398983300005],[-7.410059134999926,37.255153406000034],[-7.4076921899999775,37.25226906700004],[-7.399169616999927,37.253662037000026],[-7.39523429999997,37.263035272000025],[-7.402387334999958,37.27027811800008],[-7.410424020999926,37.27118504300006],[-7.410734121999951,37.269436203000055],[-7.415355472999977,37.27195005100003],[-7.414899520999938,37.26734231800003],[-7.4206923549999715,37.27215931400008],[-7.424225084999932,37.26678717400006],[-7.422516940999969,37.267037137000045],[-7.427327445999936,37.26114891000003],[-7.428390643999933,37.25420870200003],[-7.427072254999928,37.25334835900003],[-7.427638118999937,37.25620205700005],[-7.425383089999968,37.25718046800006],[-7.42493832699995,37.25568470400003],[-7.421902583999952,37.256791777000046],[-7.421499288999939,37.25554098900005],[-7.424062405999962,37.254995543000064],[-7.422202140999957,37.252984656000024],[-7.426345158999936,37.25298688200007],[-7.42310026399997,37.25130819300006],[-7.423619809999934,37.249257603000046],[-7.42602078799996,37.250043290000065],[-7.425098031999937,37.24916054100004],[-7.421942072999968,37.25029468300005]],[[-7.398604537999972,37.18390554700005],[-7.399672940999949,37.185287275000064],[-7.394791052999949,37.17871371900003],[-7.388273206999941,37.17579357300008],[-7.387968311999941,37.17869679300003],[-7.392713422999975,37.17802284000004],[-7.393527105999965,37.18123909500008],[-7.395099862999928,37.180594830000075],[-7.398604537999972,37.18390554700005]]],[[[-7.314478142999974,37.223191728000074],[-7.313953194999954,37.22393489600006],[-7.313912693999953,37.22343768400003],[-7.314478142999974,37.223191728000074]]],[[[-7.40276360699994,37.21637037100004],[-7.4035982889999445,37.216407865000065],[-7.402844065999943,37.21674976700007],[-7.40276360699994,37.21637037100004]]],[[[-7.401839152999969,37.213682934000076],[-7.405005890999973,37.21203020200005],[-7.40515800999998,37.213444792000075],[-7.401839152999969,37.213682934000076]]],[[[-7.343545404999929,37.185050267000065],[-7.35014261699996,37.182113866000066],[-7.349680324999952,37.18097607300007],[-7.353337493999959,37.182576604000076],[-7.356349062999925,37.18074620800007],[-7.3674240989999475,37.18261187000007],[-7.375961219999965,37.18170194600003],[-7.3787767259999555,37.185262489000024],[-7.369880084999977,37.18259579900007],[-7.3575589109999555,37.18662696300004],[-7.348102163999954,37.18623375800007],[-7.344904830999951,37.18750240800006],[-7.343545404999929,37.185050267000065]]],[[[-7.366752556999927,37.17653014700005],[-7.369550164999964,37.17479528300004],[-7.376088793999941,37.175723178000055],[-7.375777641999946,37.17887449700004],[-7.373694110999963,37.179767910000066],[-7.367318273999956,37.178525010000044],[-7.371023363999939,37.177717906000055],[-7.366752556999927,37.17653014700005]]]]}},{"type":"Feature","properties":{"ClaseSuelo":"SUELO URBANIZABLE DELIMITADO O SECTORIZADO","NuclRural":"0","AreaLamber":1182.48249049,"Shape_STAr":0.00119695729474},"geometry":{"type":"MultiPolygon","coordinates":[[[[-7.401209544999972,37.19990900600004],[-7.38980233999996,37.19905550900006],[-7.389706220999926,37.19388753100003],[-7.391080532999979,37.19392164200008],[-7.388241749999963,37.193288186000075],[-7.3869648639999355,37.19118906600005],[-7.386877371999958,37.19290301600006],[-7.385236236999958,37.19071219600005],[-7.389500148999957,37.194302195000034],[-7.38962223599998,37.19673855900004],[-7.385621122999964,37.196661911000035],[-7.381038561999958,37.19205754200004],[-7.3814687169999615,37.193302741000025],[-7.37870716599997,37.19248872900005],[-7.379862730999946,37.193284376000065],[-7.377183885999955,37.19463753200006],[-7.376910768999949,37.19233612100004],[-7.378148407999959,37.19184740400004],[-7.376034213999958,37.18997914500005],[-7.3716250349999655,37.194323557000075],[-7.371803615999966,37.19102858900004],[-7.374126659999945,37.19000564700008],[-7.367649559999961,37.192049707000024],[-7.364775381999948,37.19142429600004],[-7.364337296999963,37.18985629000008],[-7.358737846999929,37.19165507300005],[-7.348338831999968,37.18961703000008],[-7.344368979999956,37.191029429000025],[-7.344379660999948,37.18771077400004],[-7.341389438999954,37.188179078000076],[-7.339842562999934,37.190344684000024],[-7.33407559799997,37.186243852000075],[-7.347454691999928,37.18143241100006],[-7.356143965999934,37.17607182800003],[-7.370766411999966,37.17273240500003],[-7.3708185479999315,37.174757140000054],[-7.366687548999948,37.177023044000066],[-7.369196146999968,37.17650019000007],[-7.3710856769999396,37.17831495200005],[-7.367318273999956,37.178525010000044],[-7.373694110999963,37.179767910000066],[-7.375777641999946,37.17887449700004],[-7.376286704999927,37.17579424300004],[-7.376252063999971,37.17913712200004],[-7.38307311799997,37.183099997000056],[-7.3839638399999785,37.18697715300004],[-7.38704540699996,37.18947988700006],[-7.403006821999952,37.19548968400005],[-7.40438912999997,37.19699195700008],[-7.401438075999977,37.19813295100005],[-7.401209544999972,37.19990900600004]],[[-7.344904830999951,37.18750240800006],[-7.348102163999954,37.18623375800007],[-7.3575589109999555,37.18662696300004],[-7.369880084999977,37.18259579900007],[-7.3787767259999555,37.185262489000024],[-7.375961219999965,37.18170194600003],[-7.3674240989999475,37.18261187000007],[-7.356349062999925,37.18074620800007],[-7.353337493999959,37.182576604000076],[-7.349837347999937,37.18093696500006],[-7.35014261699996,37.182113866000066],[-7.343500060999929,37.184968473000026],[-7.344904830999951,37.18750240800006]]],[[[-7.383057381999947,37.17582365700008],[-7.385730465999927,37.17550142600004],[-7.3849449599999275,37.17680973300003],[-7.383057381999947,37.17582365700008]]],[[[-7.398604537999972,37.18390554700005],[-7.395099862999928,37.180594830000075],[-7.393527105999965,37.18123909500008],[-7.392713422999975,37.17802284000004],[-7.387968311999941,37.17869679300003],[-7.388273206999941,37.17579357300008],[-7.394791052999949,37.17871371900003],[-7.399672940999949,37.185287275000064],[-7.398604537999972,37.18390554700005]]],[[[-7.400378420999971,37.21678710700007],[-7.401094189999981,37.219390471000054],[-7.399478317999979,37.21883296900006],[-7.400378420999971,37.21678710700007]]],[[[-7.399121999999977,37.21948817800006],[-7.402325879999978,37.21979975100004],[-7.401309943999934,37.22229521400004],[-7.3983114149999665,37.22016298700004],[-7.399121999999977,37.21948817800006]]],[[[-7.401286518999939,37.21835756400003],[-7.400742584999932,37.216689694000024],[-7.403397563999931,37.21676471400008],[-7.404310703999954,37.22123056000004],[-7.401521585999944,37.22207692300003],[-7.401286518999939,37.21835756400003]]],[[[-7.395187285999953,37.223653100000035],[-7.395630007999955,37.21901326500006],[-7.40126741399996,37.22261024800008],[-7.395187285999953,37.223653100000035]]],[[[-7.401344452999979,37.22250670300008],[-7.405197632999943,37.22090973200005],[-7.403001509999967,37.22460119700003],[-7.401344452999979,37.22250670300008]]],[[[-7.4009645759999785,37.22648321300005],[-7.399326156999962,37.22377370500004],[-7.401281412999936,37.22262359100006],[-7.402741674999959,37.22477749700005],[-7.402502997999932,37.22642706700003],[-7.4009645759999785,37.22648321300005]]],[[[-7.313542060999964,37.22717951900006],[-7.317229354999938,37.22423994500008],[-7.320258937999938,37.226263516000074],[-7.318928424999967,37.230033407000064],[-7.316381340999953,37.22951675300004],[-7.316565499999967,37.22726025500003],[-7.313542060999964,37.22717951900006]]],[[[-7.3704571209999585,37.228069653000034],[-7.3716010509999705,37.22746403100007],[-7.3725378869999645,37.22868591900004],[-7.3704571209999585,37.228069653000034]]],[[[-7.406700239999964,37.22722292900005],[-7.406868393999957,37.223818433000076],[-7.408690535999938,37.22232674600008],[-7.4101993239999615,37.22734868200007],[-7.406556452999951,37.22884004600007],[-7.406700239999964,37.22722292900005]]],[[[-7.40203291399996,37.22828363000008],[-7.403643581999972,37.22750563400007],[-7.40383572199994,37.23034342600005],[-7.40203291399996,37.22828363000008]]],[[[-7.3784093059999805,37.238079947000074],[-7.385981157999936,37.23494559400007],[-7.3856575709999674,37.23361032400004],[-7.39714646799996,37.22996443900007],[-7.399481384999945,37.23013894300004],[-7.399965813999927,37.23208613500003],[-7.402665157999934,37.231888344000026],[-7.396295958999929,37.23158700300007],[-7.38215923599995,37.238630096000065],[-7.3784093059999805,37.238079947000074]]],[[[-7.415351774999976,37.26757567000004],[-7.415355472999977,37.27195005100003],[-7.410734121999951,37.269436203000055],[-7.410424020999926,37.27118504300006],[-7.402387334999958,37.27027811800008],[-7.395168062999971,37.262838300000055],[-7.39766734799997,37.25484243200003],[-7.403946092999945,37.25188297200003],[-7.404617206999944,37.25296997200007],[-7.406868160999977,37.25210975500005],[-7.410059134999926,37.255153406000034],[-7.412007246999963,37.254190435000055],[-7.412358137999945,37.25642477100007],[-7.416425471999958,37.25660112400004],[-7.418478806999929,37.25304580900007],[-7.425098031999937,37.24916054100004],[-7.42602078799996,37.250043290000065],[-7.423619809999934,37.249257603000046],[-7.423081932999935,37.25124008000006],[-7.425925849999942,37.25201751900005],[-7.426082472999951,37.25366699400007],[-7.422202140999957,37.252984656000024],[-7.424062405999962,37.254995543000064],[-7.421298821999926,37.25572150700003],[-7.421902583999952,37.256791777000046],[-7.42493832699995,37.25568470400003],[-7.425383089999968,37.25718046800006],[-7.427638118999937,37.25620205700005],[-7.426883268999973,37.253816812000025],[-7.42827893599997,37.253533814000036],[-7.426064794999945,37.26376548300004],[-7.422516940999969,37.267037137000045],[-7.424225084999932,37.26678717400006],[-7.4206923549999715,37.27215931400008],[-7.415351774999976,37.26757567000004]]]]}},{"type":"Feature","properties":{"ClaseSuelo":"SUELO URBANO","NuclRural":"0","AreaLamber":179.8605776,"Shape_STAr":0.00018205550884},"geometry":{"type":"MultiPolygon","coordinates":[[[[-7.401281412999936,37.22262359100006],[-7.397100716999944,37.21947628600003],[-7.392796078999936,37.218524708000075],[-7.3951679669999635,37.218766849000076],[-7.393639992999965,37.21622100500008],[-7.40173184899993,37.214039737000064],[-7.3935599949999755,37.21604866100006],[-7.401606966999964,37.213433500000065],[-7.402026896999928,37.20868967900003],[-7.397324215999959,37.20781066700005],[-7.397178553999936,37.20626125000007],[-7.397758729999964,37.204588227000045],[-7.402095816999974,37.20280892400007],[-7.403861795999944,37.20312343400008],[-7.4073721389999605,37.20920707400006],[-7.408933297999965,37.20825884800007],[-7.410012136999967,37.20948761100004],[-7.406053816999929,37.21096401800003],[-7.40543489099997,37.21295750100006],[-7.409961513999974,37.210537414000044],[-7.410442443999955,37.21384777500003],[-7.409970406999946,37.21662755500006],[-7.4076132479999615,37.21813486900004],[-7.408688790999975,37.22233050700004],[-7.407706668999936,37.221413735000056],[-7.406752891999929,37.224056622000035],[-7.402502997999932,37.22642706700003],[-7.401281412999936,37.22262359100006]],[[-7.403527578999956,37.22386740500008],[-7.405322448999925,37.22081491800003],[-7.404994307999971,37.21701505300007],[-7.402927931999955,37.21809082400006],[-7.4035982889999445,37.216407865000065],[-7.400742584999932,37.216689694000024],[-7.402364214999977,37.21978770000004],[-7.401521585999944,37.22207692300003],[-7.404310703999954,37.22123056000004],[-7.401303305999932,37.222313170000064],[-7.402678502999947,37.22454805600006],[-7.403527578999956,37.22386740500008]],[[-7.399460019999935,37.218857584000034],[-7.401108552999972,37.21937240800003],[-7.400722035999934,37.21669899800003],[-7.3962433679999435,37.21907850200006],[-7.401309943999934,37.22229521400004],[-7.402325879999978,37.21979975100004],[-7.399460019999935,37.218857584000034]],[[-7.401259016999973,37.216315208000026],[-7.403186131999973,37.21608349400003],[-7.401477907999947,37.21459880000003],[-7.400272852999933,37.21586974100006],[-7.401259016999973,37.216315208000026]],[[-7.405146186999957,37.21606452800006],[-7.405144822999944,37.21837538700004],[-7.408115142999975,37.21674477800008],[-7.405146186999957,37.21606452800006]],[[-7.40518998999994,37.21926895400003],[-7.4053690629999664,37.22078827000007],[-7.407052201999932,37.22061192100006],[-7.406856356999981,37.21776878500003],[-7.40518998999994,37.21926895400003]],[[-7.401839152999969,37.213682934000076],[-7.40515800999998,37.213444792000075],[-7.405005890999973,37.21203020200005],[-7.401839152999969,37.213682934000076]]],[[[-7.313356391999946,37.22717920300005],[-7.316565499999967,37.22726025500003],[-7.316381340999953,37.22951675300004],[-7.318928424999967,37.230033407000064],[-7.317641537999975,37.232947188000026],[-7.312784693999959,37.23375081200004],[-7.312007794999943,37.22916934400007],[-7.313356391999946,37.22717920300005]]],[[[-7.4066765759999384,37.226960794000036],[-7.405183313999942,37.22625966100003],[-7.406730533999962,37.22534328000006],[-7.4066765759999384,37.226960794000036]]],[[[-7.314141924999944,37.22555185600004],[-7.31468364899996,37.22310539400007],[-7.317017177999958,37.222570243000064],[-7.3185529339999675,37.22396051900006],[-7.314141924999944,37.22555185600004]]],[[[-7.32130185699998,37.223906982000074],[-7.323463009999955,37.22206555300005],[-7.322968570999933,37.223600755000064],[-7.32130185699998,37.223906982000074]]],[[[-7.317354353999974,37.22007505100004],[-7.319307585999979,37.22097415500008],[-7.318723312999964,37.22174479100005],[-7.317354353999974,37.22007505100004]]]]}},{"type":"Feature","properties":{"ClaseSuelo":"SUELO URBANO NO CONSOLIDADO","NuclRural":"0","AreaLamber":92.27481362,"Shape_STAr":0.0000933721985753},"geometry":{"type":"MultiPolygon","coordinates":[[[[-7.3708185479999315,37.174757140000054],[-7.370766411999966,37.17273240500003],[-7.380096778999928,37.171883208000054],[-7.3846847519999415,37.17421895700005],[-7.383057381999947,37.17582365700008],[-7.380641106999974,37.17444861700005],[-7.379862997999965,37.176976868000054],[-7.379514257999972,37.17581446500003],[-7.3708185479999315,37.174757140000054]]],[[[-7.339974291999965,37.19190936800004],[-7.34061578799998,37.18876747200005],[-7.344379660999948,37.18771077400004],[-7.344368979999956,37.191029429000025],[-7.339974291999965,37.19190936800004]]],[[[-7.405351531999941,37.20086295500005],[-7.401209544999972,37.19990900600004],[-7.401438075999977,37.19813295100005],[-7.40438912999997,37.19699195700008],[-7.406113802999926,37.19905859700003],[-7.405351531999941,37.20086295500005]]],[[[-7.401275089999956,37.21400181700005],[-7.399847468999951,37.21507993200004],[-7.3935995279999815,37.21613638300005],[-7.401275089999956,37.21400181700005]]],[[[-7.4014675469999816,37.21485941100008],[-7.403186131999973,37.21608349400003],[-7.400583885999936,37.21646293200007],[-7.4014675469999816,37.21485941100008]]],[[[-7.318777977999957,37.22052867800005],[-7.319580194999958,37.22057874800004],[-7.319307585999979,37.22097415500008],[-7.318777977999957,37.22052867800005]]],[[[-7.405111151999961,37.21805295900003],[-7.405939869999941,37.215637023000056],[-7.408115142999975,37.21674477800008],[-7.405111151999961,37.21805295900003]]],[[[-7.392797935999965,37.21849150200006],[-7.394046245999959,37.21630255100007],[-7.3951679669999635,37.218766849000076],[-7.392797935999965,37.21849150200006]]],[[[-7.3962433679999435,37.21907850200006],[-7.3992303379999385,37.21681278400007],[-7.398767597999949,37.21999379500005],[-7.3962433679999435,37.21907850200006]]],[[[-7.40518998999994,37.21926895400003],[-7.406856356999981,37.21776878500003],[-7.407052201999932,37.22061192100006],[-7.4053690629999664,37.22078827000007],[-7.40518998999994,37.21926895400003]]],[[[-7.40488843299994,37.217020096000056],[-7.405322448999925,37.22081491800003],[-7.404314864999947,37.22124522100006],[-7.40488843299994,37.217020096000056]]],[[[-7.407202869999935,37.22244579100004],[-7.407943435999925,37.221299842000064],[-7.406989678999935,37.223790112000074],[-7.407202869999935,37.22244579100004]]]]}},{"type":"Feature","properties":{"ClaseSuelo":"SISTEMAS GENERALES","NuclRural":"0","AreaLamber":63.55122872,"Shape_STAr":0.0000645154085199},"geometry":{"type":"MultiPolygon","coordinates":[[[[-6.5517783119999535,37.35597657200003],[-6.558754215999954,37.35275389100008],[-6.556102106999958,37.34089185800008],[-6.549972906999926,37.33893126000004],[-6.554091405999941,37.339408338000055],[-6.554768209999963,37.33807642900007],[-6.549196261999953,37.33045734600006],[-6.545594215999927,37.328329342000075],[-6.543392227999959,37.329862097000046],[-6.545493252999961,37.328265516000044],[-6.540947807999942,37.32555205800003],[-6.54071818999995,37.33010858500006],[-6.540328676999934,37.32363105600007],[-6.531990664999967,37.311387929000034],[-6.5299629849999405,37.303080683000076],[-6.532495929999925,37.311626527000044],[-6.545690725999975,37.328058801000054],[-6.5539995669999485,37.319362685000044],[-6.564486698999929,37.317549960000065],[-6.554240795999931,37.319333321000045],[-6.545796207999956,37.32812867400003],[-6.551228358999936,37.33170802300003],[-6.5570412269999565,37.33876219000007],[-6.559900871999957,37.35311668200006],[-6.582521519999943,37.352767339000025],[-6.5517783119999535,37.35597657200003]]],[[[-6.515177291999976,37.360097893000045],[-6.504745896999964,37.35829593300008],[-6.52244092799998,37.35990446200003],[-6.5384709919999295,37.35784031900005],[-6.540240659999938,37.35623653400006],[-6.540364978999946,37.35769924300007],[-6.5421470719999775,37.35758162800005],[-6.515177291999976,37.360097893000045]]]]}},{"type":"Feature","properties":{"ClaseSuelo":"SUELO NO URBANIZABLE","NuclRural":"0","AreaLamber":4572.93110805,"Shape_STAr":0.0046416438996},"geometry":{"type":"MultiPolygon","coordinates":[[[[-6.504745896999964,37.35829593300008],[-6.501547685999981,37.351794648000066],[-6.493756896999969,37.34343926100007],[-6.472062427999958,37.330573309000044],[-6.494797286999926,37.31768680600004],[-6.504284662999964,37.30919850600003],[-6.517146542999967,37.302501122000024],[-6.521018524999931,37.30161110000006],[-6.524442486999931,37.30465335700006],[-6.5299629849999405,37.303080683000076],[-6.531990664999967,37.311387929000034],[-6.540488574999927,37.324316456000076],[-6.540440000999979,37.32783965100003],[-6.53671454299996,37.328648507000025],[-6.5361210059999735,37.33331580600003],[-6.532868371999939,37.33500535500008],[-6.530302914999936,37.33914582400007],[-6.531582847999971,37.33956534500004],[-6.531966933999968,37.343224088000056],[-6.5367759029999775,37.345305352000025],[-6.538608710999938,37.355469964000065],[-6.540240659999938,37.35623653400006],[-6.5384709919999295,37.35784031900005],[-6.523768068999971,37.35984442900008],[-6.504745896999964,37.35829593300008]],[[-6.530673911999941,37.33668812500008],[-6.529754647999937,37.33859476500004],[-6.532353025999953,37.33533541800006],[-6.530673911999941,37.33668812500008]]],[[[-6.553772540999944,37.35596122100003],[-6.573801468999932,37.352801543000055],[-6.5824936619999335,37.35312718200004],[-6.58176518099998,37.356553476000045],[-6.577489557999968,37.361818166000035],[-6.568347379999977,37.35658093500007],[-6.566537169999947,37.359347325000044],[-6.553772540999944,37.35596122100003]]],[[[-6.515177291999976,37.360097893000045],[-6.540173105999941,37.35834327900005],[-6.5257317179999745,37.361661680000054],[-6.519019412999967,37.36173558100006],[-6.515177291999976,37.360097893000045]]],[[[-6.50788827599996,37.359247423000056],[-6.512522370999932,37.359910754000055],[-6.5094770719999815,37.359694896000065],[-6.50788827599996,37.359247423000056]]],[[[-6.540327842999943,37.35642569700008],[-6.541399880999961,37.357617524000034],[-6.540364978999946,37.35769924300007],[-6.540327842999943,37.35642569700008]]],[[[-6.542753988999948,37.35403857400007],[-6.549501350999947,37.33914253900008],[-6.555510512999945,37.34019365300003],[-6.5582471339999415,37.348335348000035],[-6.558200759999977,37.35369064200006],[-6.544070397999974,37.357268919000035],[-6.544519044999959,37.35286670000005],[-6.542753988999948,37.35403857400007]]],[[[-6.564486698999929,37.317549960000065],[-6.571438855999929,37.321559043000036],[-6.571130508999943,37.32409993700003],[-6.573797007999929,37.32609147900007],[-6.588847642999951,37.33275279000003],[-6.59170710099994,37.33593625700007],[-6.58961289299998,37.33745033300005],[-6.582521519999943,37.352767339000025],[-6.560116341999958,37.35329782100007],[-6.5570412269999565,37.33876219000007],[-6.551228358999936,37.33170802300003],[-6.545796207999956,37.32812867400003],[-6.554240795999931,37.319333321000045],[-6.564486698999929,37.317549960000065]]],[[[-6.550011384999948,37.338807813000074],[-6.549652566999953,37.33391237700005],[-6.543366913999932,37.33167197900008],[-6.545594215999927,37.328329342000075],[-6.551528924999957,37.33242521000005],[-6.554735790999928,37.33783106300007],[-6.554091405999941,37.339408338000055],[-6.550011384999948,37.338807813000074]]],[[[-6.543306815999927,37.329784525000036],[-6.541962415999933,37.32888800600006],[-6.540816931999927,37.330114405000074],[-6.540521855999941,37.32567870100007],[-6.545493252999961,37.328265516000044],[-6.543306815999927,37.329784525000036]]],[[[-6.530283999999938,37.30296029100003],[-6.532610416999944,37.30157171400003],[-6.53563429999997,37.29582351100004],[-6.536421846999929,37.29169172500008],[-6.5353448879999405,37.29060677000007],[-6.53770880299993,37.28811258300004],[-6.5488581789999785,37.287580354000056],[-6.559360697999978,37.29103061100005],[-6.564161794999961,37.317577518000064],[-6.5539995669999485,37.319362685000044],[-6.545690725999975,37.328058801000054],[-6.532495929999925,37.311626527000044],[-6.530283999999938,37.30296029100003]]]]}},{"type":"Feature","properties":{"ClaseSuelo":"SUELO URBANIZABLE DELIMITADO O SECTORIZADO","NuclRural":"0","AreaLamber":64.97280727,"Shape_STAr":0.0000659581570506},"geometry":{"type":"MultiPolygon","coordinates":[[[[-6.542507058999945,37.34996432200006],[-6.54401883099996,37.34856246000004],[-6.543847350999954,37.34496992600003],[-6.545727653999961,37.34560133700006],[-6.5468920919999505,37.34386377100003],[-6.54329211299995,37.34229352800003],[-6.545072597999933,37.339539728000034],[-6.546885706999944,37.34052016800007],[-6.547463153999956,37.33872951400008],[-6.549867338999945,37.338450616000046],[-6.544457226999953,37.34809819700007],[-6.544423037999934,37.35245997900006],[-6.542723326999976,37.35366036200003],[-6.542507058999945,37.34996432200006]]],[[[-6.537452834999954,37.33184266500007],[-6.536087502999976,37.33181757500006],[-6.53671454299996,37.328648507000025],[-6.539996488999975,37.327506533000076],[-6.54071818999995,37.33010858500006],[-6.537452834999954,37.33184266500007]]],[[[-6.541770898999971,37.33331134000008],[-6.540816931999927,37.330114405000074],[-6.541962415999933,37.32888800600006],[-6.544330091999939,37.33071385100004],[-6.541770898999971,37.33331134000008]]],[[[-6.530673911999941,37.33668812500008],[-6.532353025999953,37.33533541800006],[-6.529754647999937,37.33859476500004],[-6.530673911999941,37.33668812500008]]],[[[-6.538301310999941,37.34925554300003],[-6.539003946999969,37.34764951500006],[-6.5403939249999326,37.35566356900006],[-6.538608710999938,37.355469964000065],[-6.538301310999941,37.34925554300003]]]]}},{"type":"Feature","properties":{"ClaseSuelo":"SUELO URBANIZABLE NO DELIMITADO O SECTORIZADO","NuclRural":"0","AreaLamber":31.10473808,"Shape_STAr":0.0000315762652289},"geometry":{"type":"MultiPolygon","coordinates":[[[[-6.547924493999972,37.33849350400004],[-6.546857135999971,37.336485253000035],[-6.548137849999932,37.334120503000065],[-6.54353439199997,37.333943549000026],[-6.543366913999932,37.33167197900008],[-6.549936045999971,37.33426558900004],[-6.549720650999973,37.338372596000056],[-6.547924493999972,37.33849350400004]]],[[[-6.5421470719999775,37.35758162800005],[-6.542753988999948,37.35403857400007],[-6.544519044999959,37.35286670000005],[-6.544070397999974,37.357268919000035],[-6.5421470719999775,37.35758162800005]]],[[[-6.536382944999957,37.34501739800004],[-6.533032211999966,37.34370203900005],[-6.538068366999937,37.343905205000056],[-6.536382944999957,37.34501739800004]]]]}},{"type":"Feature","properties":{"ClaseSuelo":"SUELO URBANO","NuclRural":"0","AreaLamber":209.67681108,"Shape_STAr":0.000212857003244},"geometry":{"type":"Polygon","coordinates":[[[-6.541399880999961,37.357617524000034],[-6.539779047999957,37.34859705800005],[-6.536071693999929,37.34643975000006],[-6.538068366999937,37.343905205000056],[-6.531966933999968,37.343224088000056],[-6.531582847999971,37.33956534500004],[-6.530302914999936,37.33914582400007],[-6.536125734999928,37.33181783500004],[-6.540069341999981,37.33011817800008],[-6.541770898999971,37.33331134000008],[-6.548137849999932,37.334120503000065],[-6.546885706999944,37.34052016800007],[-6.545072597999933,37.339539728000034],[-6.54329211299995,37.34229352800003],[-6.5468920919999505,37.34386377100003],[-6.5430396969999265,37.34627953200004],[-6.542958752999937,37.356584188000056],[-6.541399880999961,37.357617524000034]]]}},{"type":"Feature","properties":{"ClaseSuelo":"SISTEMAS GENERALES","NuclRural":"0","AreaLamber":118.32535868,"Shape_STAr":0.000119966923133},"geometry":{"type":"MultiPolygon","coordinates":[[[[-7.075954690999936,37.324067236000076],[-7.087425034999967,37.32217604600004],[-7.115155609999931,37.321779968000044],[-7.119172255999956,37.32395343200005],[-7.134841903999927,37.32646290900004],[-7.152482723999981,37.332880181000064],[-7.156061172999955,37.33048261700003],[-7.158304039999962,37.33252134700007],[-7.172015267999939,37.327581965000036],[-7.179598185999964,37.320348883000065],[-7.1981518639999535,37.31020373100006],[-7.17992832799996,37.320967705000044],[-7.17210109399997,37.32802363800005],[-7.1580335319999335,37.33341259500003],[-7.1555149329999495,37.33607536200003],[-7.152201525999942,37.33348849300006],[-7.133336052999937,37.32653342200007],[-7.115833620999979,37.324941996000064],[-7.111612740999931,37.32271024800008],[-7.075954690999936,37.324067236000076]]],[[[-7.159442683999941,37.27542389400003],[-7.1548594799999705,37.27625798200006],[-7.159267893999981,37.27436778600003],[-7.159442683999941,37.27542389400003]]],[[[-7.1602824279999595,37.275051887000075],[-7.162284966999948,37.270723039000075],[-7.16371718299996,37.27582720400005],[-7.1602824279999595,37.275051887000075]]],[[[-7.1400892919999706,37.270528832000025],[-7.141829451999968,37.269437964000076],[-7.141014322999979,37.26713731600006],[-7.143035851999969,37.26696434000007],[-7.143066810999926,37.269906767000066],[-7.1400892919999706,37.270528832000025]]],[[[-7.133799151999938,37.250059097000076],[-7.134295775999931,37.25400259700007],[-7.132310086999951,37.25638823400004],[-7.132386187999941,37.249939117000054],[-7.133799151999938,37.250059097000076]]]]}},{"type":"Feature","properties":{"ClaseSuelo":"SUELO NO URBANIZABLE","NuclRural":"0","AreaLamber":21074.1108266,"Shape_STAr":0.0213676424802},"geometry":{"type":"MultiPolygon","coordinates":[[[[-7.07569575399998,37.323126959000035],[-7.0736898159999555,37.30955156400006],[-7.070948579999936,37.30347562900005],[-7.073761334999972,37.29897387400007],[-7.07391223299993,37.291744366000046],[-7.080021431999967,37.28733600100003],[-7.079721534999976,37.28199568600007],[-7.078280961999951,37.27786574500004],[-7.068796936999945,37.26795954000005],[-7.067310717999931,37.26401115700003],[-7.059655880999969,37.257257028000026],[-7.062661808999962,37.253847878000045],[-7.080190999999957,37.248118859000044],[-7.079718661999948,37.24333394400003],[-7.073900485999957,37.23551745800006],[-7.0691326059999255,37.233798930000034],[-7.063350726999943,37.23396167400006],[-7.060525315999939,37.226870346000055],[-7.053420603999939,37.221197525000036],[-7.074714796999956,37.21897396600008],[-7.07625107399997,37.214145020000046],[-7.062449084999969,37.213279759000045],[-7.062845296999967,37.21150735000003],[-7.053194017999942,37.20947400500006],[-7.0532114409999735,37.22096679100008],[-7.051810384999953,37.20890294800006],[-7.05965141799993,37.21079403700003],[-7.06362450499995,37.20906937900003],[-7.070471164999958,37.21135908400004],[-7.0890573769999605,37.21329437400004],[-7.105673337999974,37.21273686600006],[-7.129205617999958,37.215097539000055],[-7.15646994399998,37.21176458200006],[-7.162723190999941,37.213247144000036],[-7.16838471899996,37.216659856000035],[-7.171631094999952,37.22181490200006],[-7.16724607499998,37.23054475600003],[-7.1672854569999345,37.239641078000034],[-7.16349315399998,37.24974611300007],[-7.1623571099999594,37.26226168100004],[-7.163923942999929,37.26349459900007],[-7.171032863999926,37.263451186000054],[-7.1731579179999585,37.27050119900008],[-7.179336357999944,37.279497664000075],[-7.176174112999945,37.28509501900004],[-7.171419103999938,37.28737969800005],[-7.171187581999959,37.29012616400007],[-7.179640511999935,37.29171012300003],[-7.180588234999959,37.295793039000046],[-7.1845069189999435,37.29692441800006],[-7.191812657999947,37.303817449000064],[-7.194091885999967,37.30425000300005],[-7.19792524099995,37.309914691000074],[-7.179598185999964,37.320348883000065],[-7.172015267999939,37.327581965000036],[-7.158304039999962,37.33252134700007],[-7.156061172999955,37.33048261700003],[-7.152482723999981,37.332880181000064],[-7.134841903999927,37.32646290900004],[-7.119172255999956,37.32395343200005],[-7.115155609999931,37.321779968000044],[-7.07569575399998,37.323126959000035]],[[-7.151775201999953,37.29050258700005],[-7.152727506999952,37.28869765200005],[-7.150749791999942,37.28856186200005],[-7.161428576999981,37.28733809000005],[-7.16231137099993,37.285258716000044],[-7.161200293999968,37.28379823900008],[-7.163344303999963,37.28238292900005],[-7.164304608999942,37.27798109400004],[-7.162284966999948,37.270723039000075],[-7.159707280999953,37.27568291500006],[-7.159267893999981,37.27436778600003],[-7.148024720999956,37.27855150900007],[-7.146710961999929,37.27633823800005],[-7.143116575999954,37.276615184000036],[-7.145320529999935,37.27963217300004],[-7.143352781999965,37.28384595700004],[-7.141594636999969,37.286340790000054],[-7.135874881999939,37.28888835200007],[-7.136565322999957,37.290094690000046],[-7.1411020099999405,37.28817428100007],[-7.149971247999929,37.28869352300006],[-7.1406854129999715,37.28845800600004],[-7.133884485999943,37.291398437000055],[-7.133725824999942,37.29317582900006],[-7.139302303999955,37.29063988900003],[-7.148492325999939,37.289362564000044],[-7.15027177099995,37.29012705900004],[-7.149438353999926,37.29258405300004],[-7.151389706999964,37.29257855000003],[-7.151775201999953,37.29050258700005]],[[-7.16667188699995,37.28504525500006],[-7.165042942999946,37.28735569600008],[-7.172570788999963,37.28472321700008],[-7.169951405999939,37.27938121700004],[-7.16667188699995,37.28504525500006]],[[-7.16962680599994,37.286141599000075],[-7.16715781299996,37.28744724300003],[-7.171938836999971,37.28510479000005],[-7.16962680599994,37.286141599000075]],[[-7.164128216999927,37.288425679000056],[-7.16814315299996,37.29109764700007],[-7.170562035999978,37.28677737800007],[-7.164128216999927,37.288425679000056]],[[-7.1400892919999706,37.270528832000025],[-7.143066810999926,37.269906767000066],[-7.143035851999969,37.26696434000007],[-7.141014322999979,37.26713731600006],[-7.141829451999968,37.269437964000076],[-7.1400892919999706,37.270528832000025]],[[-7.15553435299995,37.26678196600005],[-7.160145854999939,37.264715237000075],[-7.160335648999933,37.26130754300004],[-7.158835925999938,37.26162855800004],[-7.160738162999962,37.25858616800008],[-7.160134466999978,37.25529682400003],[-7.157694954999954,37.258573725000076],[-7.1499901789999285,37.26241300400005],[-7.157150183999931,37.258538927000075],[-7.158322617999943,37.252979923000055],[-7.161209293999946,37.250779471000044],[-7.142866210999955,37.25553172600007],[-7.144589616999951,37.25708844500008],[-7.147809750999954,37.25695196800007],[-7.14562557499994,37.26191715200008],[-7.1445489539999585,37.26161597200007],[-7.145525878999933,37.26405071000005],[-7.149891509999975,37.26568792900008],[-7.153234578999957,37.26492764300008],[-7.15553435299995,37.26678196600005]],[[-7.132525036999937,37.25701374200003],[-7.134295775999931,37.25400259700007],[-7.133178430999976,37.248363219000055],[-7.136663303999967,37.246019852000074],[-7.134302599999955,37.243320847000064],[-7.127961280999955,37.24577082800005],[-7.126670008999952,37.25453330200003],[-7.1316894449999495,37.263979609000046],[-7.133697513999948,37.25814105500007],[-7.132525036999937,37.25701374200003]],[[-7.126789027999962,37.229808630000036],[-7.126391276999925,37.228284915000074],[-7.118904416999953,37.22883062000005],[-7.110616021999931,37.23479340200004],[-7.111520811999981,37.23632680400004],[-7.108133778999957,37.23575835100007],[-7.117492984999956,37.241886460000046],[-7.121100598999931,37.24093513200006],[-7.115175200999943,37.24488144400004],[-7.11486939699995,37.24747515000007],[-7.12822153299993,37.24273053200005],[-7.126789027999962,37.229808630000036]],[[-7.118948667999973,37.22867533300007],[-7.126101809999966,37.22805204000008],[-7.124971049999942,37.223137534000045],[-7.12333646999997,37.22302293800004],[-7.125127394999936,37.222819851000054],[-7.126935894999974,37.22794642100007],[-7.137699234999957,37.226711978000026],[-7.147276095999928,37.222866503000034],[-7.143501541999967,37.22164538800007],[-7.141820874999951,37.22301149200007],[-7.133989134999979,37.22223986000006],[-7.132566065999981,37.22638744500006],[-7.129749726999933,37.22734420100005],[-7.131479322999951,37.220329494000055],[-7.1278211499999315,37.21724721800007],[-7.111042441999928,37.21702786700007],[-7.105125690999955,37.215044603000024],[-7.09802310799995,37.21695622900006],[-7.097653219999927,37.21863728400007],[-7.10029699699993,37.219040250000035],[-7.104804404999925,37.224699470000076],[-7.1067314689999534,37.23041904100006],[-7.112869665999938,37.232951066000055],[-7.118948667999973,37.22867533300007]],[[-7.082598806999954,37.216459574000055],[-7.083324955999956,37.218666674000076],[-7.08638769099997,37.21794706700007],[-7.082598806999954,37.216459574000055]]],[[[-7.075954690999936,37.324067236000076],[-7.111612740999931,37.32271024800008],[-7.115833620999979,37.324941996000064],[-7.133336052999937,37.32653342200007],[-7.152201525999942,37.33348849300006],[-7.1555149329999495,37.33607536200003],[-7.1580335319999335,37.33341259500003],[-7.17210109399997,37.32802363800005],[-7.17992832799996,37.320967705000044],[-7.1981518639999535,37.31020373100006],[-7.213496607999957,37.32138536000008],[-7.223597081999969,37.32411425400005],[-7.2275659569999675,37.33012433000005],[-7.231574475999935,37.33200747200004],[-7.236842260999936,37.33862822200007],[-7.23659865299993,37.34312261700006],[-7.243651722999971,37.344760965000035],[-7.246511272999953,37.35165686400006],[-7.253443196999967,37.351731666000035],[-7.258290815999942,37.353655666000066],[-7.26142499599996,37.35879384700007],[-7.26098135899997,37.362917168000024],[-7.266720640999949,37.36462847400003],[-7.26562278199998,37.37173882800005],[-7.2685903689999805,37.372325140000044],[-7.272346910999943,37.36991044600006],[-7.274271585999941,37.37101172900003],[-7.268082276999962,37.38027888200003],[-7.270855948999952,37.38499744500007],[-7.291827750999971,37.38774972200008],[-7.3020100319999415,37.387361052000074],[-7.295544272999962,37.397873735000076],[-7.293333212999926,37.40620475500003],[-7.290057781999963,37.409548424000036],[-7.281147713999928,37.41052046000004],[-7.24545990699994,37.40481981000005],[-7.239094567999928,37.40126547400007],[-7.230862229999957,37.40123649700007],[-7.213268313999947,37.39372291400008],[-7.197210678999966,37.39486226100007],[-7.168671625999934,37.38388425200003],[-7.147488130999932,37.372082646000024],[-7.130694734999963,37.37312160300007],[-7.116706989999955,37.366656069000044],[-7.102089656999965,37.37178559900008],[-7.086154290999957,37.34935011700003],[-7.075954690999936,37.324067236000076]]],[[[-7.109633646999953,37.21832943000004],[-7.109837729999981,37.218688119000035],[-7.109450693999975,37.21866410600006],[-7.109633646999953,37.21832943000004]]]]}},{"type":"Feature","properties":{"ClaseSuelo":"SUELO URBANIZABLE DELIMITADO O SECTORIZADO","NuclRural":"0","AreaLamber":768.7357113,"Shape_STAr":0.000778733043918},"geometry":{"type":"MultiPolygon","coordinates":[[[[-7.114976761999969,37.245098030000065],[-7.121100598999931,37.24093513200006],[-7.117492984999956,37.241886460000046],[-7.108133778999957,37.23575835100007],[-7.111520811999981,37.23632680400004],[-7.110616021999931,37.23479340200004],[-7.118904416999953,37.22883062000005],[-7.126520088999939,37.22834569200006],[-7.12822153299993,37.24273053200005],[-7.114927990999945,37.24748290100007],[-7.114976761999969,37.245098030000065]]],[[[-7.1082535809999285,37.23066627700007],[-7.1064230169999405,37.23019292300006],[-7.105075502999966,37.225144052000076],[-7.10029699699993,37.219040250000035],[-7.109460413999955,37.21798068800007],[-7.113553116999981,37.225494997000055],[-7.116757933999963,37.22511040000006],[-7.112414307999927,37.21808831200008],[-7.121441552999954,37.21864039500008],[-7.1200845219999565,37.22348615400006],[-7.124971049999942,37.223137534000045],[-7.126281494999944,37.22683644600005],[-7.126101809999966,37.22805204000008],[-7.11888029499994,37.228696177000074],[-7.112869665999938,37.232951066000055],[-7.1082535809999285,37.23066627700007]]],[[[-7.128506375999962,37.258145472000024],[-7.12664601299997,37.25518163000004],[-7.127961280999955,37.24577082800005],[-7.135764669999958,37.24384629900004],[-7.136663303999967,37.246019852000074],[-7.133206457999961,37.24829164400006],[-7.134003932999974,37.249921261000054],[-7.132386187999941,37.249939117000054],[-7.13136695299994,37.25499633000004],[-7.132976706999955,37.25644220200007],[-7.128506375999962,37.258145472000024]]],[[[-7.15553435299995,37.26678196600005],[-7.153234578999957,37.26492764300008],[-7.149891509999975,37.26568792900008],[-7.145525878999933,37.26405071000005],[-7.1445489539999585,37.26161597200007],[-7.14562557499994,37.26191715200008],[-7.147809750999954,37.25695196800007],[-7.144589616999951,37.25708844500008],[-7.142866210999955,37.25553172600007],[-7.161209293999946,37.250779471000044],[-7.158322617999943,37.252979923000055],[-7.157150183999931,37.258538927000075],[-7.1499901789999285,37.26241300400005],[-7.157694954999954,37.258573725000076],[-7.160134466999978,37.25529682400003],[-7.160738162999962,37.25858616800008],[-7.158835925999938,37.26162855800004],[-7.160335648999933,37.26130754300004],[-7.160145854999939,37.264715237000075],[-7.15553435299995,37.26678196600005]]],[[[-7.157279837999965,37.279452280000044],[-7.156614634999926,37.27816411100008],[-7.157610362999947,37.277962057000025],[-7.157279837999965,37.279452280000044]]],[[[-7.151403744999925,37.280182111000045],[-7.148024720999956,37.27855150900007],[-7.154239000999951,37.27621420300005],[-7.151403744999925,37.280182111000045]]],[[[-7.154484639999964,37.280912801000056],[-7.153294801999948,37.28054110900007],[-7.15543114999997,37.27975079600003],[-7.154484639999964,37.280912801000056]]],[[[-7.160706646999927,37.28300450000006],[-7.157021965999945,37.282347317000074],[-7.160142037999947,37.277754827000024],[-7.1625467989999265,37.27754576500007],[-7.159506612999962,37.27667119500006],[-7.161861443999953,37.27501132900005],[-7.16371718299996,37.27582720400005],[-7.164137773999926,37.279264255000044],[-7.162769353999977,37.28322393500008],[-7.160706646999927,37.28300450000006]]],[[[-7.167553453999972,37.28185117800007],[-7.169951405999939,37.27938121700004],[-7.171452639999927,37.28355471000003],[-7.16667188699995,37.28504525500006],[-7.167553453999972,37.28185117800007]]],[[[-7.142319024999949,37.28495196500006],[-7.144794684999965,37.281126578000055],[-7.146056590999933,37.286086761000035],[-7.141037198999925,37.28818488100006],[-7.142319024999949,37.28495196500006]]],[[[-7.164128216999927,37.288425679000056],[-7.170562035999978,37.28677737800007],[-7.16814315299996,37.29109764700007],[-7.164128216999927,37.288425679000056]]]]}},{"type":"Feature","properties":{"ClaseSuelo":"SISTEMAS GENERALES","NuclRural":"0","AreaLamber":3385.64328094,"Shape_STAr":0.00343057677123},"geometry":{"type":"MultiPolygon","coordinates":[[[[-6.908940085999973,37.324260726000034],[-6.906132317999948,37.32371160400004],[-6.905863804999967,37.320979772000044],[-6.9007122899999445,37.31720580900003],[-6.889703549999979,37.31348131200008],[-6.879623443999947,37.31327198200006],[-6.861882565999963,37.31633294900007],[-6.89154289499993,37.30808344600007],[-6.886852438999938,37.30132920900007],[-6.855488880999928,37.31078216700007],[-6.892193238999937,37.29794520300004],[-6.888548044999936,37.30016382500003],[-6.85307488199993,37.30637840300005],[-6.892931067999939,37.297237677000055],[-6.894772586999977,37.29439064300004],[-6.896052825999959,37.28528728200007],[-6.914987021999934,37.26205186900006],[-6.912738488999935,37.261932803000036],[-6.915016350999963,37.26160176500008],[-6.9141101709999475,37.261048595000034],[-6.915332382999964,37.26129548100005],[-6.916657377999968,37.25825548900008],[-6.916118376999975,37.260895015000074],[-6.928558043999942,37.25267549500006],[-6.938073307999957,37.24903757300007],[-6.935349583999937,37.248359606000065],[-6.938624516999937,37.248742314000026],[-6.934567868999977,37.248049500000036],[-6.932711340999958,37.24578291200004],[-6.927061155999979,37.24638165600004],[-6.929858653999929,37.24755069400004],[-6.926890890999971,37.24650002900006],[-6.919662412999969,37.25693861000008],[-6.921890001999941,37.257021519000034],[-6.922150303999956,37.25350855900007],[-6.925632249999978,37.250322554000036],[-6.927244449999932,37.25113347700005],[-6.9256922499999405,37.25032383900003],[-6.922259355999927,37.25345772600008],[-6.921742424999934,37.25724752100007],[-6.9172930759999645,37.258013703000074],[-6.920054279999931,37.25523063600008],[-6.916750652999951,37.255704338000044],[-6.917310239999949,37.25465204500006],[-6.920207275999928,37.25463931300004],[-6.92581106199998,37.24711118700003],[-6.925087066999936,37.242745385000035],[-6.9189544379999575,37.23489402600006],[-6.901676664999968,37.24966793700003],[-6.8971827629999325,37.24851526400005],[-6.936356104999959,37.21043969600004],[-6.941604097999971,37.20696794400004],[-6.939153671999975,37.19818531200008],[-6.932456547999948,37.185886382000035],[-6.9183792619999736,37.17369605300007],[-6.920476890999964,37.17099896700006],[-6.923842337999929,37.170847895000065],[-6.927540740999973,37.17381770600008],[-6.924054142999978,37.17113271300008],[-6.922067786999946,37.172386378000056],[-6.937607942999932,37.185945599000036],[-6.94373832499997,37.20223695100003],[-6.9465827899999795,37.20556106200007],[-6.9520294139999805,37.209674661000065],[-6.959299387999977,37.212415228000054],[-6.96003454199996,37.21148408400006],[-6.95980515399998,37.21263333200005],[-6.962719557999947,37.211534863000054],[-6.962384007999958,37.21001956900005],[-6.962822477999964,37.21137859000004],[-6.964607002999969,37.210860910000065],[-6.962333838999939,37.21197152800005],[-6.964724697999941,37.21331493100007],[-6.9622468019999815,37.21207864100006],[-6.960402797999961,37.21321711200005],[-6.96585779399993,37.21428827700004],[-6.963596149999944,37.217914387000064],[-6.961907100999952,37.215931528000056],[-6.957874597999933,37.21615216200007],[-6.961017586999958,37.22317056700007],[-6.96334077299997,37.24787486200006],[-6.965223934999926,37.25189027300007],[-6.967885064999962,37.25044599300003],[-6.965845311999942,37.25329345100005],[-6.969989805999944,37.26037238600003],[-6.982378909999966,37.26869864300005],[-6.985889566999958,37.26914919800004],[-6.981755861999943,37.26882523300003],[-6.973983459999943,37.26356464300005],[-6.97116729399994,37.26493308500005],[-6.979227934999926,37.26997485000004],[-6.973971743999925,37.26770662100006],[-6.962660446999962,37.267452752000054],[-6.966780858999925,37.267758883000056],[-6.970014939999942,37.275135987000056],[-6.97177215399995,37.27487836300003],[-6.970338733999938,37.27558606100007],[-6.973554091999972,37.280330040000024],[-6.972318366999957,37.28817747100004],[-6.976174208999964,37.295038662000024],[-6.9791920569999775,37.307862786000044],[-6.978405303999978,37.308621308000056],[-6.9754147199999466,37.29851975400004],[-6.97298307799997,37.29633366000007],[-6.972741575999976,37.299782771000025],[-6.975964961999978,37.30440877800004],[-6.976539531999947,37.31051688700006],[-6.976088175999962,37.30570508200003],[-6.972587990999955,37.30034587200004],[-6.970043527999962,37.29080383100006],[-6.96838430899993,37.29513178900004],[-6.967974456999968,37.29364991800003],[-6.966467611999974,37.29579859800003],[-6.967770627999926,37.300012321000054],[-6.970760492999943,37.30261133600004],[-6.96835406699995,37.30060690500005],[-6.967941439999947,37.303731183000025],[-6.96847583999994,37.30093245000006],[-6.965445140999975,37.29768464400007],[-6.966482390999943,37.29504285300004],[-6.9652393199999665,37.29301691400008],[-6.966638356999965,37.29491478600005],[-6.969660870999974,37.29076278400004],[-6.969551001999946,37.28485617900003],[-6.964973795999981,37.28991978500005],[-6.967642773999955,37.286564723000026],[-6.96412672699995,37.27562506900006],[-6.963130215999968,37.28167621400007],[-6.96082370299996,37.284475635000035],[-6.96200512799993,37.28543302300005],[-6.960750929999961,37.284558005000065],[-6.959738336999976,37.287409026000034],[-6.9601633429999765,37.28966226400007],[-6.961659334999979,37.289782649000074],[-6.961632182999949,37.29088835600004],[-6.960214354999948,37.289862593000066],[-6.961614812999926,37.29601745600007],[-6.958489165999936,37.299820569000076],[-6.95857846499996,37.302125826000065],[-6.962190498999973,37.30623316800006],[-6.960331814999961,37.30318470000003],[-6.957931095999925,37.30267811500005],[-6.959332715999949,37.305530703000045],[-6.957733250999979,37.30319718700008],[-6.958349144999943,37.299655123000036],[-6.956120474999977,37.30352275700005],[-6.959599253999954,37.310256965000065],[-6.957563800999935,37.307620876000044],[-6.956715629999962,37.31287953400005],[-6.961105814999939,37.31612791400005],[-6.96187369699993,37.31316976000005],[-6.963941190999947,37.31216102600007],[-6.961987415999943,37.313164346000065],[-6.961036232999959,37.31620944000008],[-6.964319134999926,37.31896273700005],[-6.960527396999964,37.31975676800005],[-6.961805219999974,37.32384598900006],[-6.956141448999972,37.325775907000036],[-6.957643339999947,37.32783941800005],[-6.9557642289999535,37.33132322500006],[-6.953985883999962,37.32975652300007],[-6.9500288489999775,37.330035155000076],[-6.947592392999979,37.32674687400004],[-6.947052290999977,37.31556048700003],[-6.94416201699994,37.31336784400003],[-6.943371507999927,37.306966454000076],[-6.948637468999948,37.29745652500003],[-6.955052730999967,37.29404066700005],[-6.9556190819999415,37.291673229000025],[-6.954438823999965,37.294202562000066],[-6.953348441999935,37.28537277600003],[-6.95435095299996,37.280590532000076],[-6.947650873999976,37.288013369000055],[-6.945789109999964,37.29173845300005],[-6.947235741999975,37.29301164800006],[-6.946129786999961,37.296275507000075],[-6.945710602999952,37.29177015300007],[-6.947594733999949,37.287303103000056],[-6.95667369399996,37.27613701000007],[-6.9532355079999775,37.27674467200006],[-6.95725859099997,37.27606014700007],[-6.9618214859999625,37.27056126100007],[-6.956767262999961,37.269502887000044],[-6.95951740199996,37.26218435900006],[-6.961901998999963,37.262179064000065],[-6.958203871999956,37.256008130000055],[-6.958821006999926,37.25471010100006],[-6.957325757999968,37.254335369000046],[-6.958182758999953,37.253285755000036],[-6.95455394399994,37.242203492000044],[-6.94213240199997,37.24415993400004],[-6.940471997999964,37.24881292300006],[-6.927530401999945,37.25411272700006],[-6.920014470999945,37.260625884000035],[-6.917465280999977,37.27039825300005],[-6.919435205999946,37.27452427800006],[-6.923761002999981,37.27605811300003],[-6.923084537999955,37.278918298000065],[-6.927303212999959,37.28174568400004],[-6.9461976589999495,37.284509978000074],[-6.934640439999953,37.28448874500003],[-6.919270524999945,37.27923162600007],[-6.911721156999931,37.28578406200006],[-6.90121179199997,37.30212955600007],[-6.894516731999943,37.30739999600007],[-6.8958183679999365,37.30937402600006],[-6.89193460599995,37.30872825900008],[-6.884058286999959,37.31172003900008],[-6.896317394999926,37.31491906600007],[-6.90981186099998,37.32123630700005],[-6.910021621999931,37.324124812000036],[-6.922553178999976,37.34347083000006],[-6.92884976299996,37.35046185200008],[-6.923082076999947,37.34470451300007],[-6.914499990999957,37.330253750000054],[-6.908940085999973,37.324260726000034]],[[-6.902624218999961,37.298589132000075],[-6.897116576999963,37.29455956800007],[-6.887600452999948,37.301391555000066],[-6.8902414049999265,37.305930029000024],[-6.8935790429999315,37.307126467000046],[-6.898816583999974,37.303743448000034],[-6.902624218999961,37.298589132000075]],[[-6.903041835999943,37.29839169300004],[-6.910473174999936,37.28641421300006],[-6.919763158999956,37.27810081400003],[-6.920243958999947,37.27627814700003],[-6.916565886999933,37.26977534300005],[-6.901800994999974,37.27844849100006],[-6.897191904999943,37.28533107800007],[-6.896374457999968,37.28895748800005],[-6.89879532599997,37.29191379100007],[-6.897597738999934,37.294341332000045],[-6.903041835999943,37.29839169300004]],[[-6.895814303999941,37.28928448400006],[-6.8971363649999375,37.29405995500008],[-6.89812496199994,37.29169809200005],[-6.895814303999941,37.28928448400006]],[[-6.915464305999933,37.26976929700004],[-6.9195907189999275,37.26026157600006],[-6.916616125999951,37.26138460000004],[-6.915583846999937,37.265245787000026],[-6.90127862099996,37.27840301500004],[-6.915464305999933,37.26976929700004]],[[-6.938663255999927,37.24872156200007],[-6.9398863539999525,37.24453360500007],[-6.933197532999941,37.24580567500004],[-6.938663255999927,37.24872156200007]],[[-6.934503734999964,37.24556342400007],[-6.935506812999961,37.245251809000024],[-6.927572857999962,37.24553503800007],[-6.925675241999954,37.240000346000045],[-6.921747208999932,37.23531489000004],[-6.9286508489999505,37.22464343100006],[-6.9211619549999455,37.23251033100007],[-6.920798444999946,37.235895620000065],[-6.9246051239999815,37.23938603900007],[-6.927018613999962,37.24597971700007],[-6.934503734999964,37.24556342400007]],[[-6.930044537999947,37.22288019400003],[-6.932999133999942,37.22471795000007],[-6.933361970999954,37.224186495000026],[-6.930044537999947,37.22288019400003]],[[-6.933357305999948,37.22403678200004],[-6.9310591579999254,37.22161239700006],[-6.933053626999936,37.21985877900005],[-6.930642188999968,37.222195131000035],[-6.933357305999948,37.22403678200004]],[[-6.952697846999968,37.240946723000036],[-6.954265287999931,37.24191363700004],[-6.954074412999944,37.240772261000075],[-6.952697846999968,37.240946723000036]],[[-6.96831623199995,37.264718008000045],[-6.967784151999979,37.26639367000007],[-6.970972198999959,37.26615713500007],[-6.96831623199995,37.264718008000045]],[[-6.960245713999939,37.275927428000045],[-6.958320547999961,37.27780299700004],[-6.95838733599993,37.28134526600007],[-6.958244891999925,37.27793371100006],[-6.954711925999959,37.28588312900007],[-6.9559990719999405,37.290026957000066],[-6.960245713999939,37.275927428000045]],[[-6.957939547999956,37.28933363600004],[-6.953905327999962,37.30026456200005],[-6.947563480999975,37.30164999700003],[-6.944169350999971,37.30735194600004],[-6.948580948999961,37.313446542000065],[-6.947373360999961,37.31771741800003],[-6.948312299999941,37.327691886000025],[-6.949816821999946,37.32966814200006],[-6.955939951999937,37.33072495300007],[-6.957219277999968,37.32765368200006],[-6.95580119899995,37.32564133000005],[-6.9614191119999305,37.32366553300005],[-6.959998495999969,37.31965097600005],[-6.963890037999931,37.318869720000066],[-6.956111457999953,37.31289150600003],[-6.955196479999927,37.302781406000065],[-6.96053440999998,37.29523705400004],[-6.957939547999956,37.28933363600004]],[[-6.945531650999953,37.31103330500008],[-6.944395420999967,37.31347903000005],[-6.9472551799999565,37.315467107000075],[-6.9479667969999355,37.313085053000066],[-6.945531650999953,37.31103330500008]],[[-6.946396790999927,37.30127155300005],[-6.947686187999977,37.299075197000036],[-6.946361477999972,37.300800468000034],[-6.946396790999927,37.30127155300005]],[[-6.947321662999968,37.301030972000035],[-6.953544904999944,37.299887891000026],[-6.954488539999943,37.29576113300004],[-6.950338500999976,37.29679409000005],[-6.947321662999968,37.301030972000035]],[[-6.9564127009999766,37.28971218600003],[-6.954832293999971,37.28864678700006],[-6.955208440999968,37.29107406800006],[-6.9564127009999766,37.28971218600003]],[[-6.9560125749999315,37.28070689500004],[-6.953951969999935,37.28567612400008],[-6.95582464499995,37.28318909600006],[-6.9560125749999315,37.28070689500004]],[[-6.966927942999973,37.28058006400005],[-6.967655524999941,37.28647393500006],[-6.969872194999937,37.280996422000044],[-6.9687480159999495,37.27751970400004],[-6.9663109129999725,37.27570562200003],[-6.966927942999973,37.28058006400005]],[[-6.971891709999966,37.280474276000064],[-6.972123599999975,37.27887681000004],[-6.970708418999948,37.277393354000026],[-6.971891709999966,37.280474276000064]],[[-6.973890365999978,37.29626639700007],[-6.975988647999941,37.297988478000036],[-6.971502369999939,37.290988553000034],[-6.973890365999978,37.29626639700007]]],[[[-6.931638719999967,37.24919138400003],[-6.932261934999929,37.24900719900006],[-6.931845794999958,37.24944482300003],[-6.931638719999967,37.24919138400003]]],[[[-6.926175243999978,37.24965309500004],[-6.92639715699994,37.24946539700005],[-6.926675604999957,37.24970289700008],[-6.926175243999978,37.24965309500004]]],[[[-6.930229792999967,37.249226247000024],[-6.9307204129999604,37.24977658000006],[-6.9301903579999475,37.24957434500004],[-6.930229792999967,37.249226247000024]]],[[[-6.927366423999956,37.249661606000075],[-6.927472899999941,37.25000793600003],[-6.927118964999977,37.249916563000056],[-6.927366423999956,37.249661606000075]]],[[[-6.925976185999957,37.24990374500004],[-6.926393804999975,37.24999894600006],[-6.926208894999945,37.250157880000074],[-6.925976185999957,37.24990374500004]]],[[[-6.94158979499997,37.249722656000074],[-6.940834820999953,37.24936204000005],[-6.942600303999939,37.249816632000034],[-6.94158979499997,37.249722656000074]]],[[[-6.927302262999945,37.250994407000064],[-6.927641587999972,37.25056000500007],[-6.927844400999959,37.25091983500005],[-6.927302262999945,37.250994407000064]]],[[[-6.939286699999968,37.25123919400005],[-6.93808777299995,37.25131845800007],[-6.940327494999963,37.249762528000076],[-6.942203805999952,37.25063711700005],[-6.939286699999968,37.25123919400005]]],[[[-6.92527109599996,37.25308384700003],[-6.925028184999974,37.25252509200004],[-6.926689512999928,37.25251186600008],[-6.92527109599996,37.25308384700003]]],[[[-6.925237781999954,37.25407688200005],[-6.924424230999932,37.25402071600007],[-6.926209745999927,37.25333743400006],[-6.925237781999954,37.25407688200005]]],[[[-6.968262386999925,37.25499302000003],[-6.969147462999956,37.25430707600003],[-6.970040543999971,37.25594914100003],[-6.968262386999925,37.25499302000003]]],[[[-6.998137765999957,37.25488468300006],[-6.9986337649999655,37.25354033600007],[-7.000204427999961,37.25418874500008],[-6.998137765999957,37.25488468300006]]],[[[-7.004568130999928,37.23330378900005],[-6.9970088279999345,37.239065663000076],[-6.988303508999934,37.250130511000066],[-6.988414294999927,37.255849701000045],[-6.988190176999979,37.25012665400004],[-6.996937579999951,37.238989581000055],[-7.004568130999928,37.23330378900005]]],[[[-6.986282634999952,37.25694847600005],[-6.981856520999941,37.249910320000026],[-6.97514438099995,37.24643643400003],[-6.970800679999968,37.246948616000054],[-6.968289314999936,37.251227193000034],[-6.9697320669999385,37.24703552400007],[-6.972119128999964,37.24534462500003],[-6.9711617619999515,37.24364087500004],[-6.9700954209999395,37.24424015000005],[-6.970733709999934,37.24253400500004],[-6.969925314999955,37.243333859000074],[-6.9729085389999454,37.23215423600004],[-6.966179765999925,37.21950543400004],[-6.964840375999927,37.22075581400003],[-6.966784420999943,37.22283312600007],[-6.963758270999961,37.21995813600006],[-6.9637079279999625,37.22179282500008],[-6.96253037799994,37.22044571600003],[-6.966072636999968,37.21934231700004],[-6.96525662199997,37.217666646000055],[-6.963670448999949,37.21795855100004],[-6.965952352999977,37.21430551100008],[-6.967158849999976,37.21642394100007],[-6.970234345999927,37.217294337000055],[-6.974607434999939,37.209923307000054],[-6.9607609229999525,37.19244402100003],[-6.96078162699996,37.18764501600003],[-6.959539792999976,37.186425703000054],[-6.960784261999947,37.18992297300008],[-6.95934994199996,37.18722676600004],[-6.958007958999929,37.18914394500007],[-6.959083758999952,37.19093284500008],[-6.957845195999937,37.189087630000074],[-6.955862923999973,37.18993587400007],[-6.956539487999976,37.188435739000056],[-6.952963163999925,37.189528746000065],[-6.953371809999965,37.18815578500005],[-6.9515937149999445,37.18750795300008],[-6.95415027699994,37.189819783000075],[-6.95588440399996,37.188683053000034],[-6.955080476999967,37.18797731800004],[-6.958248396999977,37.18875821100005],[-6.959096231999979,37.186423053000055],[-6.95730353099998,37.18453286500005],[-6.95765337499995,37.185634262000065],[-6.954057404999958,37.18549298500005],[-6.956840303999968,37.18480094600005],[-6.955723607999971,37.183488777000036],[-6.95408548599994,37.18444158400007],[-6.9495464639999796,37.183217780000064],[-6.947848674999932,37.18499661200008],[-6.949507675999939,37.183110689000046],[-6.955178558999933,37.18300859000004],[-6.9510683859999745,37.179994977000035],[-6.9503238179999585,37.18108326500004],[-6.950656991999949,37.17964555000003],[-6.947118788999944,37.177710621000074],[-6.949584805999962,37.18177231100003],[-6.9468539339999325,37.179481760000044],[-6.946280987999955,37.18307263300005],[-6.945999513999936,37.18160334000004],[-6.94392587699997,37.18337001400005],[-6.944448884999929,37.181909801000074],[-6.938205746999927,37.18194541300005],[-6.9361446609999575,37.17867801400007],[-6.9335982039999635,37.177790145000074],[-6.939355571999954,37.182218514000056],[-6.945833458999971,37.18143580200007],[-6.946113699999955,37.17842388100007],[-6.944091752999952,37.178938713000036],[-6.94429020299998,37.180777695000074],[-6.945058822999954,37.17774484600005],[-6.937491252999962,37.17463598100005],[-6.939988022999955,37.178446489000066],[-6.93290826599997,37.17508069400003],[-6.930427165999959,37.17124546500003],[-6.93097866599993,37.17390094800004],[-6.927882537999949,37.17025591000004],[-6.922266167999965,37.168835373000036],[-6.927834666999956,37.17084685200007],[-6.931283113999939,37.17511839600007],[-6.929282524999962,37.17477460200007],[-6.910002619999943,37.15908694700005],[-6.918794477999938,37.16283269400003],[-6.92256804799996,37.16258054300005],[-6.9241603499999655,37.16328143800007],[-6.923810386999946,37.16481435800006],[-6.930457643999944,37.165646673000026],[-6.930208481999955,37.166756588000055],[-6.9362787119999325,37.16941635100005],[-6.937841984999977,37.172461551000026],[-6.943301285999951,37.174950495000076],[-6.945987455999955,37.175282827000046],[-6.9440214999999625,37.17224014900006],[-6.946136926999941,37.17218340200003],[-6.963633502999926,37.18825153100005],[-6.967696290999982,37.19896138100006],[-6.9764316659999395,37.20918982400008],[-6.985511294999981,37.22398212600007],[-6.996535170999948,37.22709640800008],[-7.002980027999968,37.231603386000074],[-7.000574967999967,37.230962833000035],[-6.99845320999998,37.23458982200003],[-6.994507630999976,37.235806525000044],[-6.99398240499994,37.23782913700006],[-6.990198541999973,37.24030864400004],[-6.987791481999977,37.247435223000025],[-6.983189430999971,37.248718315000076],[-6.988203483999939,37.25599182700006],[-6.986282634999952,37.25694847600005]],[[-6.986418598999933,37.24748603000006],[-6.988445983999952,37.24433533100006],[-6.986590604999947,37.244248551000055],[-6.988471521999941,37.24389907900007],[-6.989027933999978,37.24159425500005],[-6.985949815999959,37.243015555000056],[-6.987305411999955,37.241698840000026],[-6.986025687999927,37.241503117000036],[-6.9892931219999355,37.24102017800004],[-6.9873674659999665,37.24019648700005],[-6.9891375519999315,37.24044205700005],[-6.9889170969999554,37.239216283000076],[-6.986636242999964,37.23858884100008],[-6.98946884399993,37.239890184000046],[-6.989935813999978,37.23785654400007],[-6.990700277999963,37.23874827700007],[-6.992054499999938,37.23749219600006],[-6.990021874999968,37.23614358800006],[-6.992348582999966,37.237015195000026],[-6.991672291999976,37.23530576100006],[-6.992479972999945,37.236636936000025],[-6.995804462999956,37.233658483000056],[-6.993765669999959,37.23253714800006],[-6.994707722999976,37.23173040800003],[-6.996716111999945,37.233256168000025],[-6.998535301999937,37.230160160000025],[-6.99546870599994,37.230432816000075],[-6.998275332999981,37.22940668800004],[-6.992969559999949,37.22753874400007],[-6.994230373999926,37.22930503300006],[-6.992148032999978,37.23046679500004],[-6.99149689199993,37.22875924900006],[-6.992834387999949,37.22768430100007],[-6.988691403999951,37.227092191000054],[-6.98792315399993,37.22916143700007],[-6.989538115999949,37.22883225100003],[-6.990276055999971,37.23046536900006],[-6.988512693999951,37.229160731000036],[-6.98808440199997,37.23098560600005],[-6.992155474999947,37.233145679000074],[-6.989665288999959,37.23203307500006],[-6.9889041479999605,37.233596265000074],[-6.989563879999935,37.23197169000008],[-6.988052969999956,37.231484685000055],[-6.985615895999956,37.23384074400008],[-6.988631980999969,37.234683491000055],[-6.9860352629999625,37.234397098000045],[-6.988063354999952,37.23496208100005],[-6.987792811999952,37.23648768700008],[-6.986270598999965,37.234853161000046],[-6.986314064999931,37.23745390300007],[-6.985394633999931,37.23389864200004],[-6.985499250999965,37.23546564900005],[-6.983342225999934,37.23531411000005],[-6.984700296999961,37.23705589000008],[-6.982342020999965,37.23572690800006],[-6.983776889999945,37.234720982000056],[-6.981885826999928,37.23400959200006],[-6.984085384999958,37.234694416000025],[-6.986243509999952,37.23256597900007],[-6.98499706299998,37.23207074800007],[-6.987306611999941,37.23168715500003],[-6.986938147999979,37.22758439100005],[-6.984271546999935,37.22820470600004],[-6.981425386999945,37.23198920200008],[-6.982994272999974,37.23117486000007],[-6.981310962999942,37.23023759300003],[-6.985241377999955,37.22762942300005],[-6.98062097899998,37.22678166000003],[-6.986438049999947,37.22674020200003],[-6.983706312999971,37.22384694200008],[-6.982102463999979,37.225514298000064],[-6.983574091999969,37.224950025000055],[-6.982382874999928,37.22462193700005],[-6.98356453599996,37.22417366600007],[-6.982694415999958,37.22240181900003],[-6.97976842099996,37.223970946000065],[-6.982541595999976,37.222362102000034],[-6.981705810999927,37.22020616800006],[-6.977299878999929,37.222066676000054],[-6.97780950899994,37.22570181000003],[-6.976426061999973,37.22193428600008],[-6.981353595999963,37.219935675000045],[-6.981001327999934,37.21826962500006],[-6.977783612999929,37.219200476000026],[-6.98084603999996,37.21796627800006],[-6.976723481999954,37.21286863100005],[-6.97769405899993,37.21574568900007],[-6.97623638999994,37.212188973000025],[-6.97381672299997,37.214827025000034],[-6.974640697999973,37.21693747000006],[-6.973609789999955,37.21520962900007],[-6.970375611999941,37.21923656600006],[-6.971793719999937,37.22046751700003],[-6.97399076399995,37.21886702300003],[-6.972160337999981,37.22048511500003],[-6.973762591999957,37.221540911000034],[-6.970863258999941,37.22046845600005],[-6.972427859999925,37.22496655100008],[-6.974279809999928,37.22472531600005],[-6.972964205999972,37.22594500100007],[-6.9747890769999685,37.22556641700004],[-6.973162784999943,37.226287651000064],[-6.974236884999925,37.22840965100005],[-6.976423246999957,37.22852222600005],[-6.976705983999977,37.22994326700007],[-6.974258848999966,37.22870263900006],[-6.975201381999966,37.23233488100004],[-6.979638803999933,37.231808357000034],[-6.975678207999977,37.23203257400007],[-6.975479947999929,37.23519711300003],[-6.978010556999948,37.23431228800007],[-6.97662035999997,37.23531680800005],[-6.978808256999969,37.23568361000008],[-6.975393100999952,37.235362432000045],[-6.975545097999941,37.23658738300003],[-6.982035013999962,37.23884146700004],[-6.979895940999938,37.23862410500004],[-6.983493318999933,37.24090446900004],[-6.977912677999939,37.238058713000044],[-6.977449522999962,37.24039081900003],[-6.978196374999925,37.238549513000066],[-6.975277702999961,37.23703104600003],[-6.974034987999971,37.24106457600004],[-6.975647923999929,37.24180225400005],[-6.974023212999953,37.24183014600004],[-6.9775490629999695,37.24283445000003],[-6.974430499999926,37.24267750200005],[-6.979550806999953,37.24605478700005],[-6.980723922999971,37.24442914700006],[-6.983617137999943,37.24496201300008],[-6.979831827999931,37.246237060000055],[-6.981604084999958,37.24725230900003],[-6.985097583999959,37.246362883000074],[-6.982314647999942,37.24760748400007],[-6.986418598999933,37.24748603000006]],[[-6.987185995999937,37.22732625000003],[-6.987312203999977,37.22821709500005],[-6.9877866929999755,37.22712064700005],[-6.987185995999937,37.22732625000003]],[[-6.99218634999994,37.23682922300003],[-6.991843178999943,37.23694739000007],[-6.9921951249999665,37.23714019800008],[-6.99218634999994,37.23682922300003]],[[-6.990690573999927,37.23716584500005],[-6.990345626999954,37.23729866300005],[-6.9906361199999765,37.23746944900006],[-6.990690573999927,37.23716584500005]],[[-6.990464568999926,37.237179241000035],[-6.990637690999961,37.23706477700006],[-6.990115035999963,37.23683902500005],[-6.990464568999926,37.237179241000035]]],[[[-6.991887454999926,37.25916844600005],[-6.9881585179999774,37.25723958900005],[-6.9885749809999425,37.25618039300008],[-6.993844997999929,37.25868429800005],[-6.996771284999966,37.25724897300006],[-6.994328639999935,37.25905481800004],[-6.999944175999929,37.257823194000025],[-6.99435996699998,37.260091534000026],[-6.991887454999926,37.25916844600005]]],[[[-6.897080498999969,37.26566237500003],[-6.898250804999975,37.266240365000044],[-6.897531747999949,37.26822590300003],[-6.897080498999969,37.26566237500003]]],[[[-6.896781669999939,37.26826003200006],[-6.897166668999944,37.268550134000066],[-6.89679579899996,37.26912782900007],[-6.896781669999939,37.26826003200006]]],[[[-6.907671024999956,37.26893675900004],[-6.9077136049999694,37.26598022300004],[-6.909527096999966,37.26710398900008],[-6.907671024999956,37.26893675900004]]],[[[-6.920208979999927,37.26711177200008],[-6.922152358999938,37.265890298000045],[-6.925381645999948,37.26923883500007],[-6.922242091999976,37.27116641900005],[-6.919127197999956,37.26781779000004],[-6.920208979999927,37.26711177200008]]],[[[-6.992493395999929,37.260607580000055],[-6.994183198999963,37.260199741000065],[-6.986014890999968,37.269111456000076],[-6.992493395999929,37.260607580000055]]],[[[-6.900528985999927,37.27473877700004],[-6.898341282999979,37.27444563700004],[-6.903488932999949,37.27354018500006],[-6.900528985999927,37.27473877700004]]],[[[-6.943190695999931,37.274907007000024],[-6.942068884999969,37.272453100000064],[-6.945596450999972,37.27231401700004],[-6.943190695999931,37.274907007000024]]],[[[-6.85941274299995,37.27941733700004],[-6.857483682999941,37.279294340000035],[-6.860972361999927,37.276799922000066],[-6.85941274299995,37.27941733700004]]],[[[-6.869563091999964,37.27954929500004],[-6.869657185999927,37.27487668300006],[-6.871225491999951,37.27585851300006],[-6.872199523999939,37.27119077000003],[-6.873293172999979,37.27466704900007],[-6.869563091999964,37.27954929500004]]],[[[-6.893104577999964,37.28188178400006],[-6.891402712999934,37.282308804000024],[-6.8912308319999624,37.28070771900008],[-6.893104577999964,37.28188178400006]]],[[[-6.907763417999945,37.28104170700004],[-6.9093123399999286,37.27932539900007],[-6.908985197999925,37.27637461900008],[-6.914363790999971,37.280412014000035],[-6.912508043999935,37.28174743900007],[-6.9106569409999565,37.27999913600007],[-6.909375963999935,37.28228333800007],[-6.907763417999945,37.28104170700004]]],[[[-6.979478416999939,37.27115401800006],[-6.980288408999968,37.275561667000034],[-6.979081858999962,37.27832865500005],[-6.980154589999927,37.274758259000066],[-6.977674272999934,37.270348753000064],[-6.977889015999949,37.275555962000055],[-6.977144335999981,37.27375686200003],[-6.975833508999926,37.273830427000064],[-6.975848460999941,37.27599383900008],[-6.974899866999976,37.275011791000054],[-6.9772249839999745,37.27343717000008],[-6.9768091479999725,37.269609186000025],[-6.978463491999946,37.27116726400004],[-6.979463161999945,37.27024142100004],[-6.982287018999955,37.27590578500008],[-6.9818137359999355,37.27954300000005],[-6.979879523999955,37.28142277300003],[-6.981996328999969,37.276665656000034],[-6.979478416999939,37.27115401800006]]],[[[-6.950256966999973,37.28208364900007],[-6.950939945999949,37.28084197800007],[-6.950159782999947,37.28251689500007],[-6.950256966999973,37.28208364900007]]],[[[-6.85515862099993,37.28323020300007],[-6.862376407999932,37.27844182700005],[-6.865056746999926,37.27427988800008],[-6.867774094999959,37.27361171200005],[-6.857700617999967,37.28424974300003],[-6.861887503999981,37.27969761500003],[-6.856822460999979,37.28139026200006],[-6.8505023579999715,37.28659581200003],[-6.85515862099993,37.28323020300007]]],[[[-6.861897979999981,37.28659057300007],[-6.859142278999968,37.28462951700004],[-6.860699508999971,37.282979297000054],[-6.861087856999973,37.28424250300003],[-6.863994418999937,37.28352025100003],[-6.865620649999926,37.28132879800006],[-6.865343731999928,37.28346488200003],[-6.869736829999965,37.280629642000065],[-6.865742793999971,37.286142486000074],[-6.861897979999981,37.28659057300007]]],[[[-6.974694253999928,37.28964413800003],[-6.9748686909999265,37.289956492000044],[-6.974558643999956,37.29035478600008],[-6.974694253999928,37.28964413800003]]],[[[-6.868417607999959,37.29242390600007],[-6.869884221999939,37.291305658000056],[-6.8665658909999365,37.29433646800004],[-6.868417607999959,37.29242390600007]]],[[[-6.92858518099996,37.29282229100005],[-6.928255761999935,37.289001013000075],[-6.9328085879999435,37.287658813000064],[-6.929988371999968,37.293691581000076],[-6.92858518099996,37.29282229100005]]],[[[-6.863822991999939,37.29668462400008],[-6.865540715999941,37.29645661400008],[-6.863429477999944,37.29772742100005],[-6.863822991999939,37.29668462400008]]],[[[-6.857355071999962,37.29829796400003],[-6.856051807999961,37.297297677000074],[-6.857077226999934,37.29464207500007],[-6.86591169999997,37.28858648900007],[-6.8564371419999475,37.28764866900008],[-6.865839894999965,37.28837338200003],[-6.873929286999953,37.27525472600007],[-6.8752890759999445,37.268231436000065],[-6.878784978999931,37.26495372900007],[-6.8790473669999415,37.26623674500007],[-6.881025321999971,37.26564010300007],[-6.889639556999953,37.25493425800005],[-6.879207298999972,37.26343479600007],[-6.878426263999927,37.26199833900006],[-6.890447238999968,37.25182940800005],[-6.89697528399995,37.248674926000035],[-6.9001808139999525,37.25036118700007],[-6.891701015999956,37.25875575400005],[-6.898810966999974,37.26006944400007],[-6.898604275999958,37.26230078700007],[-6.893918450999934,37.26376964000008],[-6.898618643999953,37.26587933700006],[-6.897423637999964,37.26967775300005],[-6.902580976999957,37.27049439100006],[-6.90280986099998,37.26884955700007],[-6.903851454999938,37.27009133800004],[-6.90151495799995,37.27215812500003],[-6.902436405999936,37.27057013700005],[-6.898599020999939,37.27022459900007],[-6.899838458999966,37.27235097800008],[-6.898196815999938,37.27476183300007],[-6.8997234979999575,37.272154553000064],[-6.896763860999954,37.268151302000035],[-6.898484674999963,37.26622393200006],[-6.89366234299996,37.263614103000066],[-6.898485338999933,37.262072819000025],[-6.898559524999939,37.260264318000054],[-6.890859271999943,37.25953138800003],[-6.886630879999927,37.27270168500007],[-6.8888435839999715,37.28066370300007],[-6.8905325309999625,37.28165601000006],[-6.888755044999925,37.28074430500004],[-6.885703382999964,37.282953845000065],[-6.891683007999973,37.286477459000025],[-6.885763094999959,37.28733905100006],[-6.883315675999938,37.28966584400007],[-6.883904667999957,37.291402841000036],[-6.886822136999967,37.290083684000024],[-6.891700362999927,37.29205394200005],[-6.892718786999978,37.29514850900006],[-6.890208487999928,37.29472653000005],[-6.887321039999961,37.29680082500005],[-6.8923932969999555,37.29722249300005],[-6.88806804799998,37.29752942400006],[-6.881306110999958,37.292639688000065],[-6.882536870999957,37.274805757000024],[-6.881964601999925,37.27354388900005],[-6.878655287999948,37.27351334200006],[-6.869231600999967,37.289331368000035],[-6.862465320999945,37.296445746000074],[-6.857355071999962,37.29829796400003]],[[-6.864713233999964,37.29229458800006],[-6.860651068999971,37.29370650200008],[-6.857462454999961,37.29813360900005],[-6.862511274999974,37.29561670800007],[-6.864713233999964,37.29229458800006]],[[-6.860336208999968,37.293660455000065],[-6.858529175999934,37.294710775000055],[-6.857686527999931,37.29652832200003],[-6.860336208999968,37.293660455000065]],[[-6.879953237999928,37.27382098000004],[-6.881857930999956,37.27308822200007],[-6.880510541999968,37.269864400000074],[-6.878898417999949,37.27312791300005],[-6.879953237999928,37.27382098000004]],[[-6.882390528999963,37.27273190300008],[-6.883302933999971,37.27549119400004],[-6.881397068999945,37.29198307300004],[-6.88707435699996,37.296646785000064],[-6.890118617999974,37.29463398000007],[-6.892126575999953,37.29538077500007],[-6.891353454999944,37.29207449300003],[-6.8869139499999505,37.29027903200006],[-6.88431998599998,37.29163241900005],[-6.883005913999966,37.29072577100004],[-6.885432256999934,37.287176533000036],[-6.89122049599996,37.28627712600007],[-6.885060791999933,37.283246475000055],[-6.887393042999975,37.279253736000044],[-6.885782906999964,37.272566709000046],[-6.88726464399997,37.264497608000056],[-6.8825370349999275,37.26895149500007],[-6.882390528999963,37.27273190300008]],[[-6.880769248999968,37.26595134200005],[-6.878901206999956,37.266730239000026],[-6.878424520999943,37.26961778700007],[-6.880769248999968,37.26595134200005]],[[-6.887031860999969,37.281609324000044],[-6.888587560999952,37.28060555300004],[-6.888207483999963,37.27931110600008],[-6.887031860999969,37.281609324000044]],[[-6.885312429999942,37.29554163900008],[-6.885098482999979,37.29549982700007],[-6.887112763999937,37.296804259000055],[-6.885312429999942,37.29554163900008]]],[[[-6.938965578999955,37.29618265800008],[-6.939442437999958,37.294389039000066],[-6.942336221999938,37.29457606700004],[-6.94180393299996,37.296888050000064],[-6.938965578999955,37.29618265800008]]],[[[-6.925080775999959,37.30069038100004],[-6.923802913999964,37.30022016100003],[-6.9248898569999255,37.29872402600006],[-6.92662315299998,37.29942343100004],[-6.925080775999959,37.30069038100004]]],[[[-6.967066133999936,37.30675340300007],[-6.9673429729999725,37.30734773800003],[-6.966902158999972,37.30719878900004],[-6.967066133999936,37.30675340300007]]],[[[-6.968531870999925,37.308535077000045],[-6.966976594999949,37.30793231500007],[-6.968480996999972,37.30804394300003],[-6.968531870999925,37.308535077000045]]],[[[-6.964006065999968,37.31068963700005],[-6.964626547999956,37.31090984700006],[-6.964268254999979,37.311043994000045],[-6.964006065999968,37.31068963700005]]],[[[-6.905343991999928,37.31504448100003],[-6.905876601999978,37.31456606900008],[-6.906197781999936,37.31479497000004],[-6.905343991999928,37.31504448100003]]],[[[-6.955194495999933,37.316084775000036],[-6.953705839999941,37.31531621800008],[-6.955547872999944,37.31531341500005],[-6.955826609999974,37.317086569000026],[-6.955194495999933,37.316084775000036]]],[[[-6.879816490999929,37.320868543000074],[-6.879302742999926,37.316247858000054],[-6.88647216499993,37.31550592100007],[-6.885980693999954,37.321532224000066],[-6.879816490999929,37.320868543000074]]],[[[-6.956391676999942,37.32018641800005],[-6.956936002999953,37.31747276800007],[-6.95824102499995,37.318092411000066],[-6.956391676999942,37.32018641800005]]],[[[-6.951123523999968,37.33344833600006],[-6.9525753159999795,37.33301766200003],[-6.9510983959999635,37.331056009000065],[-6.953757227999972,37.33293353100004],[-6.952104499999962,37.33267312500004],[-6.951922635999949,37.33496508700006],[-6.951123523999968,37.33344833600006]]]]}},{"type":"Feature","properties":{"ClaseSuelo":"SUELO NO URBANIZABLE","NuclRural":"0","AreaLamber":9813.48012224,"Shape_STAr":0.00994924989484},"geometry":{"type":"MultiPolygon","coordinates":[[[[-6.922553178999976,37.34347083000006],[-6.910021621999931,37.324124812000036],[-6.90981186099998,37.32123630700005],[-6.896317394999926,37.31491906600007],[-6.884867837999934,37.31266819600006],[-6.884129045999941,37.31141391400007],[-6.89193460599995,37.30872825900008],[-6.8958183679999365,37.30937402600006],[-6.894516731999943,37.30739999600007],[-6.90121179199997,37.30212955600007],[-6.911721156999931,37.28578406200006],[-6.919270524999945,37.27923162600007],[-6.921095410999953,37.28079265700006],[-6.923239120999938,37.27989355100004],[-6.9272762559999705,37.28297121400004],[-6.945654136999963,37.284791996000024],[-6.9505217299999345,37.28235636200003],[-6.953943806999973,37.27623390300005],[-6.9565503119999335,37.27602710000008],[-6.945710602999952,37.29177015300007],[-6.946129786999961,37.296275507000075],[-6.947235741999975,37.29301164800006],[-6.945789109999964,37.29173845300005],[-6.947650873999976,37.288013369000055],[-6.954139571999974,37.28050157900003],[-6.953390129999946,37.286088525000025],[-6.954438823999965,37.294202562000066],[-6.9556190819999415,37.291673229000025],[-6.955052730999967,37.29404066700005],[-6.948637468999948,37.29745652500003],[-6.943349371999943,37.30735167300003],[-6.94416201699994,37.31336784400003],[-6.947052290999977,37.31556048700003],[-6.947976573999938,37.32773641700004],[-6.949722221999934,37.32993165700003],[-6.953985883999962,37.32975652300007],[-6.9557642289999535,37.33132322500006],[-6.952264722999928,37.33462327800004],[-6.952104499999962,37.33267312500004],[-6.953731776999973,37.33285063100004],[-6.9510983959999635,37.331056009000065],[-6.9525753159999795,37.33301766200003],[-6.950721204999979,37.33295278500003],[-6.951922635999949,37.33496508700006],[-6.950588048999975,37.33629794800004],[-6.949583745999973,37.33407461300004],[-6.94790095299993,37.33478439700008],[-6.9494183929999735,37.33746564200004],[-6.946680628999957,37.34021112100004],[-6.942953255999953,37.34120932500008],[-6.9343885909999585,37.33924268800007],[-6.932703918999948,37.342415602000074],[-6.930660101999933,37.34303309400008],[-6.930404282999973,37.34850960000006],[-6.928910584999926,37.35000825800006],[-6.922553178999976,37.34347083000006]],[[-6.931403468999974,37.339773054000034],[-6.931714190999969,37.33472145400003],[-6.927709927999956,37.336045298000045],[-6.927793918999953,37.33743504300003],[-6.931347660999961,37.33815621800005],[-6.931403468999974,37.339773054000034]],[[-6.927776876999928,37.337675055000034],[-6.927624721999962,37.33637702300007],[-6.924309553999933,37.335660173000065],[-6.923958821999975,37.337296381000044],[-6.927776876999928,37.337675055000034]],[[-6.927821635999976,37.33419503400006],[-6.92886679999998,37.333138105000046],[-6.927048440999954,37.33116400200004],[-6.927821635999976,37.33419503400006]],[[-6.92941497399994,37.33219223700007],[-6.930992161999939,37.332767914000044],[-6.930086587999938,37.33112542900005],[-6.932754692999936,37.32973010000006],[-6.932016096999973,37.32855655900005],[-6.928068110999959,37.33124981800006],[-6.92941497399994,37.33219223700007]],[[-6.946861182999953,37.33030107700006],[-6.947624016999953,37.33262090000005],[-6.948749943999928,37.33224816500007],[-6.946861182999953,37.33030107700006]],[[-6.933682629999964,37.33138471600006],[-6.931592428999977,37.332365511000035],[-6.932797214999937,37.33386506900007],[-6.933988443999965,37.333940737000034],[-6.933682629999964,37.33138471600006]],[[-6.906922795999947,37.316502462000074],[-6.908153049999953,37.31613611300003],[-6.905898449999938,37.31448481500007],[-6.903625085999977,37.315865803000065],[-6.905151011999976,37.31722971800008],[-6.9065689669999415,37.31637477100003],[-6.90668508899995,37.31766936400004],[-6.906922795999947,37.316502462000074]],[[-6.896511908999969,37.31174000200008],[-6.89841389999998,37.31134241400008],[-6.896018080999966,37.30928972900006],[-6.896511908999969,37.31174000200008]],[[-6.92662315299998,37.29942343100004],[-6.9248898569999255,37.29872402600006],[-6.92387191499995,37.30065697200007],[-6.92662315299998,37.29942343100004]],[[-6.9419412699999725,37.296713616000034],[-6.942336221999938,37.29457606700004],[-6.939442437999958,37.294389039000066],[-6.938965578999955,37.29618265800008],[-6.9419412699999725,37.296713616000034]],[[-6.929988371999968,37.293691581000076],[-6.9328085879999435,37.287658813000064],[-6.927846484999975,37.28967345800004],[-6.927838761999965,37.29185881500007],[-6.929988371999968,37.293691581000076]],[[-6.943706316999965,37.28932133400008],[-6.945110878999969,37.28901329300004],[-6.945709488999967,37.28513289700004],[-6.943706316999965,37.28932133400008]]],[[[-6.922884347999968,37.16281355800004],[-6.918794477999938,37.16283269400003],[-6.899399071999937,37.154179971000076],[-6.900125302999925,37.15520973400004],[-6.89404292699993,37.15022516000005],[-6.898401670999931,37.15181909300003],[-6.8892713199999775,37.146361943000045],[-6.850024019999978,37.127988267000035],[-6.839478833999976,37.11940261800004],[-6.831822436999971,37.107963324000025],[-6.840045497999938,37.119271870000034],[-6.8513077749999525,37.128159323000034],[-6.918528166999977,37.15864070400005],[-6.924537993999934,37.162439266000035],[-6.922884347999968,37.16281355800004]]],[[[-6.937841984999977,37.172461551000026],[-6.9362787119999325,37.16941635100005],[-6.930208481999955,37.166756588000055],[-6.930457643999944,37.165646673000026],[-6.936576259999981,37.16639428700006],[-6.941259637999963,37.17221612900005],[-6.9440214999999625,37.17224014900006],[-6.946028490999936,37.175214769000036],[-6.937841984999977,37.172461551000026]]],[[[-6.932313843999964,37.220428937000065],[-6.9310591579999254,37.22161239700006],[-6.9334040139999615,37.22412491400007],[-6.930642188999968,37.222195131000035],[-6.932313843999964,37.220428937000065]]],[[[-6.930044537999947,37.22288019400003],[-6.933361970999954,37.224186495000026],[-6.932999133999942,37.22471795000007],[-6.930044537999947,37.22288019400003]]],[[[-6.98720407199994,37.22728075400005],[-6.98781182099998,37.22724653800003],[-6.987312203999977,37.22821709500005],[-6.98720407199994,37.22728075400005]]],[[[-6.992056350999974,37.236940197000024],[-6.991849018999972,37.23680869900005],[-6.9921951249999665,37.23714019800008],[-6.992056350999974,37.236940197000024]]],[[[-6.990239540999937,37.23709857600005],[-6.990115035999963,37.23683902500005],[-6.990643292999948,37.23709853200006],[-6.990239540999937,37.23709857600005]]],[[[-6.990610063999952,37.23716075400006],[-6.990616081999974,37.237475895000046],[-6.990345626999954,37.23729866300005],[-6.990610063999952,37.23716075400006]]],[[[-6.926874752999936,37.24575796700003],[-6.9246051239999815,37.23938603900007],[-6.921091429999933,37.236583016000054],[-6.920815046999962,37.233397430000025],[-6.9286508489999505,37.22464343100006],[-6.921747208999932,37.23531489000004],[-6.925675241999954,37.240000346000045],[-6.927572857999962,37.24553503800007],[-6.935506812999961,37.245251809000024],[-6.926874752999936,37.24575796700003]]],[[[-6.934502256999963,37.24697795800006],[-6.933197532999941,37.24580567500004],[-6.9398863539999525,37.24453360500007],[-6.938663255999927,37.24872156200007],[-6.934502256999963,37.24697795800006]]],[[[-6.98225305099993,37.24756759300004],[-6.985097583999959,37.246362883000074],[-6.981604084999958,37.24725230900003],[-6.979831827999931,37.246237060000055],[-6.983617137999943,37.24496201300008],[-6.980723922999971,37.24442914700006],[-6.979470212999956,37.24602797800003],[-6.974430499999926,37.24267750200005],[-6.9775490629999695,37.24283445000003],[-6.974003052999933,37.24171744800003],[-6.975647923999929,37.24180225400005],[-6.974034987999971,37.24106457600004],[-6.975277702999961,37.23703104600003],[-6.978196374999925,37.238549513000066],[-6.977449522999962,37.24039081900003],[-6.977912677999939,37.238058713000044],[-6.983493318999933,37.24090446900004],[-6.979895940999938,37.23862410500004],[-6.982035013999962,37.23884146700004],[-6.975545097999941,37.23658738300003],[-6.975393100999952,37.235362432000045],[-6.978808256999969,37.23568361000008],[-6.97662035999997,37.23531680800005],[-6.978010556999948,37.23431228800007],[-6.975479947999929,37.23519711300003],[-6.975678207999977,37.23203257400007],[-6.979638803999933,37.231808357000034],[-6.975201381999966,37.23233488100004],[-6.974258848999966,37.22870263900006],[-6.976705983999977,37.22994326700007],[-6.976423246999957,37.22852222600005],[-6.974236884999925,37.22840965100005],[-6.973162784999943,37.226287651000064],[-6.9747890769999685,37.22556641700004],[-6.972964205999972,37.22594500100007],[-6.974279809999928,37.22472531600005],[-6.972427859999925,37.22496655100008],[-6.970863258999941,37.22046845600005],[-6.973762591999957,37.221540911000034],[-6.972160337999981,37.22048511500003],[-6.97399076399995,37.21886702300003],[-6.971793719999937,37.22046751700003],[-6.970375611999941,37.21923656600006],[-6.973609789999955,37.21520962900007],[-6.974640697999973,37.21693747000006],[-6.97381672299997,37.214827025000034],[-6.97623638999994,37.212188973000025],[-6.97769405899993,37.21574568900007],[-6.976723481999954,37.21286863100005],[-6.98084603999996,37.21796627800006],[-6.977783612999929,37.219200476000026],[-6.981001327999934,37.21826962500006],[-6.981353595999963,37.219935675000045],[-6.976426061999973,37.22193428600008],[-6.97780950899994,37.22570181000003],[-6.977299878999929,37.222066676000054],[-6.981705810999927,37.22020616800006],[-6.982541595999976,37.222362102000034],[-6.97976842099996,37.223970946000065],[-6.982694415999958,37.22240181900003],[-6.98356453599996,37.22417366600007],[-6.982382874999928,37.22462193700005],[-6.983574091999969,37.224950025000055],[-6.982102463999979,37.225514298000064],[-6.983706312999971,37.22384694200008],[-6.986438049999947,37.22674020200003],[-6.98062097899998,37.22678166000003],[-6.985241377999955,37.22762942300005],[-6.981310962999942,37.23023759300003],[-6.982994272999974,37.23117486000007],[-6.981425386999945,37.23198920200008],[-6.984271546999935,37.22820470600004],[-6.986938147999979,37.22758439100005],[-6.987306611999941,37.23168715500003],[-6.98499706299998,37.23207074800007],[-6.986243509999952,37.23256597900007],[-6.984085384999958,37.234694416000025],[-6.981885826999928,37.23400959200006],[-6.983776889999945,37.234720982000056],[-6.982342020999965,37.23572690800006],[-6.984700296999961,37.23705589000008],[-6.983342225999934,37.23531411000005],[-6.985499250999965,37.23546564900005],[-6.985394633999931,37.23389864200004],[-6.986314064999931,37.23745390300007],[-6.986270598999965,37.234853161000046],[-6.987792811999952,37.23648768700008],[-6.988063354999952,37.23496208100005],[-6.9860352629999625,37.234397098000045],[-6.988631980999969,37.234683491000055],[-6.985615895999956,37.23384074400008],[-6.988052969999956,37.231484685000055],[-6.989563879999935,37.23197169000008],[-6.9889041479999605,37.233596265000074],[-6.989665288999959,37.23203307500006],[-6.992155474999947,37.233145679000074],[-6.98808440199997,37.23098560600005],[-6.988512693999951,37.229160731000036],[-6.990276055999971,37.23046536900006],[-6.989538115999949,37.22883225100003],[-6.98792315399993,37.22916143700007],[-6.988691403999951,37.227092191000054],[-6.992834387999949,37.22768430100007],[-6.99149689199993,37.22875924900006],[-6.992148032999978,37.23046679500004],[-6.994230373999926,37.22930503300006],[-6.992969559999949,37.22753874400007],[-6.998275332999981,37.22940668800004],[-6.99546870599994,37.230432816000075],[-6.998535301999937,37.230160160000025],[-6.996716111999945,37.233256168000025],[-6.994707722999976,37.23173040800003],[-6.993765669999959,37.23253714800006],[-6.995804462999956,37.233658483000056],[-6.992479972999945,37.236636936000025],[-6.991672291999976,37.23530576100006],[-6.992348582999966,37.237015195000026],[-6.990021874999968,37.23614358800006],[-6.992054499999938,37.23749219600006],[-6.990700277999963,37.23874827700007],[-6.989935813999978,37.23785654400007],[-6.98946884399993,37.239890184000046],[-6.986636242999964,37.23858884100008],[-6.989296412999977,37.240106738000065],[-6.9873674659999665,37.24019648700005],[-6.9891350009999655,37.24138921000008],[-6.986025687999927,37.241503117000036],[-6.987305411999955,37.241698840000026],[-6.985949815999959,37.243015555000056],[-6.989027933999978,37.24159425500005],[-6.988471521999941,37.24389907900007],[-6.986590604999947,37.244248551000055],[-6.9884440479999625,37.24418257200006],[-6.987082043999976,37.24702652900004],[-6.98225305099993,37.24756759300004]]],[[[-6.938327981999976,37.25165198500008],[-6.935267615999976,37.25133582300003],[-6.940471997999964,37.24881292300006],[-6.94213240199997,37.24415993400004],[-6.944864417999952,37.243624701000044],[-6.944414439999946,37.24984799200007],[-6.941321589999973,37.249180257000035],[-6.942277811999929,37.25116275900007],[-6.938327981999976,37.25165198500008]],[[-6.939176323999959,37.25154777200004],[-6.942203805999952,37.25063711700005],[-6.940327494999963,37.249762528000076],[-6.938088200999971,37.25128729800008],[-6.939176323999959,37.25154777200004]]],[[[-6.889008176999937,37.254736474000026],[-6.889652031999958,37.25613390700005],[-6.887756796999952,37.258730703000026],[-6.8790473669999415,37.26623674500007],[-6.879694896999979,37.262740773000075],[-6.889008176999937,37.254736474000026]]],[[[-6.972305398999936,37.26403933600005],[-6.973227687999952,37.264260593000074],[-6.972763897999926,37.264687664000064],[-6.972305398999936,37.26403933600005]]],[[[-6.9712426179999625,37.264806143000044],[-6.972299264999947,37.26511532400008],[-6.9719174559999715,37.265465136000046],[-6.9712426179999625,37.264806143000044]]],[[[-6.967745795999974,37.26635860500005],[-6.968503319999968,37.26462110800003],[-6.970972198999959,37.26615713500007],[-6.967745795999974,37.26635860500005]]],[[[-6.880280013999936,37.26600614300003],[-6.878424520999943,37.26961778700007],[-6.878901206999956,37.266730239000026],[-6.880280013999936,37.26600614300003]]],[[[-6.985889566999958,37.26914919800004],[-6.982378909999966,37.26869864300005],[-6.969989805999944,37.26037238600003],[-6.965845311999942,37.25329345100005],[-6.967885064999962,37.25044599300003],[-6.965223934999926,37.25189027300007],[-6.96334077299997,37.24787486200006],[-6.961017586999958,37.22317056700007],[-6.957874597999933,37.21615216200007],[-6.961907100999952,37.215931528000056],[-6.963596149999944,37.217914387000064],[-6.96585779399993,37.21428827700004],[-6.960402797999961,37.21321711200005],[-6.9622468019999815,37.21207864100006],[-6.964724697999941,37.21331493100007],[-6.962333838999939,37.21197152800005],[-6.964607002999969,37.210860910000065],[-6.962822477999964,37.21137859000004],[-6.962384007999958,37.21001956900005],[-6.962719557999947,37.211534863000054],[-6.95980515399998,37.21263333200005],[-6.96003454199996,37.21148408400006],[-6.959299387999977,37.212415228000054],[-6.9520294139999805,37.209674661000065],[-6.9465827899999795,37.20556106200007],[-6.94373832499997,37.20223695100003],[-6.937341991999972,37.18557446800003],[-6.921848445999956,37.17188164700008],[-6.924191983999947,37.171175247000065],[-6.927540740999973,37.17381770600008],[-6.923842337999929,37.170847895000065],[-6.920614513999965,37.17108284500006],[-6.921136991999958,37.170145852000076],[-6.917133999999976,37.167837091000024],[-6.915609266999979,37.16420903300008],[-6.919428402999927,37.16588333400006],[-6.929282524999962,37.17477460200007],[-6.931283113999939,37.17511839600007],[-6.927834666999956,37.17084685200007],[-6.922266167999965,37.168835373000036],[-6.927882537999949,37.17025591000004],[-6.93097866599993,37.17390094800004],[-6.930427165999959,37.17124546500003],[-6.93290826599997,37.17508069400003],[-6.939988022999955,37.178446489000066],[-6.937491252999962,37.17463598100005],[-6.945058822999954,37.17774484600005],[-6.94429020299998,37.180777695000074],[-6.944091752999952,37.178938713000036],[-6.946113699999955,37.17842388100007],[-6.945833458999971,37.18143580200007],[-6.939355571999954,37.182218514000056],[-6.9335982039999635,37.177790145000074],[-6.938841039999943,37.18225913400005],[-6.944448884999929,37.181909801000074],[-6.94392587699997,37.18337001400005],[-6.945999513999936,37.18160334000004],[-6.946280987999955,37.18307263300005],[-6.9468539339999325,37.179481760000044],[-6.949584805999962,37.18177231100003],[-6.947118788999944,37.177710621000074],[-6.950656991999949,37.17964555000003],[-6.9503238179999585,37.18108326500004],[-6.9510683859999745,37.179994977000035],[-6.955178558999933,37.18300859000004],[-6.949507675999939,37.183110689000046],[-6.947848674999932,37.18499661200008],[-6.949621175999937,37.183208249000074],[-6.9569861649999325,37.18426796400007],[-6.954104367999946,37.18550914600007],[-6.957507503999977,37.18464298200007],[-6.959135054999933,37.186573477000024],[-6.958248396999977,37.18875821100005],[-6.955119431999947,37.18796734800003],[-6.95588440399996,37.188683053000034],[-6.95395104499994,37.18981405400007],[-6.952845259999947,37.18729895400003],[-6.951585375999969,37.18752619000003],[-6.953371809999965,37.18815578500005],[-6.953119038999944,37.18963810400004],[-6.956539487999976,37.188435739000056],[-6.955862923999973,37.18993587400007],[-6.957845195999937,37.189087630000074],[-6.959020651999936,37.19094235100005],[-6.957976343999974,37.18925677400006],[-6.959293912999954,37.18722603100008],[-6.960784261999947,37.18992297300008],[-6.959719489999941,37.18648070100005],[-6.961261011999966,37.188855353000065],[-6.9607609229999525,37.19244402100003],[-6.974262764999935,37.20916977100006],[-6.970581987999935,37.21697533200006],[-6.967158849999976,37.21642394100007],[-6.965952352999977,37.21430551100008],[-6.963670448999949,37.21795855100004],[-6.96525662199997,37.217666646000055],[-6.966072636999968,37.21934231700004],[-6.96253037799994,37.22044571600003],[-6.9637079279999625,37.22179282500008],[-6.963758270999961,37.21995813600006],[-6.966784420999943,37.22283312600007],[-6.964840375999927,37.22075581400003],[-6.966179765999925,37.21950543400004],[-6.9729085389999454,37.23215423600004],[-6.969925314999955,37.243333859000074],[-6.970733709999934,37.24253400500004],[-6.9700954209999395,37.24424015000005],[-6.9711617619999515,37.24364087500004],[-6.972119128999964,37.24534462500003],[-6.9697320669999385,37.24703552400007],[-6.968289314999936,37.251227193000034],[-6.970800679999968,37.246948616000054],[-6.97514438099995,37.24643643400003],[-6.981522057999939,37.24962134300006],[-6.986328420999939,37.25728132900008],[-6.987553711999965,37.25700238700006],[-6.988190549999956,37.255960678000065],[-6.983189430999971,37.248718315000076],[-6.987791481999977,37.247435223000025],[-6.990198541999973,37.24030864400004],[-6.9951189699999645,37.23534319300006],[-6.998807420999981,37.23430411700008],[-7.000574967999967,37.230962833000035],[-7.005267121999964,37.23244019800006],[-7.00329408999994,37.235278435000055],[-6.996937579999951,37.238989581000055],[-6.988190176999979,37.25012665400004],[-6.988414294999927,37.255849701000045],[-6.988303508999934,37.250130511000066],[-6.9970088279999345,37.239065663000076],[-7.005146976999981,37.23304705800007],[-6.999944175999929,37.257823194000025],[-6.994328639999935,37.25905481800004],[-6.996771284999966,37.25724897300006],[-6.993844997999929,37.25868429800005],[-6.9885749809999425,37.25618039300008],[-6.9881585179999774,37.25723958900005],[-6.99435996699998,37.260091534000026],[-6.992493395999929,37.260607580000055],[-6.985889566999958,37.26914919800004]],[[-6.998665579999965,37.25534420900004],[-7.000186009999936,37.25414465000006],[-6.9985043359999395,37.25361849700005],[-6.998665579999965,37.25534420900004]],[[-6.968542344999946,37.25428834300004],[-6.968589558999952,37.255652342000076],[-6.970027223999978,37.25596520400006],[-6.968542344999946,37.25428834300004]]],[[[-6.880249011999979,37.27020954300008],[-6.881857930999956,37.27308822200007],[-6.879548948999968,37.27379979600005],[-6.880249011999979,37.27020954300008]]],[[[-6.865719120999927,37.27411702200004],[-6.866933109999934,37.27381851200005],[-6.865637268999933,37.27482643700006],[-6.865719120999927,37.27411702200004]]],[[[-6.953582448999953,37.27614694600004],[-6.956603743999949,37.27008860800004],[-6.961866791999967,37.26995438300003],[-6.95725859099997,37.27606014700007],[-6.953582448999953,37.27614694600004]]],[[[-6.8881189239999685,37.27954635000003],[-6.888257572999976,37.28120344100006],[-6.88693455899994,37.28155937500003],[-6.8881189239999685,37.27954635000003]]],[[[-6.97072210999994,37.277552710000066],[-6.972123599999975,37.27887681000004],[-6.971962719999965,37.28048674100006],[-6.97072210999994,37.277552710000066]]],[[[-6.854049873999941,37.280830164000065],[-6.865056746999926,37.27427988800008],[-6.861652633999938,37.27906604000003],[-6.8504662459999395,37.28632305000008],[-6.850560344999963,37.28336711800006],[-6.854049873999941,37.280830164000065]],[[-6.859426166999981,37.27964128200006],[-6.860972361999927,37.276799922000066],[-6.857810339999958,37.27841143400008],[-6.859426166999981,37.27964128200006]]],[[[-6.95594787899995,37.28071750000004],[-6.95582464499995,37.28318909600006],[-6.953951969999935,37.28567612400008],[-6.95594787899995,37.28071750000004]]],[[[-6.967212054999948,37.28622806200008],[-6.966403560999936,37.27569744300007],[-6.969872194999937,37.280996422000044],[-6.969562948999965,37.284348832000035],[-6.967212054999948,37.28622806200008]]],[[[-6.956922849999955,37.28176298500006],[-6.958244891999925,37.27793371100006],[-6.95838733599993,37.28134526600007],[-6.958320547999961,37.27780299700004],[-6.960513078999952,37.27577850600005],[-6.9559990719999405,37.290026957000066],[-6.954613498999947,37.28626580900004],[-6.956922849999955,37.28176298500006]]],[[[-6.954987708999965,37.290398555000024],[-6.954858023999975,37.28863635000005],[-6.9564127009999766,37.28971218600003],[-6.955779477999954,37.29129070100004],[-6.954987708999965,37.290398555000024]]],[[[-6.860227902999952,37.29365342600005],[-6.857686527999931,37.29652832200003],[-6.858529175999934,37.294710775000055],[-6.860227902999952,37.29365342600005]]],[[[-6.851299299999937,37.29055886800006],[-6.851136575999931,37.28600955200005],[-6.856822460999979,37.28139026200006],[-6.861887503999981,37.27969761500003],[-6.857700617999967,37.28424974300003],[-6.867774094999959,37.27361171200005],[-6.871912047999956,37.271626078000054],[-6.871225491999951,37.27585851300006],[-6.869657185999927,37.27487668300006],[-6.869706823999934,37.27993021200007],[-6.873293172999979,37.27466704900007],[-6.871576007999977,37.271460267000066],[-6.8752890759999445,37.268231436000065],[-6.873929286999953,37.27525472600007],[-6.865839894999965,37.28837338200003],[-6.8564371419999475,37.28764866900008],[-6.859245441999974,37.28697864600008],[-6.865436884999951,37.28941209200008],[-6.857077226999934,37.29464207500007],[-6.856051807999961,37.297297677000074],[-6.851299299999937,37.29055886800006]],[[-6.862019378999946,37.28660800600005],[-6.865742793999971,37.286142486000074],[-6.869736829999965,37.280629642000065],[-6.865343731999928,37.28346488200003],[-6.865620649999926,37.28132879800006],[-6.863994418999937,37.28352025100003],[-6.861087856999973,37.28424250300003],[-6.860699508999971,37.282979297000054],[-6.859142278999968,37.28462951700004],[-6.862019378999946,37.28660800600005]]],[[[-6.885764232999975,37.29504011600005],[-6.8830513239999505,37.294621189000054],[-6.881304719999946,37.29165205900006],[-6.883302933999971,37.27549119400004],[-6.88208057099996,37.27051682700005],[-6.88726464399997,37.264497608000056],[-6.885782906999964,37.272566709000046],[-6.887393042999975,37.279253736000044],[-6.885060791999933,37.283246475000055],[-6.89122049599996,37.28627712600007],[-6.885432256999934,37.287176533000036],[-6.883005913999966,37.29072577100004],[-6.88431998599998,37.29163241900005],[-6.887313722999977,37.290410672000064],[-6.891559805999975,37.29220201900006],[-6.89285306499994,37.29471319100003],[-6.887150683999948,37.296660847000055],[-6.885764232999975,37.29504011600005]]],[[[-6.885098482999979,37.29549982700007],[-6.886174986999947,37.29602046600007],[-6.887112763999937,37.296804259000055],[-6.885098482999979,37.29549982700007]]],[[[-6.864603749999958,37.29232049800004],[-6.862511274999974,37.29561670800007],[-6.857462454999961,37.29813360900005],[-6.860651068999971,37.29370650200008],[-6.864603749999958,37.29232049800004]]],[[[-6.973282961999928,37.291022535000025],[-6.972172573999956,37.28691195000005],[-6.973509545999946,37.279789261000076],[-6.970329182999933,37.27551143000005],[-6.97177215399995,37.27487836300003],[-6.970014939999942,37.275135987000056],[-6.966780858999925,37.267758883000056],[-6.962660446999962,37.267452752000054],[-6.973971743999925,37.26770662100006],[-6.979463161999945,37.27024142100004],[-6.978463491999946,37.27116726400004],[-6.9768091479999725,37.269609186000025],[-6.9772249839999745,37.27343717000008],[-6.974899866999976,37.275011791000054],[-6.975848460999941,37.27599383900008],[-6.975833508999926,37.273830427000064],[-6.977144335999981,37.27375686200003],[-6.977889015999949,37.275555962000055],[-6.977635168999939,37.27033867600005],[-6.980154589999927,37.274758259000066],[-6.979053479999948,37.27832961000007],[-6.980306820999942,37.27507593300004],[-6.978566387999933,37.27129975400004],[-6.981996328999969,37.276665656000034],[-6.981282197999974,37.28020054000007],[-6.975702901999966,37.28552284700004],[-6.976174208999964,37.295038662000024],[-6.973282961999928,37.291022535000025]],[[-6.974731513999927,37.28965419900004],[-6.974558643999956,37.29035478600008],[-6.9748686909999265,37.289956492000044],[-6.974731513999927,37.28965419900004]]],[[[-6.975311623999971,37.296983047000026],[-6.972675640999967,37.29488231000005],[-6.971502369999939,37.290988553000034],[-6.975988647999941,37.297988478000036],[-6.975311623999971,37.296983047000026]]],[[[-6.951944376999961,37.29601924600007],[-6.95450141699996,37.29578286700007],[-6.953664808999974,37.299793521000026],[-6.947347677999971,37.301059088000045],[-6.951944376999961,37.29601924600007]]],[[[-6.947077612999976,37.29980305600003],[-6.947686187999977,37.299075197000036],[-6.946353912999939,37.30126786900007],[-6.947077612999976,37.29980305600003]]],[[[-6.8523056399999405,37.30475050000007],[-6.869231600999967,37.289331368000035],[-6.878655287999948,37.27351334200006],[-6.881964601999925,37.27354388900005],[-6.882536870999957,37.274805757000024],[-6.881306110999958,37.292639688000065],[-6.88806804799998,37.29752942400006],[-6.892422078999971,37.29718836100005],[-6.887321039999961,37.29680082500005],[-6.890208487999928,37.29472653000005],[-6.892718786999978,37.29514850900006],[-6.891700362999927,37.29205394200005],[-6.886822136999967,37.290083684000024],[-6.883904667999957,37.291402841000036],[-6.883267243999967,37.28997939900006],[-6.885483086999955,37.287453877000075],[-6.891683007999973,37.286477459000025],[-6.885703382999964,37.282953845000065],[-6.888755044999925,37.28074430500004],[-6.8905325309999625,37.28165601000006],[-6.8888435839999715,37.28066370300007],[-6.886630879999927,37.27270168500007],[-6.890859271999943,37.25953138800003],[-6.898559524999939,37.260264318000054],[-6.898485338999933,37.262072819000025],[-6.89366234299996,37.263614103000066],[-6.898484674999963,37.26622393200006],[-6.896763860999954,37.268151302000035],[-6.8997234979999575,37.272154553000064],[-6.898196815999938,37.27476183300007],[-6.899838458999966,37.27235097800008],[-6.898599020999939,37.27022459900007],[-6.902436405999936,37.27057013700005],[-6.90151495799995,37.27215812500003],[-6.903851454999938,37.27009133800004],[-6.90280986099998,37.26884955700007],[-6.902580976999957,37.27049439100006],[-6.897423637999964,37.26967775300005],[-6.898618643999953,37.26587933700006],[-6.893918450999934,37.26376964000008],[-6.898604275999958,37.26230078700007],[-6.898810966999974,37.26006944400007],[-6.891701015999956,37.25875575400005],[-6.900115222999943,37.25063176500004],[-6.8971827629999325,37.24851526400005],[-6.901676664999968,37.24966793700003],[-6.9189544379999575,37.23489402600006],[-6.925087066999936,37.242745385000035],[-6.92581106199998,37.24711118700003],[-6.920207275999928,37.25463931300004],[-6.917310239999949,37.25465204500006],[-6.916750652999951,37.255704338000044],[-6.920054279999931,37.25523063600008],[-6.9172930759999645,37.258013703000074],[-6.921742424999934,37.25724752100007],[-6.922259355999927,37.25345772600008],[-6.9256922499999405,37.25032383900003],[-6.927244449999932,37.25113347700005],[-6.925632249999978,37.250322554000036],[-6.922150303999956,37.25350855900007],[-6.921890001999941,37.257021519000034],[-6.919662412999969,37.25693861000008],[-6.926890890999971,37.24650002900006],[-6.929858653999929,37.24755069400004],[-6.927061155999979,37.24638165600004],[-6.932711340999958,37.24578291200004],[-6.934567868999977,37.248049500000036],[-6.938624516999937,37.248742314000026],[-6.935349583999937,37.248359606000065],[-6.938073307999957,37.24903757300007],[-6.928558043999942,37.25267549500006],[-6.916118376999975,37.260895015000074],[-6.916657377999968,37.25825548900008],[-6.915332382999964,37.26129548100005],[-6.9141101709999475,37.261048595000034],[-6.915016350999963,37.26160176500008],[-6.912738488999935,37.261932803000036],[-6.914987021999934,37.26205186900006],[-6.896052825999959,37.28528728200007],[-6.894772586999977,37.29439064300004],[-6.892931067999939,37.297237677000055],[-6.85307488199993,37.30637840300005],[-6.8523056399999405,37.30475050000007]],[[-6.870143958999961,37.30274414400003],[-6.868641478999962,37.29823757200006],[-6.865458974999967,37.298917946000074],[-6.865150702999927,37.30377127500003],[-6.870143958999961,37.30274414400003]],[[-6.891570237999929,37.28053221700003],[-6.891402712999934,37.282308804000024],[-6.893496253999956,37.28240638300008],[-6.891570237999929,37.28053221700003]],[[-6.900813263999964,37.27483367200006],[-6.903273077999927,37.27315836900004],[-6.898341282999979,37.27444563700004],[-6.900813263999964,37.27483367200006]],[[-6.908142083999962,37.268916442000034],[-6.909527096999966,37.26710398900008],[-6.9077136049999694,37.26598022300004],[-6.908142083999962,37.268916442000034]],[[-6.926209745999927,37.25333743400006],[-6.924424230999932,37.25402071600007],[-6.925780612999972,37.254368885000076],[-6.926209745999927,37.25333743400006]],[[-6.92573546899996,37.25282694100008],[-6.926689512999928,37.25251186600008],[-6.924916955999947,37.25272304400005],[-6.92573546899996,37.25282694100008]],[[-6.927587656999947,37.25095043700003],[-6.927463154999941,37.25054753100005],[-6.927302262999945,37.250994407000064],[-6.927587656999947,37.25095043700003]],[[-6.926208894999945,37.250157880000074],[-6.926393923999967,37.24996222800007],[-6.926102908999951,37.24978183700006],[-6.926208894999945,37.250157880000074]],[[-6.926175243999978,37.24965309500004],[-6.926675604999957,37.24970289700008],[-6.92639715699994,37.24946539700005],[-6.926175243999978,37.24965309500004]],[[-6.930155304999971,37.24953089600007],[-6.9307204129999604,37.24977658000006],[-6.930335480999929,37.249167545000034],[-6.930155304999971,37.24953089600007]],[[-6.931762947999971,37.249179437000066],[-6.931845794999958,37.24944482300003],[-6.932261934999929,37.24900719900006],[-6.931762947999971,37.249179437000066]],[[-6.927431742999943,37.24965781700007],[-6.927118964999977,37.249916563000056],[-6.927523863999966,37.24998788700003],[-6.927431742999943,37.24965781700007]],[[-6.8969077069999685,37.268248819000064],[-6.89679579899996,37.26912782900007],[-6.897166668999944,37.268550134000066],[-6.8969077069999685,37.268248819000064]],[[-6.897300210999958,37.26824686800006],[-6.898263715999974,37.26637642800006],[-6.897241482999959,37.265643735000026],[-6.897300210999958,37.26824686800006]],[[-6.865270970999973,37.29659431600004],[-6.865021604999981,37.29573561600006],[-6.8632509779999396,37.29738015800007],[-6.865270970999973,37.29659431600004]],[[-6.868544552999936,37.292699706000064],[-6.869884221999939,37.291305658000056],[-6.8665658909999365,37.29433646800004],[-6.868544552999936,37.292699706000064]]],[[[-6.8796899999999255,37.301064652000036],[-6.888548044999936,37.30016382500003],[-6.892193238999937,37.29794520300004],[-6.86916201899993,37.30648942900007],[-6.866758014999959,37.30372211900004],[-6.8796899999999255,37.301064652000036]]],[[[-6.896513325999933,37.29504161300008],[-6.9029452249999395,37.29864209900006],[-6.896889383999962,37.30526118800003],[-6.891342901999963,37.30670052600004],[-6.887774092999962,37.30094213600006],[-6.896513325999933,37.29504161300008]]],[[[-6.853203429999951,37.306670207000025],[-6.853584120999926,37.30661109700003],[-6.855697660999965,37.31070555700006],[-6.853203429999951,37.306670207000025]]],[[[-6.97298307799997,37.29633366000007],[-6.9769255389999785,37.30274790500005],[-6.978405303999978,37.308621308000056],[-6.97674548699996,37.31026548800003],[-6.975964961999978,37.30440877800004],[-6.972741575999976,37.299782771000025],[-6.97298307799997,37.29633366000007]]],[[[-6.855645620999951,37.31098706900008],[-6.863168492999932,37.31608332900004],[-6.8601354309999465,37.315611585000056],[-6.855645620999951,37.31098706900008]]],[[[-6.944512617999976,37.31202461000004],[-6.945006982999928,37.31057701900005],[-6.947894005999956,37.312902044000055],[-6.9472551799999565,37.315467107000075],[-6.944477697999957,37.31358793700008],[-6.944512617999976,37.31202461000004]]],[[[-6.956096830999968,37.325946360000046],[-6.961805219999974,37.32384598900006],[-6.960527396999964,37.31975676800005],[-6.964319134999926,37.31896273700005],[-6.961036232999959,37.31620944000008],[-6.961987415999943,37.313164346000065],[-6.963941190999947,37.31216102600007],[-6.96187369699993,37.31316976000005],[-6.961105814999939,37.31612791400005],[-6.956715629999962,37.31287953400005],[-6.957563800999935,37.307620876000044],[-6.959599253999954,37.310256965000065],[-6.956120474999977,37.30352275700005],[-6.958349144999943,37.299655123000036],[-6.957733250999979,37.30319718700008],[-6.959332715999949,37.305530703000045],[-6.957931095999925,37.30267811500005],[-6.960331814999961,37.30318470000003],[-6.962190498999973,37.30623316800006],[-6.95857846499996,37.302125826000065],[-6.958489165999936,37.299820569000076],[-6.961614812999926,37.29601745600007],[-6.960214354999948,37.289862593000066],[-6.961632182999949,37.29088835600004],[-6.961659334999979,37.289782649000074],[-6.9601633429999765,37.28966226400007],[-6.959738336999976,37.287409026000034],[-6.960750929999961,37.284558005000065],[-6.96200512799993,37.28543302300005],[-6.96082370299996,37.284475635000035],[-6.963130215999968,37.28167621400007],[-6.964152776999981,37.27562309600006],[-6.967642773999955,37.286564723000026],[-6.964973795999981,37.28991978500005],[-6.969472810999946,37.28479170400004],[-6.96983837099998,37.28883256100005],[-6.96698379999998,37.29462379700004],[-6.965243001999966,37.293008357000076],[-6.966482390999943,37.29504285300004],[-6.965445140999975,37.29768464400007],[-6.967784306999931,37.298971997000024],[-6.96798612799995,37.30380411500005],[-6.96835406699995,37.30060690500005],[-6.970760492999943,37.30261133600004],[-6.967770627999926,37.300012321000054],[-6.966436714999929,37.29622578400006],[-6.970187614999929,37.29087607300005],[-6.972587990999955,37.30034587200004],[-6.976088175999962,37.30570508200003],[-6.976539531999947,37.31051688700006],[-6.956562472999963,37.33051839700005],[-6.957640914999956,37.32769121300004],[-6.956096830999968,37.325946360000046]],[[-6.964101740999979,37.31068210600006],[-6.9641991859999735,37.31101712700007],[-6.964626547999956,37.31090984700006],[-6.964101740999979,37.31068210600006]],[[-6.968577846999949,37.308341693000045],[-6.966976594999949,37.30793231500007],[-6.967637163999939,37.308541872000035],[-6.968577846999949,37.308341693000045]],[[-6.967108593999967,37.306750357000055],[-6.966902158999972,37.30719878900004],[-6.9673429729999725,37.30734773800003],[-6.967108593999967,37.306750357000055]]],[[[-6.953712072999963,37.32951661000004],[-6.949816821999946,37.32966814200006],[-6.948076210999943,37.327209878000076],[-6.94739332499995,37.317128471000046],[-6.948580948999961,37.313446542000065],[-6.944169350999971,37.30735194600004],[-6.947563480999975,37.30164999700003],[-6.953905327999962,37.30026456200005],[-6.95817507199996,37.28905595600003],[-6.96053440999998,37.29523705400004],[-6.955196479999927,37.302781406000065],[-6.956111457999953,37.31289150600003],[-6.963890037999931,37.318869720000066],[-6.959998495999969,37.31965097600005],[-6.9614191119999305,37.32366553300005],[-6.95580119899995,37.32564133000005],[-6.957219277999968,37.32765368200006],[-6.956000781999933,37.330673895000075],[-6.953712072999963,37.32951661000004]],[[-6.956486588999951,37.320228377000035],[-6.958239872999968,37.31811882200003],[-6.956967536999969,37.31746866900005],[-6.956486588999951,37.320228377000035]],[[-6.95532250399998,37.31583924800003],[-6.953678154999977,37.315378520000024],[-6.955826609999974,37.317086569000026],[-6.95532250399998,37.31583924800003]]],[[[-6.906820048999975,37.367191037000055],[-6.90203897899994,37.36074593300003],[-6.89198171299995,37.35460060400004],[-6.889411800999937,37.34854152300005],[-6.866419809999968,37.32356787700007],[-6.862767280999947,37.316687503000026],[-6.879623443999947,37.31327198200006],[-6.890903406999939,37.313687121000044],[-6.90189636599996,37.31791677600006],[-6.905863804999967,37.320979772000044],[-6.906132317999948,37.32371160400004],[-6.911161359999937,37.32601090700007],[-6.92254511699997,37.34398721100007],[-6.928825832999962,37.35069703500005],[-6.926921583999956,37.352264700000035],[-6.9265492039999685,37.355727229000024],[-6.916554062999978,37.35817584500006],[-6.916500156999973,37.36039366400007],[-6.913771451999935,37.36022282700003],[-6.912234177999949,37.36191323400004],[-6.912252036999973,37.36594834700003],[-6.906820048999975,37.367191037000055]],[[-6.886042207999935,37.31851453300004],[-6.88647216499993,37.31550592100007],[-6.879302742999926,37.316247858000054],[-6.879816490999929,37.320868543000074],[-6.885980693999954,37.321532224000066],[-6.886042207999935,37.31851453300004]]]]}},{"type":"Feature","properties":{"ClaseSuelo":"SUELO NO URBANIZABLE","NuclRural":"1","AreaLamber":30.31819314,"Shape_STAr":0.0000307581819627},"geometry":{"type":"MultiPolygon","coordinates":[[[[-6.9307698759999425,37.33970448400004],[-6.931347660999961,37.33815621800005],[-6.927793918999953,37.33743504300003],[-6.927709927999956,37.336045298000045],[-6.931714190999969,37.33472145400003],[-6.932216693999976,37.33888499400007],[-6.9307698759999425,37.33970448400004]]],[[[-6.928068110999959,37.33124981800006],[-6.932016096999973,37.32855655900005],[-6.932754692999936,37.32973010000006],[-6.930086587999938,37.33112542900005],[-6.930615695999961,37.333044157000074],[-6.928068110999959,37.33124981800006]]],[[[-6.931592428999977,37.332365511000035],[-6.933682629999964,37.33138471600006],[-6.933988443999965,37.333940737000034],[-6.931592428999977,37.332365511000035]]],[[[-6.926952410999945,37.33171339900008],[-6.92886679999998,37.333138105000046],[-6.927821635999976,37.33419503400006],[-6.926952410999945,37.33171339900008]]],[[[-6.92398396699997,37.33685131100003],[-6.924309553999933,37.335660173000065],[-6.927624721999962,37.33637702300007],[-6.928033224999979,37.33806330500005],[-6.92398396699997,37.33685131100003]]]]}},{"type":"Feature","properties":{"ClaseSuelo":"SUELO URBANIZABLE DELIMITADO O SECTORIZADO","NuclRural":"0","AreaLamber":514.30681921,"Shape_STAr":0.000521384837251},"geometry":{"type":"MultiPolygon","coordinates":[[[[-6.898673647999942,37.28303799100007],[-6.901800994999974,37.27844849100006],[-6.910955853999951,37.272875975000034],[-6.912646982999945,37.273813060000066],[-6.914117333999968,37.27229186400007],[-6.913022172999945,37.271591658000034],[-6.916138970999953,37.269745913000065],[-6.920243958999947,37.27627814700003],[-6.910096290999945,37.28688711800004],[-6.903491514999928,37.29850777300004],[-6.897597738999934,37.294341332000045],[-6.89879532599997,37.29191379100007],[-6.896300586999928,37.28824480500003],[-6.898673647999942,37.28303799100007]],[[-6.909375963999935,37.28228333800007],[-6.9106569409999565,37.27999913600007],[-6.912508043999935,37.28174743900007],[-6.914363790999971,37.280412014000035],[-6.908985197999925,37.27637461900008],[-6.9093123399999286,37.27932539900007],[-6.907763417999945,37.28104170700004],[-6.909375963999935,37.28228333800007]]],[[[-6.944563702999972,37.253601521000064],[-6.935055477999981,37.25156487700008],[-6.940825002999929,37.25159757700004],[-6.942752733999953,37.249276432000045],[-6.944170167999971,37.25007134500004],[-6.945554853999965,37.247730026000056],[-6.944864417999952,37.243624701000044],[-6.95455394399994,37.242203492000044],[-6.957088315999954,37.250944840000045],[-6.951817552999955,37.25364138300006],[-6.944563702999972,37.253601521000064]]],[[[-6.917933163999976,37.268599719000065],[-6.919127197999956,37.26781779000004],[-6.922242091999976,37.27116641900005],[-6.9195535859999495,37.274205978000055],[-6.917542398999956,37.27098471900007],[-6.917933163999976,37.268599719000065]]],[[[-6.946202281999945,37.28440982800004],[-6.947988602999942,37.279290692000075],[-6.950877254999966,37.27993686600007],[-6.952920106999954,37.27674268800007],[-6.949550208999938,37.275236946000064],[-6.951332420999961,37.26994020400008],[-6.956948761999968,37.26890419000006],[-6.95130293699998,37.28036328400003],[-6.948700651999957,37.28387568100004],[-6.946202281999945,37.28440982800004]]],[[[-6.8592888399999765,37.31418088300006],[-6.857000203999974,37.312249965000035],[-6.862533535999944,37.31055457100007],[-6.863240477999966,37.31185756700006],[-6.8655143479999765,37.31092542300007],[-6.866227975999948,37.31242812600004],[-6.868761897999946,37.311615896000035],[-6.869851368999946,37.313739619000046],[-6.8736754469999255,37.31247314700005],[-6.863168492999932,37.31608332900004],[-6.8592888399999765,37.31418088300006]]]]}},{"type":"Feature","properties":{"ClaseSuelo":"SUELO URBANIZABLE NO DELIMITADO O SECTORIZADO","NuclRural":"0","AreaLamber":37.76003175,"Shape_STAr":0.0000382756813982},"geometry":{"type":"MultiPolygon","coordinates":[[[[-6.944187473999932,37.27681166600007],[-6.94758582299994,37.26801294100005],[-6.9512729459999605,37.26509456500003],[-6.947684157999959,37.27223522000003],[-6.946583463999957,37.27854919200007],[-6.944187473999932,37.27681166600007]]],[[[-6.941359310999928,37.27209963700005],[-6.943024093999952,37.26859485400007],[-6.945500721999963,37.26836480700007],[-6.945917152999925,37.27225979800005],[-6.944255217999967,37.27054231900007],[-6.943855884999948,37.272334897000064],[-6.941359310999928,37.27209963700005]]]]}},{"type":"Feature","properties":{"ClaseSuelo":"SUELO URBANO","NuclRural":"0","AreaLamber":1214.71984301,"Shape_STAr":0.00123141019863},"geometry":{"type":"MultiPolygon","coordinates":[[[[-6.944165928999951,37.28392017400006],[-6.931562736999979,37.283056212000076],[-6.923562931999925,37.27947509100005],[-6.923761002999981,37.27605811300003],[-6.919435205999946,37.27452427800006],[-6.925381645999948,37.26923883500007],[-6.922152358999938,37.265890298000045],[-6.917933163999976,37.268599719000065],[-6.920014470999945,37.260625884000035],[-6.930681205999974,37.252795916000025],[-6.94061401099998,37.252555133000044],[-6.942268994999949,37.25406035000003],[-6.946722736999959,37.254203790000076],[-6.957088315999954,37.250944840000045],[-6.957325757999968,37.254335369000046],[-6.958821006999926,37.25471010100006],[-6.958203871999956,37.256008130000055],[-6.959634860999927,37.25646155700008],[-6.961907566999969,37.262290180000036],[-6.95951740199996,37.26218435900006],[-6.958319275999941,37.267957196000054],[-6.951332420999961,37.26994020400008],[-6.949550208999938,37.275236946000064],[-6.952920106999954,37.27674268800007],[-6.950877254999966,37.27993686600007],[-6.947988602999942,37.279290692000075],[-6.946113267999976,37.28395032000003],[-6.944165928999951,37.28392017400006]],[[-6.94741580799996,37.279327763000026],[-6.947684157999959,37.27223522000003],[-6.952421742999945,37.26451829000007],[-6.950220878999971,37.26194877200004],[-6.949213210999972,37.262198057000035],[-6.950749526999971,37.265204108000034],[-6.94758582299994,37.26801294100005],[-6.9461041319999595,37.27256854500007],[-6.943855884999948,37.272334897000064],[-6.944255217999967,37.27054231900007],[-6.944771984999932,37.27227908700007],[-6.946212462999938,37.270934243000056],[-6.944236690999958,37.26822981600003],[-6.941059613999926,37.27289338700007],[-6.944279355999981,37.274904726000045],[-6.94336924299995,37.27701678500006],[-6.946583463999957,37.27854919200007],[-6.946023211999943,37.280839022000066],[-6.94741580799996,37.279327763000026]],[[-6.926266089999956,37.26570209500005],[-6.92637621199998,37.265042135000044],[-6.92568152299998,37.264964435000024],[-6.926266089999956,37.26570209500005]],[[-6.945969601999934,37.264196422000055],[-6.946565619999944,37.26291665100007],[-6.944693581999957,37.26303672200004],[-6.945969601999934,37.264196422000055]],[[-6.936603652999963,37.26348144000008],[-6.937479681999946,37.263034996000044],[-6.937207435999937,37.26284065900006],[-6.936603652999963,37.26348144000008]],[[-6.930604320999976,37.263190044000055],[-6.93174963499996,37.262791985000035],[-6.930329637999932,37.26300331700003],[-6.930604320999976,37.263190044000055]],[[-6.943876581999973,37.262377068000035],[-6.945496064999929,37.26256277300007],[-6.945890229999975,37.26075349900003],[-6.943876581999973,37.262377068000035]],[[-6.938713836999966,37.26130378500005],[-6.93747097399995,37.26114443700004],[-6.938662870999963,37.261854722000066],[-6.938713836999966,37.26130378500005]],[[-6.933744999999931,37.26169607000003],[-6.9342040529999736,37.26143379300004],[-6.933955121999929,37.260898799000074],[-6.933447657999977,37.26135052400008],[-6.933744999999931,37.26169607000003]],[[-6.933648300999948,37.26103024500003],[-6.933510963999936,37.260941219000074],[-6.933336648999955,37.261186692000024],[-6.933648300999948,37.26103024500003]],[[-6.9358328759999495,37.260917902000074],[-6.935590102999981,37.26114188400004],[-6.936412674999929,37.26128114000005],[-6.9358328759999495,37.260917902000074]],[[-6.934420005999925,37.26123000300004],[-6.934141734999969,37.26125951200004],[-6.934215023999968,37.26134600800003],[-6.934420005999925,37.26123000300004]],[[-6.949754163999955,37.26054130600005],[-6.951569375999952,37.26194802400005],[-6.9515404769999805,37.26005398500007],[-6.949754163999955,37.26054130600005]],[[-6.930292042999952,37.26081769700005],[-6.930510930999958,37.26052845800007],[-6.930216835999943,37.26058663900005],[-6.930292042999952,37.26081769700005]],[[-6.938285359999952,37.260185791000026],[-6.93901739599994,37.259185530000025],[-6.936279221999939,37.25729400800003],[-6.935021888999927,37.25807916800005],[-6.938285359999952,37.260185791000026]],[[-6.953876019999939,37.25671162900005],[-6.955253203999973,37.255684245000054],[-6.954576527999961,37.255370965000054],[-6.953876019999939,37.25671162900005]],[[-6.951546123999947,37.255850373000044],[-6.9516106949999426,37.25574803600006],[-6.951204098999938,37.25570455600007],[-6.951546123999947,37.255850373000044]],[[-6.942762332999962,37.258477785000025],[-6.943901527999969,37.25823165600008],[-6.942370382999968,37.25770781600005],[-6.942762332999962,37.258477785000025]],[[-6.954547365999929,37.25772190400005],[-6.954695898999944,37.25778711600003],[-6.9546753529999705,37.257682224000064],[-6.954547365999929,37.25772190400005]],[[-6.948890141999925,37.25960469100005],[-6.9491924959999665,37.25991632500006],[-6.949339489999943,37.25959887600004],[-6.948890141999925,37.25960469100005]],[[-6.928231935999975,37.26504645000006],[-6.9279859789999705,37.26561256700006],[-6.928734099999929,37.265480317000026],[-6.928231935999975,37.26504645000006]],[[-6.958235912999953,37.26273619500006],[-6.9591738879999525,37.26216214900006],[-6.957891384999925,37.261925451000025],[-6.958235912999953,37.26273619500006]],[[-6.957642820999979,37.263081483000065],[-6.957008885999926,37.26342777600007],[-6.958417936999979,37.263966940000046],[-6.957642820999979,37.263081483000065]],[[-6.95832510799994,37.26403807100007],[-6.957665807999945,37.264087724000035],[-6.958275273999959,37.26432592100008],[-6.95832510799994,37.26403807100007]],[[-6.958243147999951,37.264400085000034],[-6.957337128999939,37.26449911200007],[-6.958086435999974,37.26475908200007],[-6.958243147999951,37.264400085000034]],[[-6.9493526099999485,37.27282266000003],[-6.9488860339999405,37.27316296300006],[-6.949692667999955,37.27255300000007],[-6.9493526099999485,37.27282266000003]],[[-6.948640366999939,37.27400977100007],[-6.948305503999961,37.27427136100005],[-6.948669648999953,37.274303807000024],[-6.948640366999939,37.27400977100007]],[[-6.948777101999951,37.275327041000025],[-6.949111624999944,37.27518248600006],[-6.948559134999925,37.27437341600006],[-6.948777101999951,37.275327041000025]],[[-6.953189326999961,37.25354493200007],[-6.952420926999935,37.25325123600004],[-6.952120764999961,37.253827415000046],[-6.953189326999961,37.25354493200007]]],[[[-6.953206953999938,37.24202646900005],[-6.952697846999968,37.240946723000036],[-6.954074412999944,37.240772261000075],[-6.953206953999938,37.24202646900005]]],[[[-6.918436127999939,37.26005092300005],[-6.9195907189999275,37.26026157600006],[-6.916834623999932,37.26870858400008],[-6.909488916999976,37.27355342300007],[-6.909874008999964,37.26978420100005],[-6.915583846999937,37.265245787000026],[-6.918436127999939,37.26005092300005]]],[[[-6.912829441999975,37.27170763500004],[-6.914117333999968,37.27229186400007],[-6.912646982999945,37.273813060000066],[-6.910955853999951,37.272875975000034],[-6.912829441999975,37.27170763500004]]],[[[-6.90127862099996,37.27840301500004],[-6.9051749969999605,37.27605225700006],[-6.90563764999996,37.27348258000006],[-6.90820470999995,37.274287607000076],[-6.90127862099996,37.27840301500004]]],[[[-6.895389534999936,37.28905766200006],[-6.89812496199994,37.29169809200005],[-6.8971363649999375,37.29405995500008],[-6.895389534999936,37.28905766200006]]],[[[-6.866533545999971,37.30376583000003],[-6.86916201899993,37.30648942900007],[-6.855697660999965,37.31070555700006],[-6.853584120999926,37.30661109700003],[-6.866533545999971,37.30376583000003]]],[[[-6.896066743999938,37.31180436900007],[-6.896018080999966,37.30928972900006],[-6.89816931699994,37.31036216900003],[-6.89837500699997,37.31163748700004],[-6.896066743999938,37.31180436900007]]],[[[-6.869851368999946,37.313739619000046],[-6.868761897999946,37.311615896000035],[-6.863240477999966,37.31185756700006],[-6.861766166999928,37.30912318700007],[-6.8864303129999485,37.30129496600006],[-6.89154289499993,37.30808344600007],[-6.869851368999946,37.313739619000046]]],[[[-6.9064676539999255,37.316551993000076],[-6.903625085999977,37.315865803000065],[-6.905898449999938,37.31448481500007],[-6.908153049999953,37.31613611300003],[-6.906987957999945,37.31762840500005],[-6.9064676539999255,37.316551993000076]],[[-6.905549040999972,37.31522015300004],[-6.906197781999936,37.31479497000004],[-6.905876601999978,37.31456606900008],[-6.905549040999972,37.31522015300004]]],[[[-6.947664467999971,37.33010960400003],[-6.948749943999928,37.33224816500007],[-6.947624016999953,37.33262090000005],[-6.947664467999971,37.33010960400003]]],[[[-6.9494183929999735,37.33746564200004],[-6.947403702999964,37.33536347900008],[-6.949583745999973,37.33407461300004],[-6.950588048999975,37.33629794800004],[-6.9494183929999735,37.33746564200004]]]]}},{"type":"Feature","properties":{"ClaseSuelo":"SUELO URBANO NO CONSOLIDADO","NuclRural":"0","AreaLamber":78.37500311,"Shape_STAr":0.0000794576234542},"geometry":{"type":"MultiPolygon","coordinates":[[[[-6.865458974999967,37.298917946000074],[-6.868641478999962,37.29823757200006],[-6.870143958999961,37.30274414400003],[-6.865150702999927,37.30377127500003],[-6.865458974999967,37.298917946000074]]],[[[-6.934605992999934,37.25357011400007],[-6.932445989999962,37.25238878700003],[-6.941196339999976,37.25254772300008],[-6.934605992999934,37.25357011400007]]],[[[-6.942268994999949,37.25406035000003],[-6.9424741619999395,37.252937573000054],[-6.943604721999975,37.25332798300008],[-6.942268994999949,37.25406035000003]]],[[[-6.952120764999961,37.253827415000046],[-6.952420926999935,37.25325123600004],[-6.953189326999961,37.25354493200007],[-6.952120764999961,37.253827415000046]]],[[[-6.951204098999938,37.25570455600007],[-6.9516106949999426,37.25574803600006],[-6.951546123999947,37.255850373000044],[-6.951204098999938,37.25570455600007]]],[[[-6.954410248999977,37.256817160000026],[-6.953464614999973,37.256426334000025],[-6.954576527999961,37.255370965000054],[-6.954410248999977,37.256817160000026]]],[[[-6.9546411679999665,37.25768807800006],[-6.954695898999944,37.25778711600003],[-6.954568914999925,37.25781353600007],[-6.9546411679999665,37.25768807800006]]],[[[-6.942256728999951,37.25837977000003],[-6.942370382999968,37.25770781600005],[-6.943901527999969,37.25823165600008],[-6.942256728999951,37.25837977000003]]],[[[-6.948890141999925,37.25960469100005],[-6.949339489999943,37.25959887600004],[-6.9491924959999665,37.25991632500006],[-6.948890141999925,37.25960469100005]]],[[[-6.938285359999952,37.260185791000026],[-6.935021888999927,37.25807916800005],[-6.936279221999939,37.25729400800003],[-6.93901739599994,37.259185530000025],[-6.938285359999952,37.260185791000026]]],[[[-6.930216835999943,37.26058663900005],[-6.930549631999952,37.26066278300004],[-6.930292042999952,37.26081769700005],[-6.930216835999943,37.26058663900005]]],[[[-6.933366659999933,37.26108544300007],[-6.933648300999948,37.26103024500003],[-6.933409551999944,37.26127127900003],[-6.933366659999933,37.26108544300007]]],[[[-6.934141734999969,37.26125951200004],[-6.934420005999925,37.26123000300004],[-6.934215023999968,37.26134600800003],[-6.934141734999969,37.26125951200004]]],[[[-6.935590102999981,37.26114188400004],[-6.9358328759999495,37.260917902000074],[-6.936412674999929,37.26128114000005],[-6.935590102999981,37.26114188400004]]],[[[-6.933744999999931,37.26169607000003],[-6.933447657999977,37.26135052400008],[-6.933955121999929,37.260898799000074],[-6.9342040529999736,37.26143379300004],[-6.933744999999931,37.26169607000003]]],[[[-6.93844159799994,37.261264349000044],[-6.93747097399995,37.26114443700004],[-6.939041903999964,37.26173339800005],[-6.93844159799994,37.261264349000044]]],[[[-6.950121235999973,37.26048889400005],[-6.9515404769999805,37.26005398500007],[-6.951569375999952,37.26194802400005],[-6.950121235999973,37.26048889400005]]],[[[-6.930406896999955,37.26320456800005],[-6.93174963499996,37.262791985000035],[-6.931804497999963,37.263063729000066],[-6.930406896999955,37.26320456800005]]],[[[-6.9445322209999745,37.26140754800008],[-6.946116952999944,37.26135810900007],[-6.943968062999943,37.26303655900006],[-6.9445322209999745,37.26140754800008]]],[[[-6.93657597899994,37.26345086400005],[-6.937207435999937,37.26284065900006],[-6.937479681999946,37.263034996000044],[-6.93657597899994,37.26345086400005]]],[[[-6.957693032999941,37.262257101000046],[-6.9591738879999525,37.26216214900006],[-6.9586785209999675,37.26335630300008],[-6.957693032999941,37.262257101000046]]],[[[-6.957008885999926,37.26342777600007],[-6.957299459999945,37.26294122300004],[-6.958579930999974,37.263606236000044],[-6.957008885999926,37.26342777600007]]],[[[-6.946072633999961,37.264028980000035],[-6.944693581999957,37.26303672200004],[-6.946565619999944,37.26291665100007],[-6.946072633999961,37.264028980000035]]],[[[-6.957665807999945,37.264087724000035],[-6.958376827999928,37.26406216100003],[-6.958275273999959,37.26432592100008],[-6.957665807999945,37.264087724000035]]],[[[-6.9279859789999705,37.26561256700006],[-6.927879105999978,37.26499738200005],[-6.928659993999929,37.265204563000054],[-6.9279859789999705,37.26561256700006]]],[[[-6.926015040999971,37.265827397000066],[-6.926081530999966,37.264897905000055],[-6.926548440999966,37.26565556400004],[-6.926015040999971,37.265827397000066]]],[[[-6.957337128999939,37.26449911200007],[-6.958243147999951,37.264400085000034],[-6.958086435999974,37.26475908200007],[-6.957337128999939,37.26449911200007]]],[[[-6.951412093999977,37.26505068200004],[-6.949213210999972,37.262198057000035],[-6.951577609999958,37.26268523300007],[-6.951412093999977,37.26505068200004]]],[[[-6.909540353999944,37.269953577000024],[-6.909488916999976,37.27355342300007],[-6.90563764999996,37.27348258000006],[-6.909540353999944,37.269953577000024]]],[[[-6.948888976999967,37.27313396000005],[-6.949692667999955,37.27255300000007],[-6.949435251999944,37.273231846000044],[-6.948888976999967,37.27313396000005]]],[[[-6.948305503999961,37.27427136100005],[-6.948736851999968,37.27401326800003],[-6.948669648999953,37.274303807000024],[-6.948305503999961,37.27427136100005]]],[[[-6.904378705999932,37.27612618500007],[-6.903537787999937,37.27606239800008],[-6.904636375999928,37.27477795100003],[-6.904378705999932,37.27612618500007]]],[[[-6.94848898999993,37.27471058900005],[-6.948829477999936,37.27440910200005],[-6.949050644999943,37.275399821000065],[-6.94848898999993,37.27471058900005]]],[[[-6.946203300999969,37.27974380500007],[-6.947095240999943,37.277623263000066],[-6.9469876539999404,37.28107560900003],[-6.946203300999969,37.27974380500007]]],[[[-6.945460060999949,37.285409677000075],[-6.945110878999969,37.28901329300004],[-6.943706316999965,37.28932133400008],[-6.945460060999949,37.285409677000075]]],[[[-6.860375841999939,37.309567429000026],[-6.862533535999944,37.31055457100007],[-6.857000203999974,37.312249965000035],[-6.855860030999963,37.310962345000064],[-6.860375841999939,37.309567429000026]]]]}},{"type":"Feature","properties":{"ClaseSuelo":"SISTEMAS GENERALES","NuclRural":"0","AreaLamber":509.56526823,"Shape_STAr":0.000515912980535},"geometry":{"type":"MultiPolygon","coordinates":[[[[-6.565497174999962,37.01575913500005],[-6.520670081999981,36.98846408800006],[-6.528800281999963,36.982243408000045],[-6.529998478999971,36.983039105000046],[-6.522975537999969,36.98977506500006],[-6.527498941999966,36.992643841000074],[-6.561917054999981,37.01346483000003],[-6.56629712299997,37.00550485900004],[-6.579523485999971,37.013269120000075],[-6.578081591999933,37.01485351100007],[-6.574426770999935,37.01295376300004],[-6.573442243999978,37.01377441000005],[-6.57696929399998,37.016236941000045],[-6.572637782999948,37.02104725800007],[-6.565497174999962,37.01575913500005]]],[[[-6.5287215729999275,36.98625534900003],[-6.530022000999963,36.98487396500008],[-6.530953232999934,36.98520484800008],[-6.5287215729999275,36.98625534900003]]],[[[-6.527199009999947,36.987769237000066],[-6.5283047989999545,36.98662884400005],[-6.528647688999968,36.98691056900003],[-6.527199009999947,36.987769237000066]]],[[[-6.535955524999963,36.98858162500005],[-6.535061407999933,36.98847607300007],[-6.53596220299994,36.98798669300004],[-6.536159115999965,36.989234526000075],[-6.535955524999963,36.98858162500005]]],[[[-6.529100187999973,36.99214107500006],[-6.525340263999965,36.98910961800004],[-6.5290535239999485,36.991211717000056],[-6.5305080349999685,36.989117425000074],[-6.531815033999976,36.98999407100007],[-6.529100187999973,36.99214107500006]]],[[[-6.472642432999976,37.12886357200006],[-6.47417713599998,37.12433787400005],[-6.476752052999927,37.12718502200005],[-6.480167254999969,37.12802177000003],[-6.476360062999959,37.12719213500003],[-6.471824482999978,37.13203351800007],[-6.472642432999976,37.12886357200006]]],[[[-6.493253642999946,37.13336810800007],[-6.493649921999975,37.131890396000074],[-6.491121325999927,37.12956121600007],[-6.49348017799997,37.125994899000034],[-6.496828673999971,37.13964074800003],[-6.492220644999975,37.14179583600003],[-6.491007023999941,37.140195402000074],[-6.493571264999957,37.13607765100005],[-6.493253642999946,37.13336810800007]]],[[[-6.487385798999981,37.14137519900004],[-6.490699450999955,37.14029730800007],[-6.491161401999932,37.14137058500006],[-6.4879752969999345,37.14298944400008],[-6.487385798999981,37.14137519900004]]],[[[-6.485179134999953,37.14188315000007],[-6.487152906999938,37.141434968000056],[-6.487823029999959,37.14306534100007],[-6.485179134999953,37.14188315000007]]],[[[-6.480697106999969,37.144192248000024],[-6.470718834999957,37.142837179000026],[-6.470897941999965,37.13386451500003],[-6.48359415699997,37.14333382600006],[-6.490927188999933,37.14218385500004],[-6.4931239499999265,37.14484823400005],[-6.480697106999969,37.144192248000024]]],[[[-6.492927788999964,37.143787651000025],[-6.494125526999937,37.143407704000026],[-6.494595948999972,37.14513524600005],[-6.492927788999964,37.143787651000025]]],[[[-6.6212444759999585,37.176530178000064],[-6.6216034429999695,37.17776940400006],[-6.621095779999962,37.17728707600003],[-6.6212444759999585,37.176530178000064]]],[[[-6.624278740999955,37.17735052900008],[-6.62140285199996,37.17550357500005],[-6.624967592999951,37.17344486600007],[-6.627128351999943,37.174695873000076],[-6.624897607999969,37.17544263600007],[-6.625473604999968,37.17691974600007],[-6.623276958999952,37.17923200800004],[-6.62197163999997,37.17812606200005],[-6.624278740999955,37.17735052900008]],[[-6.623945307999975,37.175694529000054],[-6.624790252999958,37.17478647200005],[-6.623550257999966,37.17415983800004],[-6.623945307999975,37.175694529000054]]],[[[-6.668899883999927,37.17801740900006],[-6.672016481999947,37.17766549600003],[-6.672174901999938,37.17914598900006],[-6.668899883999927,37.17801740900006]]],[[[-6.666678970999953,37.177149400000076],[-6.667049317999954,37.17703751500005],[-6.66755005899995,37.18021192600003],[-6.666678970999953,37.177149400000076]]],[[[-6.529851488999952,37.24750894300007],[-6.533132551999927,37.24648787900003],[-6.535630289999972,37.24817363000005],[-6.5338228469999535,37.249864563000074],[-6.529851488999952,37.24750894300007]]],[[[-6.516745757999956,37.245298956000056],[-6.519057030999932,37.24129565700008],[-6.523318571999937,37.24438673800006],[-6.528908005999938,37.24563543000005],[-6.526117492999958,37.245153092000066],[-6.524637985999959,37.24709818900004],[-6.520570661999955,37.245088948000046],[-6.520312043999979,37.24914820400005],[-6.52489135899998,37.25349158600005],[-6.5191388199999665,37.24938515600007],[-6.516745757999956,37.245298956000056]]],[[[-6.514258126999948,37.257863013000076],[-6.515093773999979,37.260070179000024],[-6.51297847099994,37.25896327500004],[-6.514258126999948,37.257863013000076]]],[[[-6.49308259299994,37.26087777200007],[-6.495695897999951,37.26070662200004],[-6.496061673999975,37.26250592900004],[-6.492718891999971,37.26226333300008],[-6.49308259299994,37.26087777200007]]],[[[-6.504880812999943,37.27057823500007],[-6.505441462999954,37.27082280600007],[-6.505126756999971,37.271172517000025],[-6.504880812999943,37.27057823500007]]],[[[-6.510745927999949,37.27367887400004],[-6.512795371999971,37.27298734500005],[-6.515915365999945,37.27467733800006],[-6.511898723999934,37.27514652100007],[-6.510745927999949,37.27367887400004]]],[[[-6.524209655999925,37.27450331000006],[-6.522728446999963,37.26836057700007],[-6.525056248999931,37.26833123900008],[-6.526529566999955,37.26470233200007],[-6.5286280209999745,37.26511719500007],[-6.530243864999932,37.262650964000045],[-6.5244074699999715,37.254559017000076],[-6.514799919999973,37.24853066400004],[-6.506047752999962,37.253065080000056],[-6.507103305999976,37.25682120700003],[-6.509155584999974,37.25820685900004],[-6.505123676999972,37.25662153600007],[-6.506505862999973,37.25186094700007],[-6.515747873999942,37.247842269000046],[-6.518046611999978,37.24931767600003],[-6.514882678999925,37.24208176800005],[-6.518089176999979,37.24880054600004],[-6.528690884999946,37.25725087200004],[-6.531678341999964,37.26215839300005],[-6.532455121999931,37.265617055000064],[-6.524184256999945,37.276318107000066],[-6.525382282999942,37.288266633000035],[-6.52985277199997,37.30300569800005],[-6.5249594659999275,37.28832123400008],[-6.524209655999925,37.27450331000006]]]]}},{"type":"Feature","properties":{"ClaseSuelo":"SUELO NO URBANIZABLE","NuclRural":"0","AreaLamber":84097.3144469,"Shape_STAr":0.0851047955019},"geometry":{"type":"Polygon","coordinates":[[[-6.52985277199997,37.30300569800005],[-6.524126867999939,37.30465504600005],[-6.520702920999952,37.30161277900004],[-6.516830933999927,37.30250278900007],[-6.503969016999974,37.30920013100007],[-6.494481592999932,37.317688400000065],[-6.471746664999955,37.330574831000035],[-6.466979024999944,37.32528204500005],[-6.465654048999966,37.31387891300005],[-6.459908259999963,37.305668377000075],[-6.447872089999976,37.292298448000054],[-6.432226036999964,37.28474403600006],[-6.427892206999957,37.278445902000044],[-6.423989165999956,37.27691019200006],[-6.4215325259999645,37.27295399800005],[-6.421872833999942,37.26976377900007],[-6.418412395999951,37.26254804400003],[-6.421745246999933,37.25997406300007],[-6.420939871999963,37.25562770600004],[-6.426756963999935,37.244458673000054],[-6.431935666999948,37.22247836300005],[-6.436812832999976,37.21798519300006],[-6.447850030999973,37.21370895200005],[-6.4600213769999755,37.198533017000045],[-6.458212456999945,37.189251961000025],[-6.459511533999944,37.18613272500005],[-6.457245688999933,37.18435195700005],[-6.455974805999972,37.17919954100006],[-6.4619270139999685,37.17121431700008],[-6.459070439999948,37.16609927500008],[-6.461360812999942,37.16004094500005],[-6.4577908189999675,37.14370267700008],[-6.461016633999975,37.13496820000006],[-6.462996929999974,37.13323451800005],[-6.459430669999961,37.12460839200003],[-6.464941659999965,37.11740175600005],[-6.459211661999973,37.11040655100004],[-6.4525003589999415,37.10753905000007],[-6.4477845729999785,37.10327065000007],[-6.437380005999955,37.10427576200004],[-6.4336597639999695,37.10060856400003],[-6.432455664999964,37.09461593000003],[-6.433637510999972,37.08666210600006],[-6.439274574999956,37.08274154700007],[-6.439913394999962,37.079957009000054],[-6.434982915999967,37.073865280000064],[-6.435894756999971,37.06716260200005],[-6.431183971999928,37.06092916400007],[-6.429545576999942,37.05425527500006],[-6.422634035999977,37.04178725100007],[-6.43030261499996,37.027122845000065],[-6.432083096999975,37.01325024100004],[-6.422797460999959,36.988083809000045],[-6.409990698999934,36.969910334000076],[-6.403756783999938,36.96482756900008],[-6.392203107999933,36.949904608000054],[-6.382772075999981,36.94175851600005],[-6.3785768059999555,36.93470606500006],[-6.370729893999965,36.92677512400007],[-6.358412207999947,36.920492919000026],[-6.345299326999964,36.90751925200004],[-6.334341843999937,36.90324136600003],[-6.330693296999925,36.89880266500006],[-6.339513066999928,36.895239168000046],[-6.3449789669999745,36.88912959700008],[-6.3525871999999595,36.857379457000036],[-6.353604667999946,36.83832122700005],[-6.352580558999932,36.82924081600004],[-6.351499475999958,36.82527077300006],[-6.343754548999925,36.81419013300007],[-6.342066905999957,36.80527237600006],[-6.34227825399995,36.80240115500004],[-6.345187291999935,36.79872224800005],[-6.352380292999953,36.79638602400007],[-6.363400961999957,36.79681339600006],[-6.37094256499995,36.79505891100007],[-6.38761214799996,36.80063063600005],[-6.396880300999953,36.807276804000026],[-6.435624753999946,36.885621850000064],[-6.4489492399999335,36.90778723500006],[-6.464846546999979,36.92685751100004],[-6.512426233999975,36.97053405100007],[-6.590277428999968,37.019322455000065],[-6.729456519999928,37.08991771500007],[-6.722482291999938,37.101362348000066],[-6.7247664859999645,37.112398675000065],[-6.736192772999971,37.13841707100005],[-6.7378968379999264,37.15176862100003],[-6.736868102999949,37.17520633100003],[-6.733238788999927,37.181293777000064],[-6.732006639999952,37.18988211200008],[-6.723596173999965,37.19677760500008],[-6.684099027999935,37.22056334600006],[-6.667761695999957,37.23375563600007],[-6.639119458999971,37.24053205800004],[-6.622364967999943,37.24950582300005],[-6.612656246999961,37.25269464400003],[-6.5733183779999536,37.28144866400004],[-6.565664732999949,37.28435538700006],[-6.559045154999978,37.29103241200005],[-6.548542653999959,37.28758212300005],[-6.537393271999974,37.288114316000076],[-6.535029343999952,37.29060849500007],[-6.536106297999936,37.29169345300005],[-6.535318727999936,37.29582523700003],[-6.530231469999933,37.302819799000076],[-6.525382282999942,37.288266633000035],[-6.524184256999945,37.276318107000066],[-6.532455121999931,37.265617055000064],[-6.531678341999964,37.26215839300005],[-6.528690884999946,37.25725087200004],[-6.518089176999979,37.24880054600004],[-6.514843992999943,37.242099575000054],[-6.518046611999978,37.24931767600003],[-6.515747873999942,37.247842269000046],[-6.505836373999955,37.252440282000066],[-6.50599927899998,37.258129490000044],[-6.502739272999975,37.263813097000025],[-6.508811950999927,37.27115729700006],[-6.519133757999953,37.27201460100008],[-6.522931622999977,37.27012479800004],[-6.5249594659999275,37.28832123400008],[-6.52985277199997,37.30300569800005]],[[-6.557436966999944,36.999638197000024],[-6.528800281999963,36.982243408000045],[-6.520670081999981,36.98846408800006],[-6.565497174999962,37.01575913500005],[-6.571466330999954,37.02081260400007],[-6.574188627999945,37.01991678100006],[-6.57696929399998,37.016236941000045],[-6.573442243999978,37.01377441000005],[-6.574426770999935,37.01295376300004],[-6.578081591999933,37.01485351100007],[-6.579523485999971,37.013269120000075],[-6.557436966999944,36.999638197000024]],[[-6.668707178999966,37.17858122400003],[-6.672174901999938,37.17914598900006],[-6.672016481999947,37.17766549600003],[-6.666677139999933,37.17684158800006],[-6.667247095999926,37.180147831000056],[-6.668707178999966,37.17858122400003]],[[-6.491121325999927,37.12956121600007],[-6.487767063999968,37.131332849000046],[-6.483461492999936,37.12824242600004],[-6.476752052999927,37.12718502200005],[-6.47417713599998,37.12433787400005],[-6.471272117999945,37.13267889300005],[-6.472376242999928,37.133880815000055],[-6.470771538999941,37.134033088000024],[-6.470479259999934,37.14250950100006],[-6.4931239499999265,37.14484823400005],[-6.491958294999961,37.14238383400004],[-6.4849375059999375,37.143956907000074],[-6.485770520999949,37.143069844000024],[-6.484568774999957,37.14234319600007],[-6.490866935999975,37.142092615000024],[-6.491007023999941,37.140195402000074],[-6.49256719899995,37.14182592900005],[-6.496555710999928,37.14066384100005],[-6.493864712999937,37.12613292900005],[-6.491121325999927,37.12956121600007]],[[-6.494125526999937,37.143407704000026],[-6.492927788999964,37.143787651000025],[-6.494595948999972,37.14513524600005],[-6.494125526999937,37.143407704000026]],[[-6.618655604999958,37.13795104900004],[-6.616036360999942,37.13607581800005],[-6.613746103999972,37.140002442000025],[-6.616189084999974,37.140707521000024],[-6.618655604999958,37.13795104900004]],[[-6.493439191999926,37.26236926300004],[-6.496175282999957,37.261557122000056],[-6.4931327979999764,37.26017730500007],[-6.493439191999926,37.26236926300004]],[[-6.451986279999971,37.25313931800008],[-6.457089134999933,37.263574092000056],[-6.45960383299996,37.26497754500008],[-6.475148981999951,37.26364829400006],[-6.467258061999928,37.25110675900004],[-6.469344000999968,37.25028914600006],[-6.470147610999959,37.24775740300004],[-6.46367913399996,37.24558593800003],[-6.4602194509999435,37.252744352000036],[-6.451296390999971,37.250779058000035],[-6.451986279999971,37.25313931800008]],[[-6.545976674999963,37.27166310000007],[-6.547535804999939,37.270617567000045],[-6.549209902999962,37.27165012200004],[-6.552665323999975,37.26754366800003],[-6.538244047999967,37.26810392700003],[-6.545273704999943,37.27277632800008],[-6.545976674999963,37.27166310000007]],[[-6.50506915699998,37.27052043700007],[-6.504614637999964,37.27082762500004],[-6.505126756999971,37.271172517000025],[-6.50506915699998,37.27052043700007]],[[-6.512731409999958,37.275242123000055],[-6.515915365999945,37.27467733800006],[-6.510832535999953,37.27277159400006],[-6.510477825999942,37.27427957800006],[-6.512731409999958,37.275242123000055]],[[-6.524637985999959,37.24709818900004],[-6.526117492999958,37.245153092000066],[-6.528908005999938,37.24563543000005],[-6.523318571999937,37.24438673800006],[-6.519446038999945,37.241319790000034],[-6.516615065999929,37.244463488000065],[-6.5191388199999665,37.24938515600007],[-6.52489135899998,37.25349158600005],[-6.5273733889999335,37.24832901600007],[-6.524637985999959,37.24709818900004]],[[-6.535556979999967,37.247906330000035],[-6.531488080999964,37.24637069100004],[-6.529851488999952,37.24750894300007],[-6.5338228469999535,37.249864563000074],[-6.535556979999967,37.247906330000035]],[[-6.505105210999943,37.187943258000075],[-6.505567995999968,37.18463340400007],[-6.500470708999956,37.184572923000076],[-6.500609663999967,37.18794408500003],[-6.505105210999943,37.187943258000075]],[[-6.62683801999998,37.174618946000066],[-6.623635794999927,37.17364324700003],[-6.621095779999962,37.17728707600003],[-6.623276958999952,37.17923200800004],[-6.625473604999968,37.17691974600007],[-6.624897607999969,37.17544263600007],[-6.62683801999998,37.174618946000066]]]}},{"type":"Feature","properties":{"ClaseSuelo":"SUELO URBANIZABLE DELIMITADO O SECTORIZADO","NuclRural":"0","AreaLamber":502.89061788,"Shape_STAr":0.000509942152911},"geometry":{"type":"MultiPolygon","coordinates":[[[[-6.461541562999969,37.26507071200007],[-6.457089134999933,37.263574092000056],[-6.451296390999971,37.250779058000035],[-6.4602194509999435,37.252744352000036],[-6.46367913399996,37.24558593800003],[-6.470147610999959,37.24775740300004],[-6.469344000999968,37.25028914600006],[-6.467258061999928,37.25110675900004],[-6.475148981999951,37.26364829400006],[-6.461541562999969,37.26507071200007]]],[[[-6.491800840999929,37.13093097600006],[-6.490739265999935,37.13083031700006],[-6.4918793269999355,37.12924975300007],[-6.493071309999948,37.131815989000074],[-6.491800840999929,37.13093097600006]]],[[[-6.490939509999976,37.13952145300004],[-6.49313848099996,37.13241216000006],[-6.493571264999957,37.13607765100005],[-6.49223591599997,37.139600287000064],[-6.490939509999976,37.13952145300004]]],[[[-6.4714555679999535,37.13408484200005],[-6.485179134999953,37.14188315000007],[-6.48359415699997,37.14333382600006],[-6.4714555679999535,37.13408484200005]]],[[[-6.520614542999965,37.24533542100005],[-6.5273733889999335,37.24832901600007],[-6.525363743999947,37.25295719800005],[-6.520312043999979,37.24914820400005],[-6.520614542999965,37.24533542100005]]],[[[-6.511550883999973,37.25399074300003],[-6.506531931999973,37.252544631000035],[-6.514120809999952,37.24881576900003],[-6.511922163999941,37.25168273300005],[-6.51391018299995,37.25396180000007],[-6.511550883999973,37.25399074300003]]],[[[-6.517970455999944,37.25411341800003],[-6.516135262999967,37.25372329500004],[-6.5142118839999625,37.248771962000035],[-6.51831518299997,37.25120805900008],[-6.517970455999944,37.25411341800003]]],[[[-6.521868191999943,37.25412465100004],[-6.519637401999944,37.25358835500003],[-6.51872743499996,37.25113208200003],[-6.523340100999974,37.254094458000054],[-6.521868191999943,37.25412465100004]]],[[[-6.50910096299998,37.256420656000046],[-6.507302102999972,37.25532687300006],[-6.509462766999945,37.25447867300005],[-6.511005041999965,37.25621778300007],[-6.50910096299998,37.256420656000046]]],[[[-6.52491667399994,37.25633403000006],[-6.529526957999963,37.260460204000026],[-6.526632312999936,37.26107822600005],[-6.52491667399994,37.25633403000006]]],[[[-6.522922322999932,37.26736244800003],[-6.523964774999968,37.26583900500003],[-6.526366702999951,37.26568252800007],[-6.522922322999932,37.26736244800003]]],[[[-6.5164821899999765,37.27159966800008],[-6.51019503699996,37.27149627600005],[-6.506223827999975,37.26933573900004],[-6.502739272999975,37.263813097000025],[-6.506033864999949,37.25710100500004],[-6.509505364999939,37.25835604800005],[-6.507871225999963,37.25952697100007],[-6.512289955999961,37.260851804000026],[-6.508407949999935,37.263546027000075],[-6.5048765409999305,37.26335809400007],[-6.51284087099998,37.26578530200004],[-6.507381479999935,37.26874916100007],[-6.512179708999952,37.270758286000046],[-6.513654251999981,37.26892193900005],[-6.518479004999961,37.269068221000055],[-6.519076625999958,37.27201718600003],[-6.5164821899999765,37.27159966800008]]],[[[-6.543226358999959,37.27151407300005],[-6.538244047999967,37.26810392700003],[-6.552665323999975,37.26754366800003],[-6.549209902999962,37.27165012200004],[-6.547535804999939,37.270617567000045],[-6.545273704999943,37.27277632800008],[-6.543226358999959,37.27151407300005]]]]}},{"type":"Feature","properties":{"ClaseSuelo":"SUELO URBANIZABLE NO DELIMITADO O SECTORIZADO","NuclRural":"0","AreaLamber":23.59778088,"Shape_STAr":0.0000239159154834},"geometry":{"type":"MultiPolygon","coordinates":[[[[-6.48952186799994,37.137296984000045],[-6.49125969499994,37.14012582500004],[-6.485917091999966,37.14108035500004],[-6.48952186799994,37.137296984000045]]],[[[-6.528173747999972,37.26356028300006],[-6.528172068999936,37.26076478700003],[-6.529526957999963,37.260460204000026],[-6.530103771999961,37.26316942500006],[-6.528656316999957,37.26449056700005],[-6.528173747999972,37.26356028300006]]],[[[-6.519120588999954,37.268977145000065],[-6.522700628999928,37.270191442000055],[-6.519076625999958,37.27201718600003],[-6.519120588999954,37.268977145000065]]]]}},{"type":"Feature","properties":{"ClaseSuelo":"SUELO URBANO","NuclRural":"0","AreaLamber":783.61686769,"Shape_STAr":0.000793087170794},"geometry":{"type":"MultiPolygon","coordinates":[[[[-6.556219574999943,37.00991203500007],[-6.527583322999931,36.99262342000003],[-6.528092349999952,36.991397892000066],[-6.530302444999961,36.992013401000065],[-6.531815033999976,36.98999407100007],[-6.5305080349999685,36.989117425000074],[-6.5290535239999485,36.991211717000056],[-6.525340263999965,36.98910961800004],[-6.524267273999953,36.99054326700008],[-6.522975537999969,36.98977506500006],[-6.529998478999971,36.983039105000046],[-6.551757403999943,36.996241335000036],[-6.549952594999979,36.99721917100004],[-6.550535552999975,36.998188080000034],[-6.552719116999981,36.99684197900007],[-6.556661273999964,36.999190344000056],[-6.557476143999963,37.00023437100003],[-6.55519064899994,37.00164001500008],[-6.558277743999952,37.00184716200005],[-6.55702722999996,37.00086477800005],[-6.557894805999979,36.999909563000074],[-6.566047217999937,37.00527008800003],[-6.56198957099997,37.01347349300005],[-6.556219574999943,37.00991203500007]],[[-6.560763799999961,37.004521201000045],[-6.559232592999933,37.00443965900007],[-6.560161721999975,37.00501684400007],[-6.560763799999961,37.004521201000045]],[[-6.536798504999979,36.99372583000007],[-6.538733777999937,36.99293116700005],[-6.534942266999963,36.99313034200003],[-6.536798504999979,36.99372583000007]],[[-6.541092932999959,36.99273120400005],[-6.541817427999945,36.99317240200003],[-6.542300157999932,36.99263877800007],[-6.541092932999959,36.99273120400005]],[[-6.5378998869999805,36.991814195000075],[-6.540392718999954,36.99066633500007],[-6.537646515999938,36.99021397300004],[-6.5378998869999805,36.991814195000075]],[[-6.53630187899995,36.98828225200003],[-6.535061407999933,36.98847607300007],[-6.536159115999965,36.989234526000075],[-6.53630187899995,36.98828225200003]],[[-6.528647688999968,36.98691056900003],[-6.5283047989999545,36.98662884400005],[-6.527199009999947,36.987769237000066],[-6.528647688999968,36.98691056900003]],[[-6.5302488789999416,36.984884306000026],[-6.5287215729999275,36.98625534900003],[-6.531034131999945,36.98540860500003],[-6.5302488789999416,36.984884306000026]]],[[[-6.481170935999955,37.139365257000065],[-6.471555070999955,37.133412907000036],[-6.476360062999959,37.12719213500003],[-6.483461492999936,37.12824242600004],[-6.488390223999943,37.13144902400006],[-6.490804053999966,37.129145236000056],[-6.490739265999935,37.13083031700006],[-6.493649921999975,37.131890396000074],[-6.49233705499995,37.132330222000064],[-6.490821804999939,37.13907349900006],[-6.48952186799994,37.137296984000045],[-6.485179134999953,37.14188315000007],[-6.481170935999955,37.139365257000065]],[[-6.490247267999962,37.133377980000034],[-6.490154907999965,37.131440087000044],[-6.487926443999925,37.13443229400008],[-6.488678793999952,37.135990743000036],[-6.490484348999928,37.13546832600008],[-6.490247267999962,37.133377980000034]]],[[[-6.500609663999967,37.18794408500003],[-6.501305958999978,37.183668186000034],[-6.505567995999968,37.18463340400007],[-6.505678320999948,37.18768606300006],[-6.500609663999967,37.18794408500003]]],[[[-6.52008144399997,37.26894724600004],[-6.513654251999981,37.26892193900005],[-6.512556932999928,37.26840782700003],[-6.515530886999954,37.26566898300007],[-6.505154825999966,37.26418271800003],[-6.512289955999961,37.260851804000026],[-6.507871225999963,37.25952697100007],[-6.510104053999953,37.258235651000064],[-6.505853438999964,37.25389847100007],[-6.506531931999973,37.252544631000035],[-6.5145304049999595,37.253946101000054],[-6.5142118839999625,37.248771962000035],[-6.516220203999978,37.25377928900008],[-6.518852464999952,37.253739763000056],[-6.51872743499996,37.25113208200003],[-6.519637401999944,37.25358835500003],[-6.521450315999971,37.25309863100006],[-6.525462088999973,37.25611105000007],[-6.524068666999938,37.256742529000064],[-6.526632312999936,37.26107822600005],[-6.52914586299994,37.26215734400006],[-6.52882991499996,37.26491488400006],[-6.523302500999932,37.26625977100008],[-6.521807812999953,37.26762391700004],[-6.52289266899993,37.27013606100007],[-6.52008144399997,37.26894724600004]],[[-6.519094145999929,37.266978979000044],[-6.521366065999928,37.26686689200005],[-6.517865005999965,37.26531889100005],[-6.519094145999929,37.266978979000044]],[[-6.522031369999979,37.26517454100008],[-6.522189391999973,37.264410197000075],[-6.520394519999968,37.26419827400008],[-6.522031369999979,37.26517454100008]],[[-6.515224474999968,37.26000880500004],[-6.5152269109999565,37.25806331900003],[-6.512971022999977,37.258910092000065],[-6.515224474999968,37.26000880500004]],[[-6.519678625999973,37.258380017000036],[-6.518603406999944,37.25893851400008],[-6.5208498369999575,37.258514638000065],[-6.519756525999981,37.25726852200006],[-6.519678625999973,37.258380017000036]],[[-6.524386486999958,37.256399835000025],[-6.523155370999973,37.25484774500006],[-6.522084315999962,37.25591602900005],[-6.524386486999958,37.256399835000025]],[[-6.509459999999933,37.25705831700003],[-6.511005041999965,37.25621778300007],[-6.509462766999945,37.25447867300005],[-6.507302102999972,37.25532687300006],[-6.509459999999933,37.25705831700003]]]]}},{"type":"Feature","properties":{"ClaseSuelo":"SUELO URBANO NO CONSOLIDADO","NuclRural":"0","AreaLamber":94.75818354,"Shape_STAr":0.0000959682896233},"geometry":{"type":"MultiPolygon","coordinates":[[[[-6.511906342999964,37.27074107300007],[-6.507381479999935,37.26874916100007],[-6.515530886999954,37.26566898300007],[-6.511906342999964,37.27074107300007]]],[[[-6.53784402399998,36.991832619000036],[-6.537646515999938,36.99021397300004],[-6.540392718999954,36.99066633500007],[-6.53784402399998,36.991832619000036]]],[[[-6.524267273999953,36.99054326700008],[-6.525303113999939,36.98929176300004],[-6.527936858999965,36.99232718300004],[-6.524267273999953,36.99054326700008]]],[[[-6.541092932999959,36.99273120400005],[-6.542300157999932,36.99263877800007],[-6.541817427999945,36.99317240200003],[-6.541092932999959,36.99273120400005]]],[[[-6.536572582999952,36.993736510000076],[-6.534942266999963,36.99313034200003],[-6.538733777999937,36.99293116700005],[-6.536572582999952,36.993736510000076]]],[[[-6.550356532999956,36.99750951500005],[-6.551757403999943,36.996241335000036],[-6.552719116999981,36.99684197900007],[-6.550356532999956,36.99750951500005]]],[[[-6.556485513999974,37.00199344600003],[-6.554624346999958,37.00082147000006],[-6.556897227999968,37.00084799700005],[-6.556661273999964,36.999190344000056],[-6.558277743999952,37.00184716200005],[-6.556485513999974,37.00199344600003]]],[[[-6.559232592999933,37.00443965900007],[-6.560763799999961,37.004521201000045],[-6.560161721999975,37.00501684400007],[-6.559232592999933,37.00443965900007]]],[[[-6.563149230999954,37.01000821800005],[-6.565995577999956,37.00568704400007],[-6.564316678999944,37.01048613800003],[-6.563149230999954,37.01000821800005]]],[[[-6.487926443999925,37.13443229400008],[-6.490758801999959,37.13163062000007],[-6.490484348999928,37.13546832600008],[-6.488678793999952,37.135990743000036],[-6.487926443999925,37.13443229400008]]],[[[-6.61371576099998,37.139778368000066],[-6.616036360999942,37.13607581800005],[-6.618655604999958,37.13795104900004],[-6.616189084999974,37.140707521000024],[-6.61371576099998,37.139778368000066]]],[[[-6.623945307999975,37.175694529000054],[-6.623550257999966,37.17415983800004],[-6.624790252999958,37.17478647200005],[-6.623945307999975,37.175694529000054]]],[[[-6.6216034429999695,37.17776940400006],[-6.621448329999964,37.17611757700007],[-6.623774233999939,37.175842301000046],[-6.6240167009999595,37.17791522500005],[-6.6216034429999695,37.17776940400006]]],[[[-6.666997245999937,37.17735253700005],[-6.668941214999961,37.17813685300007],[-6.667990492999934,37.180277569000054],[-6.666997245999937,37.17735253700005]]],[[[-6.513871691999952,37.25388646700003],[-6.511922163999941,37.25168273300005],[-6.514607276999925,37.24970592300008],[-6.515274007999949,37.25261894600004],[-6.513871691999952,37.25388646700003]]],[[[-6.524295338999934,37.25549392000005],[-6.523613449999971,37.253862868000056],[-6.525380015999929,37.25603113600005],[-6.524295338999934,37.25549392000005]]],[[[-6.522762386999943,37.25651091300006],[-6.523155370999973,37.25484774500006],[-6.524386486999958,37.256399835000025],[-6.522762386999943,37.25651091300006]]],[[[-6.509300036999946,37.25827837800006],[-6.506736746999934,37.25603011000004],[-6.510104053999953,37.258235651000064],[-6.509300036999946,37.25827837800006]]],[[[-6.518603406999944,37.25893851400008],[-6.519756525999981,37.25726852200006],[-6.5208498369999575,37.258514638000065],[-6.518603406999944,37.25893851400008]]],[[[-6.5203475539999545,37.26461807100003],[-6.522189391999973,37.264410197000075],[-6.522031369999979,37.26517454100008],[-6.5203475539999545,37.26461807100003]]],[[[-6.519094145999929,37.266978979000044],[-6.517865005999965,37.26531889100005],[-6.521366065999928,37.26686689200005],[-6.519094145999929,37.266978979000044]]],[[[-6.523122116999957,37.27015931700004],[-6.521807812999953,37.26762391700004],[-6.525030089999973,37.26746891800008],[-6.522728446999963,37.26836057700007],[-6.523122116999957,37.27015931700004]]]]}},{"type":"Feature","properties":{"ClaseSuelo":"SUELO URBANIZABLE DELIMITADO O SECTORIZADO","NuclRural":"0","AreaLamber":24.18296781,"Shape_STAr":0.0000245689330939},"geometry":{"type":"MultiPolygon","coordinates":[[[[-6.4451913559999525,37.389655907000076],[-6.452316283999949,37.39002970300004],[-6.451777135999976,37.39259395700003],[-6.444805892999966,37.39154121100006],[-6.4451913559999525,37.389655907000076]]],[[[-6.424754994999944,37.38870315200006],[-6.422373919999927,37.387106722000055],[-6.42705235699998,37.387800499000036],[-6.426198239999962,37.38965120000006],[-6.424754994999944,37.38870315200006]]],[[[-6.441001989999961,37.38937417600005],[-6.443454728999939,37.39137209300003],[-6.442029958999967,37.39116335400007],[-6.441001989999961,37.38937417600005]]]]}},{"type":"Feature","properties":{"ClaseSuelo":"SUELO URBANO","NuclRural":"0","AreaLamber":69.93482574,"Shape_STAr":0.0000710512890245},"geometry":{"type":"Polygon","coordinates":[[[-6.43765151599996,37.387681378000025],[-6.440463497999929,37.387103040000056],[-6.442668651999952,37.39207531000005],[-6.440608115999964,37.39260407100005],[-6.437362753999935,37.39064396100008],[-6.427431424999952,37.39237457400003],[-6.426366050999945,37.39100190400006],[-6.428037505999953,37.38997589200005],[-6.425858837999954,37.38927220700003],[-6.4276780449999364,37.38807489100003],[-6.423008157999959,37.386886505000064],[-6.4259444979999785,37.38691666300008],[-6.426584423999941,37.384291028000064],[-6.432685864999939,37.38848236200005],[-6.437423894999938,37.38744710200007],[-6.435471870999947,37.38837738900003],[-6.437942864999968,37.38893337300004],[-6.43765151599996,37.387681378000025]],[[-6.430331128999967,37.38918091900007],[-6.429724335999936,37.38915239900007],[-6.430197663999934,37.389400658000056],[-6.430331128999967,37.38918091900007]],[[-6.427924642999926,37.386627291000025],[-6.42772869099997,37.38643007300004],[-6.427177871999959,37.38678972100007],[-6.427924642999926,37.386627291000025]],[[-6.431906529999935,37.38901791100005],[-6.431332749999967,37.38927051400003],[-6.432646561999945,37.38942121200006],[-6.431906529999935,37.38901791100005]],[[-6.428572095999925,37.38596167700007],[-6.428605166999944,37.38656407000008],[-6.429003587999944,37.38606165500005],[-6.428572095999925,37.38596167700007]],[[-6.431774918999963,37.39004342700008],[-6.431155548999925,37.39002405600007],[-6.430944034999925,37.39057971400007],[-6.431774918999963,37.39004342700008]],[[-6.428134862999968,37.388789264000025],[-6.427543833999948,37.388514548000046],[-6.427187308999976,37.38921166800003],[-6.428134862999968,37.388789264000025]]]}},{"type":"Feature","properties":{"ClaseSuelo":"SUELO URBANO NO CONSOLIDADO","NuclRural":"0","AreaLamber":7.11380263,"Shape_STAr":0.00000722726040416},"geometry":{"type":"MultiPolygon","coordinates":[[[[-6.4369360009999355,37.38780236800005],[-6.437942864999968,37.38893337300004],[-6.435471870999947,37.38837738900003],[-6.4369360009999355,37.38780236800005]]],[[[-6.428735167999946,37.38548622300004],[-6.428049716999965,37.385049784000046],[-6.429884606999963,37.38473917400006],[-6.428735167999946,37.38548622300004]]],[[[-6.429170339999928,37.385894327000074],[-6.430232547999935,37.38611362300003],[-6.429941215999975,37.38652372700005],[-6.429170339999928,37.385894327000074]]],[[[-6.42844396199996,37.38586018800004],[-6.429003587999944,37.38606165500005],[-6.428605166999944,37.38656407000008],[-6.42844396199996,37.38586018800004]]],[[[-6.427177871999959,37.38678972100007],[-6.42772869099997,37.38643007300004],[-6.427924642999926,37.386627291000025],[-6.427177871999959,37.38678972100007]]],[[[-6.426801646999934,37.38811800700006],[-6.42705235699998,37.387800499000036],[-6.4276780449999364,37.38807489100003],[-6.426801646999934,37.38811800700006]]],[[[-6.440778568999974,37.38707173100005],[-6.441006110999979,37.38820411700004],[-6.440276127999937,37.388148321000074],[-6.440778568999974,37.38707173100005]]],[[[-6.432362783999963,37.388263702000074],[-6.431273893999958,37.387859193000054],[-6.4331500489999485,37.387974099000076],[-6.432362783999963,37.388263702000074]]],[[[-6.427345786999979,37.38883879100007],[-6.428134862999968,37.388789264000025],[-6.427187308999976,37.38921166800003],[-6.427345786999979,37.38883879100007]]],[[[-6.429750161999948,37.38925616900008],[-6.430331128999967,37.38918091900007],[-6.430197663999934,37.389400658000056],[-6.429750161999948,37.38925616900008]]],[[[-6.432035877999965,37.38940794300004],[-6.431332749999967,37.38927051400003],[-6.432646561999945,37.38942121200006],[-6.432035877999965,37.38940794300004]]],[[[-6.430944034999925,37.39057971400007],[-6.431155548999925,37.39002405600007],[-6.431774918999963,37.39004342700008],[-6.430944034999925,37.39057971400007]]],[[[-6.4302911169999675,37.392535069000076],[-6.431069251999929,37.39217065500003],[-6.431001467999977,37.39257262000007],[-6.4302911169999675,37.392535069000076]]],[[[-6.440806039999927,37.392083624000065],[-6.4416557499999385,37.39198911200003],[-6.441279213999962,37.39298909400003],[-6.440806039999927,37.392083624000065]]]]}},{"type":"Feature","properties":{"ClaseSuelo":"SUELO NO URBANIZABLE","NuclRural":"0","AreaLamber":28601.5148718,"Shape_STAr":0.0291568961363},"geometry":{"type":"Polygon","coordinates":[[[-7.059221410999953,37.614188195000054],[-7.068794236999963,37.60015761500006],[-7.080941568999947,37.59083825600004],[-7.099781772999961,37.60699268600007],[-7.133079919999943,37.62742961300006],[-7.134558111999979,37.63039523100008],[-7.152730646999942,37.64494256800003],[-7.15524937999993,37.66267919500007],[-7.149163959999953,37.66367731300005],[-7.147347857999932,37.662399175000076],[-7.134696012999939,37.67226553900008],[-7.12239724899996,37.67629047400004],[-7.129751372999976,37.684445734000064],[-7.129684680999958,37.688348236000024],[-7.13328284499994,37.68864536700005],[-7.139925731999938,37.68438581400005],[-7.143619418999947,37.68497651400003],[-7.1467648259999805,37.687522960000024],[-7.150725856999941,37.68457317700006],[-7.15408251599996,37.69191283400005],[-7.145717898999976,37.698224405000076],[-7.13951289299996,37.699775740000064],[-7.13456701399997,37.70358841800004],[-7.1330960229999505,37.706900689000065],[-7.125124590999974,37.709531076000076],[-7.12263018799996,37.72138195300005],[-7.080892153999969,37.720809012000075],[-7.074604593999936,37.723810007000054],[-7.069910664999952,37.72941279300005],[-7.070051405999948,37.73694713700007],[-7.068097768999962,37.745175362000055],[-7.063697996999963,37.754316688000074],[-7.06068985099995,37.757185750000076],[-7.058958354999959,37.765973649000045],[-7.054139369999973,37.76976968500003],[-7.04398404799997,37.784963237000056],[-7.027714138999954,37.77879245200006],[-7.015107619999981,37.77589030400003],[-6.974597216999939,37.782714577000036],[-6.94842332099995,37.79652145100005],[-6.934339584999975,37.80150593700006],[-6.921944364999945,37.817187800000056],[-6.921832259999974,37.810354636000056],[-6.91813517199995,37.802064502000064],[-6.921221526999943,37.78487393800003],[-6.908335458999943,37.77640271900003],[-6.902598482999963,37.77046769300006],[-6.8937422699999615,37.76518504200004],[-6.862489486999948,37.769484334000026],[-6.863456706999955,37.779991927000026],[-6.853578966999976,37.72332193900007],[-6.868510253999943,37.721931709000046],[-6.8753928389999714,37.71582325700007],[-6.894972788999951,37.70710635800003],[-6.9177825389999725,37.703620612000066],[-6.963093906999973,37.70142045600005],[-6.963974451999945,37.698373237000055],[-6.961824971999931,37.69632871700003],[-6.961684269999978,37.69326180400003],[-6.965558726999973,37.69194243900006],[-6.966677177999941,37.68889620300007],[-6.9642306169999415,37.68318655500008],[-6.966848046999928,37.67849550600005],[-6.969534228999976,37.67871131000004],[-6.972918856999968,37.67630027000007],[-6.973797011999977,37.66897439000007],[-6.977509095999949,37.66655218600005],[-7.000020596999946,37.667952083000046],[-7.009965081999951,37.66555136000005],[-7.039716993999946,37.63790870100007],[-7.0557522639999775,37.619315820000054],[-7.055743482999958,37.61728040700007],[-7.059724691999975,37.615945357000044],[-7.059221410999953,37.614188195000054]],[[-6.944016952999959,37.732227796000075],[-6.943546813999944,37.73087497300003],[-6.942234677999977,37.731934237000075],[-6.936214258999939,37.73092594600007],[-6.930866268999978,37.73550769700006],[-6.941493854999976,37.73653114900003],[-6.944448903999955,37.734535598000036],[-6.944194025999934,37.73248349700003],[-6.946005729999968,37.73218538700007],[-6.944016952999959,37.732227796000075]],[[-7.064242859999979,37.656131075000076],[-7.065699410999969,37.65521628600004],[-7.062763301999951,37.654666459000055],[-7.062642316999927,37.662079376000065],[-7.065707256999929,37.659489147000045],[-7.066145666999944,37.65772848000006],[-7.064242859999979,37.656131075000076]],[[-7.070745023999962,37.68220323200006],[-7.070551746999968,37.68339528700005],[-7.071838920999937,37.68195656600005],[-7.073591799999974,37.68315215000007],[-7.073290678999967,37.68187024300005],[-7.075830543999928,37.68078852300005],[-7.074690134999969,37.67964544000006],[-7.073658430999956,37.68172441400003],[-7.072126217999937,37.679851144000054],[-7.071162694999941,37.68144967500007],[-7.068784373999961,37.681509291000054],[-7.070745023999962,37.68220323200006]],[[-6.92431851799995,37.730462026000055],[-6.9246523739999475,37.731944577000036],[-6.925730888999965,37.73167187400003],[-6.92431851799995,37.730462026000055]]]}},{"type":"Feature","properties":{"ClaseSuelo":"SUELO URBANIZABLE DELIMITADO O SECTORIZADO","NuclRural":"0","AreaLamber":14.29754564,"Shape_STAr":0.0000145643625632},"geometry":{"type":"Polygon","coordinates":[[[-7.064242859999979,37.656131075000076],[-7.066145666999944,37.65772848000006],[-7.065707256999929,37.659489147000045],[-7.062642316999927,37.662079376000065],[-7.062763301999951,37.654666459000055],[-7.065699410999969,37.65521628600004],[-7.064242859999979,37.656131075000076]]]}},{"type":"Feature","properties":{"ClaseSuelo":"SUELO URBANO","NuclRural":"0","AreaLamber":51.98771487,"Shape_STAr":0.000053014944239},"geometry":{"type":"MultiPolygon","coordinates":[[[[-6.940437326999927,37.73647179000005],[-6.930874416999927,37.73532152300004],[-6.936214258999939,37.73092594600007],[-6.940208423999934,37.73102563400005],[-6.941215603999979,37.73252940400005],[-6.941106110999954,37.730887308000035],[-6.942234677999977,37.731934237000075],[-6.9437467619999325,37.730978384000025],[-6.944219946999965,37.733393696000064],[-6.942967089999968,37.73336526000003],[-6.944448903999955,37.734535598000036],[-6.940437326999927,37.73647179000005]],[[-6.942800567999939,37.73320406700003],[-6.941792792999934,37.73376413200003],[-6.943082409999931,37.73383756800007],[-6.942800567999939,37.73320406700003]],[[-6.936049049999951,37.733885686000065],[-6.935647656999947,37.73226760700004],[-6.934624982999935,37.732706945000075],[-6.936049049999951,37.733885686000065]],[[-6.93484080199994,37.73350739600005],[-6.934304003999955,37.73294442100007],[-6.93312537099996,37.733729106000055],[-6.93484080199994,37.73350739600005]],[[-6.93891648999994,37.73197203800004],[-6.939473864999968,37.73341772900005],[-6.941017285999976,37.732737487000065],[-6.93891648999994,37.73197203800004]]],[[[-7.070500712999944,37.682682072000034],[-7.068784373999961,37.681509291000054],[-7.070935150999958,37.681854369000064],[-7.07202250499995,37.67988750100005],[-7.073658430999956,37.68172441400003],[-7.074690134999969,37.67964544000006],[-7.075830543999928,37.68078852300005],[-7.073290678999967,37.68187024300005],[-7.073591799999974,37.68315215000007],[-7.07254932099994,37.68196476500003],[-7.070500712999944,37.682682072000034]]],[[[-6.924372164999966,37.73026859500004],[-6.925730888999965,37.73167187400003],[-6.9246523739999475,37.731944577000036],[-6.924372164999966,37.73026859500004]]]]}},{"type":"Feature","properties":{"ClaseSuelo":"SUELO URBANO NO CONSOLIDADO","NuclRural":"0","AreaLamber":9.82565484,"Shape_STAr":0.0000100202568761},"geometry":{"type":"MultiPolygon","coordinates":[[[[-6.943125461999955,37.73374069800008],[-6.945780342999967,37.731467929000075],[-6.946005729999968,37.73218538700007],[-6.943125461999955,37.73374069800008]]],[[[-7.070006588999945,37.68120127000003],[-7.071162694999941,37.68144967500007],[-7.070935150999958,37.681854369000064],[-7.070006588999945,37.68120127000003]]],[[[-7.070064769999931,37.681757540000035],[-7.0709084449999295,37.681913035000036],[-7.070745023999962,37.68220323200006],[-7.070064769999931,37.681757540000035]]],[[[-6.938669078999965,37.73160981400008],[-6.9401297289999775,37.731027546000064],[-6.939527539999972,37.73198283600004],[-6.938669078999965,37.73160981400008]]],[[[-6.934752602999936,37.73198584000005],[-6.9358380549999765,37.73213633100005],[-6.934591500999943,37.732608983000034],[-6.934752602999936,37.73198584000005]]],[[[-6.939778441999977,37.731846278000035],[-6.941106110999954,37.730887308000035],[-6.941215603999979,37.73252940400005],[-6.939778441999977,37.731846278000035]]],[[[-6.939473864999968,37.73341772900005],[-6.93891648999994,37.73197203800004],[-6.941050157999939,37.73259802200005],[-6.939473864999968,37.73341772900005]]],[[[-6.934627808999949,37.73380333500006],[-6.93312537099996,37.733729106000055],[-6.9343301639999595,37.73294193900006],[-6.934627808999949,37.73380333500006]]],[[[-6.935398264999947,37.73231085400005],[-6.936035710999931,37.733901124000056],[-6.934931788999961,37.733500606000064],[-6.935398264999947,37.73231085400005]]],[[[-6.942283810999925,37.73375289300003],[-6.942800567999939,37.73320406700003],[-6.943082409999931,37.73383756800007],[-6.942283810999925,37.73375289300003]]]]}},{"type":"Feature","properties":{"ClaseSuelo":"SUELO NO URBANIZABLE","NuclRural":"0","AreaLamber":4296.26652818,"Shape_STAr":0.00435960500522},"geometry":{"type":"MultiPolygon","coordinates":[[[[-6.84346620599996,37.371703670000045],[-6.843561288999979,37.367016490000026],[-6.825047299999937,37.32902216000008],[-6.819741819999933,37.321015970000076],[-6.816176329999962,37.311491610000076],[-6.82183686999997,37.31130721000005],[-6.827532849999955,37.30195095000005],[-6.837086069999941,37.29959446000004],[-6.841574029999947,37.296633900000074],[-6.843465289999926,37.29704691000006],[-6.8477159899999265,37.303744350000045],[-6.854565540999943,37.30285287000004],[-6.85654188999996,37.29837390000006],[-6.84958778999993,37.292242120000026],[-6.8501352989999305,37.28279463100006],[-6.8626895799999375,37.27437940000004],[-6.871656399999949,37.27036004000007],[-6.878863079999974,37.26227895000005],[-6.87980435999998,37.263816760000054],[-6.878338970999948,37.26600883000003],[-6.87041378999993,37.272799630000065],[-6.862478790999944,37.27523914900007],[-6.850878159999979,37.28340089000005],[-6.852384269999959,37.29281075000006],[-6.858030269999972,37.29914876000004],[-6.852623419999929,37.30478424000006],[-6.855487914999969,37.310902261000024],[-6.863667859999964,37.316972520000036],[-6.866737309999962,37.32360143000005],[-6.887444719999962,37.34564124000008],[-6.892298509999932,37.35463395100004],[-6.90235550999995,37.36077919000007],[-6.905763639999975,37.365999490000036],[-6.903679179999926,37.364978379000036],[-6.900000929999976,37.36652318000006],[-6.898770279999951,37.36477114000007],[-6.8958121599999345,37.36714784000003],[-6.889445909999949,37.366042390000075],[-6.887386508999953,37.368344250000064],[-6.884076239999956,37.367624360000036],[-6.876883730999964,37.369977591000065],[-6.875087769999936,37.37345970000007],[-6.870058109999945,37.37442632900007],[-6.864811059999965,37.38017431000003],[-6.866034259999935,37.38750316000005],[-6.862987258999965,37.394341170000075],[-6.85887017999994,37.39661975900003],[-6.8555293599999345,37.40364415000005],[-6.854432739999936,37.39962809900004],[-6.85537077999993,37.39432462000008],[-6.846552938999935,37.386362560000066],[-6.84346620599996,37.371703670000045]],[[-6.843427281999936,37.33016397500006],[-6.8426495789999535,37.32701818400005],[-6.84456711699994,37.323478274000024],[-6.841416271999947,37.32641851300008],[-6.840993690999937,37.329468347000045],[-6.842126183999937,37.33085026600003],[-6.843427281999936,37.33016397500006]],[[-6.8405058799999665,37.32434009600007],[-6.83894728599995,37.32447487600007],[-6.837399714999947,37.32820181900007],[-6.840823679999971,37.328515035000066],[-6.8405058799999665,37.32434009600007]],[[-6.845793054999945,37.322143968000034],[-6.849174069999947,37.31332586600007],[-6.847962867999968,37.31354328600003],[-6.849337539999965,37.31202259400004],[-6.848286342999927,37.308938055000056],[-6.825712229999965,37.31664276600003],[-6.826888316999941,37.31913821100005],[-6.835221027999978,37.319639875000064],[-6.8376118399999655,37.32204339900005],[-6.845793054999945,37.322143968000034]],[[-6.837096170999928,37.32224338100008],[-6.834344163999958,37.32004167400004],[-6.83503946299993,37.32308345200005],[-6.837096170999928,37.32224338100008]],[[-6.823383827999976,37.31737749500007],[-6.821840090999956,37.31759565200008],[-6.821905434999962,37.31921326300005],[-6.825044413999933,37.319266008000056],[-6.823383827999976,37.31737749500007]],[[-6.8493410079999535,37.31307568300008],[-6.846728492999944,37.32188352600008],[-6.850197880999929,37.32062766100006],[-6.8540285519999316,37.31301472500007],[-6.8493410079999535,37.31307568300008]]],[[[-6.760214119999944,37.332392380000044],[-6.753603159999955,37.33098719000003],[-6.751907449999976,37.329104150000035],[-6.751589069999966,37.32588012000008],[-6.75522731999996,37.32146743000004],[-6.7559833199999275,37.32283075000004],[-6.768115979999948,37.315507909000075],[-6.775367800999959,37.31301533900006],[-6.781191010999976,37.313982330000044],[-6.779900459999965,37.312311960000045],[-6.781812349999939,37.309503171000074],[-6.785963419999973,37.310927280000044],[-6.788802669999939,37.309318000000076],[-6.793209609999963,37.30989437000005],[-6.788928449999958,37.32861142000007],[-6.783928359999948,37.33426381100003],[-6.767901489999929,37.33635410100004],[-6.760214119999944,37.332392380000044]]]]}},{"type":"Feature","properties":{"ClaseSuelo":"SUELO NO URBANIZABLE","NuclRural":"1","AreaLamber":30.87537082,"Shape_STAr":0.0000313213460084},"geometry":{"type":"Polygon","coordinates":[[[-6.832381722999969,37.315452597000046],[-6.834073350999972,37.31853767700005],[-6.838715424999975,37.318542801000035],[-6.839078610999934,37.320263959000044],[-6.842020704999925,37.319947574000025],[-6.841867432999948,37.321155099000066],[-6.8376118399999655,37.32204339900005],[-6.836952852999957,37.32015399800008],[-6.826888316999941,37.31913821100005],[-6.826024454999981,37.31780223000004],[-6.825712229999965,37.31664276600003],[-6.832381722999969,37.315452597000046]]]}},{"type":"Feature","properties":{"ClaseSuelo":"SUELO URBANIZABLE DELIMITADO O SECTORIZADO","NuclRural":"0","AreaLamber":60.42473187,"Shape_STAr":0.000061296098601},"geometry":{"type":"MultiPolygon","coordinates":[[[[-6.847237682999946,37.32188053200008],[-6.8486181409999745,37.315646196000046],[-6.851880727999969,37.31575701100007],[-6.851012085999969,37.31440100400005],[-6.8540285519999316,37.31301472500007],[-6.850197880999929,37.32062766100006],[-6.847237682999946,37.32188053200008]]],[[[-6.849087526999938,37.31184202600008],[-6.846600827999964,37.31045370100003],[-6.848286342999927,37.308938055000056],[-6.849096570999961,37.31306094200005],[-6.849087526999938,37.31184202600008]]],[[[-6.833498837999969,37.317347674000075],[-6.83568648399995,37.31520351100005],[-6.83969542799997,37.31548749700005],[-6.837838544999954,37.31717208800006],[-6.838715424999975,37.318542801000035],[-6.83698609299995,37.31917651900005],[-6.833498837999969,37.317347674000075]]],[[[-6.841976527999975,37.32166096000003],[-6.8435796229999255,37.31814366100008],[-6.847736865999934,37.318213601000025],[-6.846656910999968,37.32187923500004],[-6.843517754999937,37.32287962800007],[-6.841976527999975,37.32166096000003]]]]}},{"type":"Feature","properties":{"ClaseSuelo":"SUELO URBANO","NuclRural":"0","AreaLamber":92.43425375,"Shape_STAr":0.0000937649224927},"geometry":{"type":"MultiPolygon","coordinates":[[[[-6.841344926999966,37.32179876600003],[-6.842020704999925,37.319947574000025],[-6.840286264999975,37.32061065600004],[-6.838664986999959,37.318471000000045],[-6.840422344999979,37.31655247700007],[-6.83969542799997,37.31548749700005],[-6.83568648399995,37.31520351100005],[-6.834881912999947,37.31676106300006],[-6.834043770999926,37.31506345300005],[-6.8308172269999545,37.31645368400007],[-6.827637304999939,37.31502911800004],[-6.846600827999964,37.31045370100003],[-6.848041130999945,37.31364698600004],[-6.8491945739999665,37.313149191000036],[-6.847736865999934,37.318213601000025],[-6.8435796229999255,37.31814366100008],[-6.841344926999966,37.32179876600003]],[[-6.845487754999965,37.31650168800007],[-6.844660487999931,37.31739860600004],[-6.845214253999927,37.317503405000025],[-6.845487754999965,37.31650168800007]],[[-6.847065619999967,37.313960671000075],[-6.846302388999959,37.310542190000035],[-6.844128266999974,37.311267359000055],[-6.844689981999977,37.314563802000066],[-6.847065619999967,37.313960671000075]],[[-6.840496496999947,37.31379670900003],[-6.839842122999926,37.31353278900008],[-6.839764799999955,37.31406558800006],[-6.840496496999947,37.31379670900003]],[[-6.840355281999962,37.313479734000055],[-6.840788089999933,37.31304041300007],[-6.840240321999943,37.312899999000024],[-6.840355281999962,37.313479734000055]]],[[[-6.853508265999949,37.30693405900007],[-6.855825597999967,37.31079078500005],[-6.855487914999969,37.310902261000024],[-6.853508265999949,37.30693405900007]]],[[[-6.850535822999973,37.312663034000025],[-6.852281973999936,37.31207716800003],[-6.853253421999966,37.313624434000076],[-6.851012085999969,37.31440100400005],[-6.850535822999973,37.312663034000025]]],[[[-6.834983464999937,37.32131181600005],[-6.834344163999958,37.32004167400004],[-6.835771542999964,37.32004303900004],[-6.837096170999928,37.32224338100008],[-6.83503946299993,37.32308345200005],[-6.834983464999937,37.32131181600005]]]]}},{"type":"Feature","properties":{"ClaseSuelo":"SUELO URBANO NO CONSOLIDADO","NuclRural":"0","AreaLamber":57.63380359,"Shape_STAr":0.0000584673654901},"geometry":{"type":"MultiPolygon","coordinates":[[[[-6.841809135999938,37.330464773000074],[-6.841464910999946,37.32621436200003],[-6.84456711699994,37.323478274000024],[-6.8426495789999535,37.32701818400005],[-6.843889514999944,37.330128745000025],[-6.841809135999938,37.330464773000074]]],[[[-6.840355281999962,37.313479734000055],[-6.840240321999943,37.312899999000024],[-6.840788089999933,37.31304041300007],[-6.840355281999962,37.313479734000055]]],[[[-6.847685475999981,37.31180643600004],[-6.848710926999956,37.311400785000046],[-6.849096570999961,37.31306094200005],[-6.847685475999981,37.31180643600004]]],[[[-6.839740474999928,37.313711297000054],[-6.840496496999947,37.31379670900003],[-6.839764799999955,37.31406558800006],[-6.839740474999928,37.313711297000054]]],[[[-6.845493791999957,37.31466698200006],[-6.844128266999974,37.311267359000055],[-6.846302388999959,37.310542190000035],[-6.847065619999967,37.313960671000075],[-6.845493791999957,37.31466698200006]]],[[[-6.849867764999942,37.31584392700006],[-6.8486181409999745,37.315646196000046],[-6.8499087629999735,37.31286985000003],[-6.851880727999969,37.31575701100007],[-6.849867764999942,37.31584392700006]]],[[[-6.8322009939999475,37.31644290600008],[-6.834043770999926,37.31506345300005],[-6.834881912999947,37.31676106300006],[-6.8322009939999475,37.31644290600008]]],[[[-6.844660487999931,37.31739860600004],[-6.845487754999965,37.31650168800007],[-6.845214253999927,37.317503405000025],[-6.844660487999931,37.31739860600004]]],[[[-6.839843693999967,37.31623626800007],[-6.838664986999959,37.318471000000045],[-6.837838544999954,37.31717208800006],[-6.839843693999967,37.31623626800007]]],[[[-6.8221758409999325,37.319223314000055],[-6.821840090999956,37.31759565200008],[-6.824795649999942,37.31762644200006],[-6.825044413999933,37.319266008000056],[-6.8221758409999325,37.319223314000055]]],[[[-6.839078610999934,37.320263959000044],[-6.838880247999953,37.31924560200008],[-6.840286264999975,37.32061065600004],[-6.839078610999934,37.320263959000044]]],[[[-6.842085850999979,37.32084210800008],[-6.842219134999937,37.31995554000008],[-6.842889141999933,37.321057601000064],[-6.842085850999979,37.32084210800008]]],[[[-6.839466781999931,37.32443121700004],[-6.841401825999981,37.32509688500005],[-6.840823679999971,37.328515035000066],[-6.837328362999926,37.32803724100006],[-6.839466781999931,37.32443121700004]]]]}}]}