{"type":"FeatureCollection","features":[{"type":"Feature","properties":{"ClaseSuelo":"SUELO URBANIZABLE DELIMITADO O SECTORIZADO","NuclRural":"0","AreaLamber":130.40915616,"Shape_STAr":0.00013224878873},"geometry":{"type":"MultiPolygon","coordinates":[[[[-3.6256818759999305,37.074420048000036],[-3.6271277139999256,37.07323198200004],[-3.6258719489999294,37.07471783600005],[-3.6295059959999776,37.08025553600004],[-3.624224313999946,37.08050235800005],[-3.615851015999965,37.08409178100004],[-3.6256818759999305,37.074420048000036]]],[[[-3.649065964999977,37.077665368000055],[-3.6514560109999366,37.069002444000034],[-3.653861746999951,37.07108294500006],[-3.6508209259999376,37.07637858700008],[-3.650634820999926,37.08164415600004],[-3.648339284999963,37.08165759900004],[-3.649065964999977,37.077665368000055]]],[[[-3.649116595999942,37.07443149000005],[-3.647790541999939,37.084543231000055],[-3.6461527189999288,37.08471363500007],[-3.644630715999938,37.083184188000075],[-3.649116595999942,37.07443149000005]]],[[[-3.6435999859999697,37.086969544000056],[-3.6390802039999244,37.08659304500003],[-3.636189915999978,37.08434168300005],[-3.63712828499996,37.08229791200006],[-3.6442097099999273,37.08359896600007],[-3.6480041689999325,37.08757432400006],[-3.6435999859999697,37.086969544000056]]],[[[-3.6304985679999504,37.09154646600007],[-3.625518693999936,37.08942873500007],[-3.630703060999963,37.091110395000044],[-3.6308138119999285,37.090018100000066],[-3.6304985679999504,37.09154646600007]]]]}},{"type":"Feature","properties":{"ClaseSuelo":"SUELO URBANO","NuclRural":"0","AreaLamber":402.96094813,"Shape_STAr":0.000408662284403},"geometry":{"type":"MultiPolygon","coordinates":[[[[-3.635814514999936,37.09859591500003],[-3.635839490999956,37.095572435000065],[-3.6332009999999286,37.095376636000026],[-3.6337933609999595,37.09134126300006],[-3.6230328949999375,37.089243633000024],[-3.6221926229999326,37.08141280900003],[-3.6295059959999776,37.08025553600004],[-3.6258719489999294,37.07471783600005],[-3.6324723399999357,37.06947013400003],[-3.6366882729999475,37.06822180800003],[-3.638946770999951,37.07448234700007],[-3.636189915999978,37.08434168300005],[-3.6408165359999316,37.08751598300006],[-3.6397975459999543,37.090720830000066],[-3.6414609239999436,37.093074251000075],[-3.6395722649999698,37.092801103000056],[-3.6389045539999643,37.09495014500004],[-3.6361761889999684,37.096247650000066],[-3.637203432999968,37.09877008700005],[-3.635814514999936,37.09859591500003]]],[[[-3.651867288999938,37.06773071300006],[-3.6529970899999284,37.067028891000064],[-3.6528512409999507,37.06973988900006],[-3.651867288999938,37.06773071300006]]],[[[-3.6482728939999447,37.082179910000036],[-3.650634820999926,37.08164415600004],[-3.6508209259999376,37.07637858700008],[-3.6549632079999697,37.07999764300007],[-3.648554659999945,37.084313777000034],[-3.6482728939999447,37.082179910000036]]],[[[-3.616993346999948,37.09133140500006],[-3.613330886999961,37.090787884000065],[-3.611485982999966,37.08784838300005],[-3.6188988799999606,37.082872949000034],[-3.6202948929999366,37.085687395000036],[-3.6191073039999537,37.086387108000054],[-3.6210129939999547,37.086748371000056],[-3.621032990999936,37.08826074000007],[-3.6195979829999487,37.087048082000024],[-3.6178714649999506,37.08824258100003],[-3.6197364639999705,37.09121365400006],[-3.616993346999948,37.09133140500006]]],[[[-3.651206434999949,37.09180767200007],[-3.6487852659999476,37.087663005000024],[-3.650144065999939,37.083427665000045],[-3.648865692999948,37.08756317800004],[-3.652126404999933,37.08772004100007],[-3.6541250269999637,37.09055870200007],[-3.651206434999949,37.09180767200007]]],[[[-3.6455801869999505,37.09315739500005],[-3.6413367749999566,37.091204978000064],[-3.6410287369999423,37.087477042000046],[-3.6480041689999325,37.08757432400006],[-3.647211426999945,37.092964352000024],[-3.6455801869999505,37.09315739500005]]]]}},{"type":"Feature","properties":{"ClaseSuelo":"SUELO NO URBANIZABLE","NuclRural":"0","AreaLamber":8588.99404727,"Shape_STAr":0.00870252488425},"geometry":{"type":"Polygon","coordinates":[[[-3.655408680999926,37.053594786000076],[-3.6506653489999508,37.055363930000055],[-3.648579095999935,37.04943502500004],[-3.6440496879999387,37.04976614100008],[-3.6366992979999395,37.047633346000055],[-3.623774682999965,37.048630338000066],[-3.6198242129999585,37.04548703700004],[-3.606361635999974,37.04387081800007],[-3.601217660999964,37.04183270000004],[-3.5977147289999607,37.04253543900006],[-3.5936660599999755,37.03959907800004],[-3.5788109119999376,37.04391799600006],[-3.573453972999971,37.04038335600006],[-3.5657171689999245,37.04033027300005],[-3.5735474679999584,37.03190056400007],[-3.5741686029999755,37.02182871300005],[-3.587323119999951,37.01324605100007],[-3.6009257169999387,37.00769745400004],[-3.6012787689999755,37.00400885500005],[-3.6049086319999333,36.99828444700006],[-3.604236812999943,36.99434864800003],[-3.6102998339999317,36.99365965100003],[-3.623461964999933,36.99534013600004],[-3.6283980099999553,36.99291637300007],[-3.630210396999928,36.996007673000065],[-3.6402961449999793,36.99793691000008],[-3.649258062999934,36.99717618300008],[-3.661154433999968,36.992693659000054],[-3.6694131649999804,36.98617524000008],[-3.668423435999955,36.984792620000064],[-3.6720952689999535,36.98067946400005],[-3.685401974999934,36.98228915400006],[-3.6920631449999632,36.98826301500003],[-3.704350945999977,36.987649945000044],[-3.709870662999947,36.978242314000056],[-3.7167709819999573,36.97363067500004],[-3.7183665239999755,36.97006943400004],[-3.7219637169999373,36.96911014900007],[-3.7361226359999478,36.97181767100005],[-3.7413720449999346,36.974417179000056],[-3.7440219459999753,36.973102564000044],[-3.7438248409999346,36.97478044200005],[-3.7506383609999716,36.97643225200005],[-3.7530940619999456,36.97935533900005],[-3.761682642999972,36.98092313200004],[-3.7620441049999727,36.983363660000066],[-3.75693937799997,36.98981440400007],[-3.7562822139999525,36.99720120500007],[-3.748613399999954,37.008220024000025],[-3.7516401429999746,37.016520961000026],[-3.7463455439999507,37.02455890500005],[-3.7422515209999574,37.02668485700008],[-3.735838914999931,37.025084191000076],[-3.730193215999975,37.02722834100007],[-3.7196252589999403,37.027265800000066],[-3.714141230999928,37.02993102700003],[-3.7133575939999446,37.03269406000004],[-3.7097174719999657,37.03541109200006],[-3.700308465999967,37.03443933300008],[-3.68985975399994,37.04030558100004],[-3.6818212499999277,37.040478190000044],[-3.6771249569999327,37.04346167700004],[-3.6761241539999787,37.04726232200005],[-3.6732122609999465,37.049892949000025],[-3.6671148439999683,37.05223495300004],[-3.663445420999949,37.05059690100006],[-3.655408680999926,37.053594786000076]],[[-3.608588703999942,37.02114279600005],[-3.6162271409999676,37.02290614300006],[-3.6091162499999427,37.021344113000055],[-3.6156290349999267,37.02468989000005],[-3.618467915999929,37.02801911500006],[-3.6275371039999413,37.027156802000036],[-3.6336029969999686,37.02852670400006],[-3.630564503999949,37.02906726900005],[-3.6327547839999283,37.03344713200005],[-3.631316923999975,37.03535654800004],[-3.6337379429999714,37.036728021000044],[-3.6315332149999335,37.03993055800004],[-3.6368170719999284,37.043041886000026],[-3.6424250239999765,37.04004654600004],[-3.64658159399994,37.04350423000005],[-3.637666134999961,37.024983888000065],[-3.634445601999971,37.02117997300007],[-3.6307825459999776,37.02081102500006],[-3.632818628999928,37.018045545000064],[-3.6216563899999414,37.016849422000064],[-3.6224469019999788,37.022373885000036],[-3.620598452999957,37.022621482000034],[-3.6136660829999414,37.02065994800006],[-3.608588703999942,37.02114279600005]]]}},{"type":"Feature","properties":{"ClaseSuelo":"SUELO URBANIZABLE DELIMITADO O SECTORIZADO","NuclRural":"0","AreaLamber":59.66885005,"Shape_STAr":0.0000604734431459},"geometry":{"type":"MultiPolygon","coordinates":[[[[-3.6419376439999382,37.03939041500007],[-3.637444888999937,37.032891773000074],[-3.6379595859999654,37.03070959400003],[-3.6408117059999654,37.03043140500006],[-3.64658159399994,37.04350423000005],[-3.6419376439999382,37.03939041500007]]],[[[-3.638371538999934,37.02876756500007],[-3.635388847999934,37.027210413000034],[-3.634780386999978,37.02191426600007],[-3.637815909999972,37.025249718000055],[-3.638371538999934,37.02876756500007]]],[[[-3.63304209599994,37.028789208000035],[-3.634502715999929,37.02997916700008],[-3.631774046999965,37.031511754000064],[-3.630564503999949,37.02906726900005],[-3.63304209599994,37.028789208000035]]]]}},{"type":"Feature","properties":{"ClaseSuelo":"SUELO URBANO","NuclRural":"0","AreaLamber":176.96348894,"Shape_STAr":0.000179343828976},"geometry":{"type":"MultiPolygon","coordinates":[[[[-3.6368170719999284,37.043041886000026],[-3.631393111999955,37.03965538500006],[-3.6336964549999493,37.038096729000074],[-3.631300790999944,37.035270110000056],[-3.6327547839999283,37.03344713200005],[-3.631774046999965,37.031511754000064],[-3.634502715999929,37.02997916700008],[-3.6336029969999686,37.02852670400006],[-3.6275371039999413,37.027156802000036],[-3.61887825499997,37.02810990000006],[-3.6200091789999647,37.02739308900004],[-3.617069894999929,37.02562962500008],[-3.617947395999977,37.02398663900004],[-3.616644226999938,37.022417106000034],[-3.620004266999956,37.024418180000055],[-3.6194081489999803,37.022474447000036],[-3.62349803099994,37.022138996000024],[-3.625768556999958,37.01954475300005],[-3.6250932429999807,37.02181447100003],[-3.6307825459999776,37.02081102500006],[-3.6304142879999404,37.02234346800003],[-3.6317435859999705,37.02266448200004],[-3.6300366499999654,37.023951698000076],[-3.6328577739999446,37.02514644400003],[-3.633105981999961,37.02181372600006],[-3.634780386999978,37.02191426600007],[-3.6359366629999386,37.02801214400006],[-3.6408117059999654,37.03043140500006],[-3.637825990999943,37.03078101300008],[-3.637444888999937,37.032891773000074],[-3.6424250239999765,37.04004654600004],[-3.6368170719999284,37.043041886000026]],[[-3.6367338949999635,37.033020720000025],[-3.6364609089999362,37.03248936500006],[-3.634860205999928,37.03343635500005],[-3.6367338949999635,37.033020720000025]],[[-3.6370966089999683,37.03067955900008],[-3.6358974239999498,37.02945495400007],[-3.636323564999941,37.03147122100006],[-3.6370966089999683,37.03067955900008]],[[-3.6357255869999676,37.029381415000046],[-3.6346443189999604,37.02917060600004],[-3.6358469869999794,37.030795813000054],[-3.6357255869999676,37.029381415000046]],[[-3.634999410999967,37.028715754000075],[-3.633886019999977,37.02844589500006],[-3.63455582499995,37.02904782300004],[-3.634999410999967,37.028715754000075]],[[-3.6350416449999443,37.02848557000004],[-3.6357142789999557,37.028189388000044],[-3.634713746999978,37.02773488400004],[-3.6350416449999443,37.02848557000004]],[[-3.634012651999967,37.02807028500007],[-3.6343870639999523,37.027102684000056],[-3.632841712999948,37.02670099100004],[-3.634012651999967,37.02807028500007]],[[-3.635014974999933,37.02765902900006],[-3.635705003999931,37.02788299700006],[-3.635179707999953,37.02729315100004],[-3.635014974999933,37.02765902900006]],[[-3.6311092639999742,37.02644950200005],[-3.630606929999942,37.02628680200007],[-3.630522679999956,37.02652870600008],[-3.6311092639999742,37.02644950200005]],[[-3.629669303999947,37.02320505100005],[-3.630076436999957,37.02302969600004],[-3.6295818979999694,37.022704711000074],[-3.629669303999947,37.02320505100005]]],[[[-3.623568984999963,37.020175961000064],[-3.6228154259999314,37.020131013000025],[-3.622806753999953,37.019546786000035],[-3.623568984999963,37.020175961000064]]],[[[-3.626277965999975,37.02102832700007],[-3.626494842999932,37.02054451500004],[-3.626760818999969,37.020638173000066],[-3.626277965999975,37.02102832700007]]]]}},{"type":"Feature","properties":{"ClaseSuelo":"SUELO URBANO NO CONSOLIDADO","NuclRural":"0","AreaLamber":83.23567561,"Shape_STAr":0.0000843458563902},"geometry":{"type":"MultiPolygon","coordinates":[[[[-3.622229748999928,37.02187216000004],[-3.6216563899999414,37.016849422000064],[-3.632818628999928,37.018045545000064],[-3.6290889549999292,37.021783966000044],[-3.6250932429999807,37.02181447100003],[-3.625768556999958,37.01954475300005],[-3.622229748999928,37.02187216000004]],[[-3.6232827659999316,37.01958991600003],[-3.6228154259999314,37.020131013000025],[-3.623568984999963,37.020175961000064],[-3.6232827659999316,37.01958991600003]],[[-3.626494842999932,37.02054451500004],[-3.626514219999933,37.021099684000035],[-3.626760818999969,37.020638173000066],[-3.626494842999932,37.02054451500004]]],[[[-3.629669303999947,37.02320505100005],[-3.6295818979999694,37.022704711000074],[-3.630076436999957,37.02302969600004],[-3.629669303999947,37.02320505100005]]],[[[-3.620004266999956,37.024418180000055],[-3.6082389119999334,37.020981135000056],[-3.6160506129999703,37.02126819000006],[-3.6201811269999666,37.023007337000024],[-3.620004266999956,37.024418180000055]]],[[[-3.6328577739999446,37.02514644400003],[-3.6300366499999654,37.023951698000076],[-3.6317435859999705,37.02266448200004],[-3.6304142879999404,37.02234346800003],[-3.630837860999975,37.02084251500003],[-3.634673604999932,37.021321783000076],[-3.633105981999961,37.02181372600006],[-3.6328577739999446,37.02514644400003]]],[[[-3.631108504999929,37.026672259000065],[-3.6305597939999643,37.02661851500005],[-3.6305502239999328,37.02635335700006],[-3.631108504999929,37.026672259000065]]],[[[-3.6351927749999504,37.02766466200006],[-3.635179707999953,37.02729315100004],[-3.635705003999931,37.02788299700006],[-3.6351927749999504,37.02766466200006]]],[[[-3.617125332999933,37.02649072200006],[-3.6091162499999427,37.021344113000055],[-3.6174451909999448,37.023699031000035],[-3.617069894999929,37.02562962500008],[-3.6200091789999647,37.02739308900004],[-3.618467915999929,37.02801911500006],[-3.617125332999933,37.02649072200006]]],[[[-3.63254160799994,37.02750504100004],[-3.6343870639999523,37.027102684000056],[-3.634197727999947,37.028393476000076],[-3.63254160799994,37.02750504100004]]],[[[-3.6346677999999315,37.02787469000003],[-3.6355630479999377,37.02795527100005],[-3.6357165639999494,37.02846347700006],[-3.6346677999999315,37.02787469000003]]],[[[-3.633886019999977,37.02844589500006],[-3.6352379899999505,37.02861223000008],[-3.63455582499995,37.02904782300004],[-3.633886019999977,37.02844589500006]]],[[[-3.6354866239999524,37.02869091000008],[-3.6358469869999794,37.030795813000054],[-3.6346443189999604,37.02917060600004],[-3.6354866239999524,37.02869091000008]]],[[[-3.63592960099993,37.03013681300007],[-3.6373161419999747,37.02954218100007],[-3.636323564999941,37.03147122100006],[-3.63592960099993,37.03013681300007]]],[[[-3.634860205999928,37.03343635500005],[-3.6364609089999362,37.03248936500006],[-3.6367338949999635,37.033020720000025],[-3.634860205999928,37.03343635500005]]]]}},{"type":"Feature","properties":{"ClaseSuelo":"SISTEMAS GENERALES","NuclRural":"0","AreaLamber":269.61566944,"Shape_STAr":0.000272224459797},"geometry":{"type":"MultiPolygon","coordinates":[[[[-3.5505594309999537,36.77349437200007],[-3.543417819999945,36.77256462300005],[-3.5331875599999307,36.779688614000065],[-3.523403246999976,36.782292641000026],[-3.5334179779999317,36.77916757300005],[-3.542275770999936,36.772629246000065],[-3.553833294999947,36.77218798200005],[-3.558792989999972,36.76963591300006],[-3.5641975629999365,36.75674931300006],[-3.5645968139999695,36.75055809700007],[-3.5628547449999246,36.74510453800008],[-3.5428830199999766,36.74016392000004],[-3.531012420999957,36.74241972300007],[-3.5423412749999557,36.740001429000074],[-3.531307333999962,36.73668314300005],[-3.5287105249999513,36.740838247000056],[-3.531182628999943,36.73664219500006],[-3.5284246639999424,36.73580101500005],[-3.5217916469999295,36.73919727800006],[-3.528211214999942,36.74248847300004],[-3.5271988899999656,36.74334350200007],[-3.521103853999932,36.73937386100005],[-3.522891108999943,36.73436449600007],[-3.5130428689999462,36.73157828300003],[-3.5133097859999793,36.736807155000065],[-3.512750257999926,36.73150249100007],[-3.5058866219999345,36.727689817000055],[-3.4995507459999544,36.73265997300007],[-3.4870322729999543,36.73896620200003],[-3.487657340999931,36.74658268300004],[-3.4846072549999576,36.75644410500007],[-3.48569796299995,36.76823724900004],[-3.5044199229999435,36.781313150000074],[-3.4886920249999775,36.77170116800005],[-3.4850266279999573,36.767666993000034],[-3.484207779999963,36.754523918000075],[-3.4873402979999355,36.74506720800008],[-3.4851582389999294,36.73865784800006],[-3.4573177139999416,36.716920766000044],[-3.461924129999943,36.71892457100006],[-3.4864878309999767,36.73871593300004],[-3.499160617999962,36.73222640500006],[-3.5052005879999797,36.72680778900008],[-3.4935310879999406,36.71146361800004],[-3.5052427089999583,36.726723063000065],[-3.5140224989999638,36.724190114000066],[-3.5129648329999554,36.73138810300003],[-3.5232323169999518,36.733473522000054],[-3.5236750389999543,36.73214079600007],[-3.519710621999934,36.72720944400004],[-3.5115129489999504,36.720903957000075],[-3.515038186999959,36.716194399000074],[-3.513826789999939,36.71825383300006],[-3.5197097229999486,36.72095486400008],[-3.5225725129999432,36.72007539500004],[-3.5209598889999256,36.72171414200005],[-3.5242550199999414,36.720491663000075],[-3.5228164449999326,36.723022109000055],[-3.5287046419999797,36.72434820600006],[-3.52938289399998,36.72201039600003],[-3.514445298999931,36.71214891000005],[-3.5335147339999367,36.72334383500004],[-3.5317490729999577,36.72533461000006],[-3.52862973699996,36.72535117800004],[-3.5194628199999443,36.72271606100003],[-3.51985502499997,36.72484550200005],[-3.521975176999945,36.72579490500004],[-3.520573393999939,36.72823335500004],[-3.524208658999953,36.72931814300006],[-3.5242877809999413,36.726466886000026],[-3.5246093419999625,36.734270765000076],[-3.528540588999931,36.73489518900004],[-3.532332305999944,36.73024447200004],[-3.5325390699999275,36.72741684600004],[-3.5345035609999513,36.72762410200005],[-3.5353538769999773,36.72521267800005],[-3.531349804999934,36.73661920200004],[-3.542731081999932,36.74003720300004],[-3.548927244999959,36.73392099100005],[-3.547956008999961,36.733058037000035],[-3.5633576249999805,36.74378867300004],[-3.564428846999931,36.74228313800006],[-3.562732758999971,36.73633362100003],[-3.558994741999925,36.73096309400006],[-3.55940340199993,36.72385563200004],[-3.5591607269999486,36.73119726300007],[-3.5626479369999515,36.73583959600006],[-3.564518289999967,36.74227845100006],[-3.563492319999966,36.74467559300007],[-3.5650155449999374,36.74500175000003],[-3.5633836249999717,36.74567882700006],[-3.5652583529999333,36.749299490000055],[-3.563731648999976,36.76147635500007],[-3.559369290999939,36.77022819700005],[-3.5452855099999283,36.77771680800004],[-3.5449489709999398,36.783277275000046],[-3.537708625999926,36.78955152900005],[-3.541712916999927,36.79189713300008],[-3.537986794999938,36.79062894500004],[-3.540859973999943,36.78561304400006],[-3.544857282999942,36.78324324500005],[-3.545199605999926,36.77767426400004],[-3.5505594309999537,36.77349437200007]],[[-3.5632867749999377,36.743832947000044],[-3.548991313999977,36.73397141700008],[-3.5428372809999473,36.740068172000065],[-3.554997063999963,36.74345885100007],[-3.5632867749999377,36.743832947000044]],[[-3.5340890459999628,36.72967098500004],[-3.534345132999931,36.728687430000036],[-3.5284898629999475,36.735662485000034],[-3.53123592299994,36.73654882300008],[-3.5340890459999628,36.72967098500004]],[[-3.527078736999954,36.73546433800004],[-3.5234728239999527,36.73507044100006],[-3.521513374999927,36.73871894100006],[-3.527078736999954,36.73546433800004]],[[-3.51341948299995,36.72738125600006],[-3.513839080999958,36.72430368200003],[-3.508782629999928,36.725161642000046],[-3.5061260269999366,36.72776386700008],[-3.512684295999975,36.731256278000046],[-3.51341948299995,36.72738125600006]]],[[[-3.480030117999945,36.69943085500006],[-3.474286999999947,36.69877752000008],[-3.4661042029999294,36.695531466000034],[-3.480030117999945,36.69943085500006]]],[[[-3.429156812999963,36.70087535700003],[-3.4204570359999593,36.70079358400005],[-3.4392114019999553,36.700841086000025],[-3.429156812999963,36.70087535700003]]],[[[-3.4509819039999456,36.70094342200008],[-3.4454962279999677,36.70093366000003],[-3.457415836999928,36.70076409200004],[-3.4645192449999627,36.69583946000006],[-3.4576869219999367,36.700746708000054],[-3.4509819039999456,36.70094342200008]]],[[[-3.4161958579999805,36.703517745000056],[-3.4164208339999504,36.70432825900008],[-3.4156878089999623,36.70490848500003],[-3.4161958579999805,36.703517745000056]]],[[[-3.44414145199994,36.71671138900007],[-3.4519823509999696,36.71549219900004],[-3.4442656859999374,36.71732962600004],[-3.44414145199994,36.71671138900007]]],[[[-3.431199926999966,36.72054105700005],[-3.426865584999973,36.717781900000034],[-3.4317753899999275,36.71971062800003],[-3.436252736999961,36.71850462500004],[-3.436930496999935,36.71406726500004],[-3.4376233179999645,36.717524672000025],[-3.434166457999936,36.719473540000024],[-3.438279879999925,36.71980616500008],[-3.431199926999966,36.72054105700005]]],[[[-3.507219124999949,36.740989487000036],[-3.501291468999966,36.73998523800003],[-3.507966359999955,36.74084837500004],[-3.507219124999949,36.740989487000036]]],[[[-3.5110622259999786,36.74344081600003],[-3.511448295999969,36.74308806200003],[-3.5119228659999635,36.74335107200005],[-3.5110622259999786,36.74344081600003]]],[[[-3.5272255019999648,36.75288500700003],[-3.5278566669999805,36.74793424300003],[-3.527481790999957,36.75539681600003],[-3.526001067999971,36.75692365500004],[-3.5272255019999648,36.75288500700003]]],[[[-3.478348589999939,36.75740688600007],[-3.476465988999962,36.755417701000056],[-3.478470818999938,36.753612288000056],[-3.479976742999952,36.75429722200005],[-3.4796639379999306,36.75052562700006],[-3.4815614849999292,36.75069162200003],[-3.48301013899993,36.757075762000056],[-3.478348589999939,36.75740688600007]]],[[[-3.5118009039999265,36.76473887700007],[-3.509748535999961,36.76145935000005],[-3.514082437999946,36.76267969300005],[-3.5139624629999275,36.76444377300004],[-3.5118009039999265,36.76473887700007]]]]}},{"type":"Feature","properties":{"ClaseSuelo":"SUELO NO URBANIZABLE","NuclRural":"0","AreaLamber":2630.94764881,"Shape_STAr":0.00265781050835},"geometry":{"type":"Polygon","coordinates":[[[-3.3059761979999394,36.81341523000003],[-3.3004855029999476,36.81151195600006],[-3.2941268849999688,36.80515451900004],[-3.285582050999949,36.80141620400008],[-3.2836035379999657,36.79685954300004],[-3.2861848109999414,36.79170604800004],[-3.2857844169999453,36.78651459800005],[-3.282489129999931,36.78338535700004],[-3.2822971469999516,36.77688627200007],[-3.2798875849999263,36.77373681100005],[-3.2783180999999786,36.764257032000046],[-3.273734923999939,36.754630905000056],[-3.275641091999944,36.75197620100005],[-3.2725744149999514,36.74823502100003],[-3.2762464949999526,36.746969867000075],[-3.276225588999978,36.74573144100003],[-3.2794308859999433,36.74571968300006],[-3.2791599549999546,36.74439634400005],[-3.281217050999942,36.74471523600005],[-3.281668303999936,36.74321871300003],[-3.3009314949999293,36.741114872000026],[-3.300127826999926,36.74003583900003],[-3.3049601369999664,36.73821801100007],[-3.306424622999941,36.74335529600006],[-3.3143020239999714,36.74957299600004],[-3.3197070769999755,36.75632866900003],[-3.3206995689999417,36.765980711000054],[-3.318495969999958,36.76957444400006],[-3.3192001939999614,36.77456667600006],[-3.3173945659999617,36.77962868800006],[-3.3234172459999627,36.79408991400004],[-3.3197155659999567,36.79878746700007],[-3.3238092459999393,36.80465390400008],[-3.3250751889999606,36.80976170100007],[-3.321878389999938,36.82004694200003],[-3.317694059999951,36.82223968900007],[-3.3059761979999394,36.81341523000003]],[[-3.3036769319999735,36.74628781200005],[-3.3041984069999444,36.74400852300005],[-3.301654914999972,36.745197432000055],[-3.30230168199995,36.74865730100004],[-3.3036769319999735,36.74628781200005]],[[-3.3037455089999526,36.747248812000066],[-3.304422947999967,36.74696383100007],[-3.3040509799999427,36.74678529900007],[-3.3037455089999526,36.747248812000066]],[[-3.3063431859999355,36.813100090000034],[-3.3072846089999643,36.81363487700003],[-3.307254981999961,36.81295965400005],[-3.3063431859999355,36.813100090000034]],[[-3.303112690999967,36.742315330000054],[-3.303455749999955,36.74315099900008],[-3.3042391159999625,36.74330437700007],[-3.303112690999967,36.742315330000054]],[[-3.313326573999973,36.757869877000076],[-3.310349247999966,36.758230569000034],[-3.3122832519999292,36.75903498300005],[-3.313326573999973,36.757869877000076]],[[-3.297169649999944,36.79470429100007],[-3.2954443709999737,36.795614915000044],[-3.298289754999928,36.795461671000055],[-3.298744228999965,36.792998312000066],[-3.297169649999944,36.79470429100007]],[[-3.2833053689999474,36.74484821000004],[-3.2826570979999588,36.744222198000045],[-3.2729010679999533,36.74862518900005],[-3.2798192259999723,36.74696948500008],[-3.2833053689999474,36.74484821000004]]]}},{"type":"Feature","properties":{"ClaseSuelo":"SUELO URBANO","NuclRural":"0","AreaLamber":22.1453675,"Shape_STAr":0.0000223665010042},"geometry":{"type":"MultiPolygon","coordinates":[[[[-3.2810324259999675,36.74531387300004],[-3.2833053689999474,36.74484821000004],[-3.2729010679999533,36.74862518900005],[-3.2810324259999675,36.74531387300004]]],[[[-3.298997478999979,36.74076350400003],[-3.2976103419999276,36.74070228800008],[-3.3009314949999293,36.741114872000026],[-3.298997478999979,36.74076350400003]]],[[[-3.3037466519999725,36.74320241300006],[-3.303112690999967,36.742315330000054],[-3.3042391159999625,36.74330437700007],[-3.3037466519999725,36.74320241300006]]],[[[-3.3037455089999526,36.747248812000066],[-3.3040509799999427,36.74678529900007],[-3.304422947999967,36.74696383100007],[-3.3037455089999526,36.747248812000066]]],[[[-3.302370554999925,36.746975192000036],[-3.301654914999972,36.745197432000055],[-3.3030792179999366,36.74563625600007],[-3.3041984069999444,36.74400852300005],[-3.30230168199995,36.74865730100004],[-3.302370554999925,36.746975192000036]]],[[[-3.311389444999975,36.758691456000065],[-3.310742637999965,36.757400923000034],[-3.3135790689999567,36.758235342000035],[-3.311389444999975,36.758691456000065]]],[[[-3.295575415999963,36.79570178100005],[-3.298744228999965,36.792998312000066],[-3.298289754999928,36.795461671000055],[-3.295575415999963,36.79570178100005]]],[[[-3.3071120599999517,36.812964789000034],[-3.30708367699998,36.81378764100003],[-3.306343912999978,36.81298488200008],[-3.3071120599999517,36.812964789000034]]],[[[-3.3059761979999394,36.81341523000003],[-3.3068757319999804,36.813753862000056],[-3.306618250999975,36.81395382300008],[-3.3059761979999394,36.81341523000003]]]]}},{"type":"Feature","properties":{"ClaseSuelo":"SUELO URBANO NO CONSOLIDADO","NuclRural":"0","AreaLamber":1.7444941,"Shape_STAr":0.00000176159374619},"geometry":{"type":"MultiPolygon","coordinates":[[[[-3.282160888999954,36.74542627300008],[-3.283416921999958,36.744956556000034],[-3.2829091559999597,36.74583058500008],[-3.282160888999954,36.74542627300008]]],[[[-3.301967625999964,36.745064452000065],[-3.303529960999981,36.74528145200003],[-3.3030792179999366,36.74563625600007],[-3.301967625999964,36.745064452000065]]],[[[-3.302725352999971,36.74613186700003],[-3.3038359969999647,36.74599274700006],[-3.302636500999938,36.74689487400008],[-3.302725352999971,36.74613186700003]]]]}},{"type":"Feature","properties":{"ClaseSuelo":"SUELO NO URBANIZABLE","NuclRural":"0","AreaLamber":3654.89867693,"Shape_STAr":0.00369239945888},"geometry":{"type":"Polygon","coordinates":[[[-3.3479237949999288,36.732612578000044],[-3.3496147409999253,36.73512622100003],[-3.3538174219999632,36.73196743700004],[-3.3602712189999693,36.734343566000064],[-3.366512602999933,36.74440295200003],[-3.3675897829999712,36.74948390000003],[-3.373187221999956,36.75567760300004],[-3.375667291999946,36.76113267900007],[-3.384440457999972,36.76574724200003],[-3.391836744999978,36.772619328000076],[-3.400808984999969,36.77414000400006],[-3.4197503169999663,36.76867501700008],[-3.423555503999978,36.773971119000066],[-3.4249723269999777,36.780943311000044],[-3.4284541019999324,36.78634854100005],[-3.4242314349999674,36.794927432000065],[-3.4248948869999367,36.79734094600008],[-3.4228758749999315,36.80116126200005],[-3.4237311779999686,36.80583672800003],[-3.4178262889999473,36.816674963000025],[-3.4104841909999664,36.821180705000074],[-3.4036364409999464,36.81963561500004],[-3.4006443609999337,36.82208863900007],[-3.384702076999929,36.81578602500008],[-3.380667211999935,36.81153514300007],[-3.367711344999975,36.80771764800005],[-3.368185308999955,36.80603047200003],[-3.355902607999951,36.80684305400007],[-3.362583938999933,36.797330620000025],[-3.3671765059999643,36.79667652400008],[-3.3723630129999265,36.79138693300007],[-3.3735529109999334,36.78484767700007],[-3.368135736999932,36.77931157800003],[-3.368556289999958,36.77353193600004],[-3.3661169999999743,36.77191682200004],[-3.359113613999966,36.77190206400007],[-3.352751937999926,36.77498602600008],[-3.3447915589999297,36.774026707000075],[-3.342621676999954,36.772410326000056],[-3.339968575999933,36.765386499000044],[-3.34274139799993,36.759041274000026],[-3.3442363249999403,36.747606388000065],[-3.3384069499999782,36.73842915200004],[-3.3479237949999288,36.732612578000044]],[[-3.375354877999939,36.76437461800003],[-3.378686977999962,36.763593997000044],[-3.3751506469999413,36.76284475600005],[-3.375354877999939,36.76437461800003]],[[-3.407269312999972,36.785237521000056],[-3.4041144739999254,36.785676247000026],[-3.4015845099999638,36.788549843000055],[-3.407269312999972,36.785237521000056]]]}},{"type":"Feature","properties":{"ClaseSuelo":"SUELO URBANIZABLE DELIMITADO O SECTORIZADO","NuclRural":"0","AreaLamber":16.7923465,"Shape_STAr":0.0000169539188975},"geometry":{"type":"Polygon","coordinates":[[[-3.350845761999949,36.72982159900005],[-3.3551387139999633,36.73219580500006],[-3.3508063869999773,36.73321181100005],[-3.3496147409999253,36.73512622100003],[-3.3479237949999288,36.732612578000044],[-3.350845761999949,36.72982159900005]]]}},{"type":"Feature","properties":{"ClaseSuelo":"SUELO URBANO","NuclRural":"0","AreaLamber":11.41362999,"Shape_STAr":0.0000115303402448},"geometry":{"type":"MultiPolygon","coordinates":[[[[-3.4015744449999374,36.78846405400003],[-3.401657451999938,36.78717214000005],[-3.407187546999978,36.78492842700007],[-3.403529583999955,36.788439391000054],[-3.4015744449999374,36.78846405400003]]],[[[-3.375333242999943,36.76438626100003],[-3.3751506469999413,36.76284475600005],[-3.378686977999962,36.763593997000044],[-3.375333242999943,36.76438626100003]]]]}},{"type":"Feature","properties":{"ClaseSuelo":"SUELO NO URBANIZABLE","NuclRural":"0","AreaLamber":2837.30245001,"Shape_STAr":0.00286645073335},"geometry":{"type":"Polygon","coordinates":[[[-3.308416493999971,36.73940382100005],[-3.3206099149999773,36.74177655400007],[-3.3295913429999473,36.73875923300005],[-3.3384069499999782,36.73842915200004],[-3.3442363249999403,36.747606388000065],[-3.34274139799993,36.759041274000026],[-3.339968575999933,36.765386499000044],[-3.3433429159999264,36.773327745000074],[-3.352751937999926,36.77498602600008],[-3.3632005989999243,36.771276690000036],[-3.3684088069999802,36.77315377800005],[-3.368135736999932,36.77931157800003],[-3.373494553999933,36.78437009000004],[-3.372529995999969,36.79115203300006],[-3.3671765059999643,36.79667652400008],[-3.362583938999933,36.797330620000025],[-3.3606862719999526,36.801392914000076],[-3.3551608139999303,36.806430601000045],[-3.3556660889999534,36.813866062000045],[-3.3506309979999287,36.820975403000034],[-3.3402353579999726,36.82059088400007],[-3.3344344829999386,36.822229923000066],[-3.321878389999938,36.82004694200003],[-3.3250751889999606,36.80976170100007],[-3.3238092459999393,36.80465390400008],[-3.3197155659999567,36.79878746700007],[-3.3234172459999627,36.79408991400004],[-3.3173945659999617,36.77962868800006],[-3.3192001939999614,36.77456667600006],[-3.318495969999958,36.76957444400006],[-3.3206995689999417,36.765980711000054],[-3.319787220999956,36.75674312900003],[-3.3160565969999425,36.75129016900007],[-3.306424622999941,36.74335529600006],[-3.3049601369999664,36.73821801100007],[-3.308416493999971,36.73940382100005]],[[-3.3067153339999322,36.74296299800005],[-3.3079324589999715,36.74296588400006],[-3.3076341419999267,36.74096914900008],[-3.3067153339999322,36.74296299800005]],[[-3.3081061419999287,36.74057069200006],[-3.309372684999971,36.73963045700003],[-3.306392925999944,36.741614568000045],[-3.3081061419999287,36.74057069200006]],[[-3.3164430849999462,36.74206248300004],[-3.31359742199993,36.74109981700008],[-3.314903071999936,36.74180039600003],[-3.3164430849999462,36.74206248300004]],[[-3.3465054279999435,36.80967557100007],[-3.349388706999946,36.810444277000045],[-3.3488241339999263,36.806939690000036],[-3.3465054279999435,36.80967557100007]],[[-3.3164480569999455,36.74212041800007],[-3.3134168729999374,36.741382205000036],[-3.315401599999973,36.74232219700008],[-3.3164480569999455,36.74212041800007]]]}},{"type":"Feature","properties":{"ClaseSuelo":"SUELO URBANO","NuclRural":"0","AreaLamber":5.54025475,"Shape_STAr":0.00000559907484414},"geometry":{"type":"Polygon","coordinates":[[[-3.3465054279999435,36.80967557100007],[-3.3488241339999263,36.806939690000036],[-3.349388706999946,36.810444277000045],[-3.3465054279999435,36.80967557100007]]]}},{"type":"Feature","properties":{"ClaseSuelo":"SUELO URBANO NO CONSOLIDADO","NuclRural":"0","AreaLamber":5.09381023,"Shape_STAr":0.0000051434594311},"geometry":{"type":"MultiPolygon","coordinates":[[[[-3.3073423099999673,36.74106487800003],[-3.3079324589999715,36.74296588400006],[-3.3067153339999322,36.74296299800005],[-3.3073423099999673,36.74106487800003]]],[[[-3.3083087999999634,36.73964377200008],[-3.309372684999971,36.73963045700003],[-3.3064926059999493,36.74171531800005],[-3.3083087999999634,36.73964377200008]]],[[[-3.31431390299997,36.74155773100006],[-3.31359742199993,36.74109981700008],[-3.3164430849999462,36.74206248300004],[-3.31431390299997,36.74155773100006]]],[[[-3.3150472039999386,36.74223343600005],[-3.3135489899999584,36.74116627700005],[-3.3164695409999467,36.742375141000025],[-3.3150472039999386,36.74223343600005]]]]}},{"type":"Feature","properties":{"ClaseSuelo":"SUELO NO URBANIZABLE","NuclRural":"0","AreaLamber":9388.45452328,"Shape_STAr":0.00953994852543},"geometry":{"type":"Polygon","coordinates":[[[-3.737489822999976,37.30775190900005],[-3.7349227849999806,37.30719098800006],[-3.735412821999944,37.30188782500005],[-3.7395105249999574,37.296300780000024],[-3.737298879999969,37.29280819400003],[-3.7382629789999555,37.28870991000008],[-3.745605221999938,37.27934360200004],[-3.7483943269999713,37.27165523900004],[-3.7442235029999438,37.268463584000074],[-3.737168998999948,37.26791278500008],[-3.7346547729999315,37.27148887000004],[-3.732540252999968,37.26860852100003],[-3.735015265999948,37.26099451500005],[-3.7292498439999804,37.252530067000066],[-3.7290581349999457,37.24901583500008],[-3.7265852079999604,37.247471622000035],[-3.728468376999956,37.24162807700003],[-3.7339793479999344,37.237898381000036],[-3.7385364069999696,37.24264159100005],[-3.742671431999952,37.23956550500003],[-3.7370151999999734,37.236302651000074],[-3.7407765659999654,37.23663921600007],[-3.74052809799997,37.23313436600006],[-3.7359492479999403,37.23062096600006],[-3.736812445999931,37.22896606000006],[-3.733181055999978,37.226473697000074],[-3.7301957069999503,37.22666338800008],[-3.7219574469999657,37.222125763000065],[-3.7180618779999577,37.22628956500006],[-3.7188929099999655,37.22288213500008],[-3.7170557489999396,37.223638996000034],[-3.708429609999939,37.21926339700008],[-3.7072224069999606,37.221215947000076],[-3.7161279469999613,37.22514287000007],[-3.7151843499999586,37.22652431400007],[-3.7109868599999345,37.22659086300007],[-3.7069931409999413,37.22140469500005],[-3.705279214999962,37.214068557000076],[-3.7131748149999453,37.211136873000044],[-3.7241804569999317,37.21648752500005],[-3.7233713229999807,37.21791666200005],[-3.7291499299999487,37.21755676300006],[-3.7425730789999534,37.223242337000045],[-3.7542031159999283,37.222988620000024],[-3.758359637999945,37.226089916000035],[-3.772727912999926,37.22902576100006],[-3.7810166469999444,37.234812404000024],[-3.790753843999937,37.23235013900006],[-3.7954375679999544,37.232859622000035],[-3.789814298999943,37.23414114700006],[-3.782124028999931,37.24051987900003],[-3.781280694999964,37.24292312700004],[-3.7841429259999586,37.23950599900007],[-3.786071720999928,37.239592370000025],[-3.787583449999943,37.237518161000025],[-3.791974558999925,37.23804775100007],[-3.8028832979999265,37.23017735700006],[-3.807717211999943,37.23209149000007],[-3.8118518019999783,37.227637438000045],[-3.8123097739999707,37.22409186200008],[-3.816588526999965,37.21843781600006],[-3.819749784999942,37.21476538400003],[-3.8216220189999603,37.21488762700005],[-3.819271715999946,37.21224481400003],[-3.8237200689999327,37.20882477200007],[-3.828942048999977,37.20920299900007],[-3.834202694999931,37.200801238000054],[-3.840788446999966,37.201250464000054],[-3.8441622919999645,37.19761192900006],[-3.848133035999979,37.198007234000045],[-3.8517593379999653,37.200838617000045],[-3.8552418939999598,37.19989412500007],[-3.8553784839999707,37.203011927000034],[-3.8614273529999537,37.20279685100007],[-3.8654495359999714,37.20075746400005],[-3.8660567479999486,37.191766235000046],[-3.8628815449999365,37.184028468000065],[-3.8632045339999763,37.17676995800008],[-3.8584860979999576,37.15798323800004],[-3.8695626979999247,37.15654142600005],[-3.8840490509999768,37.15782243800004],[-3.890146950999963,37.16018351800005],[-3.8972980869999674,37.15919217100003],[-3.895987844999979,37.17222710400006],[-3.8929457359999446,37.176946272000066],[-3.892268036999951,37.18253995600003],[-3.9019061129999386,37.17893166400006],[-3.9000610139999594,37.181779248000055],[-3.9021001489999776,37.18294941100004],[-3.9055375979999667,37.17873657100006],[-3.919408558999976,37.17988079200006],[-3.9121523749999483,37.18257790100006],[-3.9079338949999283,37.18685579700008],[-3.9077913439999747,37.18906527400003],[-3.912357432999954,37.194943273000035],[-3.9184842079999385,37.19843837500008],[-3.9206030399999463,37.19661917600007],[-3.922052801999939,37.20001511900006],[-3.925682781999967,37.19830124500004],[-3.9279779979999603,37.199860708000074],[-3.9242401939999354,37.20659617100006],[-3.8735505399999397,37.214362970000025],[-3.863551958999949,37.21816797300005],[-3.8478792649999605,37.22871013100007],[-3.837408668999956,37.21254169200006],[-3.831509280999967,37.21310603400008],[-3.828397761999952,37.21508382800005],[-3.824178890999974,37.22096322300007],[-3.828698931999952,37.22922441700007],[-3.8326644999999644,37.23208103400003],[-3.8340128079999545,37.25009914200007],[-3.839910596999971,37.26132467700006],[-3.8334665869999753,37.27216868700003],[-3.829425098999934,37.274928233000026],[-3.8329694859999677,37.27823843600004],[-3.827438729999926,37.278944237000076],[-3.8133474899999555,37.286063600000034],[-3.8180047429999604,37.29006065500005],[-3.8162281249999523,37.293741512000054],[-3.811708451999948,37.29521479300007],[-3.7996280529999353,37.29338610700006],[-3.7946112849999736,37.295898676000036],[-3.7827237619999323,37.293057410000074],[-3.7777381139999306,37.29426206100004],[-3.769140267999944,37.293092358000024],[-3.7644961259999263,37.294618729000035],[-3.755268408999939,37.30491763400005],[-3.743061422999972,37.308600418000026],[-3.737489822999976,37.30775190900005]],[[-3.764524852999955,37.26602871400007],[-3.7661226689999694,37.264063168000064],[-3.764678670999956,37.26359399300003],[-3.763929338999958,37.25675659500007],[-3.7568231089999244,37.25272993300007],[-3.758008019999977,37.25139588300004],[-3.756868433999955,37.250669498000036],[-3.7598488139999517,37.24806511000003],[-3.758620144999952,37.24624384300006],[-3.755815555999959,37.24453874500006],[-3.746263168999974,37.248228709000045],[-3.7415643279999244,37.24661174700003],[-3.743945245999953,37.25014082600006],[-3.7425039659999584,37.254235401000074],[-3.745395880999979,37.255212777000054],[-3.7472236239999575,37.25302338800003],[-3.747588170999961,37.25459863100008],[-3.750591980999957,37.25553469400006],[-3.7508943079999426,37.258417645000065],[-3.7527047529999322,37.25618315600008],[-3.7606495779999705,37.260117828000034],[-3.759430231999943,37.26172324000004],[-3.760813144999929,37.26440477800003],[-3.762680924999927,37.26640185900004],[-3.764524852999955,37.26602871400007]],[[-3.737601391999931,37.24494127000003],[-3.739134455999931,37.24372406100008],[-3.734158456999978,37.23915765000004],[-3.7332061429999612,37.24220602500003],[-3.737601391999931,37.24494127000003]],[[-3.7467327229999796,37.241739331000076],[-3.7490883999999483,37.24308777400006],[-3.749133633999975,37.24167494500006],[-3.7469103429999677,37.240537740000036],[-3.7467327229999796,37.241739331000076]],[[-3.78130839399995,37.25105709300004],[-3.7823858819999714,37.250123002000066],[-3.781154846999925,37.249278795000066],[-3.78130839399995,37.25105709300004]],[[-3.7876838139999336,37.25823523100007],[-3.7925499559999594,37.25976588000003],[-3.8027511789999267,37.25764135000003],[-3.805263550999939,37.25954654100008],[-3.809852059999969,37.25732086900007],[-3.8076598299999773,37.253928115000065],[-3.793041728999981,37.25591281900006],[-3.790464940999925,37.25544845500008],[-3.789316056999951,37.25314306300004],[-3.7872083169999655,37.25436247500005],[-3.785214044999975,37.253183825000065],[-3.7876838139999336,37.25823523100007]],[[-3.8181605029999446,37.23963846400005],[-3.819139512999925,37.23838249800008],[-3.8198555059999535,37.239547376000075],[-3.824612566999974,37.238562702000024],[-3.8256989299999304,37.234874492000074],[-3.8222198269999694,37.23037245100005],[-3.816587335999941,37.22870060500003],[-3.8149084189999485,37.23431214200008],[-3.8175890439999307,37.23533351200007],[-3.8163892889999715,37.23797278600006],[-3.8181605029999446,37.23963846400005]],[[-3.8736177759999464,37.19888450000008],[-3.8720483149999723,37.196393269000055],[-3.869828621999943,37.199027553000064],[-3.8736177759999464,37.19888450000008]]]}},{"type":"Feature","properties":{"ClaseSuelo":"SUELO URBANIZABLE DELIMITADO O SECTORIZADO","NuclRural":"0","AreaLamber":114.10662101,"Shape_STAr":0.000115959533757},"geometry":{"type":"MultiPolygon","coordinates":[[[[-3.762253381999926,37.26568209900006],[-3.759427973999948,37.26149826200003],[-3.76326944799996,37.25800018000007],[-3.7661267119999593,37.26446242600008],[-3.763725223999927,37.26655040600008],[-3.762253381999926,37.26568209900006]]],[[[-3.7145283419999373,37.22433581400003],[-3.7072224069999606,37.221215947000076],[-3.7085917729999665,37.219237501000066],[-3.7170557489999396,37.223638996000034],[-3.718941212999937,37.22292018100006],[-3.7181910109999308,37.22600434200007],[-3.7145283419999373,37.22433581400003]]],[[[-3.82163395799995,37.23697262300004],[-3.8229791219999356,37.23748453600007],[-3.822302458999957,37.239108593000026],[-3.8198555059999535,37.239547376000075],[-3.8186368239999524,37.23732918600007],[-3.82163395799995,37.23697262300004]]],[[[-3.736468542999944,37.23649480100005],[-3.742671431999952,37.23956550500003],[-3.7385364069999696,37.24264159100005],[-3.733981159999928,37.23856088400004],[-3.736468542999944,37.23649480100005]]],[[[-3.7486041069999487,37.248102353000036],[-3.7466949449999447,37.247605692000036],[-3.7536575309999307,37.245876589000034],[-3.7551533059999542,37.24713518300007],[-3.7533515559999273,37.24857191800004],[-3.7542239699999413,37.24988306800003],[-3.7486041069999487,37.248102353000036]]],[[[-3.806847409999932,37.25472223600008],[-3.809646058999931,37.25687203600006],[-3.8075762889999396,37.25736365200004],[-3.806847409999932,37.25472223600008]]]]}},{"type":"Feature","properties":{"ClaseSuelo":"SISTEMAS GENERALES","NuclRural":"0","AreaLamber":361.32355412,"Shape_STAr":0.000366919435339},"geometry":{"type":"MultiPolygon","coordinates":[[[[-3.6206152779999456,37.207026264000035],[-3.6258209109999484,37.20410853200008],[-3.6188538369999605,37.19172961000004],[-3.6264062999999283,37.20442484100005],[-3.630535879999968,37.19872510300007],[-3.6330241429999433,37.19022742200008],[-3.614935996999975,37.18497951300003],[-3.6329161849999423,37.188869398000065],[-3.631434808999927,37.18647471600008],[-3.6303267849999656,37.18720310200007],[-3.615445999999963,37.179588487000046],[-3.616315355999973,37.17877796100004],[-3.612336253999956,37.17463013300005],[-3.6097277479999548,37.168757209000034],[-3.608808943999975,37.163382297000055],[-3.6105016879999425,37.16230516300004],[-3.607975589999967,37.16260656800006],[-3.611379796999927,37.157140164000054],[-3.6126712569999313,37.158003206000046],[-3.6102454149999517,37.16711767700008],[-3.612395203999938,37.17393375000006],[-3.6179584449999425,37.179280935000065],[-3.6314733119999687,37.18572383800006],[-3.634229320999964,37.189954545000035],[-3.6433863879999535,37.191635836000046],[-3.6750752779999516,37.19229160900005],[-3.675047286999927,37.19046918200007],[-3.676745083999947,37.190018106000025],[-3.681457398999953,37.19277277500004],[-3.6572946669999737,37.192329081000025],[-3.6645267789999707,37.19525369300004],[-3.675058713999931,37.20267371600005],[-3.6782308279999256,37.202079586000025],[-3.685096491999957,37.19495876000008],[-3.686125501999925,37.195356351000044],[-3.679942627999935,37.20171960400006],[-3.6809348959999397,37.20454151900003],[-3.698211249999929,37.20441582900003],[-3.6753284459999804,37.20592305800005],[-3.674129774999926,37.203360760000066],[-3.6651791569999546,37.196099856000046],[-3.657917338999937,37.19369674100005],[-3.6495312499999386,37.19703308600003],[-3.6691867669999283,37.20516210100004],[-3.6489335989999745,37.19698583200005],[-3.6441742849999628,37.19836938200007],[-3.632352907999973,37.19687482900008],[-3.624087463999956,37.21011578800005],[-3.6206152779999456,37.207026264000035]],[[-3.6367850519999365,37.19775931200007],[-3.645307197999955,37.19803883600008],[-3.647536327999944,37.19635300200008],[-3.6356959379999694,37.19140723700008],[-3.632400574999963,37.19618464700005],[-3.6367850519999365,37.19775931200007]],[[-3.647653822999928,37.196234213000025],[-3.65388934799995,37.192820889000075],[-3.652128285999936,37.191529881000065],[-3.634150133999981,37.190350040000055],[-3.647653822999928,37.196234213000025]]],[[[-3.6053003429999535,37.150465945000064],[-3.6063166039999714,37.15052032300008],[-3.6061475539999606,37.15085082000007],[-3.6053003429999535,37.150465945000064]]],[[[-3.581575338999926,37.15763978700005],[-3.5789905599999656,37.15677224700005],[-3.5842101659999344,37.15538980800005],[-3.5828899689999503,37.15379907000005],[-3.5850762359999635,37.15484570600006],[-3.591580073999978,37.14935001900005],[-3.602940288999946,37.14434276600008],[-3.6078082559999416,37.141166543000054],[-3.608635311999933,37.13825257000008],[-3.6094230759999277,37.14107663600004],[-3.6070167159999755,37.14939041000008],[-3.598371823999969,37.14893068900005],[-3.597048633999975,37.15038812100005],[-3.594232659999932,37.14935194700007],[-3.596673374999966,37.15060372800008],[-3.594902271999956,37.151653692000025],[-3.5927669709999464,37.150349059000064],[-3.585722569999973,37.15617003400007],[-3.5823556989999474,37.15691822900004],[-3.58434846199998,37.15875776000007],[-3.581575338999926,37.15763978700005]]],[[[-3.6239390969999477,37.16296810500006],[-3.6272186459999602,37.163542171000074],[-3.6241158719999476,37.166527460000054],[-3.6226012669999363,37.16524949500007],[-3.6239390969999477,37.16296810500006]]],[[[-3.561032233999981,37.16715294900007],[-3.559484751999946,37.16698164600007],[-3.5636924129999556,37.165904425000065],[-3.563489067999967,37.16710875500007],[-3.561032233999981,37.16715294900007]]],[[[-3.596932120999952,37.19730405700005],[-3.601378542999953,37.19514789800007],[-3.6008685999999557,37.19653745800008],[-3.596932120999952,37.19730405700005]]],[[[-3.5906069949999733,37.20017727600003],[-3.595256395999968,37.19934513000004],[-3.5909441599999354,37.201177735000044],[-3.5906069949999733,37.20017727600003]]],[[[-3.5665265609999324,37.21085730100003],[-3.5718217779999577,37.20748736100006],[-3.5739352189999636,37.20413014400003],[-3.5804194179999627,37.201906715000064],[-3.5799405929999466,37.206077967000056],[-3.5665265609999324,37.21085730100003]]],[[[-3.600926825999977,37.21142521000007],[-3.59330792399993,37.209949204000054],[-3.591545930999928,37.20748351100008],[-3.5954382049999367,37.20749858800008],[-3.5953382469999724,37.209236229000055],[-3.596956478999971,37.20671071000004],[-3.6002396519999706,37.20726997500003],[-3.5988971139999535,37.21066833400005],[-3.6023456359999386,37.21150047500004],[-3.600926825999977,37.21142521000007]]],[[[-3.6026489169999536,37.21256125300005],[-3.6026290509999512,37.21147967300004],[-3.6101740559999485,37.21303940100006],[-3.6028928049999536,37.21488562300004],[-3.6026489169999536,37.21256125300005]]]]}},{"type":"Feature","properties":{"ClaseSuelo":"SUELO NO URBANIZABLE","NuclRural":"0","AreaLamber":5849.8329104,"Shape_STAr":0.0059405835553},"geometry":{"type":"MultiPolygon","coordinates":[[[[-3.5549989879999657,37.22501673200003],[-3.5531245839999315,37.224574784000026],[-3.550711299999932,37.219772513000066],[-3.5474434729999302,37.22145523000006],[-3.5443489979999754,37.220613134000075],[-3.542716144999929,37.219250482000064],[-3.543250210999929,37.21670608100004],[-3.5359432499999457,37.21782099200004],[-3.517229825999948,37.20906124800007],[-3.5161788529999285,37.211950321000074],[-3.5099470229999383,37.21707020200006],[-3.5018050659999744,37.21130886900005],[-3.498076671999968,37.20646599100007],[-3.497977055999968,37.205024157000025],[-3.501665862999971,37.20389087800004],[-3.503429156999971,37.19789806400007],[-3.4963268689999722,37.192213037000045],[-3.4972315769999796,37.189279670000076],[-3.508336116999942,37.18523038500007],[-3.511299433999966,37.18192751400005],[-3.5151726579999263,37.18160429300008],[-3.523299596999948,37.16915633100007],[-3.5376429179999604,37.17137283100004],[-3.54021346899998,37.168530737000026],[-3.54393577999997,37.167693462000045],[-3.5487544189999767,37.16236884400007],[-3.5548753889999603,37.163766775000056],[-3.559484751999946,37.16698164600007],[-3.563489067999967,37.16710875500007],[-3.5658187289999432,37.16495288100003],[-3.5767679259999454,37.16497965800005],[-3.584097692999933,37.167092127000046],[-3.583014852999952,37.168711563000045],[-3.575271579999935,37.167630460000055],[-3.5735628599999245,37.16876631800005],[-3.58052142899993,37.17406990100005],[-3.5842971069999408,37.18026199800005],[-3.5948888249999413,37.17734029200005],[-3.586947633999955,37.17937539700006],[-3.585184381999966,37.18143169800004],[-3.5792412039999704,37.18157060200008],[-3.587654020999935,37.18181225300003],[-3.589586244999964,37.18340275200006],[-3.590251271999932,37.18564647900007],[-3.5884767919999376,37.18502839700005],[-3.5862063089999765,37.18660849500003],[-3.5888854059999744,37.18967316000004],[-3.587785010999937,37.191331330000025],[-3.5914682889999767,37.19229818400004],[-3.5908353449999595,37.19425673600006],[-3.5966686089999484,37.19806789100005],[-3.5906069949999733,37.20017727600003],[-3.5826636029999577,37.20602740100003],[-3.5792122719999497,37.20566074300007],[-3.5804194179999627,37.201906715000064],[-3.5739352189999636,37.20413014400003],[-3.5718217779999577,37.20748736100006],[-3.5643298159999404,37.21256040800006],[-3.560679061999963,37.220293713000046],[-3.5549989879999657,37.22501673200003]],[[-3.5562251999999717,37.21409090800006],[-3.559423982999931,37.20777659500004],[-3.568900489999976,37.19946344400006],[-3.5652468989999306,37.19995749000003],[-3.563703233999945,37.20271269600005],[-3.5570674419999477,37.20691141200007],[-3.5565562579999437,37.20938720400005],[-3.553574080999965,37.21114012700008],[-3.5535356529999262,37.21553056400006],[-3.5554689119999807,37.215703242000075],[-3.5562251999999717,37.21409090800006]],[[-3.5825525619999325,37.196434561000046],[-3.580184188999965,37.195375340000055],[-3.575731365999957,37.19775945600003],[-3.5784668939999733,37.19867224700005],[-3.5825525619999325,37.196434561000046]],[[-3.58797633599994,37.195272799000065],[-3.5882358899999645,37.19624310900008],[-3.5889466929999685,37.19581567600005],[-3.58797633599994,37.195272799000065]],[[-3.5782474859999525,37.183634149000056],[-3.5782272539999553,37.18274297500005],[-3.5756840669999406,37.18281006600006],[-3.5782474859999525,37.183634149000056]]],[[[-3.6086191119999285,37.13858182800004],[-3.6100316409999778,37.138356042000055],[-3.6094230759999277,37.14107663600004],[-3.6086191119999285,37.13858182800004]]],[[[-3.598021800999959,37.150799591000066],[-3.5939393959999393,37.14950692800005],[-3.60554048299997,37.15198183100006],[-3.598021800999959,37.150799591000066]]],[[[-3.582166534999942,37.15198382700004],[-3.5790514339999504,37.150878445000046],[-3.5791204859999652,37.14811980200005],[-3.586696715999949,37.146369940000056],[-3.5784230429999297,37.14082179600007],[-3.5916438299999527,37.13817864500004],[-3.60053359799997,37.13896332200005],[-3.6015744509999763,37.13674960600008],[-3.6077028039999277,37.13717812400006],[-3.6078082559999416,37.141166543000054],[-3.591490361999945,37.149404195000045],[-3.585681587999943,37.15455472300005],[-3.582166534999942,37.15198382700004]]],[[[-3.6103186059999643,37.16235533200006],[-3.60875613099995,37.16325954800004],[-3.6085400439999376,37.162990653000065],[-3.6103186059999643,37.16235533200006]]],[[[-3.6064035279999302,37.16409200000004],[-3.6084717939999678,37.16336210800006],[-3.5965541699999335,37.16836890600007],[-3.6064035279999302,37.16409200000004]]],[[[-3.596012081999959,37.16805782700004],[-3.596271276999971,37.16793102100007],[-3.596384349999937,37.16845416600006],[-3.596012081999959,37.16805782700004]]],[[[-3.5920904799999676,37.16902986500003],[-3.587452834999965,37.16594611000005],[-3.5745421419999275,37.162899295000045],[-3.559981122999943,37.16271947100006],[-3.5538088439999456,37.16059295400004],[-3.550939572999937,37.162444866000044],[-3.5482593979999706,37.16203354900006],[-3.549994493999975,37.15820978900007],[-3.5595291479999673,37.160662150000064],[-3.5599786889999336,37.15747806400003],[-3.563951182999972,37.15858602700007],[-3.5640286219999666,37.15688200000005],[-3.573595030999968,37.15453001900005],[-3.5722800009999673,37.15644767800006],[-3.5694665919999693,37.15611807300007],[-3.5686668369999666,37.15805654900004],[-3.5763200699999516,37.160985794000055],[-3.5747221039999317,37.16267609100004],[-3.587830348999944,37.16584662400004],[-3.5925173909999444,37.168873387000076],[-3.5962589309999657,37.168510310000045],[-3.5920904799999676,37.16902986500003]]],[[[-3.614040655999929,37.17683529200008],[-3.615337174999979,37.17802388900003],[-3.6145856259999505,37.17842903500008],[-3.614040655999929,37.17683529200008]]],[[[-3.686821036999959,37.20534554000005],[-3.6811953329999483,37.204711935000034],[-3.679760680999948,37.20220776900004],[-3.686125501999925,37.195356351000044],[-3.6782308279999256,37.202079586000025],[-3.675058713999931,37.20267371600005],[-3.6645267789999707,37.19525369300004],[-3.6572946669999737,37.192329081000025],[-3.681457398999953,37.19277277500004],[-3.676745083999947,37.190018106000025],[-3.675047286999927,37.19046918200007],[-3.6750752779999516,37.19229160900005],[-3.669877048999979,37.19227809200004],[-3.659010336999927,37.191524439000034],[-3.6593055019999383,37.189645779000045],[-3.657391787999927,37.18957440400004],[-3.657045334999964,37.191453344000024],[-3.6456128389999662,37.19153177700008],[-3.640341644999978,37.188813141000026],[-3.6394588209999483,37.19093860100003],[-3.6340662799999564,37.18985339400007],[-3.6319829429999686,37.18610655600003],[-3.6179584449999425,37.179280935000065],[-3.614065542999981,37.175945901000034],[-3.615728259999969,37.174602563000064],[-3.611749647999943,37.17285330300007],[-3.6102558319999503,37.16539367900003],[-3.6126712569999313,37.158003206000046],[-3.6161749739999323,37.16142733400005],[-3.6252267329999768,37.159640301000024],[-3.636478484999941,37.16104979000005],[-3.64162663999997,37.158516173000066],[-3.643684892999943,37.16084867300003],[-3.6559289839999565,37.16103403000005],[-3.654041129999939,37.16675933200003],[-3.656619687999978,37.16797100200006],[-3.6578621729999554,37.17227282400006],[-3.648368093999977,37.172478314000045],[-3.6522555539999644,37.17393531000005],[-3.655938591999927,37.17779103500004],[-3.6713328639999645,37.18357305100005],[-3.681299706999937,37.181920760000025],[-3.6886535779999576,37.18659261100004],[-3.6987975089999736,37.188263962000065],[-3.698095594999927,37.19401900400004],[-3.700361536999935,37.19902641700003],[-3.6986304809999524,37.204381898000065],[-3.686821036999959,37.20534554000005]],[[-3.6817720299999337,37.18966479900007],[-3.6792851679999785,37.18886967700007],[-3.6783122849999472,37.18997316400004],[-3.681190517999937,37.19087299000006],[-3.6817720299999337,37.18966479900007]],[[-3.6757258259999617,37.18785312600005],[-3.6751727269999606,37.18807035700007],[-3.6758342009999296,37.188651926000034],[-3.6757258259999617,37.18785312600005]],[[-3.6403644059999465,37.17644756900006],[-3.6393368669999404,37.17546630800007],[-3.6354058039999586,37.178033533000075],[-3.6375409839999406,37.180134759000055],[-3.6412071309999305,37.17987914300005],[-3.6403644059999465,37.17644756900006]],[[-3.6386449309999307,37.172226264000074],[-3.638833262999981,37.17037451500005],[-3.63605722799997,37.169690305000074],[-3.635187680999934,37.17120402000006],[-3.6386449309999307,37.172226264000074]],[[-3.61484491799996,37.16993217300006],[-3.612145335999969,37.16963801800006],[-3.613463476999925,37.17116318800004],[-3.61484491799996,37.16993217300006]],[[-3.624740155999973,37.162740547000055],[-3.6226012669999363,37.16524949500007],[-3.624026148999974,37.16652098600008],[-3.6272186459999602,37.163542171000074],[-3.624740155999973,37.162740547000055]],[[-3.6675229709999257,37.19113088900008],[-3.6669526009999345,37.191852537000045],[-3.667494296999962,37.191951620000054],[-3.6675229709999257,37.19113088900008]]],[[[-3.6564255139999773,37.19382450900008],[-3.6640986099999395,37.195389721000026],[-3.674129774999926,37.203360760000066],[-3.6751012139999375,37.205842344000075],[-3.6594443429999615,37.19761510500007],[-3.6554126899999346,37.19398000900003],[-3.6564255139999773,37.19382450900008]]],[[[-3.6798651079999445,37.20663628500006],[-3.6769698089999565,37.20606238100004],[-3.695240185999978,37.20503152900005],[-3.6915331309999715,37.205856718000064],[-3.689516605999927,37.208410394000055],[-3.6798651079999445,37.20663628500006]]]]}},{"type":"Feature","properties":{"ClaseSuelo":"SUELO NO URBANIZABLE","NuclRural":"0","AreaLamber":47073.3737237,"Shape_STAr":0.0482524288501},"geometry":{"type":"Polygon","coordinates":[[[-2.487488634999977,37.84063929300004],[-2.4813274319999437,37.829436101000056],[-2.4747234839999805,37.82165558200006],[-2.468393287999959,37.817093585000066],[-2.4537441659999786,37.80064972100007],[-2.4442909849999523,37.793385955000076],[-2.4739925729999754,37.785230461000026],[-2.4858016889999703,37.773971180000046],[-2.4911869119999324,37.77186748300005],[-2.4976539849999426,37.76587447900005],[-2.505395233999934,37.76445614100004],[-2.5069224189999773,37.768725768000024],[-2.5089152819999754,37.769554296000024],[-2.5148444069999414,37.77095789500004],[-2.5320839669999486,37.770387664000054],[-2.5400764409999397,37.772383983000054],[-2.5430109999999786,37.77526157700004],[-2.545008265999968,37.77360186900006],[-2.5548937699999783,37.776262435000035],[-2.57473452499994,37.77371284000003],[-2.60081579499996,37.77385806400008],[-2.6246564189999617,37.76123673600006],[-2.6259659369999326,37.76724368600003],[-2.6223188659999437,37.77221636200005],[-2.625967899999978,37.778167680000024],[-2.626532094999959,37.78341514700003],[-2.6527424309999788,37.788308304000054],[-2.6552460769999584,37.792119220000075],[-2.6636637689999247,37.796785330000034],[-2.7020343979999666,37.804820249000045],[-2.7026563989999772,37.808364004000055],[-2.699584576999939,37.81513411100008],[-2.7081804929999294,37.81338916200008],[-2.7136973629999375,37.81457442900006],[-2.708256194999933,37.82597173000005],[-2.7108995079999545,37.83291838200006],[-2.7058598619999543,37.84579468900006],[-2.6955818449999356,37.85491686800003],[-2.702121485999953,37.85973760100006],[-2.712897719999944,37.871697751000056],[-2.72250254599993,37.872432839000055],[-2.726519709999934,37.87456032700004],[-2.7244796109999356,37.87892691400003],[-2.728955783999936,37.88314642700004],[-2.7267870369999514,37.88535862600003],[-2.719499457999973,37.90594535100007],[-2.7107991109999716,37.91135914500006],[-2.7042739179999558,37.918760649000035],[-2.696063074999927,37.92347155300007],[-2.6929145239999457,37.93096220500007],[-2.684002760999931,37.939437859000066],[-2.692286041999978,37.95626004800005],[-2.6945590089999314,37.968172114000026],[-2.6897309609999525,37.97381960900003],[-2.680257759999961,37.96599801900004],[-2.674854264999965,37.965063884000074],[-2.6712492059999704,37.96165597400005],[-2.6692002369999273,37.96163220300008],[-2.6606767269999523,37.965961185000026],[-2.655700337999974,37.96626217600004],[-2.6425252169999567,37.98107620500008],[-2.620329922999929,37.98821698300003],[-2.6096836299999495,37.99658215900007],[-2.605119570999932,37.99815319100003],[-2.6045327239999665,38.00139586300003],[-2.599428178999972,38.003839105000054],[-2.597712627999954,38.00721308200008],[-2.599941294999951,38.04362363300004],[-2.595854456999973,38.053190287000064],[-2.5989584719999357,38.058770836000065],[-2.606724893999967,38.06018505000003],[-2.606626955999957,38.06144651500006],[-2.593965905999937,38.06494549100006],[-2.5942750489999753,38.06676714400004],[-2.5914324669999473,38.06953323700003],[-2.586789221999936,38.07011184900006],[-2.5855328659999373,38.07254087700005],[-2.5734036669999796,38.07426398400003],[-2.5713539549999496,38.07578869800005],[-2.572995295999931,38.07783156100004],[-2.5699458119999576,38.078721718000054],[-2.565379319999977,38.083544774000075],[-2.55785420899997,38.08154290500005],[-2.551293666999925,38.08409568800005],[-2.5467960789999324,38.07934672700003],[-2.522559562999959,38.069940562000056],[-2.5043980179999608,38.06832417500004],[-2.491454072999943,38.05911186900005],[-2.4817694489999553,38.05525713800006],[-2.4840681039999595,38.05092308400003],[-2.4825415259999772,38.04920393900005],[-2.4949569769999584,38.03702756900003],[-2.504650331999926,38.032562419000044],[-2.51759102099993,38.02965104000003],[-2.5303794879999373,38.02364620000003],[-2.5378815889999373,38.015537323000046],[-2.5403338399999598,38.016889854000055],[-2.5444850169999427,38.01433734700004],[-2.548949595999943,38.01450778200007],[-2.55069478799993,38.01601060200005],[-2.5520676759999787,38.015051465000056],[-2.552826290999974,38.01769512300007],[-2.5565873249999527,38.01554628400004],[-2.561381138999934,38.01592478400005],[-2.5673018569999613,38.01064715900003],[-2.576107128999979,38.006722584000045],[-2.5822619879999706,37.99799309300005],[-2.584311993999961,37.989915789000065],[-2.58308889999995,37.98265606700005],[-2.5860741009999515,37.978268308000054],[-2.568148338999947,37.96332350100005],[-2.5493344319999665,37.95896273900007],[-2.548683381999979,37.95186705300006],[-2.5251951489999556,37.928097544000025],[-2.5209095229999434,37.92922481200003],[-2.5145720189999565,37.92742326600006],[-2.501085818999968,37.91263961400006],[-2.4935896489999436,37.91918702900006],[-2.484097732999942,37.918037163000065],[-2.4779217609999478,37.90650033400004],[-2.463864353999952,37.899893648000045],[-2.4610535099999424,37.89227382900003],[-2.4646509819999665,37.887053716000025],[-2.4637237169999366,37.88318292400004],[-2.4602642179999634,37.881968362000066],[-2.4611725769999566,37.87902528700005],[-2.4721563619999642,37.85993148700004],[-2.471877655999947,37.85596450700007],[-2.4847591709999506,37.84581888400004],[-2.487488634999977,37.84063929300004]],[[-2.5500491969999644,37.80744863700005],[-2.5497009649999427,37.804597295000065],[-2.544793494999965,37.797639729000025],[-2.5432019779999564,37.79761693000006],[-2.5386949739999523,37.80764394500005],[-2.536044026999946,37.80764094700004],[-2.5364642899999694,37.80947030100003],[-2.5321775799999386,37.81119189200007],[-2.5359551089999286,37.81183357500004],[-2.534065183999928,37.815845171000035],[-2.5437555349999457,37.81691787600005],[-2.544497895999939,37.813266690000034],[-2.5492283709999697,37.813560747000054],[-2.5500491969999644,37.80744863700005]],[[-2.524385636999966,37.81827311500007],[-2.5261480059999712,37.81828476700008],[-2.527017973999932,37.81467115300006],[-2.5313690619999534,37.81063439800005],[-2.530132354999978,37.80653857400006],[-2.525641964999977,37.805892906000054],[-2.52519818199994,37.812608589000035],[-2.5213868659999434,37.813529526000025],[-2.5213760149999302,37.818323269000075],[-2.524385636999966,37.81827311500007]]]}},{"type":"Feature","properties":{"ClaseSuelo":"SUELO URBANIZABLE DELIMITADO O SECTORIZADO","NuclRural":"0","AreaLamber":37.33441865,"Shape_STAr":0.00003822659488},"geometry":{"type":"MultiPolygon","coordinates":[[[[-2.5398455799999624,37.81593187100003],[-2.5431148339999368,37.815257452000026],[-2.5432826949999594,37.81260001000004],[-2.5456685579999316,37.812381102000074],[-2.545941745999926,37.81106608700003],[-2.547675612999967,37.81286494100004],[-2.5497681279999256,37.81242821500007],[-2.548973660999934,37.81367722700003],[-2.544497895999939,37.813266690000034],[-2.544038531999945,37.81529722000005],[-2.539035387999945,37.817098688000044],[-2.5398455799999624,37.81593187100003]]],[[[-2.5385324579999633,37.807952697000076],[-2.5431778089999284,37.79914761400005],[-2.5457258749999596,37.799195903000054],[-2.5482878469999264,37.80318644400006],[-2.54381413699997,37.798942391000026],[-2.542827860999978,37.80295868700006],[-2.5415272979999486,37.80249877500006],[-2.540467751999927,37.80667609200003],[-2.5385324579999633,37.807952697000076]]],[[[-2.547649776999947,37.81101609500007],[-2.5463937079999255,37.811025108000024],[-2.5462612799999533,37.80883996500006],[-2.5497516479999263,37.80882646300006],[-2.549815844999955,37.81232809100004],[-2.547649776999947,37.81101609500007]]]]}},{"type":"Feature","properties":{"ClaseSuelo":"SUELO URBANO","NuclRural":"0","AreaLamber":180.49901354,"Shape_STAr":0.000184814784163},"geometry":{"type":"MultiPolygon","coordinates":[[[[-2.5388217579999264,37.816880526000034],[-2.5343110449999244,37.81526453500004],[-2.5352631339999334,37.812799589000065],[-2.5362299139999323,37.81384197400007],[-2.5371196549999695,37.809968387000026],[-2.5353006389999564,37.81088481900008],[-2.5359551089999286,37.81183357500004],[-2.5321775799999386,37.81119189200007],[-2.5323635889999423,37.810088000000064],[-2.5350695359999804,37.81021067700004],[-2.5378201729999432,37.808811277000075],[-2.537509087999979,37.807195827000044],[-2.5401940939999577,37.80698156700004],[-2.54381413699997,37.798942391000026],[-2.5478545379999673,37.80482120000005],[-2.549478054999952,37.805074725000054],[-2.549109848999933,37.80882395500004],[-2.5460959149999667,37.80995134700004],[-2.549815844999955,37.81232809100004],[-2.547675612999967,37.81286494100004],[-2.545941745999926,37.81106608700003],[-2.5456685579999316,37.812381102000074],[-2.5432826949999594,37.81260001000004],[-2.5431148339999368,37.815257452000026],[-2.5388217579999264,37.816880526000034]],[[-2.5406999599999267,37.81131401500005],[-2.540292203999968,37.81200511000003],[-2.5406862699999806,37.812058110000066],[-2.5406999599999267,37.81131401500005]],[[-2.541839796999966,37.80787776200003],[-2.541412545999947,37.807206174000044],[-2.5407299849999276,37.80799506500006],[-2.541839796999966,37.80787776200003]]],[[[-2.54356463299996,37.79891849400008],[-2.5432019779999564,37.79761693000006],[-2.544793494999965,37.797639729000025],[-2.54356463299996,37.79891849400008]]],[[[-2.5420861469999636,37.81625407700005],[-2.5437686559999406,37.81544811400005],[-2.5437555349999457,37.81691787600005],[-2.5420861469999636,37.81625407700005]]],[[[-2.5214158799999495,37.81758353200007],[-2.5213868659999434,37.813529526000025],[-2.5240160759999526,37.81351868000007],[-2.5257826389999423,37.811036616000024],[-2.5253903329999616,37.80610063300003],[-2.530132354999978,37.80653857400006],[-2.5313690619999534,37.81063439800005],[-2.5261858799999573,37.81642164700003],[-2.524344006999968,37.816418043000056],[-2.524385636999966,37.81827311500007],[-2.5214158799999495,37.81758353200007]]]]}},{"type":"Feature","properties":{"ClaseSuelo":"SUELO URBANO NO CONSOLIDADO","NuclRural":"0","AreaLamber":17.79552473,"Shape_STAr":0.0000182214228299},"geometry":{"type":"MultiPolygon","coordinates":[[[[-2.549478054999952,37.805074725000054],[-2.547474147999935,37.80319011500006],[-2.5497009649999427,37.804597295000065],[-2.549109848999933,37.80882395500004],[-2.549478054999952,37.805074725000054]]],[[[-2.5409207309999715,37.80776385900003],[-2.54203851799997,37.80730431200004],[-2.5418302049999397,37.80807445000005],[-2.5409207309999715,37.80776385900003]]],[[[-2.5365750699999694,37.809097379000036],[-2.536044026999946,37.80764094700004],[-2.537509087999979,37.807195827000044],[-2.537987667999971,37.808560700000044],[-2.5365750699999694,37.809097379000036]]],[[[-2.540292203999968,37.81200511000003],[-2.540732347999949,37.81132134600006],[-2.5406862699999806,37.812058110000066],[-2.540292203999968,37.81200511000003]]],[[[-2.5360192129999746,37.81171989000006],[-2.5353006389999564,37.81088481900008],[-2.5371196549999695,37.809968387000026],[-2.5355967309999414,37.81432035100005],[-2.5360192129999746,37.81171989000006]]],[[[-2.538477311999941,37.81686498600004],[-2.534065183999928,37.815845171000035],[-2.5352886969999417,37.81501082800003],[-2.538477311999941,37.81686498600004]]],[[[-2.524344006999968,37.816418043000056],[-2.5261858799999573,37.81642164700003],[-2.5261480059999712,37.81828476700008],[-2.524385636999966,37.81827311500007],[-2.524344006999968,37.816418043000056]]]]}},{"type":"Feature","properties":{"ClaseSuelo":"SUELO URBANIZABLE DELIMITADO O SECTORIZADO","NuclRural":"0","AreaLamber":313.09918635,"Shape_STAr":0.000317995779386},"geometry":{"type":"MultiPolygon","coordinates":[[[[-3.6720606649999468,37.20595964600005],[-3.6495312499999386,37.19703308600003],[-3.6554170159999444,37.193976442000064],[-3.6594443429999615,37.19761510500007],[-3.6745210839999345,37.205636275000074],[-3.6720606649999468,37.20595964600005]]],[[[-3.5697843199999397,37.15852275000003],[-3.5686668369999666,37.15805654900004],[-3.5694665919999693,37.15611807300007],[-3.5737832949999415,37.15556878700005],[-3.5723135869999396,37.15904341900006],[-3.5697843199999397,37.15852275000003]]],[[[-3.56085649299996,37.16587254900003],[-3.561400568999943,37.16384384100007],[-3.5678391719999354,37.164058054000066],[-3.5681974519999358,37.16250387800005],[-3.567865627999936,37.165245567000056],[-3.56085649299996,37.16587254900003]]],[[[-3.625866673999951,37.188161566000076],[-3.618263605999971,37.186690861000045],[-3.630018854999946,37.18944740200004],[-3.625866673999951,37.188161566000076]]],[[[-3.6260458569999514,37.18725643100004],[-3.6193156389999785,37.18586969100005],[-3.621325178999939,37.18234922800008],[-3.6303267849999656,37.18720310200007],[-3.631434808999927,37.18647471600008],[-3.6330257839999263,37.18951648500007],[-3.6260458569999514,37.18725643100004]],[[-3.62507661199993,37.185698166000066],[-3.6238493619999304,37.18429497600005],[-3.624385416999928,37.185941297000056],[-3.62507661199993,37.185698166000066]],[[-3.6231258689999777,37.18429525000005],[-3.6215680369999745,37.184664085000065],[-3.622390669999959,37.18509575000007],[-3.6231258689999777,37.18429525000005]]],[[[-3.5911188349999748,37.192223959000046],[-3.5882909859999472,37.191582297000025],[-3.5908976809999444,37.18997974900003],[-3.5926867949999632,37.19185663400003],[-3.592109918999938,37.19405124000008],[-3.5908353449999595,37.19425673600006],[-3.5911188349999748,37.192223959000046]]],[[[-3.6405083209999702,37.19779151900008],[-3.6401754759999676,37.196288812000034],[-3.637112252999941,37.19775412700005],[-3.638177379999945,37.19602227200005],[-3.6363506709999456,37.19388256700006],[-3.6341198729999746,37.19506051800005],[-3.6330986549999693,37.19410126900004],[-3.6356959379999694,37.19140723700008],[-3.63834593699994,37.19375499100005],[-3.644071978999932,37.19490387900004],[-3.6421804959999804,37.19794520200003],[-3.6405083209999702,37.19779151900008]]],[[[-3.643748814999981,37.196725325000045],[-3.6452397039999482,37.19537980300004],[-3.647573621999925,37.19683031500006],[-3.645307197999955,37.19803883600008],[-3.644498399999975,37.19670114100006],[-3.6438908179999316,37.19811970200004],[-3.643748814999981,37.196725325000045]]],[[[-3.648594637999963,37.197191400000065],[-3.6521302069999706,37.19832719400006],[-3.6498069209999358,37.19985878400007],[-3.648594637999963,37.197191400000065]]],[[[-3.6289654409999343,37.204622811000036],[-3.6276295079999272,37.203913724000074],[-3.6321887919999654,37.19692300100007],[-3.6340001819999657,37.19729171900008],[-3.633035073999963,37.19861619500006],[-3.634118439999952,37.19954438100007],[-3.635413678999953,37.19772558400007],[-3.647013776999927,37.19784697800003],[-3.642860245999941,37.20134324800006],[-3.641443889999948,37.20077090500007],[-3.6423715129999437,37.20167977300008],[-3.640391815999976,37.20325598800008],[-3.6350513329999785,37.20055017900006],[-3.6289654409999343,37.204622811000036]],[[-3.6366986229999725,37.19989059900007],[-3.6384393789999763,37.198293070000034],[-3.6359625839999694,37.19801872800008],[-3.6366986229999725,37.19989059900007]],[[-3.6423025869999606,37.19883136200008],[-3.6427815979999423,37.19938746500003],[-3.6436368049999714,37.198497443000065],[-3.6423025869999606,37.19883136200008]]],[[[-3.6239801089999446,37.20221599900003],[-3.6258209109999484,37.20410853200008],[-3.623086412999953,37.20650195300004],[-3.6206731739999327,37.20635771000008],[-3.6205389549999722,37.20447616600006],[-3.6239801089999446,37.20221599900003]]],[[[-3.5914581109999517,37.20564195700007],[-3.5900101209999775,37.20567055200007],[-3.5909441599999354,37.201177735000044],[-3.5956208539999466,37.19916852100005],[-3.5980110449999643,37.20087932500007],[-3.599399700999925,37.200073761000056],[-3.597660907999966,37.20281292300007],[-3.593113611999968,37.20194823700007],[-3.5917179699999338,37.20749044000007],[-3.5914581109999517,37.20564195700007]]],[[[-3.6027494679999563,37.211496588000045],[-3.5988971139999535,37.21066833400005],[-3.6002396519999706,37.20726997500003],[-3.6039122499999507,37.20796438100007],[-3.6031826159999696,37.210337121000066],[-3.6098908149999716,37.209820164000064],[-3.6102375069999653,37.21228440200008],[-3.6027494679999563,37.211496588000045]]],[[[-3.5550291669999297,37.21575945700005],[-3.5533844759999624,37.21511391400003],[-3.554449518999945,37.21085117200005],[-3.5549610219999295,37.21320246400006],[-3.5564031149999664,37.21317296400008],[-3.5550291669999297,37.21575945700005]]]]}},{"type":"Feature","properties":{"ClaseSuelo":"SUELO URBANIZABLE NO DELIMITADO O SECTORIZADO","NuclRural":"0","AreaLamber":113.46341946,"Shape_STAr":0.000115239138283},"geometry":{"type":"MultiPolygon","coordinates":[[[[-3.5739820739999573,37.208737238000026],[-3.572368110999946,37.20842052800003],[-3.5849174289999723,37.20516278300005],[-3.5909441599999354,37.201177735000044],[-3.5900101209999775,37.20567055200007],[-3.5914581109999517,37.20564195700007],[-3.5913059719999296,37.20827990200007],[-3.5768572409999706,37.21039990100007],[-3.5739820739999573,37.208737238000026]]],[[[-3.5767186809999316,37.153621058000056],[-3.578827758999978,37.15327343100006],[-3.581966407999971,37.15625325000008],[-3.5789905599999656,37.15677224700005],[-3.5740701669999453,37.15446689300006],[-3.5767186809999316,37.153621058000056]]],[[[-3.646927408999943,37.195292503000076],[-3.645460337999964,37.194077804000074],[-3.6473490499999457,37.19153932000006],[-3.65388934799995,37.192820889000075],[-3.6484911519999628,37.19661812100003],[-3.646927408999943,37.195292503000076]]],[[[-3.5795557879999365,37.19572882800003],[-3.5816583039999728,37.19523539100004],[-3.5827020079999556,37.197432424000056],[-3.5784668939999733,37.19867224700005],[-3.575731365999957,37.19775945600003],[-3.5795557879999365,37.19572882800003]]]]}},{"type":"Feature","properties":{"ClaseSuelo":"SUELO URBANO","NuclRural":"0","AreaLamber":2068.23083626,"Shape_STAr":0.00210017752646},"geometry":{"type":"MultiPolygon","coordinates":[[[[-3.6125822419999736,37.21307825800005],[-3.6101740559999485,37.21303940100006],[-3.6098908149999716,37.209820164000064],[-3.6031826159999696,37.210337121000066],[-3.6039122499999507,37.20796438100007],[-3.596956478999971,37.20671071000004],[-3.5953382469999724,37.209236229000055],[-3.5954382049999367,37.20749858800008],[-3.5918851489999497,37.20687446300008],[-3.593113611999968,37.20194823700007],[-3.597660907999966,37.20281292300007],[-3.599399700999925,37.200073761000056],[-3.5980110449999643,37.20087932500007],[-3.5956208539999466,37.19916852100005],[-3.601378542999953,37.19514789800007],[-3.596932120999952,37.19730405700005],[-3.5936968459999434,37.19624442500003],[-3.5918200969999248,37.190513388000056],[-3.587785010999937,37.191331330000025],[-3.5888854059999744,37.18967316000004],[-3.5862837109999646,37.18698166200005],[-3.5884767919999376,37.18502839700005],[-3.591098952999971,37.18534053700006],[-3.5904829469999413,37.18368414200006],[-3.587380795999934,37.181649976000074],[-3.5792412039999704,37.18157060200008],[-3.585184381999966,37.18143169800004],[-3.586947633999955,37.17937539700006],[-3.5949303259999397,37.177415463000045],[-3.5842971069999408,37.18026199800005],[-3.58052142899993,37.17406990100005],[-3.5735628599999245,37.16876631800005],[-3.575271579999935,37.167630460000055],[-3.583014852999952,37.168711563000045],[-3.584097692999933,37.167092127000046],[-3.5767679259999454,37.16497965800005],[-3.5678462669999362,37.16523767800004],[-3.568173821999949,37.16227206600007],[-3.587452834999965,37.16594611000005],[-3.592419697999958,37.169119813000066],[-3.5962589309999657,37.168510310000045],[-3.5925173909999444,37.168873387000076],[-3.587830348999944,37.16584662400004],[-3.5747221039999317,37.16267609100004],[-3.5763200699999516,37.160985794000055],[-3.5723135869999396,37.15904341900006],[-3.5738404909999417,37.15746068300007],[-3.573595030999968,37.15453001900005],[-3.58434846199998,37.15875776000007],[-3.5823556989999474,37.15691822900004],[-3.585722569999973,37.15617003400007],[-3.5927669709999464,37.150349059000064],[-3.594902271999956,37.151653692000025],[-3.5967503169999304,37.150556927000025],[-3.605400068999927,37.15213535300006],[-3.611379796999927,37.157140164000054],[-3.607975589999967,37.16260656800006],[-3.610351682999976,37.16215523300008],[-3.6085400439999376,37.162990653000065],[-3.6104149949999282,37.16263304800003],[-3.608808943999975,37.163382297000055],[-3.6107647679999673,37.17185617900003],[-3.6145856259999505,37.17842903500008],[-3.616315355999973,37.17877796100004],[-3.615445999999963,37.179588487000046],[-3.621325178999939,37.18234922800008],[-3.6193156389999785,37.18586969100005],[-3.614577858999951,37.18484617800004],[-3.613499840999964,37.18300693900005],[-3.606119848999981,37.18162555500004],[-3.6054206659999295,37.18298263100007],[-3.6137194829999544,37.18524072500003],[-3.6133119079999574,37.18775624400007],[-3.6162278769999716,37.18579244600005],[-3.615596385999936,37.187021497000046],[-3.6174462579999727,37.18899581100004],[-3.615011132999939,37.18841162000007],[-3.6150125099999286,37.189432801000066],[-3.618750173999956,37.191579956000055],[-3.624691026999926,37.20176615300005],[-3.6205389549999722,37.20447616600006],[-3.623183411999946,37.21039396400005],[-3.6125822419999736,37.21307825800005]],[[-3.616449743999965,37.203461781000044],[-3.612481023999976,37.20567580000005],[-3.613750884999945,37.20891643600004],[-3.618930822999971,37.20627740300006],[-3.616449743999965,37.203461781000044]],[[-3.603863141999966,37.20364589900004],[-3.600365384999975,37.20318247000006],[-3.6003703169999426,37.20462606900003],[-3.603863141999966,37.20364589900004]],[[-3.605658430999938,37.19599824900007],[-3.605553529999952,37.19566843100006],[-3.604749980999941,37.195955764000075],[-3.605658430999938,37.19599824900007]],[[-3.6122223879999638,37.18963435300003],[-3.6086737659999244,37.191425898000034],[-3.6090824439999665,37.192612971000074],[-3.6130668289999335,37.192511796000076],[-3.6122223879999638,37.18963435300003]],[[-3.5960751509999795,37.18921168500003],[-3.5966274609999687,37.189065035000056],[-3.5948183419999395,37.18924592700006],[-3.5960751509999795,37.18921168500003]],[[-3.6026149769999734,37.18863209800003],[-3.603627509999967,37.188995592000026],[-3.603609702999961,37.188247115000024],[-3.6026149769999734,37.18863209800003]],[[-3.592461347999972,37.18655057400008],[-3.592994320999935,37.185869328000024],[-3.5915543329999764,37.18605338200007],[-3.592461347999972,37.18655057400008]],[[-3.600136544999941,37.185970144000066],[-3.6022113219999596,37.18535760900005],[-3.601040917999967,37.18407412300007],[-3.600136544999941,37.185970144000066]],[[-3.5988945019999505,37.18539876600005],[-3.598556182999971,37.18479675400005],[-3.5982861849999495,37.185604554000065],[-3.5988945019999505,37.18539876600005]],[[-3.595139579999966,37.18487939800008],[-3.5978005069999313,37.18483629000008],[-3.597217366999928,37.18386112700006],[-3.595139579999966,37.18487939800008]],[[-3.591411462999929,37.18448207100005],[-3.5914096229999473,37.18446416000006],[-3.591005938999956,37.18449497000006],[-3.591411462999929,37.18448207100005]],[[-3.597405993999928,37.18386004100006],[-3.5990338909999764,37.18461637900003],[-3.5964586939999776,37.18273257200008],[-3.597405993999928,37.18386004100006]],[[-3.594964480999977,37.18362297800007],[-3.5945886929999347,37.183217926000054],[-3.5944660909999584,37.18353793000006],[-3.594964480999977,37.18362297800007]],[[-3.5947735799999805,37.18321808600007],[-3.5948871819999795,37.18298420100007],[-3.5947192719999634,37.18282080000006],[-3.5947735799999805,37.18321808600007]],[[-3.5937041669999417,37.18317398000005],[-3.5938082989999316,37.18275002200005],[-3.5934930139999324,37.18273400100003],[-3.5937041669999417,37.18317398000005]],[[-3.58918431099994,37.18306824000007],[-3.5891951879999624,37.18274250600007],[-3.5890560929999538,37.18293712000008],[-3.58918431099994,37.18306824000007]],[[-3.59573504399998,37.18265003500005],[-3.595798727999977,37.182707857000025],[-3.5958764369999585,37.18254318100003],[-3.59573504399998,37.18265003500005]],[[-3.594011016999957,37.18255385800006],[-3.597576156999935,37.18230949300005],[-3.597665713999959,37.18123684600005],[-3.594011016999957,37.18255385800006]],[[-3.593144784999936,37.18255423000005],[-3.5934222249999266,37.18228121200008],[-3.592372695999927,37.182212212000024],[-3.593144784999936,37.18255423000005]],[[-3.590216378999969,37.182183716000054],[-3.591142169999955,37.181600297000045],[-3.590497081999956,37.18099920100008],[-3.590216378999969,37.182183716000054]],[[-3.597098740999968,37.181398580000064],[-3.5974667259999364,37.18142152300004],[-3.5973635349999427,37.18064396500006],[-3.597098740999968,37.181398580000064]],[[-3.591199771999925,37.180859034000036],[-3.591058271999941,37.18044624100003],[-3.5912951239999416,37.18038080000008],[-3.5911514159999456,37.18035547200003],[-3.591199771999925,37.180859034000036]],[[-3.5911585209999544,37.18030503500006],[-3.5976017249999472,37.17770826200007],[-3.5884391759999517,37.180018767000035],[-3.5911585209999544,37.18030503500006]],[[-3.5914762279999763,37.179805230000056],[-3.59163278099993,37.17951866900006],[-3.591354419999959,37.17951093600004],[-3.5914762279999763,37.179805230000056]],[[-3.598342425999931,37.17705661300005],[-3.5987830549999558,37.17717384600007],[-3.598585286999935,37.17696719400004],[-3.598342425999931,37.17705661300005]],[[-3.599318561999951,37.17724015600004],[-3.5999042839999333,37.17707705000004],[-3.5993783029999804,37.176881095000056],[-3.599318561999951,37.17724015600004]],[[-3.6058329979999257,37.17738196800008],[-3.606095398999969,37.17782757100008],[-3.6063260639999726,37.17771084200007],[-3.6058329979999257,37.17738196800008]],[[-3.601452523999967,37.177521177000074],[-3.6008299109999484,37.17783882900005],[-3.601368599999944,37.177901130000066],[-3.601452523999967,37.177521177000074]],[[-3.60504489799996,37.178152331000035],[-3.6054801189999353,37.178744219000066],[-3.605745191999972,37.178499773000055],[-3.60504489799996,37.178152331000035]],[[-3.598384049999936,37.17876989200005],[-3.597702788999925,37.17971547900004],[-3.5982089699999733,37.18031649000005],[-3.598384049999936,37.17876989200005]],[[-3.59097755199997,37.18182635000005],[-3.59105154599996,37.18188278300005],[-3.591200545999925,37.181749988000036],[-3.59097755199997,37.18182635000005]],[[-3.599104337999961,37.18129674100004],[-3.5991515789999653,37.181482354000025],[-3.5994332399999394,37.18146954600007],[-3.599104337999961,37.18129674100004]],[[-3.59895617899997,37.181393799000034],[-3.5988304759999323,37.18133262500004],[-3.598832098999935,37.18140217200005],[-3.59895617899997,37.181393799000034]],[[-3.5988441989999274,37.18154560500005],[-3.598859549999929,37.18164262100004],[-3.5989912629999594,37.181625617000066],[-3.5988441989999274,37.18154560500005]],[[-3.599530627999968,37.18206464800005],[-3.5992194079999535,37.18237435900005],[-3.5994847089999666,37.182377116000055],[-3.599530627999968,37.18206464800005]],[[-3.596018421999929,37.18243886400006],[-3.5959711449999645,37.18237460600005],[-3.5964151149999566,37.18256028600007],[-3.596018421999929,37.18243886400006]],[[-3.599061415999927,37.184625588000074],[-3.5995671679999646,37.18486479000006],[-3.5991616429999453,37.18405181600008],[-3.599061415999927,37.184625588000074]],[[-3.599747736999973,37.18609793400003],[-3.5993160979999743,37.18622135900006],[-3.5993547689999446,37.186420430000055],[-3.599747736999973,37.18609793400003]],[[-3.6007715859999507,37.17678553700006],[-3.601052817999971,37.17646861900005],[-3.6006272929999454,37.17650983100003],[-3.6007715859999507,37.17678553700006]],[[-3.6128245019999667,37.17575954500006],[-3.612138543999947,37.17473988200004],[-3.611152575999938,37.17587167800008],[-3.6128245019999667,37.17575954500006]],[[-3.5963681679999695,37.17621135300004],[-3.5965414589999796,37.175756980000074],[-3.5962337599999614,37.17596559800006],[-3.5963681679999695,37.17621135300004]],[[-3.5984577429999263,37.17559044600006],[-3.599611652999954,37.17540900500006],[-3.5993005009999592,37.17494257200008],[-3.5984577429999263,37.17559044600006]],[[-3.5974296429999413,37.173553757000036],[-3.5972477229999527,37.173672718000034],[-3.5977361159999646,37.17388482400003],[-3.5974296429999413,37.173553757000036]],[[-3.59445978399998,37.17212372400007],[-3.5957445499999494,37.171896349000065],[-3.5943674489999466,37.17094343100007],[-3.59445978399998,37.17212372400007]],[[-3.5893796759999645,37.17182342800004],[-3.5906992379999565,37.17103064500003],[-3.58861077399996,37.171316844000046],[-3.5893796759999645,37.17182342800004]],[[-3.6022379559999536,37.171045528000036],[-3.601711709999961,37.171269049000045],[-3.6020968239999434,37.17154960000005],[-3.6022379559999536,37.171045528000036]],[[-3.6058018519999564,37.17031420300003],[-3.605574105999949,37.170348939000064],[-3.6057396279999807,37.17055703200003],[-3.6058018519999564,37.17031420300003]],[[-3.596384349999937,37.16845416600006],[-3.596271276999971,37.16793102100007],[-3.596012081999959,37.16805782700004],[-3.596384349999937,37.16845416600006]],[[-3.5964868329999717,37.16807698400004],[-3.6045446869999296,37.16534224800006],[-3.6084717939999678,37.16336210800006],[-3.5964868329999717,37.16807698400004]],[[-3.6048157119999473,37.166024658000026],[-3.603662035999946,37.16623931300006],[-3.604508629999941,37.166473293000024],[-3.6048157119999473,37.166024658000026]],[[-3.5976512109999703,37.16120875200005],[-3.5973112719999563,37.16116336500005],[-3.597254752999959,37.16145962200005],[-3.5976512109999703,37.16120875200005]],[[-3.6066161419999503,37.15649001100007],[-3.6047598799999605,37.155876755000065],[-3.606634678999967,37.15664481600004],[-3.6066161419999503,37.15649001100007]],[[-3.5983685149999474,37.15590622900004],[-3.598230613999931,37.15606701200005],[-3.598349584999937,37.156077432000075],[-3.5983685149999474,37.15590622900004]],[[-3.6069049669999345,37.155983340000034],[-3.6074492079999345,37.15537197900005],[-3.607354106999935,37.15530162600004],[-3.6069049669999345,37.155983340000034]],[[-3.5984918019999554,37.15379916100005],[-3.597961593999969,37.153732115000025],[-3.598085921999939,37.154894487000035],[-3.5984918019999554,37.15379916100005]],[[-3.5874386459999528,37.16882891100005],[-3.588309661999972,37.168476776000034],[-3.5863812099999564,37.16796099700008],[-3.5874386459999528,37.16882891100005]]],[[[-3.60032149999995,37.15095880700005],[-3.597048633999975,37.15038812100005],[-3.598371823999969,37.14893068900005],[-3.6070167159999755,37.14939041000008],[-3.60554048299997,37.15198183100006],[-3.60032149999995,37.15095880700005]],[[-3.6058796629999392,37.15032581100007],[-3.6053003429999535,37.150465945000064],[-3.6061475539999606,37.15085082000007],[-3.6058796629999392,37.15032581100007]]],[[[-3.5804480819999753,37.15238598900004],[-3.5810808959999463,37.150896196000076],[-3.584418085999971,37.15515434500003],[-3.581165318999979,37.155742995000026],[-3.578827758999978,37.15327343100006],[-3.5804480819999753,37.15238598900004]]],[[[-3.6166563209999367,37.16106427400007],[-3.6214157659999273,37.16014454200007],[-3.621508796999933,37.16078466100004],[-3.6166563209999367,37.16106427400007]]],[[[-3.559689960999947,37.16648822900004],[-3.5548753889999603,37.163766775000056],[-3.547724695999932,37.163061550000066],[-3.5526190499999757,37.16061852400003],[-3.55966798999998,37.16268026100005],[-3.5680550889999267,37.16258392900005],[-3.5678391719999354,37.164058054000066],[-3.561400568999943,37.16384384100007],[-3.559689960999947,37.16648822900004]],[[-3.5547918029999437,37.16293069300008],[-3.5539547999999286,37.16229584300004],[-3.553830780999931,37.16273077500006],[-3.5547918029999437,37.16293069300008]]],[[[-3.6130337899999745,37.17066387800003],[-3.6129742659999806,37.16911937300006],[-3.615201339999942,37.17023158600006],[-3.6130337899999745,37.17066387800003]]],[[[-3.635759458999928,37.170214335000026],[-3.638833262999981,37.17037451500005],[-3.6386449309999307,37.172226264000074],[-3.635187680999934,37.17120402000006],[-3.635759458999928,37.170214335000026]]],[[[-3.6138619909999647,37.17578388600003],[-3.611749647999943,37.17285330300007],[-3.615728259999969,37.174602563000064],[-3.6138619909999647,37.17578388600003]]],[[[-3.5966047739999567,37.177896987000054],[-3.5966848809999306,37.17777607000005],[-3.5967312009999546,37.17787867900006],[-3.5966047739999567,37.177896987000054]]],[[[-3.6363234139999463,37.17712347100007],[-3.639798300999928,37.175339853000025],[-3.6412962179999795,37.17983733700004],[-3.6375409839999406,37.180134759000055],[-3.6354058039999586,37.178033533000075],[-3.6363234139999463,37.17712347100007]]],[[[-3.57695800099998,37.18378487100006],[-3.5756840669999406,37.18281006600006],[-3.5782272539999553,37.18274297500005],[-3.57695800099998,37.18378487100006]]],[[[-3.6215680369999745,37.184664085000065],[-3.6223729229999435,37.18397245500006],[-3.6231868769999664,37.184403736000036],[-3.622390669999959,37.18509575000007],[-3.6215680369999745,37.184664085000065]]],[[[-3.6238493619999304,37.18429497600005],[-3.6247804379999593,37.18608207400007],[-3.623546466999926,37.18481967100007],[-3.6238493619999304,37.18429497600005]]],[[[-3.6751727269999606,37.18807035700007],[-3.6756441449999784,37.18771062500008],[-3.676047095999934,37.18847915500004],[-3.6751727269999606,37.18807035700007]]],[[[-3.6783122849999472,37.18997316400004],[-3.6792851679999785,37.18886967700007],[-3.6817720299999337,37.18966479900007],[-3.681190517999937,37.19087299000006],[-3.6783122849999472,37.18997316400004]]],[[[-3.657405189999963,37.18972467900005],[-3.6593055019999383,37.189645779000045],[-3.6590393769999423,37.19151302400007],[-3.6570130159999508,37.19143423000003],[-3.657405189999963,37.18972467900005]]],[[[-3.6394588209999483,37.19093860100003],[-3.640341644999978,37.188813141000026],[-3.6455176359999655,37.19151560000006],[-3.6394588209999483,37.19093860100003]]],[[[-3.6669526009999345,37.191852537000045],[-3.6678042979999645,37.191268379000064],[-3.667494296999962,37.191951620000054],[-3.6669526009999345,37.191852537000045]]],[[[-3.634112014999971,37.19054620600008],[-3.642068323999979,37.191637882000066],[-3.6396862629999305,37.19284195600005],[-3.634112014999971,37.19054620600008]]],[[[-3.6584809869999617,37.19185519000007],[-3.659492926999974,37.19287617600003],[-3.658296775999929,37.19281548600003],[-3.6584809869999617,37.19185519000007]]],[[[-3.6640977779999275,37.19223153200005],[-3.665104759999963,37.19185261400003],[-3.665773559999934,37.19252402500007],[-3.6640977779999275,37.19223153200005]]],[[[-3.660406011999953,37.19311840200004],[-3.661798246999979,37.191711300000065],[-3.661830231999943,37.193181544000026],[-3.660406011999953,37.19311840200004]]],[[[-3.6371378279999362,37.19248031600006],[-3.6395354439999323,37.19300532900007],[-3.63834593699994,37.19375499100005],[-3.6371378279999362,37.19248031600006]]],[[[-3.587905672999966,37.19592447600007],[-3.588621911999951,37.195064659000025],[-3.5889466929999685,37.19581567600005],[-3.587905672999966,37.19592447600007]]],[[[-3.6435061849999784,37.192085259000066],[-3.6473490499999457,37.19153932000006],[-3.645460337999964,37.194077804000074],[-3.647199238999974,37.19604332400007],[-3.6435061849999784,37.192085259000066]]],[[[-3.63240693299997,37.19604919200003],[-3.632973925999977,37.19408191400004],[-3.6341198729999746,37.19506051800005],[-3.6363506709999456,37.19388256700006],[-3.638177379999945,37.19602227200005],[-3.636953723999966,37.197761513000046],[-3.63240693299997,37.19604919200003]]],[[[-3.6388731339999367,37.19781699300006],[-3.6401754759999676,37.196288812000034],[-3.6407775339999375,37.196763978000035],[-3.6388731339999367,37.19781699300006]]],[[[-3.644498399999975,37.19670114100006],[-3.6450704439999413,37.19664240700007],[-3.645307197999955,37.19803883600008],[-3.644498399999975,37.19670114100006]]],[[[-3.643443384999955,37.19550158000004],[-3.6452397039999482,37.19537980300004],[-3.6436093489999735,37.19810723400008],[-3.6421804959999804,37.19794520200003],[-3.643443384999955,37.19550158000004]]],[[[-3.6428158109999345,37.19841050900004],[-3.6436368049999714,37.198497443000065],[-3.6427815979999423,37.19938746500003],[-3.6428158109999345,37.19841050900004]]],[[[-3.6340001819999657,37.19729171900008],[-3.635413678999953,37.19772558400007],[-3.634118439999952,37.19954438100007],[-3.633035073999963,37.19861619500006],[-3.6340001819999657,37.19729171900008]]],[[[-3.6364674089999767,37.199790122000024],[-3.6359625839999694,37.19801872800008],[-3.6384393789999763,37.198293070000034],[-3.6364674089999767,37.199790122000024]]],[[[-3.641443889999948,37.20077090500007],[-3.642043992999959,37.200349764000066],[-3.642860245999941,37.20134324800006],[-3.641443889999948,37.20077090500007]]],[[[-3.618751847999931,37.19121940300005],[-3.619990098999949,37.18945693200004],[-3.6176326739999354,37.18902618800007],[-3.6160924869999462,37.18546415700007],[-3.618917031999956,37.18604893500003],[-3.619219758999975,37.18787905900007],[-3.6330241429999433,37.19022742200008],[-3.630535879999968,37.19872510300007],[-3.6264062999999283,37.20442484100005],[-3.618751847999931,37.19121940300005]]],[[[-3.626918961999934,37.20470860100005],[-3.629469748999952,37.20508909600005],[-3.6275406389999603,37.20630064000005],[-3.626918961999934,37.20470860100005]]],[[[-3.6513788359999353,37.20428796300007],[-3.6482663869999783,37.198817794000036],[-3.646240086999967,37.19820846300007],[-3.647833238999965,37.197499804000074],[-3.6498069209999358,37.19985878400007],[-3.6521302069999706,37.19832719400006],[-3.6688542329999336,37.20533900300006],[-3.657157720999976,37.20409613100003],[-3.652683841999931,37.20670784200007],[-3.6513788359999353,37.20428796300007]]],[[[-3.5558117959999436,37.21268723500003],[-3.554449518999945,37.21085117200005],[-3.5570674419999477,37.20691141200007],[-3.564319763999947,37.20275326500007],[-3.5654120269999794,37.19990642800008],[-3.568900489999976,37.19946344400006],[-3.5581843019999724,37.20916669700006],[-3.5567595789999586,37.21321245200005],[-3.5558117959999436,37.21268723500003]]]]}},{"type":"Feature","properties":{"ClaseSuelo":"SUELO URBANO NO CONSOLIDADO","NuclRural":"0","AreaLamber":94.32352531,"Shape_STAr":0.00009579270408},"geometry":{"type":"MultiPolygon","coordinates":[[[[-3.617565170999967,37.19077140700006],[-3.6150125099999286,37.189432801000066],[-3.615011132999939,37.18841162000007],[-3.6174462579999727,37.18899581100004],[-3.616113049999967,37.18569949300007],[-3.6129966989999502,37.18766402400007],[-3.6137194829999544,37.18524072500003],[-3.6065796869999645,37.183731015000035],[-3.606119848999981,37.18162555500004],[-3.613499840999964,37.18300693900005],[-3.6176326739999354,37.18902618800007],[-3.619990098999949,37.18945693200004],[-3.618349888999944,37.19059023800003],[-3.6190307509999684,37.19165847700003],[-3.617565170999967,37.19077140700006]]],[[[-3.598085921999939,37.154894487000035],[-3.597961593999969,37.153732115000025],[-3.5987006429999724,37.153912965000075],[-3.598085921999939,37.154894487000035]]],[[[-3.6069049669999345,37.155983340000034],[-3.607354106999935,37.15530162600004],[-3.6074492079999345,37.15537197900005],[-3.6069049669999345,37.155983340000034]]],[[[-3.598230613999931,37.15606701200005],[-3.5983685149999474,37.15590622900004],[-3.598349584999937,37.156077432000075],[-3.598230613999931,37.15606701200005]]],[[[-3.6047598799999605,37.155876755000065],[-3.606723277999947,37.156532069000036],[-3.606634678999967,37.15664481600004],[-3.6047598799999605,37.155876755000065]]],[[[-3.597254752999959,37.16145962200005],[-3.5973112719999563,37.16116336500005],[-3.5976512109999703,37.16120875200005],[-3.597254752999959,37.16145962200005]]],[[[-3.553830780999931,37.16273077500006],[-3.5539547999999286,37.16229584300004],[-3.554848597999978,37.162743094000064],[-3.553830780999931,37.16273077500006]]],[[[-3.603662035999946,37.16623931300006],[-3.6048157119999473,37.166024658000026],[-3.6050174479999555,37.16635222900004],[-3.603662035999946,37.16623931300006]]],[[[-3.587234695999939,37.168819162000034],[-3.5865991339999255,37.167754219000074],[-3.588309661999972,37.168476776000034],[-3.587234695999939,37.168819162000034]]],[[[-3.6056764619999626,37.17031089400007],[-3.605932505999931,37.17048218700006],[-3.6057396279999807,37.17055703200003],[-3.6056764619999626,37.17031089400007]]],[[[-3.601711709999961,37.171269049000045],[-3.602361647999942,37.17106823300003],[-3.6020968239999434,37.17154960000005],[-3.601711709999961,37.171269049000045]]],[[[-3.589241984999944,37.17164583600004],[-3.58861077399996,37.171316844000046],[-3.5906992379999565,37.17103064500003],[-3.589241984999944,37.17164583600004]]],[[[-3.5944011449999493,37.171908994000034],[-3.5943674489999466,37.17094343100007],[-3.5957445499999494,37.171896349000065],[-3.5944011449999493,37.171908994000034]]],[[[-3.5972578649999605,37.173594586000036],[-3.5977921909999395,37.173785864000024],[-3.5977361159999646,37.17388482400003],[-3.5972578649999605,37.173594586000036]]],[[[-3.5986992879999775,37.175896985000065],[-3.5993005009999592,37.17494257200008],[-3.599611652999954,37.17540900500006],[-3.5986992879999775,37.175896985000065]]],[[[-3.5963058449999608,37.176200133000066],[-3.5962337599999614,37.17596559800006],[-3.5965414589999796,37.175756980000074],[-3.5963058449999608,37.176200133000066]]],[[[-3.611152575999938,37.17587167800008],[-3.612138543999947,37.17473988200004],[-3.612872230999926,37.17583037900005],[-3.611152575999938,37.17587167800008]]],[[[-3.6007781019999356,37.176762531000065],[-3.6006272929999454,37.17650983100003],[-3.601052817999971,37.17646861900005],[-3.6007781019999356,37.176762531000065]]],[[[-3.5985438339999405,37.17710879200007],[-3.598342425999931,37.17705661300005],[-3.5987830549999558,37.17717384600007],[-3.5985438339999405,37.17710879200007]]],[[[-3.5994600999999307,37.17710505100007],[-3.5999042839999333,37.17707705000004],[-3.599447027999929,37.17739720700007],[-3.5994600999999307,37.17710505100007]]],[[[-3.605781588999946,37.17742692500008],[-3.6063260639999726,37.17771084200007],[-3.606095398999969,37.17782757100008],[-3.605781588999946,37.17742692500008]]],[[[-3.601368599999944,37.177901130000066],[-3.6008918179999796,37.17753761100005],[-3.6013291769999682,37.177416649000065],[-3.601368599999944,37.177901130000066]]],[[[-3.593343718999961,37.17849036900003],[-3.593106389999946,37.178200839000056],[-3.5935971369999606,37.178253753000035],[-3.593343718999961,37.17849036900003]]],[[[-3.60504489799996,37.178152331000035],[-3.605745191999972,37.178499773000055],[-3.6054801189999353,37.178744219000066],[-3.60504489799996,37.178152331000035]]],[[[-3.591348944999936,37.17963381800007],[-3.59163278099993,37.17951866900006],[-3.5914762279999763,37.179805230000056],[-3.591348944999936,37.17963381800007]]],[[[-3.5982066749999717,37.18029842100003],[-3.597702788999925,37.17971547900004],[-3.598230097999931,37.178605154000024],[-3.5982066749999717,37.18029842100003]]],[[[-3.5910352719999423,37.18002068000004],[-3.5884391759999517,37.180018767000035],[-3.5976017249999472,37.17770826200007],[-3.5910352719999423,37.18002068000004]],[[-3.5967312009999546,37.17787867900006],[-3.5966171659999304,37.17775820800006],[-3.5966047739999567,37.177896987000054],[-3.5967312009999546,37.17787867900006]]],[[[-3.591113122999957,37.180807755000046],[-3.591020384999979,37.180432361000044],[-3.5912951239999416,37.18038080000008],[-3.591113122999957,37.180807755000046]]],[[[-3.5988304759999323,37.18133262500004],[-3.59895617899997,37.181393799000034],[-3.598832098999935,37.18140217200005],[-3.5988304759999323,37.18133262500004]]],[[[-3.597171954999965,37.180968233000044],[-3.5973635349999427,37.18064396500006],[-3.5974667259999364,37.18142152300004],[-3.597171954999965,37.180968233000044]]],[[[-3.5991515789999653,37.181482354000025],[-3.599104337999961,37.18129674100004],[-3.5994278969999414,37.181341383000074],[-3.5991515789999653,37.181482354000025]]],[[[-3.5988441989999274,37.18154560500005],[-3.5989912629999594,37.181625617000066],[-3.598859549999929,37.18164262100004],[-3.5988441989999274,37.18154560500005]]],[[[-3.587294680999946,37.18178823300008],[-3.587142551999932,37.18166409500003],[-3.587380795999934,37.181649976000074],[-3.587294680999946,37.18178823300008]]],[[[-3.59097755199997,37.18182635000005],[-3.591200545999925,37.181749988000036],[-3.59105154599996,37.18188278300005],[-3.59097755199997,37.18182635000005]]],[[[-3.5902169239999466,37.18203690100006],[-3.590497081999956,37.18099920100008],[-3.591142169999955,37.181600297000045],[-3.5902169239999466,37.18203690100006]]],[[[-3.5994847089999666,37.182377116000055],[-3.5992074189999244,37.18222593100006],[-3.5995989499999723,37.18206589700003],[-3.5994847089999666,37.182377116000055]]],[[[-3.593006738999975,37.182401249000065],[-3.592372695999927,37.182212212000024],[-3.5934222249999266,37.18228121200008],[-3.593006738999975,37.182401249000065]]],[[[-3.5959711449999645,37.18237460600005],[-3.5964151149999566,37.18256028600007],[-3.596005691999949,37.18246520400004],[-3.5959711449999645,37.18237460600005]]],[[[-3.593707126999959,37.182440573000065],[-3.597665713999959,37.18123684600005],[-3.597576156999935,37.18230949300005],[-3.593707126999959,37.182440573000065]]],[[[-3.5958325389999573,37.182584176000034],[-3.5958764369999585,37.18254318100003],[-3.5957377629999314,37.18271593400004],[-3.5958325389999573,37.182584176000034]]],[[[-3.5891066929999624,37.183078253000076],[-3.5891951879999624,37.18274250600007],[-3.589250960999948,37.18288553900004],[-3.5891066929999624,37.183078253000076]]],[[[-3.59360107699996,37.183136587000035],[-3.5934930139999324,37.18273400100003],[-3.5938082989999316,37.18275002200005],[-3.59360107699996,37.183136587000035]]],[[[-3.5948493199999803,37.18314823400004],[-3.5947192719999634,37.18282080000006],[-3.594902443999956,37.18313832900003],[-3.5947222779999493,37.18320428900006],[-3.5948493199999803,37.18314823400004]]],[[[-3.5947315159999675,37.183668434000026],[-3.5945886929999347,37.183217926000054],[-3.5949576799999363,37.18357020900004],[-3.5947315159999675,37.183668434000026]]],[[[-3.591005938999956,37.18449497000006],[-3.5914096229999473,37.18446416000006],[-3.591411462999929,37.18448207100005],[-3.591005938999956,37.18449497000006]]],[[[-3.5981131339999592,37.18352198100007],[-3.5964347729999417,37.182784079000044],[-3.5990338909999764,37.18461637900003],[-3.5981131339999592,37.18352198100007]]],[[[-3.5991178969999282,37.18407286900003],[-3.5994280969999295,37.184936562000075],[-3.599022249999962,37.184528648000025],[-3.5991178969999282,37.18407286900003]]],[[[-3.595262328999979,37.18454502000003],[-3.597217366999928,37.18386112700006],[-3.5978005069999313,37.18483629000008],[-3.595262328999979,37.18454502000003]]],[[[-3.5908918369999583,37.185406139000065],[-3.5880088529999625,37.18244155000008],[-3.5904829469999413,37.18368414200006],[-3.5908918369999583,37.185406139000065]]],[[[-3.5983529969999495,37.18541599200006],[-3.598556182999971,37.18479675400005],[-3.599197219999951,37.18527165900008],[-3.5983529969999495,37.18541599200006]]],[[[-3.6002655799999275,37.18479212600005],[-3.6022113219999596,37.18535760900005],[-3.6001379189999625,37.18614370100005],[-3.6002655799999275,37.18479212600005]]],[[[-3.5993547689999446,37.186420430000055],[-3.5993160979999743,37.18622135900006],[-3.599747736999973,37.18609793400003],[-3.5993547689999446,37.186420430000055]]],[[[-3.5924513689999458,37.18636854500005],[-3.591491600999973,37.18642257400006],[-3.592994320999935,37.185869328000024],[-3.5924513689999458,37.18636854500005]]],[[[-3.619103088999964,37.18694106600003],[-3.6204998149999597,37.18775326400004],[-3.619219758999975,37.18787905900007],[-3.619103088999964,37.18694106600003]]],[[[-3.6023671879999597,37.18836543000003],[-3.603609702999961,37.188247115000024],[-3.603627509999967,37.188995592000026],[-3.6023671879999597,37.18836543000003]]],[[[-3.5960551009999335,37.189104230000055],[-3.5966274609999687,37.189065035000056],[-3.5948183419999395,37.18924592700006],[-3.5960551009999335,37.189104230000055]]],[[[-3.611720142999957,37.193335699000045],[-3.6086737659999244,37.191425898000034],[-3.6116221089999385,37.18909586800004],[-3.6132810289999497,37.19032965100007],[-3.611720142999957,37.193335699000045]]],[[[-3.641951725999945,37.191729820000035],[-3.6468269669999245,37.19588315200008],[-3.6396862629999305,37.19284195600005],[-3.641951725999945,37.191729820000035]]],[[[-3.605114172999947,37.196253193000075],[-3.604749980999941,37.195955764000075],[-3.605553529999952,37.19566843100006],[-3.605114172999947,37.196253193000075]]],[[[-3.5622431869999787,37.202791225000055],[-3.5654120269999794,37.19990642800008],[-3.564319763999947,37.20275326500007],[-3.5622431869999787,37.202791225000055]]],[[[-3.6023230169999465,37.203165478000074],[-3.6039746389999436,37.20315111700006],[-3.603670683999951,37.20459108800003],[-3.6003703169999426,37.20462606900003],[-3.600365384999975,37.20318247000006],[-3.6023230169999465,37.203165478000074]]],[[[-3.616316579999932,37.203452405000064],[-3.618930822999971,37.20627740300006],[-3.613750884999945,37.20891643600004],[-3.612481023999976,37.20567580000005],[-3.616316579999932,37.203452405000064]]],[[[-3.5580470629999468,37.20947170800008],[-3.558873134999942,37.21002347600006],[-3.557367807999981,37.21249744700003],[-3.5580470629999468,37.20947170800008]]]]}},{"type":"Feature","properties":{"ClaseSuelo":"SUELO NO URBANIZABLE","NuclRural":"0","AreaLamber":9378.32394611,"Shape_STAr":0.00946982074983},"geometry":{"type":"MultiPolygon","coordinates":[[[[-3.4282617209999557,36.78601569700004],[-3.418475396999952,36.76500155900004],[-3.420052147999968,36.76033546700006],[-3.419447863999949,36.75429782200007],[-3.4160021559999336,36.74895523600003],[-3.4179548299999283,36.73928473600006],[-3.412316134999969,36.734202106000055],[-3.4123243029999344,36.731542760000025],[-3.409638849999965,36.727783904000034],[-3.4166357189999417,36.72111585500005],[-3.4172315109999545,36.711188510000056],[-3.4158250069999667,36.701836161000074],[-3.4215749389999246,36.703319726000075],[-3.4214920269999425,36.700893102000066],[-3.438799289999963,36.70091822100005],[-3.4363682189999736,36.70346610900003],[-3.441205835999938,36.70534948400007],[-3.4475103409999406,36.703082411000025],[-3.446255330999975,36.70093081700003],[-3.4574436129999526,36.70083269600008],[-3.4645192449999627,36.69583946000006],[-3.4569225389999474,36.70086771700005],[-3.4455323819999535,36.700854709000055],[-3.4468206219999615,36.69885484500003],[-3.4452516919999425,36.69823394700006],[-3.4437177129999554,36.70075860400004],[-3.429067454999938,36.700812590000055],[-3.4294226409999737,36.696026964000055],[-3.4273849799999425,36.696633958000064],[-3.4277732289999676,36.70072939700003],[-3.4204570359999593,36.70079358400005],[-3.420723045999978,36.69523657900004],[-3.4191741419999744,36.69526286400003],[-3.4159803769999257,36.70092007100004],[-3.4115855789999614,36.704347890000065],[-3.4111746079999534,36.702989452000054],[-3.4138457099999755,36.70200523300008],[-3.4190313839999362,36.69418030000003],[-3.4288453809999737,36.69562382000004],[-3.452113378999968,36.69479861100007],[-3.4604512849999765,36.69638935300003],[-3.468135626999981,36.69351967600005],[-3.4746701969999663,36.69672103500005],[-3.48266648799995,36.69727476700007],[-3.5081218959999774,36.71755091600005],[-3.5126859139999738,36.719383495000045],[-3.5113899479999304,36.72136755500003],[-3.5140224989999638,36.724190114000066],[-3.5052427089999583,36.726723063000065],[-3.494000473999961,36.71213914500004],[-3.4969331729999453,36.70853173000006],[-3.4816933009999502,36.697530001000075],[-3.4752250179999464,36.69888257400004],[-3.466116457999931,36.695518812000046],[-3.4826252809999687,36.70049552300003],[-3.4831593639999596,36.70353591700007],[-3.4905495789999463,36.70622427700005],[-3.4896791889999577,36.707556357000044],[-3.4912280489999716,36.71058777200005],[-3.4934922499999743,36.711491626000054],[-3.5052005879999797,36.72680778900008],[-3.499160617999962,36.73222640500006],[-3.4864878309999767,36.73871593300004],[-3.461924129999943,36.71892457100006],[-3.4573177139999416,36.716920766000044],[-3.4851582389999294,36.73865784800006],[-3.4873402979999355,36.74506720800008],[-3.484207779999963,36.754523918000075],[-3.4850266279999573,36.767666993000034],[-3.4886920249999775,36.77170116800005],[-3.5044199229999435,36.781313150000074],[-3.49191818099996,36.78228071600006],[-3.488638352999942,36.784638028000074],[-3.48369533999994,36.78275620900007],[-3.473027993999949,36.78302454800007],[-3.470273582999937,36.78160218700003],[-3.4480627499999628,36.781760071000065],[-3.4427364589999456,36.78511536600007],[-3.4282617209999557,36.78601569700004]],[[-3.4557149159999767,36.766000390000045],[-3.455087834999972,36.76734572100003],[-3.4561835949999704,36.767263626000044],[-3.4557149159999767,36.766000390000045]],[[-3.4786100889999716,36.757363336000026],[-3.48301013899993,36.757075762000056],[-3.4815614849999292,36.75069162200003],[-3.4796639379999306,36.75052562700006],[-3.479976742999952,36.75429722200005],[-3.478470818999938,36.753612288000056],[-3.476465988999962,36.755417701000056],[-3.4786100889999716,36.757363336000026]],[[-3.442225872999927,36.740592470000024],[-3.4406993519999673,36.74020051200006],[-3.4395598909999308,36.74228905100006],[-3.4423919729999284,36.743290099000035],[-3.442225872999927,36.740592470000024]],[[-3.4328592369999456,36.720439587000044],[-3.438279879999925,36.71980616500008],[-3.434166457999936,36.719473540000024],[-3.4376233179999645,36.717524672000025],[-3.436930496999935,36.71406726500004],[-3.436252736999961,36.71850462500004],[-3.4317753899999275,36.71971062800003],[-3.426865584999973,36.717781900000034],[-3.4328592369999456,36.720439587000044]],[[-3.4438730679999594,36.71679590600007],[-3.4442656859999374,36.71732962600004],[-3.4519823509999696,36.71549219900004],[-3.4438730679999594,36.71679590600007]],[[-3.478510670999981,36.72661356900005],[-3.476565553999933,36.728664468000034],[-3.4775096009999515,36.73133915400007],[-3.48307647799993,36.729336699000044],[-3.4839992799999777,36.73100002700005],[-3.485472963999939,36.72986078900004],[-3.4925043019999293,36.73391537400005],[-3.480921151999951,36.72636176000003],[-3.478510670999981,36.72661356900005]],[[-3.440899515999945,36.699992347000034],[-3.4434648429999584,36.69575865000007],[-3.442507832999979,36.695766423000066],[-3.440899515999945,36.699992347000034]],[[-3.455348335999929,36.697642055000074],[-3.458833462999962,36.69936216100007],[-3.4616417439999623,36.69662839100005],[-3.455416368999977,36.696563447000074],[-3.455348335999929,36.697642055000074]]],[[[-3.5335454389999654,36.72317255400003],[-3.531045568999957,36.72120447000003],[-3.5376332739999725,36.72163074000008],[-3.5501140369999575,36.71463222700004],[-3.566853741999978,36.719369062000055],[-3.5517380929999263,36.715130818000034],[-3.538716145999956,36.72269968200004],[-3.5335454389999654,36.72317255400003]]],[[[-3.5393363289999797,36.72626943500006],[-3.5386398559999748,36.72392472800004],[-3.5421674549999693,36.72208269500004],[-3.5438636949999704,36.72552544000007],[-3.540453735999961,36.727140177000024],[-3.5393363289999797,36.72626943500006]]],[[[-3.4857018029999267,36.72953004000004],[-3.4860683379999386,36.729458564000026],[-3.485789876999945,36.729928295000036],[-3.4857018029999267,36.72953004000004]]],[[[-3.512549043999968,36.72444664600005],[-3.513839080999958,36.72430368200003],[-3.5128822469999363,36.73121029200007],[-3.5061260269999366,36.72776386700008],[-3.5080722539999556,36.725510377000035],[-3.512549043999968,36.72444664600005]]],[[[-3.5244567969999707,36.72919271200004],[-3.525119672999949,36.725194732000034],[-3.527079343999958,36.727150368000025],[-3.533180025999968,36.72771373100005],[-3.5278892659999315,36.73543966300008],[-3.5238285639999276,36.73359203100006],[-3.5244567969999707,36.72919271200004]]],[[[-3.53159547599995,36.731993088000024],[-3.534345132999931,36.728687430000036],[-3.53123592299994,36.73654882300008],[-3.5284898629999475,36.735662485000034],[-3.53159547599995,36.731993088000024]]],[[[-3.5207983489999606,36.738804842000036],[-3.5135018869999612,36.73682200400003],[-3.5130428689999462,36.73157828300003],[-3.522891108999943,36.73436449600007],[-3.5207983489999606,36.738804842000036]]],[[[-3.5217138409999507,36.73833827400006],[-3.5234728239999527,36.73507044100006],[-3.527078736999954,36.73546433800004],[-3.5217138409999507,36.73833827400006]]],[[[-3.5324397579999527,36.734458536000034],[-3.5339657099999613,36.730665860000045],[-3.548927244999959,36.73392099100005],[-3.542731081999932,36.74003720300004],[-3.531349804999934,36.73661920200004],[-3.5324397579999527,36.734458536000034]]],[[[-3.5256234339999537,36.74137226200003],[-3.5217916469999295,36.73919727800006],[-3.5284246639999424,36.73580101500005],[-3.531182628999943,36.73664219500006],[-3.5287105249999513,36.740838247000056],[-3.5256234339999537,36.74137226200003]]],[[[-3.532945803999951,36.74178447000003],[-3.528824558999929,36.74082952900005],[-3.531307333999962,36.73668314300005],[-3.5423412749999557,36.740001429000074],[-3.532945803999951,36.74178447000003]]],[[[-3.5543971799999667,36.73199298900005],[-3.5588332189999505,36.73159103900008],[-3.560799786999951,36.73341461600006],[-3.5639426859999617,36.74339956500006],[-3.5597258059999604,36.742449083000054],[-3.5487382099999536,36.733611085000064],[-3.5543971799999667,36.73199298900005]]],[[[-3.5489844019999737,36.733977123000045],[-3.563405164999949,36.74466262100003],[-3.5428372809999473,36.740068172000065],[-3.5489844019999737,36.733977123000045]]],[[[-3.559211543999936,36.725007461000075],[-3.55940340199993,36.72385563200004],[-3.564219573999935,36.72383880600006],[-3.561910548999947,36.72775636500006],[-3.5650155449999374,36.74500175000003],[-3.563492319999966,36.74467559300007],[-3.564518289999967,36.74227845100006],[-3.5626479369999515,36.73583959600006],[-3.5591607269999486,36.73119726300007],[-3.559211543999936,36.725007461000075]]],[[[-3.5634966729999746,36.74533177100005],[-3.565036822999957,36.745285523000064],[-3.5651285959999655,36.74876470600003],[-3.5634966729999746,36.74533177100005]]],[[[-3.565215342999977,36.750027714000055],[-3.56461275099997,36.75877173900005],[-3.560508747999961,36.76905877300004],[-3.5528703419999488,36.773220783000056],[-3.5602507709999713,36.769065355000066],[-3.563937062999969,36.760796120000066],[-3.565215342999977,36.750027714000055]]],[[[-3.515698046999944,36.778781353000056],[-3.5046681249999665,36.78132029900007],[-3.48569796299995,36.76823724900004],[-3.4846072549999576,36.75644410500007],[-3.487657340999931,36.74658268300004],[-3.4870322729999543,36.73896620200003],[-3.4995507459999544,36.73265997300007],[-3.5054892549999295,36.727719070000035],[-3.512750257999926,36.73150249100007],[-3.513165262999962,36.73683316100005],[-3.508176498999944,36.72991309200006],[-3.5062480849999247,36.73110394400004],[-3.510472988999936,36.73784653800004],[-3.5077329189999773,36.74088554000008],[-3.501278862999925,36.73997974100007],[-3.4970598099999393,36.73574195400005],[-3.494790820999981,36.73543315400008],[-3.4931362699999795,36.73759391400006],[-3.497534388999952,36.738956776000066],[-3.4990627169999584,36.74193949000005],[-3.5026429389999407,36.74263208600007],[-3.500629516999936,36.74836297400003],[-3.502046041999961,36.75519576000005],[-3.5043823289999523,36.75825312600006],[-3.510962809999967,36.759764320000045],[-3.509748535999961,36.76145935000005],[-3.5119976659999566,36.764803501000074],[-3.5162886819999244,36.76327752700007],[-3.51955585099995,36.76413145300006],[-3.5207303709999564,36.76143082800007],[-3.52702891499996,36.76055452000003],[-3.529735063999965,36.75817025500004],[-3.529107698999951,36.74901147200006],[-3.5339455109999562,36.74499275900007],[-3.531012420999957,36.74241972300007],[-3.5428830199999766,36.74016392000004],[-3.5630257289999463,36.74526430900005],[-3.5645968139999695,36.75055809700007],[-3.5641975629999365,36.75674931300006],[-3.5584795779999467,36.76986839800003],[-3.553833294999947,36.77218798200005],[-3.542275770999936,36.772629246000065],[-3.5334179779999317,36.77916757300005],[-3.523403246999976,36.782292641000026],[-3.515698046999944,36.778781353000056]]],[[[-3.551676559999976,36.77374816400004],[-3.5528566989999604,36.77348556100003],[-3.5473612249999746,36.77635883000005],[-3.545516033999945,36.78320935700003],[-3.53858712899995,36.78918157500004],[-3.5424279309999633,36.79185942000004],[-3.5380547719999527,36.79056898700003],[-3.540940808999949,36.78566157500006],[-3.5449489709999398,36.783277275000046],[-3.5454723479999757,36.77748446500004],[-3.551676559999976,36.77374816400004]]],[[[-3.5345751649999784,36.78602660800004],[-3.523835467999959,36.782545105000054],[-3.5339949339999635,36.77929261600008],[-3.543417819999945,36.77256462300005],[-3.550421842999981,36.77320015300006],[-3.5450832029999333,36.77785201100005],[-3.544857282999942,36.78324324500005],[-3.537693873999956,36.789350297000055],[-3.5416128849999495,36.791902410000034],[-3.5329971649999266,36.79281261700004],[-3.5345751649999784,36.78602660800004]]]]}},{"type":"Feature","properties":{"ClaseSuelo":"SUELO URBANIZABLE DELIMITADO O SECTORIZADO","NuclRural":"0","AreaLamber":492.45715287,"Shape_STAr":0.000497217973998},"geometry":{"type":"MultiPolygon","coordinates":[[[[-3.529520907999938,36.75304829600003],[-3.5298346539999557,36.75786376900004],[-3.5276336829999764,36.760318092000034],[-3.5216720869999563,36.762024061000034],[-3.517926341999953,36.760750845000075],[-3.5139624629999275,36.76444377300004],[-3.514082437999946,36.76267969300005],[-3.510175601999947,36.76126097300005],[-3.5103968469999245,36.75921936700007],[-3.503463490999934,36.75771528300004],[-3.500629516999936,36.74836297400003],[-3.5013693879999437,36.74641864100005],[-3.5078916559999698,36.746385823000026],[-3.5063637449999305,36.74961043900004],[-3.5085399149999716,36.75388615400004],[-3.5142837209999698,36.75606792100007],[-3.5162463849999313,36.755103520000034],[-3.5231010749999427,36.759525548000056],[-3.5269755389999773,36.75622840600005],[-3.5274192999999627,36.75347760600005],[-3.529520907999938,36.75304829600003]]],[[[-3.5488506479999273,36.73375925800008],[-3.546913783999969,36.73231916100008],[-3.5472010189999423,36.72699387500006],[-3.544626421999965,36.72679990900008],[-3.5419293729999595,36.72177777300004],[-3.545027397999945,36.72043123100008],[-3.5469170039999653,36.71693706100007],[-3.552683315999957,36.71511110900008],[-3.5530590599999528,36.716302738000024],[-3.548040068999967,36.72129419000004],[-3.559284275999971,36.72384634100007],[-3.5592338019999374,36.73169940300005],[-3.5488506479999273,36.73375925800008]]],[[[-3.519008646999964,36.732954824000046],[-3.5129648329999554,36.73138810300003],[-3.514119980999965,36.72342940800007],[-3.519710621999934,36.72720944400004],[-3.5237288999999805,36.732435828000064],[-3.5223428499999727,36.73378402800006],[-3.519008646999964,36.732954824000046]]],[[[-3.5170597939999766,36.742788318000066],[-3.514603208999972,36.74215129000004],[-3.513165262999962,36.73683316100005],[-3.521079352999948,36.73871070300004],[-3.5177738709999744,36.739814342000045],[-3.5170597939999766,36.742788318000066]]],[[[-3.509959222999953,36.74074870800007],[-3.5078583069999354,36.74081845500007],[-3.5104796679999595,36.737905101000024],[-3.506105184999967,36.73206767100004],[-3.507610697999951,36.72971186500007],[-3.5083372689999806,36.73048565200003],[-3.5064179389999595,36.73174346400003],[-3.5117734409999457,36.73783878300003],[-3.511951136999926,36.741589386000044],[-3.509959222999953,36.74074870800007]]],[[[-3.4915271169999755,36.70653138100005],[-3.4831593639999596,36.70353591700007],[-3.4826252809999687,36.70049552300003],[-3.4915271169999755,36.70653138100005]]],[[[-3.532575837999957,36.727420764000044],[-3.524582334999934,36.72593555200007],[-3.525602246999938,36.72494801900007],[-3.527537516999928,36.72660468000004],[-3.5346817019999435,36.72637489600004],[-3.5345035609999513,36.72762410200005],[-3.532575837999957,36.727420764000044]]],[[[-3.4935310879999406,36.71146361800004],[-3.4928232529999264,36.710395850000054],[-3.4962112239999783,36.70800197300008],[-3.497486392999974,36.70906568600003],[-3.4935310879999406,36.71146361800004]]],[[[-3.5295280239999443,36.75285427500006],[-3.5273941749999267,36.75254582500003],[-3.5278566669999805,36.74793424300003],[-3.5308208849999687,36.74792340300007],[-3.529107698999951,36.74901147200006],[-3.5295280239999443,36.75285427500006]]],[[[-3.5285604849999572,36.74435609500006],[-3.5308988679999516,36.74243482300005],[-3.53180813299997,36.74509769500003],[-3.529372303999935,36.74576661900005],[-3.5285604849999572,36.74435609500006]]],[[[-3.505212282999935,36.74261822900007],[-3.502713356999948,36.742739491000066],[-3.501773051999976,36.740597155000046],[-3.5070763099999454,36.74109706400003],[-3.505212282999935,36.74261822900007]]],[[[-3.5311819959999298,36.74119159800006],[-3.5330516799999714,36.74217596200003],[-3.53096248199995,36.74235206700007],[-3.5311819959999298,36.74119159800006]]],[[[-3.5276108799999406,36.753145575000076],[-3.5273818599999345,36.75261274800005],[-3.528159943999981,36.75290075300006],[-3.5276108799999406,36.753145575000076]]]]}},{"type":"Feature","properties":{"ClaseSuelo":"SUELO URBANO NO CONSOLIDADO","NuclRural":"0","AreaLamber":43.31459259,"Shape_STAr":0.0000439307337058},"geometry":{"type":"MultiPolygon","coordinates":[[[[-3.6218871139999465,37.08976704400004],[-3.6210129939999547,37.086748371000056],[-3.6191073039999537,37.086387108000054],[-3.6202948929999366,37.085687395000036],[-3.6188988799999606,37.082872949000034],[-3.6221926229999326,37.08141280900003],[-3.6223836039999355,37.088340334000065],[-3.625518693999936,37.08942873500007],[-3.6234371829999645,37.09110387700008],[-3.6218871139999465,37.08976704400004]]],[[[-3.6133325679999757,37.09099625600004],[-3.617775326999947,37.091495602000066],[-3.614814158999934,37.092907739000054],[-3.6133325679999757,37.09099625600004]]],[[[-3.6405162209999276,37.091548415000034],[-3.6396422319999715,37.08833383800004],[-3.6410287369999423,37.087477042000046],[-3.6420957479999743,37.09285832200004],[-3.6405162209999276,37.091548415000034]]],[[[-3.630737627999963,37.09134922800007],[-3.6337933609999595,37.09134126300006],[-3.6332009999999286,37.095376636000026],[-3.630737627999963,37.09134922800007]]],[[[-3.634172142999944,37.09759336500008],[-3.6332528019999586,37.09540286300006],[-3.634729249999964,37.09488865900005],[-3.635814514999936,37.09859591500003],[-3.634172142999944,37.09759336500008]]]]}},{"type":"Feature","properties":{"ClaseSuelo":"SUELO URBANIZABLE NO DELIMITADO O SECTORIZADO","NuclRural":"0","AreaLamber":96.24379632,"Shape_STAr":0.0000971610289151},"geometry":{"type":"MultiPolygon","coordinates":[[[[-3.5592150439999273,36.72384094200004],[-3.5481099539999263,36.72067617700003],[-3.5530590599999528,36.716302738000024],[-3.5555517669999404,36.72105137200003],[-3.557468667999956,36.72169545700007],[-3.5592512449999276,36.71967753700005],[-3.563157882999974,36.72066507000005],[-3.5622981939999363,36.71970832200003],[-3.5635845029999587,36.718458283000075],[-3.5667402019999486,36.719561732000045],[-3.5641599999999585,36.723877627000036],[-3.5592150439999273,36.72384094200004]],[[-3.560999911999943,36.72288394000003],[-3.5595391899999527,36.72355202600005],[-3.5615055719999305,36.72368239700006],[-3.560999911999943,36.72288394000003]]],[[[-3.5587431489999517,36.71742907300006],[-3.562638832999937,36.718226267000034],[-3.560377889999927,36.71847265700006],[-3.5587431489999517,36.71742907300006]]],[[[-3.542937022999979,36.73114201100003],[-3.544659054999954,36.730588941000065],[-3.5479270089999773,36.73309853200004],[-3.54229089699993,36.73274703200008],[-3.542937022999979,36.73114201100003]]],[[[-3.440992127999948,36.74166146500005],[-3.439751600999955,36.74191700600005],[-3.4406993519999673,36.74020051200006],[-3.4423436129999345,36.740734039000074],[-3.440992127999948,36.74166146500005]]],[[[-3.5308988679999516,36.74243482300005],[-3.5335276299999805,36.74389638700006],[-3.53358972999996,36.74568857700007],[-3.5310549439999477,36.74544765700006],[-3.5308988679999516,36.74243482300005]]],[[[-3.5011666679999394,36.746423365000055],[-3.502713356999948,36.742739491000066],[-3.5061210859999505,36.74286820100008],[-3.5063865229999465,36.74600012500008],[-3.5011666679999394,36.746423365000055]]]]}},{"type":"Feature","properties":{"ClaseSuelo":"SUELO URBANO","NuclRural":"0","AreaLamber":561.57687455,"Shape_STAr":0.000566975406926},"geometry":{"type":"MultiPolygon","coordinates":[[[[-3.5218844439999657,36.75834551300005],[-3.5162936229999673,36.75489877800004],[-3.5142837209999698,36.75606792100007],[-3.5118112969999515,36.75341302700008],[-3.5106972879999603,36.754845233000026],[-3.5084329679999655,36.75346271500007],[-3.506735998999943,36.75077304300004],[-3.5072151789999566,36.74775138600006],[-3.510475698999926,36.74379771100007],[-3.516832590999968,36.74327581700004],[-3.5177738709999744,36.739814342000045],[-3.5206943049999495,36.739636493000035],[-3.5191996649999737,36.74186805800008],[-3.520419960999959,36.74055054300004],[-3.521162348999951,36.742571747000056],[-3.526301991999958,36.74378141200003],[-3.528634408999949,36.74083037300005],[-3.5305511229999524,36.740875595000034],[-3.531012420999957,36.74241972300007],[-3.527923289999933,36.74326509900004],[-3.5273646559999747,36.74794987200005],[-3.525658347999979,36.74814475000005],[-3.5276289579999798,36.75031423200005],[-3.527298382999959,36.75555651900004],[-3.5218844439999657,36.75834551300005]],[[-3.519144290999975,36.75727029800004],[-3.5191805029999728,36.75631040600007],[-3.5188900689999514,36.75630763000004],[-3.519144290999975,36.75727029800004]],[[-3.5199962589999245,36.75627575100003],[-3.519997349999926,36.756437454000036],[-3.520165413999962,36.75643495600008],[-3.5199962589999245,36.75627575100003]],[[-3.52428615499997,36.756400702000064],[-3.5252501819999793,36.756978237000055],[-3.524839672999974,36.75568550000003],[-3.52428615499997,36.756400702000064]],[[-3.525657209999963,36.756417542000065],[-3.5273112019999644,36.75484399900006],[-3.5261147539999342,36.75268162100008],[-3.524860080999929,36.753456363000055],[-3.525657209999963,36.756417542000065]],[[-3.511125804999949,36.75288220200008],[-3.5112256549999756,36.75263679900007],[-3.510300934999975,36.75245797400004],[-3.511125804999949,36.75288220200008]],[[-3.510169952999945,36.752501238000036],[-3.510559116999957,36.752222381000024],[-3.5101170299999467,36.75238234900007],[-3.510169952999945,36.752501238000036]],[[-3.521961790999967,36.75200379300003],[-3.522113478999927,36.75227260200006],[-3.522717537999938,36.75203540800004],[-3.521961790999967,36.75200379300003]],[[-3.524351908999961,36.75215671600006],[-3.5238796299999535,36.75229714900007],[-3.5243062859999554,36.75266675200004],[-3.524351908999961,36.75215671600006]],[[-3.5191642459999457,36.752526395000075],[-3.518699073999926,36.75224030500004],[-3.5186893649999433,36.752717079000035],[-3.5191642459999457,36.752526395000075]],[[-3.5200426829999287,36.75698235700003],[-3.520236987999965,36.75675335300008],[-3.5199840479999693,36.75674034600007],[-3.5200426829999287,36.75698235700003]],[[-3.511537690999944,36.75167878600007],[-3.5115807899999254,36.75150966600006],[-3.511275431999934,36.751579900000024],[-3.511537690999944,36.75167878600007]],[[-3.525176981999948,36.75046606300003],[-3.525536754999962,36.749689526000054],[-3.524771219999934,36.75001746200007],[-3.525176981999948,36.75046606300003]],[[-3.511242662999962,36.74942703700003],[-3.5115796449999266,36.74861915500003],[-3.5104203359999246,36.74968378500006],[-3.511242662999962,36.74942703700003]],[[-3.5220873269999515,36.748760222000044],[-3.522585577999962,36.748509212000044],[-3.5220462159999784,36.74859249600007],[-3.5220873269999515,36.748760222000044]],[[-3.5255644859999506,36.74817732900004],[-3.5254880749999415,36.74769559900005],[-3.5243670009999732,36.74763630100006],[-3.5255644859999506,36.74817732900004]],[[-3.5243153659999393,36.74687838600005],[-3.52487743599994,36.74683934600006],[-3.5248247629999696,36.74615386700003],[-3.5243153659999393,36.74687838600005]],[[-3.5272818879999477,36.74386566000004],[-3.526676325999972,36.74397672900005],[-3.527122983999959,36.74422970000006],[-3.5272818879999477,36.74386566000004]],[[-3.5204008049999516,36.743740169000034],[-3.520342669999934,36.74334371300006],[-3.519844632999934,36.74340968800004],[-3.5204008049999516,36.743740169000034]]],[[[-3.4609948559999566,36.696753829000045],[-3.4616417439999623,36.69662839100005],[-3.460929822999958,36.69772595300003],[-3.4609948559999566,36.696753829000045]]],[[[-3.456226125999933,36.697957564000035],[-3.4553541129999417,36.69658687500004],[-3.458317880999971,36.69659677200008],[-3.4583852099999604,36.698047390000056],[-3.456226125999933,36.697957564000035]]],[[[-3.442507832999979,36.695766423000066],[-3.4434648429999584,36.69575865000007],[-3.440899515999945,36.699992347000034],[-3.442507832999979,36.695766423000066]]],[[[-3.4273849799999425,36.696633958000064],[-3.4294226409999737,36.696026964000055],[-3.429067454999938,36.700812590000055],[-3.4277732289999676,36.70072939700003],[-3.4273849799999425,36.696633958000064]]],[[[-3.415158433999977,36.704623972000036],[-3.4114720279999347,36.70350193100006],[-3.413507023999955,36.704462801000034],[-3.4119750139999496,36.70362079600005],[-3.4159803769999257,36.70092007100004],[-3.4184307849999414,36.695881315000065],[-3.420723045999978,36.69523657900004],[-3.4204442899999776,36.69872309500005],[-3.4182089719999453,36.700714135000055],[-3.4214920269999425,36.700893102000066],[-3.4201091039999483,36.70094861800004],[-3.4200847039999758,36.70255118800003],[-3.4215749389999246,36.703319726000075],[-3.415954086999932,36.70161597400005],[-3.415158433999977,36.704623972000036]],[[-3.4157456319999255,36.702435441000034],[-3.4141446039999437,36.703956634000065],[-3.415494148999926,36.70434848800005],[-3.4157456319999255,36.702435441000034]]],[[[-3.440385413999934,36.70496755900007],[-3.4364110259999734,36.703107971000065],[-3.4408782089999477,36.700023292000026],[-3.446037133999937,36.700150697000026],[-3.4475103409999406,36.703082411000025],[-3.4417489589999377,36.70441852700003],[-3.4420359049999547,36.702217602000076],[-3.4404564359999767,36.70287046400006],[-3.440385413999934,36.70496755900007]],[[-3.4428311949999397,36.702543914000046],[-3.4434664999999427,36.70254969200005],[-3.4434648329999504,36.702259326000046],[-3.4428311949999397,36.702543914000046]]],[[[-3.493402506999928,36.70869454500007],[-3.494918906999942,36.70838119900003],[-3.4940883609999673,36.70917259600003],[-3.493402506999928,36.70869454500007]]],[[[-3.4918888349999406,36.707836421000025],[-3.489927836999925,36.708260679000034],[-3.4922579589999714,36.70664631600005],[-3.4804813759999433,36.69943078800003],[-3.480706656999928,36.69722909600006],[-3.4954078809999487,36.70748325500006],[-3.4925464329999727,36.70724637200004],[-3.49338630699998,36.71155958000003],[-3.4918888349999406,36.707836421000025]],[[-3.4868048089999775,36.70148758900007],[-3.4861708989999443,36.701721433000046],[-3.4864816299999575,36.701915470000074],[-3.4868048089999775,36.70148758900007]]],[[[-3.558273619999966,36.721735065000075],[-3.5555517669999404,36.72105137200003],[-3.552683315999957,36.71511110900008],[-3.5633686339999713,36.71837044400007],[-3.563157882999974,36.72066507000005],[-3.5592512449999276,36.71967753700005],[-3.558273619999966,36.721735065000075]]],[[[-3.5354738559999532,36.73086367700006],[-3.535686708999947,36.726178375000075],[-3.5373287379999283,36.725478801000065],[-3.527537516999928,36.72660468000004],[-3.5278952339999705,36.72537003700006],[-3.525207026999965,36.72480887000006],[-3.5231313099999397,36.72969248100003],[-3.520573393999939,36.72823335500004],[-3.521975176999945,36.72579490500004],[-3.51918518399998,36.72315026700005],[-3.5205096249999315,36.72236268700004],[-3.526731257999927,36.72513765100007],[-3.5317490729999577,36.72533461000006],[-3.5335147339999367,36.72334383500004],[-3.5312329019999424,36.72232721700004],[-3.5336461499999245,36.72350298900005],[-3.538716145999956,36.72269968200004],[-3.5468832019999468,36.71696905500005],[-3.5373161359999585,36.72531752900005],[-3.545073810999952,36.730779451000046],[-3.544742732999964,36.72687324000003],[-3.547118851999926,36.726889381000035],[-3.546913783999969,36.73231916100008],[-3.543148048999967,36.73024744200006],[-3.5423422839999716,36.732696978000035],[-3.5354738559999532,36.73086367700006]],[[-3.5387754419999737,36.723623807000024],[-3.539125217999981,36.72374044800006],[-3.5390150939999785,36.723418183000035],[-3.5387754419999737,36.723623807000024]],[[-3.5394123949999425,36.72272421400004],[-3.538844451999978,36.72281632500005],[-3.539029598999946,36.72329792700003],[-3.5394123949999425,36.72272421400004]],[[-3.5320849929999554,36.72530326900005],[-3.5325905379999654,36.72561104500005],[-3.532583511999974,36.72520827300008],[-3.5320849929999554,36.72530326900005]],[[-3.521775500999979,36.724648598000044],[-3.5193082089999734,36.72325114800003],[-3.5199893959999713,36.724790134000045],[-3.521775500999979,36.724648598000044]],[[-3.5224808199999416,36.725389042000074],[-3.5234702969999603,36.72695693400004],[-3.5237411149999502,36.72593932600006],[-3.5224808199999416,36.725389042000074]],[[-3.5229309089999674,36.72411677400004],[-3.522640681999974,36.72451618300005],[-3.524263658999928,36.72424047700008],[-3.5229309089999674,36.72411677400004]]],[[[-3.490251267999952,36.732599436000044],[-3.4836467509999807,36.729111111000066],[-3.477929786999937,36.73137193400004],[-3.4782596279999325,36.72919126900007],[-3.4766990749999422,36.72926266300004],[-3.478529213999934,36.72828511300003],[-3.477904483999964,36.72676820600003],[-3.480526010999938,36.72644875100008],[-3.48143603799997,36.728244834000066],[-3.491722101999926,36.73347076700003],[-3.490251267999952,36.732599436000044]]],[[[-3.4977176009999766,36.74036280100006],[-3.4973237729999482,36.73884768500005],[-3.4932582899999716,36.738241465000044],[-3.4934083369999485,36.736324730000035],[-3.4950955819999763,36.73540319500006],[-3.5013916949999384,36.74010506500008],[-3.4978235959999324,36.74001793800005],[-3.4990938169999595,36.74194477000003],[-3.4977176009999766,36.74036280100006]]],[[[-3.5017714169999294,36.742409416000044],[-3.5012742799999614,36.74168511900007],[-3.502486347999934,36.74228816400006],[-3.5017714169999294,36.742409416000044]]],[[[-3.4420875599999476,36.74329239000008],[-3.4395598909999308,36.74228905100006],[-3.440951426999959,36.74163618100005],[-3.4420875599999476,36.74329239000008]]],[[[-3.508548522999945,36.74476619700005],[-3.50616310099997,36.74468285300003],[-3.5054151989999696,36.74279521600005],[-3.507040550999932,36.74096481200007],[-3.511900885999978,36.741658431000076],[-3.508548522999945,36.74476619700005]]],[[[-3.528515873999936,36.746212213000035],[-3.532863663999933,36.74585285400008],[-3.529428482999947,36.74810299500007],[-3.5278366809999397,36.747932097000046],[-3.528515873999936,36.746212213000035]]],[[[-3.5178729389999717,36.763460363000036],[-3.516021203999969,36.76252856000008],[-3.5201893699999687,36.760829158000035],[-3.519682308999961,36.76402859800004],[-3.5178729389999717,36.763460363000036]]],[[[-3.455482753999945,36.766117687000076],[-3.4561835949999704,36.767263626000044],[-3.455087834999972,36.76734572100003],[-3.455482753999945,36.766117687000076]]]]}},{"type":"Feature","properties":{"ClaseSuelo":"SUELO URBANO NO CONSOLIDADO","NuclRural":"0","AreaLamber":169.32989257,"Shape_STAr":0.000170949955052},"geometry":{"type":"MultiPolygon","coordinates":[[[[-3.505925114999968,36.74505211700006],[-3.5119228659999635,36.74335107200005],[-3.5117734409999457,36.73783878300003],[-3.5064179389999595,36.73174346400003],[-3.5083372689999806,36.73048565200003],[-3.5138178979999566,36.73733650100007],[-3.5153081259999794,36.742879765000055],[-3.510475698999926,36.74379771100007],[-3.5072151789999566,36.74775138600006],[-3.506735998999943,36.75077304300004],[-3.509043040999927,36.75429013200005],[-3.5064559009999243,36.750549601000046],[-3.5078916559999698,36.746385823000026],[-3.505925114999968,36.74505211700006]]],[[[-3.479301881999959,36.69781572900007],[-3.4804561029999377,36.69926931800006],[-3.4786515029999805,36.69903417200004],[-3.479301881999959,36.69781572900007]]],[[[-3.4566979869999273,36.69807233300003],[-3.4609948559999566,36.696753829000045],[-3.458833462999962,36.69936216100007],[-3.4566979869999273,36.69807233300003]]],[[[-3.4450896309999735,36.69848906200008],[-3.4468206219999615,36.69885484500003],[-3.446037133999937,36.700150697000026],[-3.444480042999942,36.699499521000064],[-3.4450896309999735,36.69848906200008]]],[[[-3.4182089719999453,36.700714135000055],[-3.4204442899999776,36.69872309500005],[-3.420456771999966,36.700687919000075],[-3.4182089719999453,36.700714135000055]]],[[[-3.48038491799997,36.69950040700007],[-3.483295971999951,36.700353920000055],[-3.4831154439999636,36.700657514000056],[-3.48038491799997,36.69950040700007]]],[[[-3.4433251579999364,36.700775333000024],[-3.441728032999947,36.70080476800007],[-3.4437177129999554,36.70075860400004],[-3.4433251579999364,36.700775333000024]]],[[[-3.4382612069999254,36.70184223900003],[-3.438799289999963,36.70091822100005],[-3.4391602839999678,36.70093794700006],[-3.4382612069999254,36.70184223900003]]],[[[-3.4861708989999443,36.701721433000046],[-3.4868048089999775,36.70148758900007],[-3.4864816299999575,36.701915470000074],[-3.4861708989999443,36.701721433000046]]],[[[-3.442844756999932,36.70226434600005],[-3.4434648329999504,36.702259326000046],[-3.4434664999999427,36.70254969200005],[-3.442844756999932,36.70226434600005]]],[[[-3.4201091039999483,36.70094861800004],[-3.421504618999961,36.70093735700004],[-3.421486136999931,36.702763606000076],[-3.4201091039999483,36.70094861800004]]],[[[-3.4455301789999453,36.702886000000035],[-3.446890782999958,36.702449115000036],[-3.4473372619999623,36.70311119000007],[-3.4455301789999453,36.702886000000035]]],[[[-3.4149462249999374,36.70412565300006],[-3.415653081999949,36.70212883700003],[-3.416089157999977,36.70365325600005],[-3.4149462249999374,36.70412565300006]]],[[[-3.488270972999942,36.704260840000074],[-3.4854025189999334,36.70321430900003],[-3.487978005999935,36.703515313000025],[-3.488270972999942,36.704260840000074]]],[[[-3.4124465529999384,36.704576443000065],[-3.4115366429999767,36.703496220000034],[-3.413507023999955,36.704462801000034],[-3.4124465529999384,36.704576443000065]]],[[[-3.43954707599994,36.70443871000003],[-3.4420359049999547,36.702217602000076],[-3.4412501729999576,36.705273489000035],[-3.43954707599994,36.70443871000003]]],[[[-3.4931568459999767,36.710224018000076],[-3.4925464329999727,36.70724637200004],[-3.4962112239999783,36.70800197300008],[-3.4931568459999767,36.710224018000076]],[[-3.4946333099999265,36.70827783800007],[-3.493402506999928,36.70869454500007],[-3.4940883609999673,36.70917259600003],[-3.4946333099999265,36.70827783800007]]],[[[-3.490994589999957,36.70788642600007],[-3.492869806999977,36.71106707300004],[-3.4898731159999556,36.70829133800004],[-3.490994589999957,36.70788642600007]]],[[[-3.5438181869999426,36.720540038000024],[-3.5443071009999585,36.71993665600007],[-3.545027397999945,36.72043123100008],[-3.5438181869999426,36.720540038000024]]],[[[-3.539066567999953,36.722767877000024],[-3.539578578999965,36.72310500300006],[-3.539029598999946,36.72329792700003],[-3.539066567999953,36.722767877000024]]],[[[-3.5595391899999527,36.72355202600005],[-3.5596678419999535,36.72272322400005],[-3.5615062119999266,36.72293721500006],[-3.5595391899999527,36.72355202600005]]],[[[-3.5387860819999446,36.72347257800004],[-3.539125217999981,36.72374044800006],[-3.538825620999944,36.72383021100006],[-3.5387860819999446,36.72347257800004]]],[[[-3.5240434589999268,36.724623923000024],[-3.522625471999959,36.72447286800008],[-3.523863376999941,36.72408438300005],[-3.5240434589999268,36.724623923000024]]],[[[-3.525142118999952,36.72486872400003],[-3.525602246999938,36.72494801900007],[-3.5254009549999523,36.72513849000006],[-3.525142118999952,36.72486872400003]]],[[[-3.5256782139999245,36.725102271000026],[-3.5257332909999377,36.72497818800008],[-3.5258431049999786,36.725020682000036],[-3.5256782139999245,36.725102271000026]]],[[[-3.520012506999933,36.72431157900007],[-3.5195018909999476,36.723034066000025],[-3.5223189819999448,36.724106118000066],[-3.5209900839999477,36.724231366000026],[-3.5213876729999356,36.725463311000055],[-3.520012506999933,36.72431157900007]]],[[[-3.537395071999981,36.72427860500005],[-3.5381756789999486,36.72368829100003],[-3.538087187999963,36.725510660000054],[-3.537395071999981,36.72427860500005]]],[[[-3.5320743949999382,36.72561335300003],[-3.532583511999974,36.72520827300008],[-3.5325905379999654,36.72561104500005],[-3.5320743949999382,36.72561335300003]]],[[[-3.5342190029999756,36.72537541400004],[-3.5348950059999424,36.72517254700006],[-3.5348026599999685,36.72567787300005],[-3.5342190029999756,36.72537541400004]]],[[[-3.5269969919999653,36.72591218500003],[-3.5268705529999806,36.72525906100003],[-3.5278952339999705,36.72537003700006],[-3.5269969919999653,36.72591218500003]]],[[[-3.5300779399999556,36.726179838000064],[-3.530102529999965,36.72596294700003],[-3.5304023179999717,36.725986024000065],[-3.5300779399999556,36.726179838000064]]],[[[-3.5306349269999373,36.72620665100004],[-3.531830821999961,36.72547431500004],[-3.5317149079999695,36.72626668100003],[-3.5306349269999373,36.72620665100004]]],[[[-3.5225365939999733,36.726090932000034],[-3.5237411149999502,36.72593932600006],[-3.5234702969999603,36.72695693400004],[-3.5225365939999733,36.726090932000034]]],[[[-3.48338126699997,36.72920727500008],[-3.4853780269999675,36.730022140000074],[-3.4839992799999777,36.73100002700005],[-3.48338126699997,36.72920727500008]]],[[[-3.540453735999961,36.727140177000024],[-3.5438636949999704,36.72552544000007],[-3.545563971999968,36.73070430400003],[-3.540453735999961,36.727140177000024]]],[[[-3.535539324999945,36.72614170300005],[-3.5373287379999283,36.725478801000065],[-3.535686708999947,36.726178375000075],[-3.5354738559999532,36.73086367700006],[-3.533946175999972,36.730663295000056],[-3.535539324999945,36.72614170300005]]],[[[-3.4766032909999467,36.72991293800004],[-3.4772433169999317,36.72740273800008],[-3.4789198859999715,36.72733373400007],[-3.4766990749999422,36.72926266300004],[-3.479011109999931,36.73074579200005],[-3.4775096009999515,36.73133915400007],[-3.4766032909999467,36.72991293800004]]],[[[-3.4898856519999413,36.73271928100007],[-3.491658412999925,36.73353625900006],[-3.4912978499999667,36.733897969000054],[-3.4898856519999413,36.73271928100007]]],[[[-3.489027930999953,36.731741776000035],[-3.48143603799997,36.728244834000066],[-3.480526010999938,36.72644875100008],[-3.477904483999964,36.72676820600003],[-3.4807197389999374,36.72625840100005],[-3.492470798999932,36.73397262900005],[-3.489027930999953,36.731741776000035]]],[[[-3.4968681999999376,36.73576077300004],[-3.499013186999946,36.737842976000024],[-3.4963051959999802,36.73613674300003],[-3.4968681999999376,36.73576077300004]]],[[[-3.507966359999955,36.74084837500004],[-3.5085370669999634,36.74000033900006],[-3.5093255579999436,36.74041150800008],[-3.507966359999955,36.74084837500004]]],[[[-3.5019561899999303,36.74176589700005],[-3.4990938169999595,36.74194477000003],[-3.4978235959999324,36.74001793800005],[-3.5025196699999697,36.74056369300007],[-3.5019561899999303,36.74176589700005]]],[[[-3.439855239999929,36.742264646000024],[-3.440185301999975,36.74260042800006],[-3.4397861969999326,36.74240109900006],[-3.439855239999929,36.742264646000024]]],[[[-3.5086550589999774,36.74142701900007],[-3.5112861339999313,36.741452792000075],[-3.509631853999963,36.74234213400007],[-3.5086550589999774,36.74142701900007]]],[[[-3.530724755999927,36.74235541500008],[-3.5305511229999524,36.740875595000034],[-3.5312432219999437,36.74102704100005],[-3.530724755999927,36.74235541500008]]],[[[-3.526941360999956,36.74120891300004],[-3.528634408999949,36.74083037300005],[-3.528211214999942,36.74248847300004],[-3.526941360999956,36.74120891300004]]],[[[-3.441347554999936,36.742379509000045],[-3.44192749299998,36.74146469600004],[-3.4423862359999475,36.74320480500006],[-3.441347554999936,36.742379509000045]]],[[[-3.441463422999959,36.74309291900005],[-3.441094638999971,36.74291541100007],[-3.4422762979999675,36.74332220900004],[-3.441463422999959,36.74309291900005]]],[[[-3.519844632999934,36.74340968800004],[-3.520342669999934,36.74334371300006],[-3.5204008049999516,36.743740169000034],[-3.519844632999934,36.74340968800004]]],[[[-3.523419942999965,36.74224506100006],[-3.521162348999951,36.742571747000056],[-3.520419960999959,36.74055054300004],[-3.5191996649999737,36.74186805800008],[-3.521079352999948,36.73871070300004],[-3.5264091149999786,36.74241624500007],[-3.526301991999958,36.74378141200003],[-3.523419942999965,36.74224506100006]]],[[[-3.5270107279999365,36.74365941600007],[-3.527122983999959,36.74422970000006],[-3.526676325999972,36.74397672900005],[-3.5270107279999365,36.74365941600007]]],[[[-3.5243153659999393,36.74687838600005],[-3.5248247629999696,36.74615386700003],[-3.52487743599994,36.74683934600006],[-3.5243153659999393,36.74687838600005]]],[[[-3.524543979999976,36.747763518000056],[-3.5254880749999415,36.74769559900005],[-3.5255644859999506,36.74817732900004],[-3.524543979999976,36.747763518000056]]],[[[-3.5220462159999784,36.74859249600007],[-3.5226076079999302,36.74861259000005],[-3.5221004279999306,36.748813675000065],[-3.5220462159999784,36.74859249600007]]],[[[-3.5113426849999314,36.74920383600005],[-3.5115796449999266,36.74861915500003],[-3.5104203359999246,36.74968378500006],[-3.5113426849999314,36.74920383600005]]],[[[-3.52677474799998,36.74940484900003],[-3.525658347999979,36.74814475000005],[-3.5273646559999747,36.74794987200005],[-3.527923289999933,36.74326509900004],[-3.5291475519999267,36.74286281600007],[-3.529372303999935,36.74576661900005],[-3.52677474799998,36.74940484900003]]],[[[-3.5251357059999577,36.750426352000034],[-3.524771219999934,36.75001746200007],[-3.525536754999962,36.749689526000054],[-3.5251357059999577,36.750426352000034]]],[[[-3.5114654659999474,36.75151722700008],[-3.511537690999944,36.75167878600007],[-3.511275431999934,36.751579900000024],[-3.5114654659999474,36.75151722700008]]],[[[-3.521961790999967,36.75200379300003],[-3.522717537999938,36.75203540800004],[-3.522113478999927,36.75227260200006],[-3.521961790999967,36.75200379300003]]],[[[-3.5101170299999467,36.75238234900007],[-3.510559116999957,36.752222381000024],[-3.510169952999945,36.752501238000036],[-3.5101170299999467,36.75238234900007]]],[[[-3.5239144769999484,36.75227729000005],[-3.524351908999961,36.75215671600006],[-3.5245062029999303,36.75257937400005],[-3.5239144769999484,36.75227729000005]]],[[[-3.5186893649999433,36.752717079000035],[-3.518699073999926,36.75224030500004],[-3.5191826359999254,36.752242652000064],[-3.5186893649999433,36.752717079000035]]],[[[-3.510300934999975,36.75245797400004],[-3.5112256549999756,36.75263679900007],[-3.511125804999949,36.75288220200008],[-3.510300934999975,36.75245797400004]]],[[[-3.5273818599999345,36.75261274800005],[-3.529520907999938,36.75304829600003],[-3.527684133999969,36.75382601200005],[-3.5273818599999345,36.75261274800005]]],[[[-3.5112291939999523,36.75489481300008],[-3.5118112969999515,36.75341302700008],[-3.512722166999936,36.75522448700008],[-3.5112291939999523,36.75489481300008]]],[[[-3.5155301999999438,36.755654295000056],[-3.5156102229999533,36.75482302800003],[-3.5162936229999673,36.75489877800004],[-3.5155301999999438,36.755654295000056]]],[[[-3.5199962589999245,36.75627575100003],[-3.520165413999962,36.75643495600008],[-3.519997349999926,36.756437454000036],[-3.5199962589999245,36.75627575100003]]],[[[-3.52523240499994,36.755116685000075],[-3.5261147539999342,36.75268162100008],[-3.5272533599999747,36.75515930100005],[-3.5258379609999793,36.75667614400004],[-3.52523240499994,36.755116685000075]]],[[[-3.5199603999999454,36.757026231000054],[-3.5199840479999693,36.75674034600007],[-3.520236987999965,36.75675335300008],[-3.5199603999999454,36.757026231000054]]],[[[-3.5241641939999795,36.756100900000035],[-3.5252501819999793,36.756978237000055],[-3.5241455959999257,36.75710421700006],[-3.5241641939999795,36.756100900000035]]],[[[-3.518906885999968,36.757285446000026],[-3.51875456099998,36.75647816000003],[-3.5191805029999728,36.75631040600007],[-3.518906885999968,36.757285446000026]]],[[[-3.5223269089999576,36.75912917100004],[-3.521817847999955,36.75831898400003],[-3.524111449999964,36.75731712500004],[-3.5223269089999576,36.75912917100004]]]]}},{"type":"Feature","properties":{"ClaseSuelo":"SISTEMAS GENERALES","NuclRural":"0","AreaLamber":81.3759957,"Shape_STAr":0.000082164395782},"geometry":{"type":"MultiPolygon","coordinates":[[[[-3.6667447059999745,36.74478086800008],[-3.6741750089999528,36.742275592000055],[-3.6808629929999483,36.73580573800007],[-3.705617725999957,36.74093289000007],[-3.7093271819999245,36.736174548000065],[-3.7136338719999458,36.73789313700007],[-3.715859959999932,36.73506804200008],[-3.717425811999931,36.736585399000035],[-3.7234855079999534,36.73721562500003],[-3.715713813999969,36.73553575400007],[-3.713289950999979,36.738406234000024],[-3.709504835999951,36.73665837200008],[-3.7059694799999647,36.74123997200007],[-3.6823452459999544,36.73603144700007],[-3.679090824999946,36.73702479000008],[-3.671665771999926,36.74448883200006],[-3.6667447059999745,36.74478086800008]]],[[[-3.756897591999973,36.74536428600004],[-3.7522600249999414,36.74313099600005],[-3.748594379999929,36.74460663800005],[-3.746885966999969,36.73997296600004],[-3.7402225169999497,36.73574086900004],[-3.7366750359999514,36.73961431200007],[-3.7336069009999733,36.737152679000076],[-3.726136465999957,36.73799487700006],[-3.7336095719999776,36.73666693700005],[-3.7365258359999416,36.739146154000025],[-3.7403044719999343,36.73544560800008],[-3.7471863219999477,36.739550045000044],[-3.7492247879999354,36.74435238900003],[-3.7523356319999266,36.742624970000065],[-3.7581623869999703,36.745261164000055],[-3.7576476679999473,36.74172299500003],[-3.76466641199994,36.74229318600004],[-3.759077111999943,36.74165850800006],[-3.7581513699999505,36.74271343100003],[-3.7596715039999253,36.74492758900004],[-3.756897591999973,36.74536428600004]]],[[[-3.7712920569999255,36.74409721100005],[-3.7753051329999607,36.74609357600008],[-3.7809408289999737,36.75209866800003],[-3.7712920569999255,36.74409721100005]]],[[[-3.652894916999969,36.755455948000076],[-3.6524216129999445,36.75275226900004],[-3.6487350009999773,36.751145929000074],[-3.646224937999932,36.74723536400006],[-3.640523658999939,36.75007743400005],[-3.640104208999958,36.746328006000056],[-3.637284772999976,36.743629475000034],[-3.6406349889999774,36.746050292000064],[-3.640966768999931,36.749745381000025],[-3.6461800409999796,36.746775512000056],[-3.6497704729999327,36.75129325300003],[-3.6527789129999633,36.75232237400007],[-3.6523041469999384,36.754366799000024],[-3.653568747999941,36.754924946000074],[-3.658696023999937,36.74972677400007],[-3.66504181199997,36.74877382500006],[-3.6662583349999522,36.74572319300006],[-3.665703981999968,36.748776821000035],[-3.6610469919999673,36.749051491000046],[-3.652894916999969,36.755455948000076]]]]}},{"type":"Feature","properties":{"ClaseSuelo":"SUELO NO URBANIZABLE","NuclRural":"0","AreaLamber":7478.76498256,"Shape_STAr":0.00755399306827},"geometry":{"type":"MultiPolygon","coordinates":[[[[-3.749673457999961,36.739910429000076],[-3.751549109999928,36.738559671000075],[-3.7481456629999457,36.73860753900004],[-3.742055617999938,36.73442578400005],[-3.736014146999935,36.729465762000075],[-3.735346169999957,36.727291095000055],[-3.7422509109999282,36.73371750800004],[-3.750088650999942,36.73808552500003],[-3.7542382879999536,36.738636238000026],[-3.7591357449999805,36.736639927000056],[-3.7622314389999474,36.73481722900004],[-3.763868593999973,36.729361925000035],[-3.7675854739999295,36.72922984000007],[-3.772728645999962,36.731729664000056],[-3.7721322989999635,36.733689699000024],[-3.7774389719999704,36.73791905400003],[-3.7773411839999653,36.744878938000056],[-3.7793830469999534,36.746298901000046],[-3.7811314549999793,36.751912522000055],[-3.7780582229999595,36.74804381000007],[-3.7711800659999426,36.74436349600006],[-3.7804999769999768,36.75244159700003],[-3.779230153999947,36.758866184000055],[-3.782278303999931,36.76445323100006],[-3.7794853579999312,36.767473394000035],[-3.777653784999927,36.774724037000055],[-3.774714248999942,36.775482399000055],[-3.7704201059999605,36.78309149300003],[-3.7669843379999293,36.78470024300003],[-3.7660632309999755,36.78898807400003],[-3.771014649999927,36.79655532700008],[-3.7681430479999563,36.80195555700004],[-3.7707936789999508,36.804696851000074],[-3.786499575999926,36.812382574000026],[-3.7864185749999706,36.81542098600005],[-3.7906100479999623,36.82069370800008],[-3.7826110889999427,36.82246836100006],[-3.7705988479999633,36.82103235100004],[-3.7581925009999395,36.82278875900005],[-3.7530865059999314,36.817800128000044],[-3.745042016999946,36.818409677000034],[-3.734134127999937,36.811554356000045],[-3.7182379319999654,36.80811769500008],[-3.7148426769999787,36.80588451300008],[-3.7140789789999644,36.80091308300007],[-3.7063918489999423,36.79756049000008],[-3.6965384599999425,36.79998940100006],[-3.6929684389999693,36.79939725700007],[-3.6895812139999293,36.801679585000045],[-3.6824482229999376,36.80002598100003],[-3.6824307499999804,36.79427480000004],[-3.689960252999981,36.78896687800005],[-3.6904371309999533,36.78590817700007],[-3.68784102099994,36.782605853000064],[-3.690299571999958,36.77932834400008],[-3.688601991999974,36.77372211200003],[-3.670560388999945,36.77240988500006],[-3.6609400539999797,36.76389089800006],[-3.636422829999958,36.75008810000003],[-3.635590218999937,36.74828964000005],[-3.6371284169999285,36.744132394000076],[-3.6400552659999335,36.74623751400003],[-3.640837289999979,36.750245766000035],[-3.6460539719999474,36.747284326000056],[-3.645888419999949,36.74878652700005],[-3.6524216129999445,36.75275226900004],[-3.6520342569999684,36.75494829000007],[-3.65423543299994,36.75535601200005],[-3.6610461609999447,36.74920484200004],[-3.66701939099994,36.750137438000024],[-3.66697161299993,36.748150474000056],[-3.6709747159999324,36.74841614800005],[-3.6784465189999764,36.73763152300006],[-3.682247125999936,36.73620368600007],[-3.6812306789999525,36.737960748000035],[-3.6878555849999657,36.740929434000066],[-3.6827597699999615,36.75047514500005],[-3.6890504189999547,36.75615299100008],[-3.6898085039999273,36.76083379100004],[-3.688334558999941,36.76548987500007],[-3.6912529419999487,36.76236135400006],[-3.6897898279999595,36.755902297000034],[-3.684299378999981,36.751067876000036],[-3.6858744999999544,36.74983673500003],[-3.6855101749999335,36.745594668000024],[-3.6867493189999436,36.74452783100003],[-3.6896260149999307,36.745747245000075],[-3.69032718699998,36.74322788200004],[-3.688628602999927,36.74144288200006],[-3.6897127949999344,36.73917484100008],[-3.6916466919999493,36.73950228900003],[-3.6913026299999387,36.73799784200003],[-3.696093024999925,36.739818237000065],[-3.6937329759999784,36.74053080700003],[-3.69657990099995,36.742144696000025],[-3.7089415559999566,36.74467815700007],[-3.708422172999974,36.741466195000044],[-3.7106250909999403,36.73939955000003],[-3.7087681459999544,36.73893427000007],[-3.7092586509999705,36.73675712000005],[-3.7137586549999355,36.73836649200007],[-3.7157778789999725,36.735538560000066],[-3.7240614639999308,36.73819664100006],[-3.726753348999978,36.734118487000046],[-3.734034784999949,36.73673297000005],[-3.7292441969999572,36.73644272800004],[-3.726143381999975,36.73818822700008],[-3.7334235039999726,36.73712608000005],[-3.7358654969999634,36.73959536700005],[-3.7389372979999393,36.738511860000074],[-3.7398191259999294,36.74013080000003],[-3.7464496359999657,36.740118876000054],[-3.74817765399996,36.744321487000036],[-3.750198910999927,36.74482986800007],[-3.752483247999976,36.74319593600006],[-3.7574989009999626,36.74928154400004],[-3.758763672999976,36.74820711700005],[-3.756980692999946,36.74542954000003],[-3.7633071279999513,36.744371287000035],[-3.761186438999971,36.741848220000065],[-3.76466641199994,36.74229318600004],[-3.7617877579999686,36.741506367000056],[-3.7617849839999735,36.73890714400005],[-3.7651043999999274,36.73891410600004],[-3.7669865869999626,36.73565982300005],[-3.7628843189999657,36.73296226000008],[-3.7623951669999656,36.73533087200008],[-3.751616530999968,36.738896778000026],[-3.7523897979999674,36.74015287100008],[-3.7544807399999627,36.73950067800007],[-3.75308734999993,36.74227874500008],[-3.7549670289999426,36.743383867000034],[-3.7558110179999744,36.74133324100006],[-3.7589293189999466,36.744254943000044],[-3.758275866999952,36.74524355600005],[-3.7523356319999266,36.742624970000065],[-3.748917819999974,36.744222956000044],[-3.7478690389999656,36.741069122000056],[-3.749665732999972,36.74236525300006],[-3.7509204339999656,36.740063131000056],[-3.749673457999961,36.739910429000076]],[[-3.6851617149999356,36.767089104000036],[-3.68495373199994,36.76727450000004],[-3.6857776699999363,36.76680638000005],[-3.6851617149999356,36.767089104000036]],[[-3.7709908249999557,36.74245747600003],[-3.7714658919999806,36.74262431500006],[-3.7714556329999596,36.74235617200003],[-3.7709908249999557,36.74245747600003]],[[-3.6844270469999287,36.76758623400008],[-3.6845659119999254,36.76804943600007],[-3.684707084999957,36.767420980000054],[-3.6844270469999287,36.76758623400008]],[[-3.6833498579999286,36.76873506000004],[-3.6829117839999412,36.76900037000007],[-3.6838572329999693,36.768873502000076],[-3.6833498579999286,36.76873506000004]],[[-3.6822721759999695,36.768897295000045],[-3.6824998099999675,36.76866663000004],[-3.6821420409999632,36.76818528800004],[-3.6822721759999695,36.768897295000045]],[[-3.6863972169999784,36.76661485200003],[-3.687223109999934,36.76661470300007],[-3.68694482199993,36.76601412300005],[-3.6863972169999784,36.76661485200003]],[[-3.7580013829999643,36.75010176100005],[-3.7590775829999643,36.749820802000045],[-3.7577040349999606,36.74958270700006],[-3.7580013829999643,36.75010176100005]],[[-3.6823161459999483,36.76932768900008],[-3.6819401819999484,36.77002779000003],[-3.6830439549999596,36.770243126000025],[-3.6823161459999483,36.76932768900008]],[[-3.7686719449999373,36.73722326400008],[-3.7667444639999417,36.747639089000074],[-3.769636332999937,36.74270151500008],[-3.768197857999951,36.74142354500003],[-3.76966460999995,36.736679665000054],[-3.7686719449999373,36.73722326400008]]],[[[-3.65216092299994,36.75205183500003],[-3.6495800709999457,36.751129982000066],[-3.654178386999945,36.75029064300003],[-3.652631828999972,36.74564261300003],[-3.647157110999956,36.74480781900007],[-3.6412020409999286,36.74985667100003],[-3.6406349889999774,36.746050292000064],[-3.638078440999948,36.74391444300005],[-3.6451375369999255,36.74414842400006],[-3.6373965829999406,36.743269835000035],[-3.637724627999944,36.74224747100004],[-3.646792828999935,36.74300981600004],[-3.649318601999937,36.744988275000026],[-3.6577220049999255,36.74655571400007],[-3.661509424999963,36.745389860000046],[-3.6618702089999715,36.74305307800006],[-3.665429954999979,36.741491723000024],[-3.6738177489999657,36.731032654000046],[-3.6766608409999435,36.729574177000075],[-3.6823143209999785,36.72932552900005],[-3.6817524319999393,36.73037444400006],[-3.684713348999935,36.730853239000055],[-3.687711738999951,36.729249382000035],[-3.687429813999927,36.73028769000007],[-3.690669947999936,36.730674588000056],[-3.694518407999965,36.727722447000076],[-3.703633500999956,36.73374474600007],[-3.7098304989999633,36.73167966300008],[-3.7151868579999245,36.73319810700008],[-3.7202383329999407,36.73203180500008],[-3.7228582489999553,36.729554937000046],[-3.7249788849999277,36.729974739000056],[-3.727290835999952,36.72702637900005],[-3.726792892999981,36.72897159900003],[-3.722341450999977,36.73057347200006],[-3.7229717829999345,36.737197596000044],[-3.717425811999931,36.736585399000035],[-3.715859959999932,36.73506804200008],[-3.7114993539999546,36.736446331000025],[-3.7096546239999384,36.73478978900005],[-3.705708751999964,36.740934405000075],[-3.6975404019999587,36.74007864400005],[-3.6913343709999253,36.73755608000005],[-3.6971997779999697,36.73061786200003],[-3.6947094789999255,36.72915121200003],[-3.6892176379999455,36.73147485900006],[-3.6848754789999703,36.73093636200008],[-3.681744887999969,36.735742464000054],[-3.6845292369999356,36.730947471000036],[-3.677521376999948,36.73003174300004],[-3.673308797999937,36.73262499000003],[-3.66723669299995,36.74069960800006],[-3.662150348999944,36.743468249000045],[-3.6613517479999587,36.745921030000034],[-3.657085454999958,36.746879662000026],[-3.6527584259999344,36.745654960000024],[-3.654597426999942,36.749928641000054],[-3.659254917999931,36.749532842000065],[-3.6543531279999684,36.754800568000064],[-3.6524053279999293,36.75456476900007],[-3.65216092299994,36.75205183500003]],[[-3.69705270999998,36.738901009000074],[-3.696602445999929,36.73848153700004],[-3.696362993999969,36.738674296000056],[-3.69705270999998,36.738901009000074]],[[-3.7080584509999426,36.73435753800004],[-3.7089748229999486,36.734681229000046],[-3.7088890809999384,36.73364575900007],[-3.7080584509999426,36.73435753800004]],[[-3.7055706789999476,36.73469322200003],[-3.704547280999975,36.73491820000004],[-3.705274107999969,36.73600049300006],[-3.7055706789999476,36.73469322200003]],[[-3.699199958999941,36.738221287000044],[-3.697439021999969,36.73864996700007],[-3.6987583909999557,36.738968912000075],[-3.699199958999941,36.738221287000044]],[[-3.696684133999952,36.732995465000045],[-3.6971880669999564,36.730943498000045],[-3.695694504999949,36.73253883900003],[-3.696684133999952,36.732995465000045]],[[-3.7103709149999418,36.73429678900004],[-3.712722757999927,36.73262280300003],[-3.7096740799999566,36.73202908400003],[-3.7103709149999418,36.73429678900004]]],[[[-3.7256119549999767,36.72822204900007],[-3.7263487159999613,36.72321444900007],[-3.7287947429999804,36.72145339200006],[-3.728847390999931,36.72384101600005],[-3.726269041999956,36.72474701400006],[-3.7256119549999767,36.72822204900007]]],[[[-3.73678263599993,36.723823957000036],[-3.7346515359999444,36.72189618200008],[-3.735548005999931,36.72036009100003],[-3.728993654999954,36.71946364100006],[-3.729020266999953,36.720475254000064],[-3.727419551999958,36.71920542300006],[-3.7350516569999286,36.719870686000036],[-3.73678263599993,36.723823957000036]]],[[[-3.749673457999961,36.739910429000076],[-3.749204516999953,36.74109836700006],[-3.7473159979999764,36.73973257700004],[-3.749673457999961,36.739910429000076]]],[[[-3.7357364069999335,36.72708715400006],[-3.735916543999963,36.725172867000026],[-3.736757486999977,36.72437943600005],[-3.7357364069999335,36.72708715400006]]],[[[-3.7290788359999283,36.72060154900004],[-3.7291628809999793,36.72082470600003],[-3.7289649669999676,36.720939343000055],[-3.7290788359999283,36.72060154900004]]],[[[-3.6988638219999643,36.74045609900003],[-3.6991196249999803,36.74051758600007],[-3.6988545749999275,36.74054517900004],[-3.6988638219999643,36.74045609900003]]]]}},{"type":"Feature","properties":{"ClaseSuelo":"SUELO URBANIZABLE DELIMITADO O SECTORIZADO","NuclRural":"0","AreaLamber":121.36906937,"Shape_STAr":0.000122537399734},"geometry":{"type":"MultiPolygon","coordinates":[[[[-3.6693779279999603,36.74426114900007],[-3.6673245039999642,36.74434094700007],[-3.6665547539999466,36.74240837800005],[-3.6697479579999595,36.74258734800003],[-3.6700666869999736,36.73998715100004],[-3.6735112959999583,36.73838291800007],[-3.6745302129999686,36.73973847100007],[-3.673371435999968,36.74125108000004],[-3.6751442139999426,36.74118088000006],[-3.6755564089999666,36.737732176000065],[-3.678081127999974,36.73720598500006],[-3.675257293999948,36.74148820700003],[-3.6693779279999603,36.74426114900007]]],[[[-3.725185243999931,36.73530250300007],[-3.722507225999948,36.734735371000056],[-3.722341450999977,36.73057347200006],[-3.727618130999929,36.72806060500005],[-3.729001352999944,36.72892597900005],[-3.725185243999931,36.73530250300007]]],[[[-3.682895794999979,36.73851919100008],[-3.6812204679999354,36.73786072100006],[-3.683679136999956,36.736375517000056],[-3.688730393999947,36.738664361000076],[-3.687651480999932,36.74010233900003],[-3.682895794999979,36.73851919100008]]],[[[-3.7334767359999432,36.73405208200006],[-3.734192848999953,36.73236755500005],[-3.731534392999947,36.73126214900003],[-3.7351478969999334,36.73031743700005],[-3.73737282299993,36.733177728000044],[-3.732381663999945,36.735034263000045],[-3.7334767359999432,36.73405208200006]]],[[[-3.7497155489999727,36.73982667800004],[-3.7426235859999792,36.73681886400004],[-3.746120702999974,36.73668607700006],[-3.7497155489999727,36.73982667800004]]],[[[-3.7037494599999263,36.74388570200006],[-3.7025945229999593,36.74345801100003],[-3.703020530999936,36.74004155800003],[-3.705495318999965,36.74201442100008],[-3.7037494599999263,36.74388570200006]]],[[[-3.7739116379999587,36.746203276000074],[-3.7780084289999536,36.74977896900003],[-3.774039031999962,36.74803129900005],[-3.7739116379999587,36.746203276000074]]],[[[-3.6661124279999626,36.74811555300005],[-3.6672401309999714,36.746333125000035],[-3.6662312739999265,36.74620618300003],[-3.6685981369999467,36.74622660700004],[-3.6686633179999717,36.74769602200007],[-3.6661124279999626,36.74811555300005]]],[[[-3.749673457999961,36.739910429000076],[-3.7509204339999656,36.740063131000056],[-3.749665732999972,36.74236525300006],[-3.747830780999948,36.740810932000045],[-3.749673457999961,36.739910429000076]]],[[[-3.6713889969999514,36.74599973900007],[-3.672630159999926,36.745720375000076],[-3.6709067719999666,36.748421895000035],[-3.6713889969999514,36.74599973900007]]],[[[-3.7408286059999796,36.735007293000024],[-3.7432330079999474,36.735563624000065],[-3.7420707379999385,36.73651673000006],[-3.7408286059999796,36.735007293000024]]],[[[-3.746054615999981,36.73953823200003],[-3.747488877999956,36.74256931100007],[-3.7461159819999352,36.741425381000056],[-3.746054615999981,36.73953823200003]]],[[[-3.754171198999927,36.74017721600006],[-3.751431347999926,36.739319833000025],[-3.7535029719999784,36.738834144000066],[-3.754171198999927,36.74017721600006]]],[[[-3.7774421359999337,36.74788111500004],[-3.778232811999942,36.748278234000054],[-3.7779838199999745,36.74906830700007],[-3.7774421359999337,36.74788111500004]]]]}},{"type":"Feature","properties":{"ClaseSuelo":"SUELO URBANIZABLE NO DELIMITADO O SECTORIZADO","NuclRural":"0","AreaLamber":75.93090927,"Shape_STAr":0.0000766647553194},"geometry":{"type":"MultiPolygon","coordinates":[[[[-3.650465133999944,36.75028352900006],[-3.6495800709999457,36.751129982000066],[-3.648237475999963,36.74975526000003],[-3.650333969999963,36.74860545300004],[-3.6509406369999624,36.74547329200004],[-3.652631828999972,36.74564261300003],[-3.654178386999945,36.75029064300003],[-3.6514301659999546,36.751511134000054],[-3.650465133999944,36.75028352900006]]],[[[-3.727612962999956,36.734592392000025],[-3.729785614999969,36.73327879400006],[-3.7333679889999303,36.73618473600004],[-3.727612962999956,36.734592392000025]]],[[[-3.710229702999925,36.73682360000004],[-3.7112292719999687,36.73746139000008],[-3.7101690429999508,36.73747305200004],[-3.710229702999925,36.73682360000004]]],[[[-3.7117668059999573,36.73715602500005],[-3.708793279999952,36.73531285000007],[-3.711797335999961,36.73649379600005],[-3.7147587809999436,36.73549695600008],[-3.7139771879999444,36.737778261000074],[-3.7117668059999573,36.73715602500005]]],[[[-3.735327482999935,36.73816519700006],[-3.734742105999942,36.73690769700005],[-3.738530690999937,36.73672434800005],[-3.7368553949999637,36.739002149000044],[-3.735327482999935,36.73816519700006]]],[[[-3.7397105179999244,36.73626765700004],[-3.74164082599998,36.73687790400004],[-3.7398191259999294,36.74013080000003],[-3.7397105179999244,36.73626765700004]]],[[[-3.743520210999975,36.74006620900008],[-3.741221370999938,36.73949706700006],[-3.742502229999957,36.73732752500007],[-3.746260055999926,36.739476403000026],[-3.743520210999975,36.74006620900008]]],[[[-3.7059416179999403,36.74306052900005],[-3.7054589749999423,36.74143054600006],[-3.7083092389999592,36.73857955600005],[-3.7089222419999714,36.74273997700004],[-3.7059416179999403,36.74306052900005]]],[[[-3.698625890999949,36.74206556100006],[-3.6964743969999745,36.74113093900007],[-3.7026880349999374,36.74099898900005],[-3.7029628389999516,36.743881732000034],[-3.698625890999949,36.74206556100006]]],[[[-3.6405832889999488,36.74434411300007],[-3.637284772999976,36.743629475000034],[-3.6451375369999255,36.74414842400006],[-3.6405832889999488,36.74434411300007]]]]}},{"type":"Feature","properties":{"ClaseSuelo":"SUELO URBANO","NuclRural":"0","AreaLamber":499.27883412,"Shape_STAr":0.000504076021974},"geometry":{"type":"MultiPolygon","coordinates":[[[[-3.6663240709999627,36.746201832000054],[-3.664705314999935,36.74895150800006],[-3.6585048209999513,36.749278607000065],[-3.6619334449999315,36.746921489000044],[-3.662150348999944,36.743468249000045],[-3.6675979049999796,36.74037430100003],[-3.6735204849999263,36.73241701500007],[-3.677807060999953,36.729950479000024],[-3.6845292369999356,36.730947471000036],[-3.6814398969999615,36.73573767700003],[-3.6755564089999666,36.737732176000065],[-3.6751442139999426,36.74118088000006],[-3.673371435999968,36.74125108000004],[-3.6745302129999686,36.73973847100007],[-3.6735112959999583,36.73838291800007],[-3.6700666869999736,36.73998715100004],[-3.6697479579999595,36.74258734800003],[-3.6665547539999466,36.74240837800005],[-3.6671433389999493,36.74496884200005],[-3.6750055249999605,36.74257912300004],[-3.6746448059999466,36.74441689300005],[-3.670836948999977,36.74635365000006],[-3.6708679519999805,36.748403875000065],[-3.6663240709999627,36.746201832000054]],[[-3.6627165419999415,36.747651209000026],[-3.664060688999939,36.747888053000054],[-3.662951282999927,36.74706791400007],[-3.6627165419999415,36.747651209000026]],[[-3.665317373999926,36.74523055800006],[-3.6659367599999655,36.74457440900005],[-3.6641696809999758,36.744569081000066],[-3.665317373999926,36.74523055800006]]],[[[-3.73524260399995,36.737209430000064],[-3.7329378999999676,36.73586906300005],[-3.73737282299993,36.733177728000044],[-3.7351478969999334,36.73031743700005],[-3.731534392999947,36.73126214900003],[-3.734274263999964,36.733074833000046],[-3.7304502769999317,36.731962499000076],[-3.725494155999968,36.73432216800006],[-3.727528073999963,36.72989868900004],[-3.7309638099999347,36.72817669800003],[-3.727312746999928,36.727204362000066],[-3.726269041999956,36.72474701400006],[-3.728847390999931,36.72384101600005],[-3.728755436999961,36.719510150000076],[-3.735548005999931,36.72036009100003],[-3.7346515359999444,36.72189618200008],[-3.7368089739999277,36.72430805100004],[-3.735107849999963,36.727793908000024],[-3.736014146999935,36.729465762000075],[-3.746120702999974,36.73668607700006],[-3.7426235859999792,36.73681886400004],[-3.7432330079999474,36.735563624000065],[-3.7413518609999414,36.73454364400004],[-3.73886767099998,36.736731278000036],[-3.73524260399995,36.737209430000064]]],[[[-3.6914501729999643,36.73732278500006],[-3.681744887999969,36.735742464000054],[-3.6848754789999703,36.73093636200008],[-3.6892176379999455,36.73147485900006],[-3.694439243999966,36.729141543000026],[-3.6971997779999697,36.73061786200003],[-3.6914501729999643,36.73732278500006]]],[[[-3.757758193999962,36.743200426000044],[-3.7558110179999744,36.74133324100006],[-3.7558932039999604,36.74292375500005],[-3.7534250549999797,36.742664062000074],[-3.7535313969999606,36.73871823400003],[-3.7623951669999656,36.73533087200008],[-3.7628843189999657,36.73296226000008],[-3.7667572199999313,36.73527965000005],[-3.7656950669999674,36.73844542100005],[-3.761894244999951,36.738765916000034],[-3.7617531939999367,36.74168406500007],[-3.7579065339999715,36.74161236800006],[-3.757758193999962,36.743200426000044]]],[[[-3.6885384229999545,36.737527397000065],[-3.6913026299999387,36.73799784200003],[-3.6916466919999493,36.73950228900003],[-3.6897127949999344,36.73917484100008],[-3.685462035999933,36.74565732800005],[-3.6858835219999264,36.749793803000046],[-3.6842968849999806,36.75131634000007],[-3.6897898279999595,36.755902297000034],[-3.6912529419999487,36.76236135400006],[-3.688334558999941,36.76548987500007],[-3.6898085039999273,36.76083379100004],[-3.6890504189999547,36.75615299100008],[-3.6827597699999615,36.75047514500005],[-3.687667365999971,36.74262466700003],[-3.6885384229999545,36.737527397000065]]],[[[-3.647804733999976,36.74910975800003],[-3.646409010999946,36.74513940800006],[-3.650727022999945,36.74516320400005],[-3.650333969999963,36.74860545300004],[-3.647804733999976,36.74910975800003]]],[[[-3.755579268999952,36.74723880500005],[-3.75359530999998,36.745941032000076],[-3.7544808789999706,36.74443845300004],[-3.7584318519999442,36.747062964000065],[-3.75842180799998,36.74915783000006],[-3.755579268999952,36.74723880500005]]],[[[-3.7684049499999333,36.74275774300003],[-3.7675013179999723,36.74105423700007],[-3.7691407369999297,36.73658031700006],[-3.768197857999951,36.74142354500003],[-3.769636332999937,36.74270151500008],[-3.7667444639999417,36.747639089000074],[-3.7663769379999508,36.745602794000035],[-3.7684049499999333,36.74275774300003]]],[[[-3.694677565999939,36.74092551500007],[-3.6938746759999503,36.740272780000055],[-3.696414756999957,36.73977853500003],[-3.7028954449999674,36.74049160000004],[-3.7011346439999784,36.74195486100007],[-3.6990924999999493,36.74044483700004],[-3.69657990099995,36.742144696000025],[-3.694677565999939,36.74092551500007]]],[[[-3.708595333999938,36.744288562000065],[-3.702899400999968,36.74400313000007],[-3.7052203439999403,36.742891576000034],[-3.7050608579999675,36.740782007000064],[-3.706021433999979,36.74329350700003],[-3.708955549999928,36.74281946100007],[-3.708595333999938,36.744288562000065]]],[[[-3.708925079999972,36.74047169700003],[-3.7074906449999503,36.73985020300006],[-3.7086174949999418,36.73748714000004],[-3.7106250909999403,36.73939955000003],[-3.708925079999972,36.74047169700003]]],[[[-3.6660839279999777,36.74904780900005],[-3.661045539999975,36.749318886000026],[-3.6667607759999328,36.74800467100005],[-3.667848069999934,36.74945030200007],[-3.6660839279999777,36.74904780900005]]],[[[-3.688381902999936,36.73735564100008],[-3.6877004769999644,36.73798220700007],[-3.6840272899999604,36.73693689900006],[-3.688381902999936,36.73735564100008]]],[[[-3.74168988699995,36.73679096400008],[-3.7430468449999807,36.73786959600005],[-3.740561462999949,36.73939260000003],[-3.74168988699995,36.73679096400008]]],[[[-3.7386084579999306,36.73863601200003],[-3.7375796819999323,36.73880509500003],[-3.7402225169999497,36.73574086900004],[-3.7386084579999306,36.73863601200003]]],[[[-3.7500859799999375,36.738760909000064],[-3.751549109999928,36.738559671000075],[-3.750954295999975,36.739981338000064],[-3.7500859799999375,36.738760909000064]]],[[[-3.64621970099995,36.74724020900004],[-3.6469292239999618,36.74892663600008],[-3.645556595999949,36.74848087300006],[-3.64621970099995,36.74724020900004]]],[[[-3.682247125999936,36.73620368600007],[-3.683679136999956,36.736375517000056],[-3.6827535929999726,36.737278838000066],[-3.682247125999936,36.73620368600007]]],[[[-3.682723077999981,36.77010016300005],[-3.6820909509999638,36.76942506000006],[-3.683268296999927,36.769440264000025],[-3.682723077999981,36.77010016300005]]],[[[-3.758086968999976,36.75063695800003],[-3.7577040349999606,36.74958270700006],[-3.7587110659999325,36.749451702000044],[-3.758086968999976,36.75063695800003]]],[[[-3.6662312739999265,36.74620618300003],[-3.6672401309999714,36.746333125000035],[-3.666149465999979,36.74696829700008],[-3.6662312739999265,36.74620618300003]]],[[[-3.7253326579999566,36.72603034100007],[-3.7260920959999453,36.72669187500003],[-3.7255639399999723,36.72680380000003],[-3.7253326579999566,36.72603034100007]]],[[[-3.68663010399996,36.766126057000065],[-3.687223109999934,36.76661470300007],[-3.6863972169999784,36.76661485200003],[-3.68663010399996,36.766126057000065]]],[[[-3.647823359999961,36.75031007600006],[-3.6472050829999603,36.749484980000034],[-3.647460851999938,36.749355954000066],[-3.647823359999961,36.75031007600006]]],[[[-3.6596827689999714,36.746583593000025],[-3.6603992369999787,36.74647489800003],[-3.6603021839999315,36.74684246800007],[-3.6596827689999714,36.746583593000025]]],[[[-3.718862266999963,36.73669285100004],[-3.718981476999943,36.73708436600003],[-3.7184591449999402,36.73724692600007],[-3.718862266999963,36.73669285100004]]],[[[-3.6822721759999695,36.768897295000045],[-3.6821420409999632,36.76818528800004],[-3.6824998099999675,36.76866663000004],[-3.6822721759999695,36.768897295000045]]],[[[-3.6832013149999625,36.76884611600008],[-3.6838572329999693,36.768873502000076],[-3.6829117839999412,36.76900037000007],[-3.6832013149999625,36.76884611600008]]],[[[-3.6844984169999293,36.767408371000045],[-3.684707084999957,36.767420980000054],[-3.6845659119999254,36.76804943600007],[-3.6844984169999293,36.767408371000045]]],[[[-3.7168617249999443,36.73632979700005],[-3.716867742999966,36.73615043900003],[-3.7173630149999326,36.73675685500007],[-3.7170693609999717,36.73674313300006],[-3.7168617249999443,36.73632979700005]]],[[[-3.7709908249999557,36.74245747600003],[-3.7714556329999596,36.74235617200003],[-3.7714658919999806,36.74262431500006],[-3.7709908249999557,36.74245747600003]]],[[[-3.68540898699996,36.766960969000024],[-3.6858185189999517,36.76693594500006],[-3.68495373199994,36.76727450000004],[-3.68540898699996,36.766960969000024]]]]}},{"type":"Feature","properties":{"ClaseSuelo":"SUELO URBANO NO CONSOLIDADO","NuclRural":"0","AreaLamber":73.61910774,"Shape_STAr":0.0000743310217314},"geometry":{"type":"MultiPolygon","coordinates":[[[[-3.6533190349999245,36.749086317000035],[-3.6527584259999344,36.745654960000024],[-3.653938307999965,36.74529959600005],[-3.657085454999958,36.746879662000026],[-3.6621234909999316,36.74650939000003],[-3.656797939999933,36.75025831800008],[-3.6533190349999245,36.749086317000035]]],[[[-3.727835718999927,36.72818461500003],[-3.727312746999928,36.727204362000066],[-3.7309638099999347,36.72817669800003],[-3.727835718999927,36.72818461500003]]],[[[-3.696679273999962,36.731405093000035],[-3.6978446689999487,36.73138451700004],[-3.6967217899999696,36.73301428800005],[-3.695694504999949,36.73253883900003],[-3.696679273999962,36.731405093000035]]],[[[-3.709153970999978,36.73261326000005],[-3.712722757999927,36.73262280300003],[-3.710497003999933,36.73432294100007],[-3.709153970999978,36.73261326000005]]],[[[-3.7087087939999606,36.733892215000026],[-3.7088750649999724,36.73474149100008],[-3.707866739999929,36.73422991000007],[-3.7087087939999606,36.733892215000026]]],[[[-3.7316705609999303,36.734273521000034],[-3.7296104969999533,36.73417459700005],[-3.7304502769999317,36.731962499000076],[-3.7337191399999483,36.73343312000003],[-3.7316705609999303,36.734273521000034]]],[[[-3.7051276009999583,36.73457403100008],[-3.705274107999969,36.73600049300006],[-3.704547280999975,36.73491820000004],[-3.7051276009999583,36.73457403100008]]],[[[-3.6882466569999792,36.737938056000075],[-3.6877704979999635,36.73764900900005],[-3.688381902999936,36.73735564100008],[-3.6882466569999792,36.737938056000075]]],[[[-3.7233613219999597,36.73700979600005],[-3.7225663499999655,36.735056334000035],[-3.726772556999947,36.734094275000075],[-3.7240614639999308,36.73819664100006],[-3.7233613219999597,36.73700979600005]]],[[[-3.6982485889999452,36.73888169300005],[-3.697439021999969,36.73864996700007],[-3.699186569999938,36.73805368100005],[-3.6982485889999452,36.73888169300005]]],[[[-3.696362993999969,36.738674296000056],[-3.6972204919999285,36.73881923500005],[-3.696826150999925,36.73901646100006],[-3.696362993999969,36.738674296000056]]],[[[-3.665317373999926,36.74523055800006],[-3.6641696809999758,36.744569081000066],[-3.6659367599999655,36.74457440900005],[-3.665317373999926,36.74523055800006]]],[[[-3.7595757769999523,36.744183046000046],[-3.7581513699999505,36.74271343100003],[-3.759077111999943,36.74165850800006],[-3.7633071279999513,36.744371287000035],[-3.7593081049999455,36.74539151600004],[-3.7595757769999523,36.744183046000046]]],[[[-3.688000969999962,36.74267404200003],[-3.688628602999927,36.74144288200006],[-3.6902978029999645,36.743138583000075],[-3.689571717999968,36.745820527000035],[-3.6867493189999436,36.74452783100003],[-3.688000969999962,36.74267404200003]]],[[[-3.663517229999968,36.74790921700003],[-3.662359007999953,36.74721038500007],[-3.664060688999939,36.747888053000054],[-3.663517229999968,36.74790921700003]]]]}},{"type":"Feature","properties":{"ClaseSuelo":"SUELO NO URBANIZABLE","NuclRural":"0","AreaLamber":534.10710373,"Shape_STAr":0.000542169630588},"geometry":{"type":"Polygon","coordinates":[[[-3.5364807869999595,37.17109863400003],[-3.5232996139999386,37.169156316000056],[-3.530173498999943,37.16150891700005],[-3.528571976999956,37.15795549000006],[-3.52665271099994,37.15727894500003],[-3.526258349999978,37.15237702400003],[-3.5192221569999447,37.144457542000055],[-3.521760252999968,37.14184134300007],[-3.5288898419999555,37.140529816000026],[-3.5438075689999664,37.146646144000044],[-3.5507289379999634,37.147668906000035],[-3.5526038699999276,37.14999484700007],[-3.5525093839999613,37.15403359700008],[-3.5599787059999244,37.157478049000076],[-3.559529164999958,37.16066213400006],[-3.5499945109999658,37.158209774000056],[-3.5484389669999246,37.161652063000076],[-3.546874771999967,37.16071881400006],[-3.547190763999936,37.15890417600008],[-3.5458701789999623,37.16118719100007],[-3.542575235999948,37.159143733000064],[-3.537665593999975,37.15871100600003],[-3.538179098999933,37.15559856900006],[-3.5349302129999387,37.15831170600006],[-3.532641579999961,37.157823704000066],[-3.5336966619999544,37.155770080000025],[-3.5325398239999686,37.15520787100007],[-3.529025626999953,37.15720132900003],[-3.5308775409999384,37.16041299800003],[-3.5351322699999628,37.15920642400005],[-3.53362046999996,37.16293777800007],[-3.539185767999925,37.168239491000065],[-3.538270466999961,37.17080172400006],[-3.53966270199993,37.16917200700004],[-3.5364807869999595,37.17109863400003]],[[-3.546549210999956,37.157773545000055],[-3.547034708999945,37.15728392800003],[-3.5464048439999374,37.15698445500004],[-3.546549210999956,37.157773545000055]]]}},{"type":"Feature","properties":{"ClaseSuelo":"SUELO URBANIZABLE DELIMITADO O SECTORIZADO","NuclRural":"0","AreaLamber":32.70013732,"Shape_STAr":0.0000331986397489},"geometry":{"type":"Polygon","coordinates":[[[-3.5358418109999548,37.16588177600005],[-3.5334100599999374,37.16234265800006],[-3.5376076429999443,37.16029798900007],[-3.536754951999967,37.165382658000055],[-3.544713245999958,37.16673413600006],[-3.538270466999961,37.17080172400006],[-3.539185767999925,37.168239491000065],[-3.5358418109999548,37.16588177600005]]]}},{"type":"Feature","properties":{"ClaseSuelo":"SUELO URBANO","NuclRural":"0","AreaLamber":79.99868989,"Shape_STAr":0.0000812141200524},"geometry":{"type":"MultiPolygon","coordinates":[[[[-3.5394010739999544,37.164903765000076],[-3.5366684739999528,37.16508292300006],[-3.5382180819999576,37.16069158800008],[-3.5342265839999527,37.161308345000066],[-3.534395975999928,37.15912848700003],[-3.5308775409999384,37.16041299800003],[-3.529025626999953,37.15720132900003],[-3.5325398239999686,37.15520787100007],[-3.5336966619999544,37.155770080000025],[-3.532641579999961,37.157823704000066],[-3.5349302129999387,37.15831170600006],[-3.538179098999933,37.15559856900006],[-3.537665593999975,37.15871100600003],[-3.542575235999948,37.159143733000064],[-3.5458701789999623,37.16118719100007],[-3.5475561729999754,37.159076904000074],[-3.546874771999967,37.16071881400006],[-3.5484389669999246,37.161652063000076],[-3.544713245999958,37.16673413600006],[-3.5394010739999544,37.164903765000076]],[[-3.541337174999967,37.16435057800004],[-3.5424162809999302,37.164330792000044],[-3.542637529999979,37.16330769900003],[-3.541337174999967,37.16435057800004]],[[-3.5405230349999783,37.16333829800004],[-3.5408346149999375,37.16262186000006],[-3.5403586329999257,37.16248699800008],[-3.5405230349999783,37.16333829800004]],[[-3.539703284999973,37.16279059400006],[-3.5398070809999354,37.16161770100007],[-3.5392836739999325,37.16153490600004],[-3.539703284999973,37.16279059400006]]],[[[-3.546251882999968,37.15720948100005],[-3.546916322999948,37.15779613700005],[-3.5460406629999284,37.15767008200004],[-3.546251882999968,37.15720948100005]]],[[[-3.548357840999927,37.16141623200008],[-3.5486536489999594,37.16118390200006],[-3.548537977999956,37.16143615000004],[-3.548357840999927,37.16141623200008]]]]}},{"type":"Feature","properties":{"ClaseSuelo":"SUELO URBANO NO CONSOLIDADO","NuclRural":"0","AreaLamber":1.54546385,"Shape_STAr":0.00000156897997544},"geometry":{"type":"MultiPolygon","coordinates":[[[[-3.541337174999967,37.16435057800004],[-3.542637529999979,37.16330769900003],[-3.5424162809999302,37.164330792000044],[-3.541337174999967,37.16435057800004]]],[[[-3.5393414289999328,37.161923354000066],[-3.5398070809999354,37.16161770100007],[-3.5396713459999773,37.16289154900005],[-3.5393414289999328,37.161923354000066]]],[[[-3.5403327109999623,37.16264320500005],[-3.5408346149999375,37.16262186000006],[-3.5405230349999783,37.16333829800004],[-3.5403327109999623,37.16264320500005]]]]}},{"type":"Feature","properties":{"ClaseSuelo":"SISTEMAS GENERALES","NuclRural":"0","AreaLamber":4.80978425,"Shape_STAr":0.00000488256396295},"geometry":{"type":"MultiPolygon","coordinates":[[[[-3.6869977359999666,37.15916264300006],[-3.6888589649999517,37.159777518000055],[-3.6855504279999423,37.16013502900006],[-3.6869977359999666,37.15916264300006]]],[[[-3.669399748999979,37.15318060300007],[-3.6686400409999465,37.152906348000045],[-3.669358688999978,37.15279703300007],[-3.669399748999979,37.15318060300007]]],[[[-3.668918519999977,37.15706615000005],[-3.669576493999955,37.15687490100004],[-3.669132131999959,37.157374040000036],[-3.668918519999977,37.15706615000005]]],[[[-3.677215836999949,37.160217024000076],[-3.6768659069999785,37.15831751300004],[-3.677797693999935,37.15868714000004],[-3.677215836999949,37.160217024000076]]]]}},{"type":"Feature","properties":{"ClaseSuelo":"SUELO NO URBANIZABLE","NuclRural":"0","AreaLamber":223.89578199,"Shape_STAr":0.000227284312678},"geometry":{"type":"MultiPolygon","coordinates":[[[[-3.687642136999955,37.16697500200007],[-3.6723960939999643,37.164971120000075],[-3.6726418769999327,37.162202431000026],[-3.6691994159999695,37.16137457600007],[-3.6641306599999552,37.16267107200008],[-3.666008222999949,37.16113820700008],[-3.6608817079999767,37.16100307000005],[-3.6603159529999516,37.16299277000007],[-3.6579604619999486,37.14852033000005],[-3.662049773999968,37.14849380800007],[-3.6599588059999633,37.14929356700003],[-3.660623623999925,37.151576215000034],[-3.6639677849999543,37.150813878000065],[-3.667347142999972,37.15668533300004],[-3.6736938419999774,37.161395277000054],[-3.6805096629999525,37.16006893000008],[-3.6749139479999258,37.15456186000006],[-3.675360504999958,37.15347957900008],[-3.6854996229999415,37.15797340700004],[-3.6861361369999486,37.16196804900005],[-3.691208423999967,37.164106470000036],[-3.6910081049999803,37.16672788400007],[-3.687642136999955,37.16697500200007]]],[[[-3.6638643529999513,37.14893621400006],[-3.663183799999956,37.14830019800007],[-3.6659939319999353,37.14864857800006],[-3.6638643529999513,37.14893621400006]]],[[[-3.695655350999971,37.16301514100007],[-3.696077657999979,37.16262340800006],[-3.6964855709999256,37.16300793700003],[-3.695655350999971,37.16301514100007]]],[[[-3.7005802629999494,37.162915121000026],[-3.698275158999934,37.16288993400008],[-3.7023420429999305,37.16042298700006],[-3.6983673099999805,37.159482816000036],[-3.6999063399999272,37.15906380400003],[-3.6952274219999595,37.155291705000025],[-3.700198410999974,37.15570618700008],[-3.706527431999973,37.16295196600004],[-3.7005802629999494,37.162915121000026]]]]}},{"type":"Feature","properties":{"ClaseSuelo":"SUELO URBANIZABLE DELIMITADO O SECTORIZADO","NuclRural":"0","AreaLamber":58.91797584,"Shape_STAr":0.0000598075729855},"geometry":{"type":"MultiPolygon","coordinates":[[[[-3.6746176309999328,37.16024499900004],[-3.674309697999945,37.15831416100008],[-3.6766556339999283,37.158700174000046],[-3.6768052779999607,37.16014564900007],[-3.679466791999971,37.159512317000065],[-3.6768192499999373,37.15813824000003],[-3.6779918959999804,37.15659242600003],[-3.680478766999954,37.15972423100004],[-3.6769943769999713,37.16136605200006],[-3.6746176309999328,37.16024499900004]]],[[[-3.664992204999976,37.14961189100006],[-3.6660959579999712,37.14863578000006],[-3.667181115999938,37.149382177000064],[-3.664992204999976,37.14961189100006]]],[[[-3.6611948279999638,37.148819426000045],[-3.6627355979999265,37.15074578200006],[-3.660623623999925,37.151576215000034],[-3.6599588059999633,37.14929356700003],[-3.6611948279999638,37.148819426000045]]],[[[-3.6639677849999543,37.150813878000065],[-3.6637355519999346,37.14970873000004],[-3.665604625999947,37.15009422300005],[-3.6663860349999595,37.15234299400004],[-3.664831453999966,37.15300890300006],[-3.6639677849999543,37.150813878000065]]],[[[-3.696252503999972,37.15742229600005],[-3.6942695169999524,37.15533621600008],[-3.6999063399999272,37.15906380400003],[-3.696252503999972,37.15742229600005]]],[[[-3.6889509589999534,37.15982805900006],[-3.687310231999959,37.15850577600003],[-3.693105576999926,37.15594650500003],[-3.6889509589999534,37.15982805900006]]],[[[-3.6687036169999487,37.15783922000003],[-3.665272065999943,37.15382447300004],[-3.6669878169999492,37.15357902000005],[-3.6669792549999443,37.15536599400008],[-3.670528145999981,37.15690710200005],[-3.6727005039999767,37.16063408300005],[-3.6687036169999487,37.15783922000003]],[[-3.669576493999955,37.15687490100004],[-3.6688275579999754,37.157200647000025],[-3.669132131999959,37.157374040000036],[-3.669576493999955,37.15687490100004]]],[[[-3.7009545179999463,37.16047217900007],[-3.7024789129999363,37.16071283500003],[-3.698872488999939,37.16228784000003],[-3.7009545179999463,37.16047217900007]]]]}},{"type":"Feature","properties":{"ClaseSuelo":"SUELO URBANO","NuclRural":"0","AreaLamber":137.68291128,"Shape_STAr":0.000139763250849},"geometry":{"type":"MultiPolygon","coordinates":[[[[-3.6889391399999454,37.163344652000035],[-3.6869399809999663,37.16254539200003],[-3.6878403389999335,37.160530513000026],[-3.6850534079999306,37.16009917000008],[-3.6899288229999456,37.15940477100003],[-3.6895984909999697,37.15830744500005],[-3.6940982039999426,37.15537711400003],[-3.6983673099999805,37.159482816000036],[-3.701730950999945,37.15986881300006],[-3.698275158999934,37.16288993400008],[-3.691886237999938,37.163020225000025],[-3.691122549999932,37.16697280500006],[-3.691208423999967,37.164106470000036],[-3.6889391399999454,37.163344652000035]]],[[[-3.6737189969999804,37.161084207000044],[-3.6723937839999508,37.16068499000005],[-3.6709439279999287,37.15512238900004],[-3.6695490649999556,37.15646888200007],[-3.668233774999976,37.15482177000007],[-3.6671593809999763,37.15550329800004],[-3.6669878169999492,37.15357902000005],[-3.6654892579999796,37.15340146500006],[-3.6667234269999653,37.152987917000075],[-3.666269758999931,37.15057991100008],[-3.6637355519999346,37.14970873000004],[-3.662615078999977,37.151013195000075],[-3.66137813499995,37.148734956000055],[-3.665955237999981,37.15018899300003],[-3.6672047329999486,37.14842365800007],[-3.66998403599996,37.15201360900005],[-3.673871776999931,37.15103611500007],[-3.6753125349999323,37.15222679000004],[-3.6749139479999258,37.15456186000006],[-3.6779918959999804,37.15659242600003],[-3.6768192499999373,37.15813824000003],[-3.679503788999966,37.15940407700003],[-3.674309697999945,37.15831416100008],[-3.6737189969999804,37.161084207000044]],[[-3.669358688999978,37.15279703300007],[-3.6686401299999716,37.15291640100003],[-3.669399748999979,37.15318060300007],[-3.669358688999978,37.15279703300007]],[[-3.673748932999956,37.15836199600005],[-3.6743497179999736,37.15788712700004],[-3.673476821999941,37.157216292000044],[-3.673748932999956,37.15836199600005]]],[[[-3.660530152999968,37.16188073400008],[-3.664640967999958,37.16194571400007],[-3.6605015929999354,37.162990765000075],[-3.660530152999968,37.16188073400008]]],[[[-3.673700925999981,37.16127607900006],[-3.6805096629999525,37.16006893000008],[-3.6778426909999666,37.161512222000056],[-3.673700925999981,37.16127607900006]]]]}},{"type":"Feature","properties":{"ClaseSuelo":"SUELO URBANO NO CONSOLIDADO","NuclRural":"0","AreaLamber":16.08291276,"Shape_STAr":0.0000163261260939},"geometry":{"type":"MultiPolygon","coordinates":[[[[-3.6645084689999408,37.161826897000026],[-3.660730184999977,37.16178701700005],[-3.666008222999949,37.16113820700008],[-3.6645084689999408,37.161826897000026]]],[[[-3.661982393999949,37.14855663600008],[-3.662895864999939,37.14814286500007],[-3.6638643529999513,37.14893621400006],[-3.661982393999949,37.14855663600008]]],[[[-3.665531514999941,37.152615758000024],[-3.6667234269999653,37.152987917000075],[-3.665272065999943,37.15382447300004],[-3.665531514999941,37.152615758000024]]],[[[-3.6710352319999515,37.157807157000036],[-3.6697487549999437,37.156299353000065],[-3.670519530999968,37.154714229000035],[-3.6710352319999515,37.157807157000036]]],[[[-3.673510968999949,37.15720955300003],[-3.6743497179999736,37.15788712700004],[-3.6736396229999286,37.158480747000056],[-3.673510968999949,37.15720955300003]]],[[[-3.677483926999969,37.15936943300005],[-3.677797693999935,37.15868714000004],[-3.6791781529999525,37.15944925200006],[-3.677483926999969,37.15936943300005]]],[[[-3.685054718999936,37.160068688000024],[-3.6849302089999583,37.15960658000006],[-3.687610293999967,37.15873844400005],[-3.685054718999936,37.160068688000024]]],[[[-3.674775641999929,37.16128532700003],[-3.673610005999933,37.159812260000024],[-3.6747691569999574,37.15975726700003],[-3.674775641999929,37.16128532700003]]],[[[-3.6853869239999426,37.160721806000026],[-3.6877546889999735,37.16155218200004],[-3.6869399809999663,37.16254539200003],[-3.6853869239999426,37.160721806000026]]]]}},{"type":"Feature","properties":{"ClaseSuelo":"SISTEMAS GENERALES","NuclRural":"0","AreaLamber":24.48035969,"Shape_STAr":0.0000248253109084},"geometry":{"type":"MultiPolygon","coordinates":[[[[-3.647171708999963,37.09385866900004],[-3.6472060009999723,37.08501256200003],[-3.649482561999946,37.07437754400007],[-3.64842866999993,37.08425009800004],[-3.6503412029999254,37.08291052000004],[-3.648610046999977,37.08502377100007],[-3.6481435779999742,37.09400886900005],[-3.642691493999962,37.09999221800007],[-3.647171708999963,37.09385866900004]]],[[[-3.655157828999961,37.05368835400003],[-3.6551887939999688,37.06009256900006],[-3.6485734149999303,37.07485584500006],[-3.654600885999969,37.06041746900007],[-3.655157828999961,37.05368835400003]]]]}},{"type":"Feature","properties":{"ClaseSuelo":"SUELO NO URBANIZABLE","NuclRural":"0","AreaLamber":1832.69022609,"Shape_STAr":0.00185829937369},"geometry":{"type":"MultiPolygon","coordinates":[[[[-3.653836832999957,37.09026312300006],[-3.652126404999933,37.08772004100007],[-3.648865692999948,37.08756317800004],[-3.6505308569999784,37.082672340000045],[-3.6549632079999697,37.07999764300007],[-3.6516743239999414,37.07679286000007],[-3.653861746999951,37.07108294500006],[-3.6524689649999686,37.06657331700006],[-3.649070662999975,37.07445848500004],[-3.6551887939999688,37.06009256900006],[-3.6555971219999606,37.05352449700007],[-3.663445420999949,37.05059690100006],[-3.6671148439999683,37.05223495300004],[-3.6732122609999465,37.049892949000025],[-3.6799407479999786,37.04144446200007],[-3.68985975399994,37.04030558100004],[-3.7000504489999457,37.03450395300007],[-3.683944613999927,37.065299879000065],[-3.676684873999932,37.07618542000006],[-3.653836832999957,37.09026312300006]]],[[[-3.645837538999956,37.08488334300006],[-3.63712828499996,37.08229791200006],[-3.638946770999951,37.07448234700007],[-3.6377576509999585,37.07394096100006],[-3.6374960089999604,37.06897303000005],[-3.635532990999934,37.068302663000054],[-3.6490867849999518,37.05357875100003],[-3.6506653489999508,37.055363930000055],[-3.655157828999961,37.05368835400003],[-3.6542112829999382,37.06151313400005],[-3.644630715999938,37.083184188000075],[-3.647895607999942,37.08655103800004],[-3.645837538999956,37.08488334300006]]],[[[-3.647529992999978,37.09438591600008],[-3.6487852659999476,37.087663005000024],[-3.651206434999949,37.09180767200007],[-3.6529686119999383,37.09193634400003],[-3.6461586739999348,37.09947653900008],[-3.6434613009999453,37.09988780300006],[-3.647529992999978,37.09438591600008]]],[[[-3.6231147929999565,37.108126980000065],[-3.6203900539999267,37.10385955100003],[-3.6159991429999536,37.100862678000055],[-3.6136190479999755,37.093203998000035],[-3.609802396999953,37.088743634000025],[-3.614614306999954,37.08504642100007],[-3.611485982999966,37.08784838300005],[-3.6145479139999566,37.09282847600008],[-3.6196995689999767,37.09129628200003],[-3.617715683999961,37.08856921000006],[-3.6195979829999487,37.087048082000024],[-3.6234371829999645,37.09110387700008],[-3.625518693999936,37.08942873500007],[-3.6323393499999383,37.09218324700004],[-3.635482809999928,37.09858027200005],[-3.637203432999968,37.09877008700005],[-3.6361761889999684,37.096247650000066],[-3.6389045539999643,37.09495014500004],[-3.6395722649999698,37.092801103000056],[-3.6420957479999743,37.09285832200004],[-3.6414253029999486,37.09118084500005],[-3.6455801869999505,37.09315739500005],[-3.647560460999955,37.09172523700005],[-3.642691493999962,37.09999221800007],[-3.6231147929999565,37.108126980000065]]]]}},{"type":"Feature","properties":{"ClaseSuelo":"SISTEMAS GENERALES","NuclRural":"0","AreaLamber":9.46744939,"Shape_STAr":0.00000965438249574},"geometry":{"type":"MultiPolygon","coordinates":[[[[-2.751427878999948,37.50220914000005],[-2.7506490589999544,37.49845620000008],[-2.751805863999948,37.50174067100005],[-2.7530301229999736,37.50165524800008],[-2.7529786979999358,37.49888412400003],[-2.7514060099999256,37.49830871800003],[-2.753094598999951,37.497614318000046],[-2.753959312999939,37.501688939000076],[-2.751427878999948,37.50220914000005]]],[[[-2.757858523999971,37.495092371000055],[-2.7591220199999498,37.49324308900003],[-2.7600608989999387,37.494980733000034],[-2.757858523999971,37.495092371000055]]],[[[-2.786133612999947,37.504339110000046],[-2.786784822999948,37.505306705000066],[-2.785373546999949,37.504679632000034],[-2.786133612999947,37.504339110000046]]],[[[-2.7831840829999805,37.507033283000055],[-2.783105374999934,37.50649841500007],[-2.784458638999979,37.50635840900003],[-2.7831840829999805,37.507033283000055]]]]}},{"type":"Feature","properties":{"ClaseSuelo":"SUELO NO URBANIZABLE","NuclRural":"0","AreaLamber":53798.6769258,"Shape_STAr":0.0547987229875},"geometry":{"type":"Polygon","coordinates":[[[-2.5936694529999613,37.48990818600004],[-2.588150152999958,37.474643979000064],[-2.585176573999945,37.47041522300003],[-2.60210713999993,37.47233030600006],[-2.650998715999947,37.49131432300004],[-2.6645111869999596,37.49253429300006],[-2.6809093059999327,37.49098439100004],[-2.6961200399999257,37.49473815300007],[-2.7060392349999347,37.49236571700004],[-2.7113479309999775,37.48860217300006],[-2.7204984679999598,37.48574891800007],[-2.7626228029999425,37.456952913000066],[-2.7671296629999347,37.451184203000025],[-2.7636434229999622,37.44173099500006],[-2.765201309999952,37.43162977900005],[-2.762817540999947,37.427695035000056],[-2.7611910779999675,37.41674010300005],[-2.7521305609999445,37.39884717500007],[-2.7533896809999305,37.373313788000075],[-2.747452616999965,37.355426790000024],[-2.753048063999927,37.353590815000075],[-2.75511804599995,37.349016102000064],[-2.752805354999964,37.34500912000004],[-2.742672427999935,37.343364929000074],[-2.7495858589999784,37.33878275600006],[-2.7445714519999456,37.33604980200005],[-2.7392561489999707,37.33555141100004],[-2.7312077099999783,37.32912447100006],[-2.7205697099999497,37.32741415000004],[-2.709229744999959,37.32638620300003],[-2.6986594039999545,37.32772979300006],[-2.68496670899998,37.32525126500008],[-2.6764491269999553,37.32951884800008],[-2.664041200999975,37.33263905900003],[-2.6534540479999578,37.33237410600003],[-2.6517055509999636,37.329682829000035],[-2.650481667999941,37.32585732600006],[-2.65430723999998,37.32111826500005],[-2.654594126999939,37.31763072500007],[-2.651041508999981,37.31466372400007],[-2.6515731789999677,37.309518353000044],[-2.6560280159999365,37.30762947200003],[-2.6550097729999607,37.30574259400004],[-2.6560581629999547,37.30350118500007],[-2.659825828999942,37.30125861200003],[-2.658796456999937,37.299335678000034],[-2.663030704999926,37.29613887000005],[-2.6621514269999693,37.293450206000045],[-2.6656511719999685,37.28532958200003],[-2.663231712999959,37.27641692000003],[-2.6643204629999673,37.27256203600007],[-2.6617075149999323,37.26667746800007],[-2.6675125659999708,37.24952226700003],[-2.6662889549999704,37.238089038000055],[-2.6643445259999794,37.23674044200004],[-2.6634967329999313,37.23218594400004],[-2.659912816999963,37.231968366000046],[-2.6576268829999776,37.22892403700007],[-2.6593983949999256,37.21355118300005],[-2.6613569719999646,37.21159174300004],[-2.664613016999965,37.211826374000054],[-2.6691088319999494,37.217202404000034],[-2.676474250999945,37.21593377700003],[-2.6900904659999583,37.21843109800005],[-2.692732823999961,37.21723011700004],[-2.694161228999974,37.22075831700005],[-2.699405876999947,37.22274585700006],[-2.7038146619999566,37.22236938900005],[-2.7067461109999726,37.225071908000075],[-2.7098558669999306,37.225431135000065],[-2.7106878069999425,37.228948659000025],[-2.7185268649999443,37.23379913500003],[-2.7253232209999396,37.23113796300004],[-2.730401279999967,37.23285332200004],[-2.733023442999979,37.23732123700006],[-2.7365021549999256,37.23229019400003],[-2.739867078999964,37.23070216600007],[-2.739986518999956,37.22875539100005],[-2.759032875999935,37.226713646000064],[-2.7647100609999598,37.23166483400007],[-2.7620901259999755,37.23310181900007],[-2.7674538099999495,37.23756547800008],[-2.7720828279999523,37.23910691800006],[-2.77820952299993,37.24899801000004],[-2.7785736729999257,37.25170290500006],[-2.7747451659999456,37.25366070000007],[-2.7792569429999503,37.25711260300005],[-2.7770374149999384,37.260227271000076],[-2.7790038529999492,37.26265574900003],[-2.7948471739999263,37.26343259500004],[-2.8021653919999494,37.26818650800004],[-2.814881150999952,37.270893407000074],[-2.817110882999941,37.27234815400004],[-2.819363654999961,37.27832791600008],[-2.825409936999961,37.27830100700004],[-2.8336014569999293,37.282459337000034],[-2.8320885529999487,37.28806387100008],[-2.837919443999965,37.288874312000075],[-2.8400555399999803,37.292365647000054],[-2.84821756599996,37.29552236500007],[-2.8524436409999794,37.29232780700005],[-2.854848446999938,37.29728848700006],[-2.853927356999975,37.30095601800008],[-2.8601336609999635,37.306831669000076],[-2.859473975999947,37.30958914300004],[-2.861916108999935,37.31321564800004],[-2.8560216149999746,37.31502034600004],[-2.850438141999973,37.31353506700003],[-2.83209468299998,37.325615939000045],[-2.8325633869999365,37.328014307000046],[-2.83664783699993,37.32878624400007],[-2.8350507629999697,37.33128086100004],[-2.8356402939999725,37.33525680900004],[-2.83974487699993,37.34262681400003],[-2.8334942399999363,37.35099198200004],[-2.836199133999969,37.36355206300004],[-2.848006441999928,37.36607379600008],[-2.85309422499995,37.368874566000045],[-2.8625331859999505,37.364189827000075],[-2.8728182109999807,37.36593211600007],[-2.882388257999935,37.36303968400006],[-2.890337729999942,37.36354318100007],[-2.898857962999955,37.36792258400004],[-2.9008389799999463,37.37289991400007],[-2.8998371359999737,37.37876704800004],[-2.8915294279999557,37.39036036400006],[-2.897465613999941,37.39470134600003],[-2.9166325809999307,37.399232537000046],[-2.924776227999928,37.412569406000046],[-2.9303673729999673,37.42699483200005],[-2.9386347999999316,37.43404822100007],[-2.940563686999951,37.438925631000075],[-2.9384001849999777,37.444071302000054],[-2.939574421999964,37.44584761500005],[-2.9378994109999326,37.44797395000006],[-2.937179920999938,37.45630217400003],[-2.938630727999964,37.47875590000007],[-2.9328512899999737,37.478662546000066],[-2.9312434769999527,37.46859339100007],[-2.9225219429999356,37.44969530000003],[-2.9006953939999676,37.46265834400003],[-2.8726511179999648,37.47631375800006],[-2.8673454859999765,37.483347465000065],[-2.8663188779999587,37.49436989800006],[-2.861620466999966,37.496347409000066],[-2.8458708489999367,37.49737328300006],[-2.8196727229999397,37.505556227000056],[-2.8008475879999537,37.52604946300005],[-2.8024714289999793,37.53251486500005],[-2.808192076999944,37.539383617000055],[-2.8085646279999423,37.54416135500003],[-2.8058425969999803,37.550493318000065],[-2.8006316459999425,37.55594669100003],[-2.798248396999952,37.562224953000054],[-2.7953029029999357,37.58341031400005],[-2.8033626439999466,37.58934594900006],[-2.8211402999999677,37.61049289700003],[-2.8203513739999266,37.613466095000035],[-2.825333030999957,37.62476742400003],[-2.829945466999959,37.644567567000024],[-2.8209415069999295,37.63197142400003],[-2.8024898989999656,37.62804780500005],[-2.8014207279999255,37.625251853000066],[-2.794681551999929,37.619841189000056],[-2.7838007039999297,37.61682916600006],[-2.789010689999941,37.613629923000076],[-2.7903828519999365,37.609179796000035],[-2.798408614999971,37.60344339900007],[-2.797369516999936,37.60227887700006],[-2.7820572079999693,37.60081825200007],[-2.7774719629999254,37.60365784500004],[-2.7741976429999795,37.60373270000008],[-2.7688876189999405,37.599017392000064],[-2.764927567999962,37.60106455400006],[-2.7610876459999645,37.597379355000044],[-2.753725152999948,37.59714780400003],[-2.7514267569999333,37.589995388000034],[-2.7484611189999555,37.58939418600005],[-2.7418356039999594,37.58264683900006],[-2.7342091879999657,37.58061989600003],[-2.734905039999944,37.57921538200003],[-2.732164422999972,37.57918214500006],[-2.730960778999929,37.57691705600007],[-2.722345817999951,37.57296725600003],[-2.7240472649999674,37.57221413100007],[-2.71680127999997,37.56881693400004],[-2.7147445779999657,37.56474695000003],[-2.711963450999974,37.56361351600003],[-2.7089964679999525,37.56370537400005],[-2.707553510999958,37.567856961000075],[-2.703235414999938,37.56881059800003],[-2.694624486999942,37.567229292000036],[-2.6949342529999285,37.56901473900007],[-2.686481791999938,37.57018232300004],[-2.6558521839999685,37.559956965000026],[-2.6517597849999675,37.55616835700005],[-2.656348323999964,37.530890158000034],[-2.6503603069999713,37.51896580500005],[-2.6451741219999576,37.514903282000034],[-2.643257935999941,37.510967633000064],[-2.631178512999952,37.51223745100003],[-2.6217831279999473,37.50626783100006],[-2.5951084409999794,37.50125796200007],[-2.593914108999968,37.49118046500007],[-2.5960373699999764,37.49044298200005],[-2.5936694529999613,37.48990818600004]],[[-2.747060678999958,37.50418648700003],[-2.7704559869999343,37.498618789000034],[-2.7686529789999668,37.50566046100005],[-2.772847792999926,37.50292679300003],[-2.773081501999968,37.49800940700004],[-2.784311443999968,37.49875846600003],[-2.7838998799999786,37.497149542000045],[-2.785706457999936,37.49620011800005],[-2.7837040309999566,37.495378919000075],[-2.785263522999969,37.49206899200004],[-2.7807035319999613,37.49249456200005],[-2.7875828799999454,37.488937442000065],[-2.783932722999964,37.48375947100004],[-2.786286274999952,37.481474813000034],[-2.784638996999945,37.481110589000025],[-2.7843953329999636,37.478763978000075],[-2.7820864729999357,37.478947058000074],[-2.7832088739999676,37.47672827500003],[-2.7801393159999748,37.47559517600007],[-2.7778474279999728,37.48123834800003],[-2.771621791999962,37.480178942000066],[-2.7699092029999406,37.47821883000006],[-2.763585062999937,37.47871918100003],[-2.760587697999938,37.48329189700007],[-2.7639734579999526,37.48546119400004],[-2.7617130089999478,37.49222597100004],[-2.7462253749999377,37.49768661200005],[-2.739190224999959,37.501423170000066],[-2.7382908819999443,37.503379875000064],[-2.7406580429999394,37.50316037300007],[-2.7393389949999687,37.50506326900006],[-2.747060678999958,37.50418648700003]],[[-2.9080261129999485,37.43046710700003],[-2.909294776999957,37.428136219000066],[-2.905193145999931,37.42802986100003],[-2.905993449999926,37.43094787600006],[-2.9080261129999485,37.43046710700003]],[[-2.7719028439999533,37.505642128000034],[-2.7733154839999656,37.505289289000075],[-2.7728946309999287,37.503442447000054],[-2.769268631999978,37.50517093800005],[-2.7702026419999584,37.50644921600008],[-2.7719028439999533,37.505642128000034]],[[-2.7733424309999464,37.49970876400005],[-2.7739768329999492,37.502700006000055],[-2.776279279999926,37.49983997700008],[-2.7733424309999464,37.49970876400005]],[[-2.77338221399998,37.507062707000046],[-2.7749635629999716,37.50671658300007],[-2.77463959399995,37.505565594000075],[-2.77338221399998,37.507062707000046]],[[-2.783130627999981,37.50678460600005],[-2.7861558099999684,37.50732767300008],[-2.7861515669999335,37.50612519300006],[-2.7846562059999656,37.505317836000074],[-2.783130627999981,37.50678460600005]],[[-2.786784822999948,37.505306705000066],[-2.7864214349999656,37.504253575000064],[-2.785373546999949,37.504679632000034],[-2.786784822999948,37.505306705000066]],[[-2.603704238999967,37.48912812700007],[-2.6020993679999265,37.48833584000005],[-2.600677325999925,37.48980623800003],[-2.603704238999967,37.48912812700007]],[[-2.700979707999977,37.52082308300004],[-2.7015400879999447,37.52112815500004],[-2.7010337109999796,37.52080603600007],[-2.701724540999976,37.52051943200007],[-2.700979707999977,37.52082308300004]],[[-2.7077819229999704,37.52170062700003],[-2.709460485999955,37.52148039100007],[-2.702045688999931,37.52052264300005],[-2.706528382999977,37.522874115000036],[-2.705796171999964,37.52169484800004],[-2.7077819229999704,37.52170062700003]],[[-2.7424661329999367,37.528924145000076],[-2.750479711999958,37.52921719700004],[-2.751810776999946,37.52535780900007],[-2.7430578769999556,37.526665302000026],[-2.7424661329999367,37.528924145000076]],[[-2.742905457999939,37.50602888800006],[-2.7452993479999463,37.506898859000046],[-2.744727343999955,37.505864545000065],[-2.742905457999939,37.50602888800006]],[[-2.752434702999949,37.53302831900004],[-2.7522275699999454,37.52982602700007],[-2.75037277499996,37.529876340000044],[-2.748932823999951,37.53301458400006],[-2.752434702999949,37.53302831900004]],[[-2.92967263099996,37.428800315000046],[-2.9307595409999294,37.42801366500004],[-2.9289745239999547,37.42388912600006],[-2.9260829129999593,37.42425470500007],[-2.926917800999945,37.42539296700005],[-2.9251335149999704,37.426298906000056],[-2.9280249069999513,37.42667468800005],[-2.9270518359999755,37.428771840000024],[-2.92967263099996,37.428800315000046]],[[-2.9310562299999674,37.428712834000066],[-2.928621158999931,37.429602775000035],[-2.930856847999962,37.42955303800005],[-2.9310562299999674,37.428712834000066]]]}},{"type":"Feature","properties":{"ClaseSuelo":"SUELO URBANIZABLE DELIMITADO O SECTORIZADO","NuclRural":"0","AreaLamber":133.53671718,"Shape_STAr":0.000136170028814},"geometry":{"type":"MultiPolygon","coordinates":[[[[-2.7682947519999743,37.50537489900006],[-2.7714936079999575,37.49622498700006],[-2.764913910999951,37.49620651500004],[-2.764428452999937,37.49972106200005],[-2.7600298419999376,37.50073709000003],[-2.7593261769999344,37.495368523000025],[-2.7695324829999777,37.49575617100004],[-2.7704002159999277,37.49336092500005],[-2.7724142579999693,37.494425456000045],[-2.771768149999957,37.49606894300007],[-2.777540758999976,37.49685027000004],[-2.779285017999939,37.49654937100007],[-2.7780759789999365,37.493916719000026],[-2.779162785999972,37.49346968800006],[-2.7821033939999325,37.496473182000045],[-2.7807035319999613,37.49249456200005],[-2.784311443999968,37.49875846600003],[-2.773081501999968,37.49800940700004],[-2.7718117439999332,37.50168090000005],[-2.772750867999946,37.503090057000065],[-2.7682947519999743,37.50537489900006]]],[[[-2.778289382999958,37.48212320300007],[-2.779504410999948,37.47722508700008],[-2.779488578999974,37.481403389000036],[-2.778289382999958,37.48212320300007]]],[[[-2.7646718669999473,37.48406440000008],[-2.7647137489999523,37.48176915000005],[-2.7661217139999508,37.48370851400006],[-2.7646718669999473,37.48406440000008]]],[[[-2.763382599999943,37.487894450000056],[-2.763942029999953,37.48585183600005],[-2.765575741999953,37.485832741000024],[-2.7658103959999494,37.48760820900003],[-2.763382599999943,37.487894450000056]]],[[[-2.7600608989999387,37.494980733000034],[-2.7590756409999244,37.49315725100007],[-2.76258401299998,37.49190481100004],[-2.7600608989999387,37.494980733000034]]],[[[-2.7391130819999603,37.50338393200008],[-2.739190224999959,37.501423170000066],[-2.746526744999926,37.49813570800006],[-2.746916331999955,37.499671453000076],[-2.7391130819999603,37.50338393200008]]],[[[-2.7419681809999474,37.50461321900008],[-2.747455038999931,37.501672048000046],[-2.746881830999939,37.499797889000035],[-2.7506490589999544,37.49845620000008],[-2.751311937999958,37.502572615000076],[-2.7419681809999474,37.50461321900008]]]]}},{"type":"Feature","properties":{"ClaseSuelo":"SUELO URBANIZABLE NO DELIMITADO O SECTORIZADO","NuclRural":"0","AreaLamber":137.89083948,"Shape_STAr":0.00014059426252},"geometry":{"type":"MultiPolygon","coordinates":[[[[-2.7645504339999434,37.48584505000008],[-2.760587697999938,37.48329189700007],[-2.764917657999945,37.47810917700008],[-2.7699092029999406,37.47821883000006],[-2.771621791999962,37.480178942000066],[-2.7778474279999728,37.48123834800003],[-2.7683096029999774,37.48245635400008],[-2.766563160999965,37.48116706300004],[-2.768430058999968,37.48004391200004],[-2.765791945999979,37.480460493000066],[-2.764809464999928,37.478859718000024],[-2.7645504339999434,37.48584505000008]]],[[[-2.9286774929999524,37.426124007000055],[-2.9260829129999593,37.42425470500007],[-2.9289200179999284,37.42384213200006],[-2.9286774929999524,37.426124007000055]]],[[[-2.782964862999961,37.48167004900006],[-2.780661648999967,37.47889108900006],[-2.7837213869999573,37.478938577000065],[-2.7838360319999538,37.481362587000035],[-2.785929234999969,37.48110630200006],[-2.782964862999961,37.48167004900006]]],[[[-2.7617277269999363,37.493723773000056],[-2.7643098329999702,37.48769897600005],[-2.763914700999976,37.492913540000075],[-2.7617277269999363,37.493723773000056]]],[[[-2.7505467419999263,37.49823956400007],[-2.750097083999947,37.496301247000076],[-2.7590756409999244,37.49315725100007],[-2.7577610119999463,37.49371051000003],[-2.7583063809999544,37.49561363000004],[-2.7505467419999263,37.49823956400007]]],[[[-2.764428452999937,37.49972106200005],[-2.764913910999951,37.49620651500004],[-2.7714936079999575,37.49622498700006],[-2.7704559869999343,37.498618789000034],[-2.7601924799999438,37.500705218000064],[-2.764428452999937,37.49972106200005]]],[[[-2.7578100629999653,37.49590297200007],[-2.7593261769999344,37.495368523000025],[-2.7606011209999792,37.49752184400006],[-2.7600298419999376,37.50073709000003],[-2.751311937999958,37.502572615000076],[-2.753959312999939,37.501688939000076],[-2.753094598999951,37.497614318000046],[-2.7578100629999653,37.49590297200007]]],[[[-2.751756364999949,37.532448575000046],[-2.750061667999944,37.53149647300006],[-2.751492976999941,37.530214224000076],[-2.75037277499996,37.529876340000044],[-2.7522275699999454,37.52982602700007],[-2.7529016879999517,37.53238918300008],[-2.751756364999949,37.532448575000046]],[[-2.752533122999978,37.532123186000035],[-2.7524779899999317,37.53189997900006],[-2.7517176119999363,37.53202244400006],[-2.751756397999941,37.53224221900007],[-2.752533122999978,37.532123186000035]]]]}},{"type":"Feature","properties":{"ClaseSuelo":"SUELO URBANO","NuclRural":"0","AreaLamber":269.67176097,"Shape_STAr":0.000274971879566},"geometry":{"type":"MultiPolygon","coordinates":[[[[-2.742248202999974,37.50366746000003],[-2.7418449649999275,37.50249688400004],[-2.749923097999954,37.49859899100005],[-2.7495441269999787,37.497121797000034],[-2.748026227999958,37.49850214600008],[-2.748090617999935,37.497246758000074],[-2.750223281999979,37.49681301800007],[-2.750780987999974,37.49827271800007],[-2.7590559359999247,37.49534514800007],[-2.7583728869999504,37.494392567000034],[-2.7634674039999254,37.49367959800003],[-2.7643098329999702,37.48769897600005],[-2.7658103959999494,37.48760820900003],[-2.765047509999931,37.48065079200006],[-2.7678484199999502,37.479649229000074],[-2.7684597469999517,37.48050399400006],[-2.766563160999965,37.48116706300004],[-2.7687353189999726,37.48305474800003],[-2.7715286429999537,37.48206169500003],[-2.772831505999932,37.48680408900003],[-2.775079959999971,37.488123364000046],[-2.7733924989999537,37.48540728000006],[-2.774852849999945,37.484812660000046],[-2.772396305999962,37.482600621000074],[-2.7786995509999315,37.48218460600003],[-2.7807017569999744,37.476945871000055],[-2.7794247249999557,37.48227942500006],[-2.7815333539999756,37.482166380000024],[-2.7805006509999544,37.48320439200006],[-2.783117686999958,37.485165840000036],[-2.7810684899999387,37.48749977700004],[-2.781132536999962,37.48609051600005],[-2.7771320169999285,37.48644619700008],[-2.780680213999972,37.492589845000055],[-2.77814112599998,37.493653495000046],[-2.7791174179999416,37.49667894100003],[-2.771768149999957,37.49606894300007],[-2.772608825999953,37.49412313100004],[-2.7711969849999605,37.49324880100005],[-2.7695324829999777,37.49575617100004],[-2.7613187539999444,37.494663109000044],[-2.75143183199998,37.498239210000065],[-2.7529786979999358,37.49888412400003],[-2.7530301229999736,37.50165524800008],[-2.751805863999948,37.50174067100005],[-2.7509177939999745,37.49837043100007],[-2.746881830999939,37.499797889000035],[-2.747455038999931,37.501672048000046],[-2.742248202999974,37.50366746000003]],[[-2.7617946889999416,37.49456429400004],[-2.7624966819999486,37.49464935300006],[-2.762347254999952,37.49437786400006],[-2.7617946889999416,37.49456429400004]],[[-2.764609165999957,37.493265320000035],[-2.7652388259999725,37.49237371000004],[-2.764473751999958,37.492460890000075],[-2.764609165999957,37.493265320000035]],[[-2.7666335059999483,37.492324481000026],[-2.7669117409999444,37.49245636300003],[-2.767039666999949,37.49186935900008],[-2.7666335059999483,37.492324481000026]],[[-2.7756440399999747,37.49185502200004],[-2.7759075069999426,37.49180245600007],[-2.775269069999979,37.491389034000065],[-2.7756440399999747,37.49185502200004]],[[-2.7747116279999773,37.49197442900004],[-2.7741544079999585,37.49215933700003],[-2.7743512459999806,37.492466077000074],[-2.7747116279999773,37.49197442900004]],[[-2.7763308559999587,37.49239567700005],[-2.776874217999932,37.49303136900005],[-2.776544858999955,37.492338277000044],[-2.7763308559999587,37.49239567700005]],[[-2.77281682499995,37.49308440200008],[-2.772036360999948,37.492718936000074],[-2.7724239179999586,37.493296874000066],[-2.77281682499995,37.49308440200008]],[[-2.7729183109999553,37.49246807600008],[-2.7727328279999597,37.492223747000025],[-2.7724954399999433,37.492413329000044],[-2.7729183109999553,37.49246807600008]],[[-2.771868339999969,37.492264962000036],[-2.7712545949999594,37.492197145000034],[-2.77174811499998,37.49243676800006],[-2.771868339999969,37.492264962000036]],[[-2.778026815999965,37.49523074900003],[-2.779060713999968,37.49532610600005],[-2.7782245669999384,37.494527756000025],[-2.778026815999965,37.49523074900003]],[[-2.7715530649999778,37.49098209400006],[-2.7715704339999547,37.490318589000026],[-2.7706295089999458,37.49076838600007],[-2.7715530649999778,37.49098209400006]],[[-2.7691154549999624,37.49037025900003],[-2.7695590969999557,37.49025391500004],[-2.7692700179999292,37.489422399000034],[-2.7691154549999624,37.49037025900003]],[[-2.7714623279999273,37.489663722000046],[-2.7719154199999707,37.48934811700008],[-2.7711200909999434,37.48901690100007],[-2.7714623279999273,37.489663722000046]],[[-2.774787938999964,37.48907147400007],[-2.7760547949999363,37.490746752000064],[-2.7758916289999434,37.488951936000035],[-2.774787938999964,37.48907147400007]],[[-2.7692719249999413,37.48896462100004],[-2.769737720999956,37.48877549300005],[-2.7692993669999737,37.48874648000003],[-2.7692719249999413,37.48896462100004]],[[-2.777229853999927,37.48878249300003],[-2.777946874999941,37.48885469500004],[-2.777330296999935,37.48799807900008],[-2.777229853999927,37.48878249300003]],[[-2.776980458999958,37.48926035000005],[-2.7768808739999713,37.488950024000076],[-2.7765155779999304,37.48898092200005],[-2.776980458999958,37.48926035000005]],[[-2.7733611709999764,37.49096659300005],[-2.773509087999969,37.49049433400006],[-2.772729118999962,37.49051617300006],[-2.7733611709999764,37.49096659300005]],[[-2.782552976999966,37.48563531000008],[-2.7818577229999732,37.484999997000045],[-2.781432868999957,37.48539866400006],[-2.782552976999966,37.48563531000008]],[[-2.7787403149999363,37.485180452000066],[-2.77800664199998,37.48492870000007],[-2.7777773589999697,37.48523602100005],[-2.7787403149999363,37.485180452000066]],[[-2.7794506509999337,37.48504852900004],[-2.7799411709999617,37.48358928000005],[-2.778340501999935,37.484343221000074],[-2.7794506509999337,37.48504852900004]],[[-2.778689037999925,37.48362226000006],[-2.776528242999973,37.48306419900007],[-2.777862958999947,37.484276074000036],[-2.778689037999925,37.48362226000006]],[[-2.770842663999929,37.48509755600003],[-2.771701514999961,37.484818096000026],[-2.7714450599999623,37.48393105300005],[-2.770842663999929,37.48509755600003]],[[-2.7698953079999455,37.48499662200004],[-2.7697588699999756,37.48404983000006],[-2.7690071729999772,37.48444407200003],[-2.7698953079999455,37.48499662200004]]],[[[-2.9287577049999527,37.42889517400005],[-2.926839586999961,37.42831448000004],[-2.9278642599999785,37.42625471500003],[-2.9255523469999503,37.42572323200005],[-2.9294966989999693,37.42563592300007],[-2.9307646789999353,37.42807443800007],[-2.9287577049999527,37.42889517400005]]],[[[-2.928621158999931,37.429602775000035],[-2.9310562299999674,37.428712834000066],[-2.930856847999962,37.42955303800005],[-2.928621158999931,37.429602775000035]]],[[[-2.7793544429999315,37.48830376300003],[-2.778497047999963,37.48741693100004],[-2.780627575999972,37.48709612700003],[-2.7793544429999315,37.48830376300003]]],[[[-2.780999149999957,37.49051697700003],[-2.779364697999938,37.48887939900004],[-2.7820743699999753,37.489338918000044],[-2.780999149999957,37.49051697700003]]],[[[-2.6020912279999493,37.49007320100003],[-2.602050869999971,37.488350930000024],[-2.603778408999972,37.489024372000074],[-2.6020912279999493,37.49007320100003]]],[[[-2.593773510999938,37.49027042500006],[-2.5953756019999332,37.489408852000054],[-2.5950098699999558,37.49117224100007],[-2.593773510999938,37.49027042500006]]],[[[-2.742905457999939,37.50602888800006],[-2.744727343999955,37.505864545000065],[-2.7452993479999463,37.506898859000046],[-2.742905457999939,37.50602888800006]]],[[[-2.7734649599999557,37.506604340000024],[-2.77463959399995,37.505565594000075],[-2.7749635629999716,37.50671658300007],[-2.7734649599999557,37.506604340000024]]],[[[-2.78457597299996,37.50555225700003],[-2.785688574999938,37.50524573900003],[-2.7861558099999684,37.50732767300008],[-2.7844846929999676,37.507356291000065],[-2.78457597299996,37.50555225700003]]],[[[-2.7024480659999313,37.520744130000026],[-2.702045688999931,37.52052264300005],[-2.7030043689999275,37.52059668700008],[-2.7024480659999313,37.520744130000026]]],[[[-2.7013521689999607,37.52108177400004],[-2.700998775999949,37.52077534000006],[-2.7016629419999276,37.520413492000046],[-2.7013521689999607,37.52108177400004]]],[[[-2.7061536309999497,37.522712195000054],[-2.704655341999967,37.52086523200006],[-2.7093827669999655,37.52126556200005],[-2.7058989959999735,37.52163131300006],[-2.7061536309999497,37.522712195000054]]],[[[-2.7450738409999644,37.52887934900008],[-2.7424661329999367,37.528924145000076],[-2.7430578769999556,37.526665302000026],[-2.751810776999946,37.52535780900007],[-2.750479711999958,37.52921719700004],[-2.7450738409999644,37.52887934900008]]],[[[-2.750161685999956,37.53048132400005],[-2.750326455999925,37.52999228300007],[-2.751492976999941,37.530214224000076],[-2.750161685999956,37.53048132400005]]],[[[-2.752180608999936,37.53197016200005],[-2.752533122999978,37.532123186000035],[-2.751756397999941,37.53224221900007],[-2.752180608999936,37.53197016200005]]],[[[-2.750498243999971,37.53298334700003],[-2.748961483999949,37.53270327100006],[-2.7499430539999707,37.53093330300004],[-2.7525729329999535,37.53242065400008],[-2.750498243999971,37.53298334700003]],[[-2.750981258999957,37.53233603900003],[-2.7506307719999654,37.53195673600004],[-2.749811566999938,37.53218268400008],[-2.750981258999957,37.53233603900003]]]]}},{"type":"Feature","properties":{"ClaseSuelo":"SUELO URBANO NO CONSOLIDADO","NuclRural":"0","AreaLamber":145.8111203,"Shape_STAr":0.000148665078999},"geometry":{"type":"MultiPolygon","coordinates":[[[[-2.780650072999947,37.49251195000005],[-2.7771320169999285,37.48644619700008],[-2.781132536999962,37.48609051600005],[-2.7810684899999387,37.48749977700004],[-2.7830890079999335,37.485266445000036],[-2.7805006509999544,37.48320439200006],[-2.7815333539999756,37.482166380000024],[-2.7794247249999557,37.48227942500006],[-2.780661648999967,37.47889108900006],[-2.7827209889999267,37.48166601600008],[-2.786286274999952,37.481474813000034],[-2.783932722999964,37.48375947100004],[-2.7875828799999454,37.488937442000065],[-2.780650072999947,37.49251195000005]],[[-2.7814721949999353,37.48994852900006],[-2.779364697999938,37.48887939900004],[-2.77948848799997,37.490205813000046],[-2.7814721949999353,37.48994852900006]],[[-2.780158956999969,37.48817795300005],[-2.780627575999972,37.48709612700003],[-2.778497047999963,37.48741693100004],[-2.780158956999969,37.48817795300005]]],[[[-2.9279801119999433,37.42687665400007],[-2.92758921199993,37.42802390800006],[-2.926839586999961,37.42831448000004],[-2.9279801119999433,37.42687665400007]]],[[[-2.9309357229999478,37.42848341500007],[-2.931277146999946,37.42856470600003],[-2.9310562299999674,37.428712834000066],[-2.9309357229999478,37.42848341500007]]],[[[-2.9279051509999476,37.42953958700008],[-2.9270518359999755,37.428771840000024],[-2.92967263099996,37.428800315000046],[-2.9279051509999476,37.42953958700008]]],[[[-2.9055693439999573,37.42867083800007],[-2.905912963999981,37.42748180500007],[-2.909294776999957,37.428136219000066],[-2.90707447799997,37.431252537000034],[-2.9055693439999573,37.42867083800007]]],[[[-2.781460744999947,37.479100353000035],[-2.7806383229999483,37.47685887600005],[-2.779036203999965,37.477317061000065],[-2.7801393159999748,37.47559517600007],[-2.7832088739999676,37.47672827500003],[-2.781460744999947,37.479100353000035]]],[[[-2.783590310999955,37.479250999000044],[-2.784689402999959,37.479562335000026],[-2.7842421249999347,37.48143352300008],[-2.783590310999955,37.479250999000044]]],[[[-2.7648931349999657,37.47883103100003],[-2.765791945999979,37.480460493000066],[-2.7647780709999665,37.48188627500008],[-2.7648931349999657,37.47883103100003]]],[[[-2.7687353189999726,37.48305474800003],[-2.7685788199999593,37.48242685900004],[-2.7692374119999386,37.482347996000044],[-2.7687353189999726,37.48305474800003]]],[[[-2.777862958999947,37.484276074000036],[-2.776528242999973,37.48306419900007],[-2.778590845999929,37.48317646400005],[-2.777862958999947,37.484276074000036]]],[[[-2.7790221639999686,37.48457888300004],[-2.7787280999999666,37.48381659800003],[-2.7799411709999617,37.48358928000005],[-2.7790221639999686,37.48457888300004]]],[[[-2.7690071729999772,37.48444407200003],[-2.7697588699999756,37.48404983000006],[-2.7698953079999455,37.48499662200004],[-2.7690071729999772,37.48444407200003]]],[[[-2.770809329999963,37.48511906900006],[-2.7714450599999623,37.48393105300005],[-2.771701514999961,37.484818096000026],[-2.770809329999963,37.48511906900006]]],[[[-2.7777773589999697,37.48523602100005],[-2.77800664199998,37.48492870000007],[-2.778765820999979,37.48506258700007],[-2.7777773589999697,37.48523602100005]]],[[[-2.7818347739999467,37.48505589800004],[-2.782550955999966,37.485695175000046],[-2.7814835979999657,37.48552929300007],[-2.7818347739999467,37.48505589800004]]],[[[-2.7744726609999475,37.48817713500006],[-2.7715374629999587,37.481973104000076],[-2.774852849999945,37.484812660000046],[-2.7733924989999537,37.48540728000006],[-2.7744726609999475,37.48817713500006]]],[[[-2.769246194999937,37.48888906600007],[-2.7692993669999737,37.48874648000003],[-2.769737720999956,37.48877549300005],[-2.769246194999937,37.48888906600007]]],[[[-2.7765155779999304,37.48898092200005],[-2.7768808739999713,37.488950024000076],[-2.776980458999958,37.48926035000005],[-2.7765155779999304,37.48898092200005]]],[[[-2.776934896999933,37.489004710000074],[-2.777330296999935,37.48799807900008],[-2.7778816479999477,37.48907035900004],[-2.776934896999933,37.489004710000074]]],[[[-2.771459580999931,37.48948015600007],[-2.7711200909999434,37.48901690100007],[-2.7719154199999707,37.48934811700008],[-2.771459580999931,37.48948015600007]]],[[[-2.603694022999946,37.48914334700004],[-2.6030907599999296,37.488241378000055],[-2.6042698629999563,37.48863474500007],[-2.603694022999946,37.48914334700004]]],[[[-2.768977245999963,37.49036762800006],[-2.7692700179999292,37.489422399000034],[-2.7695590969999557,37.49025391500004],[-2.768977245999963,37.49036762800006]]],[[[-2.600870140999973,37.489741269000035],[-2.6028314069999396,37.488889122000046],[-2.6020839159999696,37.49010571300005],[-2.600870140999973,37.489741269000035]]],[[[-2.7754366499999605,37.49092712000004],[-2.7747052509999435,37.48887871000005],[-2.7758916289999434,37.488951936000035],[-2.7754366499999605,37.49092712000004]]],[[[-2.7727680839999493,37.49097996000006],[-2.772729118999962,37.49051617300006],[-2.773509087999969,37.49049433400006],[-2.7727680839999493,37.49097996000006]]],[[[-2.771104593999951,37.49101829600005],[-2.7708707969999296,37.490363149000075],[-2.771697071999938,37.49040183000005],[-2.771104593999951,37.49101829600005]]],[[[-2.5937714459999484,37.49101161500005],[-2.5942741519999686,37.490953141000034],[-2.594272812999975,37.49119113200004],[-2.5937714459999484,37.49101161500005]]],[[[-2.5951305919999754,37.49062301300006],[-2.5960373699999764,37.49044298200005],[-2.5959466879999695,37.491220018000035],[-2.5951305919999754,37.49062301300006]]],[[[-2.775667953999971,37.491886538000074],[-2.775269069999979,37.491389034000065],[-2.7759075069999426,37.49180245600007],[-2.775667953999971,37.491886538000074]]],[[[-2.77174811499998,37.49243676800006],[-2.7712545949999594,37.492197145000034],[-2.7717789069999412,37.492106894000074],[-2.77174811499998,37.49243676800006]]],[[[-2.7743512459999806,37.492466077000074],[-2.7741544079999585,37.49215933700003],[-2.7747116279999773,37.49197442900004],[-2.7743512459999806,37.492466077000074]]],[[[-2.7664414259999717,37.49222377600006],[-2.767039666999949,37.49186935900008],[-2.7669117409999444,37.49245636300003],[-2.7664414259999717,37.49222377600006]]],[[[-2.772702684999956,37.49260975000004],[-2.7727328279999597,37.492223747000025],[-2.773028841999974,37.492393795000055],[-2.772702684999956,37.49260975000004]]],[[[-2.7763308559999587,37.49239567700005],[-2.776544858999955,37.492338277000044],[-2.776874217999932,37.49303136900005],[-2.7763308559999587,37.49239567700005]]],[[[-2.7648054919999367,37.49240852100007],[-2.7652537019999386,37.49302940900003],[-2.764609165999957,37.493265320000035],[-2.7648054919999367,37.49240852100007]]],[[[-2.7724239179999586,37.493296874000066],[-2.7721832839999365,37.49262574900007],[-2.77281682499995,37.49308440200008],[-2.7724239179999586,37.493296874000066]]],[[[-2.7617277269999363,37.493723773000056],[-2.7634674039999254,37.49367959800003],[-2.761542052999971,37.49434039600004],[-2.7617277269999363,37.493723773000056]]],[[[-2.7723249769999256,37.49437470600003],[-2.770862587999943,37.49335878900007],[-2.772431016999974,37.493985286000054],[-2.7723249769999256,37.49437470600003]]],[[[-2.7617946889999416,37.49456429400004],[-2.762347254999952,37.49437786400006],[-2.7624966819999486,37.49464935300006],[-2.7617946889999416,37.49456429400004]]],[[[-2.760172271999977,37.49451894500004],[-2.7607707299999333,37.49330487900005],[-2.7612954779999654,37.494511800000055],[-2.760172271999977,37.49451894500004]]],[[[-2.772254097999962,37.49457380700005],[-2.7725503039999353,37.49463005200005],[-2.771867505999978,37.49519890500005],[-2.772254097999962,37.49457380700005]]],[[[-2.7781110639999724,37.49457703100006],[-2.779038014999969,37.495387926000035],[-2.778026815999965,37.49523074900003],[-2.7781110639999724,37.49457703100006]]],[[[-2.780983105999951,37.496279284000025],[-2.778758413999981,37.49290687700005],[-2.7814991819999477,37.49368620800004],[-2.7807558859999517,37.495052577000024],[-2.7825702029999775,37.49607778600006],[-2.780983105999951,37.496279284000025]]],[[[-2.783719393999945,37.49652989900005],[-2.780940745999942,37.492764443000056],[-2.7849047999999357,37.49188219600006],[-2.78372474899993,37.49592039400005],[-2.785706457999936,37.49620011800005],[-2.783719393999945,37.49652989900005]]],[[[-2.7730221559999677,37.49877172300006],[-2.7732541839999385,37.499620701000026],[-2.7724399439999274,37.49970232000004],[-2.7730221559999677,37.49877172300006]]],[[[-2.746916331999955,37.499671453000076],[-2.7462253749999377,37.49768661200005],[-2.750097083999947,37.496301247000076],[-2.748090617999935,37.497246758000074],[-2.748026227999958,37.49850214600008],[-2.7495441269999787,37.497121797000034],[-2.749923097999954,37.49859899100005],[-2.746916331999955,37.499671453000076]]],[[[-2.773175723999941,37.50200236500007],[-2.773345722999977,37.499592982000024],[-2.776279279999926,37.49983997700008],[-2.7739768329999492,37.502700006000055],[-2.773175723999941,37.50200236500007]]],[[[-2.771910233999961,37.50159929600005],[-2.7732910949999336,37.500302324000074],[-2.772847792999926,37.50292679300003],[-2.771910233999961,37.50159929600005]]],[[[-2.7412724889999254,37.505051448000074],[-2.738817466999933,37.50454868300005],[-2.7418449649999275,37.50249688400004],[-2.7412724889999254,37.505051448000074]]],[[[-2.7725343639999664,37.503507193000075],[-2.773283860999925,37.50533285500006],[-2.7700535889999287,37.506390026000076],[-2.769268631999978,37.50517093800005],[-2.7725343639999664,37.503507193000075]]],[[[-2.7080070209999576,37.52170194900003],[-2.7073788369999647,37.521066387000076],[-2.7083233139999265,37.52128696600005],[-2.7080070209999576,37.52170194900003]]],[[[-2.704050061999965,37.52167117100004],[-2.702265397999952,37.52138757400007],[-2.705816818999949,37.52162551300006],[-2.704050061999965,37.52167117100004]]],[[[-2.7498184409999453,37.53219971800007],[-2.7506307719999654,37.53195673600004],[-2.7510443089999512,37.53213516300008],[-2.7498184409999453,37.53219971800007]]],[[[-2.7503851839999243,37.53302776800007],[-2.748961483999949,37.53270327100006],[-2.750291698999945,37.53256801200007],[-2.7503851839999243,37.53302776800007]]]]}},{"type":"Feature","properties":{"ClaseSuelo":"SUELO NO URBANIZABLE","NuclRural":"0","AreaLamber":7521.75103935,"Shape_STAr":0.00762235287409},"geometry":{"type":"MultiPolygon","coordinates":[[[[-3.43075596999995,37.055913460000056],[-3.419232059999956,37.052628380000044],[-3.4163444899999718,37.04903284000005],[-3.417357939999931,37.045171210000035],[-3.4124846599999614,37.04029349000007],[-3.4051726299999245,37.039750740000045],[-3.4164617799999633,37.02937243000008],[-3.43111080999995,37.02326268000007],[-3.44134583999994,37.01434610000007],[-3.4396231499999317,37.01190961000003],[-3.4437277799999606,37.014147930000036],[-3.474069449999945,37.01813239000006],[-3.485357219999969,37.01127212000006],[-3.496738450999942,37.01216265000005],[-3.5249427699999387,37.00258562000005],[-3.535602199999971,36.99684109000003],[-3.537330180999959,36.99008161000006],[-3.5599863249999544,36.97755197200007],[-3.569423120999943,36.97038039000006],[-3.573483019999969,36.964970340000036],[-3.5849320699999794,36.972540700000025],[-3.581352679999952,36.97755216000007],[-3.583404319999943,36.979903860000036],[-3.587700649999931,36.98045061000005],[-3.5872373899999275,36.98303098000008],[-3.5841253399999573,36.984551690000046],[-3.5814585199999556,36.98847695000006],[-3.5811907099999303,36.99166931000008],[-3.586526959999958,36.99729505000005],[-3.6032270999999696,37.00010510000004],[-3.600926759999936,37.00769772000007],[-3.5873241399999642,37.01324634000008],[-3.574169579999932,37.02182904000006],[-3.573548379999977,37.03190093000006],[-3.565718009999955,37.04033067000006],[-3.5524242799999683,37.04310644000003],[-3.5461891599999262,37.04864292000008],[-3.536956628999974,37.04871201000003],[-3.5316360109999323,37.051755670000034],[-3.524832749999973,37.05188504000006],[-3.5182691089999594,37.04921857000005],[-3.514716359999966,37.052695450000044],[-3.5095936799999663,37.05187917000006],[-3.5045072299999447,37.05311775000007],[-3.4975263999999697,37.051912180000045],[-3.481050939999932,37.044903730000044],[-3.4662091699999564,37.04894705000004],[-3.453906649999965,37.05471864000003],[-3.4476136589999555,37.05370585000003],[-3.43075596999995,37.055913460000056]],[[-3.584200644999953,37.00999464300003],[-3.586661269999979,37.009627644000034],[-3.585085139999933,37.00822360700005],[-3.5801921629999356,37.01110560400008],[-3.5816466889999674,37.01200948700006],[-3.584200644999953,37.00999464300003]],[[-3.578768648999926,37.00733219600005],[-3.5817812309999795,37.005153878000044],[-3.5814024819999304,37.00464997200004],[-3.578768648999926,37.00733219600005]],[[-3.5802202689999376,37.00461512500004],[-3.5811144999999556,37.00432440600008],[-3.580615964999936,37.00382156200004],[-3.5802202689999376,37.00461512500004]],[[-3.57922285199993,37.00447890300006],[-3.5806013839999764,37.00371367500003],[-3.5797424929999693,37.002659064000056],[-3.57922285199993,37.00447890300006]],[[-3.566664307999929,37.00297956300005],[-3.56682191699997,37.00226325500006],[-3.5657110139999304,37.002479522000044],[-3.566664307999929,37.00297956300005]],[[-3.579422362999935,37.00192754700004],[-3.581058791999965,37.00138435800005],[-3.579936166999971,37.000585423000075],[-3.579422362999935,37.00192754700004]],[[-3.5788823669999488,37.000704357000075],[-3.5786928439999315,36.99689025400005],[-3.5750362879999784,36.998621925000066],[-3.5788823669999488,37.000704357000075]],[[-3.5792451889999484,37.00245128800003],[-3.5786332999999786,37.00260325600004],[-3.578885836999973,37.002806004000036],[-3.5792451889999484,37.00245128800003]],[[-3.5843798289999427,37.00258663900007],[-3.5812868949999483,37.00377559800006],[-3.5840777309999794,37.004459817000054],[-3.582338103999973,37.00520911000007],[-3.5835654059999342,37.006387956000026],[-3.5854651149999768,37.00291359500005],[-3.5843798289999427,37.00258663900007]],[[-3.5833357679999267,37.00637527500004],[-3.5820990369999777,37.00549981100005],[-3.582209331999934,37.00664244700005],[-3.5833357679999267,37.00637527500004]],[[-3.572120153999947,36.99362852500008],[-3.5704226009999616,36.991150763000064],[-3.5730939989999797,36.992389882000055],[-3.56969212599995,36.987184408000076],[-3.5703514319999385,36.98480590300005],[-3.5651771129999474,36.98381751200003],[-3.5656252509999717,36.981804648000036],[-3.563049499999977,36.980117051000036],[-3.5647422369999617,36.97899209000008],[-3.5598328359999414,36.97867061900007],[-3.56322634299994,36.981997558000046],[-3.5595900679999772,36.981782044000056],[-3.5626416659999336,36.98401243300003],[-3.5589728209999407,36.985200176000035],[-3.560124111999926,36.98805512200005],[-3.57212498399997,36.996160305000046],[-3.572120153999947,36.99362852500008]],[[-3.5660133369999585,36.99357069300004],[-3.565049409999972,36.992172278000055],[-3.5640786209999646,36.99279799200008],[-3.5660133369999585,36.99357069300004]],[[-3.5573361259999388,36.99321262600006],[-3.55976519099994,36.99175531700007],[-3.55753520199994,36.98955322300003],[-3.5573361259999388,36.99321262600006]],[[-3.5634541809999405,36.991422689000046],[-3.563961408999944,36.99136976800003],[-3.5632019049999712,36.99119503500003],[-3.5634541809999405,36.991422689000046]],[[-3.5580101899999477,36.98429205900004],[-3.5578125459999796,36.98380511200003],[-3.557577108999965,36.98390137100006],[-3.5580101899999477,36.98429205900004]],[[-3.557708967999929,36.98320527000004],[-3.556095490999951,36.98211252300007],[-3.556838169999935,36.98326472000008],[-3.557708967999929,36.98320527000004]],[[-3.558381815999951,36.98004945800005],[-3.5576045689999773,36.97980606100003],[-3.5583298809999633,36.98045831500008],[-3.558381815999951,36.98004945800005]],[[-3.5715666689999352,36.98476491200006],[-3.5716147269999396,36.98586310400003],[-3.5728632559999483,36.98544051600004],[-3.5715666689999352,36.98476491200006]],[[-3.5725181339999494,36.992321719000074],[-3.5717151799999556,36.992230412000026],[-3.5722295919999283,36.99291393900006],[-3.5725181339999494,36.992321719000074]]],[[[-3.563343022999959,36.98321450700007],[-3.563903876999973,36.982916956000054],[-3.5640305709999325,36.98311870500004],[-3.563521701999946,36.983410252000056],[-3.563343022999959,36.98321450700007]]],[[[-3.56245841599997,36.98544065400006],[-3.562167231999979,36.98521343700003],[-3.562371050999957,36.98506535900003],[-3.56245841599997,36.98544065400006]]],[[[-3.566549370999951,36.986062512000046],[-3.5662857459999486,36.98586204000003],[-3.5665878679999423,36.98578456400003],[-3.566549370999951,36.986062512000046]]],[[[-3.5610206639999546,36.98760181200004],[-3.5609004539999773,36.98714351000007],[-3.5615782809999246,36.987303988000065],[-3.5610206639999546,36.98760181200004]]],[[[-3.5690785179999693,36.99205252500008],[-3.56958175799997,36.99201659400006],[-3.5691918199999577,36.992295342000034],[-3.5690785179999693,36.99205252500008]]],[[[-3.570412610999938,36.99343444200008],[-3.57110464699997,36.993338135000045],[-3.5707134329999803,36.99362847500004],[-3.570412610999938,36.99343444200008]]],[[[-3.5712067899999624,36.99488181700008],[-3.57181658199994,36.99453560200004],[-3.572142815999939,36.99510976800008],[-3.5712067899999624,36.99488181700008]]]]}},{"type":"Feature","properties":{"ClaseSuelo":"SUELO URBANO","NuclRural":"0","AreaLamber":126.54676972,"Shape_STAr":0.000128185268357},"geometry":{"type":"MultiPolygon","coordinates":[[[[-3.5719630199999415,36.99564153100005],[-3.561411823999947,36.989325792000045],[-3.5614781189999576,36.98720093600008],[-3.5597093419999624,36.98737534900005],[-3.5589728209999407,36.985200176000035],[-3.563501024999937,36.98493371300003],[-3.559975872999928,36.982792447000065],[-3.5595900679999772,36.981782044000056],[-3.56322634299994,36.981997558000046],[-3.5598328359999414,36.97867061900007],[-3.5647422369999617,36.97899209000008],[-3.563049499999977,36.980117051000036],[-3.5656252509999717,36.981804648000036],[-3.564484856999968,36.98279852400003],[-3.5658782359999464,36.98518483300006],[-3.5678665169999704,36.983520990000045],[-3.5705484589999514,36.985258104000025],[-3.56969212599995,36.987184408000076],[-3.5730939989999797,36.992389882000055],[-3.5704226009999616,36.991150763000064],[-3.5719630199999415,36.99564153100005]],[[-3.572142815999939,36.99510976800008],[-3.57181658199994,36.99453560200004],[-3.5712067899999624,36.99488181700008],[-3.572142815999939,36.99510976800008]],[[-3.571329728999956,36.99407940900005],[-3.571007603999931,36.993848952000064],[-3.570494374999953,36.994307958000036],[-3.571329728999956,36.99407940900005]],[[-3.5707134329999803,36.99362847500004],[-3.570337226999925,36.99238419900007],[-3.5686863099999755,36.99265275700003],[-3.5707134329999803,36.99362847500004]],[[-3.5691672539999786,36.99246548700006],[-3.569415868999954,36.99181069600007],[-3.5683013309999296,36.992054014000075],[-3.5691672539999786,36.99246548700006]],[[-3.5634784229999354,36.98965050900006],[-3.5628957059999493,36.98971743900006],[-3.56310775999998,36.98989839800004],[-3.5634784229999354,36.98965050900006]],[[-3.562969298999974,36.987823029000026],[-3.5627213869999537,36.98806093300004],[-3.562873998999976,36.98811206500005],[-3.562969298999974,36.987823029000026]],[[-3.566549370999951,36.986062512000046],[-3.5665878679999423,36.98578456400003],[-3.5662857459999486,36.98586204000003],[-3.566549370999951,36.986062512000046]],[[-3.5640305709999325,36.98311870500004],[-3.563903876999973,36.982916956000054],[-3.563343022999959,36.98321450700007],[-3.563521701999946,36.983410252000056],[-3.5640305709999325,36.98311870500004]]],[[[-3.559683484999937,36.977451743000074],[-3.559832121999932,36.977340695000066],[-3.5599863249999544,36.97755197200007],[-3.559683484999937,36.977451743000074]]],[[[-3.558156040999961,36.98024409300007],[-3.5576045689999773,36.97980606100003],[-3.5582314489999476,36.979642683000066],[-3.558156040999961,36.98024409300007]]],[[[-3.5571283309999444,36.983427713000026],[-3.5562584279999783,36.98198114100006],[-3.557708967999929,36.98320527000004],[-3.5571283309999444,36.983427713000026]]],[[[-3.557577108999965,36.98390137100006],[-3.5578125459999796,36.98380511200003],[-3.558045141999969,36.98435331100006],[-3.557577108999965,36.98390137100006]]],[[[-3.5718235479999407,36.98590524700006],[-3.570920401999956,36.98483034800006],[-3.5726429159999498,36.98510171700008],[-3.5718235479999407,36.98590524700006]]],[[[-3.5632019049999712,36.99119503500003],[-3.563961408999944,36.99136976800003],[-3.5636224189999552,36.99158167500008],[-3.5632019049999712,36.99119503500003]]],[[[-3.5717151799999556,36.992230412000026],[-3.5726788099999567,36.99269213300005],[-3.5722295919999283,36.99291393900006],[-3.5717151799999556,36.992230412000026]]],[[[-3.5651680829999464,36.993013414000075],[-3.5640786209999646,36.99279799200008],[-3.565049409999972,36.992172278000055],[-3.5651680829999464,36.993013414000075]]],[[[-3.55678293699998,36.992092326000034],[-3.55753520199994,36.98955322300003],[-3.55976519099994,36.99175531700007],[-3.5573361259999388,36.99321262600006],[-3.55678293699998,36.992092326000034]]],[[[-3.5654636619999565,36.99353651300004],[-3.5657126579999385,36.99331845800003],[-3.566037438999956,36.993701498000064],[-3.5654636619999565,36.99353651300004]]],[[[-3.5779171329999713,37.000254030000065],[-3.5750362879999784,36.998621925000066],[-3.5786928439999315,36.99689025400005],[-3.579297570999927,37.000338458000044],[-3.5779171329999713,37.000254030000065]]],[[[-3.579253871999981,37.001167449000036],[-3.581058791999965,37.00138435800005],[-3.579877152999927,37.00238253500004],[-3.579253871999981,37.001167449000036]]],[[[-3.5786332999999786,37.00260325600004],[-3.5792451889999484,37.00245128800003],[-3.578885836999973,37.002806004000036],[-3.5786332999999786,37.00260325600004]]],[[[-3.5657110139999304,37.002479522000044],[-3.56682191699997,37.00226325500006],[-3.5659082189999367,37.00313195000007],[-3.5657110139999304,37.002479522000044]]],[[[-3.579046954999967,37.004312524000056],[-3.5797424929999693,37.002659064000056],[-3.5806013839999764,37.00371367500003],[-3.579046954999967,37.004312524000056]]],[[[-3.5799200909999627,37.00440960200007],[-3.580615964999936,37.00382156200004],[-3.5811144999999556,37.00432440600008],[-3.5799200909999627,37.00440960200007]]],[[[-3.5837385739999377,37.005671335000045],[-3.582338103999973,37.00520911000007],[-3.5840777309999794,37.004459817000054],[-3.5812868949999483,37.00377559800006],[-3.5852026129999786,37.00401490400003],[-3.5837385739999377,37.005671335000045]]],[[[-3.583120807999933,37.00597794500004],[-3.58347424599998,37.005846725000026],[-3.583706774999939,37.00625322800005],[-3.583120807999933,37.00597794500004]]],[[[-3.582065747999934,37.00651415800007],[-3.5822341999999594,37.00537798800008],[-3.5833357679999267,37.00637527500004],[-3.582065747999934,37.00651415800007]]],[[[-3.5783540159999347,37.007047396000075],[-3.5811623869999494,37.00450773700004],[-3.5817812309999795,37.005153878000044],[-3.5783540159999347,37.007047396000075]]],[[[-3.581345146999979,37.011463408000054],[-3.5801921629999356,37.01110560400008],[-3.585085139999933,37.00822360700005],[-3.586661269999979,37.009627644000034],[-3.581345146999979,37.011463408000054]]]]}},{"type":"Feature","properties":{"ClaseSuelo":"SUELO URBANO NO CONSOLIDADO","NuclRural":"0","AreaLamber":9.36662977,"Shape_STAr":0.00000948804944387},"geometry":{"type":"MultiPolygon","coordinates":[[[[-3.5837566359999755,37.00410926500007],[-3.5843798289999427,37.00258663900007],[-3.5854651149999768,37.00291359500005],[-3.5837566359999755,37.00410926500007]]],[[[-3.561450845999957,36.980115210000065],[-3.5618238149999684,36.98004075800003],[-3.5622366169999395,36.980624729000056],[-3.561450845999957,36.980115210000065]]],[[[-3.565566636999961,36.984433780000074],[-3.5665216229999714,36.984872703000065],[-3.5658782359999464,36.98518483300006],[-3.565566636999961,36.984433780000074]]],[[[-3.5608631659999332,36.98558444500003],[-3.5623737929999493,36.98455135900008],[-3.563501024999937,36.98493371300003],[-3.5608631659999332,36.98558444500003]]],[[[-3.569898729999977,36.98592499600005],[-3.5693317039999783,36.98508831300006],[-3.5703514319999385,36.98480590300005],[-3.569898729999977,36.98592499600005]]],[[[-3.570024152999963,36.98593079400007],[-3.570392229999925,36.98569037200008],[-3.570615226999962,36.98586486200003],[-3.570024152999963,36.98593079400007]]],[[[-3.5627213869999537,36.98806093300004],[-3.562969298999974,36.987823029000026],[-3.562873998999976,36.98811206500005],[-3.5627213869999537,36.98806093300004]]],[[[-3.5607272119999607,36.98869902800004],[-3.5597093419999624,36.98737534900005],[-3.56200148399995,36.987937127000066],[-3.5607272119999607,36.98869902800004]]],[[[-3.5628957059999493,36.98971743900006],[-3.5634784229999354,36.98965050900006],[-3.56310775999998,36.98989839800004],[-3.5628957059999493,36.98971743900006]]],[[[-3.56506408599995,36.99146348800008],[-3.564477027999942,36.99111834900003],[-3.5652061059999482,36.991401375000066],[-3.56506408599995,36.99146348800008]]],[[[-3.568993812999963,36.992554582000025],[-3.5683013309999296,36.992054014000075],[-3.5687949759999356,36.99194551000005],[-3.568993812999963,36.992554582000025]]],[[[-3.565264165999963,36.99340674700005],[-3.5648813469999254,36.992819430000054],[-3.5657126579999385,36.99331845800003],[-3.565264165999963,36.99340674700005]]],[[[-3.569699850999939,36.993329559000074],[-3.5686863099999755,36.99265275700003],[-3.57087000599995,36.99296221600008],[-3.569699850999939,36.993329559000074]]],[[[-3.570932910999943,36.994347600000026],[-3.570494374999953,36.994307958000036],[-3.571007603999931,36.993848952000064],[-3.570932910999943,36.994347600000026]]],[[[-3.572331493999968,36.99516298000003],[-3.5730154079999465,36.99536121400007],[-3.572561625999981,36.99560308000008],[-3.572331493999968,36.99516298000003]]],[[[-3.5830944559999693,37.00596834700008],[-3.5832082129999776,37.005532489000075],[-3.5837385739999377,37.005671335000045],[-3.5830944559999693,37.00596834700008]]]]}},{"type":"Feature","properties":{"ClaseSuelo":"SUELO URBANIZABLE NO DELIMITADO O SECTORIZADO","NuclRural":"0","AreaLamber":14.48318623,"Shape_STAr":0.0000147012643602},"geometry":{"type":"Polygon","coordinates":[[[-3.6224217029999295,37.151817709000056],[-3.6240879149999614,37.15178246500005],[-3.6186437159999514,37.15497139100006],[-3.6189417369999433,37.15285785700007],[-3.61629503599994,37.15089678000004],[-3.6175310879999643,37.149931407000054],[-3.6224217029999295,37.151817709000056]],[[-3.6204147439999588,37.15260041500005],[-3.6214948879999724,37.15308322000004],[-3.621498987999928,37.152727077000065],[-3.6204147439999588,37.15260041500005]]]}},{"type":"Feature","properties":{"ClaseSuelo":"SUELO URBANO","NuclRural":"0","AreaLamber":263.94592834,"Shape_STAr":0.000267896826347},"geometry":{"type":"MultiPolygon","coordinates":[[[[-3.6137783369999283,37.14380448300005],[-3.6160090479999667,37.143232322000074],[-3.613638537999975,37.14336851400003],[-3.616330209999944,37.14125577900006],[-3.61507297299994,37.13933399500007],[-3.6183614539999667,37.13671745700003],[-3.6203428889999714,37.138077262000024],[-3.6241151769999647,37.134019196000054],[-3.6286846609999657,37.13767992900006],[-3.6231338709999363,37.14612906200006],[-3.613244374999965,37.15220930400005],[-3.6107928189999257,37.14701129000008],[-3.6137783369999283,37.14380448300005]]],[[[-3.616124519999971,37.16054085600007],[-3.6197543209999594,37.160075420000055],[-3.616609902999926,37.161099282000066],[-3.616124519999971,37.16054085600007]]],[[[-3.620736339999951,37.156311638000034],[-3.6233684259999563,37.156553175000056],[-3.623817431999953,37.15843282000003],[-3.620736339999951,37.156311638000034]]],[[[-3.609922851999954,37.15573696200005],[-3.6127097009999716,37.153340392000075],[-3.6123464579999336,37.15773721700003],[-3.609922851999954,37.15573696200005]]],[[[-3.6071986219999417,37.14827873200005],[-3.6090595339999254,37.15237699900007],[-3.6108789169999795,37.15342830800006],[-3.6122353989999283,37.15224964300006],[-3.6098204649999275,37.15556275200004],[-3.605300829999976,37.152243861000045],[-3.6071986219999417,37.14827873200005]]],[[[-3.6135538219999717,37.15422663700008],[-3.614421661999927,37.15149119100005],[-3.62546829799993,37.14382882700005],[-3.6287899059999518,37.13774440100008],[-3.6301861439999357,37.14076523800003],[-3.6322748599999386,37.14132833600007],[-3.6293201139999383,37.148026610000045],[-3.6272149719999334,37.14810084700008],[-3.6258789179999553,37.15015547300004],[-3.6220652519999703,37.148972694000065],[-3.6224217029999295,37.151817709000056],[-3.6170593769999755,37.15003876000003],[-3.61629503599994,37.15089678000004],[-3.6190676889999622,37.15470074000007],[-3.6135538219999717,37.15422663700008]]],[[[-3.6204147439999588,37.15260041500005],[-3.621498987999928,37.152727077000065],[-3.6214948879999724,37.15308322000004],[-3.6204147439999588,37.15260041500005]]],[[[-3.6124240269999746,37.139776605000066],[-3.613615779999975,37.13982746900007],[-3.6135799099999417,37.14017239800006],[-3.6124240269999746,37.139776605000066]]]]}},{"type":"Feature","properties":{"ClaseSuelo":"SUELO URBANO NO CONSOLIDADO","NuclRural":"0","AreaLamber":26.07776135,"Shape_STAr":0.0000264688838121},"geometry":{"type":"MultiPolygon","coordinates":[[[[-3.6099899129999358,37.15276625200005],[-3.6071986219999417,37.14827873200005],[-3.6085769419999565,37.143850394000026],[-3.612147706999963,37.15207298900003],[-3.6099899129999358,37.15276625200005]]],[[[-3.613615779999975,37.13982746900007],[-3.6162951569999677,37.13953525900007],[-3.615617418999932,37.140921122000066],[-3.613615779999975,37.13982746900007]]],[[[-3.6149462849999736,37.14440048200004],[-3.6137783369999283,37.14380448300005],[-3.6152393929999675,37.14229665400006],[-3.6149462849999736,37.14440048200004]]]]}},{"type":"Feature","properties":{"ClaseSuelo":"SUELO NO URBANIZABLE","NuclRural":"0","AreaLamber":3701.16930166,"Shape_STAr":0.00376207433162},"geometry":{"type":"MultiPolygon","coordinates":[[[[-3.6957450859999312,37.30310823900004],[-3.696921361999955,37.30076057000008],[-3.695316782999953,37.29783216000004],[-3.6978204769999365,37.289046452000036],[-3.695763797999973,37.288500793000026],[-3.693696374999945,37.28162394000003],[-3.691772865999951,37.282707826000035],[-3.6883435019999524,37.281799884000066],[-3.692563826999958,37.28647157800003],[-3.6948976279999783,37.293981356000074],[-3.692609913999945,37.29266208800004],[-3.688064578999956,37.29330171700008],[-3.6788738679999256,37.28703201500008],[-3.6862252719999447,37.28442219200008],[-3.684850863999941,37.283175398000026],[-3.6864794869999287,37.28250854600003],[-3.6839051109999446,37.28064621000004],[-3.6738359979999586,37.28619647600004],[-3.673021106999954,37.29110759800005],[-3.6737058909999405,37.28706659300008],[-3.6712383479999744,37.278517392000026],[-3.6782073369999466,37.27450258300007],[-3.682185021999942,37.26985653100007],[-3.6871418019999282,37.27288884600006],[-3.690857312999981,37.26256973900007],[-3.698493836999944,37.260043376000056],[-3.6940549619999388,37.25601273400008],[-3.6969063499999493,37.25463564300003],[-3.697737864999965,37.24942071600003],[-3.7014961899999435,37.24492763300003],[-3.695623484999942,37.24510647200003],[-3.6868755489999785,37.242795847000025],[-3.6861605639999766,37.237301495000054],[-3.6811699529999373,37.235337395000045],[-3.6844614659999593,37.23400299100007],[-3.6842801499999496,37.232158405000064],[-3.6779000729999325,37.23112563700005],[-3.686660364999966,37.23131827700007],[-3.6951992529999416,37.22618711300004],[-3.702198363999969,37.22494227300007],[-3.704712552999979,37.22168962200004],[-3.6999129259999677,37.21985136500007],[-3.7062213749999273,37.22189634500006],[-3.7008449339999743,37.21882953000005],[-3.70656203599998,37.22074109600004],[-3.7061854759999733,37.218184902000075],[-3.70291786599995,37.213734583000075],[-3.696277820999967,37.21065534100006],[-3.6946372629999473,37.210195182000064],[-3.690031595999926,37.21531099200007],[-3.672820172999934,37.20712183200004],[-3.6696818559999542,37.210182703000044],[-3.681899818999966,37.215480058000026],[-3.6804028599999583,37.21722275400003],[-3.682382559999951,37.21862780200007],[-3.6811370109999757,37.21999693300006],[-3.6748034409999377,37.219280095000045],[-3.6727010009999503,37.22181130300004],[-3.676556780999931,37.22465767500006],[-3.674661298999979,37.22536610700007],[-3.6759750619999636,37.22788635200004],[-3.6681608949999713,37.21612236100003],[-3.6708656259999657,37.21481809800008],[-3.665359204999959,37.21024298800006],[-3.661889794999979,37.21044267800005],[-3.659417191999978,37.20872047100005],[-3.6675547529999335,37.209433356000034],[-3.6709209649999366,37.20633803800007],[-3.6571577379999667,37.20409611600007],[-3.6895166229999745,37.20841037900004],[-3.691533146999973,37.20585670400004],[-3.698630497999943,37.20438188300005],[-3.6985108149999633,37.202399521000075],[-3.7118685869999695,37.21005403800007],[-3.7129828099999713,37.21109295800005],[-3.705279214999962,37.214068557000076],[-3.7069931409999413,37.22140469500005],[-3.7103492559999722,37.225636542000075],[-3.705155619999971,37.22475497500005],[-3.6976992229999723,37.226961725000024],[-3.7010500579999643,37.22881335300008],[-3.7006804709999415,37.23128060700003],[-3.6963178409999387,37.232055470000034],[-3.6924739729999487,37.22925675000005],[-3.6910948509999457,37.230457125000044],[-3.693295993999925,37.23493202000003],[-3.6968014009999592,37.23696296800006],[-3.7046220719999496,37.232000698000036],[-3.705799284999955,37.227060728000026],[-3.714432570999975,37.22822232000004],[-3.7142419749999362,37.23046107300007],[-3.7219574469999657,37.222125763000065],[-3.7256133089999253,37.224879730000055],[-3.733815586999981,37.22681229900007],[-3.736812445999931,37.22896606000006],[-3.7359492479999403,37.23062096600006],[-3.74052809799997,37.23313436600006],[-3.7407765659999654,37.23663921600007],[-3.7351412819999723,37.236809513000026],[-3.729270207999946,37.24059556200007],[-3.7265852079999604,37.247471622000035],[-3.7290581349999457,37.24901583500008],[-3.7292498439999804,37.252530067000066],[-3.735015265999948,37.26099451500005],[-3.732540252999968,37.26860852100003],[-3.7346547729999315,37.27148887000004],[-3.737168998999948,37.26791278500008],[-3.7442235029999438,37.268463584000074],[-3.7483943269999713,37.27165523900004],[-3.745605221999938,37.27934360200004],[-3.7382629789999555,37.28870991000008],[-3.737298879999969,37.29280819400003],[-3.739451909999957,37.29607580100003],[-3.7329337629999486,37.29525099800003],[-3.720601257999931,37.29992374100004],[-3.705934931999934,37.29168329000004],[-3.7078912439999385,37.29818862700006],[-3.7120648629999664,37.302859812000065],[-3.7051704919999793,37.305280727000024],[-3.70583546499995,37.30398778500006],[-3.70179350199993,37.30252452800005],[-3.6957450859999312,37.30310823900004]],[[-3.6941400959999555,37.27276165200004],[-3.6917054989999656,37.27664786400004],[-3.695008833999964,37.27817331400007],[-3.6977324009999393,37.284501771000066],[-3.7035024019999696,37.28910040900007],[-3.700474553999925,37.28380822100007],[-3.7014804519999416,37.27269448900006],[-3.6941400959999555,37.27276165200004]],[[-3.713778900999955,37.26625165000007],[-3.7149808669999516,37.26457930300006],[-3.711441284999978,37.26464358700008],[-3.711723382999935,37.26606107300006],[-3.713778900999955,37.26625165000007]],[[-3.732860207999977,37.238165224000056],[-3.7331194179999443,37.23858480000007],[-3.7334745119999297,37.23834431300003],[-3.732860207999977,37.238165224000056]],[[-3.725653604999934,37.231898330000035],[-3.727250622999975,37.23287562300004],[-3.720577938999952,37.227251857000056],[-3.724216149999961,37.23213640400007],[-3.725653604999934,37.231898330000035]],[[-3.725523202999966,37.23088911200006],[-3.7259350169999266,37.23102777300005],[-3.7258266419999586,37.23074244700007],[-3.725523202999966,37.23088911200006]],[[-3.726129743999934,37.23154501700003],[-3.7266755269999408,37.231904962000044],[-3.7262718149999614,37.23143262000008],[-3.726129743999934,37.23154501700003]],[[-3.7209264859999394,37.22693744600008],[-3.721714606999967,37.22682042100007],[-3.7212527759999716,37.22665550200003],[-3.7209264859999394,37.22693744600008]],[[-3.7199682989999587,37.22646783000005],[-3.7206196279999517,37.226089787000035],[-3.7202560559999256,37.22594236700007],[-3.7199682989999587,37.22646783000005]]],[[[-3.6834243639999613,37.30136377200006],[-3.686095995999949,37.297766756000044],[-3.6908375749999323,37.30258895800006],[-3.6848911519999774,37.306337212000074],[-3.6834243639999613,37.30136377200006]]],[[[-3.681935272999965,37.29720640000005],[-3.6833593779999774,37.29689697600003],[-3.683692042999951,37.298321403000045],[-3.681935272999965,37.29720640000005]]]]}},{"type":"Feature","properties":{"ClaseSuelo":"SUELO URBANIZABLE DELIMITADO O SECTORIZADO","NuclRural":"0","AreaLamber":509.70605948,"Shape_STAr":0.000518076150034},"geometry":{"type":"MultiPolygon","coordinates":[[[[-3.692763394999929,37.303415994000034],[-3.686095995999949,37.297766756000044],[-3.6834243639999613,37.30136377200006],[-3.6833593779999774,37.29689697600003],[-3.681935272999965,37.29720640000005],[-3.6796301559999733,37.293503729000065],[-3.675629740999966,37.29431006000004],[-3.672699760999933,37.292644935000055],[-3.6738359979999586,37.28619647600004],[-3.6839051109999446,37.28064621000004],[-3.6864794869999287,37.28250854600003],[-3.684850863999941,37.283175398000026],[-3.6862252719999447,37.28442219200008],[-3.6788738679999256,37.28703201500008],[-3.688064578999956,37.29330171700008],[-3.692609913999945,37.29266208800004],[-3.6948976279999783,37.293981356000074],[-3.692563826999958,37.28647157800003],[-3.6883435019999524,37.281799884000066],[-3.691772865999951,37.282707826000035],[-3.693696374999945,37.28162394000003],[-3.695763797999973,37.288500793000026],[-3.697825037999962,37.289540325000075],[-3.695316782999953,37.29783216000004],[-3.696909380999955,37.301194931000055],[-3.6957450859999312,37.30310823900004],[-3.692763394999929,37.303415994000034]]],[[[-3.662634060999949,37.208787132000054],[-3.6584191889999715,37.207911043000024],[-3.660185904999935,37.20682648700006],[-3.662634060999949,37.208787132000054]]],[[[-3.666640523999945,37.209053091000044],[-3.6645176339999352,37.20874674200007],[-3.6694474909999713,37.20572937800006],[-3.6709209649999366,37.20633803800007],[-3.666640523999945,37.209053091000044]]],[[[-3.6856955729999754,37.21886264900007],[-3.6825221509999437,37.21880232600006],[-3.6804028599999583,37.21722275400003],[-3.681899818999966,37.215480058000026],[-3.669723235999925,37.21009632700003],[-3.672820172999934,37.20712183200004],[-3.675516166999955,37.208315636000066],[-3.675240151999958,37.209388973000046],[-3.6841293639999435,37.215268698000045],[-3.68853755899994,37.216464132000056],[-3.6856955729999754,37.21886264900007]]],[[[-3.706460958999969,37.22074895900005],[-3.701178635999952,37.21850898100007],[-3.7039831119999462,37.21548193600006],[-3.706460958999969,37.22074895900005]]],[[[-3.699224843999957,37.220749381000076],[-3.702321832999928,37.22066351400008],[-3.704632088999972,37.22258510000006],[-3.699224843999957,37.220749381000076]]],[[[-3.674177555999961,37.222673730000054],[-3.6727010009999503,37.22181130300004],[-3.6748034409999377,37.219280095000045],[-3.6820646169999804,37.22078062200006],[-3.6789349249999646,37.224562658000025],[-3.676805616999957,37.225016793000066],[-3.674177555999961,37.222673730000054]]],[[[-3.690929298999947,37.22895784700006],[-3.689838212999973,37.226788218000024],[-3.6956199589999414,37.22330150700003],[-3.699831703999962,37.225657338000076],[-3.6951992529999416,37.22618711300004],[-3.690929298999947,37.22895784700006]]],[[[-3.714432570999975,37.22822232000004],[-3.7157706389999703,37.22809095200006],[-3.7142419749999362,37.23046107300007],[-3.714432570999975,37.22822232000004]]],[[[-3.683868061999931,37.23101520900008],[-3.6779000729999325,37.23112563700005],[-3.675851100999978,37.22752298800003],[-3.678631465999956,37.226627843000074],[-3.684715963999963,37.23066965100003],[-3.6857616439999674,37.22787229200003],[-3.6882452139999486,37.22822802500008],[-3.6879773009999326,37.229671530000076],[-3.690226523999968,37.229196313000045],[-3.686660364999966,37.23131827700007],[-3.683868061999931,37.23101520900008]],[[-3.686905132999925,37.230465905000074],[-3.686892053999941,37.22902406400004],[-3.6859962189999464,37.23005888100005],[-3.686905132999925,37.230465905000074]]],[[[-3.6783846119999453,37.23210342400006],[-3.6814858769999432,37.23193100800006],[-3.6793953109999507,37.23316693700008],[-3.6783846119999453,37.23210342400006]]],[[[-3.693160470999942,37.23473411600003],[-3.6910948509999457,37.230457125000044],[-3.6924739729999487,37.22925675000005],[-3.6972684579999395,37.23201030000007],[-3.7006804709999415,37.23128060700003],[-3.7010230829999387,37.229336491000026],[-3.6976992229999723,37.226961725000024],[-3.705155619999971,37.22475497500005],[-3.710215681999955,37.225651966000044],[-3.7088929809999627,37.227425708000055],[-3.705799284999955,37.227060728000026],[-3.7046220719999496,37.232000698000036],[-3.7022328579999453,37.23246154100008],[-3.7012864589999595,37.23464826900005],[-3.6968014009999592,37.23696296800006],[-3.693160470999942,37.23473411600003]]],[[[-3.682185021999942,37.26985653100007],[-3.6866781069999774,37.27131183500006],[-3.6871418019999282,37.27288884600006],[-3.682185021999942,37.26985653100007]]]]}},{"type":"Feature","properties":{"ClaseSuelo":"SUELO URBANO","NuclRural":"0","AreaLamber":368.61281518,"Shape_STAr":0.000374537716386},"geometry":{"type":"MultiPolygon","coordinates":[[[[-3.682438956999931,37.22948285200005],[-3.674661298999979,37.22536610700007],[-3.6789349249999646,37.224562658000025],[-3.68853755899994,37.216464132000056],[-3.6841293639999435,37.215268698000045],[-3.6792329719999657,37.21155138200004],[-3.6804022189999728,37.21049490000007],[-3.690031595999926,37.21531099200007],[-3.6931026909999787,37.21365907000006],[-3.697263699999951,37.21513032200005],[-3.698933040999975,37.21372225600004],[-3.69397831699996,37.21259890600004],[-3.6951649239999256,37.21146042000004],[-3.70291786599995,37.213734583000075],[-3.7039831119999462,37.21548193600006],[-3.7008449339999743,37.21882953000005],[-3.7062213749999273,37.22189634500006],[-3.7000292589999617,37.21967022800004],[-3.689838212999973,37.226788218000024],[-3.690962302999935,37.22879447400004],[-3.6888798009999277,37.22847808000006],[-3.6886265079999703,37.229854086000046],[-3.6882452139999486,37.22822802500008],[-3.6857616439999674,37.22787229200003],[-3.684715963999963,37.23066965100003],[-3.682438956999931,37.22948285200005]]],[[[-3.6960045469999727,37.28060581300008],[-3.6973975309999787,37.27992569300005],[-3.6943112679999786,37.27243236000004],[-3.7014804519999416,37.27269448900006],[-3.700474553999925,37.28380822100007],[-3.7035024019999696,37.28910040900007],[-3.6977324009999393,37.284501771000066],[-3.6960045469999727,37.28060581300008]]],[[[-3.713778900999955,37.26625165000007],[-3.711723382999935,37.26606107300006],[-3.711441284999978,37.26464358700008],[-3.7149808669999516,37.26457930300006],[-3.713778900999955,37.26625165000007]]],[[[-3.732860207999977,37.238165224000056],[-3.7334745119999297,37.23834431300003],[-3.7331194179999443,37.23858480000007],[-3.732860207999977,37.238165224000056]]],[[[-3.7343839039999693,37.238105664000045],[-3.733861185999956,37.23849350800003],[-3.7331762339999273,37.23786518800006],[-3.7343839039999693,37.238105664000045]]],[[[-3.725653604999934,37.231898330000035],[-3.724216149999961,37.23213640400007],[-3.720577938999952,37.227251857000056],[-3.727250622999975,37.23287562300004],[-3.725653604999934,37.231898330000035]]],[[[-3.726129743999934,37.23154501700003],[-3.7262718149999614,37.23143262000008],[-3.7266755269999408,37.231904962000044],[-3.726129743999934,37.23154501700003]]],[[[-3.725523202999966,37.23088911200006],[-3.7258266419999586,37.23074244700007],[-3.7259350169999266,37.23102777300005],[-3.725523202999966,37.23088911200006]]],[[[-3.6865703229999554,37.22956743000003],[-3.6876801999999316,37.22933173000007],[-3.686905132999925,37.230465905000074],[-3.6865703229999554,37.22956743000003]]],[[[-3.7209264859999394,37.22693744600008],[-3.7212527759999716,37.22665550200003],[-3.721714606999967,37.22682042100007],[-3.7209264859999394,37.22693744600008]]],[[[-3.7199682989999587,37.22646783000005],[-3.7202560559999256,37.22594236700007],[-3.7206196279999517,37.226089787000035],[-3.7199682989999587,37.22646783000005]]],[[[-3.678528989999961,37.21096599800006],[-3.6797461459999568,37.210293679000074],[-3.6788676419999433,37.21123953600005],[-3.678528989999961,37.21096599800006]]],[[[-3.6782004489999736,37.21055971200008],[-3.6748153499999603,37.20901124100004],[-3.676241844999936,37.20856039200004],[-3.6782004489999736,37.21055971200008]]],[[[-3.662717427999951,37.208722016000024],[-3.660185904999935,37.20682648700006],[-3.6584191889999715,37.207911043000024],[-3.6526838589999784,37.20670782800005],[-3.6564844729999777,37.204489170000045],[-3.6694474909999713,37.20572937800006],[-3.662717427999951,37.208722016000024]]]]}},{"type":"Feature","properties":{"ClaseSuelo":"SUELO URBANO NO CONSOLIDADO","NuclRural":"0","AreaLamber":148.0964953,"Shape_STAr":0.000150504983302},"geometry":{"type":"MultiPolygon","coordinates":[[[[-3.6836466099999257,37.26854019600006],[-3.6879463139999302,37.264854342000035],[-3.688748617999977,37.261524628000075],[-3.6932726839999646,37.25644941200005],[-3.698493836999944,37.260043376000056],[-3.690857312999981,37.26256973900007],[-3.687294392999945,37.27141243300008],[-3.6822181669999736,37.26983259700006],[-3.6836466099999257,37.26854019600006]]],[[[-3.6783055359999253,37.21065710900007],[-3.6793348609999725,37.21015277300006],[-3.678528989999961,37.21096599800006],[-3.6783055359999253,37.21065710900007]]],[[[-3.6797461459999568,37.210293679000074],[-3.6804022189999728,37.21049490000007],[-3.6792329719999657,37.21155138200004],[-3.6797461459999568,37.210293679000074]]],[[[-3.696092635999946,37.214727108000034],[-3.690538778999951,37.21376488000004],[-3.6946372629999473,37.210195182000064],[-3.697790611999949,37.211741741000026],[-3.69397831699996,37.21259890600004],[-3.698933040999975,37.21372225600004],[-3.696092635999946,37.214727108000034]]],[[[-3.6792990679999775,37.22021519400005],[-3.683487609999929,37.21783830100003],[-3.6856955729999754,37.21886264900007],[-3.683209662999957,37.220878076000076],[-3.6792990679999775,37.22021519400005]]],[[[-3.695766869999943,37.223380520000035],[-3.699224843999957,37.220749381000076],[-3.70486886599997,37.22287924300008],[-3.699831703999962,37.225657338000076],[-3.695766869999943,37.223380520000035]]],[[[-3.715672822999977,37.22894168500005],[-3.7088929809999627,37.227425708000055],[-3.710215681999955,37.225651966000044],[-3.718041239999934,37.22630546100004],[-3.715672822999977,37.22894168500005]]],[[[-3.683461895999926,37.23052659100006],[-3.684051169999975,37.23170513300005],[-3.6822705329999508,37.231508312000074],[-3.683461895999926,37.23052659100006]]],[[[-3.680270294999957,37.23410451900003],[-3.6793953109999507,37.23316693700008],[-3.6814858769999432,37.23193100800006],[-3.6847173349999593,37.23328124900007],[-3.6811699529999373,37.235337395000045],[-3.680270294999957,37.23410451900003]]],[[[-3.6924175809999724,37.27460226100004],[-3.6941400959999555,37.27276165200004],[-3.6973975309999787,37.27992569300005],[-3.6960045469999727,37.28060581300008],[-3.695008833999964,37.27817331400007],[-3.6923051119999286,37.27734848800003],[-3.6924175809999724,37.27460226100004]]]]}},{"type":"Feature","properties":{"ClaseSuelo":"SISTEMAS GENERALES","NuclRural":"0","AreaLamber":1.59859282,"Shape_STAr":0.00000162202189529},"geometry":{"type":"Polygon","coordinates":[[[-3.5619587339999725,37.11995352900004],[-3.563997598999947,37.12081075200007],[-3.564006550999977,37.12171776500003],[-3.5619587339999725,37.11995352900004]]]}},{"type":"Feature","properties":{"ClaseSuelo":"SUELO NO URBANIZABLE","NuclRural":"0","AreaLamber":73.55147168,"Shape_STAr":0.000074638763739},"geometry":{"type":"MultiPolygon","coordinates":[[[[-3.570251308999957,37.13829181400007],[-3.5708172069999478,37.140266789000066],[-3.5733060279999336,37.13727397200006],[-3.572357689999933,37.13655819300004],[-3.5738471279999544,37.13586614600007],[-3.57491443899994,37.13727294500006],[-3.5786744309999676,37.133269495000036],[-3.5816707509999333,37.13507943400003],[-3.5780263729999433,37.13814963200008],[-3.5799092569999402,37.14085735000003],[-3.5754278239999735,37.14080027400007],[-3.574864856999966,37.142290324000044],[-3.5698263709999765,37.140079107000076],[-3.570251308999957,37.13829181400007]]],[[[-3.5619587339999725,37.11995352900004],[-3.5633103569999776,37.12183498300004],[-3.5634899789999395,37.12054290200007],[-3.569016369999929,37.12342376200007],[-3.5678405679999514,37.12241969300004],[-3.5647611959999495,37.12351438500008],[-3.5640357829999516,37.126027358000044],[-3.552468216999955,37.11168689600004],[-3.55829297899993,37.11852316900007],[-3.5619587339999725,37.11995352900004]]]]}},{"type":"Feature","properties":{"ClaseSuelo":"SUELO URBANIZABLE DELIMITADO O SECTORIZADO","NuclRural":"0","AreaLamber":11.34055511,"Shape_STAr":0.0000115086347981},"geometry":{"type":"Polygon","coordinates":[[[-3.576845066999965,37.13023106900005],[-3.5786744309999676,37.133269495000036],[-3.57491443899994,37.13727294500006],[-3.5738471279999544,37.13586614600007],[-3.57692192199994,37.13334950500007],[-3.576845066999965,37.13023106900005]]]}},{"type":"Feature","properties":{"ClaseSuelo":"SUELO URBANO","NuclRural":"0","AreaLamber":107.62165201,"Shape_STAr":0.000109212550895},"geometry":{"type":"Polygon","coordinates":[[[-3.570251308999957,37.13829181400007],[-3.5669827569999484,37.13472031200007],[-3.5640357829999516,37.126027358000044],[-3.5645718379999494,37.12368878900003],[-3.5678405679999514,37.12241969300004],[-3.5750911879999308,37.128273758000034],[-3.575925394999956,37.131397771000024],[-3.574864007999963,37.13272537800003],[-3.573335320999945,37.13207644900007],[-3.57692192199994,37.13334950500007],[-3.5719527859999403,37.13654271100006],[-3.5733060279999336,37.13727397200006],[-3.5708172069999478,37.140266789000066],[-3.570251308999957,37.13829181400007]],[[-3.571789011999954,37.137764365000066],[-3.5722769519999247,37.13780043300005],[-3.572012030999929,37.13759354000007],[-3.571789011999954,37.137764365000066]],[[-3.5702896489999603,37.135877642000025],[-3.5706875379999587,37.13591078300004],[-3.5705876409999746,37.13575099900004],[-3.5702896489999603,37.135877642000025]],[[-3.574164039999971,37.13441011400005],[-3.5748568929999465,37.13491383600007],[-3.574272856999926,37.134341042000074],[-3.574164039999971,37.13441011400005]],[[-3.5741697129999466,37.131100727000046],[-3.5739892989999476,37.13161221100006],[-3.5745314209999606,37.13141356600005],[-3.5741697129999466,37.131100727000046]],[[-3.573516149999932,37.13078863900006],[-3.5737817749999294,37.131085281000026],[-3.573899990999962,37.13073327400008],[-3.573516149999932,37.13078863900006]],[[-3.5715969709999627,37.13122451800007],[-3.5716579539999316,37.13132116100007],[-3.5720349349999765,37.13114959600006],[-3.5715969709999627,37.13122451800007]],[[-3.574470756999972,37.132007730000055],[-3.574857217999977,37.13263398200007],[-3.575056022999945,37.13255292300005],[-3.574470756999972,37.132007730000055]],[[-3.57307351999998,37.12906877200004],[-3.572733188999962,37.12832023100003],[-3.572077667999963,37.12930031700006],[-3.57307351999998,37.12906877200004]],[[-3.5680727589999606,37.12808869200006],[-3.5695866199999386,37.128879109000025],[-3.568337276999955,37.12690886300004],[-3.5680727589999606,37.12808869200006]]]}},{"type":"Feature","properties":{"ClaseSuelo":"SUELO URBANO NO CONSOLIDADO","NuclRural":"0","AreaLamber":9.26169315,"Shape_STAr":0.00000939865502457},"geometry":{"type":"MultiPolygon","coordinates":[[[[-3.574768626999969,37.13288807400005],[-3.573546890999978,37.13168127000006],[-3.576931371999933,37.13244791100004],[-3.574768626999969,37.13288807400005]]],[[[-3.5680727589999606,37.12808869200006],[-3.568337276999955,37.12690886300004],[-3.5695866199999386,37.128879109000025],[-3.5680727589999606,37.12808869200006]]],[[[-3.57266668099993,37.12841021000003],[-3.573370258999944,37.12887371800008],[-3.572168460999933,37.12945883500004],[-3.57266668099993,37.12841021000003]]],[[[-3.573516149999932,37.13078863900006],[-3.573899990999962,37.13073327400008],[-3.5737817749999294,37.131085281000026],[-3.573516149999932,37.13078863900006]]],[[[-3.5715969709999627,37.13122451800007],[-3.5720349349999765,37.13114959600006],[-3.5716579539999316,37.13132116100007],[-3.5715969709999627,37.13122451800007]]],[[[-3.5747321149999607,37.12955361400003],[-3.576938479999967,37.13019860000003],[-3.575869946999944,37.13134415900004],[-3.5747321149999607,37.12955361400003]]],[[[-3.5741697129999466,37.131100727000046],[-3.5745314209999606,37.13141356600005],[-3.5739892989999476,37.13161221100006],[-3.5741697129999466,37.131100727000046]]],[[[-3.574470756999972,37.132007730000055],[-3.575056022999945,37.13255292300005],[-3.574857217999977,37.13263398200007],[-3.574470756999972,37.132007730000055]]],[[[-3.5749217789999648,37.13393740300006],[-3.5763646299999436,37.134067249000054],[-3.5755130599999347,37.13461795200004],[-3.5749217789999648,37.13393740300006]]],[[[-3.574164039999971,37.13441011400005],[-3.574272856999926,37.134341042000074],[-3.5748568929999465,37.13491383600007],[-3.574164039999971,37.13441011400005]]],[[[-3.5702896489999603,37.135877642000025],[-3.5705876409999746,37.13575099900004],[-3.5706875379999587,37.13591078300004],[-3.5702896489999603,37.135877642000025]]],[[[-3.571948387999953,37.13677368200007],[-3.5719527859999403,37.13654271100006],[-3.572357689999933,37.13655819300004],[-3.571948387999953,37.13677368200007]]],[[[-3.571789011999954,37.137764365000066],[-3.572012030999929,37.13759354000007],[-3.5722769519999247,37.13780043300005],[-3.571789011999954,37.137764365000066]]]]}},{"type":"Feature","properties":{"ClaseSuelo":"SISTEMAS GENERALES","NuclRural":"0","AreaLamber":164.11409796,"Shape_STAr":0.000166655852603},"geometry":{"type":"MultiPolygon","coordinates":[[[[-3.7696437249999803,37.19037300000008],[-3.772930697999925,37.18257587800008],[-3.7848585779999553,37.18337593000007],[-3.7873122519999356,37.18625036800006],[-3.794422691999955,37.186126098000045],[-3.7961514759999773,37.18787087700008],[-3.803699834999975,37.18788577000004],[-3.7856599319999304,37.19142434300005],[-3.785601711999959,37.19021905000005],[-3.7696437249999803,37.19037300000008]]],[[[-3.7906098029999384,37.20679450700004],[-3.793528015999925,37.206688953000025],[-3.7934552629999416,37.20764868400005],[-3.7906098029999384,37.20679450700004]]],[[[-3.787864395999975,37.192238072000066],[-3.769553670999926,37.19077735800005],[-3.781058049999956,37.19051126800008],[-3.8031746189999467,37.19384952300004],[-3.8029065179999293,37.19503201400005],[-3.787864395999975,37.192238072000066]]]]}},{"type":"Feature","properties":{"ClaseSuelo":"SUELO NO URBANIZABLE","NuclRural":"0","AreaLamber":1707.89845221,"Shape_STAr":0.00173404286646},"geometry":{"type":"MultiPolygon","coordinates":[[[[-3.772930697999925,37.18257587800008],[-3.77414119499997,37.17203968000007],[-3.7708694069999638,37.16709430900005],[-3.7732453289999626,37.161499212000024],[-3.77804434199993,37.156113547000075],[-3.7789210449999473,37.150456046000045],[-3.7774591559999635,37.14845552500003],[-3.7846067549999702,37.13726720600005],[-3.789028610999935,37.13806716300007],[-3.7938175059999253,37.141658826000025],[-3.7966790199999423,37.14610154800005],[-3.7963981529999273,37.14938451100005],[-3.81046205399997,37.15774430000005],[-3.807073500999934,37.165285020000056],[-3.808269407999944,37.171820980000064],[-3.80468953299993,37.176271161000045],[-3.803699834999975,37.18788577000004],[-3.7961514759999773,37.18787087700008],[-3.794422691999955,37.186126098000045],[-3.7873122519999356,37.18625036800006],[-3.7848585779999553,37.18337593000007],[-3.772930697999925,37.18257587800008]],[[-3.805514457999948,37.16303640000007],[-3.806312306999928,37.16111677600003],[-3.804810080999971,37.16116623100004],[-3.803557148999971,37.165103498000065],[-3.805221251999967,37.16525865700004],[-3.805514457999948,37.16303640000007]]],[[[-3.7663182219999385,37.19935770200004],[-3.765237322999951,37.203540848000046],[-3.7718444279999517,37.203993500000024],[-3.7723331109999663,37.20770898100005],[-3.772805880999954,37.20368486600006],[-3.7773503129999426,37.20287247600004],[-3.776304565999965,37.19984843700007],[-3.7775718169999664,37.19505246700004],[-3.7885671819999516,37.194353585000044],[-3.8016759009999532,37.19603520100003],[-3.8029315089999614,37.19651026100007],[-3.804081215999929,37.20496650000007],[-3.796559684999977,37.207703424000044],[-3.788507079999931,37.20602660000003],[-3.785110207999935,37.208825423000064],[-3.780807650999975,37.207970482000064],[-3.7773486889999504,37.20914699300005],[-3.769801149999978,37.206131527000025],[-3.7682198289999747,37.20799864700007],[-3.7546970909999686,37.210338988000046],[-3.75300838499993,37.208249489000025],[-3.7533288819999484,37.20534497600005],[-3.759053344999927,37.204190736000044],[-3.7618710739999415,37.200873571000045],[-3.7663182219999385,37.19935770200004]],[[-3.794371291999937,37.20335954300003],[-3.7963054179999745,37.202574956000035],[-3.7962212319999367,37.198236776000044],[-3.7943646049999415,37.19815913200006],[-3.7933603139999263,37.20143151900004],[-3.7908979889999728,37.20137241800006],[-3.792583502999946,37.201968316000034],[-3.7923065889999634,37.20397146300007],[-3.794371291999937,37.20335954300003]],[[-3.7817422579999516,37.20185207900005],[-3.779965772999958,37.200761012000044],[-3.779670102999944,37.20257710300007],[-3.7821668099999783,37.20285434900006],[-3.7817422579999516,37.20185207900005]]],[[[-3.7696151009999426,37.190502141000024],[-3.7898451249999425,37.19087286900003],[-3.789406622999934,37.19215689200007],[-3.7696151009999426,37.190502141000024]]],[[[-3.7968673159999753,37.190218350000066],[-3.796929081999963,37.18875115800006],[-3.803618745999927,37.18860189700007],[-3.8034287649999783,37.19042712900006],[-3.8008139839999444,37.19109791200003],[-3.7968673159999753,37.190218350000066]]]]}},{"type":"Feature","properties":{"ClaseSuelo":"SUELO URBANIZABLE DELIMITADO O SECTORIZADO","NuclRural":"0","AreaLamber":90.20735426,"Shape_STAr":0.0000916104553258},"geometry":{"type":"MultiPolygon","coordinates":[[[[-3.789406622999934,37.19215689200007],[-3.794460140999945,37.189347876000056],[-3.79946978199996,37.19114357600006],[-3.8034287649999783,37.19042712900006],[-3.802319294999961,37.193960135000054],[-3.789406622999934,37.19215689200007]]],[[[-3.7885671819999516,37.194353585000044],[-3.787864395999975,37.192238072000066],[-3.802330885999936,37.19474851900003],[-3.8029315089999614,37.19651026100007],[-3.7885671819999516,37.194353585000044]]],[[[-3.7682698049999317,37.19803872600005],[-3.769553670999926,37.19077735800005],[-3.773144686999956,37.190781462000075],[-3.7712160579999363,37.19652842600004],[-3.7682698049999317,37.19803872600005]]],[[[-3.795067751999966,37.20215142600006],[-3.7962212319999367,37.198236776000044],[-3.7964930739999545,37.201575207000076],[-3.795067751999966,37.20215142600006]]]]}},{"type":"Feature","properties":{"ClaseSuelo":"SUELO URBANO","NuclRural":"0","AreaLamber":131.26461931,"Shape_STAr":0.000133311057858},"geometry":{"type":"MultiPolygon","coordinates":[[[[-3.7718775019999384,37.204503663000025],[-3.765237322999951,37.203540848000046],[-3.765995178999958,37.200526403000026],[-3.770227176999981,37.19959086700004],[-3.769879153999966,37.19720708500006],[-3.7708717749999323,37.19751509800005],[-3.773144686999956,37.190781462000075],[-3.787864395999975,37.192238072000066],[-3.7875508089999244,37.19443279400008],[-3.7775718169999664,37.19505246700004],[-3.7764758559999336,37.20229635800007],[-3.772041655999942,37.203282570000056],[-3.7723331109999663,37.20770898100005],[-3.7718775019999384,37.204503663000025]],[[-3.770390218999978,37.20274300400007],[-3.770345807999945,37.202683112000045],[-3.770321003999925,37.20272696600006],[-3.770390218999978,37.20274300400007]],[[-3.7709833069999377,37.20227916600004],[-3.7709099359999527,37.202264881000076],[-3.7708975679999526,37.20230947500005],[-3.7709833069999377,37.20227916600004]],[[-3.771927954999967,37.201550637000025],[-3.7719270489999417,37.20146151700004],[-3.7718427889999475,37.20154901700005],[-3.771927954999967,37.201550637000025]],[[-3.7742411349999543,37.20243638100004],[-3.774056378999944,37.20244901600006],[-3.7741051019999645,37.20252936400004],[-3.7742411349999543,37.20243638100004]],[[-3.7713403009999524,37.203247635000025],[-3.771599938999941,37.20326096200006],[-3.771602876999964,37.20320694700007],[-3.7713403009999524,37.203247635000025]],[[-3.7723327799999424,37.20129454500005],[-3.7721440059999622,37.201254850000055],[-3.772123166999961,37.20133993600007],[-3.7723327799999424,37.20129454500005]],[[-3.766961564999974,37.20062764700003],[-3.766873397999973,37.200979784000026],[-3.7669308429999546,37.20098132500004],[-3.766961564999974,37.20062764700003]],[[-3.772421834999932,37.19887436300007],[-3.7726912719999746,37.198912919000065],[-3.772690476999969,37.198834899000076],[-3.772421834999932,37.19887436300007]],[[-3.7728471019999574,37.201522185000044],[-3.772688248999941,37.20148988900007],[-3.7726286339999433,37.20168447000003],[-3.7728471019999574,37.201522185000044]],[[-3.7731272809999723,37.19579403600005],[-3.7726842469999724,37.19609175700003],[-3.7730629379999527,37.19593836200005],[-3.7731272809999723,37.19579403600005]],[[-3.772260949999975,37.20208190500006],[-3.7721334979999597,37.20221100100008],[-3.77237716999997,37.202281320000054],[-3.772260949999975,37.20208190500006]],[[-3.7675714799999582,37.201053253000055],[-3.767199165999955,37.20103086100005],[-3.7671880569999416,37.20115867000004],[-3.7675714799999582,37.201053253000055]],[[-3.775315588999945,37.19597512900003],[-3.774918962999948,37.19594730400007],[-3.7749116589999403,37.196091257000035],[-3.775315588999945,37.19597512900003]],[[-3.771099938999953,37.199473589000036],[-3.7708223409999277,37.199688654000056],[-3.77128259899996,37.199742177000076],[-3.771099938999953,37.199473589000036]],[[-3.7701742739999418,37.20034319100006],[-3.7714880349999476,37.20058257200003],[-3.7705128829999808,37.20029125600007],[-3.7701742739999418,37.20034319100006]],[[-3.771718832999966,37.200609013000076],[-3.772008734999929,37.20083593600003],[-3.772145896999973,37.200603132000026],[-3.771718832999966,37.200609013000076]],[[-3.7723263859999747,37.19455674500006],[-3.7720786589999307,37.194501030000026],[-3.7719747989999632,37.194929916000035],[-3.7723263859999747,37.19455674500006]],[[-3.7743621899999766,37.19289844100007],[-3.7741157569999473,37.193186765000064],[-3.774738764999938,37.193344585000034],[-3.7743621899999766,37.19289844100007]],[[-3.7753443769999535,37.19200039400005],[-3.774723756999947,37.19184983500003],[-3.7744182499999397,37.192706620000024],[-3.7753443769999535,37.19200039400005]],[[-3.773481467999943,37.197446023000055],[-3.774020332999953,37.19746441700005],[-3.774138118999929,37.19630236000006],[-3.773481467999943,37.197446023000055]],[[-3.7747939129999395,37.19410325300004],[-3.774127976999978,37.19495942800006],[-3.7746472259999564,37.19511039400004],[-3.7747939129999395,37.19410325300004]],[[-3.7699737589999245,37.20221085700007],[-3.770667046999961,37.20160328600008],[-3.768667612999934,37.20095466400005],[-3.7699737589999245,37.20221085700007]],[[-3.77479718099994,37.197629017000054],[-3.7730828629999564,37.19774948000003],[-3.773160387999951,37.20078007200004],[-3.77479718099994,37.197629017000054]]],[[[-3.790852063999978,37.201591534000045],[-3.794146363999971,37.20156878000006],[-3.7943646049999415,37.19815913200006],[-3.7955434929999683,37.19819109800005],[-3.794787837999934,37.20180904700004],[-3.7964930739999545,37.201575207000076],[-3.7959511769999494,37.202436517000024],[-3.7923065889999634,37.20397146300007],[-3.792583502999946,37.201968316000034],[-3.790852063999978,37.201591534000045]],[[-3.7941839559999266,37.20295920600006],[-3.7942280329999676,37.20285965800008],[-3.7941802109999685,37.20285026200003],[-3.7941839559999266,37.20295920600006]],[[-3.7942622499999743,37.203343991000054],[-3.7942423779999785,37.20331500200007],[-3.794129613999928,37.20336781300006],[-3.7941549349999377,37.203395673000045],[-3.7942622499999743,37.203343991000054]],[[-3.7935623679999253,37.203570057000036],[-3.7935461119999445,37.20344636300007],[-3.7933218999999667,37.20346527000004],[-3.7935623679999253,37.203570057000036]],[[-3.79421522399997,37.202407047000065],[-3.7939954149999267,37.202499689000035],[-3.7943294719999585,37.20251315100006],[-3.79421522399997,37.202407047000065]],[[-3.7943750609999256,37.20221981000003],[-3.7946858789999283,37.202141220000044],[-3.794470457999978,37.20196797500006],[-3.7943750609999256,37.20221981000003]]],[[[-3.804581156999973,37.162730546000034],[-3.8060311909999314,37.16379860400008],[-3.804808613999967,37.16540035200006],[-3.80343252199998,37.16453083000005],[-3.804581156999973,37.162730546000034]]],[[[-3.7814079529999276,37.20177591600003],[-3.779670102999944,37.20257710300007],[-3.779965772999958,37.200761012000044],[-3.7814079529999276,37.20177591600003]]],[[[-3.782428129999971,37.201982513000075],[-3.7821668099999783,37.20285434900006],[-3.7815184699999804,37.202689761000045],[-3.782428129999971,37.201982513000075]]]]}},{"type":"Feature","properties":{"ClaseSuelo":"SUELO URBANO NO CONSOLIDADO","NuclRural":"0","AreaLamber":26.18121275,"Shape_STAr":0.0000265892124186},"geometry":{"type":"MultiPolygon","coordinates":[[[[-3.7672484479999753,37.20046885700003],[-3.765992963999963,37.20053313400007],[-3.7663182219999385,37.19935770200004],[-3.770381749999956,37.19746539500005],[-3.769697475999976,37.200284725000074],[-3.7672484479999753,37.20046885700003]]],[[[-3.774017355999945,37.20065325000007],[-3.772738846999971,37.19995665700003],[-3.773380781999947,37.19755921600006],[-3.77479718099994,37.197629017000054],[-3.774017355999945,37.20065325000007]]],[[[-3.773925804999976,37.20279463000003],[-3.7774146539999265,37.20256322700004],[-3.7722416469999303,37.20456823000006],[-3.772041655999942,37.203282570000056],[-3.773925804999976,37.20279463000003]]],[[[-3.804810080999971,37.16116623100004],[-3.806312306999928,37.16111677600003],[-3.806268331999945,37.16315978100005],[-3.804810080999971,37.16116623100004]]],[[[-3.7699739109999655,37.20222583100008],[-3.768667612999934,37.20095466400005],[-3.770667046999961,37.20160328600008],[-3.7699739109999655,37.20222583100008]]],[[[-3.7695399519999455,37.20411767300004],[-3.7718444279999517,37.203993500000024],[-3.770446599999957,37.20391494900008],[-3.7702811469999347,37.20459153300004],[-3.7695399519999455,37.20411767300004]]],[[[-3.774669962999951,37.19504433000003],[-3.774127976999978,37.19495942800006],[-3.775191887999938,37.19383793000003],[-3.774669962999951,37.19504433000003]]],[[[-3.7732424969999556,37.197469494000075],[-3.774138118999929,37.19630236000006],[-3.774020332999953,37.19746441700005],[-3.7732424969999556,37.197469494000075]]],[[[-3.7753443769999535,37.19200039400005],[-3.7744182499999397,37.192706620000024],[-3.774723756999947,37.19184983500003],[-3.7753443769999535,37.19200039400005]]],[[[-3.7939348129999644,37.20059562800003],[-3.794146363999971,37.20156878000006],[-3.7933560839999245,37.20164275800005],[-3.7939348129999644,37.20059562800003]]],[[[-3.7943318809999482,37.20060463300007],[-3.7940512899999703,37.20007282200004],[-3.7947622349999506,37.20007941700004],[-3.7943318809999482,37.20060463300007]]],[[[-3.7815184699999804,37.202689761000045],[-3.781151955999974,37.20262994600006],[-3.7814079529999276,37.20177591600003],[-3.7815184699999804,37.202689761000045]]],[[[-3.792631786999948,37.20186825800005],[-3.791946695999968,37.201428951000025],[-3.792657401999975,37.20134091800003],[-3.792631786999948,37.20186825800005]]],[[[-3.77039293699994,37.19740494600006],[-3.7699000519999686,37.197173715000076],[-3.7708717749999323,37.19751509800005],[-3.77039293699994,37.19740494600006]]],[[[-3.79600269499997,37.20238481000007],[-3.7963054179999745,37.202574956000035],[-3.7952901479999355,37.202745942000035],[-3.79600269499997,37.20238481000007]]],[[[-3.7910035839999523,37.20161726600003],[-3.7908979889999728,37.20137241800006],[-3.791542594999953,37.20142638200008],[-3.7910035839999523,37.20161726600003]]],[[[-3.774799171999973,37.19318829600007],[-3.7741157569999473,37.193186765000064],[-3.7742194629999517,37.19286666700003],[-3.774799171999973,37.19318829600007]]],[[[-3.7723263859999747,37.19455674500006],[-3.7719747989999632,37.194929916000035],[-3.7720786589999307,37.194501030000026],[-3.7723263859999747,37.19455674500006]]],[[[-3.772016685999972,37.20077945600008],[-3.7715894999999477,37.20054474700004],[-3.772145896999973,37.200603132000026],[-3.772016685999972,37.20077945600008]]],[[[-3.770686183999942,37.200380557000074],[-3.770170858999961,37.200285189000056],[-3.7714880349999476,37.20058257200003],[-3.770686183999942,37.200380557000074]]],[[[-3.7946229619999485,37.202221974000054],[-3.7943026399999553,37.202078121000056],[-3.7945296419999295,37.20198734200005],[-3.7946229619999485,37.202221974000054]]],[[[-3.775315588999945,37.19597512900003],[-3.7749116589999403,37.196091257000035],[-3.774918962999948,37.19594730400007],[-3.775315588999945,37.19597512900003]]],[[[-3.77128259899996,37.199742177000076],[-3.771048637999968,37.19970903500007],[-3.771099938999953,37.199473589000036],[-3.77128259899996,37.199742177000076]]],[[[-3.7675714799999582,37.201053253000055],[-3.7671880569999416,37.20115867000004],[-3.767199165999955,37.20103086100005],[-3.7675714799999582,37.201053253000055]]],[[[-3.77237716999997,37.202281320000054],[-3.77215018499993,37.202060277000044],[-3.772326315999976,37.202059130000066],[-3.77237716999997,37.202281320000054]]],[[[-3.7729706749999536,37.19592609400007],[-3.7731272809999723,37.19579403600005],[-3.7726842469999724,37.19609175700003],[-3.7729706749999536,37.19592609400007]]],[[[-3.7728471019999574,37.201522185000044],[-3.7726286339999433,37.20168447000003],[-3.772688248999941,37.20148988900007],[-3.7728471019999574,37.201522185000044]]],[[[-3.794110972999931,37.202422409000064],[-3.7943294719999585,37.20251315100006],[-3.7939954149999267,37.202499689000035],[-3.794110972999931,37.202422409000064]]],[[[-3.7935623679999253,37.203570057000036],[-3.7933218999999667,37.20346527000004],[-3.7935461119999445,37.20344636300007],[-3.7935623679999253,37.203570057000036]]],[[[-3.7726912719999746,37.198912919000065],[-3.7723632559999487,37.198868892000064],[-3.772690476999969,37.198834899000076],[-3.7726912719999746,37.198912919000065]]],[[[-3.766961564999974,37.20062764700003],[-3.7669308429999546,37.20098132500004],[-3.766873397999973,37.200979784000026],[-3.766961564999974,37.20062764700003]]],[[[-3.7723327799999424,37.20129454500005],[-3.772123166999961,37.20133993600007],[-3.7721440059999622,37.201254850000055],[-3.7723327799999424,37.20129454500005]]],[[[-3.771599938999941,37.20326096200006],[-3.771328546999939,37.20320487500004],[-3.771602876999964,37.20320694700007],[-3.771599938999941,37.20326096200006]]],[[[-3.774187040999948,37.20248849600006],[-3.774056378999944,37.20244901600006],[-3.774185888999966,37.202375569000026],[-3.774187040999948,37.20248849600006]]],[[[-3.771048637999968,37.19970903500007],[-3.7710347219999676,37.19973022600004],[-3.770823987999961,37.19966528300006],[-3.771048637999968,37.19970903500007]]],[[[-3.7943920559999356,37.203254463000064],[-3.7944485889999555,37.20324419100007],[-3.794371291999937,37.20335954300003],[-3.7943920559999356,37.203254463000064]]],[[[-3.7942622499999743,37.203343991000054],[-3.7941549349999377,37.203395673000045],[-3.794129613999928,37.20336781300006],[-3.7942423779999785,37.20331500200007],[-3.7942622499999743,37.203343991000054]]],[[[-3.7942280329999676,37.20285965800008],[-3.7941839559999266,37.20295920600006],[-3.7941802109999685,37.20285026200003],[-3.7942280329999676,37.20285965800008]]],[[[-3.771927954999967,37.201550637000025],[-3.7718427889999475,37.20154901700005],[-3.7719270489999417,37.20146151700004],[-3.771927954999967,37.201550637000025]]],[[[-3.7709833069999377,37.20227916600004],[-3.7708975679999526,37.20230947500005],[-3.7709099359999527,37.202264881000076],[-3.7709833069999377,37.20227916600004]]],[[[-3.770390314999929,37.20275248300004],[-3.770321003999925,37.20272696600006],[-3.770345807999945,37.202683112000045],[-3.770390314999929,37.20275248300004]]]]}},{"type":"Feature","properties":{"ClaseSuelo":"SUELO NO URBANIZABLE","NuclRural":"0","AreaLamber":443.81209582,"Shape_STAr":0.000450486265696},"geometry":{"type":"MultiPolygon","coordinates":[[[[-3.6259343569999487,37.15001324900004],[-3.6528720609999255,37.15086387000008],[-3.656456010999932,37.15058105600008],[-3.656417780999959,37.14812891100007],[-3.6579604619999486,37.14852033000005],[-3.660315951999962,37.16299277000007],[-3.6549697419999347,37.16472604200004],[-3.655929000999947,37.16103401500004],[-3.6436849099999336,37.16084865900007],[-3.6416266569999607,37.158516158000054],[-3.6364785019999317,37.16104977400005],[-3.6308880409999347,37.160547793000035],[-3.6281175629999325,37.159201368000026],[-3.628430499999979,37.15618902600005],[-3.6245229229999723,37.15485754000008],[-3.6259343569999487,37.15001324900004]]],[[[-3.6322809409999763,37.14130063500005],[-3.6321150389999275,37.13882644500006],[-3.6298256729999707,37.13837889500007],[-3.6372662759999344,37.12876625700005],[-3.645763681999938,37.14013464400006],[-3.6354955079999627,37.14205160100005],[-3.6322809409999763,37.14130063500005]]]]}},{"type":"Feature","properties":{"ClaseSuelo":"SUELO URBANIZABLE DELIMITADO O SECTORIZADO","NuclRural":"0","AreaLamber":14.93337086,"Shape_STAr":0.0000151575573507},"geometry":{"type":"MultiPolygon","coordinates":[[[[-3.652694260999965,37.150812544000075],[-3.65185656999995,37.14859947300005],[-3.656417780999959,37.14812891100007],[-3.6565617859999406,37.15050724400004],[-3.652694260999965,37.150812544000075]]],[[[-3.6424227309999537,37.150257029000045],[-3.644811822999941,37.14900238900003],[-3.644281636999949,37.15124502300006],[-3.6424227309999537,37.150257029000045]]]]}},{"type":"Feature","properties":{"ClaseSuelo":"SUELO URBANO","NuclRural":"0","AreaLamber":195.63525737,"Shape_STAr":0.000198564595124},"geometry":{"type":"Polygon","coordinates":[[[-3.642255306999971,37.151015174000065],[-3.6259343569999487,37.15001324900004],[-3.631465210999977,37.14646569000007],[-3.6322809409999763,37.14130063500005],[-3.6354955079999627,37.14205160100005],[-3.645763681999938,37.14013464400006],[-3.6485188709999647,37.14001796500003],[-3.655834772999981,37.14788413600007],[-3.65185656999995,37.14859947300005],[-3.6518313329999614,37.15079686400003],[-3.644281636999949,37.15124502300006],[-3.644811822999941,37.14900238900003],[-3.6434922249999318,37.148884800000076],[-3.642255306999971,37.151015174000065]],[[-3.638984040999958,37.14717669000004],[-3.6402946689999567,37.145381462000046],[-3.6393323689999306,37.14525496600004],[-3.638984040999958,37.14717669000004]],[[-3.6370596329999785,37.144058451000035],[-3.638410788999977,37.143862495000064],[-3.637153969999929,37.14262153200008],[-3.6396219629999678,37.14316026600005],[-3.6370987279999554,37.141879661000075],[-3.6370596329999785,37.144058451000035]]]}},{"type":"Feature","properties":{"ClaseSuelo":"SUELO URBANO NO CONSOLIDADO","NuclRural":"0","AreaLamber":5.47201222,"Shape_STAr":0.00000555384575582},"geometry":{"type":"MultiPolygon","coordinates":[[[[-3.6370596329999785,37.144058451000035],[-3.6370987279999554,37.141879661000075],[-3.6396219629999678,37.14316026600005],[-3.637153969999929,37.14262153200008],[-3.638410788999977,37.143862495000064],[-3.6370596329999785,37.144058451000035]]],[[[-3.630992001999971,37.145953519000045],[-3.631882836999978,37.145359093000025],[-3.631376255999953,37.146569613000054],[-3.630992001999971,37.145953519000045]]],[[[-3.638984040999958,37.14717669000004],[-3.6393323689999306,37.14525496600004],[-3.6402946689999567,37.145381462000046],[-3.638984040999958,37.14717669000004]]],[[[-3.653699478999954,37.14798092500007],[-3.653710548999925,37.147470002000034],[-3.655321110999978,37.148028090000025],[-3.653699478999954,37.14798092500007]]]]}},{"type":"Feature","properties":{"ClaseSuelo":"SUELO NO URBANIZABLE","NuclRural":"0","AreaLamber":1433.16753832,"Shape_STAr":0.00145593915591},"geometry":{"type":"MultiPolygon","coordinates":[[[[-3.7242015219999303,37.21643932400008],[-3.732687359999943,37.218205504000025],[-3.733386186999951,37.217203417000064],[-3.7367366089999337,37.22000670800003],[-3.7406307289999745,37.22056834700004],[-3.74152321899993,37.21962532100008],[-3.738423058999956,37.21725599200005],[-3.739322763999951,37.21589830000005],[-3.7469541149999372,37.216003691000026],[-3.74947733099998,37.22259111100004],[-3.751830889999951,37.22247799000007],[-3.7518982889999393,37.21978874100006],[-3.7577206959999785,37.221938599000055],[-3.7565855679999345,37.21775439400005],[-3.7527955949999523,37.21632729000004],[-3.7513521479999667,37.213974810000025],[-3.752307478999967,37.210300095000036],[-3.7682198289999747,37.20799864700007],[-3.7693730359999336,37.206143320000024],[-3.7785217749999447,37.209247461000075],[-3.7808076519999645,37.207970482000064],[-3.786212318999958,37.20860178500004],[-3.7885070809999775,37.20602660000003],[-3.792862508999974,37.207629060000045],[-3.81448310199994,37.207112884000026],[-3.8169954099999472,37.203904686000044],[-3.820614460999934,37.20302336700007],[-3.825733950999961,37.20437594400005],[-3.828510286999972,37.208881520000034],[-3.8320858849999695,37.20197890400004],[-3.834202694999931,37.200801238000054],[-3.828942048999977,37.20920299900007],[-3.8237200689999327,37.20882477200007],[-3.819271715999946,37.21224481400003],[-3.8216220189999603,37.21488762700005],[-3.819749784999942,37.21476538400003],[-3.816588526999965,37.21843781600006],[-3.8123097739999707,37.22409186200008],[-3.8118518019999783,37.227637438000045],[-3.807717211999943,37.23209149000007],[-3.8028832979999265,37.23017735700006],[-3.791974558999925,37.23804775100007],[-3.787583449999943,37.237518161000025],[-3.786071720999928,37.239592370000025],[-3.7841429259999586,37.23950599900007],[-3.781280694999964,37.24292312700004],[-3.782124028999931,37.24051987900003],[-3.789814298999943,37.23414114700006],[-3.7954375679999544,37.232859622000035],[-3.790753843999937,37.23235013900006],[-3.7810166469999444,37.234812404000024],[-3.771064145999958,37.228369573000066],[-3.758359637999945,37.226089916000035],[-3.7531529319999777,37.22279699300003],[-3.739128599999958,37.22256979500003],[-3.7291499299999487,37.21755676300006],[-3.7233713229999807,37.21791666200005],[-3.7242015219999303,37.21643932400008]],[[-3.776924529999974,37.222460359000024],[-3.787635972999965,37.227153798000074],[-3.786518482999952,37.22400522000004],[-3.7876260069999717,37.220747681000034],[-3.789816461999976,37.22029844900004],[-3.7880684469999437,37.219450462000054],[-3.788211836999949,37.217561215000046],[-3.7907414919999383,37.215774381000074],[-3.781974909999974,37.21414712400008],[-3.7779610189999744,37.215187730000025],[-3.7708336819999317,37.212324616000046],[-3.7681235509999738,37.21421361600005],[-3.7720859359999395,37.21403572600008],[-3.7723333639999623,37.21639086000005],[-3.776060824999945,37.21832240100008],[-3.776924529999974,37.222460359000024]],[[-3.7709639139999354,37.21499947700005],[-3.7719124759999545,37.214962798000045],[-3.7718694439999467,37.21448223900006],[-3.7709639139999354,37.21499947700005]],[[-3.781482928999935,37.22583621600006],[-3.782426219999934,37.22562963100006],[-3.7818374489999655,37.22534379700005],[-3.781482928999935,37.22583621600006]],[[-3.791113293999956,37.231288652000046],[-3.79364103599994,37.23225853300005],[-3.794310475999964,37.230129618000035],[-3.791113293999956,37.231288652000046]],[[-3.7903987419999794,37.23210096100007],[-3.7903970509999567,37.23237213900006],[-3.790825300999927,37.23210172800003],[-3.7903987419999794,37.23210096100007]],[[-3.789603040999964,37.23148891400007],[-3.790144818999977,37.23180107400003],[-3.7899596759999667,37.23133498100003],[-3.789603040999964,37.23148891400007]]],[[[-3.8012580299999286,37.20645535700004],[-3.8014927289999605,37.20635414100008],[-3.8026365219999434,37.20696290500007],[-3.8012580299999286,37.20645535700004]]]]}},{"type":"Feature","properties":{"ClaseSuelo":"SUELO URBANIZABLE DELIMITADO O SECTORIZADO","NuclRural":"0","AreaLamber":48.15432676,"Shape_STAr":0.0000489195662941},"geometry":{"type":"MultiPolygon","coordinates":[[[[-3.7288090329999477,37.21701696200006],[-3.7242015219999303,37.21643932400008],[-3.7248545789999525,37.21508624900008],[-3.7298811739999564,37.21507343900004],[-3.733386186999951,37.217203417000064],[-3.732687359999943,37.218205504000025],[-3.7288090329999477,37.21701696200006]]],[[[-3.7721077129999685,37.21298793200003],[-3.7753979749999758,37.214183598000034],[-3.772249565999971,37.214580236000074],[-3.7721077129999685,37.21298793200003]]],[[[-3.784929578999936,37.21516169900008],[-3.788559136999936,37.21637949900003],[-3.7865452199999368,37.21752547700004],[-3.7863788169999566,37.21545381800007],[-3.784929578999936,37.21516169900008]]],[[[-3.77433795099995,37.21701125800007],[-3.7722698169999376,37.21535787800008],[-3.7814144539999575,37.215961777000075],[-3.7814488769999457,37.21726533700007],[-3.778466546999937,37.21677448600008],[-3.776651357999981,37.218317873000046],[-3.77433795099995,37.21701125800007]]],[[[-3.7807597839999403,37.224263061000045],[-3.7773751109999694,37.22272264900005],[-3.782448732999967,37.22245246600005],[-3.7825615219999804,37.22410687100006],[-3.7853254479999805,37.223548520000065],[-3.786239483999964,37.225208536000025],[-3.7839432309999665,37.22611659200004],[-3.7807597839999403,37.224263061000045]]]]}},{"type":"Feature","properties":{"ClaseSuelo":"SUELO URBANO","NuclRural":"0","AreaLamber":104.43911605,"Shape_STAr":0.00010609940474},"geometry":{"type":"MultiPolygon","coordinates":[[[[-3.7865648269999497,37.22584839900003],[-3.7839432309999665,37.22611659200004],[-3.786239483999964,37.225208536000025],[-3.7853254479999805,37.223548520000065],[-3.7825615219999804,37.22410687100006],[-3.782448732999967,37.22245246600005],[-3.777107447999981,37.22263060100005],[-3.778724069999953,37.221303816000045],[-3.7767530309999415,37.22080046900004],[-3.777972727999952,37.219043750000026],[-3.7723333639999623,37.21639086000005],[-3.7720859359999395,37.21403572600008],[-3.7681235509999738,37.21421361600005],[-3.7708336819999317,37.212324616000046],[-3.772249565999971,37.214580236000074],[-3.7849600629999713,37.21435919000004],[-3.7865452199999368,37.21752547700004],[-3.7885203179999394,37.21551348500003],[-3.7907414919999383,37.215774381000074],[-3.788211836999949,37.217561215000046],[-3.7894812289999322,37.220870552000065],[-3.785050776999981,37.221056298000065],[-3.787594742999943,37.22123017000007],[-3.787412642999925,37.22404032900005],[-3.78575718999997,37.22284072800005],[-3.787497518999942,37.226868326000044],[-3.7865648269999497,37.22584839900003]],[[-3.779658799999936,37.22069889000005],[-3.780671315999939,37.219407681000064],[-3.7789031499999624,37.21934283500008],[-3.779658799999936,37.22069889000005]],[[-3.778472173999944,37.21732208800006],[-3.7814488769999457,37.21726533700007],[-3.7814144539999575,37.215961777000075],[-3.7722698169999376,37.21535787800008],[-3.7757922179999355,37.21811739100008],[-3.778472173999944,37.21732208800006]],[[-3.7830955109999422,37.21493157700007],[-3.781823805999977,37.216020413000024],[-3.7833037279999644,37.21570419900007],[-3.7830955109999422,37.21493157700007]]],[[[-3.7903987419999794,37.23210096100007],[-3.790825300999927,37.23210172800003],[-3.7903970509999567,37.23237213900006],[-3.7903987419999794,37.23210096100007]]],[[[-3.791113293999956,37.231288652000046],[-3.794310475999964,37.230129618000035],[-3.79364103599994,37.23225853300005],[-3.791113293999956,37.231288652000046]]],[[[-3.789603040999964,37.23148891400007],[-3.7899596759999667,37.23133498100003],[-3.790144818999977,37.23180107400003],[-3.789603040999964,37.23148891400007]]],[[[-3.781482928999935,37.22583621600006],[-3.7818374489999655,37.22534379700005],[-3.782426219999934,37.22562963100006],[-3.781482928999935,37.22583621600006]]],[[[-3.7492134199999327,37.21989780500007],[-3.7518982889999393,37.21978874100006],[-3.751830889999951,37.22247799000007],[-3.74947733099998,37.22259111100004],[-3.7492134199999327,37.21989780500007]]],[[[-3.7709639139999354,37.21499947700005],[-3.7718694439999467,37.21448223900006],[-3.7719124759999545,37.214962798000045],[-3.7709639139999354,37.21499947700005]]],[[[-3.800272270999926,37.20688046400005],[-3.8012580299999286,37.20645535700004],[-3.802880792999929,37.20773026200004],[-3.800272270999926,37.20688046400005]]]]}},{"type":"Feature","properties":{"ClaseSuelo":"SUELO URBANO NO CONSOLIDADO","NuclRural":"0","AreaLamber":14.12592409,"Shape_STAr":0.0000143508574721},"geometry":{"type":"MultiPolygon","coordinates":[[[[-3.775781184999971,37.22108906200003],[-3.7760343259999445,37.21859047400005],[-3.777972727999952,37.219043750000026],[-3.7767530309999415,37.22080046900004],[-3.778724069999953,37.221303816000045],[-3.776924529999974,37.222460359000024],[-3.775781184999971,37.22108906200003]]],[[[-3.7830955109999422,37.21493157700007],[-3.7833037279999644,37.21570419900007],[-3.781823805999977,37.216020413000024],[-3.7830955109999422,37.21493157700007]]],[[[-3.776651357999981,37.218317873000046],[-3.776748300999941,37.21739691800008],[-3.778472173999944,37.21732208800006],[-3.776651357999981,37.218317873000046]]],[[[-3.779658799999936,37.22069889000005],[-3.7789031499999624,37.21934283500008],[-3.780671315999939,37.219407681000064],[-3.779658799999936,37.22069889000005]]],[[[-3.7855011439999657,37.22144004200004],[-3.785050776999981,37.221056298000065],[-3.7876260069999717,37.220747681000034],[-3.7855011439999657,37.22144004200004]]],[[[-3.7864706769999543,37.22400430000005],[-3.78575718999997,37.22284072800005],[-3.7870565779999765,37.22272411900008],[-3.7864706769999543,37.22400430000005]]],[[[-3.786051003999944,37.22721216700006],[-3.7844126109999365,37.22639299900004],[-3.7862925169999357,37.22568285300008],[-3.787634829999945,37.227112756000054],[-3.786051003999944,37.22721216700006]]]]}},{"type":"Feature","properties":{"ClaseSuelo":"SISTEMAS GENERALES","NuclRural":"0","AreaLamber":142.56561097,"Shape_STAr":0.000144586909943},"geometry":{"type":"Polygon","coordinates":[[[-3.561665381999944,37.08813298300004],[-3.56376886299995,37.08707576100005],[-3.5646889679999276,37.082956366000076],[-3.558697800999937,37.08230137400005],[-3.561373231999937,37.07846617100006],[-3.5696321379999745,37.078974670000036],[-3.574604143999977,37.080142882000075],[-3.573178623999979,37.082701815000064],[-3.575435048999964,37.08309632900006],[-3.575650019999955,37.08135439900008],[-3.5767919029999575,37.08221930700006],[-3.5772189759999264,37.084093041000074],[-3.575739128999942,37.08523179800005],[-3.580794179999941,37.089665730000036],[-3.57692831199995,37.09017450400006],[-3.5782434729999295,37.088801516000046],[-3.5732771179999645,37.087245720000055],[-3.56359277699994,37.091734347000056],[-3.561665381999944,37.08813298300004]],[[-3.5701594649999606,37.08325311200008],[-3.572161780999977,37.085199025000065],[-3.5716586359999383,37.08334492700004],[-3.5701594649999606,37.08325311200008]]]}},{"type":"Feature","properties":{"ClaseSuelo":"SUELO NO URBANIZABLE","NuclRural":"0","AreaLamber":692.98204325,"Shape_STAr":0.00070287903188},"geometry":{"type":"MultiPolygon","coordinates":[[[[-3.619259402999944,37.11013598100004],[-3.6158057539999504,37.10764526400004],[-3.6131413529999463,37.11001182100006],[-3.607240507999961,37.10909154700005],[-3.6071220469999616,37.10713821000007],[-3.609523170999978,37.10564785500003],[-3.604930981999928,37.096517482000024],[-3.6084937219999347,37.094573129000025],[-3.605161925999937,37.09364666000005],[-3.6045529859999306,37.088848392000045],[-3.6008464689999755,37.08644904100004],[-3.59712531699995,37.08727231200004],[-3.599707121999927,37.08950622900005],[-3.59932295699997,37.094483041000046],[-3.595102828999927,37.09354413300008],[-3.5933559189999755,37.09539982500007],[-3.594247146999976,37.09741032800008],[-3.59315931499998,37.097784285000046],[-3.5979076009999744,37.10473403900005],[-3.5959172109999713,37.10724096600006],[-3.587368812999955,37.09962666900003],[-3.5750697189999414,37.09601826800008],[-3.5674557009999717,37.09566462600003],[-3.56359277699994,37.091734347000056],[-3.5732771179999645,37.087245720000055],[-3.5782434729999295,37.088801516000046],[-3.5764597879999656,37.09000268900007],[-3.58050342599995,37.09021802600006],[-3.580588218999935,37.08610100200008],[-3.5845343639999783,37.08624000900005],[-3.5890509789999783,37.08375242300008],[-3.5962051939999355,37.087132163000035],[-3.598514479999949,37.08424309700007],[-3.6069413669999335,37.08561257200006],[-3.6138359879999484,37.09363146000004],[-3.6161220799999683,37.10142788700006],[-3.6224534499999663,37.10739425300005],[-3.619259402999944,37.11013598100004]]],[[[-3.561373231999937,37.07846617100006],[-3.558697800999937,37.08230137400005],[-3.5646889679999276,37.082956366000076],[-3.56376886299995,37.08707576100005],[-3.561665381999944,37.08813298300004],[-3.5515545169999427,37.081769215000065],[-3.5482214469999462,37.08203593200005],[-3.545482738999965,37.07660014800007],[-3.552867484999979,37.07633643200006],[-3.561373231999937,37.07846617100006]]]]}},{"type":"Feature","properties":{"ClaseSuelo":"SUELO URBANO","NuclRural":"0","AreaLamber":283.05216635,"Shape_STAr":0.000287651196741},"geometry":{"type":"MultiPolygon","coordinates":[[[[-3.761776313999974,37.25587529400008],[-3.760488476999967,37.25527239200005],[-3.7578652059999627,37.25885993000003],[-3.7527047529999322,37.25618315600008],[-3.7508943079999426,37.258417645000065],[-3.750591980999957,37.25553469400006],[-3.747588170999961,37.25459863100008],[-3.7472236239999575,37.25302338800003],[-3.745395880999979,37.255212777000054],[-3.7424265889999333,37.254160400000046],[-3.743945245999953,37.25014082600006],[-3.7415643279999244,37.24661174700003],[-3.7542239699999413,37.24988306800003],[-3.7533515559999273,37.24857191800004],[-3.7551533059999542,37.24713518300007],[-3.7538010509999253,37.245869679000066],[-3.7560131199999773,37.24455912700006],[-3.7598526949999496,37.247929645000056],[-3.756868433999955,37.250669498000036],[-3.758008019999977,37.25139588300004],[-3.7568231089999244,37.25272993300007],[-3.763929338999958,37.25675659500007],[-3.7606495779999705,37.260117828000034],[-3.7632553119999557,37.25792193900003],[-3.761018705999959,37.25693837100005],[-3.761776313999974,37.25587529400008]],[[-3.753303442999936,37.25326613900006],[-3.7514646439999524,37.25324480900008],[-3.7521124359999476,37.25498657500003],[-3.7545032769999693,37.25401063600003],[-3.753303442999936,37.25326613900006]],[[-3.7471834559999593,37.25033086900004],[-3.7466363609999576,37.24965801400003],[-3.7464386559999525,37.25179147700004],[-3.7471834559999593,37.25033086900004]],[[-3.746532057999957,37.25034964200006],[-3.7461052539999287,37.250340075000054],[-3.7460801419999257,37.251551472000074],[-3.746532057999957,37.25034964200006]]],[[[-3.9006987289999415,37.18100250200007],[-3.9019061129999386,37.17893166400006],[-3.9055375979999667,37.17873657100006],[-3.9026519929999495,37.18237063000004],[-3.9006987289999415,37.18100250200007]]],[[[-3.8699927679999746,37.198555931000044],[-3.8714146919999735,37.19647254400007],[-3.8725123699999244,37.19917326500007],[-3.8699927679999746,37.198555931000044]]],[[[-3.7152561159999777,37.226329744000054],[-3.7161279469999613,37.22514287000007],[-3.71822001299995,37.22601635700005],[-3.7152561159999777,37.226329744000054]]],[[[-3.816969378999943,37.23764975700004],[-3.8175890439999307,37.23533351200007],[-3.8149084189999485,37.23431214200008],[-3.819263299999932,37.22873098400004],[-3.818582059999926,37.232035465000024],[-3.822769793999953,37.23084219300006],[-3.824868730999981,37.23790603100008],[-3.8223610869999334,37.23898436600007],[-3.821804978999978,37.23695432400007],[-3.8186368239999524,37.23732918600007],[-3.8179894169999784,37.239961666000056],[-3.816969378999943,37.23764975700004]]],[[[-3.7469103429999677,37.240537740000036],[-3.749133633999975,37.24167494500006],[-3.7490883999999483,37.24308777400006],[-3.7469103429999677,37.240537740000036]]],[[[-3.73410682399998,37.241813070000035],[-3.7340169039999296,37.24032764900005],[-3.739134455999931,37.24372406100008],[-3.737841514999957,37.24492056300005],[-3.73410682399998,37.241813070000035]]],[[[-3.7809521469999368,37.24976033400003],[-3.7823858819999714,37.250123002000066],[-3.7817982999999344,37.25112405300007],[-3.7809521469999368,37.24976033400003]]],[[[-3.792170834999979,37.25876829500004],[-3.79034095399993,37.25756360300005],[-3.7881854569999405,37.259107189000076],[-3.787109328999975,37.254353336000065],[-3.7859260719999384,37.25485143000003],[-3.785214044999975,37.253183825000065],[-3.7872083169999655,37.25436247500005],[-3.7893654199999673,37.253177985000036],[-3.7908044559999325,37.257269628000074],[-3.7964576699999384,37.255080073000045],[-3.8076598299999773,37.253928115000065],[-3.8075762889999396,37.25736365200004],[-3.809852059999969,37.25732086900007],[-3.805263550999939,37.25954654100008],[-3.8027511789999267,37.25764135000003],[-3.7958694379999542,37.25862812100007],[-3.7951593289999437,37.25706788600007],[-3.792931155999952,37.258050651000076],[-3.7936845399999584,37.259338212000046],[-3.792170834999979,37.25876829500004]]]]}},{"type":"Feature","properties":{"ClaseSuelo":"SUELO URBANO NO CONSOLIDADO","NuclRural":"0","AreaLamber":55.2540437,"Shape_STAr":0.0000561495937035},"geometry":{"type":"MultiPolygon","coordinates":[[[[-3.7597026449999476,37.25634528900008],[-3.760488476999967,37.25527239200005],[-3.7632553119999557,37.25792193900003],[-3.7605829759999665,37.260088375000066],[-3.7578652059999627,37.25885993000003],[-3.7597026449999476,37.25634528900008]]],[[[-3.90035583599996,37.18145746400006],[-3.9026519929999495,37.18237063000004],[-3.9021001489999776,37.18294941100004],[-3.90035583599996,37.18145746400006]]],[[[-3.872549147999962,37.198719141000026],[-3.8714146919999735,37.19647254400007],[-3.873120730999972,37.19708938400004],[-3.8736177759999464,37.19888450000008],[-3.872549147999962,37.198719141000026]]],[[[-3.8161567339999465,37.22935260000003],[-3.8186187799999516,37.229430327000046],[-3.8170963039999606,37.23087176100006],[-3.8161567339999465,37.22935260000003]]],[[[-3.8201562829999602,37.23198730800004],[-3.818582059999926,37.232035465000024],[-3.8193078289999676,37.228755560000025],[-3.82252970899998,37.23062361600006],[-3.8201562829999602,37.23198730800004]]],[[[-3.824102309999944,37.234359753000035],[-3.8256989299999304,37.234874492000074],[-3.8236203589999604,37.23541515200003],[-3.824102309999944,37.234359753000035]]],[[[-3.73398330699996,37.23932753300005],[-3.7373202509999714,37.24207130600007],[-3.7340169039999296,37.24032764900005],[-3.73398330699996,37.23932753300005]]],[[[-3.7336548699999526,37.24192466300008],[-3.7377375619999498,37.24482240200007],[-3.736520109999958,37.24478331500006],[-3.7336548699999526,37.24192466300008]]],[[[-3.7459813199999417,37.251117029000056],[-3.7466130839999323,37.250404280000055],[-3.7460801419999257,37.251551472000074],[-3.7459813199999417,37.251117029000056]]],[[[-3.7466363609999576,37.24965801400003],[-3.747382798999979,37.25102474800008],[-3.7464386559999525,37.25179147700004],[-3.7466363609999576,37.24965801400003]]],[[[-3.7514646439999524,37.25324480900008],[-3.7546033289999627,37.25345692600007],[-3.7521124359999476,37.25498657500003],[-3.7514646439999524,37.25324480900008]]],[[[-3.7489892779999536,37.25512807700005],[-3.7478957999999807,37.254595546000076],[-3.749875574999976,37.254829706000066],[-3.7489892779999536,37.25512807700005]]],[[[-3.7973666539999726,37.25582015300006],[-3.7972950779999337,37.25507838600004],[-3.7988357899999414,37.25521731600003],[-3.7973666539999726,37.25582015300006]]],[[[-3.7962341299999594,37.25511336300008],[-3.7966733179999324,37.25594433900005],[-3.7960533729999497,37.25608777000008],[-3.7962341299999594,37.25511336300008]]],[[[-3.7859260719999384,37.25485143000003],[-3.7873217869999394,37.25529347600008],[-3.7865452429999777,37.25617601400006],[-3.7859260719999384,37.25485143000003]]],[[[-3.7907929349999563,37.25654486800005],[-3.790464940999925,37.25544845500008],[-3.793955518999951,37.25628701000005],[-3.7907929349999563,37.25654486800005]]],[[[-3.7945755869999402,37.25775231700004],[-3.7958694379999542,37.25862812100007],[-3.7936845399999584,37.259338212000046],[-3.792931155999952,37.258050651000076],[-3.7945755869999402,37.25775231700004]]],[[[-3.79103527999996,37.25938522800004],[-3.7892864299999474,37.25774135800003],[-3.792931304999968,37.25963412800007],[-3.79103527999996,37.25938522800004]]]]}},{"type":"Feature","properties":{"ClaseSuelo":"SISTEMAS GENERALES","NuclRural":"0","AreaLamber":44.5677738,"Shape_STAr":0.000045262907227},"geometry":{"type":"Polygon","coordinates":[[[-3.7356077349999737,37.19204279000007],[-3.736360204999926,37.190947562000076],[-3.734533141999975,37.18996407100008],[-3.745287479999945,37.18957812100007],[-3.7440229149999595,37.19060032800007],[-3.749454736999951,37.191099379000036],[-3.7507107589999578,37.189143139000066],[-3.7516484999999307,37.19139497400005],[-3.7553711929999736,37.19174290300003],[-3.7696089919999736,37.19052970800004],[-3.7508101649999617,37.19175464600005],[-3.748432793999939,37.19331805500008],[-3.7434292469999377,37.191008672000066],[-3.7363568589999545,37.19226919400006],[-3.727906424999958,37.19793658300006],[-3.717379431999973,37.21371968900007],[-3.715754689999926,37.212622804000034],[-3.720849224999938,37.20898879900005],[-3.7279306029999475,37.19720106600005],[-3.7356077349999737,37.19204279000007]]]}},{"type":"Feature","properties":{"ClaseSuelo":"SUELO NO URBANIZABLE","NuclRural":"0","AreaLamber":3382.35441088,"Shape_STAr":0.00343450522501},"geometry":{"type":"MultiPolygon","coordinates":[[[[-3.6986857499999246,37.19570112400004],[-3.6981036039999253,37.194060543000035],[-3.700564363999945,37.192932660000054],[-3.698431679999942,37.19216473100005],[-3.7001592489999666,37.19270707900006],[-3.7008407059999513,37.19073700100006],[-3.6986007929999687,37.19012911000004],[-3.6987975259999644,37.18826394600006],[-3.7023692079999364,37.18706201900005],[-3.7016482049999695,37.18584940100004],[-3.7073758909999697,37.17302454700007],[-3.711136781999926,37.174074724000036],[-3.7195107999999664,37.17097750200003],[-3.7254436809999447,37.16355892200005],[-3.7349020769999584,37.15631657600005],[-3.73690832799997,37.151842215000045],[-3.7404788979999353,37.15191913700005],[-3.7396293999999557,37.14910306200005],[-3.7452768029999675,37.14394777600006],[-3.7476620609999713,37.13460328800005],[-3.756530391999945,37.14668890200005],[-3.7780558579999592,37.15174170600005],[-3.7779235189999554,37.15641180000006],[-3.773245329999952,37.161499212000024],[-3.770869407999953,37.16709430900005],[-3.7740562859999613,37.17144531500003],[-3.774164589999941,37.175437782000074],[-3.771929972999942,37.187206512000046],[-3.7704317219999552,37.187225270000056],[-3.7696089919999736,37.19052970800004],[-3.7522208489999684,37.191517959000066],[-3.750919989999943,37.188276838000036],[-3.7481848419999437,37.18766429200008],[-3.7440256329999784,37.19051347800007],[-3.739856465999935,37.19038006400007],[-3.740314041999966,37.18931208400005],[-3.733185465999952,37.18887213900007],[-3.7311666959999457,37.18400206000007],[-3.7241551169999525,37.183882303000075],[-3.7239363459999595,37.18252581400003],[-3.7167085529999326,37.183565842000064],[-3.7069320999999604,37.18883728600008],[-3.7075374789999387,37.192942008000045],[-3.7099711599999523,37.194281645000046],[-3.711284783999929,37.19269204600005],[-3.7159098509999353,37.19301663600004],[-3.7167264399999453,37.19445468300006],[-3.7224489769999423,37.19381363100007],[-3.7231021049999526,37.19541914700005],[-3.7248863079999524,37.19524640800006],[-3.7254163909999534,37.19345470600007],[-3.7278430669999807,37.19366458800005],[-3.72870987999994,37.19650726900005],[-3.720849224999938,37.20898879900005],[-3.715754689999926,37.212622804000034],[-3.704437193999979,37.20471710100003],[-3.6985108149999633,37.202399521000075],[-3.700361553999926,37.19902640200007],[-3.6986857499999246,37.19570112400004]],[[-3.705141312999956,37.19557400800005],[-3.7065620759999547,37.195204696000076],[-3.7058374239999807,37.192766146000054],[-3.704543656999931,37.19288939300003],[-3.705141312999956,37.19557400800005]],[[-3.7006106379999437,37.19431305400008],[-3.700916586999938,37.193191787000046],[-3.6996078219999617,37.19542444100006],[-3.7006106379999437,37.19431305400008]],[[-3.703773675999969,37.193408386000044],[-3.7040632709999386,37.19348471700005],[-3.703993819999937,37.192964120000056],[-3.703773675999969,37.193408386000044]],[[-3.7027428969999505,37.192789084000026],[-3.703466750999951,37.191599850000046],[-3.7028654659999347,37.19152232400006],[-3.7027428969999505,37.192789084000026]],[[-3.708121078999966,37.18692529600003],[-3.7091115419999596,37.186242176000064],[-3.7071694189999675,37.18585286200005],[-3.708121078999966,37.18692529600003]],[[-3.764477215999932,37.16511605000005],[-3.765148675999967,37.16304637200005],[-3.769274472999939,37.164800452000065],[-3.772179641999969,37.161806977000026],[-3.7671448949999444,37.16359185400006],[-3.763593134999951,37.16078192600003],[-3.765653191999945,37.15911722800007],[-3.7649596909999445,37.15739051700007],[-3.7557440289999704,37.15919371700005],[-3.7529026629999294,37.155977937000046],[-3.7495685609999327,37.158211007000034],[-3.749991490999946,37.16230454200007],[-3.7510935579999796,37.163153460000046],[-3.7518751369999563,37.16128796800007],[-3.7534240049999426,37.16237117900005],[-3.752987563999966,37.16562504400008],[-3.754907439999954,37.16364234900004],[-3.7577104779999786,37.163790480000046],[-3.757331896999972,37.16526537500005],[-3.7586363319999805,37.165595514000074],[-3.7582378089999793,37.16345510100007],[-3.7598764519999577,37.16272885600006],[-3.756527268999946,37.15994328800008],[-3.7607020529999318,37.16097728700004],[-3.7627202699999316,37.15889466400006],[-3.7637444279999386,37.15948741400007],[-3.762589448999961,37.16625142600003],[-3.764477215999932,37.16511605000005]]],[[[-3.755071169999951,37.22073863300005],[-3.7477896869999654,37.219585951000056],[-3.7469541149999372,37.216003691000026],[-3.739322763999951,37.21589830000005],[-3.738423058999956,37.21725599200005],[-3.74152321899993,37.21962532100008],[-3.7406307289999745,37.22056834700004],[-3.7367366089999337,37.22000670800003],[-3.7298811739999564,37.21507343900004],[-3.7248545789999525,37.21508624900008],[-3.7241804569999317,37.21648752500005],[-3.717105708999952,37.213345170000025],[-3.722731137999972,37.20742450400007],[-3.727906424999958,37.19793658300006],[-3.7352281129999483,37.192747404000045],[-3.7429003689999263,37.19099592300006],[-3.748432793999939,37.19331805500008],[-3.7508101649999617,37.19175464600005],[-3.7689088829999378,37.19269484100005],[-3.769531271999938,37.190877632000024],[-3.768222888999958,37.198290659000065],[-3.7618710739999415,37.200873571000045],[-3.759053344999927,37.204190736000044],[-3.7533288819999484,37.20534497600005],[-3.75300838499993,37.20824949000007],[-3.7546970909999686,37.210338988000046],[-3.752307478999967,37.210300095000036],[-3.7508199889999787,37.212590042000045],[-3.7518489689999797,37.21515807000003],[-3.7484604999999647,37.21641746300003],[-3.751318203999972,37.21719570100004],[-3.750453838999931,37.21935696400004],[-3.7525969269999564,37.21612872900005],[-3.7565855679999345,37.21775439400005],[-3.7577206959999785,37.221938599000055],[-3.755071169999951,37.22073863300005]],[[-3.742198154999926,37.19770149400006],[-3.744425218999936,37.19725441200006],[-3.7449343129999306,37.19593651800005],[-3.7422292989999733,37.19429732300006],[-3.7451848079999763,37.19494148700005],[-3.7442243949999465,37.193612597000026],[-3.740940304999981,37.19342852500006],[-3.737589195999931,37.19537446600003],[-3.742198154999926,37.19770149400006]],[[-3.735426082999936,37.19570898200004],[-3.735478708999949,37.194675905000054],[-3.7334161369999492,37.19458845500003],[-3.735426082999936,37.19570898200004]],[[-3.746817089999979,37.19426494500004],[-3.7468322229999558,37.195348730000035],[-3.7475086069999293,37.195014901000036],[-3.746817089999979,37.19426494500004]]]]}},{"type":"Feature","properties":{"ClaseSuelo":"SUELO URBANIZABLE DELIMITADO O SECTORIZADO","NuclRural":"0","AreaLamber":110.8858338,"Shape_STAr":0.000112577328046},"geometry":{"type":"MultiPolygon","coordinates":[[[[-3.7627986609999766,37.16347975300005],[-3.7632433009999318,37.15894088600004],[-3.7607020529999318,37.16097728700004],[-3.7573236269999484,37.15957601400004],[-3.7598764519999577,37.16272885600006],[-3.7582378089999793,37.16345510100007],[-3.7586363319999805,37.165595514000074],[-3.757331896999972,37.16526537500005],[-3.7577104779999786,37.163790480000046],[-3.754907439999954,37.16364234900004],[-3.752987563999966,37.16562504400008],[-3.7534240049999426,37.16237117900005],[-3.7518751369999563,37.16128796800007],[-3.7510935579999796,37.163153460000046],[-3.749991490999946,37.16230454200007],[-3.7495685609999327,37.158211007000034],[-3.7529026629999294,37.155977937000046],[-3.7557440289999704,37.15919371700005],[-3.7649596909999445,37.15739051700007],[-3.765653191999945,37.15911722800007],[-3.763593134999951,37.16078192600003],[-3.7671448949999444,37.16359185400006],[-3.772179641999969,37.161806977000026],[-3.769274472999939,37.164800452000065],[-3.765148675999967,37.16304637200005],[-3.762899825999966,37.16657712700004],[-3.7627986609999766,37.16347975300005]]],[[[-3.7247510249999323,37.186791425000024],[-3.7247753839999405,37.18394838000006],[-3.7311666959999457,37.18400206000007],[-3.7331059099999493,37.186382105000064],[-3.73315297299996,37.18945785600005],[-3.725691921999953,37.18888631600004],[-3.7247510249999323,37.186791425000024]]]]}},{"type":"Feature","properties":{"ClaseSuelo":"SUELO URBANO","NuclRural":"0","AreaLamber":252.60979125,"Shape_STAr":0.000256535260765},"geometry":{"type":"MultiPolygon","coordinates":[[[[-3.726557854999953,37.193080861000055],[-3.7184335379999425,37.19269963000005],[-3.7185547919999635,37.19418089900006],[-3.7167264399999453,37.19445468300006],[-3.7159098509999353,37.19301663600004],[-3.710319409999954,37.19276165600007],[-3.7110597559999405,37.19403370100008],[-3.7099711599999523,37.194281645000046],[-3.7075374789999387,37.192942008000045],[-3.7068025019999595,37.18907393000006],[-3.7167258409999704,37.183862017000024],[-3.7206240899999443,37.18355550200005],[-3.7257414039999617,37.18499413200004],[-3.724446344999933,37.18876614100003],[-3.7403785979999498,37.18935191800006],[-3.739671224999938,37.190439953000066],[-3.734533141999975,37.18996407100008],[-3.7361589949999257,37.19165920000006],[-3.72870987999994,37.19650726900005],[-3.726557854999953,37.193080861000055]],[[-3.7342634619999444,37.192268357000046],[-3.7337359199999582,37.19223617800003],[-3.733733721999954,37.19284879200006],[-3.7342634619999444,37.192268357000046]],[[-3.7257767939999553,37.19235652000003],[-3.7249356469999384,37.192354400000056],[-3.725813194999944,37.19264935100006],[-3.7257767939999553,37.19235652000003]],[[-3.7182081119999566,37.19244584200004],[-3.721118495999974,37.19238905900005],[-3.7206393229999435,37.19158036400006],[-3.7182081119999566,37.19244584200004]],[[-3.728876634999949,37.19011071600005],[-3.727833951999969,37.18955735900005],[-3.7271492739999417,37.19112112400006],[-3.728876634999949,37.19011071600005]],[[-3.7139834769999425,37.18962963900003],[-3.7134632909999254,37.18845875200003],[-3.713342157999932,37.18916852500007],[-3.7139834769999425,37.18962963900003]],[[-3.7147965379999732,37.18942630000004],[-3.7156759289999286,37.18865883600006],[-3.7148074289999613,37.188678623000044],[-3.7147965379999732,37.18942630000004]],[[-3.7209446299999627,37.18581944400006],[-3.7210694179999564,37.18573953500004],[-3.7207589679999273,37.18573612700004],[-3.7209446299999627,37.18581944400006]],[[-3.716871590999972,37.19265272400003],[-3.7162637049999603,37.19343215200007],[-3.7179681639999558,37.19292186000007],[-3.716871590999972,37.19265272400003]]],[[[-3.7071352599999727,37.18600759000003],[-3.7091115419999596,37.186242176000064],[-3.708121078999966,37.18692529600003],[-3.7071352599999727,37.18600759000003]]],[[[-3.7469679269999574,37.188266111000075],[-3.750919989999943,37.188276838000036],[-3.750409271999956,37.190499196000076],[-3.7440229149999595,37.19060032800007],[-3.7469679269999574,37.188266111000075]]],[[[-3.7605536309999366,37.19099580200003],[-3.7606399639999495,37.190197891000025],[-3.76138900899997,37.19025050600004],[-3.7605536309999366,37.19099580200003]]],[[[-3.698414118999949,37.19189883300004],[-3.6986007929999687,37.19012911000004],[-3.7008049289999576,37.19065092000005],[-3.7001592489999666,37.19270707900006],[-3.698414118999949,37.19189883300004]]],[[[-3.702756810999972,37.19196592700007],[-3.703466750999951,37.191599850000046],[-3.7032161509999355,37.19272242000005],[-3.702756810999972,37.19196592700007]]],[[[-3.698440302999927,37.19229529300003],[-3.700564363999945,37.192932660000054],[-3.6988857729999722,37.19305641300008],[-3.698440302999927,37.19229529300003]]],[[[-3.7689088829999378,37.19269484100005],[-3.7571329069999706,37.19203301500005],[-3.7692857619999245,37.19088067600006],[-3.7689088829999378,37.19269484100005]]],[[[-3.703707728999973,37.19299217200006],[-3.703993819999937,37.192964120000056],[-3.7040632709999386,37.19348471700005],[-3.703707728999973,37.19299217200006]]],[[[-3.6980956119999746,37.19401898900003],[-3.6987759739999433,37.19357843700004],[-3.6984040029999505,37.19418147300007],[-3.6980956119999746,37.19401898900003]]],[[[-3.700208520999979,37.193228619000024],[-3.7010937679999643,37.19343678700005],[-3.6996078219999617,37.19542444100006],[-3.700208520999979,37.193228619000024]]],[[[-3.704543656999931,37.19288939300003],[-3.7058374239999807,37.192766146000054],[-3.7065620759999547,37.195204696000076],[-3.705141312999956,37.19557400800005],[-3.704543656999931,37.19288939300003]]],[[[-3.7462873369999556,37.19514157100008],[-3.746817089999979,37.19426494500004],[-3.7475086069999293,37.195014901000036],[-3.7462873369999556,37.19514157100008]]],[[[-3.7334161369999492,37.19458845500003],[-3.735478708999949,37.194675905000054],[-3.735426082999936,37.19570898200004],[-3.7334161369999492,37.19458845500003]]],[[[-3.7414728159999413,37.19739308000004],[-3.737589195999931,37.19537446600003],[-3.740940304999981,37.19342852500006],[-3.745355530999973,37.194607278000035],[-3.7422292989999733,37.19429732300006],[-3.7449343129999306,37.19593651800005],[-3.744298194999942,37.19734444200003],[-3.7414728159999413,37.19739308000004]],[[-3.7435168419999627,37.19710087900006],[-3.744440450999946,37.19623183900006],[-3.743744607999929,37.19620744300005],[-3.7435168419999627,37.19710087900006]],[[-3.743870461999961,37.19577416800007],[-3.743027960999939,37.19552835400003],[-3.742862723999963,37.195938038000065],[-3.743870461999961,37.19577416800007]],[[-3.740859900999965,37.19504219000004],[-3.7409864899999548,37.19414040400005],[-3.740114731999938,37.19436248200003],[-3.740859900999965,37.19504219000004]]],[[[-3.750849204999952,37.21936038900003],[-3.751318203999972,37.21719570100004],[-3.7484604999999647,37.21641746300003],[-3.7517579999999384,37.214741667000055],[-3.7524945069999376,37.21771582400004],[-3.750849204999952,37.21936038900003]]]]}},{"type":"Feature","properties":{"ClaseSuelo":"SUELO URBANO NO CONSOLIDADO","NuclRural":"0","AreaLamber":26.96186617,"Shape_STAr":0.000027380889905},"geometry":{"type":"MultiPolygon","coordinates":[[[[-3.7230444769999735,37.19535655800007],[-3.722556830999963,37.19384766100006],[-3.7185547919999635,37.19418089900006],[-3.7182136769999374,37.192820675000064],[-3.7278430669999807,37.19366458800005],[-3.7254163909999534,37.19345470600007],[-3.7248863079999524,37.19524640800006],[-3.7230444769999735,37.19535655800007]]],[[[-3.714935680999929,37.18531424400004],[-3.7167085529999326,37.183565842000064],[-3.7239363459999595,37.18252581400003],[-3.7238718179999637,37.18439208500007],[-3.717119302999947,37.18378618700007],[-3.714935680999929,37.18531424400004]]],[[[-3.720765880999977,37.18582230100003],[-3.7207589679999273,37.18573612700004],[-3.7210694179999564,37.18573953500004],[-3.720765880999977,37.18582230100003]]],[[[-3.724481429999969,37.188120543000025],[-3.725695013999939,37.188121797000065],[-3.725691921999953,37.18888631600004],[-3.724481429999969,37.188120543000025]]],[[[-3.7147965379999732,37.18942630000004],[-3.7148074289999613,37.188678623000044],[-3.7156759289999286,37.18865883600006],[-3.7147965379999732,37.18942630000004]]],[[[-3.7139834769999425,37.18962963900003],[-3.713342157999932,37.18916852500007],[-3.7134632909999254,37.18845875200003],[-3.7139834769999425,37.18962963900003]]],[[[-3.727186232999941,37.19054657600003],[-3.727833951999969,37.18955735900005],[-3.7297221049999507,37.19048423000004],[-3.727186232999941,37.19054657600003]]],[[[-3.7182081119999566,37.19244584200004],[-3.7206393229999435,37.19158036400006],[-3.721118495999974,37.19238905900005],[-3.7182081119999566,37.19244584200004]]],[[[-3.724939726999935,37.19232418400003],[-3.725750368999968,37.192227701000036],[-3.725813194999944,37.19264935100006],[-3.724939726999935,37.19232418400003]]],[[[-3.7337147079999795,37.19245281800005],[-3.7342634619999444,37.192268357000046],[-3.733733721999954,37.19284879200006],[-3.7337147079999795,37.19245281800005]]],[[[-3.7168493709999666,37.19279035300008],[-3.7179681639999558,37.19292186000007],[-3.7162637049999603,37.19343215200007],[-3.7168493709999666,37.19279035300008]]],[[[-3.740114731999938,37.19436248200003],[-3.7409864899999548,37.19414040400005],[-3.740859900999965,37.19504219000004],[-3.740114731999938,37.19436248200003]]],[[[-3.742862723999963,37.195938038000065],[-3.743027960999939,37.19552835400003],[-3.743870461999961,37.19577416800007],[-3.742862723999963,37.195938038000065]]],[[[-3.7435168419999627,37.19710087900006],[-3.743744607999929,37.19620744300005],[-3.744440450999946,37.19623183900006],[-3.7435168419999627,37.19710087900006]]],[[[-3.7418927949999556,37.19730758700007],[-3.742527602999928,37.19688235800004],[-3.742198154999926,37.19770149400006],[-3.7418927949999556,37.19730758700007]]]]}},{"type":"Feature","properties":{"ClaseSuelo":"SISTEMAS GENERALES","NuclRural":"0","AreaLamber":4.01175602,"Shape_STAr":0.00000405422179495},"geometry":{"type":"Polygon","coordinates":[[[-3.1926866719999794,36.805693150000025],[-3.19055771099994,36.80635476200007],[-3.1904069009999603,36.80449601600003],[-3.1926866719999794,36.805693150000025]]]}},{"type":"Feature","properties":{"ClaseSuelo":"SUELO NO URBANIZABLE","NuclRural":"0","AreaLamber":6151.49489915,"Shape_STAr":0.00621464584571},"geometry":{"type":"Polygon","coordinates":[[[-3.234163667999951,36.78632781500005],[-3.2363961439999684,36.79111185200003],[-3.236158461999935,36.797647933000064],[-3.2423641089999364,36.79987113000004],[-3.2417009429999553,36.80252811300005],[-3.2394914309999763,36.802818872000046],[-3.2413705909999635,36.80401784800006],[-3.2408486499999754,36.80988943400007],[-3.2345612659999574,36.81418389000004],[-3.2292827779999698,36.811147203000075],[-3.2071898349999515,36.81265694900003],[-3.20053583899994,36.81047774500007],[-3.192089163999981,36.813033748000066],[-3.1859515709999755,36.810979099000065],[-3.1867048369999793,36.81185234600008],[-3.184269042999972,36.81528169100005],[-3.1850581009999246,36.821680868000044],[-3.17963885599994,36.82973919300008],[-3.179569926999932,36.83382291500004],[-3.169591045999937,36.83471189200003],[-3.1676363899999274,36.81782121500004],[-3.1580302239999583,36.802779763000046],[-3.156344722999961,36.795317805000025],[-3.14146225199994,36.79079284300008],[-3.139280398999972,36.78668467800003],[-3.1399947509999606,36.78507922700004],[-3.134003451999945,36.78131789200006],[-3.135947129999977,36.777763906000075],[-3.136845800999936,36.76643132000004],[-3.132862296999974,36.756591626000045],[-3.1286850829999366,36.75086273800008],[-3.134229631999972,36.750505118000035],[-3.1442881639999314,36.74393973000008],[-3.1526642919999404,36.747026265000045],[-3.149621331999981,36.74839376800003],[-3.153710510999929,36.74975413300007],[-3.1599885579999523,36.748905731000036],[-3.1564111359999742,36.74727527500005],[-3.1624461899999687,36.74423212100004],[-3.1679240929999537,36.74442292600003],[-3.1691844619999756,36.74529435000005],[-3.1676870089999625,36.74705929500004],[-3.1689228659999458,36.749354949000065],[-3.175463807999961,36.752161089000026],[-3.1809852839999735,36.75010478100006],[-3.1753820589999577,36.74920718000004],[-3.1790891499999248,36.74803977400006],[-3.1868240279999327,36.750317746000064],[-3.193710211999928,36.74905376700008],[-3.20183549799998,36.750500756000065],[-3.211813475999975,36.74526398900008],[-3.230247821999967,36.751639469000054],[-3.233339393999927,36.75003686600007],[-3.232129365999981,36.755196658000045],[-3.234524955999973,36.75826601400007],[-3.237439687999938,36.76974502100006],[-3.2368825729999458,36.77803063400006],[-3.234201700999961,36.78574183500007],[-3.2323163599999702,36.785890005000056],[-3.234163667999951,36.78632781500005]],[[-3.1926866719999794,36.805693150000025],[-3.1904069009999603,36.80449601600003],[-3.19055771099994,36.80635476200007],[-3.1926866719999794,36.805693150000025]],[[-3.1704447399999367,36.82185844400004],[-3.1706179319999706,36.820304917000044],[-3.1695393299999637,36.82113249400004],[-3.1704447399999367,36.82185844400004]],[[-3.1728609919999258,36.80744051000005],[-3.1718344509999383,36.80662428100004],[-3.1709441879999645,36.80746585600008],[-3.1728609919999258,36.80744051000005]],[[-3.173366506999969,36.826095285000065],[-3.1714563299999554,36.82576013500005],[-3.172263470999951,36.82675595200004],[-3.173366506999969,36.826095285000065]],[[-3.158093004999955,36.79967729900005],[-3.1593296609999584,36.80061743600004],[-3.1603773559999695,36.79967424000006],[-3.158093004999955,36.79967729900005]],[[-3.168858342999954,36.79965320100007],[-3.1706079099999442,36.801027342000054],[-3.1722993429999633,36.799657567000054],[-3.1706538719999457,36.79828330200007],[-3.168858342999954,36.79965320100007]],[[-3.177461252999933,36.81844401300003],[-3.176304598999934,36.81728597100005],[-3.1747701259999417,36.81825628300004],[-3.1760092769999346,36.81944735500008],[-3.177461252999933,36.81844401300003]],[[-3.1486328939999453,36.75011708100004],[-3.147697477999941,36.74995218200007],[-3.1476211429999807,36.75027837500005],[-3.1486328939999453,36.75011708100004]],[[-3.143472135999957,36.78550388200006],[-3.14238550999994,36.78463854700004],[-3.1411356959999353,36.78567001000005],[-3.143472135999957,36.78550388200006]],[[-3.141496626999981,36.75303505900007],[-3.143191060999925,36.753925604000074],[-3.1429628089999255,36.753051036000045],[-3.141496626999981,36.75303505900007]],[[-3.143308068999943,36.751165686000036],[-3.14538863599995,36.75344003400005],[-3.1450581849999253,36.75085543900008],[-3.143308068999943,36.751165686000036]],[[-3.1750679089999494,36.78987304300006],[-3.1741027669999653,36.78905773500003],[-3.1731413429999407,36.78988573300006],[-3.1750679089999494,36.78987304300006]],[[-3.1815446759999304,36.77525595800006],[-3.1808072239999774,36.774499397000056],[-3.1799999889999526,36.774824971000044],[-3.1815446759999304,36.77525595800006]],[[-3.185137104999967,36.77271245600008],[-3.1850012019999667,36.77462701300004],[-3.18900885599993,36.771381991000055],[-3.183675293999954,36.77335478600003],[-3.185137104999967,36.77271245600008]],[[-3.187861896999948,36.774193453000066],[-3.189807397999971,36.77428063600007],[-3.1884338529999354,36.77351349800006],[-3.187861896999948,36.774193453000066]],[[-3.172762230999979,36.78499826600006],[-3.1718922309999584,36.784165528000074],[-3.1708325809999565,36.784949236000045],[-3.172762230999979,36.78499826600006]],[[-3.1919983389999516,36.781260804000055],[-3.192772669999954,36.78204225500008],[-3.193933872999935,36.78126712100004],[-3.1919983389999516,36.781260804000055]],[[-3.2111892709999665,36.795102143000065],[-3.211902785999939,36.79606144600007],[-3.2136839639999266,36.79490878100006],[-3.202098765999949,36.78968565800005],[-3.202812951999931,36.788479737000046],[-3.2008801049999533,36.787639366000064],[-3.1989038989999585,36.78853130300007],[-3.199044621999974,36.79072144100007],[-3.1967171729999677,36.791230376000044],[-3.199803180999936,36.79187367700007],[-3.1977941869999427,36.79297756300008],[-3.202471829999979,36.79462082800006],[-3.2043281689999503,36.79308723400004],[-3.2111892709999665,36.795102143000065]],[[-3.2041135119999353,36.76547186500005],[-3.2030947709999396,36.76477890500007],[-3.202199332999953,36.765681518000065],[-3.2041135119999353,36.76547186500005]],[[-3.1689309899999785,36.750464632000046],[-3.1664720519999605,36.749340275000066],[-3.169562115999952,36.752417896000054],[-3.1689309899999785,36.750464632000046]],[[-3.2237860079999336,36.75754287600006],[-3.2248590169999716,36.75639767800004],[-3.2234944019999716,36.75575162200005],[-3.2237860079999336,36.75754287600006]],[[-3.231108694999932,36.777880776000075],[-3.2299226029999772,36.77722687200003],[-3.2291782279999666,36.77821472800008],[-3.231108694999932,36.777880776000075]]]}},{"type":"Feature","properties":{"ClaseSuelo":"SUELO NO URBANIZABLE","NuclRural":"1","AreaLamber":46.06121551,"Shape_STAr":0.0000465426302268},"geometry":{"type":"MultiPolygon","coordinates":[[[[-3.1703155989999345,36.798300064000045],[-3.172205708999968,36.79916471800004],[-3.1715962979999404,36.800779427000066],[-3.1690128019999406,36.80020177600005],[-3.1703155989999345,36.798300064000045]]],[[[-3.2234944019999716,36.75575162200005],[-3.2244691479999688,36.75735369900008],[-3.222805452999978,36.75712265100003],[-3.2234944019999716,36.75575162200005]]],[[[-3.202836047999938,36.764810673000056],[-3.2039066179999622,36.76604899000006],[-3.2024270159999446,36.76603861700005],[-3.202836047999938,36.764810673000056]]],[[[-3.2299226029999772,36.77722687200003],[-3.2307425449999414,36.778630828000075],[-3.2291782279999666,36.77821472800008],[-3.2299226029999772,36.77722687200003]]],[[[-3.192825616999926,36.780507218000025],[-3.1934426309999253,36.78196502900005],[-3.1920633179999527,36.78150738800008],[-3.192825616999926,36.780507218000025]]],[[[-3.1716437789999645,36.784175756000025],[-3.1722759429999314,36.78565284600006],[-3.17087597099993,36.78514903800004],[-3.1716437789999645,36.784175756000025]]],[[[-3.1421340039999563,36.78466444500003],[-3.142891898999949,36.786406568000075],[-3.1411951579999595,36.785867401000075],[-3.1421340039999563,36.78466444500003]]],[[[-3.233006791999969,36.78528016200005],[-3.233803246999969,36.78668501900006],[-3.232417921999968,36.786435152000024],[-3.233006791999969,36.78528016200005]]],[[[-3.1738329029999477,36.78910254300007],[-3.1746674089999374,36.790483092000045],[-3.1732063719999246,36.79015459100003],[-3.1738329029999477,36.78910254300007]]],[[[-3.158938421999949,36.79879717000006],[-3.160327752999933,36.799460371000066],[-3.1596447459999695,36.80056818000003],[-3.1581748109999808,36.800086461000035],[-3.158938421999949,36.79879717000006]]],[[[-3.2403332559999285,36.80215305400003],[-3.2417009429999553,36.80252811300005],[-3.2413705909999635,36.80401784800006],[-3.239493182999979,36.80338137500007],[-3.2403332559999285,36.80215305400003]]],[[[-3.171636431999957,36.806650905000026],[-3.1725596829999745,36.80800657800006],[-3.1710775489999605,36.80781934000004],[-3.171636431999957,36.806650905000026]]],[[[-3.1759101489999466,36.81729602200005],[-3.177419208999936,36.81808431300004],[-3.1765891109999416,36.81939679100003],[-3.1747797159999323,36.81858999700006],[-3.1759101489999466,36.81729602200005]]],[[[-3.17034708999995,36.82030530500003],[-3.170912717999954,36.82180508400006],[-3.1695897839999247,36.82131703700003],[-3.17034708999995,36.82030530500003]]],[[[-3.172264458999962,36.82520175900004],[-3.1727582499999585,36.82671329400006],[-3.1715051779999612,36.82627533300007],[-3.172264458999962,36.82520175900004]]]]}},{"type":"Feature","properties":{"ClaseSuelo":"SUELO URBANIZABLE DELIMITADO O SECTORIZADO","NuclRural":"0","AreaLamber":3.16151922,"Shape_STAr":0.0000031927183613},"geometry":{"type":"Polygon","coordinates":[[[-3.179981719999944,36.74905260400004],[-3.1809852839999735,36.75010478100006],[-3.1766923309999697,36.75000514300007],[-3.179981719999944,36.74905260400004]]]}},{"type":"Feature","properties":{"ClaseSuelo":"SUELO URBANO","NuclRural":"0","AreaLamber":80.19483261,"Shape_STAr":0.0000810089387602},"geometry":{"type":"MultiPolygon","coordinates":[[[[-3.211457816999939,36.795987197000045],[-3.209577536999973,36.79374930100005],[-3.2043281689999503,36.79308723400004],[-3.202471829999979,36.79462082800006],[-3.1977941869999427,36.79297756300008],[-3.199803180999936,36.79187367700007],[-3.1967171729999677,36.791230376000044],[-3.199044621999974,36.79072144100007],[-3.1989038989999585,36.78853130300007],[-3.2008801049999533,36.787639366000064],[-3.202812951999931,36.788479737000046],[-3.202098765999949,36.78968565800005],[-3.2136839639999266,36.79490878100006],[-3.211457816999939,36.795987197000045]],[[-3.211381069999959,36.794980354000074],[-3.2116426899999624,36.794800131000045],[-3.2105140479999363,36.79468852700006],[-3.211381069999959,36.794980354000074]],[[-3.2106772859999637,36.79455766800004],[-3.2114428289999637,36.794351679000044],[-3.2096057939999696,36.793705094000074],[-3.2106772859999637,36.79455766800004]],[[-3.2055728429999704,36.79337236600003],[-3.2043143729999315,36.79304581300005],[-3.2055760849999615,36.79365319600004],[-3.2055728429999704,36.79337236600003]],[[-3.2080106139999316,36.792873634000046],[-3.207914814999981,36.79213645500005],[-3.206653681999967,36.79229071100008],[-3.2080106139999316,36.792873634000046]],[[-3.2051812939999422,36.79273121400007],[-3.2051220109999576,36.79264375400004],[-3.2050248669999633,36.79271701500005],[-3.2051812939999422,36.79273121400007]],[[-3.2029542689999744,36.79265557800005],[-3.202924037999935,36.79255640300005],[-3.202873335999925,36.79265009200003],[-3.2029542689999744,36.79265557800005]],[[-3.19846442599993,36.79121999100005],[-3.2010449359999598,36.78908072000007],[-3.1999163849999377,36.78757419400006],[-3.1990760929999738,36.790757953000025],[-3.1971011859999408,36.79105135100008],[-3.19846442599993,36.79121999100005]],[[-3.2019345029999613,36.78980828300007],[-3.2048820869999304,36.790841605000026],[-3.203505064999945,36.78994535000004],[-3.2019345029999613,36.78980828300007]]],[[[-3.1537257599999293,36.74942928100006],[-3.149621331999981,36.74839376800003],[-3.1526642919999404,36.747026265000045],[-3.1588910829999577,36.74747445400004],[-3.1599885579999523,36.748905731000036],[-3.1537257599999293,36.74942928100006]],[[-3.1538011649999476,36.74940208700008],[-3.1538350559999344,36.74883149400006],[-3.153424050999945,36.74889196700008],[-3.1533137269999543,36.74936258300005],[-3.1538011649999476,36.74940208700008]],[[-3.1524852609999243,36.74917601300007],[-3.1532911789999503,36.748800447000065],[-3.1497793499999602,36.748451405000026],[-3.1524852609999243,36.74917601300007]],[[-3.155726533999939,36.748406584000065],[-3.154017418999956,36.74935316500006],[-3.1563331779999544,36.748059874000035],[-3.155726533999939,36.748406584000065]],[[-3.152509959999975,36.74813895600005],[-3.153417911999952,36.74744983800008],[-3.152592916999936,36.747263746000044],[-3.152509959999975,36.74813895600005]],[[-3.153516768999964,36.747484765000024],[-3.1535306879999325,36.74783341800003],[-3.154201255999965,36.74785884200003],[-3.153516768999964,36.747484765000024]],[[-3.156548774999976,36.74801591100004],[-3.1572783109999705,36.74940431700003],[-3.158572299999946,36.74911101500004],[-3.156548774999976,36.74801591100004]]],[[[-3.147697477999941,36.74995218200007],[-3.148580359999926,36.750422419000074],[-3.1476211429999807,36.75027837500005],[-3.147697477999941,36.74995218200007]]],[[[-3.175463807999961,36.752161089000026],[-3.169931854999959,36.75014893200006],[-3.1678045199999474,36.74667733300004],[-3.1691844619999756,36.74529435000005],[-3.1766337469999257,36.74993065600006],[-3.1774262449999355,36.750846128000035],[-3.175463807999961,36.752161089000026]],[[-3.1757558509999626,36.749455253000065],[-3.1744535539999674,36.74955095100006],[-3.175607988999957,36.751575229000025],[-3.1731026799999427,36.75064740100004],[-3.175758339999959,36.75210489400007],[-3.1773704379999685,36.75083713300006],[-3.1757558509999626,36.749455253000065]],[[-3.17307272599993,36.751288973000044],[-3.1719749029999775,36.750632567000025],[-3.173882773999935,36.75188368500005],[-3.17307272599993,36.751288973000044]],[[-3.1702307279999786,36.749252254000055],[-3.17009481599996,36.74932351000007],[-3.1701743589999296,36.74935424300003],[-3.1702307279999786,36.749252254000055]],[[-3.170347020999941,36.74695109500004],[-3.1688448489999246,36.74563542000004],[-3.1677647119999506,36.74706798300008],[-3.170347020999941,36.74695109500004]]],[[[-3.169562115999952,36.752417896000054],[-3.1665770319999638,36.74922698100005],[-3.1688810439999315,36.75002598400005],[-3.169562115999952,36.752417896000054]],[[-3.1673969119999583,36.74903219300006],[-3.1683224779999364,36.75109371100007],[-3.168855356999927,36.75004920200007],[-3.1673969119999583,36.74903219300006]]],[[[-3.1444517729999575,36.75305635500007],[-3.14355287799998,36.750497798000026],[-3.1459399959999246,36.752312507000056],[-3.1444517729999575,36.75305635500007]],[[-3.145503607999956,36.751745467000035],[-3.145307169999967,36.75151718300003],[-3.1450840919999337,36.75166340900006],[-3.145503607999956,36.751745467000035]],[[-3.1438166729999466,36.75115060400003],[-3.1441918029999556,36.75054481500007],[-3.1432334729999525,36.75089041000007],[-3.1438166729999466,36.75115060400003]]],[[[-3.1427779599999326,36.753854674000024],[-3.1416445339999655,36.752676233000045],[-3.1429628089999255,36.753051036000045],[-3.1427779599999326,36.753854674000024]]],[[[-3.189121927999963,36.774428586000056],[-3.1878617159999294,36.774119351000024],[-3.189564091999955,36.77375354700007],[-3.189121927999963,36.774428586000056]]],[[[-3.1841813799999272,36.77353175200005],[-3.18900885599993,36.771381991000055],[-3.1857186139999385,36.77443516000005],[-3.1841813799999272,36.77353175200005]],[[-3.186805634999928,36.77240847600007],[-3.1865114239999457,36.77242088000003],[-3.186724096999967,36.77253262500005],[-3.186805634999928,36.77240847600007]]],[[[-3.18067588699995,36.77534281800007],[-3.1799999889999526,36.774824971000044],[-3.1817212219999647,36.77504727100006],[-3.18067588699995,36.77534281800007]]]]}},{"type":"Feature","properties":{"ClaseSuelo":"SUELO URBANO NO CONSOLIDADO","NuclRural":"0","AreaLamber":24.47291709,"Shape_STAr":0.0000247183185597},"geometry":{"type":"MultiPolygon","coordinates":[[[[-3.1745236559999626,36.75169108000006],[-3.1731026799999427,36.75064740100004],[-3.175607988999957,36.751575229000025],[-3.1744815039999708,36.74951572100008],[-3.1773704379999685,36.75083713300006],[-3.1745236559999626,36.75169108000006]]],[[[-3.1538769459999685,36.74788805700007],[-3.153516768999964,36.747484765000024],[-3.154197503999967,36.74753897100004],[-3.1538769459999685,36.74788805700007]]],[[[-3.1680300369999372,36.74740987700005],[-3.1688448489999246,36.74563542000004],[-3.170347020999941,36.74695109500004],[-3.1680300369999372,36.74740987700005]]],[[[-3.1523563139999737,36.74812605400007],[-3.152592916999936,36.747263746000044],[-3.153417911999952,36.74744983800008],[-3.1523563139999737,36.74812605400007]]],[[[-3.1521389939999267,36.74912552600006],[-3.1497793499999602,36.748451405000026],[-3.1532911789999503,36.748800447000065],[-3.1521389939999267,36.74912552600006]]],[[[-3.154017418999956,36.74935316500006],[-3.1563331779999544,36.748059874000035],[-3.1562771439999437,36.748653982000064],[-3.154017418999956,36.74935316500006]]],[[[-3.17009481599996,36.74932351000007],[-3.1702307279999786,36.749252254000055],[-3.1701743589999296,36.74935424300003],[-3.17009481599996,36.74932351000007]]],[[[-3.1534303869999576,36.749215528000036],[-3.1538350559999344,36.74883149400006],[-3.1538011649999476,36.74940208700008],[-3.1534303869999576,36.749215528000036]]],[[[-3.156881723999959,36.748666408000076],[-3.1574737659999528,36.747828785000024],[-3.158572299999946,36.74911101500004],[-3.156881723999959,36.748666408000076]]],[[[-3.1671982339999545,36.74902225300008],[-3.168855356999927,36.75004920200007],[-3.1683224779999364,36.75109371100007],[-3.1671982339999545,36.74902225300008]]],[[[-3.1433525679999548,36.751164104000054],[-3.1435696339999595,36.750518320000026],[-3.144377520999967,36.75077707400004],[-3.1433525679999548,36.751164104000054]]],[[[-3.1452628169999457,36.75151723700003],[-3.1453830099999323,36.75183321700007],[-3.1450840919999337,36.75166340900006],[-3.1452628169999457,36.75151723700003]]],[[[-3.1719749029999775,36.750632567000025],[-3.173882773999935,36.75188368500005],[-3.1720987339999738,36.75107820900007],[-3.1719749029999775,36.750632567000025]]],[[[-3.1865114239999457,36.77242088000003],[-3.186805634999928,36.77240847600007],[-3.186724096999967,36.77253262500005],[-3.1865114239999457,36.77242088000003]]],[[[-3.183675293999954,36.77335478600003],[-3.1836042119999775,36.772901483000055],[-3.185295018999966,36.77262644900003],[-3.183675293999954,36.77335478600003]]],[[[-3.2043422139999507,36.79056458600007],[-3.2019345029999613,36.78980828300007],[-3.2048820869999304,36.790841605000026],[-3.2043422139999507,36.79056458600007]]],[[[-3.198345867999933,36.79120707000004],[-3.1971011859999408,36.79105135100008],[-3.1990760929999738,36.790757953000025],[-3.1999163849999377,36.78757419400006],[-3.2002752179999447,36.79092047900008],[-3.198345867999933,36.79120707000004]]],[[[-3.2028872019999426,36.79260467300003],[-3.2030001519999587,36.792628584000056],[-3.202910352999936,36.792670919000045],[-3.2028872019999426,36.79260467300003]]],[[[-3.2050425499999733,36.792688043000055],[-3.2051812939999422,36.79273121400007],[-3.2050559089999524,36.79276667800008],[-3.2050425499999733,36.792688043000055]]],[[[-3.2078135559999623,36.792599807000045],[-3.206653681999967,36.79229071100008],[-3.2074535219999802,36.79195759000004],[-3.2078135559999623,36.792599807000045]]],[[[-3.204473016999941,36.79287599300005],[-3.2057508679999387,36.793535822000024],[-3.2043143729999315,36.79304581300005],[-3.204473016999941,36.79287599300005]]],[[[-3.2103926759999695,36.794361636000076],[-3.2096057939999696,36.793705094000074],[-3.2114428289999637,36.794351679000044],[-3.2103926759999695,36.794361636000076]]],[[[-3.2112254029999576,36.79508276400003],[-3.2105140479999363,36.79468852700006],[-3.2116426899999624,36.794800131000045],[-3.2112254029999576,36.79508276400003]]]]}},{"type":"Feature","properties":{"ClaseSuelo":"SUELO NO URBANIZABLE","NuclRural":"0","AreaLamber":43135.2942334,"Shape_STAr":0.043690099209},"geometry":{"type":"MultiPolygon","coordinates":[[[[-3.967126536999956,37.154127198000026],[-3.9650800409999647,37.154369220000035],[-3.9646559399999433,37.15201104600004],[-3.9610250029999747,37.15162589600004],[-3.9567815699999755,37.14910028400004],[-3.956347745999949,37.146841309000024],[-3.9541019639999604,37.14644476500007],[-3.9534830599999395,37.14468302900008],[-3.956938563999927,37.14189695300007],[-3.9595365699999547,37.13452966300008],[-3.957422023999925,37.13379860300006],[-3.954419879999932,37.12782858000003],[-3.948074755999926,37.122741563000034],[-3.9492304909999802,37.12064109500005],[-3.945079181999972,37.12082748600005],[-3.9401420909999274,37.115728803000025],[-3.9361961319999637,37.10423123400005],[-3.939825085999928,37.09827138900005],[-3.934263656999974,37.09716153900007],[-3.933747281999956,37.08992742800007],[-3.931844117999958,37.08795932800007],[-3.9344899869999495,37.08810076800006],[-3.929900522999958,37.069775425000046],[-3.930252697999947,37.06176826600006],[-3.9270701839999447,37.057196042000044],[-3.9263198599999782,37.051910693000025],[-3.9280360639999685,37.044154269000046],[-3.9244463799999494,37.03931471800007],[-3.9206161079999333,37.026616690000026],[-3.916134200999977,37.027877267000065],[-3.915449080999963,37.02606171700006],[-3.906279941999969,37.022679682000046],[-3.906525510999927,37.01969415800005],[-3.9013626059999638,37.020391491000055],[-3.89491157599997,37.02437041700006],[-3.9052087089999645,37.02430136800007],[-3.9043823039999666,37.03045524100003],[-3.897467398999936,37.03042659100004],[-3.8866482699999665,37.03498786600005],[-3.885818811999968,37.032307873000036],[-3.878258847999973,37.025098713000034],[-3.872073761999957,37.02494599500005],[-3.8880343399999333,37.02077136200006],[-3.909700288999943,37.010655823000036],[-3.9163595199999577,37.009198430000026],[-3.927469495999958,37.00311783300003],[-3.918876412999964,36.989519280000025],[-3.915640223999958,36.96891095800004],[-3.9353294899999582,36.96214120600007],[-3.9272901049999405,36.95780532600003],[-3.9259217879999255,36.94684577800007],[-3.9299359329999675,36.94446173500006],[-3.930629695999926,36.940562181000075],[-3.935219242999949,36.94027375200005],[-3.9368947089999438,36.93861997300007],[-3.940057327999966,36.93279887700004],[-3.9372897409999723,36.928701250000074],[-3.9277640899999255,36.926513431000046],[-3.9049470439999254,36.91591736200007],[-3.901998603999971,36.90483422600005],[-3.9039458949999357,36.89102761200007],[-3.886844931999974,36.87768003900004],[-3.8702339139999253,36.875341872000035],[-3.8488134869999726,36.87530742400003],[-3.839251565999973,36.88946471300005],[-3.8191665859999375,36.88350210600004],[-3.816785528999958,36.890675875000056],[-3.822512589999974,36.89726191200003],[-3.8225213199999644,36.89911880000005],[-3.8250222989999543,36.899975856000026],[-3.82929269899995,36.90874409600008],[-3.8268153489999577,36.91010448500003],[-3.819071664999967,36.907147327000075],[-3.81731216299994,36.903211173000045],[-3.8141346759999806,36.901015459000064],[-3.813635043999966,36.896250305000024],[-3.8061700389999373,36.89186611700006],[-3.8050109579999685,36.883030897000026],[-3.7877566739999793,36.873672371000055],[-3.7799582609999334,36.86703510500007],[-3.7850448289999576,36.86525283700007],[-3.787657991999936,36.861891214000025],[-3.795290331999979,36.857919148000065],[-3.8012038129999723,36.859141468000075],[-3.8095524299999397,36.85829165800004],[-3.811628146999965,36.84984904700008],[-3.8153202569999394,36.84684903800007],[-3.8214936429999398,36.84934861800008],[-3.8271687139999244,36.85552921000004],[-3.838462609999965,36.856342538000035],[-3.8423308149999684,36.85820821900006],[-3.8587802229999397,36.85152810300008],[-3.861029412999926,36.851043092000054],[-3.8640909109999484,36.85296799100007],[-3.8676096909999274,36.85067976400006],[-3.8757573589999765,36.85300884900005],[-3.8777068899999563,36.854770304000056],[-3.877137047999952,36.856928939000056],[-3.8825528269999268,36.85769114500005],[-3.8807942709999566,36.85987664100003],[-3.8905647359999307,36.86754718100008],[-3.895498216999954,36.86536471800008],[-3.8991014119999363,36.86743786400007],[-3.9095695259999275,36.86747543300004],[-3.91255433799995,36.86939965500005],[-3.9185971559999757,36.86808210800007],[-3.921614184999953,36.870799110000064],[-3.92410265999996,36.87898280400003],[-3.9295247919999383,36.882879778000074],[-3.9400345349999384,36.884311542000034],[-3.944134518999931,36.88646050500006],[-3.946450117999973,36.88495474000007],[-3.952119669999945,36.88786614500003],[-3.9600047589999576,36.887532305000036],[-3.961532022999961,36.88940393900003],[-3.970779223999955,36.89205108600004],[-3.9827271869999663,36.89258391300007],[-3.9992114649999735,36.88983237900004],[-4.012199603999932,36.89605948700006],[-4.014154262999966,36.89873807200007],[-4.035629196999935,36.904835793000075],[-4.0474092309999605,36.90358776900007],[-4.053772941999966,36.91497048400004],[-4.063650659999951,36.921345630000076],[-4.072245729999963,36.924206998000045],[-4.074153984999953,36.926578505000066],[-4.092000171999928,36.93324850800008],[-4.0991595319999306,36.94231375100003],[-4.099892932999978,36.95270917300007],[-4.111327183999947,36.94965515400003],[-4.138949274999959,36.95225094700004],[-4.133459130999938,36.95920819400004],[-4.104317365999975,36.975987384000064],[-4.090866762999951,36.978969144000075],[-4.080164857999932,36.97617347200003],[-4.089841860999968,36.98352161300005],[-4.101507067999933,36.98912884300006],[-4.11271069299994,36.99687554600007],[-4.126457924999954,37.00090133100008],[-4.135143031999974,37.01435746800007],[-4.1500276359999475,37.02420156000005],[-4.170374110999944,37.029239724000035],[-4.1839465249999535,37.02940257100005],[-4.1820162919999575,37.03108035300005],[-4.184424086999968,37.036266338000075],[-4.180990299999962,37.04469241500004],[-4.182492240999977,37.04800355200007],[-4.180616000999976,37.04884248800005],[-4.181438888999935,37.05042072700007],[-4.159782594999967,37.056538387000046],[-4.138164304999975,37.06694230000005],[-4.1213979549999635,37.07032886700006],[-4.114161475999936,37.07470562300006],[-4.111957277999977,37.07321198000005],[-4.104602428999954,37.07413698000005],[-4.091309488999968,37.07990261200007],[-4.085647951999931,37.078926970000055],[-4.087059960999966,37.080906094000056],[-4.084727717999954,37.083036666000055],[-4.074356075999958,37.087133152000035],[-4.061197160999939,37.08992864600003],[-4.058360376999929,37.09226151300004],[-4.049772427999926,37.092076388000066],[-4.021259010999927,37.10042860800007],[-4.01336675899995,37.09762087000007],[-3.9942587059999255,37.118253035000066],[-3.9855439219999766,37.118920692000074],[-3.9821856039999375,37.11711422900004],[-3.9819683979999354,37.123583481000026],[-3.9800871069999744,37.12522154000004],[-3.9829623539999375,37.13167870700005],[-3.9808400699999424,37.132976247000045],[-3.9807476679999354,37.13628509400007],[-3.977379499999927,37.14139671300006],[-3.975582685999939,37.141763050000066],[-3.9768611009999404,37.143987957000036],[-3.975710215999925,37.149063209000076],[-3.967126536999956,37.154127198000026]],[[-3.979048918999979,37.08566822800003],[-3.985532363999937,37.083270940000034],[-3.9868529289999515,37.08012313200004],[-3.996075787999928,37.079072566000036],[-4.006328430999929,37.07338844000003],[-4.006187140999941,37.06950465600005],[-4.002286399999946,37.06542733200007],[-4.002922228999978,37.059040121000066],[-3.991477153999938,37.05248400900007],[-3.9917836409999268,37.04838011100003],[-3.988341372999969,37.045695626000054],[-3.979972228999941,37.04636894500004],[-3.97710821499993,37.04050644100005],[-3.9747952939999323,37.040777846000026],[-3.9739466249999396,37.043002245000025],[-3.976281487999927,37.04970747400006],[-3.944337880999967,37.05020928700003],[-3.945146127999976,37.05825232700005],[-3.9407403289999365,37.071258413000066],[-3.9447504759999674,37.06988347500004],[-3.950336143999948,37.072182498000075],[-3.9539192839999373,37.07803984200007],[-3.960757661999935,37.07879591900007],[-3.9612113939999745,37.071959692000064],[-3.964620022999952,37.07196808900005],[-3.97219017499998,37.082497653000075],[-3.9759015579999755,37.08590147800004],[-3.979048918999979,37.08566822800003]],[[-3.989496792999944,37.01947611700007],[-3.9917519129999732,37.01716976500006],[-3.991484120999928,37.015040301000056],[-3.98732606599998,37.01521294300005],[-3.9871759229999384,37.022350380000034],[-3.988915585999962,37.02242803400003],[-3.989496792999944,37.01947611700007]],[[-4.000452964999965,37.01932603600005],[-4.005135718999952,37.01588661000005],[-4.003561747999925,37.018139322000025],[-4.007202996999979,37.01874373600003],[-4.007428011999934,37.01547997000006],[-3.997815295999942,37.01452332100007],[-3.9973429939999505,37.01636408400003],[-4.00040735999994,37.01696728100006],[-4.000452964999965,37.01932603600005]],[[-3.9906673009999736,37.01430965700007],[-3.9883019349999245,37.010356853000076],[-3.9889595449999433,37.00958650900003],[-3.9913603869999292,37.013864031000026],[-3.992612617999953,37.01265228600005],[-3.9899419809999586,37.00943925100006],[-3.990735197999925,37.010955557000045],[-3.9940535239999804,37.00695596200006],[-3.993021599999963,37.002188369000066],[-3.9947414279999407,36.99905917800004],[-3.9925549409999803,36.99830985700004],[-3.9910170859999425,36.99829103800005],[-3.9906679119999353,37.000377352000044],[-3.987264724999932,37.002783873000055],[-3.9823678419999737,37.00388760900006],[-3.9861990539999397,37.00593577200004],[-3.9857550199999423,37.00765463500005],[-3.986514945999943,37.00680028100004],[-3.9865560609999307,37.00955402200003],[-3.9843484699999294,37.011654763000024],[-3.986685416999933,37.012425746000076],[-3.986986222999974,37.010263982000026],[-3.987281469999971,37.013354150000055],[-3.9906673009999736,37.01430965700007]],[[-4.118134747999932,36.960994811000035],[-4.121608220999974,36.95752483700005],[-4.125556919999951,36.957174672000065],[-4.122777971999938,36.954426229000035],[-4.123357111999951,36.95268422600003],[-4.120386997999958,36.95659438500007],[-4.110480891999941,36.95740461400004],[-4.110494064999955,36.958670150000046],[-4.118553747999954,36.95833398600007],[-4.1105884609999634,36.95877811200006],[-4.119080409999981,36.958800273000065],[-4.118134747999932,36.960994811000035]],[[-4.121951130999946,36.957567133000055],[-4.120280354999977,36.95987739000003],[-4.121292909999966,36.95996939200006],[-4.121951130999946,36.957567133000055]]],[[[-3.898485497999957,37.09198447800003],[-3.8979415869999343,37.09070861400005],[-3.907977475999928,37.08968576900003],[-3.9120091399999524,37.09185424700007],[-3.9212440559999777,37.091593602000046],[-3.9225848029999497,37.09359328900007],[-3.9222244249999676,37.099139655000045],[-3.92455156099993,37.10265499500008],[-3.9249194879999436,37.110701547000076],[-3.9277336459999788,37.115348777000065],[-3.926055197999972,37.12170768500005],[-3.911110229999963,37.123905653000065],[-3.9069323129999702,37.122828964000064],[-3.900642325999968,37.112592008000036],[-3.8970137759999375,37.09790876200003],[-3.898485497999957,37.09198447800003]]]]}},{"type":"Feature","properties":{"ClaseSuelo":"SUELO URBANIZABLE DELIMITADO O SECTORIZADO","NuclRural":"0","AreaLamber":68.2578336,"Shape_STAr":0.0000691463581655},"geometry":{"type":"MultiPolygon","coordinates":[[[[-4.004692700999954,37.01826433300005],[-4.003540851999958,37.01730749700005],[-4.005135718999952,37.01588661000005],[-4.000173813999936,37.01929100800004],[-4.00040735999994,37.01696728100006],[-3.9973591439999723,37.015477772000054],[-3.999283053999932,37.014035378000074],[-4.004913411999951,37.01455751800006],[-4.005284208999967,37.016038181000056],[-4.007201529999975,37.01513061500003],[-4.007202996999979,37.01874373600003],[-4.004692700999954,37.01826433300005]]],[[[-4.121881603999952,36.95688884600003],[-4.122398247999968,36.95589785300007],[-4.124750862999974,36.95721800700005],[-4.121881603999952,36.95688884600003]]],[[[-4.110494064999955,36.958670150000046],[-4.110480891999941,36.95740461400004],[-4.114706488999957,36.956571041000075],[-4.11589036099997,36.957715292000046],[-4.110494064999955,36.958670150000046]]],[[[-3.9901432609999574,37.00941649600003],[-3.9937605369999574,37.00754929900006],[-3.990735197999925,37.010955557000045],[-3.9901432609999574,37.00941649600003]]],[[[-3.9889595449999433,37.00958650900003],[-3.9899419809999586,37.00943925100006],[-3.9908422579999296,37.012059848000035],[-3.9889595449999433,37.00958650900003]]],[[[-3.9846051029999785,37.011893359000055],[-3.9856427009999607,37.01050500600007],[-3.986685416999933,37.012425746000076],[-3.9846051029999785,37.011893359000055]]],[[[-3.986721232999969,37.011078120000036],[-3.9883019349999245,37.010356853000076],[-3.9890936599999804,37.01238619800006],[-3.986996612999974,37.01250915500003],[-3.986721232999969,37.011078120000036]]],[[[-3.9866662319999477,37.01795668700004],[-3.98732606599998,37.01521294300005],[-3.9891990259999375,37.01510384900007],[-3.988432884999952,37.01744767900004],[-3.991071518999945,37.017780697000035],[-3.990515666999954,37.01925551100004],[-3.986569157999952,37.019887381000046],[-3.9866662319999477,37.01795668700004]]]]}},{"type":"Feature","properties":{"ClaseSuelo":"SUELO URBANIZABLE NO DELIMITADO O SECTORIZADO","NuclRural":"0","AreaLamber":24.11017845,"Shape_STAr":0.0000244229612553},"geometry":{"type":"MultiPolygon","coordinates":[[[[-3.9907204149999416,37.01788125200005],[-3.988432884999952,37.01744767900004],[-3.9892029739999657,37.01510796000008],[-3.9916832229999386,37.01529627100007],[-3.9907204149999416,37.01788125200005]]],[[[-4.115729137999949,36.95850536800003],[-4.118599032999953,36.958815911000045],[-4.1105354909999505,36.959273508000024],[-4.115729137999949,36.95850536800003]]],[[[-4.120924066999976,36.95986135700008],[-4.120199879999973,36.95980446800007],[-4.121951130999946,36.957567133000055],[-4.120924066999976,36.95986135700008]]],[[[-3.9911383619999583,37.01198120300006],[-3.992612617999953,37.01265228600005],[-3.9913603869999292,37.013864031000026],[-3.9900602509999317,37.012152927000045],[-3.9911383619999583,37.01198120300006]]],[[[-3.9870123099999546,37.01260677200003],[-3.9890936599999804,37.01238619800006],[-3.9906673009999736,37.01430965700007],[-3.9870123099999546,37.01260677200003]]],[[[-3.9886847749999674,37.022351839000066],[-3.9871759229999384,37.022350380000034],[-3.9865727169999445,37.01977002700005],[-3.989082792999966,37.01952458300008],[-3.9886847749999674,37.022351839000066]]]]}},{"type":"Feature","properties":{"ClaseSuelo":"SUELO URBANO","NuclRural":"0","AreaLamber":91.32014493,"Shape_STAr":0.0000924946771252},"geometry":{"type":"MultiPolygon","coordinates":[[[[-3.9852009049999424,37.01040011900005],[-3.98667413499993,37.00622968400006],[-3.9823678419999737,37.00388760900006],[-3.987264724999932,37.002783873000055],[-3.9906679119999353,37.000377352000044],[-3.990895514999977,36.99839888500003],[-3.994666173999974,36.99896630300003],[-3.993021599999963,37.002188369000066],[-3.9939086299999644,37.00756408700005],[-3.9867808379999587,37.01023241400003],[-3.986638588999938,37.01161658500007],[-3.9852009049999424,37.01040011900005]]],[[[-4.118134747999932,36.960994811000035],[-4.12023523199997,36.958295908000025],[-4.1159908939999355,36.95846045600007],[-4.114526237999939,36.95705850000007],[-4.120386997999958,36.95659438500007],[-4.123357111999951,36.95268422600003],[-4.122777971999938,36.954426229000035],[-4.125556919999951,36.957174672000065],[-4.122462611999936,36.95543894300005],[-4.118134747999932,36.960994811000035]],[[-4.11808543099994,36.95818864300003],[-4.116775040999926,36.95769623600006],[-4.1167689539999515,36.95830713300006],[-4.11808543099994,36.95818864300003]],[[-4.118105034999928,36.95741062600007],[-4.118550532999961,36.95785230200005],[-4.11861480999994,36.95723596900007],[-4.118105034999928,36.95741062600007]]]]}},{"type":"Feature","properties":{"ClaseSuelo":"SUELO URBANO NO CONSOLIDADO","NuclRural":"0","AreaLamber":5.15902917,"Shape_STAr":0.00000522328802277},"geometry":{"type":"MultiPolygon","coordinates":[[[[-4.123056928999972,36.95268693100007],[-4.122372943999949,36.95458760900004],[-4.12143354899996,36.95434138300004],[-4.123056928999972,36.95268693100007]]],[[[-4.122299483999939,36.95584269500006],[-4.122462611999936,36.95543894300005],[-4.124809665999976,36.95684606100008],[-4.122299483999939,36.95584269500006]]],[[[-4.118339044999971,36.95786835000007],[-4.118105034999928,36.95741062600007],[-4.11861480999994,36.95723596900007],[-4.118339044999971,36.95786835000007]]],[[[-4.116929108999955,36.95749174800005],[-4.11808543099994,36.95818864300003],[-4.1167689539999515,36.95830713300006],[-4.116929108999955,36.95749174800005]]],[[[-4.118599032999953,36.958815911000045],[-4.12023523199997,36.958295908000025],[-4.120232855999973,36.95866510400003],[-4.118599032999953,36.958815911000045]]],[[[-3.9909853209999255,36.99841929000007],[-3.9920914199999515,36.998302068000044],[-3.9919661509999287,36.99864214000007],[-3.9909853209999255,36.99841929000007]]],[[[-3.983141395999951,37.00359029300006],[-3.9835329409999645,37.00304380800003],[-3.9839723839999692,37.00318621900004],[-3.983141395999951,37.00359029300006]]],[[[-3.9857550199999423,37.00765463500005],[-3.9861990539999397,37.00593577200004],[-3.9867610809999405,37.00657463600004],[-3.9857550199999423,37.00765463500005]]]]}},{"type":"Feature","properties":{"ClaseSuelo":"SUELO NO URBANIZABLE","NuclRural":"0","AreaLamber":165.84963277,"Shape_STAr":0.000168484894302},"geometry":{"type":"MultiPolygon","coordinates":[[[[-3.5896475459999806,37.22619264700006],[-3.588758516999974,37.22556853800006],[-3.591043359999958,37.22481819600006],[-3.5918774839999514,37.226013703000035],[-3.5951632669999753,37.22345885100003],[-3.599174439999956,37.22305477000003],[-3.596844785999963,37.218310158000065],[-3.599992416999953,37.21619621700006],[-3.59555673899996,37.21578186200003],[-3.5881925459999593,37.217785212000024],[-3.5855278119999525,37.22040673300006],[-3.5864192469999807,37.22229365600003],[-3.5887931029999436,37.219717236000065],[-3.587773244999937,37.22141952700008],[-3.5903690089999714,37.22227688000004],[-3.587557077999975,37.224020573000075],[-3.5851543769999807,37.22093268100008],[-3.5806585159999713,37.21965675700005],[-3.5735184169999457,37.22052308600007],[-3.578052947999936,37.21921452500004],[-3.5854289289999315,37.220375947000036],[-3.5939872759999503,37.211081741000044],[-3.5893040989999463,37.209469531000025],[-3.588588543999947,37.213027975000045],[-3.5845378659999483,37.21475080700003],[-3.5818811229999596,37.21397619100003],[-3.581616634999932,37.21219272600007],[-3.574477442999978,37.21403223800007],[-3.574957273999928,37.21101304800004],[-3.5823661349999725,37.208651297000074],[-3.5909506109999256,37.208257305000075],[-3.593771330999971,37.21011813600006],[-3.602629067999942,37.21147965900008],[-3.6026054109999563,37.216148245000056],[-3.6004040109999664,37.216713146000075],[-3.6025502709999273,37.21711312700006],[-3.5998412169999483,37.222355650000054],[-3.6007479229999717,37.22298204300006],[-3.593899292999936,37.22501764200007],[-3.5914491319999797,37.227382541000054],[-3.5896475459999806,37.22619264700006]]],[[[-3.573918034999963,37.21516452600008],[-3.5732561679999435,37.21653068000006],[-3.5719938219999676,37.21721718400005],[-3.573918034999963,37.21516452600008]]],[[[-3.5710240779999367,37.21850465800003],[-3.571387080999955,37.219770836000066],[-3.5703998989999377,37.21943610300008],[-3.5710240779999367,37.21850465800003]]]]}},{"type":"Feature","properties":{"ClaseSuelo":"SUELO URBANIZABLE DELIMITADO O SECTORIZADO","NuclRural":"0","AreaLamber":98.12379291,"Shape_STAr":0.0000996848538085},"geometry":{"type":"MultiPolygon","coordinates":[[[[-3.585455458999945,37.21883409800006],[-3.579037269999958,37.217934469000056],[-3.5789093449999427,37.216526610000074],[-3.57408361399996,37.214890395000054],[-3.579154047999964,37.21213597900004],[-3.5850791209999784,37.21467053600003],[-3.588588543999947,37.213027975000045],[-3.5893040989999463,37.209469531000025],[-3.592301534999933,37.210254201000055],[-3.5935250299999666,37.211772017000044],[-3.5920733859999245,37.21435027700005],[-3.585455458999945,37.21883409800006]]],[[[-3.5958584359999577,37.22016698300007],[-3.595149019999951,37.218449960000044],[-3.5968571659999498,37.218212247000054],[-3.599174439999956,37.22305477000003],[-3.597035339999934,37.22332226300006],[-3.5958584359999577,37.22016698300007]]],[[[-3.5914175029999456,37.22534397100003],[-3.588170666999929,37.22577670800007],[-3.5872944819999475,37.22418163700007],[-3.5903690089999714,37.22227688000004],[-3.5899546519999603,37.223942994000026],[-3.5940970349999475,37.223934804000066],[-3.5914175029999456,37.22534397100003]]]]}},{"type":"Feature","properties":{"ClaseSuelo":"SUELO URBANO","NuclRural":"0","AreaLamber":100.70981047,"Shape_STAr":0.000102316065042},"geometry":{"type":"MultiPolygon","coordinates":[[[[-3.5899546519999603,37.223942994000026],[-3.5902552479999486,37.221829367000055],[-3.587773244999937,37.22141952700008],[-3.5891847349999466,37.219749257000046],[-3.5864192469999807,37.22229365600003],[-3.5855278119999525,37.22040673300006],[-3.58660051399994,37.21925497800004],[-3.589360946999932,37.21724560800004],[-3.598029735999944,37.21629836900007],[-3.5985637999999653,37.21777207500003],[-3.5948634759999436,37.21946284400008],[-3.597035339999934,37.22332226300006],[-3.5899546519999603,37.223942994000026]],[[-3.5945683239999653,37.22128021300006],[-3.59590792299997,37.22083100300006],[-3.594775133999974,37.22022497200004],[-3.5945683239999653,37.22128021300006]],[[-3.5917280839999535,37.220250743000065],[-3.5930884079999714,37.21965156300007],[-3.5906577939999806,37.22011559800006],[-3.5917280839999535,37.220250743000065]]],[[[-3.6020818579999627,37.21610328200006],[-3.6025502709999273,37.21711312700006],[-3.6004040109999664,37.216713146000075],[-3.6020818579999627,37.21610328200006]]],[[[-3.571461557999953,37.21937389000004],[-3.57408361399996,37.214890395000054],[-3.5841233509999597,37.21892266700007],[-3.590165322999951,37.21591685300007],[-3.5854289289999315,37.220375947000036],[-3.571461557999953,37.21937389000004]]],[[[-3.5986218709999775,37.222241101000066],[-3.599532832999955,37.222334760000024],[-3.5990305489999628,37.22289285900007],[-3.5986218709999775,37.222241101000066]]]]}},{"type":"Feature","properties":{"ClaseSuelo":"SUELO URBANO NO CONSOLIDADO","NuclRural":"0","AreaLamber":4.82655595,"Shape_STAr":0.00000490335408768},"geometry":{"type":"MultiPolygon","coordinates":[[[[-3.5983013949999645,37.21623874000005],[-3.6000038429999677,37.216298066000036],[-3.598523347999958,37.21726445400003],[-3.5983013949999645,37.21623874000005]]],[[[-3.5923005959999728,37.211193782000066],[-3.592301534999933,37.210254201000055],[-3.5939872759999503,37.211081741000044],[-3.5923005959999728,37.211193782000066]]],[[[-3.5909936129999664,37.21989932100007],[-3.5930884079999714,37.21965156300007],[-3.5908260519999544,37.22040679500003],[-3.5909936129999664,37.21989932100007]]],[[[-3.5945683239999653,37.22128021300006],[-3.594775133999974,37.22022497200004],[-3.59590792299997,37.22083100300006],[-3.5945683239999653,37.22128021300006]]]]}},{"type":"Feature","properties":{"ClaseSuelo":"SUELO NO URBANIZABLE","NuclRural":"0","AreaLamber":896.20923886,"Shape_STAr":0.000910955209782},"geometry":{"type":"Polygon","coordinates":[[[-3.583108804999938,37.26609640000004],[-3.5837250679999784,37.25927625400004],[-3.5931490679999456,37.24726793900004],[-3.590619515999947,37.24388229400006],[-3.5878517249999504,37.24318394200003],[-3.5873140289999697,37.24072578600004],[-3.6081791069999554,37.236005454000065],[-3.608821076999959,37.24294292600007],[-3.612294166999959,37.24299715500007],[-3.611500380999928,37.24662486700004],[-3.6196211449999396,37.25382091400007],[-3.6218084549999503,37.257901795000066],[-3.6244766409999443,37.258726066000065],[-3.6260768179999445,37.26267474300005],[-3.609878629999969,37.265066758000046],[-3.6064377439999475,37.27619859300006],[-3.6040818859999604,37.27781510800003],[-3.591563219999955,37.27521012400007],[-3.59259622899998,37.271725582000045],[-3.5881332979999456,37.269287002000056],[-3.5821531999999365,37.26898300700003],[-3.580954798999926,37.26714102400007],[-3.583108804999938,37.26609640000004]],[[-3.5927342229999795,37.26034666600003],[-3.6001576479999358,37.26198922300006],[-3.600722401999974,37.259989046000044],[-3.59915446399998,37.257715854000026],[-3.6016947539999364,37.25388669100005],[-3.591793549999977,37.252137281000046],[-3.5900028379999753,37.25710504800003],[-3.593758611999931,37.25893221200005],[-3.5913492749999705,37.25943157900008],[-3.591161217999968,37.26059427200005],[-3.5927342229999795,37.26034666600003]],[[-3.606559774999937,37.24214936000004],[-3.6056835289999754,37.241875152000034],[-3.6032051389999538,37.245907568000064],[-3.606559774999937,37.24214936000004]]]}},{"type":"Feature","properties":{"ClaseSuelo":"SUELO URBANIZABLE DELIMITADO O SECTORIZADO","NuclRural":"0","AreaLamber":26.20989055,"Shape_STAr":0.000026639493295},"geometry":{"type":"MultiPolygon","coordinates":[[[[-3.5914681619999556,37.25734236400007],[-3.590002707999929,37.256721725000034],[-3.591793549999977,37.252137281000046],[-3.5970305769999413,37.25247296300006],[-3.5914681619999556,37.25734236400007]]],[[[-3.6032051389999538,37.245907568000064],[-3.6056835289999754,37.241875152000034],[-3.606559774999937,37.24214936000004],[-3.6032051389999538,37.245907568000064]]]]}},{"type":"Feature","properties":{"ClaseSuelo":"SUELO URBANO","NuclRural":"0","AreaLamber":40.24922332,"Shape_STAr":0.0000409114220631},"geometry":{"type":"Polygon","coordinates":[[[-3.5940043679999576,37.259675833000074],[-3.592315084999939,37.25597349100008],[-3.6003560529999277,37.25336706200005],[-3.6010210469999606,37.25468035200004],[-3.5994808289999582,37.25473166000006],[-3.598707711999964,37.25679848800007],[-3.600722401999974,37.259989046000044],[-3.6001576479999358,37.26198922300006],[-3.5993073269999627,37.26050823300005],[-3.5969732879999583,37.26147794700006],[-3.5940043679999576,37.259675833000074]],[[-3.5957478579999247,37.25957111800005],[-3.5974009769999498,37.25963202200006],[-3.597529040999973,37.25905667600006],[-3.5957478579999247,37.25957111800005]]]}},{"type":"Feature","properties":{"ClaseSuelo":"SUELO URBANO NO CONSOLIDADO","NuclRural":"0","AreaLamber":13.69162708,"Shape_STAr":0.0000139168207823},"geometry":{"type":"MultiPolygon","coordinates":[[[[-3.5994536949999656,37.25507980400005],[-3.6010210469999606,37.25468035200004],[-3.6003560529999277,37.25336706200005],[-3.595672967999974,37.25410885600007],[-3.5970305769999413,37.25247296300006],[-3.6016947539999364,37.25388669100005],[-3.599565628999926,37.25697234100005],[-3.5994536949999656,37.25507980400005]]],[[[-3.596395121999933,37.25970816500006],[-3.595755198999939,37.259530031000054],[-3.597372759999928,37.258776855000065],[-3.596395121999933,37.25970816500006]]],[[[-3.5917202609999777,37.260595315000046],[-3.5913492749999705,37.25943157900008],[-3.5940043679999576,37.259675833000074],[-3.5917202609999777,37.260595315000046]]],[[[-3.5972546429999284,37.26143833400005],[-3.5993073269999627,37.26050823300005],[-3.599288230999946,37.26194254200004],[-3.5972546429999284,37.26143833400005]]]]}},{"type":"Feature","properties":{"ClaseSuelo":"SISTEMAS GENERALES","NuclRural":"0","AreaLamber":6.1435499,"Shape_STAr":0.00000625582651439},"geometry":{"type":"MultiPolygon","coordinates":[[[[-3.5091759599999364,37.37857571700005],[-3.5105956289999654,37.38004472400007],[-3.5086273779999715,37.37960399800005],[-3.5091759599999364,37.37857571700005]]],[[[-3.531055927999944,37.383332867000036],[-3.5319756299999767,37.383182900000065],[-3.5316541189999384,37.38481504400005],[-3.531055927999944,37.383332867000036]]],[[[-3.516022899999939,37.38926035000003],[-3.516254103999927,37.38930074800004],[-3.5157678769999734,37.39348593700004],[-3.516022899999939,37.38926035000003]]],[[[-3.519609541999955,37.396194413000046],[-3.5167833309999423,37.395625610000025],[-3.5158050589999448,37.393604167000035],[-3.516899981999927,37.39557724600007],[-3.524871032999954,37.397940075000065],[-3.519609541999955,37.396194413000046]]],[[[-3.5504848229999766,37.470306993000065],[-3.5508148719999326,37.470014983000056],[-3.5512280069999633,37.47063096900007],[-3.5504848229999766,37.470306993000065]]],[[[-3.55073651999993,37.476942758000064],[-3.551456210999959,37.47695642200006],[-3.5507612059999474,37.477275202000044],[-3.55073651999993,37.476942758000064]]]]}},{"type":"Feature","properties":{"ClaseSuelo":"SUELO NO URBANIZABLE","NuclRural":"0","AreaLamber":30712.0208211,"Shape_STAr":0.0312843486501},"geometry":{"type":"Polygon","coordinates":[[[-3.4905334109999444,37.41302509800005],[-3.4946437579999383,37.41428797800006],[-3.501872017999972,37.41196808600006],[-3.5026390349999588,37.410062922000066],[-3.4966461869999534,37.40776261900004],[-3.494124660999944,37.40232880900004],[-3.492038617999981,37.40124681300006],[-3.4930259799999703,37.400188093000054],[-3.4869007809999744,37.39997003700006],[-3.4719320869999706,37.40928776900006],[-3.4663735679999377,37.40945398700006],[-3.4491063149999377,37.41688491300005],[-3.443522777999931,37.42251250500004],[-3.4370465089999698,37.42246443100004],[-3.435645028999943,37.41462758000006],[-3.440892645999952,37.39985257500007],[-3.433921661999932,37.39005320000007],[-3.4256516069999634,37.38191661700006],[-3.404291586999932,37.37563656400005],[-3.3972354149999546,37.376228268000034],[-3.3844439109999485,37.370672788000036],[-3.372998407999944,37.36974482800008],[-3.3662467599999673,37.37485868400006],[-3.3520475739999256,37.37935448500008],[-3.3439471009999693,37.38396626700006],[-3.3499226369999633,37.36193697500005],[-3.3769679589999555,37.35721201400003],[-3.38217044299995,37.35434698500006],[-3.395656371999962,37.35073328300007],[-3.408793032999938,37.349589052000056],[-3.4266724379999687,37.34262143400008],[-3.452475733999961,37.33795574100003],[-3.456254832999946,37.33562468300005],[-3.4665358989999504,37.33513398400004],[-3.474525789999973,37.32933336100007],[-3.4872505889999275,37.32810993800007],[-3.501885740999967,37.323965576000035],[-3.5150750479999715,37.326514031000045],[-3.5250404109999636,37.319809013000054],[-3.5405977459999463,37.31257299600003],[-3.5526664509999364,37.31322042000005],[-3.5554423979999683,37.31472178300004],[-3.5598933829999737,37.313799446000075],[-3.5572633959999393,37.329045361000055],[-3.552932981999959,37.33268923700007],[-3.5514104369999586,37.337518775000035],[-3.5481678299999544,37.34026503500007],[-3.5614735719999544,37.34421391500007],[-3.5707703079999646,37.34936149400005],[-3.5708210799999733,37.360556485000075],[-3.567450823999934,37.371894084000076],[-3.5695820929999513,37.37594008800005],[-3.576461962999929,37.37611411600005],[-3.589002038999979,37.36779571000005],[-3.5919913719999386,37.37023256600003],[-3.5894934189999503,37.37286805900004],[-3.5918859809999617,37.37407298900007],[-3.5916817159999255,37.37539003100005],[-3.5932462819999387,37.37613936300005],[-3.59498475099997,37.37458927200004],[-3.597054200999935,37.376336551000065],[-3.593504444999951,37.380239362000054],[-3.595686412999953,37.38620456500007],[-3.5985168869999598,37.38558636100004],[-3.603027251999947,37.39162976600005],[-3.601871876999951,37.38134186900004],[-3.612096903999941,37.38999677900006],[-3.6156474729999672,37.38902290100003],[-3.614530082999977,37.37805889800006],[-3.6123640749999595,37.37838560600005],[-3.613016757999958,37.37669664300006],[-3.611125518999927,37.37468732600007],[-3.6125708399999326,37.37185852700003],[-3.6122883039999465,37.36627141100007],[-3.6179249729999583,37.360914947000026],[-3.6299732849999486,37.38109649300003],[-3.6344354379999686,37.39188019000005],[-3.6374390309999285,37.39437888900005],[-3.637012848999973,37.39608479100008],[-3.6424733669999796,37.40049003300004],[-3.647629705999975,37.39966869600005],[-3.645216037999944,37.40147563000005],[-3.6369274229999746,37.40201631900004],[-3.6380992909999463,37.42030794100003],[-3.642206145999978,37.422151548000045],[-3.644857806999937,37.42693242200005],[-3.6425119639999366,37.431497129000036],[-3.644511662999946,37.43534411700006],[-3.6511607579999463,37.43824614300007],[-3.6475171869999485,37.441763481000066],[-3.6411324349999745,37.43939162800007],[-3.6368877729999554,37.44007258100004],[-3.6314859189999424,37.43757772400005],[-3.6223286989999792,37.441565264000076],[-3.6273950729999456,37.441790885000046],[-3.6413755469999387,37.44669141500003],[-3.6375180659999273,37.45175094800004],[-3.6403242389999377,37.45732426400008],[-3.6381841269999313,37.464952407000055],[-3.6414801359999274,37.476174599000046],[-3.64663150399997,37.47942747900004],[-3.6462132169999677,37.48207978000005],[-3.6492025789999616,37.486389933000055],[-3.650281452999934,37.49602858000003],[-3.659093911999946,37.501153524000074],[-3.6603765739999403,37.505490905000045],[-3.6675336059999495,37.51384228300003],[-3.66742549199995,37.51695257200004],[-3.67184285299993,37.518676139000036],[-3.662907109999935,37.52170114000006],[-3.6591066909999768,37.520640798000045],[-3.6494454659999747,37.524921719000076],[-3.6311149439999326,37.529356703000076],[-3.6260360179999793,37.528338157000064],[-3.620762941999942,37.52982616700007],[-3.6169148599999517,37.52707914600006],[-3.6153777319999563,37.52870960200005],[-3.6042068349999568,37.52727999200005],[-3.6028279829999406,37.52470013200008],[-3.5997044129999267,37.52328286000005],[-3.5998337929999593,37.51964972400003],[-3.6098277299999495,37.51287444400003],[-3.614344854999956,37.51176942200004],[-3.6160878829999774,37.504937049000034],[-3.6231396139999674,37.49984345200005],[-3.6342862959999707,37.49751270300004],[-3.637199670999962,37.49820909300007],[-3.635919329999979,37.492636556000036],[-3.6390834429999472,37.485597846000076],[-3.63575321299993,37.483704928000066],[-3.6345539599999483,37.482332288000066],[-3.635635420999961,37.48047867300005],[-3.632920406999972,37.479078109000056],[-3.6343105859999696,37.47494239300005],[-3.6327210019999256,37.47017367300003],[-3.6350184419999323,37.467700611000055],[-3.6289778599999636,37.46208134700004],[-3.6267023999999424,37.46448205400003],[-3.6171793859999752,37.465667859000064],[-3.595797245999961,37.475890873000026],[-3.5875303419999796,37.475968289000036],[-3.5856220719999783,37.48362135800005],[-3.578600908999931,37.488415142000065],[-3.5723821429999703,37.48876989400003],[-3.5660636059999433,37.49240574700008],[-3.5702455249999616,37.49341323400006],[-3.5697454769999695,37.496092701000066],[-3.5726927749999504,37.49983717400005],[-3.5707170179999252,37.50335302000008],[-3.5705120989999273,37.51062800700004],[-3.566995535999979,37.51095136600003],[-3.5650672479999344,37.51333117000007],[-3.5669687859999613,37.51639572000005],[-3.5668281229999366,37.52174146600004],[-3.564662852999959,37.52424858400008],[-3.5706411289999664,37.53056548400008],[-3.5682839439999725,37.533154712000055],[-3.564286258999971,37.53135309500004],[-3.5541966679999746,37.521485806000044],[-3.539339788999939,37.51390187000004],[-3.5370705559999465,37.51621066100006],[-3.531979551999939,37.51318704300007],[-3.5213796189999584,37.51520818600005],[-3.516095120999978,37.513563813000076],[-3.5120607879999284,37.50937194900007],[-3.5044862819999594,37.51202740600007],[-3.494898644999978,37.51321256600005],[-3.4929799109999635,37.512238076000074],[-3.4912523109999256,37.514525700000036],[-3.4799441219999494,37.51925011000003],[-3.4754120699999476,37.52553284500004],[-3.4757693829999425,37.53725811900006],[-3.4775172979999525,37.54155958800004],[-3.4762539149999725,37.542258719000074],[-3.4720289439999306,37.53105368700005],[-3.461114350999935,37.52859987900007],[-3.4598862869999607,37.52581943800004],[-3.4663722299999336,37.52416263500004],[-3.4694057959999327,37.51882360600007],[-3.465748471999973,37.51483598100003],[-3.47026279399995,37.51111355000006],[-3.4576357739999253,37.50011222400008],[-3.4635146349999673,37.47924974000006],[-3.470056252999939,37.472680026000035],[-3.4800573369999483,37.46791675700007],[-3.48073011799994,37.463479276000044],[-3.4786330869999347,37.46090983400006],[-3.48135638399998,37.458852689000025],[-3.4797911059999365,37.456317160000026],[-3.4803645269999492,37.45226766700006],[-3.48778458299995,37.45274213500005],[-3.4856739829999697,37.449812319000046],[-3.485790394999981,37.44682829100003],[-3.4894528259999333,37.446741114000076],[-3.4973845449999317,37.44259782200004],[-3.5036664309999423,37.44374308400006],[-3.505215168999939,37.43867977000008],[-3.5066146199999366,37.438340287000074],[-3.5054795599999693,37.43596549700004],[-3.501500518999933,37.43595535800006],[-3.499268560999951,37.43689320000004],[-3.5007898769999315,37.439581900000064],[-3.4914447479999353,37.44187445600005],[-3.491406319999953,37.439449911000054],[-3.487802869999939,37.434624400000075],[-3.490538671999957,37.42772658100006],[-3.487828347999937,37.42459195300006],[-3.4905334109999444,37.41302509800005]],[[-3.5290471999999795,37.394073082000034],[-3.5270992839999735,37.394810877000054],[-3.5254994919999376,37.39793960600008],[-3.5290471999999795,37.394073082000034]],[[-3.513969925999959,37.39660815900004],[-3.5170271029999753,37.395747785000026],[-3.5234893029999625,37.397365783000055],[-3.5176048439999477,37.399416005000035],[-3.518908359999955,37.40023374000003],[-3.520572098999935,37.39865333400007],[-3.524485929999969,37.39858041800005],[-3.5256400369999596,37.395174791000045],[-3.5289247069999305,37.39278686400007],[-3.5270695929999647,37.39780593900008],[-3.5290215289999765,37.39480558300005],[-3.5319316209999556,37.39456526500004],[-3.527922523999962,37.39929064700004],[-3.524888174999944,37.399861215000044],[-3.5282723389999546,37.401632918000075],[-3.52905474399995,37.39762542400007],[-3.5302111699999728,37.399267810000026],[-3.532489489999932,37.39840060300003],[-3.531625427999927,37.396035149000056],[-3.5333012419999363,37.39421570600007],[-3.5318800969999415,37.394406497000034],[-3.5321057179999684,37.390509963000056],[-3.529721654999946,37.38965919200007],[-3.530209094999975,37.391553618000046],[-3.5289708779999387,37.39036783000006],[-3.5286416319999603,37.386524276000046],[-3.5267419729999574,37.38621527600003],[-3.5272075069999573,37.38857670900006],[-3.5245973429999253,37.38975033200006],[-3.5163825099999713,37.38915345200007],[-3.5108068679999747,37.38654920500005],[-3.508305663999977,37.38717986800003],[-3.5114544369999408,37.38899415800006],[-3.510267700999975,37.392656815000066],[-3.513686115999974,37.392991712000025],[-3.511062261999939,37.393429783000045],[-3.5117766089999805,37.39558822600003],[-3.513179611999931,37.39480550500008],[-3.511406354999963,37.39585857700007],[-3.5120905979999293,37.397136388000035],[-3.513969925999959,37.39660815900004]],[[-3.5571647789999474,37.40338327200004],[-3.553878030999954,37.40394376300003],[-3.556324166999957,37.40754418200004],[-3.5618003589999603,37.40474631700005],[-3.5571647789999474,37.40338327200004]],[[-3.5537451959999657,37.47623513600007],[-3.5554526089999285,37.473971954000035],[-3.554115981999928,37.47409420100007],[-3.553971135999973,37.470621153000025],[-3.549773036999966,37.470940480000024],[-3.5475668799999767,37.47353534900003],[-3.5492344769999704,37.47543830800004],[-3.5479634149999697,37.47721139500004],[-3.5537451959999657,37.47623513600007]],[[-3.509584598999936,37.500101294000046],[-3.5125023639999426,37.499297021000075],[-3.509675308999931,37.49711534200003],[-3.513038698999935,37.49402203400007],[-3.504278539999973,37.49556402200005],[-3.5064226479999547,37.49669709600005],[-3.5064906299999734,37.49901931100004],[-3.509584598999936,37.500101294000046]],[[-3.5042891379999332,37.49618611400007],[-3.5027799049999544,37.494671166000046],[-3.5012666189999777,37.49453203200005],[-3.5042891379999332,37.49618611400007]],[[-3.510629223999956,37.37992394100007],[-3.5093705299999556,37.378450317000045],[-3.508447670999942,37.379200680000054],[-3.510629223999956,37.37992394100007]],[[-3.5319756299999767,37.383182900000065],[-3.531248449999964,37.382594072000074],[-3.530666240999949,37.38457857900005],[-3.5319756299999767,37.383182900000065]],[[-3.5504848229999766,37.470306993000065],[-3.5512280069999633,37.47063096900007],[-3.5508148719999326,37.470014983000056],[-3.5504848229999766,37.470306993000065]],[[-3.4741542039999445,37.51378463300006],[-3.473991104999925,37.516286388000026],[-3.4747031259999517,37.516258064000056],[-3.4741542039999445,37.51378463300006]],[[-3.4924082449999787,37.48836341600003],[-3.492483707999952,37.490479949000076],[-3.4941987539999673,37.48933564600003],[-3.4924082449999787,37.48836341600003]],[[-3.499832046999927,37.495129047000034],[-3.5020872149999605,37.49710630200008],[-3.5042258439999614,37.49630959900003],[-3.499832046999927,37.495129047000034]],[[-3.5612419399999453,37.453233133000026],[-3.560199559999944,37.45169212700006],[-3.5582970649999766,37.45248603600004],[-3.558883703999925,37.45511584700006],[-3.5574928739999336,37.45525949900008],[-3.5604491059999646,37.45486495700004],[-3.5612419399999453,37.453233133000026]]]}},{"type":"Feature","properties":{"ClaseSuelo":"SUELO URBANIZABLE DELIMITADO O SECTORIZADO","NuclRural":"0","AreaLamber":33.62444201,"Shape_STAr":0.0000342412465968},"geometry":{"type":"MultiPolygon","coordinates":[[[[-3.556324166999957,37.40754418200004],[-3.553878030999954,37.40394376300003],[-3.5571647789999474,37.40338327200004],[-3.560061171999962,37.40573322300003],[-3.556324166999957,37.40754418200004]]],[[[-3.5291631229999325,37.391749556000036],[-3.5246277309999527,37.38942555600005],[-3.5270306309999455,37.388970088000065],[-3.5291631229999325,37.391749556000036]]],[[[-3.5149792369999773,37.39026940700006],[-3.5157298539999715,37.39301119000004],[-3.5146520939999277,37.39272482000007],[-3.5149792369999773,37.39026940700006]]],[[[-3.516006119999929,37.393681583000046],[-3.5180732409999678,37.39384430500007],[-3.5181899849999354,37.39586799600005],[-3.516006119999929,37.393681583000046]]],[[[-3.5154556349999666,37.39430957500008],[-3.515826919999938,37.39361450300004],[-3.5170271029999753,37.395747785000026],[-3.5154556349999666,37.39430957500008]]],[[[-3.5204422669999644,37.396135634000075],[-3.5256400369999596,37.395174791000045],[-3.525135567999939,37.397892744000046],[-3.5204422669999644,37.396135634000075]]]]}},{"type":"Feature","properties":{"ClaseSuelo":"SUELO URBANIZABLE NO DELIMITADO O SECTORIZADO","NuclRural":"0","AreaLamber":26.44145499,"Shape_STAr":0.0000269336848725},"geometry":{"type":"MultiPolygon","coordinates":[[[[-3.513883033999946,37.39280764100005],[-3.510267700999975,37.392656815000066],[-3.5114544369999408,37.38899415800006],[-3.5150586009999643,37.38988696000007],[-3.513883033999946,37.39280764100005]]],[[[-3.5111313489999247,37.393620328000054],[-3.513179611999931,37.39480550500008],[-3.5117766089999805,37.39558822600003],[-3.5111313489999247,37.393620328000054]]],[[[-3.512924019999957,37.39509127300005],[-3.513969925999959,37.39660815900004],[-3.5120905979999293,37.397136388000035],[-3.511406354999963,37.39585857700007],[-3.512924019999957,37.39509127300005]]],[[[-3.5012666189999777,37.49453203200005],[-3.5027799049999544,37.494671166000046],[-3.5042891379999332,37.49618611400007],[-3.5012666189999777,37.49453203200005]]],[[[-3.5002140739999277,37.494902816000035],[-3.5042258439999614,37.49630959900003],[-3.5020872149999605,37.49710630200008],[-3.5002140739999277,37.494902816000035]]]]}},{"type":"Feature","properties":{"ClaseSuelo":"SUELO URBANO","NuclRural":"0","AreaLamber":160.56982399,"Shape_STAr":0.000163572745686},"geometry":{"type":"MultiPolygon","coordinates":[[[[-3.527043366999976,37.40088813800003],[-3.524888174999944,37.399861215000044],[-3.527922523999962,37.39929064700004],[-3.5319316209999556,37.39456526500004],[-3.5290215289999765,37.39480558300005],[-3.5270695929999647,37.39780593900008],[-3.5289247069999305,37.39278686400007],[-3.5227682189999427,37.39595282000005],[-3.522857189999968,37.39391125100008],[-3.5207301539999776,37.39590824000004],[-3.520092262999981,37.39400729700003],[-3.5188085529999285,37.39486496600006],[-3.516604230999974,37.39325483400006],[-3.515156503999947,37.393631335000066],[-3.5161971249999624,37.395976922000045],[-3.514365772999952,37.39649772400003],[-3.5136994329999425,37.39331916300006],[-3.517808266999964,37.39311875300007],[-3.517352305999964,37.39078752900008],[-3.509947719999957,37.386750549000055],[-3.5291631229999325,37.391749556000036],[-3.5284126179999475,37.38941887500005],[-3.526446901999975,37.388791197000046],[-3.5286416319999603,37.386524276000046],[-3.5289708779999387,37.39036783000006],[-3.530209094999975,37.391553618000046],[-3.5310786249999637,37.389858022000055],[-3.5321057179999684,37.390509963000056],[-3.5318800969999415,37.394406497000034],[-3.5333012419999363,37.39421570600007],[-3.5303999789999807,37.39731359000007],[-3.532489489999932,37.39840060300003],[-3.529971623999927,37.39920746200005],[-3.529226911999956,37.39750759000003],[-3.5288499399999296,37.40083259000005],[-3.527043366999976,37.40088813800003]],[[-3.523972414999946,37.391913756000065],[-3.526947178999933,37.391145358000074],[-3.523703674999979,37.390379722000034],[-3.523972414999946,37.391913756000065]],[[-3.5268053099999292,37.39289708100006],[-3.5257380319999356,37.39362128500005],[-3.5263422039999455,37.39393920300006],[-3.5268053099999292,37.39289708100006]],[[-3.5224833759999683,37.39362257400006],[-3.522543311999925,37.39296337700006],[-3.5216121109999676,37.39313210000006],[-3.5224833759999683,37.39362257400006]]],[[[-3.5267419729999574,37.38621527600003],[-3.5277995039999723,37.38636443100006],[-3.527040857999964,37.38730827100005],[-3.5267419729999574,37.38621527600003]]],[[[-3.528836743999932,37.394027135000044],[-3.5254994919999376,37.39793960600008],[-3.526819304999947,37.39512098200004],[-3.528836743999932,37.394027135000044]]],[[[-3.51857863999993,37.399420364000036],[-3.5214765389999343,37.39746040400007],[-3.5244841789999555,37.397974300000044],[-3.51857863999993,37.399420364000036]]],[[[-3.558080873999927,37.40313485000007],[-3.561679255999934,37.405009552000024],[-3.560119982999936,37.40577476000004],[-3.558080873999927,37.40313485000007]]],[[[-3.5583199239999317,37.45557545500003],[-3.5582970649999766,37.45248603600004],[-3.560199559999944,37.45169212700006],[-3.561134195999955,37.453819320000036],[-3.5583199239999317,37.45557545500003]]],[[[-3.548772054999972,37.47671331300006],[-3.5496494279999524,37.47193077000003],[-3.553971135999973,37.470621153000025],[-3.5548928099999557,37.475787498000045],[-3.5535699619999264,37.47471183400006],[-3.5525627989999293,37.47666925500005],[-3.548772054999972,37.47671331300006]],[[-3.550102365999976,37.47450214700007],[-3.5511350369999377,37.47364463400004],[-3.5500877969999465,37.47377120400006],[-3.550102365999976,37.47450214700007]]],[[[-3.4926572179999766,37.48923743900008],[-3.4931438959999355,37.488180105000026],[-3.4941987539999673,37.48933564600003],[-3.492483707999952,37.490479949000076],[-3.4926572179999766,37.48923743900008]]],[[[-3.510258262999969,37.50017057900004],[-3.508257599999979,37.49796253200003],[-3.5064906299999734,37.49901931100004],[-3.5064226479999547,37.49669709600005],[-3.504510563999929,37.49618263100007],[-3.513038698999935,37.49402203400007],[-3.509675308999931,37.49711534200003],[-3.5125023639999426,37.499297021000075],[-3.510258262999969,37.50017057900004]],[[-3.507406744999969,37.49759947500007],[-3.507647320999979,37.49720791500005],[-3.5068811569999525,37.49669450300007],[-3.507406744999969,37.49759947500007]]],[[[-3.4738265719999504,37.51488453300004],[-3.474840851999943,37.51376850500003],[-3.4747031259999517,37.516258064000056],[-3.4738265719999504,37.51488453300004]]]]}},{"type":"Feature","properties":{"ClaseSuelo":"SUELO URBANO NO CONSOLIDADO","NuclRural":"0","AreaLamber":49.98004564,"Shape_STAr":0.0000509111518222},"geometry":{"type":"MultiPolygon","coordinates":[[[[-3.5125174169999696,37.38904971300008],[-3.508305663999977,37.38717986800003],[-3.515923844999975,37.39009808900005],[-3.5125174169999696,37.38904971300008]]],[[[-3.526827098999945,37.38751683100003],[-3.5281553439999698,37.38645988600007],[-3.527753794999967,37.387704384000074],[-3.526827098999945,37.38751683100003]]],[[[-3.5108096129999353,37.38733522500007],[-3.5134169379999776,37.387173275000066],[-3.51613406499996,37.38904549000006],[-3.5108096129999353,37.38733522500007]]],[[[-3.5283620289999362,37.389786601000026],[-3.526799578999942,37.38881956900008],[-3.5284126179999475,37.38941887500005],[-3.5283620289999362,37.389786601000026]]],[[[-3.530012026999941,37.39071794500006],[-3.529721654999946,37.38965919200007],[-3.53097549499995,37.390301315000045],[-3.530012026999941,37.39071794500006]]],[[[-3.5236390899999606,37.39174632800007],[-3.523703674999979,37.390379722000034],[-3.526977788999943,37.391299944000025],[-3.5236390899999606,37.39174632800007]]],[[[-3.5158614999999713,37.39313516000004],[-3.516018949999932,37.39014336400004],[-3.517808266999964,37.39311875300007],[-3.5158614999999713,37.39313516000004]]],[[[-3.5136994329999425,37.39331916300006],[-3.5133233519999294,37.39268876600005],[-3.5157678769999734,37.39348593700004],[-3.5136994329999425,37.39331916300006]]],[[[-3.5219063989999313,37.39370718500004],[-3.5216121109999676,37.39313210000006],[-3.522543311999925,37.39296337700006],[-3.5219063989999313,37.39370718500004]]],[[[-3.5164703659999645,37.39328464000005],[-3.5176809589999607,37.39380283100007],[-3.5159493559999646,37.39361960600007],[-3.5164703659999645,37.39328464000005]]],[[[-3.5257380319999356,37.39362128500005],[-3.5270023249999554,37.39290956200006],[-3.5263422039999455,37.39393920300006],[-3.5257380319999356,37.39362128500005]]],[[[-3.513179611999931,37.39480550500008],[-3.512811319999969,37.39353657600003],[-3.5146077409999634,37.39363711100003],[-3.513179611999931,37.39480550500008]]],[[[-3.525154605999944,37.39416229900007],[-3.525606188999973,37.395164667000074],[-3.524640566999949,37.394896430000074],[-3.525154605999944,37.39416229900007]]],[[[-3.5195072609999443,37.39609321200004],[-3.5180972569999653,37.39452047000003],[-3.520092262999981,37.39400729700003],[-3.5212486329999706,37.39587878200007],[-3.521131724999975,37.39416394600005],[-3.522857189999968,37.39391125100008],[-3.5227682189999427,37.39595282000005],[-3.5195072609999443,37.39609321200004]]],[[[-3.5134373509999364,37.39459018600007],[-3.514365772999952,37.39649772400003],[-3.513969925999959,37.39660815900004],[-3.5134373509999364,37.39459018600007]]],[[[-3.5309718549999616,37.39761188500006],[-3.530456954999977,37.39711624600005],[-3.531645492999928,37.39655214700008],[-3.5309718549999616,37.39761188500006]]],[[[-3.5519736979999266,37.471366199000045],[-3.551600204999943,37.471073886000056],[-3.5531437689999734,37.47095218800007],[-3.5519736979999266,37.471366199000045]]],[[[-3.550150452999958,37.47211501900006],[-3.549773036999966,37.470940480000024],[-3.5515140959999485,37.471568293000075],[-3.550150452999958,37.47211501900006]]],[[[-3.5500092779999477,37.474478325000064],[-3.5500877969999465,37.47377120400006],[-3.5511350369999377,37.47364463400004],[-3.5500092779999477,37.474478325000064]]],[[[-3.549437369999964,37.47209372300006],[-3.549417610999967,37.475450667000075],[-3.5475668799999767,37.47353534900003],[-3.549437369999964,37.47209372300006]]],[[[-3.5510421889999293,37.47636802300008],[-3.5517831619999356,37.476466757000026],[-3.550228372999925,37.47682195700003],[-3.5510421889999293,37.47636802300008]]],[[[-3.551942158999964,37.47673628200005],[-3.5535699619999264,37.47471183400006],[-3.5548000709999314,37.475846216000036],[-3.551942158999964,37.47673628200005]]],[[[-3.548301700999957,37.47669002300006],[-3.548772054999972,37.47671331300006],[-3.5483789699999306,37.47737251600006],[-3.548301700999957,37.47669002300006]]],[[[-3.54900956299997,37.476633324000034],[-3.5491765309999437,37.47735299200008],[-3.548517007999976,37.47743383400007],[-3.54900956299997,37.476633324000034]]],[[[-3.5091019109999593,37.49422671600007],[-3.5078908529999353,37.49540987100005],[-3.507199903999947,37.49497244200006],[-3.5091019109999593,37.49422671600007]]],[[[-3.504278539999973,37.49556402200005],[-3.5072155729999395,37.495198207000044],[-3.5046356489999653,37.49618557500003],[-3.504278539999973,37.49556402200005]]],[[[-3.507134520999955,37.49771180300007],[-3.5068811569999525,37.49669450300007],[-3.507647320999979,37.49720791500005],[-3.507134520999955,37.49771180300007]]],[[[-3.508333446999927,37.499820455000076],[-3.508257599999979,37.49796253200003],[-3.5096301279999693,37.49952233800008],[-3.508333446999927,37.499820455000076]]]]}},{"type":"Feature","properties":{"ClaseSuelo":"SISTEMAS GENERALES","NuclRural":"0","AreaLamber":3.85299257,"Shape_STAr":0.00000389013767214},"geometry":{"type":"Polygon","coordinates":[[[-3.376221427999951,36.732768099000054],[-3.377106974999947,36.73407215900005],[-3.3748573219999685,36.735106493000046],[-3.373950418999925,36.73377965700007],[-3.376221427999951,36.732768099000054]]]}},{"type":"Feature","properties":{"ClaseSuelo":"SUELO NO URBANIZABLE","NuclRural":"0","AreaLamber":2981.6409732,"Shape_STAr":0.003010543692},"geometry":{"type":"MultiPolygon","coordinates":[[[[-3.3961207709999712,36.773308291000035],[-3.3918367619999685,36.772619312000074],[-3.3844404749999626,36.76574722600003],[-3.3759601859999293,36.76145626700003],[-3.3731872389999467,36.75567758700004],[-3.367589799999962,36.74948388400003],[-3.3665126199999804,36.74440293600003],[-3.36027123599996,36.73434355000006],[-3.354472464999958,36.73186045800003],[-3.354382409999971,36.72966002800007],[-3.350424420999957,36.72958496800004],[-3.3572755459999257,36.721118998000065],[-3.3626817009999286,36.71821797100006],[-3.3620675629999255,36.71620052500003],[-3.3648082839999347,36.71565129600003],[-3.36476868099993,36.71438033100003],[-3.369155664999937,36.71391611000007],[-3.36943982899993,36.71246385000006],[-3.3713276989999486,36.71388233000005],[-3.3722832189999394,36.712346841000056],[-3.3764474749999636,36.71216250200007],[-3.3768468819999384,36.713702770000054],[-3.379815965999967,36.71181828600004],[-3.388311579999936,36.71130415700003],[-3.388546412999972,36.709022652000044],[-3.391973666999945,36.70926386300005],[-3.392669244999979,36.707341427000074],[-3.3981341439999255,36.70542120500005],[-3.4028576859999475,36.70737058200007],[-3.406659644999934,36.70223729000003],[-3.4102269239999714,36.701485854000055],[-3.411585595999952,36.704347874000064],[-3.415832501999944,36.70505431600003],[-3.4172315279999452,36.711188494000055],[-3.416249948999962,36.722253032000026],[-3.4096388669999556,36.727783887000044],[-3.412324319999925,36.73154274400008],[-3.41231615199996,36.734202089000064],[-3.417954846999976,36.73928471900007],[-3.4160021729999244,36.74895521900004],[-3.4194478809999396,36.75429780600007],[-3.4200521649999587,36.76033545100006],[-3.4184277539999357,36.76447886500006],[-3.4197503329999677,36.76867500100008],[-3.40080900199996,36.77413998800006],[-3.3961207709999712,36.773308291000035]],[[-3.404378903999941,36.75160565500005],[-3.403002345999937,36.75110584000004],[-3.403824285999974,36.752083689000074],[-3.404378903999941,36.75160565500005]],[[-3.388950652999938,36.74674487100003],[-3.3926664799999458,36.745682739000074],[-3.390283699999941,36.744056028000045],[-3.3922983459999614,36.743747151000036],[-3.391984878999949,36.74211164500008],[-3.3872371569999586,36.74332228000003],[-3.388711318999981,36.743384089000074],[-3.387018388999934,36.74547797200006],[-3.388950652999938,36.74674487100003]],[[-3.377106974999947,36.73407215900005],[-3.376221427999951,36.732768099000054],[-3.373950418999925,36.73377965700007],[-3.3748573219999685,36.735106493000046],[-3.377106974999947,36.73407215900005]],[[-3.3581056779999585,36.72818407200003],[-3.359986694999975,36.72415935200007],[-3.3605848099999776,36.72497966200007],[-3.3644067749999635,36.721235841000066],[-3.3633124789999442,36.71826284800005],[-3.356405767999945,36.72310458900006],[-3.351782453999931,36.72883924900003],[-3.357011469999975,36.730380482000044],[-3.3581056779999585,36.72818407200003]],[[-3.365851781999936,36.72461143500004],[-3.3657997869999576,36.728124655000045],[-3.3704411089999553,36.72705413700004],[-3.3702072089999433,36.72303171800007],[-3.367510068999934,36.720320936000064],[-3.366073523999944,36.720021667000026],[-3.3671018079999726,36.72217918800004],[-3.365851781999936,36.72461143500004]]],[[[-3.3895719839999288,36.70813586100007],[-3.389853200999937,36.70839637200004],[-3.3896754779999583,36.708676410000066],[-3.3895719839999288,36.70813586100007]]]]}},{"type":"Feature","properties":{"ClaseSuelo":"SUELO URBANIZABLE DELIMITADO O SECTORIZADO","NuclRural":"0","AreaLamber":43.38833044,"Shape_STAr":0.0000438031765579},"geometry":{"type":"MultiPolygon","coordinates":[[[[-3.3558445909999364,36.72978163300007],[-3.3566607379999596,36.72829498100003],[-3.3550549179999507,36.72675648000006],[-3.357953871999939,36.72657032300003],[-3.358075754999959,36.723594682000055],[-3.360099122999941,36.72378970300008],[-3.3588151149999703,36.72881478800008],[-3.3558445909999364,36.72978163300007]]],[[[-3.3628925369999365,36.722593145000076],[-3.361506639999959,36.719518735000065],[-3.3633124789999442,36.71826284800005],[-3.3647419039999704,36.71995244200008],[-3.3628925369999365,36.722593145000076]]],[[[-3.3676897309999276,36.726691327000026],[-3.366068221999967,36.72659010500007],[-3.365851781999936,36.72461143500004],[-3.3682605099999705,36.72467741200006],[-3.3676897309999276,36.726691327000026]]],[[[-3.368533465999974,36.72420109800004],[-3.370231176999937,36.72385704900006],[-3.370529805999979,36.72675851500003],[-3.3679954929999667,36.726206443000024],[-3.368533465999974,36.72420109800004]]],[[[-3.3508521739999537,36.72983118800005],[-3.354382409999971,36.72966002800007],[-3.354655167999965,36.73168653300007],[-3.3508521739999537,36.72983118800005]]],[[[-3.387018388999934,36.74547797200006],[-3.387618896999925,36.74430435200003],[-3.3892604139999776,36.74517039600005],[-3.388841554999942,36.74640207600004],[-3.387018388999934,36.74547797200006]]],[[[-3.390221831999952,36.745950220000054],[-3.3923741999999493,36.74477638800005],[-3.3924362739999765,36.74584456700006],[-3.390221831999952,36.745950220000054]]]]}},{"type":"Feature","properties":{"ClaseSuelo":"SUELO URBANO","NuclRural":"0","AreaLamber":63.18450891,"Shape_STAr":0.0000637894611416},"geometry":{"type":"MultiPolygon","coordinates":[[[[-3.3537265249999564,36.72623127300005],[-3.3573684279999725,36.72223721100005],[-3.362037037999926,36.72001030600006],[-3.3629232099999626,36.722957551000036],[-3.3605848099999776,36.72497966200007],[-3.3581744599999297,36.72351462800003],[-3.357953871999939,36.72657032300003],[-3.355230803999973,36.726524116000064],[-3.3547379919999685,36.72948226600005],[-3.351782453999931,36.72883924900003],[-3.3537265249999564,36.72623127300005]]],[[[-3.3655119779999723,36.72788592000006],[-3.3682605099999705,36.72467741200006],[-3.365851781999936,36.72461143500004],[-3.3671018079999726,36.72217918800004],[-3.366073523999944,36.720021667000026],[-3.3702072089999433,36.72303171800007],[-3.3679954929999667,36.726206443000024],[-3.370529805999979,36.72675851500003],[-3.3696272079999403,36.728027336000025],[-3.3655119779999723,36.72788592000006]]],[[[-3.355379232999951,36.729200940000055],[-3.356057299999975,36.72923200300005],[-3.3559329169999614,36.729518245000065],[-3.355379232999951,36.729200940000055]]],[[[-3.388631972999974,36.74675883800006],[-3.3892604139999776,36.74517039600005],[-3.387618896999925,36.74430435200003],[-3.388711318999981,36.743384089000074],[-3.3872371569999586,36.74332228000003],[-3.391984878999949,36.74211164500008],[-3.3922983459999614,36.743747151000036],[-3.390283699999941,36.744056028000045],[-3.3926664799999458,36.745682739000074],[-3.391381876999958,36.744723978000025],[-3.389369004999935,36.74759054500004],[-3.388631972999974,36.74675883800006]]],[[[-3.404292795999936,36.75221214100003],[-3.4031048209999426,36.75170308300005],[-3.403249394999932,36.750852001000055],[-3.404292795999936,36.75221214100003]]]]}},{"type":"Feature","properties":{"ClaseSuelo":"SUELO URBANO NO CONSOLIDADO","NuclRural":"0","AreaLamber":1.65460399,"Shape_STAr":0.00000167044675445},"geometry":{"type":"Polygon","coordinates":[[[-3.3555683269999577,36.72885015600008],[-3.354557970999963,36.729172420000054],[-3.3566607379999596,36.72829498100003],[-3.3555683269999577,36.72885015600008]]]}},{"type":"Feature","properties":{"ClaseSuelo":"SISTEMAS GENERALES","NuclRural":"0","AreaLamber":14.66447173,"Shape_STAr":0.0000149004772058},"geometry":{"type":"MultiPolygon","coordinates":[[[[-3.5689844169999674,37.23329929700003],[-3.569805437999946,37.23263939700007],[-3.5655232389999583,37.230196137000064],[-3.569857142999979,37.23235460400008],[-3.5747118679999517,37.22655257400004],[-3.5849666699999716,37.22087941500007],[-3.5791228179999734,37.22503875800004],[-3.5808855349999362,37.22551775100004],[-3.5701826719999303,37.23249455300004],[-3.5785578999999643,37.23362899000006],[-3.593912366999973,37.230364792000046],[-3.578607070999965,37.23389655600005],[-3.5689844169999674,37.23329929700003]],[[-3.576588719999961,37.22553168200005],[-3.570055259999947,37.232439777000025],[-3.58080946299998,37.22545035600007],[-3.5790115299999457,37.22501290100007],[-3.5821336429999633,37.22312666700003],[-3.576588719999961,37.22553168200005]]],[[[-3.571392386999946,37.23201056800008],[-3.572766883999975,37.23117853600007],[-3.572509031999971,37.23205904900004],[-3.571392386999946,37.23201056800008]]]]}},{"type":"Feature","properties":{"ClaseSuelo":"SUELO NO URBANIZABLE","NuclRural":"0","AreaLamber":1452.298053,"Shape_STAr":0.00147603191428},"geometry":{"type":"MultiPolygon","coordinates":[[[[-3.559569519999968,37.23466109900005],[-3.560074004999933,37.236947462000046],[-3.5533055789999253,37.239129140000045],[-3.5543188769999574,37.24028958100007],[-3.5525792109999657,37.24563958500005],[-3.5551191869999457,37.25057062800005],[-3.559933308999973,37.24778065800007],[-3.5605393429999594,37.24547368900005],[-3.5658513439999524,37.246408116000055],[-3.566794110999979,37.24265944100006],[-3.5692123749999496,37.24335375800007],[-3.5687066989999607,37.24142313500005],[-3.573279298999978,37.238554183000076],[-3.5727722129999506,37.235922017000064],[-3.5691112359999693,37.234873752000055],[-3.5699091329999533,37.23268397700008],[-3.5785980169999334,37.23389751900004],[-3.593912366999973,37.230364792000046],[-3.5919752739999353,37.23413140700006],[-3.5966754699999797,37.23831738800004],[-3.588053782999964,37.24016325300005],[-3.587956131999931,37.24356201200004],[-3.5816718039999387,37.24742395000004],[-3.5655421739999724,37.252712056000064],[-3.5479842019999523,37.26352113400003],[-3.5064402019999648,37.275919789000056],[-3.509422294999979,37.27319380500006],[-3.5044387279999683,37.26670700100004],[-3.505284923999966,37.26506285000005],[-3.51079391199994,37.26082069700004],[-3.5402115989999743,37.25215409000003],[-3.5418454369999495,37.25040693400007],[-3.539138191999939,37.24867956600008],[-3.543099980999955,37.24609249800005],[-3.5473499169999627,37.239727095000035],[-3.559569519999968,37.23466109900005]]],[[[-3.5729018469999687,37.23035501100003],[-3.5747635069999433,37.23228801600004],[-3.5773429539999597,37.231380167000054],[-3.5749505259999523,37.228825130000075],[-3.583761496999955,37.222188463000066],[-3.586602968999955,37.222791219000044],[-3.593744023999932,37.22966063400003],[-3.5776646379999306,37.23370453500007],[-3.5701826719999303,37.23249455300004],[-3.5729018469999687,37.23035501100003]],[[-3.571392386999946,37.23201056800008],[-3.572509031999971,37.23205904900004],[-3.572766883999975,37.23117853600007],[-3.571392386999946,37.23201056800008]]],[[[-3.5626588329999436,37.233566179000036],[-3.5655232389999583,37.230196137000064],[-3.569805437999946,37.23263939700007],[-3.5626588329999436,37.233566179000036]]],[[[-3.576588719999961,37.22553168200005],[-3.5821336429999633,37.22312666700003],[-3.5790115299999457,37.22501290100007],[-3.58080946299998,37.22545035600007],[-3.570055259999947,37.232439777000025],[-3.576588719999961,37.22553168200005]]],[[[-3.565764180999963,37.230006898000056],[-3.5681599189999247,37.227361167000026],[-3.566033157999925,37.22635274700008],[-3.5675346449999665,37.22213602100004],[-3.5703998989999377,37.21943610300008],[-3.5849666699999716,37.22087941500007],[-3.5747118679999517,37.22655257400004],[-3.569857142999979,37.23235460400008],[-3.565764180999963,37.230006898000056]]]]}},{"type":"Feature","properties":{"ClaseSuelo":"SUELO URBANIZABLE DELIMITADO O SECTORIZADO","NuclRural":"0","AreaLamber":29.91458834,"Shape_STAr":0.0000304000062559},"geometry":{"type":"MultiPolygon","coordinates":[[[[-3.5538024819999805,37.24350188000005],[-3.553417197999977,37.23896605900006],[-3.5616115119999563,37.238557394000054],[-3.559415114999979,37.24178944400006],[-3.5581857009999567,37.239779498000075],[-3.5538024819999805,37.24350188000005]]],[[[-3.5696110289999297,37.23918676400007],[-3.573084731999927,37.23742372600003],[-3.5699563919999378,37.24070409600006],[-3.5696110289999297,37.23918676400007]]]]}},{"type":"Feature","properties":{"ClaseSuelo":"SUELO URBANIZABLE NO DELIMITADO O SECTORIZADO","NuclRural":"0","AreaLamber":12.65084783,"Shape_STAr":0.0000128548773549},"geometry":{"type":"MultiPolygon","coordinates":[[[[-3.5729018469999687,37.23035501100003],[-3.5749505259999523,37.228825130000075],[-3.5773429539999597,37.231380167000054],[-3.5747635069999433,37.23228801600004],[-3.5729018469999687,37.23035501100003]]],[[[-3.5577415209999685,37.23781909100006],[-3.5594968719999542,37.237070636000055],[-3.5578124829999638,37.23865836300007],[-3.5577415209999685,37.23781909100006]]],[[[-3.566783030999943,37.233378138000035],[-3.568376396999952,37.23265579100007],[-3.5692550529999494,37.23485771600008],[-3.5676656899999557,37.23508458900005],[-3.566783030999943,37.233378138000035]]]]}},{"type":"Feature","properties":{"ClaseSuelo":"SUELO URBANO","NuclRural":"0","AreaLamber":141.03034676,"Shape_STAr":0.000143320069527},"geometry":{"type":"MultiPolygon","coordinates":[[[[-3.5540599229999543,37.24958242200006],[-3.5559629209999457,37.24988808000006],[-3.5526143859999593,37.24574207200004],[-3.552682643999958,37.24245469400006],[-3.55576227399996,37.243572103000076],[-3.5554091369999696,37.24134747200003],[-3.5581857009999567,37.239779498000075],[-3.559190153999964,37.24172857900004],[-3.5605875819999255,37.240225820000035],[-3.5623014089999288,37.241249080000046],[-3.5616115119999563,37.238557394000054],[-3.5585839429999737,37.23819814600006],[-3.560074004999933,37.236947462000046],[-3.559569519999968,37.23466109900005],[-3.5668306669999765,37.23338174600008],[-3.5676656899999557,37.23508458900005],[-3.5727722129999506,37.235922017000064],[-3.5713007569999604,37.23697894800006],[-3.5729109869999434,37.23763142700005],[-3.569132631999935,37.23885592200003],[-3.5692123749999496,37.24335375800007],[-3.566794110999979,37.24265944100006],[-3.565924774999928,37.246355239000025],[-3.5605393429999594,37.24547368900005],[-3.559883268999954,37.247802731000036],[-3.5564525149999326,37.24848554600004],[-3.5552596119999293,37.24703972900005],[-3.5568804409999757,37.24997283600004],[-3.5540599229999543,37.24958242200006]],[[-3.5576792749999413,37.24715857800004],[-3.557817472999943,37.246476847000054],[-3.5565331279999555,37.24685733700005],[-3.5576792749999413,37.24715857800004]],[[-3.555852336999976,37.24603933700007],[-3.5560333659999515,37.24661426800003],[-3.5565700689999744,37.24628977100008],[-3.555852336999976,37.24603933700007]],[[-3.5579068589999565,37.24488398400007],[-3.557685370999934,37.24509452800004],[-3.5587305589999687,37.24548211900003],[-3.5579068589999565,37.24488398400007]],[[-3.556448856999964,37.24544836800004],[-3.5568958169999405,37.245174107000025],[-3.5561971819999485,37.24490444200006],[-3.556448856999964,37.24544836800004]],[[-3.5645174869999323,37.24308144100007],[-3.565293671999939,37.24338254700007],[-3.5653292599999418,37.242747207000036],[-3.5645174869999323,37.24308144100007]],[[-3.564255687999946,37.24169269200007],[-3.564657608999937,37.24157666800005],[-3.564358039999945,37.241063516000054],[-3.564255687999946,37.24169269200007]],[[-3.567750015999934,37.23998289600007],[-3.5681914289999668,37.23783403300007],[-3.5660635199999433,37.23942525100006],[-3.567750015999934,37.23998289600007]],[[-3.5641119859999435,37.24034253100007],[-3.565485292999938,37.23903379600006],[-3.5643324139999777,37.23801153800008],[-3.5641119859999435,37.24034253100007]],[[-3.561706135999941,37.23663925300008],[-3.561626419999925,37.23767759800006],[-3.5631694129999687,37.23727071300004],[-3.561706135999941,37.23663925300008]]],[[[-3.583761496999955,37.222188463000066],[-3.58517855599996,37.22095813300007],[-3.586602968999955,37.222791219000044],[-3.583761496999955,37.222188463000066]]]]}},{"type":"Feature","properties":{"ClaseSuelo":"SUELO URBANO NO CONSOLIDADO","NuclRural":"0","AreaLamber":21.01999671,"Shape_STAr":0.0000213618602198},"geometry":{"type":"MultiPolygon","coordinates":[[[[-3.5554313959999604,37.24898603300005],[-3.5552596119999293,37.24703972900005],[-3.557410329999925,37.24814815000008],[-3.5569062329999497,37.249885832000075],[-3.5554313959999604,37.24898603300005]]],[[[-3.5728073259999746,37.23716535700004],[-3.5713219779999577,37.23679484400003],[-3.5728404209999667,37.23617459900004],[-3.5728073259999746,37.23716535700004]]],[[[-3.561706135999941,37.23663925300008],[-3.5631694129999687,37.23727071300004],[-3.561626419999925,37.23767759800006],[-3.561706135999941,37.23663925300008]]],[[[-3.57117623299996,37.238015156000074],[-3.5706605409999383,37.23750104100003],[-3.5711686829999394,37.237244485000076],[-3.57117623299996,37.238015156000074]]],[[[-3.5641119859999435,37.24034253100007],[-3.5643324139999777,37.23801153800008],[-3.565485292999938,37.23903379600006],[-3.5641119859999435,37.24034253100007]]],[[[-3.566008050999926,37.23977722400008],[-3.568563248999965,37.238025522000044],[-3.5687258479999286,37.23971360300004],[-3.566008050999926,37.23977722400008]]],[[[-3.56084389199998,37.24123115200007],[-3.562161559999936,37.23954507000008],[-3.562277458999972,37.24129266500006],[-3.56084389199998,37.24123115200007]]],[[[-3.564255687999946,37.24169269200007],[-3.564358039999945,37.241063516000054],[-3.564657608999937,37.24157666800005],[-3.564255687999946,37.24169269200007]]],[[[-3.5645174869999323,37.24308144100007],[-3.5653292599999418,37.242747207000036],[-3.565293671999939,37.24338254700007],[-3.5645174869999323,37.24308144100007]]],[[[-3.555248161999941,37.24344667300005],[-3.5554091369999696,37.24134747200003],[-3.556136821999928,37.24310008900005],[-3.555248161999941,37.24344667300005]]],[[[-3.5528994479999483,37.24261580900003],[-3.5540055379999558,37.24226427800005],[-3.5538198529999363,37.24352038600006],[-3.5528994479999483,37.24261580900003]]],[[[-3.556448856999964,37.24544836800004],[-3.5561971819999485,37.24490444200006],[-3.5568958169999405,37.245174107000025],[-3.556448856999964,37.24544836800004]]],[[[-3.5579068589999565,37.24488398400007],[-3.5587305589999687,37.24548211900003],[-3.557685370999934,37.24509452800004],[-3.5579068589999565,37.24488398400007]]],[[[-3.563781846999973,37.246384920000025],[-3.5636006179999526,37.24541033000003],[-3.564670891999981,37.246114360000036],[-3.563781846999973,37.246384920000025]]],[[[-3.555852336999976,37.24603933700007],[-3.5565700689999744,37.24628977100008],[-3.5560333659999515,37.24661426800003],[-3.555852336999976,37.24603933700007]]],[[[-3.5576792749999413,37.24715857800004],[-3.5565331279999555,37.24685733700005],[-3.557817472999943,37.246476847000054],[-3.5576792749999413,37.24715857800004]]],[[[-3.5545896669999593,37.24917365300007],[-3.5548272939999492,37.24819538300005],[-3.55594595499997,37.24993427100003],[-3.5545896669999593,37.24917365300007]]]]}},{"type":"Feature","properties":{"ClaseSuelo":"SUELO NO URBANIZABLE","NuclRural":"0","AreaLamber":4356.0273493,"Shape_STAr":0.00441638100689},"geometry":{"type":"MultiPolygon","coordinates":[[[[-3.6686774239999522,37.10919658800003],[-3.672168006999925,37.10696481800005],[-3.669651288999944,37.10398857800004],[-3.671230891999926,37.10358829000006],[-3.6701486129999807,37.10264597500003],[-3.666964375999953,37.104068881000046],[-3.6660413569999264,37.10182720900008],[-3.663174885999979,37.10187013500007],[-3.6621457399999713,37.10480056500006],[-3.6609139749999713,37.102173884000024],[-3.6604849729999387,37.10457275500005],[-3.656009643999937,37.105689306000045],[-3.6563285489999657,37.10435092200004],[-3.6535169949999613,37.10288341100005],[-3.6582761729999334,37.100893642000074],[-3.658414015999938,37.09711248200006],[-3.6565192429999342,37.09766875200006],[-3.65551458799996,37.09561994200004],[-3.649652731999936,37.09465227100003],[-3.6594538529999454,37.08586942100004],[-3.667361911999933,37.083303399000044],[-3.6752565739999454,37.07765763100008],[-3.6813751459999366,37.06892265000005],[-3.6840016399999627,37.06932900800007],[-3.681759541999952,37.06835509800004],[-3.690489093999929,37.05220581200007],[-3.69290287299998,37.05037591200005],[-3.699860074999947,37.03460267500003],[-3.709106806999955,37.03549448100006],[-3.712859124999966,37.032934580000074],[-3.7139208979999694,37.02995567000005],[-3.7200222499999427,37.02716935600006],[-3.7298682649999364,37.02641408100004],[-3.7351791909999292,37.02426748800008],[-3.741901731999974,37.02654461100008],[-3.7458475289999456,37.02477999200005],[-3.7510966629999416,37.016715900000065],[-3.748357015999943,37.008171564000065],[-3.7562720389999527,36.99722644600007],[-3.7565870499999505,36.98968273500003],[-3.7587435029999483,36.98564113000003],[-3.7620883029999277,36.98406803900008],[-3.770881092999957,36.98872280200004],[-3.774024856999972,36.994134005000035],[-3.773547143999963,37.00224258600008],[-3.7679115279999564,37.00573811900006],[-3.7687929409999583,37.00949705700003],[-3.7665876849999336,37.016371298000024],[-3.762763068999959,37.01738144600006],[-3.761291448999941,37.024936894000064],[-3.7586805759999606,37.02571619100007],[-3.7641142349999654,37.03045245200008],[-3.7642527319999317,37.03421080700008],[-3.7382068939999726,37.03669733400005],[-3.7379060859999527,37.04050480800004],[-3.7309520719999796,37.04824568600003],[-3.7325246799999263,37.06675432600008],[-3.72714629099994,37.07031757500005],[-3.727423195999961,37.07635443800007],[-3.720123869999952,37.08071072300004],[-3.7198124219999613,37.07544938800004],[-3.709563290999938,37.056372414000066],[-3.7054098569999496,37.06081292600004],[-3.7022740399999634,37.05955190200007],[-3.702305517999946,37.061463736000064],[-3.6968685579999487,37.06113148500003],[-3.6957355919999486,37.062894820000054],[-3.6932457869999666,37.06009867400007],[-3.6866719199999807,37.06161064200006],[-3.6917568079999796,37.065604877000055],[-3.6892878049999354,37.07096142200004],[-3.693193004999955,37.07305411100003],[-3.6903331579999303,37.075029018000066],[-3.691068434999977,37.07670746300005],[-3.694364352999969,37.07674001000004],[-3.699540731999946,37.07973667400006],[-3.700600665999957,37.07854697300007],[-3.6932639849999305,37.07311934200004],[-3.6963578409999513,37.07050979400003],[-3.7058789789999764,37.073036872000046],[-3.711704923999946,37.07160869200004],[-3.714587682999934,37.076337196000054],[-3.7176153959999283,37.07698538400007],[-3.719021770999973,37.08084899900007],[-3.7006089529999713,37.088995827000076],[-3.7000048419999416,37.09265310100005],[-3.6957942619999358,37.09564485200008],[-3.697641515999976,37.098493664000046],[-3.6958159699999555,37.099374125000054],[-3.695317321999937,37.10366257000004],[-3.6897148579999453,37.105811506000066],[-3.687543279999943,37.109070157000076],[-3.6818245069999307,37.109886678000066],[-3.679478117999963,37.10677225300003],[-3.6686774239999522,37.10919658800003]]],[[[-3.624735547999933,37.13498453400007],[-3.626553805999947,37.130938539000056],[-3.6298300019999488,37.13067606800007],[-3.630904998999938,37.12498707100008],[-3.6347477379999305,37.11973015700005],[-3.629577268999981,37.113845070000025],[-3.625692436999941,37.11225144200006],[-3.623329619999936,37.108470906000036],[-3.6339069459999678,37.10318660300004],[-3.6378347269999267,37.104337602000044],[-3.640388436999956,37.10088026100004],[-3.6431334469999683,37.100239163000026],[-3.631590775999939,37.11127421600003],[-3.631737151999971,37.11340778500005],[-3.6346723999999426,37.116742196000075],[-3.6375384349999536,37.11306422500007],[-3.6479247209999244,37.115544105000026],[-3.650006684999937,37.118920066000044],[-3.653569354999945,37.11672849900003],[-3.64869972799994,37.111404890000074],[-3.6504178159999583,37.10836166800004],[-3.6474322449999477,37.10561781700005],[-3.652345195999942,37.10427906900003],[-3.657969408999975,37.10653094600008],[-3.6621239609999634,37.10577778700008],[-3.6678434969999785,37.11020330400004],[-3.6605460499999367,37.11692975600005],[-3.659221481999964,37.119947817000025],[-3.6504025259999366,37.121988560000034],[-3.6455706419999387,37.12034732500007],[-3.6426608329999794,37.12368028800006],[-3.6395546869999293,37.12377818500005],[-3.629732224999941,37.13835005300007],[-3.624735547999933,37.13498453400007]]]]}},{"type":"Feature","properties":{"ClaseSuelo":"SUELO URBANIZABLE DELIMITADO O SECTORIZADO","NuclRural":"0","AreaLamber":428.82862687,"Shape_STAr":0.000434848089505},"geometry":{"type":"MultiPolygon","coordinates":[[[[-3.7176153959999283,37.07698538400007],[-3.714587682999934,37.076337196000054],[-3.711704923999946,37.07160869200004],[-3.7058789789999764,37.073036872000046],[-3.7009042659999523,37.070765392000055],[-3.6983092069999657,37.07122070500003],[-3.6983122709999634,37.070058294000034],[-3.6932639849999305,37.07311934200004],[-3.700600665999957,37.07854697300007],[-3.699540731999946,37.07973667400006],[-3.694364352999969,37.07674001000004],[-3.691068434999977,37.07670746300005],[-3.6903331579999303,37.075029018000066],[-3.693193004999955,37.07305411100003],[-3.6892878049999354,37.07096142200004],[-3.6917568079999796,37.065604877000055],[-3.6866719199999807,37.06161064200006],[-3.6932457869999666,37.06009867400007],[-3.6957355919999486,37.062894820000054],[-3.6968685579999487,37.06113148500003],[-3.702305517999946,37.061463736000064],[-3.7022740399999634,37.05955190200007],[-3.7054098569999496,37.06081292600004],[-3.709563290999938,37.056372414000066],[-3.7198124219999613,37.07544938800004],[-3.7200211869999293,37.080723800000044],[-3.7176153959999283,37.07698538400007]]],[[[-3.655317203999971,37.10107560600005],[-3.656248072999972,37.09796963900004],[-3.658414015999938,37.09711248200006],[-3.6582761729999334,37.100893642000074],[-3.655317203999971,37.10107560600005]]],[[[-3.6510046049999687,37.100108989000034],[-3.6543328969999607,37.100365202000035],[-3.6516501129999597,37.10224937900006],[-3.6510046049999687,37.100108989000034]]],[[[-3.656978934999927,37.10631917400008],[-3.650765963999959,37.10489350700004],[-3.650486776999969,37.102901968000026],[-3.6538606239999467,37.10301026800005],[-3.656978934999927,37.10631917400008]]],[[[-3.667439644999945,37.11042506300004],[-3.6621239609999634,37.10577778700008],[-3.665843769999981,37.108305991000066],[-3.6675859129999253,37.10698034300003],[-3.66592811299995,37.10559395000007],[-3.668243319999931,37.10487571500005],[-3.6647632979999685,37.10491422100006],[-3.6642704639999693,37.10185387000007],[-3.6660413569999264,37.10182720900008],[-3.666964375999953,37.104068881000046],[-3.6688787169999273,37.10314813800005],[-3.6683279409999727,37.105925556000045],[-3.672221272999934,37.10659853100003],[-3.667439644999945,37.11042506300004]]],[[[-3.6316251949999696,37.112012020000066],[-3.643123621999962,37.10023433200007],[-3.645716130999972,37.100337455000044],[-3.643991162999953,37.10288466700007],[-3.6394332749999307,37.10454907700006],[-3.6370941619999257,37.11245083400007],[-3.6351040949999742,37.11035711400007],[-3.6322621049999384,37.11414472200005],[-3.6316251949999696,37.112012020000066]]],[[[-3.6511437479999245,37.11474232900008],[-3.653540317999955,37.11732131600007],[-3.650006684999937,37.118920066000044],[-3.6511437479999245,37.11474232900008]]]]}},{"type":"Feature","properties":{"ClaseSuelo":"SUELO URBANO","NuclRural":"0","AreaLamber":219.56034324,"Shape_STAr":0.00022273381308},"geometry":{"type":"MultiPolygon","coordinates":[[[[-3.648207531999958,37.09688763200006],[-3.649647118999951,37.09478160700007],[-3.65551458799996,37.09561994200004],[-3.6565192429999342,37.09766875200006],[-3.6544133909999346,37.10260469200006],[-3.651348111999937,37.102388793000046],[-3.654330285999947,37.100061940000046],[-3.650880683999958,37.09969596800005],[-3.651328234999937,37.10092693400003],[-3.646283101999927,37.103559903000075],[-3.6514935539999556,37.10369274400006],[-3.645726626999931,37.106095141000026],[-3.650334900999951,37.10816945700003],[-3.648684227999979,37.11130278500008],[-3.6510191009999744,37.11499295600004],[-3.64666714599997,37.11358090900006],[-3.645495215999972,37.114288689000034],[-3.646434254999974,37.11551695900005],[-3.6375384349999536,37.11306422500007],[-3.6346723999999426,37.116742196000075],[-3.6324351359999696,37.114057727000045],[-3.6346937489999505,37.11485172700003],[-3.6344827629999372,37.11362269600005],[-3.6361984809999512,37.11366786800005],[-3.6366750409999327,37.11101484200003],[-3.6387440919999676,37.10972702600003],[-3.638004371999955,37.10845652200004],[-3.6399581239999748,37.10917693600004],[-3.641775938999956,37.106989490000046],[-3.6390971239999317,37.10528000800008],[-3.639791705999926,37.10404772800007],[-3.644921608999937,37.10255460500008],[-3.6449840509999376,37.10011815300004],[-3.647920431999978,37.09688601600004],[-3.645953924999958,37.099664576000066],[-3.6480038379999655,37.09915965700003],[-3.648207531999958,37.09688763200006]],[[-3.6488617419999514,37.108997128000055],[-3.6487220489999572,37.108776789000046],[-3.6481670089999625,37.109037811000064],[-3.6488617419999514,37.108997128000055]],[[-3.6467549619999318,37.112639364000074],[-3.6460562509999477,37.112494466000044],[-3.646249657999931,37.11288942200008],[-3.6467549619999318,37.112639364000074]],[[-3.6419813449999765,37.10444067000003],[-3.6413721789999727,37.10433020800008],[-3.6424657229999298,37.10494623300008],[-3.6419813449999765,37.10444067000003]],[[-3.6401609539999527,37.112446669000065],[-3.639264872999945,37.11230946300003],[-3.6395474079999417,37.112973726000064],[-3.6401609539999527,37.112446669000065]],[[-3.641609680999977,37.11174969100006],[-3.640495939999937,37.11102512400004],[-3.640757866999934,37.11196662100008],[-3.641609680999977,37.11174969100006]],[[-3.6447935529999427,37.10492867100004],[-3.644019721999939,37.10597334500005],[-3.6450804679999464,37.10581179500008],[-3.6447935529999427,37.10492867100004]]],[[[-3.6626702979999664,37.10558505400007],[-3.6571874419999517,37.10630512100005],[-3.6604849729999387,37.10457275500005],[-3.6605512689999387,37.10226412700007],[-3.6621457399999713,37.10480056500006],[-3.663430640999934,37.10183121100005],[-3.6651924579999786,37.10303025400003],[-3.6647632979999685,37.10491422100006],[-3.668243319999931,37.10487571500005],[-3.66592811299995,37.10559395000007],[-3.6675859129999253,37.10698034300003],[-3.665843769999981,37.108305991000066],[-3.6626702979999664,37.10558505400007]]],[[[-3.6298300019999488,37.13067606800007],[-3.626553805999947,37.130938539000056],[-3.630904998999938,37.12498707100008],[-3.6298300019999488,37.13067606800007]]],[[[-3.6370306829999777,37.10377284700007],[-3.635897697999951,37.10325430600005],[-3.636713199999974,37.10205677700003],[-3.639401052999972,37.10199228300007],[-3.638740875999929,37.103840723000076],[-3.6370306829999777,37.10377284700007]]],[[[-3.6691761469999733,37.10635473600007],[-3.66830843799994,37.10478214700004],[-3.669651288999944,37.10398857800004],[-3.6709915969999543,37.10596015900006],[-3.6691761469999733,37.10635473600007]]],[[[-3.6699053229999663,37.10389771600006],[-3.6688787169999273,37.10314813800005],[-3.671230891999926,37.10358829000006],[-3.6699053229999663,37.10389771600006]]],[[[-3.624886129999936,37.13311954000005],[-3.6256250829999317,37.13399399700006],[-3.624735547999933,37.13498453400007],[-3.624886129999936,37.13311954000005]]],[[[-3.6486960429999726,37.11645557500003],[-3.6491109629999414,37.116437302000065],[-3.649028208999937,37.117001843000025],[-3.6486960429999726,37.11645557500003]]]]}},{"type":"Feature","properties":{"ClaseSuelo":"SUELO URBANO NO CONSOLIDADO","NuclRural":"0","AreaLamber":45.25561811,"Shape_STAr":0.0000459107605273},"geometry":{"type":"MultiPolygon","coordinates":[[[[-3.648933500999931,37.11638663400004],[-3.645495215999972,37.114288689000034],[-3.649024926999971,37.11391572600007],[-3.6509018069999684,37.11630823100006],[-3.649386055999969,37.11815715500006],[-3.648933500999931,37.11638663400004]]],[[[-3.6464331609999476,37.097992555000076],[-3.648207531999958,37.09688763200006],[-3.6481751909999502,37.09891752900006],[-3.6462166169999364,37.09996621700003],[-3.6464331609999476,37.097992555000076]]],[[[-3.6450054299999692,37.10074514900003],[-3.644513543999949,37.10249252500006],[-3.644241079999972,37.101591048000046],[-3.6450054299999692,37.10074514900003]]],[[[-3.6377492579999284,37.103596493000055],[-3.6385169479999604,37.10389631900006],[-3.6381323889999635,37.10408999900005],[-3.6377492579999284,37.103596493000055]]],[[[-3.6480673249999427,37.10451139600008],[-3.646283101999927,37.103559903000075],[-3.651328234999937,37.10092693400003],[-3.6516501129999597,37.10224937900006],[-3.6480673249999427,37.10451139600008]]],[[[-3.6413721789999727,37.10433020800008],[-3.6417205659999468,37.10408845300003],[-3.6424657229999298,37.10494623300008],[-3.6413721789999727,37.10433020800008]]],[[[-3.6477616079999393,37.10495643300004],[-3.6499083139999584,37.10387574400005],[-3.650765963999959,37.10489350700004],[-3.6477616079999393,37.10495643300004]]],[[[-3.644204702999957,37.10484840700008],[-3.6450804679999464,37.10581179500008],[-3.644019721999939,37.10597334500005],[-3.644204702999957,37.10484840700008]]],[[[-3.645726626999931,37.106095141000026],[-3.6466812719999666,37.10507605600003],[-3.648022712999932,37.106788066000036],[-3.645726626999931,37.106095141000026]]],[[[-3.648332550999953,37.10897319000003],[-3.6487220489999572,37.108776789000046],[-3.6488617419999514,37.108997128000055],[-3.648332550999953,37.10897319000003]]],[[[-3.6399581239999748,37.10917693600004],[-3.637991518999968,37.10802756600003],[-3.6398741439999753,37.10592788300005],[-3.641775938999956,37.106989490000046],[-3.6399581239999748,37.10917693600004]]],[[[-3.640495939999937,37.11102512400004],[-3.6416242059999604,37.11176429100004],[-3.640757866999934,37.11196662100008],[-3.640495939999937,37.11102512400004]]],[[[-3.6463481119999415,37.11238421100006],[-3.6467549619999318,37.112639364000074],[-3.646249657999931,37.11288942200008],[-3.6463481119999415,37.11238421100006]]],[[[-3.639264872999945,37.11230946300003],[-3.6401609539999527,37.112446669000065],[-3.6395474079999417,37.112973726000064],[-3.639264872999945,37.11230946300003]]],[[[-3.632885865999981,37.11374040900006],[-3.6351040949999742,37.11035711400007],[-3.63716614599997,37.11249941500006],[-3.6344827629999372,37.11362269600005],[-3.6346937489999505,37.11485172700003],[-3.632885865999981,37.11374040900006]]],[[[-3.6353741579999337,37.11461530500003],[-3.63615832499994,37.11446762800006],[-3.6349982289999616,37.11627574700003],[-3.6353741579999337,37.11461530500003]]]]}},{"type":"Feature","properties":{"ClaseSuelo":"SISTEMAS GENERALES","NuclRural":"0","AreaLamber":54.86267972,"Shape_STAr":0.0000556890974976},"geometry":{"type":"MultiPolygon","coordinates":[[[[-3.616124519999971,37.16054085600007],[-3.6143907939999735,37.15864392000003],[-3.625930020999931,37.150415071000054],[-3.625342297999964,37.15315858800005],[-3.6209506219999525,37.15573412400005],[-3.6197543209999594,37.160075420000055],[-3.616124519999971,37.16054085600007]]],[[[-3.6123464579999336,37.15773721700003],[-3.6127097009999716,37.153340392000075],[-3.6098204649999275,37.15556275200004],[-3.6123508829999764,37.15309274600003],[-3.6090279309999573,37.14645752500007],[-3.6100576349999756,37.14114174900004],[-3.6137939419999725,37.14357092300003],[-3.6107928189999257,37.14701129000008],[-3.613244374999965,37.15220930400005],[-3.6231338709999363,37.14612906200006],[-3.6287899059999518,37.13774440100008],[-3.6282402479999405,37.14047024800004],[-3.6231589079999367,37.14624117400007],[-3.613465271999928,37.15238689600005],[-3.6123464579999336,37.15773721700003]],[[-3.6105142049999586,37.14561279800006],[-3.61254196699997,37.14412284500003],[-3.611680379999939,37.14247210600007],[-3.609719100999939,37.14399516800006],[-3.6105142049999586,37.14561279800006]]]]}},{"type":"Feature","properties":{"ClaseSuelo":"SUELO NO URBANIZABLE","NuclRural":"0","AreaLamber":57.51269904,"Shape_STAr":0.0000583803729283},"geometry":{"type":"MultiPolygon","coordinates":[[[[-3.6197543209999594,37.160075420000055],[-3.620736339999951,37.156311638000034],[-3.623817431999953,37.15843282000003],[-3.6233684259999563,37.156553175000056],[-3.6211691929999574,37.155783470000074],[-3.6244693669999606,37.15400477000003],[-3.628430499999979,37.15618902600005],[-3.6281175639999788,37.159201368000026],[-3.6303675139999427,37.160253097000066],[-3.6197543209999594,37.160075420000055]]],[[[-3.612735013999952,37.15805538500007],[-3.6135538219999717,37.15422663700008],[-3.6184555549999686,37.155018453000025],[-3.6143907939999735,37.15864392000003],[-3.61617499099998,37.16142731800005],[-3.612735013999952,37.15805538500007]]],[[[-3.6105237459999557,37.13950214700003],[-3.608095946999981,37.14438537800004],[-3.609859258999961,37.139321417000076],[-3.6105237459999557,37.13950214700003]]],[[[-3.6289492659999496,37.137842024000065],[-3.6321149409999407,37.138826438000024],[-3.6322832019999396,37.141458810000074],[-3.6301861439999357,37.14076523800003],[-3.6289492659999496,37.137842024000065]]],[[[-3.61507297299994,37.13933399500007],[-3.6159968239999785,37.13868079200006],[-3.6158577639999407,37.13936741500004],[-3.61507297299994,37.13933399500007]]],[[[-3.61670197899997,37.13826492900006],[-3.6176253869999755,37.13741487600004],[-3.6171569949999594,37.13837265700005],[-3.61670197899997,37.13826492900006]]]]}},{"type":"Feature","properties":{"ClaseSuelo":"SUELO URBANIZABLE DELIMITADO O SECTORIZADO","NuclRural":"0","AreaLamber":26.18378495,"Shape_STAr":0.0000265752431281},"geometry":{"type":"MultiPolygon","coordinates":[[[[-3.6100576349999756,37.14114174900004],[-3.6109360649999758,37.13869774300008],[-3.616330209999944,37.14125577900006],[-3.613638537999975,37.14336851400003],[-3.6100576349999756,37.14114174900004]]],[[[-3.6105142049999586,37.14561279800006],[-3.609719100999939,37.14399516800006],[-3.611680379999939,37.14247210600007],[-3.61254196699997,37.14412284500003],[-3.6105142049999586,37.14561279800006]]],[[[-3.6217136109999615,37.150662004000026],[-3.6220652519999703,37.148972694000065],[-3.626071139999965,37.15034028600007],[-3.6240879149999614,37.15178246500005],[-3.6217136109999615,37.150662004000026]]]]}},{"type":"Feature","properties":{"ClaseSuelo":"SUELO URBANIZABLE DELIMITADO O SECTORIZADO","NuclRural":"0","AreaLamber":56.71846256,"Shape_STAr":0.0000575351178749},"geometry":{"type":"MultiPolygon","coordinates":[[[[-3.5964285019999807,37.09894483900007],[-3.593421540999941,37.09627361500003],[-3.5947204229999556,37.09366846100005],[-3.605147315999943,37.095592828000065],[-3.604294748999962,37.09828201000005],[-3.597881308999945,37.096493628000076],[-3.5986135029999673,37.09888027300008],[-3.5964285019999807,37.09894483900007]]],[[[-3.614686638999956,37.111337906000074],[-3.611397735999958,37.10968610400005],[-3.614725971999974,37.10940511500007],[-3.6158057539999504,37.10764526400004],[-3.619259402999944,37.11013598100004],[-3.614686638999956,37.111337906000074]]],[[[-3.6040666189999797,37.11344263400008],[-3.6025928409999324,37.11057277000003],[-3.604089915999964,37.10937404100008],[-3.60639852099996,37.11140068100008],[-3.6059763439999415,37.11477923700005],[-3.6040666189999797,37.11344263400008]]]]}},{"type":"Feature","properties":{"ClaseSuelo":"SUELO URBANIZABLE NO DELIMITADO O SECTORIZADO","NuclRural":"0","AreaLamber":113.91960821,"Shape_STAr":0.000115535159939},"geometry":{"type":"MultiPolygon","coordinates":[[[[-3.574604143999977,37.080142882000075],[-3.5856908109999495,37.08315315900006],[-3.596263237999949,37.08188071700005],[-3.5988545799999656,37.08463430000006],[-3.5962051939999355,37.087132163000035],[-3.592103798999972,37.08465471200003],[-3.586699234999969,37.08412016900007],[-3.5845343639999783,37.08624000900005],[-3.580588218999935,37.08610100200008],[-3.5799388979999662,37.08814477400006],[-3.575739128999942,37.08523179800005],[-3.5772189759999264,37.084093041000074],[-3.5767919029999575,37.08221930700006],[-3.575650019999955,37.08135439900008],[-3.575435048999964,37.08309632900006],[-3.573178623999979,37.082701815000064],[-3.574604143999977,37.080142882000075]]],[[[-3.5995133069999383,37.091584977000025],[-3.599707121999927,37.08950622900005],[-3.59712531699995,37.08727231200004],[-3.6008464689999755,37.08644904100004],[-3.6042193839999754,37.08834320300008],[-3.6054915849999247,37.09259015500004],[-3.5995133069999383,37.091584977000025]]],[[[-3.5701594649999606,37.08325311200008],[-3.5716586359999383,37.08334492700004],[-3.572161780999977,37.085199025000065],[-3.5701594649999606,37.08325311200008]]]]}},{"type":"Feature","properties":{"ClaseSuelo":"SUELO URBANO","NuclRural":"0","AreaLamber":159.87734714,"Shape_STAr":0.000162186301536},"geometry":{"type":"MultiPolygon","coordinates":[[[[-3.598543430999939,37.112382686000046],[-3.5958958979999807,37.10728226900005],[-3.5964969699999756,37.10499011100006],[-3.5996257759999253,37.10521978000003],[-3.597538657999962,37.104344920000074],[-3.59315931499998,37.097784285000046],[-3.5986135029999673,37.09888027300008],[-3.5978275949999556,37.09672292600004],[-3.5991851799999495,37.096393671000044],[-3.602479975999927,37.097472003000064],[-3.60117663799997,37.098013464000076],[-3.603889165999931,37.09764982200005],[-3.6055882569999653,37.10012118900005],[-3.6048265509999737,37.101605851000045],[-3.6077207519999774,37.10367953600007],[-3.6065481369999475,37.10545695600007],[-3.608666558999971,37.10574165000003],[-3.606792412999937,37.10604283400005],[-3.60639852099996,37.11140068100008],[-3.604089915999964,37.10937404100008],[-3.6025928409999324,37.11057277000003],[-3.6059715269999515,37.11631149500005],[-3.6001568299999462,37.11679178800006],[-3.5994056409999757,37.11464816700004],[-3.597256141999935,37.11458375800004],[-3.598543430999939,37.112382686000046]],[[-3.601604002999977,37.109818301000075],[-3.6016015629999742,37.111091239000075],[-3.602238700999976,37.110185398000056],[-3.601604002999977,37.109818301000075]],[[-3.602189838999948,37.10956108600004],[-3.6018631059999393,37.108240211000066],[-3.601075299999934,37.10845740800005],[-3.602189838999948,37.10956108600004]],[[-3.6033598819999497,37.104708455000036],[-3.6045636569999715,37.10524208900006],[-3.6042564809999362,37.10448488800006],[-3.6033598819999497,37.104708455000036]],[[-3.6050701569999433,37.10401032200008],[-3.6058776279999734,37.10316361200006],[-3.6047083539999676,37.102841832000024],[-3.6050701569999433,37.10401032200008]],[[-3.5986001919999353,37.10206868100005],[-3.5979521579999414,37.10225062300003],[-3.5983566159999327,37.10269302300003],[-3.5986001919999353,37.10206868100005]],[[-3.602858853999976,37.100536513000065],[-3.6035528119999753,37.09885613800003],[-3.6000598369999466,37.09847319100004],[-3.6004039959999545,37.10114494900006],[-3.602901261999932,37.10197340700006],[-3.602858853999976,37.100536513000065]],[[-3.597113270999955,37.10060432300003],[-3.597496742999965,37.101072841000075],[-3.5979996699999788,37.10075253400004],[-3.597113270999955,37.10060432300003]]],[[[-3.59932295699997,37.094483041000046],[-3.5996805569999424,37.09263625800003],[-3.6084992339999644,37.094702246000054],[-3.6045689259999563,37.09601504400007],[-3.59932295699997,37.094483041000046]]]]}},{"type":"Feature","properties":{"ClaseSuelo":"SUELO URBANO NO CONSOLIDADO","NuclRural":"0","AreaLamber":38.07843498,"Shape_STAr":0.0000386256571639},"geometry":{"type":"MultiPolygon","coordinates":[[[[-3.6068074499999625,37.10637642100005],[-3.608666558999971,37.10574165000003],[-3.6065481369999475,37.10545695600007],[-3.6077207519999774,37.10367953600007],[-3.6048265509999737,37.101605851000045],[-3.604930981999928,37.096517482000024],[-3.609523170999978,37.10564785500003],[-3.6076488849999464,37.107208263000075],[-3.6068074499999625,37.10637642100005]]],[[[-3.5996805569999424,37.09263625800003],[-3.5985605889999306,37.09166226000008],[-3.6054915849999247,37.09259015500004],[-3.605364996999981,37.09447031700006],[-3.5996805569999424,37.09263625800003]]],[[[-3.597113270999955,37.10060432300003],[-3.5979996699999788,37.10075253400004],[-3.597496742999965,37.101072841000075],[-3.597113270999955,37.10060432300003]]],[[[-3.6023278079999272,37.101834336000024],[-3.6003668189999303,37.10109558100004],[-3.60017424199998,37.09835926100004],[-3.6035528119999753,37.09885613800003],[-3.6023278079999272,37.101834336000024]]],[[[-3.5986001919999353,37.10206868100005],[-3.5983566159999327,37.10269302300003],[-3.5979521579999414,37.10225062300003],[-3.5986001919999353,37.10206868100005]]],[[[-3.6050701569999433,37.10401032200008],[-3.6047083539999676,37.102841832000024],[-3.6058776279999734,37.10316361200006],[-3.6050701569999433,37.10401032200008]]],[[[-3.6033598819999497,37.104708455000036],[-3.6042564809999362,37.10448488800006],[-3.6045636569999715,37.10524208900006],[-3.6033598819999497,37.104708455000036]]],[[[-3.5976801929999738,37.10476706400004],[-3.5996257759999253,37.10521978000003],[-3.5981726059999346,37.105953261000025],[-3.5976801929999738,37.10476706400004]]],[[[-3.602189838999948,37.10956108600004],[-3.601075299999934,37.10845740800005],[-3.6018631059999393,37.108240211000066],[-3.602189838999948,37.10956108600004]]],[[[-3.601604002999977,37.109818301000075],[-3.602238700999976,37.110185398000056],[-3.6016015629999742,37.111091239000075],[-3.601604002999977,37.109818301000075]]],[[[-3.598526612999933,37.11171568000003],[-3.598543430999939,37.112382686000046],[-3.598053547999939,37.11236351100007],[-3.598526612999933,37.11171568000003]]]]}},{"type":"Feature","properties":{"ClaseSuelo":"SUELO NO URBANIZABLE","NuclRural":"0","AreaLamber":31672.8441958,"Shape_STAr":0.0322524784827},"geometry":{"type":"MultiPolygon","coordinates":[[[[-3.0631979109999747,37.29536139600003],[-3.0651203519999513,37.30117926200006],[-3.072908767999934,37.296954398000025],[-3.069886707999956,37.296224437000035],[-3.075319825999941,37.29630848800008],[-3.0769401389999302,37.29419638600007],[-3.0836300369999776,37.29223035000007],[-3.0822236399999383,37.29092465100007],[-3.084638808999955,37.289961842000025],[-3.082762964999972,37.28957784500005],[-3.0866161899999724,37.28850470800006],[-3.082282402999965,37.28926992500004],[-3.0860534449999477,37.287491525000064],[-3.0842855069999473,37.287074682000025],[-3.0853700949999734,37.28487117200007],[-3.0926286339999365,37.27861292800003],[-3.0998826549999308,37.279202026000064],[-3.114024512999947,37.27663843800008],[-3.1268088439999246,37.272253790000036],[-3.1243510239999637,37.265955606000034],[-3.126283255999965,37.26129335100006],[-3.1257150639999622,37.25866186600007],[-3.1294819759999655,37.25213171100006],[-3.1336963469999546,37.25040539100007],[-3.1337106369999788,37.25213606300008],[-3.137389981999945,37.247642910000025],[-3.140446628999939,37.254309713000055],[-3.141471663999937,37.25368653600003],[-3.1416783699999655,37.25570542600008],[-3.146907766999959,37.25997173300004],[-3.1540721799999574,37.26154014200006],[-3.158094268999946,37.265023289000055],[-3.158403162999946,37.26168770400005],[-3.1614582289999476,37.261106710000035],[-3.161198798999976,37.26644334100007],[-3.167439460999958,37.26810232500003],[-3.1732119959999636,37.26712957900003],[-3.1746598539999695,37.26402665400008],[-3.1844308549999596,37.25637707100003],[-3.1970362039999713,37.24233105900004],[-3.2016443309999545,37.241070387000036],[-3.203082054999925,37.23902175500007],[-3.212100495999948,37.23861841100006],[-3.2165664079999488,37.24303625300007],[-3.2148716719999584,37.245806634000076],[-3.217664953999929,37.252652212000044],[-3.2163106469999434,37.25623324700007],[-3.212190168999939,37.258719521000046],[-3.212863777999928,37.261674912000046],[-3.1907886229999463,37.26893255900006],[-3.1812409149999326,37.28078282700005],[-3.183071009999935,37.28187973400003],[-3.178199405999976,37.28261725100003],[-3.1713906059999317,37.292257171000074],[-3.1678142549999393,37.293581681000035],[-3.1678003829999284,37.29703815500005],[-3.171305674999928,37.29296261500008],[-3.1746601769999643,37.29380881900005],[-3.172920913999974,37.29802988500006],[-3.1747147179999615,37.29792811600004],[-3.174540709999974,37.30078579100007],[-3.1761754849999306,37.300197480000065],[-3.179297394999935,37.30345587100004],[-3.176846424999951,37.30732651200003],[-3.177036980999958,37.31164390200007],[-3.1720775359999607,37.324369802000035],[-3.1787038269999357,37.32949797800006],[-3.176849481999966,37.33302517800007],[-3.1790468349999514,37.336176762000036],[-3.1770302129999664,37.337946497000075],[-3.173392948999947,37.337005383000076],[-3.169529824999927,37.34107620200007],[-3.1652350609999758,37.33890988200005],[-3.160108434999927,37.34370324500003],[-3.1530851019999773,37.34325275400005],[-3.1469580089999454,37.34501815900006],[-3.1423485349999396,37.349458567000056],[-3.1495672909999257,37.35720166800007],[-3.150626860999978,37.36197767900006],[-3.157176303999961,37.36727839300005],[-3.155988400999945,37.37179588500004],[-3.1429983119999747,37.37695904100008],[-3.1366161759999613,37.37672313300004],[-3.1347589529999595,37.38039386600008],[-3.138905953999938,37.38745595200004],[-3.1365179329999364,37.39130759900007],[-3.1346433409999577,37.39173337300008],[-3.1359634569999457,37.39079444300006],[-3.132943900999976,37.38894099400005],[-3.1331951379999623,37.38400114500007],[-3.1287538599999607,37.382870267000044],[-3.1273011009999436,37.37872546600005],[-3.124362969999936,37.37789027200006],[-3.1239508239999623,37.374474459000055],[-3.1199970379999513,37.37405484100003],[-3.1170785569999566,37.37111922200006],[-3.1184444259999395,37.37064916000003],[-3.116386678999959,37.36918192400003],[-3.1173444389999645,37.36772976100008],[-3.1055056849999687,37.36553238500005],[-3.1038684119999402,37.37409695600007],[-3.1077840189999506,37.37957390300005],[-3.1046256309999762,37.38275857900004],[-3.105739923999977,37.38806673400006],[-3.1036882569999307,37.39128645200003],[-3.121085649999941,37.419753677000074],[-3.1184878759999606,37.42076581500004],[-3.121150403999934,37.42497257400004],[-3.120872836999979,37.42813668100007],[-3.1265527569999563,37.431736313000044],[-3.133858772999929,37.44052577600007],[-3.137781686999972,37.44063850500004],[-3.1381768149999516,37.44658711300008],[-3.1410447209999575,37.45069403000008],[-3.1366142419999505,37.45155547100006],[-3.124141606999956,37.464368516000036],[-3.1261894169999778,37.464988325000036],[-3.1253093689999787,37.466206097000054],[-3.1214655349999703,37.46686805000007],[-3.114442606999944,37.47423012100006],[-3.1153260669999554,37.47509458900004],[-3.11286464799997,37.47789116700005],[-3.118891891999965,37.484438296000064],[-3.114301336999972,37.48565058200006],[-3.1119753409999475,37.48849207400008],[-3.1133654219999585,37.495260028000075],[-3.1118164409999736,37.49586539200004],[-3.1096107749999646,37.50398873100005],[-3.0998385859999757,37.50650302200006],[-3.090917865999927,37.50245391900006],[-3.089705143999936,37.50064307700006],[-3.0909120739999594,37.49757753200004],[-3.082499913999925,37.491571462000024],[-3.082384124999976,37.48907476000005],[-3.0844970799999487,37.48690101300008],[-3.0790505699999358,37.481406363000076],[-3.073822917999962,37.47923736700005],[-3.068518246999929,37.479132314000026],[-3.0591148089999365,37.47316118900005],[-3.060836472999938,37.47653145100003],[-3.055315364999956,37.47392913200008],[-3.05559898599995,37.47517288700004],[-3.046523972999978,37.46738886900005],[-3.0471580319999703,37.468695608000075],[-3.0398508569999763,37.465300038000066],[-3.0356308629999376,37.46075843700004],[-3.029361852999955,37.44786150300007],[-3.0228372939999417,37.443419110000036],[-3.0391915499999413,37.43510440600005],[-3.0482960509999657,37.42475340800007],[-3.047341630999938,37.41629890200005],[-3.0414382089999776,37.40787319900005],[-3.0417926849999617,37.39423526100006],[-3.033863506999978,37.37140575800004],[-3.0255127699999775,37.35736421800004],[-3.021760553999968,37.34487173000008],[-3.0142632229999435,37.34081655600005],[-3.010424197999953,37.33563394200007],[-3.006495622999978,37.33432717100004],[-2.998481215999959,37.32305087700007],[-2.9847329589999276,37.326583210000024],[-2.983153290999951,37.32424837900004],[-2.9861448519999385,37.32191419600008],[-2.9903658629999654,37.32345603700003],[-2.9973977259999742,37.322113401000024],[-3.0051627709999593,37.316389564000076],[-3.017282952999949,37.31199876200003],[-3.0340825799999607,37.302260241000056],[-3.049955688999944,37.29717089900004],[-3.0534998209999458,37.29899921500004],[-3.0631979109999747,37.29536139600003]],[[-3.1313625539999634,37.30671571700003],[-3.128122572999928,37.308933170000046],[-3.1287743739999314,37.309800746000064],[-3.1244780679999735,37.309558019000065],[-3.123883254999953,37.31200345600007],[-3.12586534299993,37.31350041700006],[-3.1237006879999285,37.313963743000045],[-3.121153035999953,37.32041992500007],[-3.125470155999949,37.318646416000036],[-3.128310340999974,37.31934387000007],[-3.130611311999928,37.314150271000074],[-3.130142826999929,37.31050849800005],[-3.13375853499997,37.30961339300006],[-3.132397171999969,37.307902023000054],[-3.1362071699999774,37.305201218000036],[-3.1419676649999246,37.308449120000034],[-3.1408549709999534,37.30933179600004],[-3.142048301999978,37.31156709800007],[-3.1441534149999484,37.310525633000054],[-3.1439437679999287,37.30809981700003],[-3.1462370519999467,37.308048186000065],[-3.1477390929999274,37.31017923300004],[-3.1477966019999712,37.306685962000074],[-3.150889197999959,37.30622725100005],[-3.151530098999956,37.30232690200006],[-3.1512942229999794,37.30097673900008],[-3.149293841999963,37.30137715600006],[-3.1490497249999407,37.29898447100004],[-3.1462042749999455,37.300393427000074],[-3.147790842999939,37.293351235000046],[-3.144449270999928,37.29329227900007],[-3.143478368999979,37.29108858800004],[-3.1375113549999583,37.28953157700005],[-3.1330365039999606,37.291656903000046],[-3.1327401289999557,37.288880479000056],[-3.1267632349999417,37.29135353400005],[-3.127798774999974,37.29296214500005],[-3.1235033279999698,37.29258400000003],[-3.127483664999943,37.30007253400004],[-3.13424714599995,37.30307697400008],[-3.1313625539999634,37.30671571700003]],[[-3.1554933149999442,37.30818085300007],[-3.1509436889999733,37.311693880000064],[-3.149238408999963,37.311256971000034],[-3.1550986319999765,37.31609619500006],[-3.1525908329999766,37.31969490700004],[-3.1590600259999633,37.32063943900005],[-3.159920285999931,37.31899782200003],[-3.1589948499999423,37.319996236000065],[-3.1555637659999434,37.316084673000034],[-3.161673506999932,37.31176123500006],[-3.1554933149999442,37.30818085300007]],[[-3.1284330959999807,37.321597946000054],[-3.129967327999964,37.32127855300007],[-3.1284765249999396,37.31978542300004],[-3.1284330959999807,37.321597946000054]],[[-3.152394357999981,37.314044565000074],[-3.1503782959999285,37.312259760000074],[-3.1478273529999683,37.314012914000045],[-3.1516698509999514,37.31486561500003],[-3.151803270999949,37.31620541400008],[-3.154101338999965,37.31554805700006],[-3.152394357999981,37.314044565000074]],[[-3.090839133999964,37.34341599100003],[-3.094817877999958,37.33192739400005],[-3.0900728689999255,37.33069119600003],[-3.087005458999954,37.33743720800004],[-3.090839133999964,37.34341599100003]],[[-3.0629721829999426,37.37500154600008],[-3.068036857999971,37.37326294500008],[-3.067215863999934,37.37239247700006],[-3.0697308519999638,37.37066463900004],[-3.063496653999948,37.36957433200007],[-3.063381417999949,37.37267408900004],[-3.059773775999929,37.37511021200004],[-3.0629721829999426,37.37500154600008]]],[[[-2.9384538729999576,37.443851246000065],[-2.939940903999968,37.440205235000064],[-2.9416567059999466,37.44326175100008],[-2.962230533999957,37.44533449800008],[-2.973989314999926,37.44176839100004],[-2.9910017649999645,37.44881979300004],[-3.0195365489999517,37.444789737000065],[-3.020940055999972,37.45161286900003],[-3.028495576999944,37.46021043500008],[-3.0312013529999717,37.46880882200003],[-3.034799593999935,37.47354905100008],[-3.01830081199995,37.48234079300005],[-3.008110470999952,37.491616813000064],[-2.9898767339999495,37.482792105000044],[-2.983902910999973,37.48958762900003],[-2.98420733699993,37.493643794000036],[-2.9779251509999654,37.50519815400003],[-2.981828003999965,37.50725397300005],[-3.006676317999961,37.53350310600007],[-3.003654357999949,37.53727988500003],[-3.0036544499999422,37.54179568400008],[-3.000620731999959,37.54313871800008],[-3.0010621799999626,37.545247894000056],[-2.999092422999979,37.54604106100004],[-2.995617051999943,37.54619416500003],[-2.987331145999974,37.54299363900003],[-2.980323814999963,37.54402012800006],[-2.9703292449999594,37.541521146000036],[-2.9679177139999524,37.542475919000026],[-2.9659010059999673,37.54615285600005],[-2.9672361759999717,37.54752331200007],[-2.9650275659999465,37.54973096700007],[-2.9664534469999353,37.550903161000065],[-2.96302013199994,37.55676090900005],[-2.96445745099993,37.557942155000035],[-2.962225233999959,37.56132153100003],[-2.955227941999965,37.561156717000074],[-2.9531465039999603,37.55814533200004],[-2.9519604239999353,37.55395351400006],[-2.949425997999981,37.551681004000045],[-2.9478807019999635,37.543784447000064],[-2.941113879999932,37.52672751400007],[-2.938726348999978,37.51278226100004],[-2.939410921999979,37.50600440200003],[-2.93737991699993,37.49953154900004],[-2.9396257969999624,37.49255623100004],[-2.9371799369999394,37.456302159000074],[-2.937899426999934,37.44797393500005],[-2.9395744379999655,37.44584759900005],[-2.9384538729999576,37.443851246000065]],[[-2.948741729999938,37.52330926600007],[-2.9502228699999478,37.52941185100008],[-2.9544900909999683,37.53280616100005],[-2.9549188989999493,37.52911126400005],[-2.950836443999947,37.526594930000044],[-2.950247858999944,37.52274790100006],[-2.9472939699999756,37.52194858300004],[-2.948741729999938,37.52330926600007]],[[-2.9609515119999514,37.54068354200007],[-2.9637448459999405,37.54075723300008],[-2.9637372629999277,37.53943440100005],[-2.9609515119999514,37.54068354200007]]],[[[-3.227232836999974,37.39445028600005],[-3.2089997499999754,37.39086012300004],[-3.20481902399996,37.386378500000035],[-3.1956130329999723,37.38223859500005],[-3.196093856999937,37.38033588700006],[-3.193684305999966,37.37892465500005],[-3.193733126999973,37.37591395600003],[-3.192514689999939,37.37647478800005],[-3.192127115999938,37.37506925500003],[-3.195676004999939,37.36717636900005],[-3.1957429049999746,37.36244398500003],[-3.202722225999935,37.35831298100004],[-3.2026827859999685,37.35622183100003],[-3.2102606809999656,37.34839366700004],[-3.207486592999942,37.34551409000005],[-3.2156110799999738,37.343895184000075],[-3.243817053999976,37.344904384000074],[-3.24839960099996,37.34104597100003],[-3.255702051999947,37.347168958000054],[-3.2615267889999586,37.35665692300006],[-3.234432397999967,37.36243720300007],[-3.2394433799999547,37.37939129000006],[-3.2499356569999804,37.39618050000007],[-3.2499318409999773,37.39845198900008],[-3.2338036529999385,37.396672989000024],[-3.227232836999974,37.39445028600005]],[[-3.209726349999926,37.37301446400005],[-3.20949294899998,37.37326606700003],[-3.209880961999943,37.37310808700005],[-3.2094294489999697,37.37259005000004],[-3.209726349999926,37.37301446400005]],[[-3.2169424829999684,37.37240864300003],[-3.219018645999938,37.372143796000046],[-3.21715562199995,37.37111105400004],[-3.2202880859999254,37.36920586700006],[-3.2100324779999596,37.37145716500004],[-3.2169424829999684,37.37240864300003]]],[[[-3.172559777999936,37.29294377700006],[-3.172834613999953,37.293414117000054],[-3.172602822999977,37.29320869800006],[-3.172559777999936,37.29294377700006]]],[[[-3.1715809069999636,37.29232744600006],[-3.172254144999954,37.292550368000036],[-3.1723727139999482,37.292702990000066],[-3.1715809069999636,37.29232744600006]]]]}},{"type":"Feature","properties":{"ClaseSuelo":"SUELO URBANIZABLE DELIMITADO O SECTORIZADO","NuclRural":"0","AreaLamber":241.61056639,"Shape_STAr":0.000245767363813},"geometry":{"type":"MultiPolygon","coordinates":[[[[-3.065134721999925,37.29962981400007],[-3.0631979109999747,37.29536139600003],[-3.066571503999967,37.29232239400005],[-3.0787995529999534,37.290322923000076],[-3.0853700949999734,37.28487117200007],[-3.0842855069999473,37.287074682000025],[-3.0860534449999477,37.287491525000064],[-3.082282402999965,37.28926992500004],[-3.0866161899999724,37.28850470800006],[-3.082762964999972,37.28957784500005],[-3.084638808999955,37.289961842000025],[-3.0822236399999383,37.29092465100007],[-3.0836300369999776,37.29223035000007],[-3.0769401389999302,37.29419638600007],[-3.075319825999941,37.29630848800008],[-3.069886707999956,37.296224437000035],[-3.072908767999934,37.296954398000025],[-3.0651203519999513,37.30117926200006],[-3.065134721999925,37.29962981400007]]],[[[-3.1291120529999716,37.29401537100006],[-3.1302236429999653,37.293308452000076],[-3.13172600799993,37.294860810000046],[-3.1291120529999716,37.29401537100006]]],[[[-3.1462370519999467,37.308048186000065],[-3.1438420529999576,37.30318600800007],[-3.146228381999947,37.30434301500003],[-3.147967868999956,37.30189194500008],[-3.1466444539999543,37.300803676000044],[-3.1512942229999794,37.30097673900008],[-3.1509295699999598,37.30617096100008],[-3.1478826249999656,37.30656915700007],[-3.147614277999935,37.31026374800007],[-3.1462370519999467,37.308048186000065]]],[[[-3.150178250999943,37.31231278200005],[-3.152394357999981,37.314044565000074],[-3.1504624369999306,37.31552367200004],[-3.147833481999953,37.31416811300005],[-3.150178250999943,37.31231278200005]]],[[[-3.15458726199995,37.31302564900005],[-3.1585829969999395,37.31118904600004],[-3.1557409789999724,37.30754570000005],[-3.161673506999932,37.31176123500006],[-3.155871513999955,37.316551650000065],[-3.152963862999968,37.31429199100006],[-3.15458726199995,37.31302564900005]]],[[[-3.0887815979999687,37.332073095000055],[-3.090452407999976,37.33067702000005],[-3.094817877999958,37.33192739400005],[-3.091626893999944,37.34355466900007],[-3.0893621899999744,37.342755375000024],[-3.087005458999954,37.33743720800004],[-3.0887815979999687,37.332073095000055]]]]}},{"type":"Feature","properties":{"ClaseSuelo":"SUELO URBANO","NuclRural":"0","AreaLamber":421.19903577,"Shape_STAr":0.000428505515238},"geometry":{"type":"MultiPolygon","coordinates":[[[[-3.125556911999979,37.31305406800004],[-3.126552699999934,37.31363233600007],[-3.130147723999926,37.309142447000056],[-3.128122572999928,37.308933170000046],[-3.1313086409999755,37.30769800100006],[-3.13424714599995,37.30307697400008],[-3.127483664999943,37.30007253400004],[-3.1235033279999698,37.29258400000003],[-3.127798774999974,37.29296214500005],[-3.1267632349999417,37.29135353400005],[-3.1327401289999557,37.288880479000056],[-3.1330365039999606,37.291656903000046],[-3.1375113549999583,37.28953157700005],[-3.143478368999979,37.29108858800004],[-3.144449270999928,37.29329227900007],[-3.147790842999939,37.293351235000046],[-3.1464583009999387,37.29629356400005],[-3.147508620999929,37.29780879400005],[-3.145805804999952,37.29900861100003],[-3.1464694169999348,37.30044239100005],[-3.1490497249999407,37.29898447100004],[-3.148973329999933,37.30081173700006],[-3.1466444539999543,37.300803676000044],[-3.147967868999956,37.30189194500008],[-3.146228381999947,37.30434301500003],[-3.143755720999934,37.303321510000046],[-3.1457160739999495,37.30764523900007],[-3.1432439439999484,37.30832489100004],[-3.1441534149999484,37.310525633000054],[-3.142048301999978,37.31156709800007],[-3.1408549709999534,37.30933179600004],[-3.1419676649999246,37.308449120000034],[-3.1386339129999783,37.30577159100005],[-3.1353363639999543,37.30559489700005],[-3.1349707779999676,37.30395304800004],[-3.132226363999962,37.30768773500006],[-3.13375853499997,37.30961339300006],[-3.1318513699999357,37.309848103000036],[-3.1326423399999612,37.30917768900008],[-3.1310079109999265,37.30824194400003],[-3.1280493779999574,37.31194491200006],[-3.1297060869999314,37.31187319500003],[-3.1303620339999725,37.313964809000026],[-3.128244717999962,37.31468321700004],[-3.1278296239999577,37.31222259900005],[-3.128037592999931,37.31429114200006],[-3.126771003999977,37.31405087200005],[-3.12877509599997,37.31701512200004],[-3.128310340999974,37.31934387000007],[-3.125470155999949,37.318646416000036],[-3.121153035999953,37.32041992500007],[-3.1237006879999285,37.313963743000045],[-3.125556911999979,37.31305406800004]],[[-3.1239155479999567,37.31689119500004],[-3.1264487599999597,37.317359545000045],[-3.1250131419999434,37.31567307100005],[-3.1239155479999567,37.31689119500004]],[[-3.1426538279999363,37.30375260900007],[-3.1432625929999745,37.302458287000036],[-3.1411404659999675,37.30317660800006],[-3.1426538279999363,37.30375260900007]],[[-3.145603767999944,37.30142869100007],[-3.1449560099999303,37.30206472000003],[-3.1467560389999676,37.30278557200006],[-3.145603767999944,37.30142869100007]],[[-3.1422566619999657,37.30526439600004],[-3.1427237959999275,37.30620615200007],[-3.1419614439999464,37.30415336400006],[-3.1422566619999657,37.30526439600004]],[[-3.1435100889999603,37.30621366500003],[-3.143984621999948,37.30514052600006],[-3.143109764999963,37.30540062100005],[-3.1435100889999603,37.30621366500003]],[[-3.144248652999977,37.30556676800006],[-3.143941796999968,37.306320423000045],[-3.145101676999957,37.30696216600006],[-3.144248652999977,37.30556676800006]],[[-3.1278609209999786,37.298365456000056],[-3.127364798999963,37.297575135000045],[-3.127335895999977,37.29915546500007],[-3.1278609209999786,37.298365456000056]],[[-3.145652039999959,37.29774581000004],[-3.1467431679999436,37.29821863500007],[-3.1465092659999527,37.29745913800008],[-3.145652039999959,37.29774581000004]],[[-3.12722404699997,37.296706553000035],[-3.1274512639999443,37.297474512000065],[-3.1282055679999416,37.297103813000035],[-3.12722404699997,37.296706553000035]],[[-3.1291120529999716,37.29401537100006],[-3.13172600799993,37.294860810000046],[-3.1302236429999653,37.293308452000076],[-3.1291120529999716,37.29401537100006]]],[[[-2.9609515119999514,37.54068354200007],[-2.9637372629999277,37.53943440100005],[-2.9637448459999405,37.54075723300008],[-2.9609515119999514,37.54068354200007]]],[[[-2.9495599189999666,37.52496777500005],[-2.954863838999927,37.52903513900003],[-2.955240197999956,37.531947898000055],[-2.953254534999928,37.53273879000005],[-2.951312413999972,37.53113911300005],[-2.9495599189999666,37.52496777500005]]],[[[-2.9493544109999448,37.523952895000036],[-2.949698276999925,37.52425219500003],[-2.948853979999967,37.52434843900005],[-2.9493544109999448,37.523952895000036]]],[[[-2.9488767509999434,37.52288085400005],[-2.9473583009999516,37.523132040000064],[-2.9472939699999756,37.52194858300004],[-2.9488767509999434,37.52288085400005]]],[[[-2.9489156819999494,37.52286898800003],[-2.9497251399999413,37.52243799000007],[-2.949176591999958,37.52315460600005],[-2.9489156819999494,37.52286898800003]]],[[[-2.9390204689999564,37.44272579700004],[-2.9382588449999503,37.443743823000034],[-2.9384793589999276,37.44289868300007],[-2.9390204689999564,37.44272579700004]]],[[[-2.9414849809999737,37.44311608500004],[-2.9416290829999525,37.44251871700004],[-2.942176768999957,37.443238414000064],[-2.9414849809999737,37.44311608500004]]],[[[-3.066101789999948,37.37006682300006],[-3.066403053999977,37.371434125000064],[-3.0697308519999638,37.37066463900004],[-3.0600357229999418,37.37561954000006],[-3.0636524549999535,37.372226029000046],[-3.063020817999927,37.36988379300004],[-3.066101789999948,37.37006682300006]],[[-3.0637312629999656,37.37412166100006],[-3.0657838999999285,37.37276150400004],[-3.0640002269999513,37.373043910000035],[-3.0637312629999656,37.37412166100006]]],[[[-3.209726349999926,37.37301446400005],[-3.2094294489999697,37.37259005000004],[-3.209880961999943,37.37310808700005],[-3.20949294899998,37.37326606700003],[-3.209726349999926,37.37301446400005]]],[[[-3.2169424829999684,37.37240864300003],[-3.2100324779999596,37.37145716500004],[-3.2202880859999254,37.36920586700006],[-3.21715562199995,37.37111105400004],[-3.219018645999938,37.372143796000046],[-3.2169424829999684,37.37240864300003]]],[[[-3.1284330959999807,37.321597946000054],[-3.1284765249999396,37.31978542300004],[-3.129967327999964,37.32127855300007],[-3.1284330959999807,37.321597946000054]]],[[[-3.1549470779999638,37.320088991000034],[-3.1548244319999412,37.31848473100007],[-3.15294651399995,37.318723558000045],[-3.1550986319999765,37.31609619500006],[-3.1589948499999423,37.319996236000065],[-3.159920285999931,37.31899782200003],[-3.1590600259999633,37.32063943900005],[-3.1549470779999638,37.320088991000034]]],[[[-3.1554933149999442,37.30818085300007],[-3.157286729999953,37.309027678000064],[-3.156323721999968,37.309738923000054],[-3.1585829969999395,37.31118904600004],[-3.1580875539999624,37.31237681300007],[-3.1557682859999545,37.31142108800003],[-3.152963862999968,37.31429199100006],[-3.149238408999963,37.311256971000034],[-3.1509436889999733,37.311693880000064],[-3.1554933149999442,37.30818085300007]]],[[[-3.1677826579999646,37.29608066700007],[-3.1678971149999597,37.293814875000066],[-3.172559777999936,37.29294377700006],[-3.1677826579999646,37.29608066700007]]]]}},{"type":"Feature","properties":{"ClaseSuelo":"SUELO URBANO NO CONSOLIDADO","NuclRural":"0","AreaLamber":65.03081423,"Shape_STAr":0.0000661663077477},"geometry":{"type":"MultiPolygon","coordinates":[[[[-3.1261238109999567,37.31298976800008],[-3.123883254999953,37.31200345600007],[-3.1244780679999735,37.309558019000065],[-3.130147723999926,37.309142447000056],[-3.1261238109999567,37.31298976800008]]],[[[-3.16903634199997,37.29367911300005],[-3.1678142549999393,37.293581681000035],[-3.170723880999958,37.29242614000003],[-3.16903634199997,37.29367911300005]]],[[[-3.167390793999971,37.29534259800005],[-3.167970885999978,37.29546717300008],[-3.1680112599999575,37.296107351000046],[-3.167390793999971,37.29534259800005]]],[[[-3.12722404699997,37.296706553000035],[-3.1282055679999416,37.297103813000035],[-3.1274512639999443,37.297474512000065],[-3.12722404699997,37.296706553000035]]],[[[-3.145652039999959,37.29774581000004],[-3.1465092659999527,37.29745913800008],[-3.1467431679999436,37.29821863500007],[-3.145652039999959,37.29774581000004]]],[[[-3.127335895999977,37.29915546500007],[-3.127848419999964,37.297475288000044],[-3.1284969439999486,37.29878218700003],[-3.127335895999977,37.29915546500007]]],[[[-3.145603767999944,37.30142869100007],[-3.1467560389999676,37.30278557200006],[-3.1449560099999303,37.30206472000003],[-3.145603767999944,37.30142869100007]]],[[[-3.1426538279999363,37.30375260900007],[-3.1411404659999675,37.30317660800006],[-3.1432625929999745,37.302458287000036],[-3.1426538279999363,37.30375260900007]]],[[[-3.1455422569999314,37.30498321300007],[-3.1460877599999435,37.305791499000065],[-3.1455214569999725,37.306034484000065],[-3.1455422569999314,37.30498321300007]]],[[[-3.1435100889999603,37.30621366500003],[-3.143109764999963,37.30540062100005],[-3.143984621999948,37.30514052600006],[-3.1435100889999603,37.30621366500003]]],[[[-3.141749430999937,37.30466957800007],[-3.1431060269999307,37.304700893000074],[-3.1427237959999275,37.30620615200007],[-3.141749430999937,37.30466957800007]]],[[[-3.144248652999977,37.30556676800006],[-3.145101676999957,37.30696216600006],[-3.143941796999968,37.306320423000045],[-3.144248652999977,37.30556676800006]]],[[[-3.1313016989999483,37.306792546000054],[-3.131736997999951,37.30716855400004],[-3.1313086409999755,37.30769800100006],[-3.1313016989999483,37.306792546000054]]],[[[-3.132226363999962,37.30768773500006],[-3.1349707779999676,37.30395304800004],[-3.135180529999957,37.306498367000074],[-3.132226363999962,37.30768773500006]]],[[[-3.14401894599996,37.30771503500006],[-3.145098829999938,37.30720808600006],[-3.1460221979999687,37.308212440000034],[-3.14401894599996,37.30771503500006]]],[[[-3.1521571919999474,37.31419948200005],[-3.154101338999965,37.31554805700006],[-3.1517199139999548,37.31616956400006],[-3.1521571919999474,37.31419948200005]]],[[[-3.1250207339999747,37.317314029000045],[-3.1235094259999414,37.31718063500006],[-3.1250131419999434,37.31567307100005],[-3.1264487599999597,37.317359545000045],[-3.1250207339999747,37.317314029000045]]],[[[-3.1279855249999287,37.31579571700007],[-3.1273977939999327,37.31276290200003],[-3.1287151729999323,37.31284008000006],[-3.128244717999962,37.31468321700004],[-3.1303620339999725,37.313964809000026],[-3.1297060869999314,37.31187319500003],[-3.1280493779999574,37.31194491200006],[-3.1319701989999658,37.30863065400007],[-3.130142826999929,37.31050849800005],[-3.130611311999928,37.314150271000074],[-3.1284275569999522,37.31840125200006],[-3.1279855249999287,37.31579571700007]]],[[[-3.15390735699998,37.31832164100007],[-3.1549470779999638,37.320088991000034],[-3.1525908329999766,37.31969490700004],[-3.15390735699998,37.31832164100007]]],[[[-3.0674091579999754,37.37150406500007],[-3.0662331039999344,37.369870097000046],[-3.0688453209999693,37.37011729300008],[-3.0674091579999754,37.37150406500007]]],[[[-3.0637312629999656,37.37412166100006],[-3.0640002269999513,37.373043910000035],[-3.0657838999999285,37.37276150400004],[-3.0637312629999656,37.37412166100006]]],[[[-3.0635173699999427,37.37458047100006],[-3.0682113189999427,37.37164308600006],[-3.068036857999971,37.37326294500008],[-3.0635173699999427,37.37458047100006]]],[[[-2.9506760939999594,37.52632012400005],[-2.948741729999938,37.52330926600007],[-2.9497251399999413,37.52243799000007],[-2.9506760939999594,37.52632012400005]]],[[[-2.953983672999925,37.53222423600005],[-2.955240197999956,37.531947898000055],[-2.9544900909999683,37.53280616100005],[-2.953983672999925,37.53222423600005]]]]}},{"type":"Feature","properties":{"ClaseSuelo":"SUELO NO URBANIZABLE","NuclRural":"0","AreaLamber":3755.5597114,"Shape_STAr":0.0038137883465},"geometry":{"type":"Polygon","coordinates":[[[-4.05904249699995,37.22761462700004],[-4.043211625999959,37.230549333000056],[-4.0282523749999655,37.22803014200008],[-4.025231215999952,37.22884952900006],[-4.023891646999971,37.22565226800003],[-4.021495738999931,37.22602448600003],[-4.018917103999968,37.21365289700003],[-4.0125207999999475,37.20728995800005],[-4.009013646999961,37.20118152300006],[-4.0058399279999435,37.20147891400006],[-4.00354892799993,37.19865900800005],[-4.004390555999976,37.19669589700004],[-4.002361513999972,37.19236844900007],[-3.9978630359999556,37.18871978200008],[-3.9994602969999278,37.18082829700006],[-3.9944958449999604,37.17766114800003],[-3.993719634999934,37.17516182800006],[-3.9883317069999293,37.17662203500004],[-3.9820542969999337,37.17378078100006],[-3.9855028919999427,37.170444101000044],[-3.98609720099995,37.16677054500008],[-3.987093424999955,37.16629353700006],[-3.988349623999966,37.17107840800003],[-4.001047651999954,37.176479279000034],[-4.003426968999975,37.180073683000046],[-4.001932565999937,37.18292566100007],[-4.0089130949999685,37.18007218500003],[-4.028430553999954,37.17637106300003],[-4.033712453999954,37.17380127000007],[-4.056308166999941,37.171348644000034],[-4.0655765309999765,37.165605081000024],[-4.074944499999958,37.17176700500005],[-4.080601528999978,37.18064813400008],[-4.084811513999966,37.17569722200005],[-4.083443614999965,37.174564995000026],[-4.084133085999952,37.17315255700004],[-4.093912781999961,37.170980550000024],[-4.095178627999928,37.16815659400004],[-4.0997203379999405,37.169890242000065],[-4.099913641999933,37.166129746000024],[-4.104604800999937,37.16420226900004],[-4.1113047259999576,37.16333743600006],[-4.11495059899994,37.166953738000075],[-4.121107151999979,37.16970793300004],[-4.121533281999973,37.171867177000024],[-4.127240853999979,37.170893646000025],[-4.128884440999968,37.176132954000025],[-4.119489604999956,37.173824429000035],[-4.115363145999936,37.17050123800004],[-4.106544478999979,37.16978167000008],[-4.101480997999943,37.170910467000056],[-4.091155424999954,37.176621484000066],[-4.0895122729999684,37.18300024900003],[-4.082118202999936,37.18746665900005],[-4.08413326799996,37.196813433000045],[-4.077007057999936,37.19566157100007],[-4.073431175999929,37.20571720400005],[-4.066748139999959,37.21048269100004],[-4.068078372999935,37.21211119000003],[-4.064507272999947,37.213819871000055],[-4.069190025999944,37.22220544500004],[-4.073805116999949,37.22494889500007],[-4.073172067999963,37.228001223000035],[-4.075010818999942,37.23206769900003],[-4.063837153999941,37.23912706900006],[-4.05904249699995,37.22761462700004]],[[-4.046588524999947,37.20120671800004],[-4.048670297999934,37.203655999000034],[-4.05024833899995,37.20251484900007],[-4.049236177999944,37.200790418000054],[-4.058843928999977,37.19760794300004],[-4.056471368999951,37.19498017700005],[-4.05405452399998,37.19587390300006],[-4.051038516999938,37.19276751700005],[-4.053967187999945,37.191235015000075],[-4.052989158999935,37.18991118200006],[-4.042058288999954,37.195684767000046],[-4.039388934999977,37.19529164100004],[-4.0392232039999385,37.19978165300006],[-4.040173084999935,37.20269485700004],[-4.04137734699998,37.202182563000065],[-4.041463423999971,37.206029460000025],[-4.0446447739999485,37.20139083600003],[-4.046588524999947,37.20120671800004]],[[-4.06050221299995,37.20385225000007],[-4.061040104999961,37.20316808600006],[-4.058888632999981,37.20407612500003],[-4.06050221299995,37.20385225000007]],[[-4.024435023999956,37.19779087500007],[-4.028182459999925,37.19437116800003],[-4.025208163999935,37.192027729000074],[-4.020916897999939,37.19514146200004],[-4.016586323999945,37.195430661000046],[-4.0193613989999335,37.19965129800005],[-4.01605036899997,37.200890394000055],[-4.016985365999972,37.203957950000074],[-4.019793934999939,37.20306872500004],[-4.024435023999956,37.19779087500007]],[[-4.0588457659999335,37.192477179000036],[-4.061170567999966,37.19427398600004],[-4.059141132999969,37.192285612000035],[-4.0588457659999335,37.192477179000036]],[[-4.057430842999963,37.19326990600007],[-4.064368456999944,37.19835636800008],[-4.058140463999962,37.19282033300004],[-4.057430842999963,37.19326990600007]],[[-4.062873013999933,37.199329472000045],[-4.063330537999946,37.19816304700004],[-4.061494462999974,37.19793180700003],[-4.062873013999933,37.199329472000045]],[[-4.055259646999957,37.20014743100006],[-4.055583863999971,37.200529463000066],[-4.0573945369999365,37.199488649000045],[-4.055259646999957,37.20014743100006]],[[-4.053751421999948,37.19999355900006],[-4.053922461999946,37.20044571500006],[-4.056394118999947,37.19902538400004],[-4.053751421999948,37.19999355900006]],[[-4.042023704999963,37.18397126000008],[-4.037635185999932,37.183317729000066],[-4.031584849999945,37.186638808000055],[-4.033086215999958,37.18854601800007],[-4.035227392999957,37.187015006000024],[-4.0411352889999534,37.18723263500004],[-4.040353662999962,37.18589935800003],[-4.04326714299998,37.184331823000036],[-4.042023704999963,37.18397126000008]]]}},{"type":"Feature","properties":{"ClaseSuelo":"SUELO URBANIZABLE DELIMITADO O SECTORIZADO","NuclRural":"0","AreaLamber":39.33119954,"Shape_STAr":0.0000399424193162},"geometry":{"type":"MultiPolygon","coordinates":[[[[-4.0178169999999795,37.19695906800007],[-4.016586323999945,37.195430661000046],[-4.020916897999939,37.19514146200004],[-4.024435023999956,37.19779087500007],[-4.017181234999953,37.20405797700005],[-4.01605036899997,37.200890394000055],[-4.0193613989999335,37.19965129800005],[-4.0178169999999795,37.19695906800007]]],[[[-4.036148641999944,37.18610292900007],[-4.034590196999943,37.184671458000025],[-4.03641083399998,37.18525145900003],[-4.036148641999944,37.18610292900007]]]]}},{"type":"Feature","properties":{"ClaseSuelo":"SUELO URBANO","NuclRural":"0","AreaLamber":170.75064741,"Shape_STAr":0.000173395361895},"geometry":{"type":"MultiPolygon","coordinates":[[[[-4.040220674999944,37.200826265000046],[-4.039388934999977,37.19529164100004],[-4.042058288999954,37.195684767000046],[-4.046882908999976,37.19272250200004],[-4.048910545999945,37.19346326900006],[-4.052714909999963,37.19048127100007],[-4.053967187999945,37.191235015000075],[-4.051038516999938,37.19276751700005],[-4.05405452399998,37.19587390300006],[-4.056471368999951,37.19498017700005],[-4.055055551999942,37.196716913000046],[-4.056897151999976,37.19693406300007],[-4.056836789999977,37.19571000700006],[-4.058843928999977,37.19760794300004],[-4.056256942999937,37.19810023200006],[-4.056874837999942,37.19700770400004],[-4.055062036999971,37.19680829300006],[-4.055545352999957,37.19866871100004],[-4.048267550999981,37.201323511000055],[-4.046160062999945,37.19978415000003],[-4.046588524999947,37.20120671800004],[-4.0446447739999485,37.20139083600003],[-4.041571207999937,37.206028513000035],[-4.040220674999944,37.200826265000046]],[[-4.050018723999926,37.193364459000065],[-4.049667391999947,37.19556428900006],[-4.050574402999928,37.195829941000056],[-4.050018723999926,37.193364459000065]],[[-4.048260078999931,37.195189510000034],[-4.049485835999974,37.19506106800003],[-4.048435093999956,37.19431264000008],[-4.048260078999931,37.195189510000034]]],[[[-4.06050221299995,37.20385225000007],[-4.058888632999981,37.20407612500003],[-4.061040104999961,37.20316808600006],[-4.06050221299995,37.20385225000007]]],[[[-4.048348870999973,37.20272055300006],[-4.04819443699995,37.20135099600003],[-4.048744081999928,37.20308553700005],[-4.05024833899995,37.20251484900007],[-4.048348870999973,37.20272055300006]]],[[[-4.046907287999943,37.20115608300006],[-4.047668674999954,37.201029353000024],[-4.047845493999944,37.20281030500007],[-4.046907287999943,37.20115608300006]]],[[[-4.055259646999957,37.20014743100006],[-4.0573945369999365,37.199488649000045],[-4.055583863999971,37.200529463000066],[-4.055259646999957,37.20014743100006]]],[[[-4.053751421999948,37.19999355900006],[-4.056394118999947,37.19902538400004],[-4.053922461999946,37.20044571500006],[-4.053751421999948,37.19999355900006]]],[[[-4.062873013999933,37.199329472000045],[-4.061494462999974,37.19793180700003],[-4.063330537999946,37.19816304700004],[-4.062873013999933,37.199329472000045]]],[[[-4.057430842999963,37.19326990600007],[-4.058140463999962,37.19282033300004],[-4.064368456999944,37.19835636800008],[-4.057430842999963,37.19326990600007]]],[[[-4.020916897999939,37.19514146200004],[-4.025208163999935,37.192027729000074],[-4.028182459999925,37.19437116800003],[-4.024435023999956,37.19779087500007],[-4.020916897999939,37.19514146200004]]],[[[-4.0588457659999335,37.192477179000036],[-4.059141132999969,37.192285612000035],[-4.061170567999966,37.19427398600004],[-4.0588457659999335,37.192477179000036]]],[[[-4.031849420999947,37.18695188400005],[-4.0351859219999255,37.18673632600007],[-4.033579107999969,37.18498501900007],[-4.037635185999932,37.183317729000066],[-4.04326714299998,37.184331823000036],[-4.040353662999962,37.18589935800003],[-4.0411352889999534,37.18723263500004],[-4.035227392999957,37.187015006000024],[-4.033086215999958,37.18854601800007],[-4.031849420999947,37.18695188400005]],[[-4.036148641999944,37.18610292900007],[-4.03641083399998,37.18525145900003],[-4.034590196999943,37.184671458000025],[-4.036148641999944,37.18610292900007]]]]}},{"type":"Feature","properties":{"ClaseSuelo":"SUELO URBANO NO CONSOLIDADO","NuclRural":"0","AreaLamber":26.41088189,"Shape_STAr":0.000026819355819},"geometry":{"type":"MultiPolygon","coordinates":[[[[-4.0478784999999675,37.19338264500004],[-4.046882908999976,37.19272250200004],[-4.051896480999972,37.18993873100004],[-4.053685433999931,37.19059606700006],[-4.0478784999999675,37.19338264500004]]],[[[-4.04138048599998,37.18476365500004],[-4.0409343019999255,37.18378359900004],[-4.041919066999981,37.183627959000034],[-4.04138048599998,37.18476365500004]]],[[[-4.033685761999948,37.187353407000046],[-4.031584849999945,37.186638808000055],[-4.033579107999969,37.18498501900007],[-4.0351859219999255,37.18673632600007],[-4.033685761999948,37.187353407000046]]],[[[-4.048260078999931,37.195189510000034],[-4.048435093999956,37.19431264000008],[-4.049485835999974,37.19506106800003],[-4.048260078999931,37.195189510000034]]],[[[-4.050018723999926,37.193364459000065],[-4.050574402999928,37.195829941000056],[-4.049667391999947,37.19556428900006],[-4.050018723999926,37.193364459000065]]],[[[-4.055168329999958,37.19665067700004],[-4.056794995999951,37.19561791500007],[-4.056897151999976,37.19693406300007],[-4.055168329999958,37.19665067700004]]],[[[-4.055062036999971,37.19680829300006],[-4.056874837999942,37.19700770400004],[-4.055723575999934,37.19854802100008],[-4.055062036999971,37.19680829300006]]],[[[-4.03945684699994,37.19834290700004],[-4.040265286999954,37.19669777100006],[-4.040220674999944,37.200826265000046],[-4.03945684699994,37.19834290700004]]],[[[-4.048744081999928,37.20308553700005],[-4.046160062999945,37.19978415000003],[-4.049236177999944,37.200790418000054],[-4.048744081999928,37.20308553700005]]]]}},{"type":"Feature","properties":{"ClaseSuelo":"SUELO NO URBANIZABLE","NuclRural":"0","AreaLamber":138.09875731,"Shape_STAr":0.00014017243584},"geometry":{"type":"MultiPolygon","coordinates":[[[[-3.5582357319999574,37.14111248300003],[-3.5554512389999786,37.143981058000065],[-3.5618003469999735,37.146432606000076],[-3.555385734999959,37.14399156400003],[-3.5546191849999786,37.145475857000065],[-3.5598202409999544,37.148930060000055],[-3.5627066929999387,37.14886089200007],[-3.5574555049999503,37.15005413700004],[-3.5629968479999548,37.15196299400003],[-3.5567569009999715,37.15135164700007],[-3.5590598329999352,37.15262467400004],[-3.5577910089999705,37.15306576100005],[-3.560877403999939,37.15751549700008],[-3.5639511999999627,37.15858601100007],[-3.552247032999958,37.15357509900008],[-3.5526038699999276,37.14999484700007],[-3.5507289379999634,37.147668906000035],[-3.5526085579999744,37.14290073500007],[-3.5532883669999364,37.14193306300007],[-3.55615796099994,37.14324473500005],[-3.5582357319999574,37.14111248300003]]],[[[-3.5607881369999745,37.15416071100003],[-3.5653353379999544,37.15625706800006],[-3.5804480979999767,37.152385974000026],[-3.563640644999964,37.157131751000065],[-3.5607881369999745,37.15416071100003]]],[[[-3.573813260999941,37.14355599500004],[-3.5754600359999245,37.14252387700003],[-3.5736179419999416,37.14118762000004],[-3.574864856999966,37.142290324000044],[-3.5754278239999735,37.14080027400007],[-3.5784230599999773,37.14082178000007],[-3.5866967329999397,37.146369925000045],[-3.579120502999956,37.14811978600005],[-3.57938319699997,37.150628478000044],[-3.573813260999941,37.14355599500004]]]]}},{"type":"Feature","properties":{"ClaseSuelo":"SUELO URBANIZABLE DELIMITADO O SECTORIZADO","NuclRural":"0","AreaLamber":37.24609929,"Shape_STAr":0.0000378062352054},"geometry":{"type":"MultiPolygon","coordinates":[[[[-3.5557127029999265,37.14635723300006],[-3.555085419999955,37.14400555100008],[-3.559089751999977,37.14528321500006],[-3.5604690789999722,37.14891589300004],[-3.5557127029999265,37.14635723300006]]],[[[-3.556765513999949,37.14439184500003],[-3.5554512389999786,37.143981058000065],[-3.558345347999932,37.14182801100003],[-3.5591636779999476,37.14527054600006],[-3.556765513999949,37.14439184500003]]],[[[-3.557771099999968,37.152998516000025],[-3.5567893149999463,37.15098150500006],[-3.560571940999978,37.151549458000034],[-3.557771099999968,37.152998516000025]]],[[[-3.563414633999969,37.15588247000005],[-3.5636599959999558,37.15541342800003],[-3.564833670999974,37.15627908100004],[-3.563414633999969,37.15588247000005]]],[[[-3.5628492319999623,37.15762435800008],[-3.560877403999939,37.15751549700008],[-3.5577910089999705,37.15306576100005],[-3.564007892999939,37.15611813100003],[-3.563863408999964,37.15838759600007],[-3.5628492319999623,37.15762435800008]]]]}},{"type":"Feature","properties":{"ClaseSuelo":"SUELO URBANO","NuclRural":"0","AreaLamber":209.00299655,"Shape_STAr":0.000212141787296},"geometry":{"type":"MultiPolygon","coordinates":[[[[-3.5636599959999558,37.15541342800003],[-3.559004227999935,37.152880796000034],[-3.5635643499999787,37.15157402700004],[-3.5620424669999693,37.15062854800004],[-3.5634993699999313,37.15001617900003],[-3.5629267229999755,37.14879743800003],[-3.5605650219999347,37.14913965400007],[-3.560030107999978,37.14599041500003],[-3.5618003469999735,37.146432606000076],[-3.5594605209999486,37.144379155000024],[-3.563799850999942,37.143103103000044],[-3.5619010859999776,37.14063792200005],[-3.5646809389999703,37.13923257500005],[-3.5696323149999785,37.14016756400008],[-3.565840084999934,37.13851168100007],[-3.5754600359999245,37.14252387700003],[-3.571322767999959,37.14082512400006],[-3.5696673419999456,37.14181883400005],[-3.571974895999972,37.14441153000007],[-3.573813260999941,37.14355599500004],[-3.580409482999926,37.152344295000034],[-3.5653353379999544,37.15625706800006],[-3.5636599959999558,37.15541342800003]],[[-3.566324442999928,37.14122793700005],[-3.565861275999964,37.141562116000046],[-3.566570340999931,37.14152271000006],[-3.566324442999928,37.14122793700005]],[[-3.5707413369999585,37.15409557500004],[-3.570257093999942,37.154366519000064],[-3.5708422879999375,37.15448875900006],[-3.5707413369999585,37.15409557500004]],[[-3.5670396599999776,37.15309988100006],[-3.5655608429999575,37.15362791600006],[-3.565769297999964,37.153864525000074],[-3.5670396599999776,37.15309988100006]],[[-3.574821983999925,37.145647702000076],[-3.574447834999944,37.14467320400007],[-3.572776276999946,37.14539010500005],[-3.574821983999925,37.145647702000076]],[[-3.5768781299999546,37.15039468000003],[-3.5785627829999385,37.14998526100004],[-3.5777826169999685,37.148836619000065],[-3.5760995709999293,37.14967997800005],[-3.5768781299999546,37.15039468000003]],[[-3.5683215749999704,37.14206840400004],[-3.569319987999961,37.141215388000035],[-3.5661670259999596,37.14032943900003],[-3.5683215749999704,37.14206840400004]]],[[[-3.5628492319999623,37.15762435800008],[-3.5617119549999643,37.15785045600006],[-3.562407098999927,37.15730847900005],[-3.5628492319999623,37.15762435800008]]],[[[-3.561368651999942,37.141371622000065],[-3.560763096999949,37.140650924000056],[-3.561386721999952,37.14064380000008],[-3.561368651999942,37.141371622000065]]],[[[-3.5737522639999497,37.14298399900008],[-3.5732688369999437,37.14255379900004],[-3.5738139219999425,37.14231445100006],[-3.5737522639999497,37.14298399900008]]],[[[-3.572964157999934,37.14223482400007],[-3.572167666999974,37.14222944000005],[-3.5727293969999323,37.141903641000056],[-3.572964157999934,37.14223482400007]]],[[[-3.5725099819999286,37.14148366500007],[-3.572636685999953,37.14163012700004],[-3.5723409589999733,37.141741410000066],[-3.5725099819999286,37.14148366500007]]],[[[-3.573362781999947,37.14365150700007],[-3.5731018629999767,37.14378431100005],[-3.5729951919999507,37.14361932700007],[-3.573362781999947,37.14365150700007]]],[[[-3.5738800329999663,37.14332492900007],[-3.574121350999974,37.143323760000044],[-3.57377082499994,37.14347842800004],[-3.5738800329999663,37.14332492900007]]],[[[-3.5730126819999555,37.14288076100007],[-3.5731823259999373,37.14265905600007],[-3.5732625459999667,37.14281163900006],[-3.5730126819999555,37.14288076100007]]],[[[-3.561725259999946,37.140639932000056],[-3.561550153999974,37.14074419100007],[-3.561498050999944,37.14064252800006],[-3.561725259999946,37.140639932000056]]]]}},{"type":"Feature","properties":{"ClaseSuelo":"SUELO URBANO NO CONSOLIDADO","NuclRural":"0","AreaLamber":39.28122105,"Shape_STAr":0.0000398690032564},"geometry":{"type":"MultiPolygon","coordinates":[[[[-3.5602739129999463,37.146056731000044],[-3.5582357319999574,37.14111248300003],[-3.5619010859999776,37.14063792200005],[-3.563799850999942,37.143103103000044],[-3.5604005099999654,37.14354749900008],[-3.5602739129999463,37.146056731000044]]],[[[-3.572270122999953,37.14424064900004],[-3.5696673419999456,37.14181883400005],[-3.571322767999959,37.14082512400006],[-3.5754229969999756,37.14256192300007],[-3.572270122999953,37.14424064900004]],[[-3.5732625459999667,37.14281163900006],[-3.572954134999975,37.14276235900007],[-3.5730187059999707,37.14291501800005],[-3.5732625459999667,37.14281163900006]],[[-3.574121350999974,37.143323760000044],[-3.5740272659999732,37.14318970700003],[-3.5737208499999724,37.143404822000036],[-3.574121350999974,37.143323760000044]],[[-3.573362781999947,37.14365150700007],[-3.5729951919999507,37.14361932700007],[-3.5731018629999767,37.14378431100005],[-3.573362781999947,37.14365150700007]],[[-3.572636685999953,37.14163012700004],[-3.5725532799999655,37.141457943000034],[-3.5722765069999696,37.14159674800004],[-3.572636685999953,37.14163012700004]],[[-3.5726455299999316,37.142359664000026],[-3.5727293969999323,37.141903641000056],[-3.572167666999974,37.14222944000005],[-3.5726455299999316,37.142359664000026]],[[-3.5741069699999457,37.14261963400003],[-3.5732688369999437,37.14255379900004],[-3.573519739999938,37.14305897300005],[-3.5741069699999457,37.14261963400003]]],[[[-3.5611038859999553,37.149129704000075],[-3.5629267229999755,37.14879743800003],[-3.5634993699999313,37.15001617900003],[-3.5620424669999693,37.15062854800004],[-3.5633110919999353,37.15133029700007],[-3.5574555049999503,37.15005413700004],[-3.5611038859999553,37.149129704000075]]],[[[-3.5680241629999614,37.14130384600003],[-3.5694733409999344,37.14176692800004],[-3.5672889089999558,37.14195269000004],[-3.5661670259999596,37.14032943900003],[-3.5680241629999614,37.14130384600003]]],[[[-3.5688450279999415,37.140673797000034],[-3.564423652999949,37.13912256900005],[-3.5658972069999777,37.138611567000055],[-3.5688450279999415,37.140673797000034]]],[[[-3.5770047219999697,37.15045206100007],[-3.5760995709999293,37.14967997800005],[-3.5777826169999685,37.148836619000065],[-3.5785627829999385,37.14998526100004],[-3.5770047219999697,37.15045206100007]]],[[[-3.5750355439999453,37.14549323500006],[-3.572776276999946,37.14539010500005],[-3.574447834999944,37.14467320400007],[-3.5750355439999453,37.14549323500006]]],[[[-3.5670396599999776,37.15309988100006],[-3.565769297999964,37.153864525000074],[-3.5655608429999575,37.15362791600006],[-3.5670396599999776,37.15309988100006]]],[[[-3.571465084999943,37.14078815700003],[-3.571083789999932,37.140738369000076],[-3.572480344999974,37.14083510900008],[-3.571465084999943,37.14078815700003]]],[[[-3.568466497999964,37.14099317100005],[-3.5680241629999614,37.14130384600003],[-3.567677896999953,37.14102456400008],[-3.568466497999964,37.14099317100005]]],[[[-3.5708422879999375,37.15448875900006],[-3.570257093999942,37.154366519000064],[-3.570501905999947,37.15397389100008],[-3.5708422879999375,37.15448875900006]]],[[[-3.5660046309999416,37.141278089000025],[-3.566570340999931,37.14152271000006],[-3.566137678999951,37.14172407700005],[-3.5660046309999416,37.141278089000025]]]]}},{"type":"Feature","properties":{"ClaseSuelo":"SUELO NO URBANIZABLE","NuclRural":"0","AreaLamber":19342.4977717,"Shape_STAr":0.0196655661241},"geometry":{"type":"Polygon","coordinates":[[[-3.8643311529999664,37.38793483100005],[-3.8577440509999406,37.387820591000036],[-3.8610249489999546,37.38726492700005],[-3.862564455999973,37.384585687000026],[-3.8586892269999566,37.377583333000075],[-3.85954199899993,37.37609890700003],[-3.8545813619999763,37.37091602000004],[-3.852079000999936,37.37034820400004],[-3.844948403999979,37.35787949300004],[-3.845343515999957,37.354848093000044],[-3.8513446859999476,37.352326289000075],[-3.8492104469999617,37.348294520000024],[-3.8498899449999726,37.34346734700006],[-3.8387418679999428,37.32777304200005],[-3.8409574179999595,37.32603570200007],[-3.839548901999933,37.32015978100003],[-3.8338882439999793,37.322660549000034],[-3.828974809999977,37.31512358200007],[-3.819711909999967,37.308076302000075],[-3.819315642999925,37.30483410800008],[-3.809980320999955,37.29503734300005],[-3.8162281249999523,37.293741512000054],[-3.8180524029999674,37.29029468300007],[-3.8133474899999555,37.286063600000034],[-3.827438729999926,37.278944237000076],[-3.8329694859999677,37.27823843600004],[-3.829425098999934,37.274928233000026],[-3.8334665869999753,37.27216868700003],[-3.839910596999971,37.26132467700006],[-3.8340128079999545,37.25009914200007],[-3.8326644999999644,37.23208103400003],[-3.828698931999952,37.22922441700007],[-3.824178890999974,37.22096322300007],[-3.8261818179999523,37.21755106100005],[-3.8308690989999263,37.21330882900003],[-3.837408668999956,37.21254169200006],[-3.8478792649999605,37.22871013100007],[-3.863551958999949,37.21816797300005],[-3.8735505399999397,37.214362970000025],[-3.9242401939999354,37.20659617100006],[-3.9279779979999603,37.199860708000074],[-3.925682781999967,37.19830124500004],[-3.9267123169999536,37.19679690900006],[-3.9339001649999545,37.19763285400006],[-3.9365116709999484,37.20380471200008],[-3.9421813419999694,37.20211025300006],[-3.9466599899999437,37.204318992000026],[-3.951012225999932,37.20361712700003],[-3.9503633539999328,37.207588387000044],[-3.953697181999928,37.209229149000066],[-3.951930438999966,37.21750896300006],[-3.953286680999952,37.219598262000034],[-3.9594791039999677,37.21551012500004],[-3.9660130059999688,37.21616011400005],[-3.9662218509999434,37.21397708600006],[-3.971972310999945,37.21242476700007],[-3.9795174909999673,37.20762141700004],[-3.981209804999935,37.20776966600005],[-3.9833869549999577,37.21141119600003],[-3.9858330979999437,37.20972333200007],[-3.9931147789999386,37.21069911300003],[-3.996413193999956,37.21470957300005],[-3.99260689099998,37.22182629300005],[-3.987778290999927,37.226670925000064],[-3.9907864429999336,37.23258580700008],[-3.98941801899997,37.24173707600005],[-3.9908174489999624,37.249594278000075],[-3.9840281839999534,37.25468949200007],[-3.986162358999934,37.256645725000055],[-3.98702618599998,37.26148785300006],[-3.980750197999953,37.26712843300004],[-3.982231547999959,37.270901869000056],[-3.978183061999971,37.27181871500005],[-3.9739153759999795,37.27586494700006],[-3.967130139999938,37.278020731000026],[-3.960254271999929,37.28372821700003],[-3.952832437999973,37.28737559500007],[-3.951604110999938,37.28837697100005],[-3.952844908999964,37.289259335000054],[-3.9453147459999514,37.298747924000054],[-3.937628042999961,37.30032335300007],[-3.9282614249999597,37.30478681100004],[-3.9265697639999644,37.308540709000056],[-3.920990038999946,37.31273953400006],[-3.9240043039999364,37.32850781700006],[-3.9217388099999653,37.33432121100003],[-3.9257096219999426,37.34146498100006],[-3.9194323279999708,37.34513739300007],[-3.9214679969999793,37.34819516400006],[-3.92100706399998,37.35390432000003],[-3.9256584499999576,37.362133388000075],[-3.922815992999972,37.36516612200006],[-3.923727271999951,37.37870628700006],[-3.912270456999977,37.37839868400005],[-3.904877760999966,37.380735936000065],[-3.9008583629999407,37.38371406300007],[-3.881226984999955,37.387629754000045],[-3.8643311529999664,37.38793483100005]],[[-3.819530261999944,37.30654424200003],[-3.8201338769999325,37.30750212500004],[-3.8199095789999546,37.30424131400008],[-3.819530261999944,37.30654424200003]],[[-3.8790936289999536,37.29120835500004],[-3.878243123999937,37.291941318000056],[-3.882085735999965,37.29229834300003],[-3.8835697669999263,37.28904185700003],[-3.8865291649999563,37.28870462800006],[-3.8842112419999353,37.28188619200006],[-3.8824469019999697,37.28177550300006],[-3.882154044999936,37.27737336700005],[-3.8792451679999544,37.27771184900007],[-3.878694464999967,37.28104930300003],[-3.880100501999948,37.28174871700003],[-3.8785531679999394,37.28096007400006],[-3.879147648999947,37.27772853600004],[-3.87411640199997,37.278461495000045],[-3.8764128199999277,37.28106444900004],[-3.875358543999937,37.28271059300005],[-3.8780211739999686,37.28335293600003],[-3.8773804539999333,37.28455347400006],[-3.8657853029999387,37.28953529800003],[-3.8711972579999383,37.293310416000054],[-3.8761878249999313,37.29003318300005],[-3.8790936289999536,37.29120835500004]],[[-3.9082847729999344,37.26836048400003],[-3.912876315999938,37.26886727900006],[-3.9203950769999665,37.26362700000004],[-3.913494225999955,37.25778317000004],[-3.9093936539999277,37.26165466200007],[-3.907616771999926,37.26771658400003],[-3.9042760049999288,37.269649661000074],[-3.90631856899995,37.27095194300006],[-3.9082847729999344,37.26836048400003]],[[-3.859163455999976,37.25359502300006],[-3.8608860369999434,37.25339889900005],[-3.861980077999931,37.24950898000003],[-3.8601752339999393,37.24798462700005],[-3.849121552999975,37.249549021000064],[-3.856678517999967,37.25120598700005],[-3.8579985699999497,37.25387762300005],[-3.859163455999976,37.25359502300006]],[[-3.9638729319999584,37.23574167700008],[-3.9638165509999794,37.23270664900008],[-3.9608113039999466,37.23273715000005],[-3.962722370999927,37.23358078600006],[-3.962979890999975,37.23646424800006],[-3.9598599329999615,37.23778342800006],[-3.961644360999969,37.23736601600007],[-3.9632964079999624,37.24059969000007],[-3.9660048459999757,37.24066506400004],[-3.9673777059999793,37.23822443900008],[-3.977329607999934,37.23784010900005],[-3.977125631999968,37.23613918900003],[-3.970896717999949,37.23720811900006],[-3.9638729319999584,37.23574167700008]],[[-3.851535088999981,37.23991404700007],[-3.8492634119999707,37.23310451000003],[-3.8476972609999507,37.23556555600004],[-3.845470463999959,37.233780385000045],[-3.8453128999999535,37.23619597100003],[-3.8382109809999747,37.23629228800007],[-3.838893665999933,37.23799271300004],[-3.8439544649999675,37.23984708100005],[-3.851535088999981,37.23991404700007]],[[-3.9454686679999327,37.231636974000025],[-3.949171787999944,37.22990615800006],[-3.9458441289999655,37.228280281000025],[-3.9458975039999586,37.22331119100005],[-3.942581304999976,37.22859033700007],[-3.9448619109999754,37.22927211600006],[-3.9438919069999656,37.23287396500007],[-3.9454686679999327,37.231636974000025]],[[-3.9103745369999388,37.23847865600004],[-3.909628442999974,37.23920002400007],[-3.913790763999941,37.23833355800008],[-3.9103745369999388,37.23847865600004]]]}},{"type":"Feature","properties":{"ClaseSuelo":"SUELO URBANIZABLE DELIMITADO O SECTORIZADO","NuclRural":"0","AreaLamber":70.02115897,"Shape_STAr":0.0000711751998336},"geometry":{"type":"MultiPolygon","coordinates":[[[[-3.875579368999979,37.282553181000026],[-3.8764128199999277,37.28106444900004],[-3.87411640199997,37.278461495000045],[-3.879147648999947,37.27772853600004],[-3.8787650839999515,37.28191442800005],[-3.875579368999979,37.282553181000026]]],[[[-3.946004456999958,37.22902967700003],[-3.949171787999944,37.22990615800006],[-3.9454686679999327,37.231636974000025],[-3.946004456999958,37.22902967700003]]],[[[-3.838893665999933,37.23799271300004],[-3.840916973999981,37.237389380000025],[-3.8436473679999494,37.23892594400007],[-3.838893665999933,37.23799271300004]]],[[[-3.8484065639999585,37.237209137000036],[-3.851535088999981,37.23991404700007],[-3.8486561789999314,37.239340120000065],[-3.8484065639999585,37.237209137000036]]],[[[-3.963800613999979,37.240376182000034],[-3.9636412599999744,37.238340410000035],[-3.9652861859999575,37.23809346300004],[-3.965786997999942,37.239470492000066],[-3.963800613999979,37.240376182000034]]],[[[-3.8550382759999593,37.24908460000006],[-3.8584220199999777,37.24885722600004],[-3.854483082999934,37.249920907000046],[-3.8550382759999593,37.24908460000006]]],[[[-3.8598950509999668,37.250438280000026],[-3.8608860369999434,37.25339889900005],[-3.859163455999976,37.25359502300006],[-3.8598950509999668,37.250438280000026]]],[[[-3.907616771999926,37.26771658400003],[-3.90631856899995,37.27095194300006],[-3.9050322339999752,37.26924831000008],[-3.907616771999926,37.26771658400003]]],[[[-3.8792451679999544,37.27771184900007],[-3.882154044999936,37.27737336700005],[-3.8825587869999367,37.280552053000065],[-3.878748843999972,37.28115334300003],[-3.8792451679999544,37.27771184900007]]],[[[-3.868120180999938,37.29141593200006],[-3.8676025709999635,37.290058369000064],[-3.8679034969999293,37.290010496000036],[-3.868120180999938,37.29141593200006]]],[[[-3.878494992999947,37.29162136300005],[-3.8832617829999663,37.290810247000024],[-3.8815803519999577,37.292452542000035],[-3.878494992999947,37.29162136300005]]],[[[-3.8695232759999385,37.29133404700008],[-3.8694597009999256,37.29004467100003],[-3.8732813269999724,37.291401576000055],[-3.870871458999943,37.293206600000076],[-3.8695232759999385,37.29133404700008]]]]}},{"type":"Feature","properties":{"ClaseSuelo":"SUELO URBANO","NuclRural":"0","AreaLamber":287.21316437,"Shape_STAr":0.000291940346107},"geometry":{"type":"MultiPolygon","coordinates":[[[[-3.870871458999943,37.293206600000076],[-3.874162407999961,37.29110193900004],[-3.873269271999959,37.28998523000007],[-3.8694597009999256,37.29004467100003],[-3.8689871349999407,37.29144169500006],[-3.868935186999977,37.289954409000075],[-3.8657853029999387,37.28953529800003],[-3.871936059999939,37.28581073500004],[-3.873050958999954,37.286702743000035],[-3.8765239099999462,37.285198871000034],[-3.8790642309999726,37.28141299400005],[-3.8825587869999367,37.280552053000065],[-3.8824469019999697,37.28177550300006],[-3.8842112419999353,37.28188619200006],[-3.8865291649999563,37.28870462800006],[-3.8835697669999263,37.28904185700003],[-3.883429145999969,37.29073692600008],[-3.880901696999956,37.291564839000046],[-3.8761878249999313,37.29003318300005],[-3.870871458999943,37.293206600000076]],[[-3.8723940649999804,37.28874173200006],[-3.8728928659999724,37.28731997700004],[-3.871046435999972,37.28799252300007],[-3.8723940649999804,37.28874173200006]],[[-3.8789788249999333,37.28297106500003],[-3.877845195999953,37.28353788600003],[-3.8793563219999783,37.283391220000055],[-3.8789788249999333,37.28297106500003]]],[[[-3.819530261999944,37.30654424200003],[-3.8199095789999546,37.30424131400008],[-3.8201338769999325,37.30750212500004],[-3.819530261999944,37.30654424200003]]],[[[-3.9050322339999752,37.26924831000008],[-3.9050084299999526,37.27056581100004],[-3.9042760049999288,37.269649661000074],[-3.9050322339999752,37.26924831000008]]],[[[-3.9082847729999344,37.26836048400003],[-3.909026234999942,37.265724084000055],[-3.9075150229999736,37.26501349600005],[-3.9119578489999753,37.25872446900007],[-3.9154730339999446,37.25938504900006],[-3.9203950769999665,37.26362700000004],[-3.916221493999956,37.26687157900005],[-3.910069885999974,37.26913856700003],[-3.9082847729999344,37.26836048400003]]],[[[-3.856678517999967,37.25120598700005],[-3.849121552999975,37.249549021000064],[-3.854858566999951,37.24987923800006],[-3.8597014649999437,37.24795328400006],[-3.861980077999931,37.24950898000003],[-3.859204763999969,37.25126699100008],[-3.858581109999932,37.253827485000045],[-3.856678517999967,37.25120598700005]]],[[[-3.96248522999997,37.238421680000044],[-3.962036424999951,37.23726363700007],[-3.9598599329999615,37.23778342800006],[-3.962979890999975,37.23646424800006],[-3.962722370999927,37.23358078600006],[-3.9608113039999466,37.23273715000005],[-3.9638165509999794,37.23270664900008],[-3.963406941999949,37.23574834600004],[-3.966993069999944,37.23695839700008],[-3.977248526999972,37.23627169800005],[-3.977329607999934,37.23784010900005],[-3.9729260649999674,37.23893876600005],[-3.972230038999953,37.23781724500003],[-3.9673777059999793,37.23822443900008],[-3.9660048459999757,37.24066506400004],[-3.9632964079999624,37.24059969000007],[-3.96248522999997,37.238421680000044]],[[-3.963800613999979,37.240376182000034],[-3.965786997999942,37.239470492000066],[-3.9652861859999575,37.23809346300004],[-3.9636412599999744,37.238340410000035],[-3.963800613999979,37.240376182000034]]],[[[-3.843499615999974,37.239293961000044],[-3.8382109809999747,37.23629228800007],[-3.842992089999939,37.23753098200007],[-3.843883567999967,37.23620430300008],[-3.845111805999977,37.23833083000005],[-3.8458792109999536,37.23378234300003],[-3.8485217339999735,37.23661779500003],[-3.8486561789999314,37.239340120000065],[-3.8519299669999327,37.24067018200003],[-3.843499615999974,37.239293961000044]],[[-3.846746522999979,37.237706041000024],[-3.8475120549999247,37.236421963000055],[-3.846886197999936,37.23644967400003],[-3.846746522999979,37.237706041000024]]],[[[-3.910300526999947,37.239320993000035],[-3.9103745369999388,37.23847865600004],[-3.913790763999941,37.23833355800008],[-3.910300526999947,37.239320993000035]]],[[[-3.8486114649999763,37.234870698000066],[-3.8485677849999433,37.233087547000025],[-3.8492634119999707,37.23310451000003],[-3.849326087999941,37.234836303000066],[-3.8486114649999763,37.234870698000066]]],[[[-3.943830168999966,37.22904093900007],[-3.94343625099998,37.22603630200007],[-3.946434659999966,37.22335660600004],[-3.9450934509999342,37.227316932000065],[-3.9468078799999375,37.22895276700007],[-3.944765249999932,37.23291265000006],[-3.943830168999966,37.22904093900007]]]]}},{"type":"Feature","properties":{"ClaseSuelo":"SUELO URBANO NO CONSOLIDADO","NuclRural":"0","AreaLamber":30.23502884,"Shape_STAr":0.0000307276845557},"geometry":{"type":"MultiPolygon","coordinates":[[[[-3.8449483579999537,37.23831358800004],[-3.843883567999967,37.23620430300008],[-3.842992089999939,37.23753098200007],[-3.8387472739999566,37.23636673200008],[-3.8453128999999535,37.23619597100003],[-3.8449483579999537,37.23831358800004]]],[[[-3.9458721839999384,37.22351833700003],[-3.946444276999955,37.223471206000056],[-3.9459402499999783,37.22412907000006],[-3.9458721839999384,37.22351833700003]]],[[[-3.9446806669999432,37.223896084000046],[-3.945695753999928,37.224087515000065],[-3.9440808879999736,37.22475922600006],[-3.9446806669999432,37.223896084000046]]],[[[-3.945337337999945,37.22762722400006],[-3.945110037999939,37.22721081100008],[-3.9464697889999343,37.22517054300005],[-3.945337337999945,37.22762722400006]]],[[[-3.942581304999976,37.22859033700007],[-3.9443435539999427,37.22785575100005],[-3.943830168999966,37.22904093900007],[-3.942581304999976,37.22859033700007]]],[[[-3.9631953629999543,37.233287302000065],[-3.963671235999925,37.23327261000003],[-3.9638729319999584,37.23574167700008],[-3.9631953629999543,37.233287302000065]]],[[[-3.8497044399999254,37.23713748800003],[-3.8477147239999567,37.235905966000075],[-3.848152303999939,37.23444612900005],[-3.8497044399999254,37.23713748800003]]],[[[-3.846746522999979,37.237706041000024],[-3.846886197999936,37.23644967400003],[-3.8475120549999247,37.236421963000055],[-3.846746522999979,37.237706041000024]]],[[[-3.9618274029999725,37.23791233000003],[-3.962036424999951,37.23726363700007],[-3.96248522999997,37.238421680000044],[-3.9618274029999725,37.23791233000003]]],[[[-3.9096398409999438,37.23854589300004],[-3.9103745369999388,37.23847865600004],[-3.910300526999947,37.239320993000035],[-3.9096398409999438,37.23854589300004]]],[[[-3.8523236749999796,37.24956659400004],[-3.852467026999932,37.24817533800007],[-3.8545478199999366,37.24918022400004],[-3.8523236749999796,37.24956659400004]]],[[[-3.856048074999933,37.251137105000055],[-3.856678517999967,37.25120598700005],[-3.85476538599994,37.25164557700003],[-3.856048074999933,37.251137105000055]]],[[[-3.916506364999975,37.25999742000005],[-3.913030383999967,37.25859055700005],[-3.9176228929999297,37.26083585300006],[-3.916506364999975,37.25999742000005]]],[[[-3.916638688999967,37.26555938800004],[-3.9182964129999505,37.264738667000074],[-3.9163135049999482,37.26692543900003],[-3.916638688999967,37.26555938800004]]],[[[-3.9085755119999703,37.26703833500005],[-3.9073552749999294,37.26681724800005],[-3.9078435549999426,37.26551110400004],[-3.9085755119999703,37.26703833500005]]],[[[-3.9113475199999357,37.26895154600004],[-3.9129823129999295,37.26800213700005],[-3.912876315999938,37.26886727900006],[-3.9113475199999357,37.26895154600004]]],[[[-3.8789788249999333,37.28297106500003],[-3.8793563219999783,37.283391220000055],[-3.877845195999953,37.28353788600003],[-3.8789788249999333,37.28297106500003]]],[[[-3.871886027999949,37.28903681500003],[-3.871046435999972,37.28799252300007],[-3.8728928659999724,37.28731997700004],[-3.871886027999949,37.28903681500003]]],[[[-3.872873639999966,37.29010048300006],[-3.874162407999961,37.29110193900004],[-3.8732813269999724,37.291401576000055],[-3.872873639999966,37.29010048300006]]],[[[-3.8679034969999293,37.290010496000036],[-3.868935186999977,37.289954409000075],[-3.8689871349999407,37.29144169500006],[-3.8679034969999293,37.290010496000036]]]]}},{"type":"Feature","properties":{"ClaseSuelo":"SUELO NO URBANIZABLE","NuclRural":"0","AreaLamber":8519.06508897,"Shape_STAr":0.00864221479537},"geometry":{"type":"MultiPolygon","coordinates":[[[[-3.5626702419999674,37.12431744700007],[-3.5603066419999436,37.128061614000046],[-3.555692945999965,37.120861339000044],[-3.548697607999941,37.12542254300007],[-3.5524787879999735,37.13304849000008],[-3.556292566999957,37.135586587000034],[-3.5557998679999514,37.13691463200007],[-3.5638086719999365,37.13795365300007],[-3.5646049539999467,37.13962686700006],[-3.5585953889999473,37.14089864700003],[-3.55615796099994,37.14324473500005],[-3.5532883669999364,37.14193306300007],[-3.5507289379999634,37.147668906000035],[-3.5438075689999664,37.146646144000044],[-3.5288898419999555,37.140529816000026],[-3.521760252999968,37.14184134300007],[-3.5192221569999447,37.144457542000055],[-3.5134026359999666,37.14308564500004],[-3.512312319999978,37.145037401000025],[-3.5003172049999307,37.137751018000074],[-3.4900292219999756,37.13994827100004],[-3.4748713689999704,37.137738246000026],[-3.4595385619999774,37.13251623100007],[-3.455137072999946,37.12884638000003],[-3.451563432999933,37.128021699000044],[-3.4497383549999654,37.12399026800006],[-3.4441014859999655,37.12256920100003],[-3.438890881999953,37.11890175600007],[-3.4345888879999507,37.12051308100007],[-3.4289701639999635,37.12021800100007],[-3.4230104019999317,37.11526352200008],[-3.414856509999936,37.11234461500004],[-3.405735596999932,37.111591872000076],[-3.4014451279999776,37.10691910500003],[-3.390063563999945,37.09974576800005],[-3.384336408999957,37.09325624000007],[-3.3820479969999724,37.08571876800005],[-3.3759969199999773,37.07934704400003],[-3.376920686999938,37.07051019700003],[-3.3695861759999275,37.065881940000054],[-3.3694863069999315,37.05921172800004],[-3.3656805959999474,37.056032481000045],[-3.3887197759999594,37.06363033800005],[-3.399008076999962,37.07147459600003],[-3.418778381999971,37.07649053800003],[-3.4313148959999467,37.07519273400004],[-3.4446555409999746,37.07874023100004],[-3.4554011909999645,37.078987994000045],[-3.4658837789999666,37.071177144000046],[-3.4716098839999745,37.071208659000035],[-3.4868484819999708,37.079332124000075],[-3.532418750999966,37.08174188800007],[-3.5327540399999293,37.08463392900006],[-3.537541623999971,37.088632689000065],[-3.5363887109999723,37.094271734000074],[-3.543606287999978,37.09962939600007],[-3.5626702419999674,37.12431744700007]],[[-3.547665709999933,37.119365016000074],[-3.5448008779999327,37.11753562200005],[-3.542198234999944,37.12004408400003],[-3.5432655259999706,37.12215721800004],[-3.5422976179999637,37.12652809800005],[-3.544089683999971,37.12902266200007],[-3.5474535099999684,37.129519568000035],[-3.549130618999925,37.12790040800007],[-3.546915555999931,37.12338727700006],[-3.5499585079999747,37.12387421400007],[-3.5490003159999333,37.121561169000074],[-3.550017630999946,37.12118484800004],[-3.547665709999933,37.119365016000074]],[[-3.4004310669999427,37.09620342200003],[-3.401689064999971,37.09435511700008],[-3.399695837999957,37.09073443200003],[-3.398512721999964,37.093154464000065],[-3.394343873999958,37.09196074600004],[-3.3946134869999582,37.093861626000034],[-3.3917616889999636,37.09404721300007],[-3.38951514799993,37.096846708000044],[-3.396867992999944,37.101713878000055],[-3.400227710999957,37.10014192700004],[-3.398571831999959,37.09806365400004],[-3.4004310669999427,37.09620342200003]],[[-3.389286656999957,37.07157538400003],[-3.3896122119999745,37.071006691000036],[-3.3876586259999613,37.071477171000026],[-3.389286656999957,37.07157538400003]],[[-3.3905544239999585,37.071363320000046],[-3.390751702999978,37.071121110000036],[-3.3904499399999395,37.071191733000035],[-3.3905544239999585,37.071363320000046]],[[-3.533944088999931,37.13196943100007],[-3.5445726899999386,37.133425009000064],[-3.5388064699999404,37.12972913400006],[-3.529503993999981,37.12981127300003],[-3.527556107999942,37.13127142500008],[-3.5279996799999367,37.132400019000045],[-3.533944088999931,37.13196943100007]]],[[[-3.5651985279999394,37.13854177800005],[-3.5644908729999543,37.13932641800005],[-3.564847115999953,37.13852861200007],[-3.5651985279999394,37.13854177800005]]],[[[-3.5657404499999643,37.13850397900006],[-3.566220648999945,37.138557254000034],[-3.5668472719999613,37.139120062000075],[-3.5657404499999643,37.13850397900006]]]]}},{"type":"Feature","properties":{"ClaseSuelo":"SUELO URBANIZABLE DELIMITADO O SECTORIZADO","NuclRural":"0","AreaLamber":62.56989909,"Shape_STAr":0.0000634909663774},"geometry":{"type":"MultiPolygon","coordinates":[[[[-3.547293467999964,37.12943151700006],[-3.544089683999971,37.12902266200007],[-3.5423521229999437,37.12672022700008],[-3.543466275999947,37.117905636000046],[-3.5450857019999376,37.12077536000004],[-3.547665709999933,37.119365016000074],[-3.550017630999946,37.12118484800004],[-3.5490003159999333,37.121561169000074],[-3.5499585079999747,37.12387421400007],[-3.546915555999931,37.12338727700006],[-3.549166596999953,37.127749462000054],[-3.547293467999964,37.12943151700006]]],[[[-3.5278329859999644,37.13229933400004],[-3.529503993999981,37.12981127300003],[-3.534917931999928,37.13037804500004],[-3.533918433999929,37.13220388000008],[-3.5278329859999644,37.13229933400004]]]]}},{"type":"Feature","properties":{"ClaseSuelo":"SUELO URBANO","NuclRural":"0","AreaLamber":254.13914971,"Shape_STAr":0.000257870884259},"geometry":{"type":"MultiPolygon","coordinates":[[[[-3.5679998709999268,37.13961608200003],[-3.5652065339999695,37.13713771300007],[-3.564511826999933,37.138368283000034],[-3.5665048829999364,37.138773779000076],[-3.5646049539999467,37.13962686700006],[-3.5638086719999365,37.13795365300007],[-3.5558851269999536,37.13697959700005],[-3.556292566999957,37.135586587000034],[-3.5524787879999735,37.13304849000008],[-3.548697607999941,37.12542254300007],[-3.5500777969999717,37.124741347000054],[-3.5516830759999607,37.128313852000076],[-3.5578981779999594,37.13301152400004],[-3.551867667999943,37.12832059200008],[-3.5501491089999604,37.12468449900007],[-3.555692945999965,37.120861339000044],[-3.56088837599998,37.128321999000036],[-3.5610874199999785,37.12522879200003],[-3.5626702419999674,37.12431744700007],[-3.566308383999967,37.13034267300003],[-3.5639501519999612,37.131798581000055],[-3.566447536999931,37.13239722600008],[-3.5590083579999714,37.13542789500008],[-3.566715649999935,37.13741370200006],[-3.5687085669999306,37.13661635100004],[-3.5706393489999755,37.13888534400007],[-3.5679998709999268,37.13961608200003]],[[-3.567555185999936,37.13893477600004],[-3.567957190999948,37.138884189000066],[-3.566880327999968,37.13777206100008],[-3.567555185999936,37.13893477600004]]],[[[-3.5671892999999386,37.13547477700007],[-3.564965051999934,37.13316070400003],[-3.5659216609999476,37.134317871000064],[-3.566620048999937,37.133287805000066],[-3.5681756799999675,37.13596891200007],[-3.5671892999999386,37.13547477700007]]],[[[-3.5659844849999445,37.135934675000044],[-3.5667899529999545,37.135887867000065],[-3.56634891799996,37.136235949000024],[-3.5659844849999445,37.135934675000044]]],[[[-3.5641826539999784,37.134847628000045],[-3.565380361999928,37.135226431000035],[-3.564124913999933,37.135062111000025],[-3.5641826539999784,37.134847628000045]]],[[[-3.5640509449999627,37.13400382700007],[-3.564658139999949,37.134096827000064],[-3.563559606999945,37.13467509800006],[-3.5640509449999627,37.13400382700007]]],[[[-3.5362164349999716,37.13254861900003],[-3.533875188999957,37.13008983000003],[-3.5383811569999466,37.13011929100003],[-3.5445726899999386,37.133425009000064],[-3.5362164349999716,37.13254861900003]],[[-3.5381814339999664,37.13105195900005],[-3.537926537999965,37.13179408000008],[-3.538704907999943,37.13219359200008],[-3.5381814339999664,37.13105195900005]],[[-3.5415544319999412,37.131741189000024],[-3.5408355809999534,37.13201743400003],[-3.541810898999927,37.131771581000066],[-3.5415544319999412,37.131741189000024]],[[-3.5375944359999494,37.13105888200005],[-3.5358586389999687,37.13044287300005],[-3.537824776999969,37.131741849000036],[-3.5375944359999494,37.13105888200005]]],[[[-3.536494743999981,37.12979701100005],[-3.5372223029999645,37.12991432700005],[-3.537089483999978,37.13021850100006],[-3.536494743999981,37.12979701100005]]],[[[-3.5450857019999376,37.12077536000004],[-3.543834692999951,37.11847616500006],[-3.5476654709999593,37.119331774000045],[-3.5450857019999376,37.12077536000004]]],[[[-3.39543522799994,37.100602422000065],[-3.390969878999954,37.09460541300007],[-3.3946134869999582,37.093861626000034],[-3.394343873999958,37.09196074600004],[-3.3961493299999574,37.091632935000064],[-3.398251357999925,37.09336242100005],[-3.400266525999939,37.09094133900004],[-3.401689064999971,37.09435511700008],[-3.398571831999959,37.09806365400004],[-3.400227710999957,37.10014192700004],[-3.396867992999944,37.101713878000055],[-3.39543522799994,37.100602422000065]],[[-3.3944849289999297,37.09540721400003],[-3.394786849999946,37.09593164900008],[-3.3951548359999606,37.09567985500007],[-3.3944849289999297,37.09540721400003]],[[-3.3937275329999466,37.09399515000007],[-3.394518067999968,37.09534173800006],[-3.3950267849999705,37.095195905000026],[-3.3937275329999466,37.09399515000007]]],[[[-3.389140349999934,37.071158565000076],[-3.3877898199999663,37.07194881200007],[-3.387897574999954,37.07124401800007],[-3.389140349999934,37.071158565000076]]]]}},{"type":"Feature","properties":{"ClaseSuelo":"SUELO URBANO NO CONSOLIDADO","NuclRural":"0","AreaLamber":49.14975018,"Shape_STAr":0.0000498706320655},"geometry":{"type":"MultiPolygon","coordinates":[[[[-3.566493887999968,37.13719314300005],[-3.5590083579999714,37.13542789500008],[-3.566447536999931,37.13239722600008],[-3.5667670629999293,37.134103639000045],[-3.564965051999934,37.13316070400003],[-3.5654305619999604,37.13450432500008],[-3.5687085669999306,37.13661635100004],[-3.566493887999968,37.13719314300005]],[[-3.5667899529999545,37.135887867000065],[-3.5659844849999445,37.135934675000044],[-3.56634891799996,37.136235949000024],[-3.5667899529999545,37.135887867000065]],[[-3.5653862709999657,37.13501920500005],[-3.5641826539999784,37.134847628000045],[-3.564124913999933,37.135062111000025],[-3.5653862709999657,37.13501920500005]],[[-3.5645627229999377,37.13402133500006],[-3.5636282729999493,37.13414398700007],[-3.563559606999945,37.13467509800006],[-3.5645627229999377,37.13402133500006]]],[[[-3.3905544239999585,37.071363320000046],[-3.3904499399999395,37.071191733000035],[-3.390751702999978,37.071121110000036],[-3.3905544239999585,37.071363320000046]]],[[[-3.3895716269999525,37.07168197000004],[-3.389140349999934,37.071158565000076],[-3.3896122119999745,37.071006691000036],[-3.3895716269999525,37.07168197000004]]],[[[-3.3975197759999674,37.09292146900003],[-3.3980793019999282,37.092943373000026],[-3.398251357999925,37.09336242100005],[-3.3975197759999674,37.09292146900003]]],[[[-3.3937275329999466,37.09399515000007],[-3.3950267849999705,37.095195905000026],[-3.394518067999968,37.09534173800006],[-3.3937275329999466,37.09399515000007]]],[[[-3.3944849289999297,37.09540721400003],[-3.3951548359999606,37.09567985500007],[-3.394786849999946,37.09593164900008],[-3.3944849289999297,37.09540721400003]]],[[[-3.400342150999961,37.09614699900004],[-3.400570463999941,37.09581105700005],[-3.4009296299999505,37.09598228100003],[-3.400342150999961,37.09614699900004]]],[[[-3.392811991999963,37.100000255000054],[-3.38951514799993,37.096846708000044],[-3.390969878999954,37.09460541300007],[-3.3959041319999415,37.10013711800008],[-3.394770133999941,37.101166474000024],[-3.392811991999963,37.100000255000054]]],[[[-3.5437277879999556,37.11823496300008],[-3.5451670379999314,37.117532158000074],[-3.5465576759999635,37.11835270800003],[-3.5437277879999556,37.11823496300008]]],[[[-3.535441611999943,37.13015184100004],[-3.5339610249999396,37.13006309000008],[-3.5360759179999377,37.13005604600005],[-3.535441611999943,37.13015184100004]]],[[[-3.53664243999998,37.13024263500006],[-3.5382993199999646,37.13011715600004],[-3.5380801029999702,37.13100177700005],[-3.53664243999998,37.13024263500006]]],[[[-3.5367193269999575,37.131083395000076],[-3.5358586389999687,37.13044287300005],[-3.5380780179999647,37.13105318000004],[-3.5367193269999575,37.131083395000076]]],[[[-3.54298371699997,37.131808990000025],[-3.5388501039999483,37.131123700000046],[-3.5384335699999383,37.12981039700003],[-3.54298371699997,37.131808990000025]]],[[[-3.5347380829999793,37.13197809400003],[-3.533944088999931,37.13196943100007],[-3.534215776999929,37.130981838000025],[-3.5347380829999793,37.13197809400003]]],[[[-3.5415544319999412,37.131741189000024],[-3.541810898999927,37.131771581000066],[-3.5408355809999534,37.13201743400003],[-3.5415544319999412,37.131741189000024]]],[[[-3.5381814339999664,37.13105195900005],[-3.538704907999943,37.13219359200008],[-3.537926537999965,37.13179408000008],[-3.5381814339999664,37.13105195900005]]],[[[-3.5652324449999355,37.13218226500004],[-3.5639501519999612,37.131798581000055],[-3.5663778799999477,37.131368775000055],[-3.5652324449999355,37.13218226500004]]],[[[-3.5364282589999334,37.13254798300005],[-3.535315733999937,37.13204234600005],[-3.536066448999975,37.131804213000066],[-3.5364282589999334,37.13254798300005]]],[[[-3.5500777969999717,37.124741347000054],[-3.551867667999943,37.12832059200008],[-3.558017058999951,37.13297212400005],[-3.5516830759999607,37.128313852000076],[-3.5500777969999717,37.124741347000054]]],[[[-3.560476582999968,37.138006295000025],[-3.5605429919999665,37.13751738700006],[-3.5613803709999274,37.13776123500003],[-3.560476582999968,37.138006295000025]]],[[[-3.567555185999936,37.13893477600004],[-3.566880327999968,37.13777206100008],[-3.567957190999948,37.138884189000066],[-3.567555185999936,37.13893477600004]]],[[[-3.5678298009999594,37.13959289200005],[-3.564522376999946,37.13815217300004],[-3.566010824999978,37.137394682000036],[-3.5678298009999594,37.13959289200005]]]]}},{"type":"Feature","properties":{"ClaseSuelo":"SISTEMAS GENERALES","NuclRural":"0","AreaLamber":5.24938961,"Shape_STAr":0.00000533375601579},"geometry":{"type":"Polygon","coordinates":[[[-3.620098642999949,37.22959418900007],[-3.622560564999958,37.22752354900007],[-3.624009115999968,37.228853170000036],[-3.6212512779999315,37.23050408300003],[-3.620098642999949,37.22959418900007]]]}},{"type":"Feature","properties":{"ClaseSuelo":"SUELO NO URBANIZABLE","NuclRural":"0","AreaLamber":379.4156793,"Shape_STAr":0.000385519683672},"geometry":{"type":"MultiPolygon","coordinates":[[[[-3.6005365299999426,37.22283600500003],[-3.60418042699996,37.22086834800007],[-3.600782841999944,37.223664178000035],[-3.6050979149999307,37.227816473000075],[-3.609329152999976,37.22861315500006],[-3.6099104649999276,37.222770052000044],[-3.6149400459999583,37.220256300000074],[-3.609546697999974,37.21913209400003],[-3.6244323549999535,37.21727357000003],[-3.622645957999964,37.21075049900003],[-3.6126986349999584,37.21304224900007],[-3.624292111999978,37.21033103100007],[-3.62555189699998,37.21822965300004],[-3.6197772709999754,37.220522473000074],[-3.621700736999969,37.22452024200004],[-3.619961291999971,37.22223677200003],[-3.615989729999967,37.225799479000045],[-3.6218929499999604,37.23068621700003],[-3.6147257869999407,37.23419594500007],[-3.6148090599999705,37.23751265900006],[-3.6168328459999657,37.239602406000074],[-3.610666354999978,37.24387089000004],[-3.6082203389999563,37.24114321300004],[-3.6085063969999283,37.23604884500003],[-3.5979863509999745,37.238707402000045],[-3.5919752739999353,37.23413140700006],[-3.594315912999946,37.230712408000045],[-3.5914491319999797,37.227382541000054],[-3.593899292999936,37.22501764200007],[-3.6005365299999426,37.22283600500003]],[[-3.6093364369999676,37.22926262800007],[-3.6085617829999705,37.23299845300005],[-3.6110034069999415,37.23061095400004],[-3.6129660859999717,37.23100109400008],[-3.6120219189999716,37.229226392000044],[-3.6147687279999445,37.22748629000006],[-3.6100647599999434,37.22618937400006],[-3.6093364369999676,37.22926262800007]],[[-3.610210904999974,37.23670836300005],[-3.611101982999969,37.23536675400004],[-3.6085218219999433,37.236158955000064],[-3.610210904999974,37.23670836300005]]],[[[-3.607913984999925,37.21374887200005],[-3.6064591029999633,37.21436145700005],[-3.6032840549999605,37.21477909400005],[-3.607913984999925,37.21374887200005]]],[[[-3.6096264369999744,37.213181261000045],[-3.6111274949999483,37.21296856400005],[-3.6124542839999663,37.21306859500004],[-3.6096264369999744,37.213181261000045]]]]}},{"type":"Feature","properties":{"ClaseSuelo":"SUELO URBANIZABLE DELIMITADO O SECTORIZADO","NuclRural":"0","AreaLamber":80.78304842,"Shape_STAr":0.0000820698644819},"geometry":{"type":"MultiPolygon","coordinates":[[[[-3.6110745809999685,37.21908577800008],[-3.609546697999974,37.21913209400003],[-3.6099426089999724,37.21763083700006],[-3.6131549629999427,37.21631644400003],[-3.610488337999925,37.21324221000003],[-3.61467128299995,37.212829535000026],[-3.615901264999934,37.21574249500003],[-3.618040004999955,37.21519362400005],[-3.6184834449999244,37.216452950000075],[-3.621036065999931,37.21473330200007],[-3.61817453499998,37.212135303000025],[-3.622645957999964,37.21075049900003],[-3.621611285999961,37.214416173000075],[-3.6231790479999404,37.21774934500007],[-3.6110745809999685,37.21908577800008]]],[[[-3.602938361999975,37.21602625500003],[-3.6028928219999443,37.21488560800003],[-3.6064591029999633,37.21436145700005],[-3.6065093529999785,37.215490988000056],[-3.602938361999975,37.21602625500003]]],[[[-3.6102337749999265,37.22212617400004],[-3.610472804999972,37.22071444100004],[-3.6149400459999583,37.220256300000074],[-3.6102337749999265,37.22212617400004]]],[[[-3.6010162399999786,37.223834271000044],[-3.6029716989999656,37.22318996400003],[-3.6032087439999714,37.22461087000005],[-3.6010162399999786,37.223834271000044]]],[[[-3.6174361679999265,37.22577078100005],[-3.6160132909999447,37.226254684000025],[-3.619961291999971,37.22223677200003],[-3.620907302999967,37.223359551000044],[-3.617059587999961,37.22756917700008],[-3.6174361679999265,37.22577078100005]]],[[[-3.6074390129999756,37.22774689500005],[-3.6082966459999284,37.22589255200006],[-3.6098907869999266,37.226682968000034],[-3.609329152999976,37.22861315500006],[-3.6074390129999756,37.22774689500005]]]]}},{"type":"Feature","properties":{"ClaseSuelo":"SUELO URBANIZABLE NO DELIMITADO O SECTORIZADO","NuclRural":"0","AreaLamber":0.89221949,"Shape_STAr":9.06464986855e-7},"geometry":{"type":"Polygon","coordinates":[[[-3.6029446599999346,37.220368234000034],[-3.60418042699996,37.22086834800007],[-3.603220730999965,37.221401806000074],[-3.6029446599999346,37.220368234000034]]]}},{"type":"Feature","properties":{"ClaseSuelo":"SUELO URBANO","NuclRural":"0","AreaLamber":126.33750626,"Shape_STAr":0.000128354874932},"geometry":{"type":"MultiPolygon","coordinates":[[[[-3.6028533879999713,37.224932300000035],[-3.6029716989999656,37.22318996400003],[-3.6008999339999264,37.22352893200008],[-3.6045195169999715,37.22122617000008],[-3.6021038189999786,37.219468035000034],[-3.6028685979999295,37.21499056300007],[-3.603027572999963,37.216268823000064],[-3.605288254999948,37.215837445000034],[-3.60759012099993,37.22009578800004],[-3.6093704879999677,37.219309689000056],[-3.609436468999945,37.215504313000054],[-3.6065093529999785,37.215490988000056],[-3.6064591029999633,37.21436145700005],[-3.610488337999925,37.21324221000003],[-3.6131475239999418,37.21659569700006],[-3.6099426089999724,37.21763083700006],[-3.6094601499999612,37.21954885200006],[-3.6121690149999495,37.22020974600008],[-3.610472804999972,37.22071444100004],[-3.6100251649999677,37.223874411000054],[-3.607419229999948,37.223540111000034],[-3.6079105269999445,37.22854997300004],[-3.6050979149999307,37.227816473000075],[-3.6028533879999713,37.224932300000035]],[[-3.604138662999958,37.22454251600004],[-3.6056929009999408,37.22440971900005],[-3.60381345899998,37.22259892200003],[-3.604138662999958,37.22454251600004]],[[-3.6085605439999426,37.21972204200006],[-3.6078734319999626,37.22054030400005],[-3.6094247419999306,37.219954302000076],[-3.6085605439999426,37.21972204200006]]],[[[-3.610900555999933,37.23625874700008],[-3.6085218219999433,37.236158955000064],[-3.611101982999969,37.23536675400004],[-3.610900555999933,37.23625874700008]]],[[[-3.6093364369999676,37.22926262800007],[-3.611689475999981,37.22863713300006],[-3.6129660859999717,37.23100109400008],[-3.6110034069999415,37.23061095400004],[-3.6085617829999705,37.23299845300005],[-3.6093364369999676,37.22926262800007]]],[[[-3.6212512779999315,37.23050408300003],[-3.624009115999968,37.228853170000036],[-3.622560564999958,37.22752354900007],[-3.620098642999949,37.22959418900007],[-3.6171470049999357,37.227606826000056],[-3.6214561539999295,37.224489697000024],[-3.6247754899999336,37.229329961000076],[-3.6212512779999315,37.23050408300003]]],[[[-3.613191527999959,37.22714468200007],[-3.614141930999949,37.227224945000046],[-3.6133468569999536,37.22747103700004],[-3.613191527999959,37.22714468200007]]],[[[-3.608940448999931,37.22520520200004],[-3.608958593999944,37.22459341600006],[-3.6099541719999593,37.22463769600006],[-3.608940448999931,37.22520520200004]]],[[[-3.6107761039999673,37.22235676200006],[-3.611511542999949,37.22219836100004],[-3.610941279999963,37.22252064200006],[-3.6107761039999673,37.22235676200006]]],[[[-3.6219570689999614,37.21578328800007],[-3.621450222999954,37.21172440400005],[-3.6229766269999573,37.21146722100008],[-3.6244323549999535,37.21727357000003],[-3.6231790479999404,37.21774934500007],[-3.6219570689999614,37.21578328800007]]],[[[-3.61612058999998,37.215681894000056],[-3.614870888999974,37.21321574700005],[-3.61817453499998,37.212135303000025],[-3.621036065999931,37.21473330200007],[-3.6184834449999244,37.216452950000075],[-3.618040004999955,37.21519362400005],[-3.61612058999998,37.215681894000056]]]]}},{"type":"Feature","properties":{"ClaseSuelo":"SUELO URBANO NO CONSOLIDADO","NuclRural":"0","AreaLamber":39.9561936,"Shape_STAr":0.000040594797217},"geometry":{"type":"MultiPolygon","coordinates":[[[[-3.6079996159999723,37.21496463400007],[-3.609173516999931,37.214630929000066],[-3.609707802999935,37.21809912900005],[-3.60759012099993,37.22009578800004],[-3.605288254999948,37.215837445000034],[-3.6079996159999723,37.21496463400007]]],[[[-3.6085605439999426,37.21972204200006],[-3.6094247419999306,37.219954302000076],[-3.6078734319999626,37.22054030400005],[-3.6085605439999426,37.21972204200006]]],[[[-3.600978204999933,37.22278204000003],[-3.5998412169999483,37.222355650000054],[-3.6030735979999804,37.21934780500004],[-3.603220730999965,37.221401806000074],[-3.600978204999933,37.22278204000003]]],[[[-3.6037046199999736,37.22457801100006],[-3.6031709209999576,37.22290738800007],[-3.6045436319999453,37.22264897600007],[-3.6056929009999408,37.22440971900005],[-3.6037046199999736,37.22457801100006]]],[[[-3.607756123999934,37.224663718000045],[-3.6080627989999243,37.22327717700006],[-3.6100251649999677,37.223874411000054],[-3.608958593999944,37.22459341600006],[-3.6098907869999266,37.226682968000034],[-3.607756123999934,37.224663718000045]]],[[[-3.6199309799999355,37.22389253000006],[-3.6212583399999403,37.22458868100006],[-3.617059587999961,37.22756917700008],[-3.6199309799999355,37.22389253000006]]],[[[-3.609435496999936,37.22875531100004],[-3.6100647599999434,37.22618937400006],[-3.6147687279999445,37.22748629000006],[-3.6120219189999716,37.229226392000044],[-3.609435496999936,37.22875531100004]]],[[[-3.6102875949999316,37.23638260600006],[-3.610900555999933,37.23625874700008],[-3.610751135999976,37.237165392000065],[-3.6102875949999316,37.23638260600006]]]]}},{"type":"Feature","properties":{"ClaseSuelo":"SUELO NO URBANIZABLE","NuclRural":"0","AreaLamber":2950.19516406,"Shape_STAr":0.00297974524515},"geometry":{"type":"MultiPolygon","coordinates":[[[[-3.564064731999963,36.760923569000056],[-3.566291294999928,36.76002008100005],[-3.5644137919999253,36.75955300500004],[-3.5649414479999564,36.74401330300003],[-3.5619105659999377,36.72775634800007],[-3.5742315769999777,36.72936374300008],[-3.57821880299997,36.723958921000076],[-3.5668994509999266,36.71969212500005],[-3.563764001999971,36.72461178800006],[-3.5668537589999687,36.719369046000054],[-3.579740233999928,36.72340668600003],[-3.602011685999969,36.744642405000036],[-3.6214957609999487,36.741062390000025],[-3.628654663999953,36.742620282000075],[-3.637724627999944,36.74224747100004],[-3.637181982999948,36.74396010100003],[-3.632940413999961,36.74389809400003],[-3.6330089339999745,36.74701636900005],[-3.636770712999976,36.74555592000007],[-3.635590218999937,36.74828964000005],[-3.632165959999952,36.75009277100003],[-3.6311755329999755,36.76183497400007],[-3.6261800139999423,36.763393877000055],[-3.623098456999969,36.76888191300003],[-3.619266510999978,36.77168745400007],[-3.6070110009999325,36.77493288200003],[-3.587161357999946,36.77293234200005],[-3.5814604109999664,36.77477232800004],[-3.5789948579999304,36.77920150800003],[-3.5805502139999703,36.783340605000035],[-3.578263538999977,36.78775086200005],[-3.5717814119999503,36.78720533400008],[-3.566788290999966,36.795540678000066],[-3.5656974099999275,36.80113488200004],[-3.559729491999974,36.80053215700008],[-3.5557305319999273,36.80557202500006],[-3.547070213999973,36.806306369000026],[-3.543820091999976,36.811180112000045],[-3.5440323909999734,36.807915896000054],[-3.539350378999927,36.795722624000064],[-3.5424279469999647,36.791859404000036],[-3.5385871459999407,36.78918155900004],[-3.545516050999936,36.78320934000004],[-3.5473612419999654,36.77635881400005],[-3.559531869999944,36.77031638900007],[-3.564064731999963,36.760923569000056]],[[-3.5666965469999354,36.76534303600005],[-3.5659257089999414,36.762937710000074],[-3.56485325999995,36.764729327000055],[-3.5666965469999354,36.76534303600005]],[[-3.5650760539999737,36.77096956200006],[-3.5610325019999323,36.773351056000024],[-3.565481982999927,36.77447673000006],[-3.567024419999939,36.77144545300007],[-3.5710549809999748,36.77124108000004],[-3.569074829999977,36.770013052000024],[-3.5693307639999716,36.76754956000008],[-3.567438721999963,36.77048679600006],[-3.564270406999981,36.769621776000065],[-3.5650760539999737,36.77096956200006]],[[-3.611636273999977,36.75634453200007],[-3.613236231999963,36.75639210800006],[-3.6163518989999375,36.750343549000036],[-3.6195294679999392,36.752587756000025],[-3.6194287399999325,36.744637554000064],[-3.6220214969999347,36.74598505700004],[-3.6230497609999475,36.74225516400003],[-3.620628677999946,36.74427611900006],[-3.6203811119999614,36.74187420900006],[-3.614216411999962,36.74329319700007],[-3.6133955429999673,36.74542536200005],[-3.613665500999957,36.74373886300003],[-3.6041013259999772,36.745903103000046],[-3.5980735329999334,36.742899469000065],[-3.5795894779999458,36.72443187700003],[-3.575606010999934,36.72986646900006],[-3.5786235159999364,36.73111595600005],[-3.5860298879999277,36.738989788000026],[-3.582276590999925,36.741413917000045],[-3.581591198999945,36.74362436400003],[-3.57920500299997,36.74408602400007],[-3.578193351999971,36.748571552000044],[-3.5829410939999775,36.74783258900004],[-3.588505619999978,36.74985718200003],[-3.5924399509999603,36.747712817000036],[-3.5965905289999682,36.748597577000055],[-3.597827999999936,36.74735823700007],[-3.600398936999966,36.74783091100005],[-3.6006377459999612,36.74922559100003],[-3.6062252919999764,36.74709648900006],[-3.6067153619999317,36.75029109600007],[-3.608343763999926,36.75059560200003],[-3.6087367519999702,36.75546917400004],[-3.6118954989999565,36.75653061600008],[-3.6111042869999324,36.758151836000025],[-3.6127003549999586,36.75845920300003],[-3.611636273999977,36.75634453200007]],[[-3.5916223839999475,36.74922955200003],[-3.593698318999941,36.74852468300003],[-3.589438237999957,36.74947526100004],[-3.5916223839999475,36.74922955200003]]],[[[-3.602396247999934,36.74586973100003],[-3.603721706999977,36.746322476000046],[-3.602608904999954,36.746968707000065],[-3.602396247999934,36.74586973100003]]],[[[-3.593101947999969,36.746293252000044],[-3.5886278909999305,36.739542895000056],[-3.5937918119999495,36.74506914500006],[-3.5990522459999283,36.745863419000045],[-3.593101947999969,36.746293252000044]]]]}},{"type":"Feature","properties":{"ClaseSuelo":"SUELO URBANIZABLE DELIMITADO O SECTORIZADO","NuclRural":"0","AreaLamber":190.14843325,"Shape_STAr":0.000191971872315},"geometry":{"type":"MultiPolygon","coordinates":[[[[-3.5641690679999556,36.723988235000036],[-3.5668994509999266,36.71969212500005],[-3.57821880299997,36.723958921000076],[-3.5742315769999777,36.72936374300008],[-3.5619882179999536,36.72762460800004],[-3.5641690679999556,36.723988235000036]]],[[[-3.576267947999952,36.728974666000056],[-3.577048670999943,36.72791032500004],[-3.5795133929999565,36.72882784800004],[-3.5876203509999414,36.73780171900006],[-3.5859139739999364,36.73891781000003],[-3.5836599579999415,36.73743518500004],[-3.5786235159999364,36.73111595600005],[-3.575606010999934,36.72986646900006],[-3.576267947999952,36.728974666000056]]],[[[-3.5948335539999334,36.74548071400005],[-3.5886278909999305,36.739542895000056],[-3.5922926069999335,36.73688442200006],[-3.5980794279999486,36.74252302900004],[-3.5963430789999506,36.74548047400003],[-3.5948335539999334,36.74548071400005]]],[[[-3.6049800159999563,36.745593480000025],[-3.6040417919999754,36.745199366000065],[-3.6097397129999536,36.74497049900003],[-3.6049800159999563,36.745593480000025]]],[[[-3.57978998599998,36.74624468500008],[-3.5828765949999593,36.746518123000044],[-3.5827088859999776,36.74830000900005],[-3.578193351999971,36.748571552000044],[-3.5798361419999765,36.747952817000055],[-3.57978998599998,36.74624468500008]]],[[[-3.6159447489999366,36.748859365000044],[-3.611273199999971,36.74774216800006],[-3.610451917999967,36.74620740000006],[-3.6138301449999517,36.74598041400003],[-3.6159447489999366,36.748859365000044]]],[[[-3.5916223839999475,36.74922955200003],[-3.589438237999957,36.74947526100004],[-3.593698318999941,36.74852468300003],[-3.5916223839999475,36.74922955200003]]]]}},{"type":"Feature","properties":{"ClaseSuelo":"SUELO URBANO","NuclRural":"0","AreaLamber":291.41794833,"Shape_STAr":0.000294258519706},"geometry":{"type":"MultiPolygon","coordinates":[[[[-3.611636273999977,36.75634453200007],[-3.608388548999926,36.754315450000036],[-3.608343763999926,36.75059560200003],[-3.6067153619999317,36.75029109600007],[-3.6062252919999764,36.74709648900006],[-3.600458617999948,36.74923391600004],[-3.599696751999943,36.74750204800006],[-3.5932334659999583,36.747490113000026],[-3.588505619999978,36.74985718200003],[-3.579900023999926,36.74621435800003],[-3.578193351999971,36.748571552000044],[-3.5785579439999537,36.745227552000074],[-3.5876203509999414,36.73780171900006],[-3.5781964219999622,36.728344123000056],[-3.580203830999949,36.72489264700005],[-3.5922685249999518,36.736911106000036],[-3.5885725869999305,36.73965940000005],[-3.593101947999969,36.746293252000044],[-3.5905141839999715,36.74616039000006],[-3.5924332559999357,36.747467751000045],[-3.60115421699993,36.74591311300003],[-3.596397101999969,36.74556608700004],[-3.598437125999965,36.74266069500004],[-3.5992755819999616,36.74333915500006],[-3.596465511999952,36.74550764700007],[-3.601359463999927,36.745851569000024],[-3.602548646999935,36.744558562000066],[-3.608279975999949,36.745932082000024],[-3.613665500999957,36.74373886300003],[-3.6133955429999673,36.74542536200005],[-3.614216411999962,36.74329319700007],[-3.619400417999941,36.74360990400004],[-3.6203811119999614,36.74187420900006],[-3.620628677999946,36.74427611900006],[-3.6230497609999475,36.74225516400003],[-3.6220214969999347,36.74598505700004],[-3.6194287399999325,36.744637554000064],[-3.6195294679999392,36.752587756000025],[-3.6170023429999674,36.74581063100004],[-3.615320965999956,36.74599948000008],[-3.6153227299999458,36.74740263100006],[-3.6126236809999455,36.74570210700006],[-3.606849767999961,36.746049791000075],[-3.6079530059999456,36.74849788300003],[-3.61209436799993,36.747263340000075],[-3.6177726859999666,36.75006223300005],[-3.6137448529999574,36.75380906700008],[-3.613236231999963,36.75639210800006],[-3.611636273999977,36.75634453200007]],[[-3.602396247999934,36.74586973100003],[-3.602608904999954,36.746968707000065],[-3.603721706999977,36.746322476000046],[-3.602396247999934,36.74586973100003]],[[-3.5890607369999543,36.748294661000045],[-3.5909856199999695,36.74837874700006],[-3.5902260069999556,36.74735818000005],[-3.5890607369999543,36.748294661000045]]],[[[-3.563781388999928,36.774084094000045],[-3.5610325019999323,36.773351056000024],[-3.5650468629999637,36.771360307000066],[-3.564270406999981,36.769621776000065],[-3.567438721999963,36.77048679600006],[-3.5693307639999716,36.76754956000008],[-3.569074829999977,36.770013052000024],[-3.5710549809999748,36.77124108000004],[-3.5689541369999347,36.77038098400004],[-3.5658525709999367,36.77222422800003],[-3.5668196439999633,36.77320590000005],[-3.565481982999927,36.77447673000006],[-3.563781388999928,36.774084094000045]],[[-3.5651062479999496,36.77403214200007],[-3.5646763649999684,36.77326547400003],[-3.5638643529999285,36.77350181400004],[-3.5651062479999496,36.77403214200007]]],[[[-3.5666965469999354,36.76534303600005],[-3.56485325999995,36.764729327000055],[-3.5659257089999414,36.762937710000074],[-3.5666965469999354,36.76534303600005]]],[[[-3.564064731999963,36.760923569000056],[-3.5644137919999253,36.75955300500004],[-3.566291294999928,36.76002008100005],[-3.564064731999963,36.760923569000056]]],[[[-3.637181982999948,36.74396010100003],[-3.636770712999976,36.74555592000007],[-3.6327186139999412,36.746619003000035],[-3.632940413999961,36.74389809400003],[-3.637181982999948,36.74396010100003]]]]}},{"type":"Feature","properties":{"ClaseSuelo":"SUELO URBANO NO CONSOLIDADO","NuclRural":"0","AreaLamber":56.46804796,"Shape_STAr":0.0000570199001319},"geometry":{"type":"MultiPolygon","coordinates":[[[[-3.6162634139999454,36.748596905000056],[-3.6149228769999695,36.74689248400006],[-3.616584854999928,36.74570915900006],[-3.618835990999969,36.751822858000025],[-3.6162634139999454,36.748596905000056]]],[[[-3.57914190799994,36.72502893400008],[-3.580203830999949,36.72489264700005],[-3.5781964219999622,36.728344123000056],[-3.577048670999943,36.72791032500004],[-3.57914190799994,36.72502893400008]]],[[[-3.616977537999958,36.743813603000035],[-3.619371649999948,36.74244773800007],[-3.619400417999941,36.74360990400004],[-3.616977537999958,36.743813603000035]]],[[[-3.597100283999964,36.74330677200004],[-3.5974834229999715,36.744379464000076],[-3.5965946939999753,36.74377424900007],[-3.597100283999964,36.74330677200004]]],[[[-3.579463983999972,36.74419530800003],[-3.580972976999931,36.74277046200007],[-3.5813060019999625,36.74398856900007],[-3.579463983999972,36.74419530800003]]],[[[-3.601359463999927,36.745851569000024],[-3.5964442669999244,36.745454894000034],[-3.5992755819999616,36.74333915500006],[-3.602353968999978,36.744941976000064],[-3.601359463999927,36.745851569000024]]],[[[-3.592305322999948,36.747401412000045],[-3.5905141839999715,36.74616039000006],[-3.60115421699993,36.74591311300003],[-3.592305322999948,36.747401412000045]]],[[[-3.607743862999939,36.748297947000026],[-3.606849767999961,36.746049791000075],[-3.6113675249999346,36.74793585700007],[-3.607743862999939,36.748297947000026]]],[[[-3.5928608959999337,36.74764780600003],[-3.5973442209999575,36.747477178000054],[-3.5965905289999682,36.748597577000055],[-3.5928608959999337,36.74764780600003]]],[[[-3.5890607369999543,36.748294661000045],[-3.5902260069999556,36.74735818000005],[-3.5909856199999695,36.74837874700006],[-3.5890607369999543,36.748294661000045]]],[[[-3.6187327699999514,36.74781279700005],[-3.6201121749999743,36.74754640800006],[-3.619613906999973,36.752204740000025],[-3.6187327699999514,36.74781279700005]]],[[[-3.6087001959999725,36.755394257000034],[-3.6120277189999683,36.75646654500008],[-3.6128463439999337,36.75829584000007],[-3.6087001959999725,36.755394257000034]]],[[[-3.5638426119999735,36.77151387400005],[-3.565178868999965,36.77096754100006],[-3.5647379399999295,36.771522204000064],[-3.5638426119999735,36.77151387400005]]],[[[-3.5639077619999284,36.772044820000076],[-3.56339610699996,36.771569777000025],[-3.564055961999941,36.77174331200007],[-3.5639077619999284,36.772044820000076]]],[[[-3.5660035409999296,36.77230032600005],[-3.5669535159999555,36.77207457700007],[-3.5665627739999763,36.77303975700005],[-3.5660035409999296,36.77230032600005]]],[[[-3.5619483529999343,36.77331771000007],[-3.5627155659999517,36.77253393500007],[-3.5635939249999637,36.77263296600006],[-3.5619483529999343,36.77331771000007]]],[[[-3.564121916999966,36.77405598000007],[-3.5646763649999684,36.77326547400003],[-3.565429060999975,36.773812528000065],[-3.564121916999966,36.77405598000007]]],[[[-3.5618889959999365,36.77389793200007],[-3.5636700949999636,36.77323216700006],[-3.5640198069999656,36.77407481800003],[-3.5618889959999365,36.77389793200007]]]]}},{"type":"Feature","properties":{"ClaseSuelo":"SUELO NO URBANIZABLE","NuclRural":"0","AreaLamber":3217.52062165,"Shape_STAr":0.00326502396312},"geometry":{"type":"Polygon","coordinates":[[[-3.6753689959999747,37.15349134000007],[-3.6799965569999245,37.15057195900005],[-3.6790592429999265,37.150046607000036],[-3.6802332059999685,37.14899350500008],[-3.6771967849999783,37.14648901500004],[-3.671029826999927,37.14974097000004],[-3.668666979999955,37.14805173900004],[-3.661134363999963,37.14833142700007],[-3.66075780999995,37.14571219900006],[-3.6626621479999244,37.14340481000005],[-3.657867393999936,37.145789173000026],[-3.658143908999932,37.14850537700005],[-3.657650111999942,37.14592470700006],[-3.6557985589999475,37.14780098600005],[-3.6588917399999445,37.14186979100003],[-3.6587690579999617,37.137920988000076],[-3.6458336669999767,37.14024154300006],[-3.6372662759999344,37.12876625700005],[-3.639096952999978,37.124231354000074],[-3.6426608329999794,37.12368028800006],[-3.6455706419999387,37.12034732500007],[-3.6504025259999366,37.121988560000034],[-3.6595234389999405,37.11972078900004],[-3.6599009639999736,37.122695204000024],[-3.6630547659999593,37.123648772000024],[-3.6618404169999508,37.127000321000025],[-3.6664276239999367,37.12908219700006],[-3.665549118999934,37.129849225000044],[-3.6667424169999663,37.13058581200005],[-3.663352194999959,37.133494821000056],[-3.6605405399999427,37.13246613900003],[-3.6582063799999673,37.13490219100004],[-3.660155540999938,37.13751806400006],[-3.6597939059999476,37.140462128000024],[-3.662016689999973,37.139879148000034],[-3.6644829669999694,37.14238668400003],[-3.6729665189999423,37.13785413800008],[-3.677766118999955,37.13326454400004],[-3.680576826999925,37.132933294000054],[-3.6793648149999285,37.12572227000004],[-3.6715826109999625,37.12452386600006],[-3.6723493859999508,37.11907957300008],[-3.667621047999944,37.11595754900003],[-3.663251963999926,37.11522477600005],[-3.669512761999954,37.10875786100007],[-3.67988358599996,37.106805989000065],[-3.6818245069999307,37.109886678000066],[-3.6884249349999436,37.10919056300003],[-3.700448782999956,37.11323964600007],[-3.704263267999977,37.110684126000024],[-3.710255242999949,37.111135183000044],[-3.7134571119999578,37.11530751300006],[-3.705882603999953,37.11948948100007],[-3.7028572039999403,37.117938163000076],[-3.7038600229999474,37.121017868000024],[-3.707968064999932,37.119106782000074],[-3.710537623999926,37.121111160000055],[-3.7137423979999653,37.115300269000045],[-3.720738366999967,37.11398352900005],[-3.7271361469999533,37.117991810000035],[-3.7346658079999315,37.116746575000036],[-3.742666468999971,37.11880606100004],[-3.7456690499999468,37.116218235000076],[-3.7497121769999353,37.11644515100005],[-3.752557860999957,37.11850937600008],[-3.7544619969999644,37.11642406100003],[-3.7570220199999653,37.11804830700004],[-3.750651580999943,37.12494844300005],[-3.752149911999936,37.12733668000004],[-3.7459063679999645,37.138111769000034],[-3.7452768029999675,37.14394777600006],[-3.739910201999976,37.14902919900004],[-3.7114525759999424,37.153683202000025],[-3.7041745369999717,37.15942346000003],[-3.6996234229999345,37.155637467000076],[-3.7009854889999474,37.15517848300004],[-3.6987426679999658,37.15317003400003],[-3.7001940269999523,37.15250178100007],[-3.6994469339999796,37.14803497200006],[-3.6929322109999703,37.14772668000006],[-3.693613601999971,37.14628328900005],[-3.698410080999963,37.14508165800004],[-3.690917236999951,37.14158667700008],[-3.685358368999971,37.143528325000034],[-3.684141884999974,37.14124842800004],[-3.6804609179999375,37.14283042400007],[-3.6813860419999287,37.14468278500004],[-3.6797275009999453,37.14331481500005],[-3.678158749999966,37.14415097600005],[-3.688811907999934,37.157251092000024],[-3.6985917119999385,37.15530542400006],[-3.6866868099999692,37.15973328500007],[-3.6753689959999747,37.15349134000007]],[[-3.675036815999931,37.140160793000064],[-3.6759533229999306,37.143129101000056],[-3.6763531149999267,37.140332734000026],[-3.675036815999931,37.140160793000064]],[[-3.6595746949999466,37.13769982700006],[-3.659105681999961,37.14165505100004],[-3.6598661449999668,37.13897263800004],[-3.6595746949999466,37.13769982700006]],[[-3.6525537609999787,37.124955673000045],[-3.657388803999936,37.12598231700008],[-3.654901888999973,37.12223095100006],[-3.6511103749999734,37.12532776900008],[-3.6525537609999787,37.124955673000045]]]}},{"type":"Feature","properties":{"ClaseSuelo":"SUELO URBANIZABLE DELIMITADO O SECTORIZADO","NuclRural":"0","AreaLamber":272.81852939,"Shape_STAr":0.000276887302104},"geometry":{"type":"MultiPolygon","coordinates":[[[[-3.68755301799996,37.15581356100006],[-3.6813281839999377,37.147385059000044],[-3.6836926739999285,37.14707016800003],[-3.6862880409999548,37.14450272300007],[-3.685358368999971,37.143528325000034],[-3.690749852999943,37.14157374700005],[-3.698410080999963,37.14508165800004],[-3.693613601999971,37.14628328900005],[-3.6929322109999703,37.14772668000006],[-3.6994469339999796,37.14803497200006],[-3.7001940269999523,37.15250178100007],[-3.6987426679999658,37.15317003400003],[-3.7009854889999474,37.15517848300004],[-3.694879842999967,37.15519610100006],[-3.688811907999934,37.157251092000024],[-3.68755301799996,37.15581356100006]]],[[[-3.708245745999932,37.119369610000035],[-3.7038600229999474,37.121017868000024],[-3.7028572039999403,37.117938163000076],[-3.705882603999953,37.11948948100007],[-3.7120169809999766,37.11501832400006],[-3.714450094999961,37.11595016800004],[-3.710537623999926,37.121111160000055],[-3.708245745999932,37.119369610000035]]],[[[-3.6708217439999657,37.12958351000003],[-3.6672706499999776,37.12724428800004],[-3.6717706539999426,37.127739157000065],[-3.666728654999929,37.12624077700008],[-3.671851955999955,37.12735123900006],[-3.6715826109999625,37.12452386600006],[-3.6729805529999453,37.124393430000055],[-3.6793648149999285,37.12572227000004],[-3.6798120919999633,37.12730984900003],[-3.6708217439999657,37.12958351000003]]],[[[-3.6535673259999726,37.140311489000055],[-3.6533945729999573,37.13883797600005],[-3.6557016059999796,37.13838271800006],[-3.6535673259999726,37.140311489000055]]],[[[-3.6595746949999466,37.13769982700006],[-3.6598661449999668,37.13897263800004],[-3.659105681999961,37.14165505100004],[-3.6595746949999466,37.13769982700006]]],[[[-3.658246963999943,37.14205110900008],[-3.656340600999954,37.14095812200003],[-3.6576475139999616,37.14022802100004],[-3.6572580999999786,37.13811497100005],[-3.6587065039999516,37.13791260100004],[-3.658246963999943,37.14205110900008]]],[[[-3.6552414749999684,37.14687291900003],[-3.654022864999945,37.14562885700008],[-3.65822955699997,37.14314562200008],[-3.6573663429999783,37.146197409000024],[-3.6557985589999475,37.14780098600005],[-3.6552414749999684,37.14687291900003]]],[[[-3.658116254999925,37.148410881000075],[-3.657867393999936,37.145789173000026],[-3.6626621479999244,37.14340481000005],[-3.660806159999936,37.145558004000065],[-3.6610647689999496,37.148305511000046],[-3.658116254999925,37.148410881000075]]],[[[-3.6562788749999413,37.14790707000003],[-3.657650111999942,37.14592470700006],[-3.6579151639999736,37.148509724000064],[-3.6562788749999413,37.14790707000003]]]]}},{"type":"Feature","properties":{"ClaseSuelo":"SUELO URBANO","NuclRural":"0","AreaLamber":406.26346584,"Shape_STAr":0.000412273257108},"geometry":{"type":"MultiPolygon","coordinates":[[[[-3.6655993549999266,37.14143772800003],[-3.6650715629999695,37.139561885000035],[-3.6632409109999458,37.141136835000054],[-3.6597939059999476,37.140462128000024],[-3.660155540999938,37.13751806400006],[-3.6582063799999673,37.13490219100004],[-3.6605405399999427,37.13246613900003],[-3.6625794209999754,37.13336898400007],[-3.6624720469999374,37.135351986000046],[-3.6667424169999663,37.13058581200005],[-3.665549118999934,37.129849225000044],[-3.6664276239999367,37.12908219700006],[-3.6618404169999508,37.127000321000025],[-3.6630547659999593,37.123648772000024],[-3.6599009639999736,37.122695204000024],[-3.6593213239999614,37.120519890000025],[-3.6605460499999367,37.11692975600005],[-3.6643167029999404,37.114991743000076],[-3.6723493859999508,37.11907957300008],[-3.671851955999955,37.12735123900006],[-3.666728654999929,37.12624077700008],[-3.6714888009999527,37.12830990300006],[-3.668491139999958,37.12702651200004],[-3.6673896829999535,37.128207289000045],[-3.6708217439999657,37.12958351000003],[-3.6750304779999396,37.127800027000035],[-3.6804597299999386,37.128017560000046],[-3.6791224289999604,37.13004818700006],[-3.680576826999925,37.132933294000054],[-3.677766118999955,37.13326454400004],[-3.6729665189999423,37.13785413800008],[-3.6655993549999266,37.14143772800003]]],[[[-3.667434380999964,37.14858998200003],[-3.671029826999927,37.14974097000004],[-3.676680203999979,37.146404258000075],[-3.6802332059999685,37.14899350500008],[-3.6753689959999747,37.15349134000007],[-3.673871776999931,37.15103611500007],[-3.66998403599996,37.15201360900005],[-3.667434380999964,37.14858998200003]]],[[[-3.6458336669999767,37.14024154300006],[-3.6533945729999573,37.13883797600005],[-3.6538218999999685,37.140530589000036],[-3.6572580999999786,37.13811497100005],[-3.6576475139999616,37.14022802100004],[-3.656340600999954,37.14095812200003],[-3.658691441999963,37.14240337500007],[-3.6568550909999544,37.144972755000026],[-3.654022864999945,37.14562885700008],[-3.656187326999941,37.148032156000056],[-3.6485188709999647,37.14001796500003],[-3.6458336669999767,37.14024154300006]]],[[[-3.685358368999971,37.143528325000034],[-3.6862880409999548,37.14450272300007],[-3.6833093409999265,37.147303186000045],[-3.6813281839999377,37.147385059000044],[-3.678158749999966,37.14415097600005],[-3.6797275009999453,37.14331481500005],[-3.6813860419999287,37.14468278500004],[-3.6804609179999375,37.14283042400007],[-3.684141884999974,37.14124842800004],[-3.685358368999971,37.143528325000034]]],[[[-3.675036815999931,37.140160793000064],[-3.6763531149999267,37.140332734000026],[-3.6759533229999306,37.143129101000056],[-3.675036815999931,37.140160793000064]]],[[[-3.6525537609999787,37.124955673000045],[-3.6511103749999734,37.12532776900008],[-3.654901888999973,37.12223095100006],[-3.657388803999936,37.12598231700008],[-3.6525537609999787,37.124955673000045]]]]}},{"type":"Feature","properties":{"ClaseSuelo":"SUELO URBANO NO CONSOLIDADO","NuclRural":"0","AreaLamber":6.86078392,"Shape_STAr":0.00000696276025041},"geometry":{"type":"MultiPolygon","coordinates":[[[[-3.6642939659999456,37.13966115100004],[-3.666138407999938,37.14019627400006],[-3.6644829669999694,37.14238668400003],[-3.6642939659999456,37.13966115100004]]],[[[-3.662480933999973,37.13358020600003],[-3.6641560679999543,37.13379317300007],[-3.6624720469999374,37.135351986000046],[-3.662480933999973,37.13358020600003]]]]}},{"type":"Feature","properties":{"ClaseSuelo":"SUELO NO URBANIZABLE","NuclRural":"0","AreaLamber":1137.51946178,"Shape_STAr":0.00115487874212},"geometry":{"type":"Polygon","coordinates":[[[-3.6578132109999615,37.172263763000046],[-3.6592650189999745,37.17551753400005],[-3.6671230219999416,37.17820279600005],[-3.67143009199998,37.17483097400003],[-3.6712734739999746,37.17119681500003],[-3.6623328459999698,37.167854814000066],[-3.6596273569999767,37.16982021600006],[-3.6598222749999536,37.171560201000034],[-3.6572247079999443,37.17150113500003],[-3.6566197049999687,37.16797098600006],[-3.65404114699993,37.16675931700007],[-3.654969742999981,37.16472604200004],[-3.659010144999968,37.164370156000075],[-3.6589973899999677,37.16290094500005],[-3.6611807269999304,37.16495826100004],[-3.660891139999933,37.16749409000005],[-3.6627451379999343,37.16778996600004],[-3.663128646999951,37.16623457400004],[-3.669407423999928,37.16677082700005],[-3.6692740989999493,37.16362350700007],[-3.664963636999971,37.16227454600005],[-3.6674176979999515,37.161123203000045],[-3.6726418769999327,37.162202431000026],[-3.6723960939999643,37.164971120000075],[-3.690168822999965,37.167081360000054],[-3.683364587999961,37.16980685000004],[-3.6797113659999354,37.17319344100008],[-3.6847217379999506,37.17259145200006],[-3.677873070999965,37.17370812900003],[-3.6777579179999407,37.17512121100003],[-3.6826579159999255,37.17419852000006],[-3.685319106999941,37.175927959000035],[-3.686015371999929,37.17443992200003],[-3.6847783319999508,37.17419415000006],[-3.6982815149999624,37.17681889800008],[-3.6945055429999343,37.17350315900006],[-3.697050416999957,37.16640121800003],[-3.6986735539999245,37.16755131600007],[-3.7018103979999637,37.16321851200007],[-3.706527431999973,37.16295196600004],[-3.7041745369999717,37.15942346000003],[-3.7114525759999424,37.153683202000025],[-3.7358699849999653,37.14927967500006],[-3.7396293999999557,37.14910306200005],[-3.7409280949999584,37.150636348000035],[-3.7400319879999415,37.15228248600005],[-3.73690832799997,37.151842215000045],[-3.7349020769999584,37.15631657600005],[-3.7254436809999447,37.16355892200005],[-3.7195107999999664,37.17097750200003],[-3.711136781999926,37.174074724000036],[-3.7073758909999697,37.17302454700007],[-3.7016482049999695,37.18584940100004],[-3.7023692079999364,37.18706201900005],[-3.700161719999926,37.188364069000045],[-3.688653593999959,37.186592595000036],[-3.6811416879999683,37.18188559600003],[-3.6713328809999553,37.18357303500005],[-3.655938608999975,37.17779102000003],[-3.6522555699999657,37.173935295000035],[-3.648368110999968,37.172478298000044],[-3.6578132109999615,37.172263763000046]],[[-3.6716280409999626,37.17828147800003],[-3.6729490359999772,37.180034834000026],[-3.673196505999954,37.17525203800005],[-3.6747998399999346,37.176397466000026],[-3.674883528999942,37.173349020000046],[-3.6715893539999342,37.173075796000035],[-3.6716280409999626,37.17828147800003]],[[-3.6741933909999602,37.172919603000025],[-3.6760817609999776,37.17341888400006],[-3.6762727839999343,37.17246258000006],[-3.6741933909999602,37.172919603000025]],[[-3.6645767039999555,37.166902899000036],[-3.6643932929999323,37.16778958700007],[-3.6648569139999267,37.16794984000006],[-3.6645767039999555,37.166902899000036]]]}},{"type":"Feature","properties":{"ClaseSuelo":"SUELO URBANIZABLE DELIMITADO O SECTORIZADO","NuclRural":"0","AreaLamber":103.977399,"Shape_STAr":0.000105566936968},"geometry":{"type":"MultiPolygon","coordinates":[[[[-3.685019959999977,37.173653682000065],[-3.684654802999944,37.17098961600004],[-3.684000426999944,37.172591612000076],[-3.6796939559999373,37.17227235300004],[-3.6913548179999793,37.16609471900006],[-3.693775311999957,37.167032068000026],[-3.6964206299999773,37.16292204000007],[-3.697640913999976,37.16398384800004],[-3.698526888999936,37.162293705000025],[-3.702009741999973,37.162959267000076],[-3.6986735539999245,37.16755131600007],[-3.6961577439999473,37.16575179400007],[-3.6937210809999783,37.168503212000076],[-3.691372000999934,37.16798979500004],[-3.691422386999932,37.169743621000066],[-3.687821428999939,37.17066937900006],[-3.6868882629999575,37.17366035100008],[-3.685019959999977,37.173653682000065]]],[[[-3.6656056229999763,37.17177202000005],[-3.664916062999964,37.169759234000026],[-3.668438468999966,37.17065222400004],[-3.6656056229999763,37.17177202000005]]],[[[-3.6592650189999745,37.17551753400005],[-3.65883066899994,37.17333231600003],[-3.6630286049999654,37.17375614000008],[-3.6624507229999494,37.176113970000074],[-3.6592650189999745,37.17551753400005]]],[[[-3.6977233899999646,37.17671414300003],[-3.694767899999931,37.17620322500005],[-3.695186769999964,37.174042471000064],[-3.6977233899999646,37.17671414300003]]],[[[-3.6647733619999485,37.17565143600007],[-3.6661015649999626,37.17564909500004],[-3.666678807999972,37.17746796000006],[-3.6647733619999485,37.17565143600007]]],[[[-3.6673194399999716,37.17561742500004],[-3.665739895999934,37.17279716000007],[-3.6673916019999524,37.17209672800004],[-3.669148858999961,37.175504069000056],[-3.6682006019999562,37.17827443700003],[-3.6673194399999716,37.17561742500004]]],[[[-3.6716211629999407,37.17794695500004],[-3.6715893539999342,37.173075796000035],[-3.674883528999942,37.173349020000046],[-3.6747998399999346,37.176397466000026],[-3.673196505999954,37.17525203800005],[-3.6729490359999772,37.180034834000026],[-3.6716628549999655,37.17991458000006],[-3.6716211629999407,37.17794695500004]]]]}},{"type":"Feature","properties":{"ClaseSuelo":"SUELO URBANO","NuclRural":"0","AreaLamber":108.98806158,"Shape_STAr":0.000110653663596},"geometry":{"type":"MultiPolygon","coordinates":[[[[-3.666482326999926,37.177369498000076],[-3.6661015649999626,37.17564909500004],[-3.663677937999978,37.176337439000065],[-3.663755437999953,37.17302788000006],[-3.661228765999965,37.17309594300008],[-3.6615961559999732,37.17046585200006],[-3.660508710999977,37.17248677300006],[-3.657862189999946,37.17227280800006],[-3.6596900559999312,37.17232625200006],[-3.6596273569999767,37.16982021600006],[-3.66132427499997,37.16895507000004],[-3.6640144309999414,37.16987350800008],[-3.662639383999931,37.16790135200006],[-3.664440074999959,37.168286487000046],[-3.6656056229999763,37.17177202000005],[-3.669178732999967,37.170784842000046],[-3.6713729479999415,37.17297956600004],[-3.6711598999999637,37.17488404100004],[-3.6673670259999653,37.17363567600006],[-3.6673916019999524,37.17209672800004],[-3.6657579139999257,37.17261496800006],[-3.6660816569999497,37.175017566000065],[-3.667274890999977,37.17494940800003],[-3.6675348799999483,37.17762697400008],[-3.666482326999926,37.177369498000076]],[[-3.6631484299999784,37.17196193400008],[-3.6639200089999804,37.170978553000054],[-3.6625110159999394,37.17067393000008],[-3.6622462899999277,37.17283882800007],[-3.6631484299999784,37.17196193400008]],[[-3.6629884379999567,37.17072091500006],[-3.6635230449999767,37.16982885300007],[-3.6615329319999432,37.16945356800005],[-3.6629884379999567,37.17072091500006]]],[[[-3.6884295239999574,37.17498451500006],[-3.6878241299999672,37.17380067500005],[-3.6856430689999797,37.17432550800004],[-3.6866675149999537,37.17230426400005],[-3.6905973589999803,37.171331543000065],[-3.691689834999977,37.169224728000074],[-3.6929704649999735,37.17011625600003],[-3.6939850259999503,37.16852587300008],[-3.6971497079999267,37.16855386700007],[-3.6930412359999423,37.171319553000046],[-3.695186769999964,37.174042471000064],[-3.694767899999931,37.17620322500005],[-3.6884295239999574,37.17498451500006]]],[[[-3.671561512999972,37.17527430700005],[-3.6715455379999753,37.17472645000004],[-3.6720232129999317,37.174768338000035],[-3.671561512999972,37.17527430700005]]],[[[-3.6847783319999508,37.17419415000006],[-3.6825643689999765,37.17268818300005],[-3.6852886369999283,37.17250225300006],[-3.6847783319999508,37.17419415000006]]],[[[-3.6741933909999602,37.172919603000025],[-3.6762727839999343,37.17246258000006],[-3.6760817609999776,37.17341888400006],[-3.6741933909999602,37.172919603000025]]],[[[-3.684000426999944,37.172591612000076],[-3.684654802999944,37.17098961600004],[-3.6847145659999683,37.172507573000075],[-3.684000426999944,37.172591612000076]]],[[[-3.694889196999952,37.16779070000007],[-3.6960666629999537,37.167049674000054],[-3.695648258999938,37.16798730800008],[-3.694889196999952,37.16779070000007]]],[[[-3.6913548179999793,37.16609471900006],[-3.691886237999938,37.163020225000025],[-3.694768306999947,37.16382334100007],[-3.693775311999957,37.167032068000026],[-3.6913548179999793,37.16609471900006]]],[[[-3.6626534799999604,37.16680987900003],[-3.6599901059999524,37.16296936100008],[-3.665269508999927,37.16224507600003],[-3.668598918999976,37.16408610000008],[-3.6688107099999456,37.16517464400005],[-3.6671091519999663,37.16436539100005],[-3.6626534799999604,37.16680987900003]],[[-3.6620032029999265,37.163101088000076],[-3.6622343189999356,37.163823216000026],[-3.662574468999935,37.163095731000055],[-3.6620032029999265,37.163101088000076]]],[[[-3.6688122419999445,37.16520521600006],[-3.668567634999931,37.16554961700007],[-3.668478569999934,37.16527321500007],[-3.6688122419999445,37.16520521600006]]]]}},{"type":"Feature","properties":{"ClaseSuelo":"SUELO URBANO NO CONSOLIDADO","NuclRural":"0","AreaLamber":69.74741444,"Shape_STAr":0.0000708126626956},"geometry":{"type":"MultiPolygon","coordinates":[[[[-3.6813729129999615,37.174140511000076],[-3.6777579179999407,37.17512121100003],[-3.677873070999965,37.17370812900003],[-3.681840561999934,37.17271580800008],[-3.686015371999929,37.17443992200003],[-3.685319106999941,37.175927959000035],[-3.684652332999974,37.174505761000034],[-3.6813729129999615,37.174140511000076]]],[[[-3.6620032029999265,37.163101088000076],[-3.662574468999935,37.163095731000055],[-3.6622343189999356,37.163823216000026],[-3.6620032029999265,37.163101088000076]]],[[[-3.6602160909999384,37.164192193000076],[-3.6603515989999664,37.16342864000006],[-3.6606537389999403,37.16417457700004],[-3.6602160909999384,37.164192193000076]]],[[[-3.6942892659999416,37.16334427400005],[-3.6931445469999744,37.16238676300003],[-3.698526888999936,37.162293705000025],[-3.697640913999976,37.16398384800004],[-3.6964206299999773,37.16292204000007],[-3.694708078999952,37.16464995500007],[-3.6942892659999416,37.16334427400005]]],[[[-3.668598918999976,37.16408610000008],[-3.6666492899999525,37.16395648900004],[-3.6692740989999493,37.16362350700007],[-3.6688219869999443,37.16499449500003],[-3.668598918999976,37.16408610000008]]],[[[-3.665278680999961,37.16697001700004],[-3.6645371609999415,37.16536220800003],[-3.6680843379999715,37.164266275000045],[-3.6691802769999526,37.16545179000008],[-3.669407423999928,37.16677082700005],[-3.665278680999961,37.16697001700004]]],[[[-3.660891139999933,37.16749409000005],[-3.6613604289999557,37.165205867000054],[-3.662783888999968,37.16775672000006],[-3.660891139999933,37.16749409000005]]],[[[-3.6645767039999555,37.166902899000036],[-3.6648569139999267,37.16794984000006],[-3.6643932929999323,37.16778958700007],[-3.6645767039999555,37.166902899000036]]],[[[-3.6600714929999754,37.16949630900007],[-3.6612875929999404,37.168811514000026],[-3.6614728289999334,37.169634417000054],[-3.6600714929999754,37.16949630900007]]],[[[-3.6620694079999794,37.169369510000024],[-3.6625743209999655,37.167853464000075],[-3.6640144309999414,37.16987350800008],[-3.6620694079999794,37.169369510000024]]],[[[-3.691422386999932,37.169743621000066],[-3.691372000999934,37.16798979500004],[-3.695648258999938,37.16798730800008],[-3.6961501029999795,37.16575594900007],[-3.697050416999957,37.16640121800003],[-3.6955781709999656,37.16903680200005],[-3.691422386999932,37.169743621000066]]],[[[-3.662265161999926,37.170559910000065],[-3.6615329319999432,37.16945356800005],[-3.6635230449999767,37.16982885300007],[-3.662265161999926,37.170559910000065]]],[[[-3.6880634549999627,37.171854309000025],[-3.687821428999939,37.17066937900006],[-3.690380093999977,37.17020681100007],[-3.6905973589999803,37.171331543000065],[-3.6880634549999627,37.171854309000025]]],[[[-3.6575798579999628,37.17154772600003],[-3.6598222749999536,37.171560201000034],[-3.6596900559999312,37.17232625200006],[-3.6575798579999628,37.17154772600003]]],[[[-3.662265313999967,37.172725738000054],[-3.6625110159999394,37.17067393000008],[-3.6639200089999804,37.170978553000054],[-3.662265313999967,37.172725738000054]]],[[[-3.670091007999929,37.171381765000035],[-3.6712734739999746,37.17119681500003],[-3.6713596189999294,37.172947349000026],[-3.670091007999929,37.171381765000035]]],[[[-3.659462797999936,37.17336350700003],[-3.657547683999951,37.172229910000055],[-3.660508710999977,37.17248677300006],[-3.6615961559999732,37.17046585200006],[-3.661261930999956,37.173275853000064],[-3.659462797999936,37.17336350700003]]],[[[-3.694399905999944,37.171100127000045],[-3.693747744999939,37.16981725800008],[-3.6953417369999784,37.16944539200006],[-3.694532914999968,37.173423299000035],[-3.6930412359999423,37.171319553000046],[-3.694399905999944,37.171100127000045]]],[[[-3.6877433529999735,37.174062873000025],[-3.6886198179999496,37.174125987000025],[-3.6884295239999574,37.17498451500006],[-3.6877433529999735,37.174062873000025]]],[[[-3.669148858999961,37.175504069000056],[-3.6673670259999653,37.17363567600006],[-3.670461411999952,37.17394885900006],[-3.6706343859999606,37.17556580000007],[-3.669148858999961,37.175504069000056]]],[[[-3.6630286049999654,37.17375614000008],[-3.6640933409999548,37.173529072000065],[-3.663677937999978,37.176337439000065],[-3.6624507229999494,37.176113970000074],[-3.6630286049999654,37.17375614000008]]]]}},{"type":"Feature","properties":{"ClaseSuelo":"SUELO NO URBANIZABLE","NuclRural":"0","AreaLamber":181.08660467,"Shape_STAr":0.000183960585482},"geometry":{"type":"MultiPolygon","coordinates":[[[[-3.630097113999966,37.22129740200006],[-3.6250179969999294,37.21772770000007],[-3.6242015569999353,37.21084741300007],[-3.624719241999969,37.21649361100003],[-3.631967581999959,37.213273456000024],[-3.6339010459999486,37.21681660200005],[-3.640347328999951,37.21553253800005],[-3.649338572999966,37.21059852800005],[-3.652019505999931,37.20596537700004],[-3.661459415999957,37.210201717000075],[-3.6583229959999244,37.213707569000064],[-3.6519334699999604,37.21380596000006],[-3.64604983199996,37.217723172000035],[-3.637237461999973,37.219258151000076],[-3.631076934999953,37.222554151000054],[-3.630097113999966,37.22129740200006]]],[[[-3.6401333739999586,37.20292249800008],[-3.635293760999957,37.200575693000076],[-3.640570264999951,37.20283476800006],[-3.6461238989999742,37.19864018800007],[-3.6482663869999783,37.198817794000036],[-3.6461656959999686,37.198696288000065],[-3.6401333739999586,37.20292249800008]]],[[[-3.626545293999925,37.20750680500004],[-3.626602254999966,37.207359559000054],[-3.6264902949999396,37.20770508800007],[-3.6257782129999327,37.20814191000005],[-3.626545293999925,37.20750680500004]]]]}},{"type":"Feature","properties":{"ClaseSuelo":"SUELO URBANIZABLE DELIMITADO O SECTORIZADO","NuclRural":"0","AreaLamber":102.28746308,"Shape_STAr":0.000103905339093},"geometry":{"type":"MultiPolygon","coordinates":[[[[-3.632331509999972,37.21421292700006],[-3.6356839679999666,37.21196431800007],[-3.63676886199994,37.21357570600003],[-3.638283539999975,37.21302005800004],[-3.6373966639999367,37.21135956100005],[-3.6457907069999465,37.20891902900007],[-3.6465830769999457,37.20822057100003],[-3.643725523999933,37.205454522000025],[-3.649521666999931,37.20207679600003],[-3.651100946999975,37.20348052500003],[-3.652019505999931,37.20596537700004],[-3.649338572999966,37.21059852800005],[-3.639755093999952,37.215682092000065],[-3.6339010459999486,37.21681660200005],[-3.632331509999972,37.21421292700006]]],[[[-3.6279063729999734,37.21338291100005],[-3.628990723999948,37.21451748900006],[-3.626181666999969,37.21551461400003],[-3.6279063729999734,37.21338291100005]]]]}},{"type":"Feature","properties":{"ClaseSuelo":"SUELO URBANO","NuclRural":"0","AreaLamber":165.98645524,"Shape_STAr":0.000168606940199},"geometry":{"type":"MultiPolygon","coordinates":[[[[-3.6404315499999598,37.20324798000007],[-3.63931226699998,37.20391735100003],[-3.6409980289999453,37.20621443700003],[-3.643183138999973,37.205098984000074],[-3.6465830769999457,37.20822057100003],[-3.6373966639999367,37.21135956100005],[-3.638283539999975,37.21302005800004],[-3.63676886199994,37.21357570600003],[-3.6351870829999484,37.211847800000044],[-3.628902928999935,37.21436764600003],[-3.6279809839999757,37.21263013200007],[-3.624719241999969,37.21649361100003],[-3.624087463999956,37.21011578800005],[-3.625663663999944,37.20855708000005],[-3.625760452999941,37.20977118300004],[-3.6287618879999286,37.20882601500006],[-3.626966736999975,37.20668430600006],[-3.634904659999961,37.20045849100006],[-3.6404315499999598,37.20324798000007]],[[-3.6361951569999746,37.20700615700008],[-3.6358868329999723,37.20711223300003],[-3.636387953999929,37.20722009200006],[-3.6361951569999746,37.20700615700008]],[[-3.635773803999939,37.20792086800003],[-3.636393355999928,37.20777460000005],[-3.636194497999952,37.20739123200008],[-3.635773803999939,37.20792086800003]],[[-3.6371404429999643,37.204939214000035],[-3.6382756309999422,37.204873389000056],[-3.6379178309999247,37.20429962800006],[-3.6371404429999643,37.204939214000035]],[[-3.6347024229999647,37.20526119900006],[-3.634300183999926,37.206442294000055],[-3.6352986469999564,37.20675780900007],[-3.6347024229999647,37.20526119900006]]],[[[-3.6409769859999415,37.203726317000076],[-3.6435274559999584,37.200919627000076],[-3.644730208999931,37.202547061000075],[-3.6409769859999415,37.203726317000076]]]]}},{"type":"Feature","properties":{"ClaseSuelo":"SUELO URBANO NO CONSOLIDADO","NuclRural":"0","AreaLamber":39.00693312,"Shape_STAr":0.000039620459057},"geometry":{"type":"MultiPolygon","coordinates":[[[[-3.64053331599996,37.20575046000005],[-3.63931226699998,37.20391735100003],[-3.643124597999929,37.20401647600005],[-3.644730208999931,37.202547061000075],[-3.6435274559999584,37.200919627000076],[-3.6461656959999686,37.198696288000065],[-3.648278411999968,37.198881191000055],[-3.649521666999931,37.20207679600003],[-3.64053331599996,37.20575046000005]]],[[[-3.6373816839999336,37.20440860800005],[-3.6382756309999422,37.204873389000056],[-3.6373015669999518,37.20522416100005],[-3.6373816839999336,37.20440860800005]]],[[[-3.6345565339999553,37.20684401900007],[-3.6346056379999254,37.20516243000003],[-3.6352986469999564,37.20675780900007],[-3.6345565339999553,37.20684401900007]]],[[[-3.636188865999941,37.20729087500007],[-3.6358868329999723,37.20711223300003],[-3.6362816609999413,37.206894944000055],[-3.636188865999941,37.20729087500007]]],[[[-3.6359430809999367,37.20746931900004],[-3.636393355999928,37.20777460000005],[-3.635794381999972,37.208019310000054],[-3.6359430809999367,37.20746931900004]]],[[[-3.6256726289999506,37.20827760000003],[-3.6274384719999375,37.206620318000034],[-3.6287618879999286,37.20882601500006],[-3.625760452999941,37.20977118300004],[-3.6256726289999506,37.20827760000003]]],[[[-3.6334460719999697,37.21248159100003],[-3.6351870829999484,37.211847800000044],[-3.635444518999975,37.212045199000045],[-3.6334460719999697,37.21248159100003]]]]}},{"type":"Feature","properties":{"ClaseSuelo":"SUELO URBANIZABLE DELIMITADO O SECTORIZADO","NuclRural":"0","AreaLamber":95.20641547,"Shape_STAr":0.0000966034025638},"geometry":{"type":"MultiPolygon","coordinates":[[[[-3.6225252739999405,37.12954782300005],[-3.6222047849999512,37.12687800500004],[-3.616770014999929,37.12266958500004],[-3.62272665699993,37.11927540600004],[-3.6259697619999542,37.12248956500008],[-3.628377053999941,37.122503229000074],[-3.6287538889999382,37.12570646700004],[-3.6266683289999264,37.12728431200003],[-3.6290966559999447,37.127751250000074],[-3.627413004999937,37.12983520700004],[-3.6245923829999356,37.130119421000074],[-3.625421095999968,37.131446668000024],[-3.623053322999965,37.13194612600006],[-3.6225252739999405,37.12954782300005]],[[-3.6192020489999663,37.122640629000045],[-3.617431051999972,37.122583435000024],[-3.618751361999955,37.12365871900005],[-3.6192020489999663,37.122640629000045]]],[[[-3.6072575609999262,37.10974617000005],[-3.6079475509999384,37.11285505500007],[-3.6061853369999426,37.111523213000055],[-3.6072575609999262,37.10974617000005]]],[[[-3.601822188999961,37.120362585000066],[-3.601857473999928,37.117919793000056],[-3.6001427739999485,37.11662815700004],[-3.6020725699999616,37.11587528000007],[-3.6049630519999596,37.12008286500003],[-3.601822188999961,37.120362585000066]]],[[[-3.616646823999929,37.12144725700006],[-3.615304050999953,37.11847546700005],[-3.6205383819999497,37.119086125000024],[-3.616646823999929,37.12144725700006]]]]}},{"type":"Feature","properties":{"ClaseSuelo":"SUELO URBANO","NuclRural":"0","AreaLamber":365.41542629,"Shape_STAr":0.000370767658032},"geometry":{"type":"MultiPolygon","coordinates":[[[[-3.6050858329999755,37.13020963800005],[-3.600439625999968,37.12677616800005],[-3.6022417739999355,37.12357861800007],[-3.601434797999957,37.12037641400008],[-3.6049630519999596,37.12008286500003],[-3.6034068609999395,37.11625955300008],[-3.6063328099999694,37.116255290000026],[-3.6061853369999426,37.111523213000055],[-3.6079475509999384,37.11285505500007],[-3.607345220999946,37.10925787000008],[-3.6147133399999802,37.11134837000003],[-3.6198300599999698,37.11014669000008],[-3.621027124999955,37.108470311000076],[-3.6223944039999765,37.113396813000065],[-3.6249433599999747,37.11559814000003],[-3.6205383819999497,37.119086125000024],[-3.6152325939999628,37.11852070000003],[-3.6155006379999577,37.12089698400007],[-3.617484183999977,37.121519152000076],[-3.6116476539999667,37.12517778800003],[-3.6096393179999495,37.12495523900003],[-3.6072124829999552,37.13012361700004],[-3.6050858329999755,37.13020963800005]]],[[[-3.618471814999964,37.12231774800006],[-3.6195127259999254,37.12339304300008],[-3.617431051999972,37.122583435000024],[-3.618471814999964,37.12231774800006]]],[[[-3.627683068999943,37.12815087300004],[-3.6266683289999264,37.12728431200003],[-3.6287538889999382,37.12570646700004],[-3.628377053999941,37.122503229000074],[-3.621014632999959,37.11949818000005],[-3.6244604739999318,37.11679225100005],[-3.627449121999973,37.11965640600005],[-3.632521146999977,37.11795422800003],[-3.6312198879999755,37.12501418100004],[-3.627683068999943,37.12815087300004]]],[[[-3.618623189999937,37.137022940000065],[-3.6151781619999497,37.13484188600006],[-3.615513878999934,37.13180950100008],[-3.6212439299999346,37.12885471300007],[-3.622482752999929,37.128841624000074],[-3.623053322999965,37.13194612600006],[-3.627413004999937,37.12983520700004],[-3.621931669999981,37.13681635000006],[-3.6203431799999635,37.13807761000004],[-3.618623189999937,37.137022940000065]]]]}},{"type":"Feature","properties":{"ClaseSuelo":"SUELO NO URBANIZABLE","NuclRural":"0","AreaLamber":234.26626946,"Shape_STAr":0.000237713454832},"geometry":{"type":"MultiPolygon","coordinates":[[[[-3.6098592599999506,37.139321420000044],[-3.6071894199999406,37.13207018000003],[-3.602556839999977,37.131390690000046],[-3.599684469999943,37.12691623000006],[-3.6007331469999713,37.126459547000024],[-3.6035295489999726,37.13022383400005],[-3.607140021999953,37.130190785000025],[-3.6096393179999495,37.12495523900003],[-3.6150911969999697,37.123437445000036],[-3.6249433599999747,37.11559814000003],[-3.621980553999947,37.11219246600007],[-3.621027124999955,37.108470311000076],[-3.6227809299999763,37.107610160000036],[-3.625261850999948,37.11186594000003],[-3.629837979999934,37.11400512000006],[-3.634748199999933,37.11972994000007],[-3.6312198879999755,37.12501418100004],[-3.631812648999926,37.11762878700006],[-3.627449121999973,37.11965640600005],[-3.6244604739999318,37.11679225100005],[-3.616770014999929,37.12266958500004],[-3.622044546999973,37.12670141000007],[-3.622482752999929,37.128841624000074],[-3.615513878999934,37.13180950100008],[-3.6151781619999497,37.13484188600006],[-3.6180227869999726,37.13645241800003],[-3.6163738699999612,37.13872027000008],[-3.6098592599999506,37.139321420000044]]],[[[-3.5998760199999538,37.11669844000005],[-3.601857473999928,37.117919793000056],[-3.601822188999961,37.120362585000066],[-3.5998760199999538,37.11669844000005]]],[[[-3.6014339999999265,37.12038118000004],[-3.602567591999957,37.121349964000046],[-3.6008573699999715,37.12148382000004],[-3.6014339999999265,37.12038118000004]]],[[[-3.6010197999999605,37.122095960000024],[-3.6013313959999778,37.122379978000026],[-3.6010187509999696,37.12256322500008],[-3.6010197999999605,37.122095960000024]]],[[[-3.6010173099999747,37.12320470000003],[-3.6022417739999355,37.12357861800007],[-3.60190907599997,37.12455357500005],[-3.6010173099999747,37.12320470000003]]],[[[-3.6011559499999635,37.12507893000003],[-3.601730636999946,37.126264829000036],[-3.600733540999954,37.12645843300004],[-3.6011559499999635,37.12507893000003]]]]}},{"type":"Feature","properties":{"ClaseSuelo":"SISTEMAS GENERALES","NuclRural":"0","AreaLamber":13.54099833,"Shape_STAr":0.000013759922362},"geometry":{"type":"Polygon","coordinates":[[[-3.6417216609999628,37.244939782000074],[-3.6509157659999687,37.24182684700003],[-3.6672143589999564,37.23224907900004],[-3.678522081999972,37.23157774600003],[-3.6673867649999465,37.23255280600006],[-3.650725813999941,37.24231277400003],[-3.6417216609999628,37.244939782000074]]]}},{"type":"Feature","properties":{"ClaseSuelo":"SUELO NO URBANIZABLE","NuclRural":"0","AreaLamber":7011.22206563,"Shape_STAr":0.00713160713677},"geometry":{"type":"MultiPolygon","coordinates":[[[[-3.6405912379999563,37.39971604400006],[-3.634674489999952,37.39209523900007],[-3.6396369269999695,37.391113045000054],[-3.63986215999995,37.38038541200007],[-3.6358009349999634,37.37831610600006],[-3.6297808979999786,37.371587943000065],[-3.6293549289999305,37.367912570000044],[-3.624765108999952,37.360536523000064],[-3.6196024599999532,37.35754401600008],[-3.6210217699999703,37.35163250700003],[-3.6238446569999496,37.348913511000035],[-3.629292436999947,37.33604894000007],[-3.6273887539999805,37.33111042300004],[-3.6306104329999584,37.32354870200004],[-3.629797372999974,37.32214686400005],[-3.6254651709999735,37.323738236000054],[-3.6251173279999307,37.322622351000064],[-3.628526903999955,37.32002633800005],[-3.6267986399999472,37.31304973300007],[-3.630144705999953,37.308308699000065],[-3.639658964999967,37.30446285000005],[-3.6384143809999614,37.30139582500004],[-3.6390469449999614,37.29613730800003],[-3.6407127529999457,37.295659587000046],[-3.64081032699994,37.29119717300006],[-3.647167556999932,37.281283364000046],[-3.6465572059999545,37.27190321000006],[-3.641586009999969,37.262934339000026],[-3.638808762999929,37.26125472200005],[-3.6374803739999493,37.256178016000035],[-3.6413336689999483,37.252566494000064],[-3.6387869729999807,37.258212308000054],[-3.641533676999927,37.25599080400008],[-3.6482708809999735,37.25603174400004],[-3.648656116999973,37.26601271900006],[-3.651703442999974,37.26557677100004],[-3.6586783019999416,37.25752778900005],[-3.657496331999937,37.25195995300004],[-3.652702445999978,37.24321706400008],[-3.6422537809999653,37.24510073000005],[-3.6442867659999365,37.24672676900008],[-3.641648284999974,37.24499627100005],[-3.650725813999941,37.24231277400003],[-3.6673867649999465,37.23255280600006],[-3.678522081999972,37.23157774600003],[-3.683315516999926,37.236858217000076],[-3.6861605639999766,37.237301495000054],[-3.6868755489999785,37.242795847000025],[-3.695623484999942,37.24510647200003],[-3.7014961899999435,37.24492763300003],[-3.697737864999965,37.24942071600003],[-3.6969063499999493,37.25463564300003],[-3.693610451999973,37.25675521900007],[-3.6882218819999366,37.264394363000065],[-3.6782073369999466,37.27450258300007],[-3.6717030479999266,37.277496187000054],[-3.672825829999965,37.28496416400003],[-3.666999834999956,37.28177887700008],[-3.664539326999943,37.28338561900006],[-3.6636494489999336,37.28811014200005],[-3.669050287999937,37.28809864100003],[-3.6734057939999616,37.28613275400005],[-3.672503974999927,37.292725131000054],[-3.6807267149999348,37.295003748000056],[-3.6848911519999774,37.306337212000074],[-3.6908375749999323,37.30258895800006],[-3.7010473949999323,37.30237571200007],[-3.70583546499995,37.30398778500006],[-3.70636712299995,37.31619835400005],[-3.705164649999972,37.317954204000046],[-3.7040326079999772,37.31637451000006],[-3.697769732999973,37.31889940800005],[-3.6978838799999494,37.320259822000025],[-3.691122382999936,37.32139016700006],[-3.687671828999953,37.32173476200006],[-3.6876510669999334,37.31945438400004],[-3.674582202999943,37.32079150000004],[-3.67804264199998,37.33285928300006],[-3.68348311099993,37.34277926400006],[-3.683983284999954,37.34813959500008],[-3.6785682479999764,37.35616601400005],[-3.6708165599999347,37.358085079000034],[-3.67291574799998,37.36048886000003],[-3.672833108999953,37.36514946400007],[-3.6624461389999396,37.37188729600007],[-3.66444028199993,37.38542382700007],[-3.657009220999953,37.38952153500003],[-3.647629705999975,37.39966869600005],[-3.6405912379999563,37.39971604400006]],[[-3.647363025999937,37.31973816900006],[-3.648011556999961,37.31725847900003],[-3.646629589999975,37.317008403000045],[-3.645453773999975,37.31799193400008],[-3.647363025999937,37.31973816900006]],[[-3.659503850999954,37.29240870900003],[-3.6608847949999586,37.29216298800003],[-3.659681674999945,37.29023231300005],[-3.6582219969999414,37.292924165000045],[-3.659503850999954,37.29240870900003]],[[-3.660781639999925,37.253625630000045],[-3.662449459999948,37.24713303600004],[-3.655985356999963,37.24148627900007],[-3.653135966999969,37.242988516000025],[-3.65697976499996,37.247886806000054],[-3.6560402929999327,37.24852654600005],[-3.6602803189999804,37.25794317800006],[-3.660781639999925,37.253625630000045]],[[-3.67190329999994,37.248832607000054],[-3.6804400739999323,37.236652208000066],[-3.6768136239999762,37.23426041100004],[-3.664294047999931,37.24591203600005],[-3.667541182999969,37.24842017700007],[-3.67190329999994,37.248832607000054]],[[-3.664428513999951,37.25142533700006],[-3.6650006009999743,37.25290436000006],[-3.6660905239999693,37.252638002000026],[-3.664428513999951,37.25142533700006]]],[[[-3.6691140689999315,37.23158342700003],[-3.669742411999948,37.231545606000054],[-3.6673881229999665,37.23219332200006],[-3.6691140689999315,37.23158342700003]]],[[[-3.6429259459999344,37.244087954000065],[-3.6496820379999804,37.242242489000034],[-3.6486286619999646,37.24093895300007],[-3.6503202989999295,37.239342925000074],[-3.6520148529999688,37.238268626000036],[-3.6539805919999253,37.23983579700007],[-3.66420928499997,37.23250250600006],[-3.6672389709999607,37.22549248000007],[-3.666269270999976,37.22459545000004],[-3.660368455999958,37.22738594200007],[-3.647467112999948,37.21691192600008],[-3.651933486999951,37.21380594500005],[-3.6583230119999257,37.21370755400005],[-3.6614594329999477,37.21020170200006],[-3.665359204999959,37.21024298700007],[-3.671162479999964,37.215249088000064],[-3.6681608949999713,37.21612236100003],[-3.669866256999967,37.22034028000007],[-3.678202318999979,37.23121402000004],[-3.6709885409999288,37.23131215500007],[-3.6698249499999633,37.23049094100003],[-3.6716531719999352,37.22899065000007],[-3.670862591999935,37.22710697400004],[-3.667774060999932,37.226789041000075],[-3.6654370489999337,37.232969009000044],[-3.6505101829999376,37.24202725600003],[-3.6429259459999344,37.244087954000065]]]]}},{"type":"Feature","properties":{"ClaseSuelo":"SUELO URBANIZABLE DELIMITADO O SECTORIZADO","NuclRural":"0","AreaLamber":303.22354461,"Shape_STAr":0.000308145134517},"geometry":{"type":"MultiPolygon","coordinates":[[[[-3.6483551169999373,37.25912980900006],[-3.6482708809999735,37.25603174400004],[-3.6440595649999636,37.25549162100003],[-3.6387834089999274,37.257789814000034],[-3.639601294999977,37.25562866700005],[-3.6545439519999263,37.25298227400003],[-3.654215446999956,37.25881256800005],[-3.655754662999925,37.259928667000054],[-3.651703442999974,37.26557677100004],[-3.648656116999973,37.26601271900006],[-3.6483551169999373,37.25912980900006]]],[[[-3.6494835469999316,37.22549431300007],[-3.6507743539999638,37.22342695100008],[-3.647533757999952,37.224130434000074],[-3.6426100979999774,37.21829269800003],[-3.647467112999948,37.21691192600008],[-3.6563044329999457,37.22402393300007],[-3.6502801969999723,37.22676300200004],[-3.6494835469999316,37.22549431300007]]],[[[-3.665656138999964,37.23227187400005],[-3.667774060999932,37.226789041000075],[-3.6701787379999473,37.226246883000044],[-3.6716531719999352,37.22899065000007],[-3.665656138999964,37.23227187400005]]],[[[-3.6619362599999477,37.22902432800004],[-3.6632217359999686,37.22666607000008],[-3.6667352859999482,37.22673150900005],[-3.662458964999928,37.23428845800004],[-3.660833003999926,37.23189616500008],[-3.6619362599999477,37.22902432800004]]],[[[-3.6520148529999688,37.238268626000036],[-3.650473955999928,37.23700452000003],[-3.6527174339999533,37.233804623000026],[-3.6585219249999454,37.236960090000025],[-3.6539805919999253,37.23983579700007],[-3.6520148529999688,37.238268626000036]]],[[[-3.6749639029999344,37.239209696000046],[-3.6775426909999283,37.23546278800006],[-3.6768136239999762,37.23426041100004],[-3.6804400739999323,37.236652208000066],[-3.6774859589999664,37.239993404000074],[-3.675324873999955,37.24067969600003],[-3.6749639029999344,37.239209696000046]]],[[[-3.6436527349999324,37.245148630000074],[-3.6422537809999653,37.24510073000005],[-3.6472423839999806,37.24521245700004],[-3.6450487059999546,37.24764978300004],[-3.6436527349999324,37.245148630000074]]],[[[-3.6688166799999635,37.24277882100006],[-3.6728606099999297,37.23854847800004],[-3.6742347529999506,37.23879509600005],[-3.6723244989999557,37.24288896000007],[-3.6709485679999716,37.24282345100005],[-3.672135796999953,37.24358091600004],[-3.6719984729999737,37.248836648000065],[-3.6688166799999635,37.24277882100006]]],[[[-3.6565555279999558,37.24752412500004],[-3.653135966999969,37.242988516000025],[-3.655985356999963,37.24148627900007],[-3.662449459999948,37.24713303600004],[-3.6602803189999804,37.25794317800006],[-3.6565555279999558,37.24752412500004]]]]}},{"type":"Feature","properties":{"ClaseSuelo":"SUELO URBANO","NuclRural":"0","AreaLamber":444.01404828,"Shape_STAr":0.000451222938805},"geometry":{"type":"MultiPolygon","coordinates":[[[[-3.6465500199999497,37.23672187500006],[-3.6422209639999323,37.23407726800008],[-3.6449547009999606,37.229429252000045],[-3.6365182009999444,37.22219153900005],[-3.6395462319999297,37.22037245300004],[-3.6386247769999613,37.21936785500003],[-3.6426100979999774,37.21829269800003],[-3.647533757999952,37.224130434000074],[-3.6500768509999375,37.222710094000035],[-3.6494818929999724,37.224279781000064],[-3.650801203999947,37.22503961600006],[-3.6491573139999787,37.22597011000005],[-3.6502801969999723,37.22676300200004],[-3.655468904999964,37.223928546000025],[-3.660368455999958,37.22738594200007],[-3.662942052999938,37.22720837000003],[-3.6609243909999805,37.23086742100003],[-3.6622703539999293,37.234174633000066],[-3.6600654619999773,37.23282739500007],[-3.6606478659999766,37.235680899000045],[-3.658690197999931,37.23692725800004],[-3.6527174339999533,37.233804623000026],[-3.648646673999963,37.237944877000075],[-3.6503202989999295,37.239342925000074],[-3.6492427139999677,37.240356209000026],[-3.6465500199999497,37.23672187500006]],[[-3.660323579999954,37.23012076100008],[-3.659828328999936,37.22974131900003],[-3.659252629999969,37.23046052300003],[-3.660323579999954,37.23012076100008]],[[-3.655933534999974,37.22812762900003],[-3.6552480999999375,37.22825869800005],[-3.6554176819999498,37.22866463300005],[-3.655933534999974,37.22812762900003]]],[[[-3.6661719259999472,37.22466947200007],[-3.6664166409999552,37.22666699500007],[-3.6636623849999523,37.22712056300003],[-3.6661719259999472,37.22466947200007]]],[[[-3.667623356999968,37.23164846800006],[-3.6709885409999288,37.23131215500007],[-3.666971152999963,37.23234101000003],[-3.667623356999968,37.23164846800006]]],[[[-3.654166239999938,37.243488521000074],[-3.6547603869999534,37.24384166900006],[-3.653928789999952,37.24461757500006],[-3.654166239999938,37.243488521000074]]],[[[-3.6709408089999442,37.24324132600003],[-3.6740482299999258,37.24017976400006],[-3.6728606099999297,37.23854847800004],[-3.6763929889999645,37.23447797400007],[-3.6775426909999283,37.23546278800006],[-3.6741886149999345,37.24004976900005],[-3.6774859589999664,37.239993404000074],[-3.672066718999929,37.248791675000064],[-3.672135796999953,37.24358091600004],[-3.6709408089999442,37.24324132600003]]],[[[-3.665012340999965,37.25128628700003],[-3.6660905239999693,37.252638002000026],[-3.6650006009999743,37.25290436000006],[-3.665012340999965,37.25128628700003]]],[[[-3.6537342919999674,37.25568824900006],[-3.6545439519999263,37.25298227400003],[-3.6467164979999325,37.253914475000045],[-3.6470879489999675,37.24985233800004],[-3.6487428729999465,37.24847572200008],[-3.6428630129999533,37.24894773200003],[-3.6472423839999806,37.24521245700004],[-3.6453613119999773,37.24434233900007],[-3.649990344999935,37.242761029000064],[-3.6503762579999375,37.24539132500007],[-3.6527908259999435,37.24331852200004],[-3.657496331999937,37.25195995300004],[-3.6586783019999416,37.25752778900005],[-3.655754662999925,37.259928667000054],[-3.6537342919999674,37.25568824900006]],[[-3.6555373139999574,37.25554407900006],[-3.6554294249999657,37.25485385800005],[-3.654297503999942,37.25497332200007],[-3.6555373139999574,37.25554407900006]]],[[[-3.669050287999937,37.28809864100003],[-3.6636494489999336,37.28811014200005],[-3.6649139499999706,37.282876644000055],[-3.6690200339999706,37.28182464900004],[-3.672825829999965,37.28496416400003],[-3.669050287999937,37.28809864100003]]],[[[-3.658322418999944,37.292166070000064],[-3.659681674999945,37.29023231300005],[-3.6608847949999586,37.29216298800003],[-3.658322418999944,37.292166070000064]]],[[[-3.6469040889999746,37.31874554800004],[-3.64591401499996,37.31925786100004],[-3.6456343919999767,37.31750574500006],[-3.648011556999961,37.31725847900003],[-3.647363025999937,37.31973816900006],[-3.6469040889999746,37.31874554800004]]]]}},{"type":"Feature","properties":{"ClaseSuelo":"SUELO URBANO NO CONSOLIDADO","NuclRural":"0","AreaLamber":80.92022895,"Shape_STAr":0.0000822393894733},"geometry":{"type":"MultiPolygon","coordinates":[[[[-3.642078872999946,37.25189862000008],[-3.643864530999963,37.248030619000076],[-3.6487428729999465,37.24847572200008],[-3.6470879489999675,37.24985233800004],[-3.6466047299999786,37.254060253000034],[-3.6401329079999414,37.25557599000007],[-3.642078872999946,37.25189862000008]]],[[[-3.655761163999955,37.22868734200006],[-3.6552480999999375,37.22825869800005],[-3.655933534999974,37.22812762900003],[-3.655761163999955,37.22868734200006]]],[[[-3.6595767679999653,37.23005558800003],[-3.660323579999954,37.23012076100008],[-3.659252629999969,37.23046052300003],[-3.6595767679999653,37.23005558800003]]],[[[-3.6606255779999515,37.23512476700006],[-3.6600654619999773,37.23282739500007],[-3.662458964999928,37.23428845800004],[-3.6606255779999515,37.23512476700006]]],[[[-3.648979812999926,37.23748533400004],[-3.6500054469999554,37.23667121500006],[-3.6520148529999688,37.238268626000036],[-3.6503202989999295,37.239342925000074],[-3.648979812999926,37.23748533400004]]],[[[-3.6477557189999743,37.23834005900005],[-3.6496820379999804,37.242242489000034],[-3.6447774759999447,37.24393453500005],[-3.6477557189999743,37.23834005900005]]],[[[-3.6500811169999565,37.24483501100008],[-3.649990344999935,37.242761029000064],[-3.652060469999981,37.24398113400008],[-3.6500811169999565,37.24483501100008]]],[[[-3.6672649859999638,37.243760155000075],[-3.6684134999999287,37.24306585000005],[-3.67190329999994,37.248832607000054],[-3.667541182999969,37.24842017700007],[-3.664294047999931,37.24591203600005],[-3.6672649859999638,37.243760155000075]]],[[[-3.6553438299999357,37.254862725000066],[-3.6555373139999574,37.25554407900006],[-3.6544042759999797,37.25564291100005],[-3.6553438299999357,37.254862725000066]]],[[[-3.672663517999979,37.28521927600008],[-3.6734057939999616,37.28613275400005],[-3.672091378999937,37.28673110400007],[-3.672663517999979,37.28521927600008]]]]}},{"type":"Feature","properties":{"ClaseSuelo":"SUELO NO URBANIZABLE","NuclRural":"0","AreaLamber":7658.7368632,"Shape_STAr":0.00776508198487},"geometry":{"type":"Polygon","coordinates":[[[-3.600632646999941,37.08438573700005],[-3.605224072999931,37.08458853700006],[-3.592209628999967,37.07948533000007],[-3.584441182999967,37.080528482000034],[-3.5836942209999734,37.08222755600008],[-3.585466381999936,37.08295524500005],[-3.584362265999971,37.08295818700003],[-3.575710734999973,37.08006179900008],[-3.5473515619999603,37.07588699000007],[-3.5354032569999276,37.08217017900006],[-3.5233644049999384,37.08212462700004],[-3.5192359019999344,37.080565249000074],[-3.5172518799999466,37.081646583000065],[-3.5115571429999477,37.07970613500004],[-3.491352183999936,37.07987247700004],[-3.4825204399999734,37.07809679600007],[-3.4716098839999745,37.071208659000035],[-3.4658837789999666,37.071177144000046],[-3.4554011909999645,37.078987994000045],[-3.4446555409999746,37.07874023100004],[-3.4313148959999467,37.07519273400004],[-3.418778381999971,37.07649053800003],[-3.399008076999962,37.07147459600003],[-3.3887197759999594,37.06363033800005],[-3.3656805959999474,37.056032481000045],[-3.371120100999974,37.05058002700008],[-3.3714567129999296,37.04811809700004],[-3.3771996819999686,37.047369831000026],[-3.3830598199999713,37.043114383000045],[-3.387707273999979,37.04373929800005],[-3.3926725179999266,37.040558985000075],[-3.3951446449999594,37.04238967600003],[-3.4051724479999734,37.03975075500006],[-3.4124844399999574,37.040293493000036],[-3.4173577079999404,37.045171194000034],[-3.416344270999957,37.049032821000026],[-3.419231844999956,37.05262834600006],[-3.4307557079999356,37.05591338200003],[-3.4476133179999806,37.05370571000003],[-3.453906287999928,37.05471847500007],[-3.4662087299999484,37.04894686100005],[-3.481050424999978,37.04490349100007],[-3.497525866999979,37.05191183800008],[-3.5045066779999274,37.05311736900006],[-3.509593107999933,37.05187876700006],[-3.5147157729999776,37.05269502200008],[-3.5182684899999686,37.04921815000006],[-3.5248321279999573,37.051884604000065],[-3.5331189599999675,37.05162239100008],[-3.536955943999942,37.04871158200007],[-3.5461884349999764,37.048642494000035],[-3.5524235019999537,37.04310603600004],[-3.5666270219999774,37.04019974300007],[-3.573453972999971,37.04038335600006],[-3.5788109119999376,37.04391799600006],[-3.5926530229999685,37.03946892000005],[-3.5977147289999607,37.04253543900006],[-3.601217660999964,37.04183270000004],[-3.606361635999974,37.04387081800007],[-3.6198242129999585,37.04548703700004],[-3.623774682999965,37.048630338000066],[-3.6366992979999395,37.047633346000055],[-3.6440496879999387,37.04976614100008],[-3.648579095999935,37.04943502500004],[-3.6506653489999508,37.055363930000055],[-3.6490867849999518,37.05357875100003],[-3.636938526999927,37.06547104300006],[-3.634991058999958,37.06933951600007],[-3.6272599019999348,37.07306735900005],[-3.615516637999974,37.084350166000036],[-3.611311399999977,37.079353146000074],[-3.6130853919999595,37.07362070200003],[-3.606314553999937,37.07400410400004],[-3.605049425999937,37.078203829000074],[-3.6115153089999694,37.087427588000025],[-3.609802396999953,37.088743634000025],[-3.606546974999958,37.085470143000066],[-3.604966390999948,37.08620834300007],[-3.600632646999941,37.08438573700005]],[[-3.6030776229999333,37.08117570300004],[-3.603983077999942,37.08049329700003],[-3.6030767539999715,37.08041934100004],[-3.6030776229999333,37.08117570300004]],[[-3.6046528499999795,37.07983964400006],[-3.604252300999974,37.080176479000045],[-3.605004489999942,37.07988710200004],[-3.6046528499999795,37.07983964400006]],[[-3.6043833819999804,37.07707522700008],[-3.6016662189999806,37.07013400000005],[-3.594535493999956,37.06637508700004],[-3.5955193539999755,37.06807364300005],[-3.5937818139999536,37.06942649500007],[-3.595771731999946,37.06962191700006],[-3.5945321039999385,37.072109814000044],[-3.5975413029999572,37.072803340000064],[-3.603165277999949,37.07947306300008],[-3.6042291349999687,37.07963727300006],[-3.6043833819999804,37.07707522700008]],[[-3.6426118959999485,37.05901269300006],[-3.6454327819999435,37.056786257000056],[-3.644155244999979,37.05536143200004],[-3.639535093999939,37.05575689900007],[-3.631411871999944,37.053181119000044],[-3.6321972959999584,37.06280767800007],[-3.638426114999959,37.06240677400007],[-3.6426118959999485,37.05901269300006]]]}},{"type":"Feature","properties":{"ClaseSuelo":"SUELO URBANIZABLE DELIMITADO O SECTORIZADO","NuclRural":"0","AreaLamber":70.27244871,"Shape_STAr":0.0000712626217932},"geometry":{"type":"MultiPolygon","coordinates":[[[[-3.611142356999949,37.08451374200007],[-3.6123458909999613,37.08241135600008],[-3.6112179949999472,37.08118290300007],[-3.609219636999967,37.08428146800003],[-3.6057522859999267,37.08047547900003],[-3.6081474989999265,37.079728970000076],[-3.606356410999979,37.07885866200007],[-3.607063632999939,37.07733506200003],[-3.605757685999947,37.07826156400006],[-3.607156490999955,37.073500515000035],[-3.609483935999947,37.07466720100007],[-3.6130853919999595,37.07362070200003],[-3.611311399999977,37.079353146000074],[-3.615516637999974,37.084350166000036],[-3.613883489999978,37.08419502500004],[-3.6115153089999694,37.087427588000025],[-3.6102863009999737,37.085775857000044],[-3.611142356999949,37.08451374200007]]],[[[-3.5971500969999397,37.072474541000076],[-3.595260985999971,37.071314794000045],[-3.5956793539999694,37.06995855900004],[-3.598639180999953,37.07069624400003],[-3.5971500969999397,37.072474541000076]]]]}},{"type":"Feature","properties":{"ClaseSuelo":"SUELO URBANIZABLE NO DELIMITADO O SECTORIZADO","NuclRural":"0","AreaLamber":43.01737236,"Shape_STAr":0.000043625323691},"geometry":{"type":"Polygon","coordinates":[[[-3.600632646999941,37.08438573700005],[-3.593041530999926,37.08211293700003],[-3.583672384999943,37.08215602700005],[-3.584441182999967,37.080528482000034],[-3.588985205999961,37.079023810000024],[-3.605224072999931,37.08458853700006],[-3.600632646999941,37.08438573700005]]]}},{"type":"Feature","properties":{"ClaseSuelo":"SUELO URBANO","NuclRural":"0","AreaLamber":47.87342217,"Shape_STAr":0.0000485458160208},"geometry":{"type":"MultiPolygon","coordinates":[[[[-3.5988061279999783,37.075062385000024],[-3.6005781689999594,37.07449739500004],[-3.5945321039999385,37.072109814000044],[-3.594957822999959,37.07106138700004],[-3.5973931829999515,37.07259831400006],[-3.598685401999944,37.07078845600006],[-3.595191260999968,37.06855189700008],[-3.5937818139999536,37.06942649500007],[-3.5955193539999755,37.06807364300005],[-3.594535493999956,37.06637508700004],[-3.5997249839999768,37.07162672900006],[-3.601403608999931,37.070563986000025],[-3.6033059399999274,37.07246907500007],[-3.6042291349999687,37.07963727300006],[-3.5988061279999783,37.075062385000024]],[[-3.602219694999974,37.07551239600008],[-3.602939388999971,37.07566193700006],[-3.602525876999948,37.07521506200004],[-3.602219694999974,37.07551239600008]],[[-3.6036835309999447,37.07783044800004],[-3.6038100569999756,37.07841304100003],[-3.6041709929999683,37.07793689500005],[-3.6036835309999447,37.07783044800004]]],[[[-3.609219636999967,37.08428146800003],[-3.6118935999999735,37.081739268000035],[-3.6105437799999436,37.08647239000004],[-3.609219636999967,37.08428146800003]]],[[[-3.6129643789999477,37.085897533000036],[-3.6132981819999372,37.08605771500004],[-3.612658956999951,37.08654887300003],[-3.6129643789999477,37.085897533000036]]],[[[-3.6135476039999617,37.085830987000065],[-3.613883489999978,37.08419502500004],[-3.6147532849999493,37.084939629000075],[-3.6135476039999617,37.085830987000065]]],[[[-3.6030776229999333,37.08117570300004],[-3.6030767539999715,37.08041934100004],[-3.603983077999942,37.08049329700003],[-3.6030776229999333,37.08117570300004]]],[[[-3.6046528499999795,37.07983964400006],[-3.605004489999942,37.07988710200004],[-3.604252300999974,37.080176479000045],[-3.6046528499999795,37.07983964400006]]],[[[-3.606605313999978,37.07958477100004],[-3.6081474989999265,37.079728970000076],[-3.6077507919999334,37.080176032000054],[-3.606605313999978,37.07958477100004]]],[[[-3.605772308999974,37.075899769000046],[-3.605049425999937,37.078203829000074],[-3.6048973799999544,37.075755582000056],[-3.605772308999974,37.075899769000046]]],[[[-3.606584588999965,37.077805031000025],[-3.60644689399993,37.077216290000024],[-3.607063632999939,37.07733506200003],[-3.606584588999965,37.077805031000025]]],[[[-3.5961657529999798,37.07295714600008],[-3.5968610289999674,37.072635036000065],[-3.5965382569999633,37.073196015000065],[-3.5961657529999798,37.07295714600008]]]]}},{"type":"Feature","properties":{"ClaseSuelo":"SUELO URBANO NO CONSOLIDADO","NuclRural":"0","AreaLamber":101.96620023,"Shape_STAr":0.000103377527869},"geometry":{"type":"MultiPolygon","coordinates":[[[[-3.6321972959999584,37.06280767800007],[-3.631950966999966,37.05291939600005],[-3.639535093999939,37.05575689900007],[-3.644155244999979,37.05536143200004],[-3.6454327819999435,37.056786257000056],[-3.638606976999938,37.06233436000008],[-3.6321972959999584,37.06280767800007]]],[[[-3.595754701999965,37.06961222000007],[-3.5948774849999268,37.06944383700005],[-3.595191260999968,37.06855189700008],[-3.595754701999965,37.06961222000007]]],[[[-3.599659403999965,37.071230753000066],[-3.5968082489999347,37.067811670000026],[-3.6018372769999587,37.070452286000034],[-3.599659403999965,37.071230753000066]]],[[[-3.602777066999977,37.073190786000055],[-3.6024101339999675,37.07190137300006],[-3.602942736999978,37.07240299100005],[-3.602777066999977,37.073190786000055]]],[[[-3.5968179409999266,37.07271559800006],[-3.5955227349999745,37.07176977600005],[-3.5971132369999737,37.07249782800005],[-3.5967072849999795,37.07332248200004],[-3.5968179409999266,37.07271559800006]]],[[[-3.599146816999962,37.07504784300005],[-3.5976234899999326,37.07285548700003],[-3.6005781689999594,37.07449739500004],[-3.599146816999962,37.07504784300005]]],[[[-3.602219694999974,37.07551239600008],[-3.602525876999948,37.07521506200004],[-3.602939388999971,37.07566193700006],[-3.602219694999974,37.07551239600008]]],[[[-3.604055278999965,37.076124666000055],[-3.603273872999978,37.07538663300005],[-3.604382874999942,37.07568406200005],[-3.604055278999965,37.076124666000055]]],[[[-3.6035850419999633,37.076987245000055],[-3.6036692229999403,37.076468695000074],[-3.6046043909999526,37.07654150900004],[-3.6035850419999633,37.076987245000055]]],[[[-3.6036835309999447,37.07783044800004],[-3.6041709929999683,37.07793689500005],[-3.6038100569999756,37.07841304100003],[-3.6036835309999447,37.07783044800004]]],[[[-3.60553755199993,37.07850209600008],[-3.606817239999941,37.07789957700004],[-3.6057522859999267,37.08047547900003],[-3.60553755199993,37.07850209600008]]],[[[-3.6132694349999497,37.08518895000003],[-3.614357742999971,37.08470675500007],[-3.6132981819999372,37.08605771500004],[-3.6132694349999497,37.08518895000003]]]]}},{"type":"Feature","properties":{"ClaseSuelo":"SISTEMAS GENERALES","NuclRural":"0","AreaLamber":17.30255158,"Shape_STAr":0.000017581317446},"geometry":{"type":"MultiPolygon","coordinates":[[[[-3.6381358079999586,37.229550310000036],[-3.634882022999932,37.23081915200004],[-3.6365869979999275,37.228052115000025],[-3.625174258999948,37.21837905800004],[-3.638298000999953,37.22813201100007],[-3.642480558999978,37.23388044100005],[-3.6381358079999586,37.229550310000036]]],[[[-3.6340695729999766,37.24511372400008],[-3.616471054999977,37.23911861400006],[-3.6306667379999453,37.24435955600006],[-3.6420126089999485,37.24471485000004],[-3.6340695729999766,37.24511372400008]]]]}},{"type":"Feature","properties":{"ClaseSuelo":"SUELO NO URBANIZABLE","NuclRural":"0","AreaLamber":625.55251973,"Shape_STAr":0.000635761055175},"geometry":{"type":"MultiPolygon","coordinates":[[[[-3.630218339999942,37.26433840100003],[-3.6260452229999487,37.26294532900005],[-3.6244766409999443,37.258726066000065],[-3.6218084549999503,37.257901795000066],[-3.6196211449999396,37.25382091400007],[-3.611500380999928,37.24662486700004],[-3.612294166999959,37.24299715500007],[-3.6166385139999306,37.23939581500008],[-3.630589957999973,37.24458575400007],[-3.6417216609999628,37.244939782000074],[-3.644880743999977,37.24723221800008],[-3.6428195329999653,37.24882085200005],[-3.643490265999958,37.25079126700007],[-3.6374803739999493,37.256178016000035],[-3.640629714999932,37.26333387100004],[-3.630218339999942,37.26433840100003]]],[[[-3.6201107669999715,37.22133198800003],[-3.625174258999948,37.21837905800004],[-3.628394261999972,37.220199267000055],[-3.625687381999967,37.21914304400008],[-3.623781749999978,37.22033496200004],[-3.626029075999952,37.22210310400004],[-3.6221055179999553,37.22541389600008],[-3.6201107669999715,37.22133198800003]]],[[[-3.615458811999929,37.23520295900005],[-3.6147257869999407,37.23419594500007],[-3.620967913999948,37.23112142900004],[-3.6227765759999784,37.233614430000046],[-3.615458811999929,37.23520295900005]]],[[[-3.635991237999974,37.236860345000025],[-3.6318421399999465,37.23366363200006],[-3.634813956999949,37.234805781000034],[-3.636847958999965,37.23306508600007],[-3.639260849999971,37.23633063400007],[-3.635991237999974,37.236860345000025]]],[[[-3.6451496669999415,37.237695528000074],[-3.6464891069999794,37.23691080400005],[-3.6420062439999583,37.23405934600004],[-3.6483539849999715,37.23805510300008],[-3.6466583189999255,37.24016461400004],[-3.6451496669999415,37.237695528000074]]],[[[-3.634109922999926,37.24488158200006],[-3.6243929099999264,37.24233646700003],[-3.6169571539999765,37.239219400000025],[-3.616835349999974,37.237709015000064],[-3.6186686339999596,37.238031886000044],[-3.622675102999949,37.23490792600006],[-3.6260806589999675,37.23889323000003],[-3.629862487999958,37.23627148000003],[-3.642381784999941,37.24441434400006],[-3.634109922999926,37.24488158200006]]]]}},{"type":"Feature","properties":{"ClaseSuelo":"SUELO URBANIZABLE DELIMITADO O SECTORIZADO","NuclRural":"0","AreaLamber":76.46954014,"Shape_STAr":0.0000777017924378},"geometry":{"type":"MultiPolygon","coordinates":[[[[-3.641623425999967,37.23687042600005],[-3.6386756939999714,37.23681193800007],[-3.636847958999965,37.23306508600007],[-3.6334449919999656,37.232386003000045],[-3.638391690999981,37.229675443000076],[-3.644574087999956,37.236581811000065],[-3.641623425999967,37.23687042600005]]],[[[-3.631774489999941,37.22366518000007],[-3.634341529999972,37.225305535000075],[-3.6314385529999527,37.22693295200003],[-3.6300918529999535,37.22581087900005],[-3.631774489999941,37.22366518000007]]],[[[-3.6343801719999647,37.23123064500004],[-3.631076890999964,37.22786068800008],[-3.63221552899995,37.22643355300005],[-3.633292307999966,37.228172794000045],[-3.6357534629999577,37.22713914700006],[-3.63667744199995,37.22818112900006],[-3.6343801719999647,37.23123064500004]]],[[[-3.632677315999956,37.23302619800006],[-3.633109415999968,37.23269639800003],[-3.633861452999952,37.23342345400005],[-3.632677315999956,37.23302619800006]]],[[[-3.614956493999955,37.237620062000076],[-3.614747786999942,37.23487596700005],[-3.6216252279999708,37.234239615000035],[-3.616835349999974,37.237709015000064],[-3.6169571539999765,37.239219400000025],[-3.614956493999955,37.237620062000076]]]]}},{"type":"Feature","properties":{"ClaseSuelo":"SUELO URBANO","NuclRural":"0","AreaLamber":294.20924244,"Shape_STAr":0.000298944659928},"geometry":{"type":"MultiPolygon","coordinates":[[[[-3.6184200909999618,37.237528937000036],[-3.6227765759999784,37.233614430000046],[-3.620967913999948,37.23112142900004],[-3.6247754899999336,37.229329961000076],[-3.621850967999933,37.22467936700008],[-3.626029075999952,37.22210310400004],[-3.623781749999978,37.22033496200004],[-3.625687381999967,37.21914304400008],[-3.6318685339999774,37.223596900000075],[-3.6300918529999535,37.22581087900005],[-3.6314385529999527,37.22693295200003],[-3.634341529999972,37.225305535000075],[-3.6357534629999577,37.22713914700006],[-3.633292307999966,37.228172794000045],[-3.63221552899995,37.22643355300005],[-3.631076890999964,37.22786068800008],[-3.635101812999949,37.23095756500004],[-3.6334449919999656,37.232386003000045],[-3.636325395999961,37.23397237800003],[-3.634813956999949,37.234805781000034],[-3.633109415999968,37.23269639800003],[-3.6318421399999465,37.23366363200006],[-3.632939788999977,37.23562705000006],[-3.6441790739999647,37.23724818900007],[-3.64308938399995,37.23489402600006],[-3.6464891069999794,37.23691080400005],[-3.6451496669999415,37.237695528000074],[-3.6466583189999255,37.24016461400004],[-3.642381784999941,37.24441434400006],[-3.629862487999958,37.23627148000003],[-3.6260806589999675,37.23889323000003],[-3.6231278709999515,37.23496720700007],[-3.6184200909999618,37.237528937000036]]],[[[-3.6310949779999646,37.222543356000074],[-3.6386247769999613,37.21936785500003],[-3.6395462319999297,37.22037245300004],[-3.6365182009999444,37.22219153900005],[-3.6449547009999606,37.229429252000045],[-3.643207537999956,37.23077280800004],[-3.6439571769999475,37.23276082700005],[-3.6418632919999254,37.233410528000036],[-3.638298000999953,37.22813201100007],[-3.6310949779999646,37.222543356000074]]]]}},{"type":"Feature","properties":{"ClaseSuelo":"SUELO NO URBANIZABLE","NuclRural":"0","AreaLamber":1105.52633938,"Shape_STAr":0.00112232264194},"geometry":{"type":"MultiPolygon","coordinates":[[[[-3.488503143999935,37.147267200000044],[-3.4854754249999473,37.153576169000075],[-3.489277177999952,37.15552672800004],[-3.4901751199999467,37.154248675000076],[-3.4991144689999487,37.15553932300003],[-3.5009486049999623,37.14499958600004],[-3.4989438249999694,37.14310343000005],[-3.497897057999978,37.146152964000066],[-3.4935397759999773,37.143090940000036],[-3.488954984999964,37.14677999700007],[-3.491572248999944,37.14350248100004],[-3.4900292219999756,37.13994827100004],[-3.4999790239999697,37.137689343000034],[-3.512312319999978,37.145037401000025],[-3.5134026359999666,37.14308564500004],[-3.5171549159999245,37.14348402000007],[-3.5266341519999287,37.15297930400004],[-3.5282499749999374,37.159867019000046],[-3.527469283999949,37.16269896000006],[-3.5301218449999396,37.162176190000025],[-3.52549358899995,37.16554098200004],[-3.5189180589999296,37.177414439000074],[-3.514476848999948,37.18199490100005],[-3.5112994509999567,37.18192749900004],[-3.501105738999968,37.17707629300003],[-3.4986771839999733,37.17264255500004],[-3.4939559279999344,37.16894846400004],[-3.481985019999968,37.17112498300003],[-3.4749935329999744,37.16989116900004],[-3.4804655389999652,37.16240546100005],[-3.480724721999934,37.15531030300008],[-3.488503143999935,37.147267200000044]],[[-3.5124417249999738,37.161188211000024],[-3.524573969999949,37.16029092200006],[-3.523686183999928,37.152810868000074],[-3.5164266429999316,37.151697959000046],[-3.515759267999954,37.15426821800003],[-3.5137598549999325,37.15498841400006],[-3.5124417249999738,37.161188211000024]],[[-3.4950703009999415,37.158286675000056],[-3.4932916479999676,37.15862851900005],[-3.4957834759999287,37.16192066800005],[-3.4995355559999552,37.161535342000036],[-3.499008025999956,37.16037151100005],[-3.501337259999957,37.15949191800007],[-3.4997675879999406,37.15759845300005],[-3.4971322039999677,37.15852581300004],[-3.4962189699999726,37.156683706000024],[-3.4950703009999415,37.158286675000056]],[[-3.50648459599995,37.16046818900003],[-3.497048632999963,37.16285661500007],[-3.4974568769999337,37.16446436700005],[-3.4949507999999696,37.16405025700004],[-3.4975118699999257,37.16517088200004],[-3.5114712869999494,37.163643759000024],[-3.509476081999935,37.16276492500003],[-3.5149830149999275,37.16458345900003],[-3.5168819439999766,37.16256961600004],[-3.5076840809999794,37.16201235900007],[-3.5088381789999517,37.160670855000035],[-3.50648459599995,37.16046818900003]]],[[[-3.5269073009999374,37.157334234000075],[-3.527517174999957,37.15717640300005],[-3.527107272999956,37.157499906000055],[-3.5269073009999374,37.157334234000075]]]]}},{"type":"Feature","properties":{"ClaseSuelo":"SUELO URBANIZABLE DELIMITADO O SECTORIZADO","NuclRural":"0","AreaLamber":11.70499966,"Shape_STAr":0.0000118825678171},"geometry":{"type":"MultiPolygon","coordinates":[[[[-3.498433812999963,37.160219090000055],[-3.4961492619999603,37.160026051000045],[-3.4958905409999375,37.156852266000044],[-3.4971322039999677,37.15852581300004],[-3.4997675879999406,37.15759845300005],[-3.5013314019999484,37.15932818600004],[-3.498433812999963,37.160219090000055]]],[[[-3.4985086099999307,37.16058952000003],[-3.497818741999936,37.16031163700006],[-3.498893576999933,37.16040568600005],[-3.4985086099999307,37.16058952000003]]]]}},{"type":"Feature","properties":{"ClaseSuelo":"SUELO URBANIZABLE NO DELIMITADO O SECTORIZADO","NuclRural":"0","AreaLamber":223.50075847,"Shape_STAr":0.000226873102073},"geometry":{"type":"MultiPolygon","coordinates":[[[[-3.488503143999935,37.147267200000044],[-3.4935397759999773,37.143090940000036],[-3.4987972829999308,37.14617024800003],[-3.4991605779999304,37.14324718900008],[-3.5010071309999375,37.14536031600005],[-3.4993146639999395,37.15542178000004],[-3.4901751199999467,37.154248675000076],[-3.489277177999952,37.15552672800004],[-3.4854754249999473,37.153576169000075],[-3.488503143999935,37.147267200000044]]],[[[-3.5124417249999738,37.161188211000024],[-3.5137598549999325,37.15498841400006],[-3.515759267999954,37.15426821800003],[-3.5164266429999316,37.151697959000046],[-3.523686183999928,37.152810868000074],[-3.524573969999949,37.16029092200006],[-3.5124417249999738,37.161188211000024]]]]}},{"type":"Feature","properties":{"ClaseSuelo":"SUELO URBANO","NuclRural":"0","AreaLamber":43.28278715,"Shape_STAr":0.0000439408701991},"geometry":{"type":"MultiPolygon","coordinates":[[[[-3.4974220089999335,37.16372367400004],[-3.50648459599995,37.16046818900003],[-3.5076840809999794,37.16201235900007],[-3.5168819439999766,37.16256961600004],[-3.516128073999937,37.16377506400005],[-3.50795442499998,37.16201526700007],[-3.5114712869999494,37.163643759000024],[-3.50794011499994,37.162541281000074],[-3.4975118699999257,37.16517088200004],[-3.4949507999999696,37.16405025700004],[-3.4974220089999335,37.16372367400004]],[[-3.5040141379999454,37.16296399100003],[-3.506861095999966,37.16208494600005],[-3.502474569999947,37.163104944000054],[-3.5040141379999454,37.16296399100003]],[[-3.505715805999955,37.16253518800005],[-3.5061151989999644,37.163097512000036],[-3.506139082999937,37.16248286300004],[-3.505715805999955,37.16253518800005]],[[-3.5048215379999306,37.16308863100005],[-3.505665631999932,37.16306735000006],[-3.5056768579999584,37.16253308200004],[-3.5048215379999306,37.16308863100005]]],[[[-3.527644233999979,37.15918208900007],[-3.5273456929999725,37.15789986500005],[-3.5291214689999606,37.15736643500003],[-3.530749718999971,37.16004216300007],[-3.527469283999949,37.16269896000006],[-3.527644233999979,37.15918208900007]]],[[[-3.4950703009999415,37.158286675000056],[-3.4995355559999552,37.161535342000036],[-3.4942912879999426,37.16152101200004],[-3.4932916479999676,37.15862851900005],[-3.4950703009999415,37.158286675000056]],[[-3.4985086099999307,37.16058952000003],[-3.498893576999933,37.16040568600005],[-3.497818741999936,37.16031163700006],[-3.4985086099999307,37.16058952000003]]]]}},{"type":"Feature","properties":{"ClaseSuelo":"SUELO URBANO NO CONSOLIDADO","NuclRural":"0","AreaLamber":18.39307878,"Shape_STAr":0.0000186728448307},"geometry":{"type":"MultiPolygon","coordinates":[[[[-3.506597777999957,37.16139828800004],[-3.5070122779999338,37.160184714000025],[-3.5090491239999437,37.16117498300008],[-3.506597777999957,37.16139828800004]]],[[[-3.5275250189999383,37.15688716600005],[-3.527900182999929,37.156988031000026],[-3.527517174999957,37.15717640300005],[-3.5275250189999383,37.15688716600005]]],[[[-3.526789102999942,37.157458622000036],[-3.527107272999956,37.157499906000055],[-3.5269548629999576,37.15769551200003],[-3.526789102999942,37.157458622000036]]],[[[-3.529344453999954,37.15780592500005],[-3.5303329059999555,37.15876491800003],[-3.5294272269999283,37.15903778200004],[-3.529344453999954,37.15780592500005]]],[[[-3.5272196909999707,37.158224103000066],[-3.528504178999981,37.15877849800006],[-3.527644233999979,37.15918208900007],[-3.5272196909999707,37.158224103000066]]],[[[-3.5046278049999273,37.16101891900007],[-3.5027824639999494,37.16268813900007],[-3.502429129999939,37.161894019000044],[-3.5046278049999273,37.16101891900007]]],[[[-3.5048215379999306,37.16308863100005],[-3.5056768579999584,37.16253308200004],[-3.505665631999932,37.16306735000006],[-3.5048215379999306,37.16308863100005]]],[[[-3.505715805999955,37.16253518800005],[-3.506139082999937,37.16248286300004],[-3.5061151989999644,37.163097512000036],[-3.505715805999955,37.16253518800005]]],[[[-3.5101468729999397,37.16267858100008],[-3.5077193079999347,37.16205684300007],[-3.5124674099999424,37.16306711000004],[-3.5101468729999397,37.16267858100008]]],[[[-3.5031297379999273,37.16316663300006],[-3.50433804599993,37.16186926600005],[-3.506861095999966,37.16208494600005],[-3.5031297379999273,37.16316663300006]]],[[[-3.4985681739999563,37.16376185200005],[-3.497048632999963,37.16285661500007],[-3.5001963499999533,37.162972110000055],[-3.4985681739999563,37.16376185200005]]],[[[-3.5073562489999404,37.16306062000007],[-3.50794011499994,37.162541281000074],[-3.507389992999947,37.16363149400007],[-3.5055196339999384,37.16338272100006],[-3.5073562489999404,37.16306062000007]]],[[[-3.512038200999939,37.16322859200005],[-3.516235596999934,37.16344049300005],[-3.5160775559999706,37.164449862000026],[-3.512038200999939,37.16322859200005]]]]}},{"type":"Feature","properties":{"ClaseSuelo":"SUELO NO URBANIZABLE","NuclRural":"0","AreaLamber":1210.66991439,"Shape_STAr":0.00123027706466},"geometry":{"type":"Polygon","coordinates":[[[-3.536607078999964,37.21800262200003],[-3.535241633999931,37.22026060400003],[-3.5376916119999464,37.223186042000066],[-3.5432502279999767,37.216706067000075],[-3.5427161619999765,37.21925046600006],[-3.544349014999966,37.220613118000074],[-3.547443489999978,37.22145521500005],[-3.5507113169999798,37.219772498000054],[-3.553124600999979,37.22457476900007],[-3.5549990049999565,37.225016717000074],[-3.5606790789999536,37.220293698000035],[-3.5656953489999523,37.21129192800004],[-3.5696270199999276,37.209578484000076],[-3.5739132269999345,37.21256034100003],[-3.575810869999941,37.21060160400003],[-3.572594681999931,37.20849234900004],[-3.5715733229999387,37.20942707200004],[-3.572649450999961,37.20836507200005],[-3.5768572579999613,37.21039988600006],[-3.574957273999928,37.21101304800004],[-3.574977366999974,37.21366307000005],[-3.5675346449999665,37.22213602100004],[-3.566033157999925,37.22635274700008],[-3.5681599189999247,37.227361167000026],[-3.5672805479999283,37.22885269000005],[-3.5625832789999663,37.23387784100004],[-3.5481229339999345,37.239047474000074],[-3.543099980999955,37.24609249800005],[-3.539138191999939,37.24867956600008],[-3.5418454369999495,37.25040693400007],[-3.540761414999963,37.25177299600006],[-3.5209634649999657,37.25713480400003],[-3.51079391199994,37.26082069700004],[-3.50751889299994,37.26351191700007],[-3.5057471899999655,37.25490208700006],[-3.507017560999941,37.250948521000055],[-3.5141855219999343,37.24542812400006],[-3.5146420769999622,37.24126166100007],[-3.523360926999942,37.23687875200005],[-3.5269545789999484,37.229994144000045],[-3.535057533999975,37.223278469000036],[-3.5339423159999797,37.21697366300003],[-3.536607078999964,37.21800262200003]],[[-3.555628183999943,37.22804533900006],[-3.553138897999929,37.23157777600005],[-3.543795604999957,37.23339612400008],[-3.5480285239999603,37.23572214300003],[-3.552395649999937,37.235925405000046],[-3.558199651999928,37.233426103000056],[-3.5576313089999303,37.22982921300007],[-3.561953517999939,37.22907284400003],[-3.5588881279999782,37.22742518600006],[-3.555628183999943,37.22804533900006]]]}},{"type":"Feature","properties":{"ClaseSuelo":"SUELO URBANIZABLE DELIMITADO O SECTORIZADO","NuclRural":"0","AreaLamber":33.96467484,"Shape_STAr":0.0000345088440787},"geometry":{"type":"MultiPolygon","coordinates":[[[[-3.535241633999931,37.22026060400003],[-3.5397411059999513,37.21652884100007],[-3.5425062739999476,37.21696391100005],[-3.5376916119999464,37.223186042000066],[-3.535241633999931,37.22026060400003]]],[[[-3.547641308999971,37.235352136000074],[-3.543795604999957,37.23339612400008],[-3.5472753689999763,37.23203983800005],[-3.550434334999977,37.23372123200005],[-3.5498602389999405,37.235238336000066],[-3.547641308999971,37.235352136000074]]]]}},{"type":"Feature","properties":{"ClaseSuelo":"SUELO URBANO","NuclRural":"0","AreaLamber":21.06905739,"Shape_STAr":0.0000214090326537},"geometry":{"type":"Polygon","coordinates":[[[-3.5498602389999405,37.235238336000066],[-3.555274468999926,37.22910875400004],[-3.558699041999944,37.22805726900003],[-3.556461039999931,37.22962657900007],[-3.5581246459999534,37.23351199100006],[-3.5516356149999524,37.236097947000076],[-3.5498602389999405,37.235238336000066]],[[-3.5552603489999797,37.23434286000003],[-3.55797075199996,37.23344698600005],[-3.556487580999942,37.230115402000024],[-3.5545022339999264,37.23084735800006],[-3.55564314399993,37.23159639900007],[-3.554507373999968,37.23273301000006],[-3.5567138679999744,37.23336956400004],[-3.552942651999956,37.23345867300003],[-3.5522133809999445,37.23472209300007],[-3.5552603489999797,37.23434286000003]]]}},{"type":"Feature","properties":{"ClaseSuelo":"SUELO URBANO NO CONSOLIDADO","NuclRural":"0","AreaLamber":34.49338808,"Shape_STAr":0.0000350466033392},"geometry":{"type":"MultiPolygon","coordinates":[[[[-3.554042463999963,37.23453812100007],[-3.5522133809999445,37.23472209300007],[-3.552942651999956,37.23345867300003],[-3.5567138679999744,37.23336956400004],[-3.554507373999968,37.23273301000006],[-3.55564314399993,37.23159639900007],[-3.5545022339999264,37.23084735800006],[-3.556487580999942,37.230115402000024],[-3.55797075199996,37.23344698600005],[-3.554042463999963,37.23453812100007]]],[[[-3.5715579659999435,37.210678303000066],[-3.572594681999931,37.20849234900004],[-3.575810869999941,37.21060160400003],[-3.5739132269999345,37.21256034100003],[-3.5715579659999435,37.210678303000066]]],[[[-3.5558725089999257,37.22880264600008],[-3.556130517999975,37.227158194000026],[-3.5588881279999782,37.22742518600006],[-3.5558725089999257,37.22880264600008]]],[[[-3.556564486999946,37.229553371000065],[-3.5593552149999255,37.22780466300003],[-3.5619594979999647,37.22890730000006],[-3.5576313089999303,37.22982921300007],[-3.5581886639999425,37.232213512000044],[-3.556564486999946,37.229553371000065]]],[[[-3.551322268999968,37.23209072000003],[-3.5517054789999634,37.23311519400005],[-3.549265913999932,37.23402200100003],[-3.551322268999968,37.23209072000003]]]]}},{"type":"Feature","properties":{"ClaseSuelo":"SUELO NO URBANIZABLE","NuclRural":"0","AreaLamber":44011.0889105,"Shape_STAr":0.0446663214782},"geometry":{"type":"Polygon","coordinates":[[[-4.033686847999945,37.24215221700007],[-4.02585832099993,37.23270191300003],[-4.0256335629999285,37.228593653000075],[-4.043211637999946,37.230549351000036],[-4.058854619999977,37.22707554100003],[-4.063837176999925,37.239127119000045],[-4.075010823999946,37.23206775700004],[-4.073172098999976,37.22800130200005],[-4.0738050969999335,37.22494898600007],[-4.069190054999979,37.22220554200004],[-4.06450732299993,37.213819982000075],[-4.068078366999941,37.21211124600006],[-4.066748189999942,37.21048279100006],[-4.073431142999937,37.20571726800006],[-4.077007049999963,37.19566166800007],[-4.08413326699997,37.19681349500007],[-4.082118226999967,37.18746676500007],[-4.089512268999954,37.18300030900008],[-4.090924848999975,37.177038322000044],[-4.093432416999974,37.17516741500003],[-4.102332953999962,37.17063223400004],[-4.110148395999943,37.16975709400003],[-4.115363082999977,37.170501354000066],[-4.119489489999978,37.17382468000005],[-4.125965957999938,37.17533760400005],[-4.126522297999941,37.17924258900007],[-4.131374255999958,37.17923175400006],[-4.131700318999947,37.17764308300008],[-4.13410850899993,37.17870082300004],[-4.135884414999964,37.17734589300005],[-4.141551249999964,37.178283288000046],[-4.147466150999946,37.17711454400006],[-4.141482002999965,37.178649378000046],[-4.135386887999971,37.177885745000026],[-4.141659613999934,37.17877907900004],[-4.152367370999968,37.17532551900007],[-4.138552635999929,37.175581546000046],[-4.134833221999941,37.177324242000054],[-4.138140693999958,37.17555452900007],[-4.129445572999941,37.17478264600004],[-4.131034838999938,37.17677647000005],[-4.128604293999956,37.176522058000046],[-4.128197707999959,37.17433576900004],[-4.131264062999946,37.174800162000054],[-4.131906997999977,37.173387846000026],[-4.129659591999939,37.17086031000008],[-4.121533149999948,37.17186742900003],[-4.121107009999946,37.169708170000035],[-4.114950459999932,37.16695394900006],[-4.111304589999975,37.16333762000005],[-4.099913553999954,37.16612990900006],[-4.099294649999933,37.170056610000074],[-4.095730119999928,37.16813363000006],[-4.095017919999975,37.17029449000006],[-4.088438929999938,37.16865147100003],[-4.08772468799998,37.16439449300003],[-4.097695318999968,37.16227447400007],[-4.098715618999961,37.15650528800006],[-4.103613552999946,37.15102455400006],[-4.10667875799993,37.151185319000035],[-4.10230525999998,37.14700761900008],[-4.10365601999996,37.143876300000045],[-4.099119469999948,37.140060541000025],[-4.095624639999926,37.132719620000046],[-4.097817889999931,37.13023858100007],[-4.093073199999935,37.12361221000003],[-4.096284089999926,37.11833655000004],[-4.076294450999967,37.09691355600006],[-4.0611970999999585,37.089928633000056],[-4.080133628999931,37.085160710000025],[-4.086547909999979,37.08209153000007],[-4.085647759999972,37.078926910000064],[-4.091309269999954,37.079902540000035],[-4.10460213999994,37.074136880000026],[-4.1119570889999295,37.07321193400003],[-4.114161233999937,37.07470547600008],[-4.123747679999951,37.06950426000003],[-4.1409721689999515,37.06594165000007],[-4.171055309999929,37.05241624000007],[-4.180372859999977,37.05134141000008],[-4.181723689999956,37.04997589000004],[-4.180615309999951,37.04884217100005],[-4.182491539999944,37.04800324000007],[-4.180989619999934,37.044692111000074],[-4.184398639999927,37.036843160000046],[-4.182015649999926,37.03108006000008],[-4.184226849999959,37.03012058000007],[-4.182708609999963,37.02863942000005],[-4.19124028899995,37.024948590000065],[-4.205724049999958,37.026632180000036],[-4.212911659999975,37.02262895000007],[-4.223347844999978,37.01233642400007],[-4.231334820999962,37.01694088000005],[-4.2519258519999426,37.022981093000055],[-4.255055769999956,37.02258752000006],[-4.260443179999925,37.017302450000045],[-4.2725095349999265,37.01490239800006],[-4.270036139999945,37.027034240000035],[-4.271648988999971,37.03004560000005],[-4.272754449999979,37.04172457000004],[-4.281001019999962,37.056715789000066],[-4.284647409999934,37.08889119000003],[-4.283459948999962,37.09186953100004],[-4.286582840999927,37.09822636000007],[-4.28563158999998,37.10853022100008],[-4.287259958999925,37.11164930000007],[-4.287066759999959,37.11952030000003],[-4.291537529999971,37.13025199000003],[-4.297516719999976,37.134296910000046],[-4.302871169999946,37.14520772000003],[-4.313341479999963,37.160126750000074],[-4.323363279999967,37.180728240000064],[-4.327616859999978,37.18433109000006],[-4.323695660999931,37.19008952000007],[-4.310944100999961,37.19538695400007],[-4.2955651059999695,37.19938707400007],[-4.292666881999935,37.20122138500005],[-4.29159870999996,37.20400926000008],[-4.283147468999971,37.207327871000075],[-4.282708629999945,37.21003659300004],[-4.262744459999965,37.227908710000065],[-4.255310042999952,37.229565097000034],[-4.254876673999945,37.230840654000076],[-4.253460312999948,37.227249278000045],[-4.251285350999979,37.22539690000008],[-4.250277859999926,37.226178461000075],[-4.254061642999943,37.229060256000025],[-4.254116819999979,37.231521728000075],[-4.2554488069999366,37.231066232000046],[-4.258690624999929,37.251535079000064],[-4.254769659999965,37.25272620000004],[-4.246144809999976,37.24799513000005],[-4.233471819999977,37.25145372000003],[-4.230804129999967,37.247578660000045],[-4.223894210999958,37.24558618000003],[-4.222268009999937,37.24891088000004],[-4.219118309999942,37.247266840000066],[-4.212190149999969,37.24974450000008],[-4.20141056999995,37.25752471000004],[-4.1983921889999465,37.25704114700005],[-4.196567151999943,37.255734690000054],[-4.194634279999946,37.24972452000003],[-4.195924530999946,37.247196477000045],[-4.1946788699999615,37.244694570000036],[-4.182363900999974,37.23655276000005],[-4.179715208999937,37.23658816900007],[-4.181030606999968,37.23421348000005],[-4.171281409999949,37.229217679000044],[-4.171403810999948,37.232028670000034],[-4.163007809999954,37.23510384000008],[-4.161956658999941,37.23711479000008],[-4.16593672099998,37.23791412600008],[-4.1582566699999575,37.24434412000005],[-4.15905616699996,37.245769206000034],[-4.157367509999972,37.24812945000008],[-4.155608982999979,37.248146494000025],[-4.157802216999926,37.24928781600005],[-4.156015888999946,37.251901186000055],[-4.160060010999928,37.25608873700003],[-4.156697980999979,37.25595967000004],[-4.157334349999928,37.25996444000003],[-4.154493460999959,37.26445380900003],[-4.158832908999955,37.26651153500006],[-4.159105609999926,37.26884340000004],[-4.157728359999965,37.26875772000005],[-4.159304190999933,37.27076131000007],[-4.166193022999948,37.27207276100006],[-4.1675114499999495,37.27418694100004],[-4.154757169999925,37.27876457000008],[-4.141367618999936,37.276487761000055],[-4.128038959999969,37.27823784000003],[-4.126548519999972,37.28040623000004],[-4.127645409999957,37.282856450000054],[-4.112122929999941,37.28894303000004],[-4.1074980009999535,37.29282592800007],[-4.095560542999976,37.28262559500007],[-4.0943720759999565,37.28312330700004],[-4.094356618999939,37.27816608300003],[-4.092830680999953,37.27716169100006],[-4.046001738999962,37.25788094300003],[-4.033686847999945,37.24215221700007]],[[-4.1522721319999505,37.25015887500007],[-4.154072118999977,37.24942869000006],[-4.15356881699995,37.24547218300006],[-4.148317367999937,37.244663942000045],[-4.146690904999957,37.24805526700004],[-4.150241543999925,37.24818563500003],[-4.150697524999941,37.250052107000045],[-4.1522721319999505,37.25015887500007]],[[-4.070261844999948,37.214751928000055],[-4.067021022999938,37.21538144400006],[-4.072476187999939,37.22118705400004],[-4.070261844999948,37.214751928000055]],[[-4.078410343999963,37.215383591000034],[-4.084157538999932,37.21484895900005],[-4.081019192999975,37.21444402100008],[-4.078410343999963,37.215383591000034]],[[-4.2294245709999245,37.20373261800006],[-4.228402482999968,37.201525177000065],[-4.225644172999978,37.20136471500007],[-4.226705669999944,37.20404975900004],[-4.2294245709999245,37.20373261800006]],[[-4.20277770499996,37.180990748000056],[-4.201960725999925,37.17863469300005],[-4.199977297999965,37.17888643300006],[-4.200504850999948,37.18126572800003],[-4.20277770499996,37.180990748000056]],[[-4.19969462499995,37.17877063700007],[-4.197002950999945,37.176452417000064],[-4.192900192999957,37.17880182600004],[-4.19969462499995,37.17877063700007]],[[-4.1800504729999375,37.176294075000044],[-4.181166254999937,37.17466918200006],[-4.174723680999932,37.17657577700004],[-4.1800504729999375,37.176294075000044]],[[-4.198333137999953,37.176476328000035],[-4.198743952999962,37.175653081000064],[-4.197270038999932,37.176173719000076],[-4.198333137999953,37.176476328000035]],[[-4.195115464999958,37.17519040500008],[-4.196887717999971,37.17601542700004],[-4.197512337999967,37.17490053800003],[-4.195115464999958,37.17519040500008]],[[-4.28304620199998,37.16965451500005],[-4.27598181999997,37.17408883300004],[-4.2816568829999255,37.17191325400006],[-4.281295217999968,37.17027124900005],[-4.28304620199998,37.16965451500005]],[[-4.155682570999943,37.174354479000044],[-4.152640591999955,37.17432548800008],[-4.155198473999974,37.17606103000003],[-4.157942864999939,37.175594799000066],[-4.155682570999943,37.174354479000044]],[[-4.156158921999975,37.174179121000066],[-4.158318592999933,37.17421180200006],[-4.156823302999953,37.170824604000074],[-4.151584158999981,37.16971059200006],[-4.142417664999925,37.17200553200007],[-4.1390358999999535,37.174387797000065],[-4.146906053999942,37.17570486900007],[-4.156158921999975,37.174179121000066]],[[-4.161009003999936,37.16925484700005],[-4.165636288999963,37.168674950000025],[-4.160022337999976,37.16601399800004],[-4.155098558999953,37.16668389000006],[-4.153465629999971,37.16581598200003],[-4.1533588739999345,37.16279539400006],[-4.1477965999999356,37.16238812300003],[-4.1462228529999265,37.16085045600005],[-4.144602929999962,37.16226499900006],[-4.145998732999942,37.160707288000026],[-4.144166221999967,37.15999762700005],[-4.136299851999979,37.16280028700004],[-4.132993218999957,37.162487576000046],[-4.1318295119999675,37.159486068000035],[-4.123486856999932,37.162488290000056],[-4.125826964999931,37.16418446500006],[-4.119020319999947,37.16372222700005],[-4.1192237399999385,37.16545703400004],[-4.116906151999956,37.16547429000008],[-4.118921459999967,37.16895396100006],[-4.120966110999973,37.16762996400007],[-4.12259609299997,37.16857625100005],[-4.125348643999928,37.16794185100008],[-4.125458972999979,37.16580077500004],[-4.133416272999966,37.16346654100005],[-4.133796909999944,37.16506491100006],[-4.144057604999944,37.166092381000055],[-4.148216226999978,37.169533787000034],[-4.161009003999936,37.16925484700005]],[[-4.173408101999939,37.16949903600005],[-4.174982535999959,37.171365739000066],[-4.1769362739999565,37.17108465100006],[-4.177315746999966,37.16882076200005],[-4.184040532999973,37.16513100000003],[-4.176508353999964,37.167673997000065],[-4.171005339999965,37.16662484100004],[-4.170390863999955,37.16935974200004],[-4.173408101999939,37.16949903600005]],[[-4.2928895739999575,37.16373947000005],[-4.290897118999965,37.163913673000025],[-4.2908461409999745,37.16517438100004],[-4.2928895739999575,37.16373947000005]],[[-4.292765943999939,37.16679821200006],[-4.291385813999966,37.165859271000045],[-4.291871856999933,37.16720793200005],[-4.292765943999939,37.16679821200006]],[[-4.27779161899997,37.17092440000005],[-4.278253262999954,37.17182937000007],[-4.27926869099997,37.17009041600005],[-4.274179146999927,37.170870430000036],[-4.276433208999947,37.17251710900007],[-4.27779161899997,37.17092440000005]],[[-4.18039998699993,37.172375112000054],[-4.181173954999963,37.171073783000054],[-4.178820411999936,37.17188500100008],[-4.18039998699993,37.172375112000054]],[[-4.126448464999953,37.16121917000004],[-4.128137226999968,37.16059133600004],[-4.127625574999968,37.157842714000026],[-4.130748399999959,37.156908292000026],[-4.130883016999974,37.15481443300007],[-4.121534405999967,37.15472344800003],[-4.122429518999979,37.16126848600004],[-4.126448464999953,37.16121917000004]],[[-4.206886681999947,37.154101180000055],[-4.208100894999973,37.153223773000036],[-4.206416756999943,37.149533390000045],[-4.206886681999947,37.154101180000055]],[[-4.266867397999931,37.147449420000044],[-4.267928248999965,37.149050276000025],[-4.277014888999929,37.14580355500004],[-4.27321414499994,37.14135727200005],[-4.264172076999955,37.14417858500008],[-4.266867397999931,37.147449420000044]],[[-4.277903096999978,37.152159389000076],[-4.2830117909999785,37.15271706900006],[-4.286517863999961,37.14902336400007],[-4.283086934999972,37.14494183900007],[-4.277903096999978,37.152159389000076]],[[-4.2331114859999275,37.15244049900008],[-4.23246272199998,37.152751229000046],[-4.240342357999964,37.15062138900004],[-4.237549306999938,37.15057925900004],[-4.2331114859999275,37.15244049900008]],[[-4.208199932999946,37.15410344900005],[-4.205930745999979,37.15662473400005],[-4.210921653999947,37.15721966700005],[-4.210423921999961,37.155542697000044],[-4.208430852999925,37.15523179500008],[-4.215993509999976,37.15432255700006],[-4.210584482999934,37.15437663300003],[-4.2078730479999535,37.15031314100003],[-4.208199932999946,37.15410344900005]],[[-4.28623380099998,37.15581565800005],[-4.2876234829999476,37.15603687400005],[-4.2878697249999504,37.15349143700007],[-4.290979596999932,37.15120413600005],[-4.295460768999931,37.15245792600007],[-4.298012797999945,37.15062400700003],[-4.296536637999964,37.14902035600005],[-4.29358067499993,37.14902814000004],[-4.286132805999955,37.15317462000007],[-4.284996504999981,37.15574703100003],[-4.2826269279999565,37.15595886300008],[-4.2789522539999325,37.160438928000076],[-4.283009928999945,37.15797073300007],[-4.285004839999942,37.15837426100006],[-4.28623380099998,37.15581565800005]],[[-4.291946977999942,37.15571160700006],[-4.295790438999973,37.154283056000054],[-4.290423497999939,37.154884768000045],[-4.28911599099996,37.15764888700005],[-4.283820422999952,37.16137403300007],[-4.288952676999941,37.159996410000076],[-4.291613371999972,37.15797876100004],[-4.291946977999942,37.15571160700006]],[[-4.295157599999925,37.162567154000044],[-4.294264966999947,37.16291599400006],[-4.294766214999925,37.16324390400007],[-4.295157599999925,37.162567154000044]],[[-4.279560947999926,37.13744184600006],[-4.284491135999929,37.13351311800005],[-4.275207384999931,37.13774288900004],[-4.276129695999941,37.139072431000045],[-4.279560947999926,37.13744184600006]],[[-4.213907563999953,37.135067520000064],[-4.21428216299995,37.133140464000064],[-4.211657058999947,37.13257374800003],[-4.210215443999971,37.13396698300005],[-4.212005777999934,37.13629061100005],[-4.213907563999953,37.135067520000064]],[[-4.255757481999979,37.10124693000006],[-4.257572836999941,37.10086418900005],[-4.257852563999961,37.098742541000036],[-4.261252999999954,37.09892388800006],[-4.26068829899998,37.09632326500008],[-4.256002164999927,37.09796562100007],[-4.254852486999937,37.09628397000006],[-4.252850764999948,37.09710627700008],[-4.254571280999926,37.099621013000046],[-4.253837071999953,37.10116595400007],[-4.255757481999979,37.10124693000006]]]}},{"type":"Feature","properties":{"ClaseSuelo":"SUELO URBANIZABLE DELIMITADO O SECTORIZADO","NuclRural":"0","AreaLamber":307.03757434,"Shape_STAr":0.000311625887308},"geometry":{"type":"MultiPolygon","coordinates":[[[[-4.266301694999925,37.14670156100004],[-4.264172076999955,37.14417858500008],[-4.27321414499994,37.14135727200005],[-4.277014888999929,37.14580355500004],[-4.267928248999965,37.149050276000025],[-4.266301694999925,37.14670156100004]]],[[[-4.27926585299997,37.15267373000006],[-4.277501356999949,37.15273873700005],[-4.283086934999972,37.14494183900007],[-4.286517863999961,37.14902336400007],[-4.2830117909999785,37.15271706900006],[-4.27926585299997,37.15267373000006]]],[[[-4.207700043999978,37.15481314900006],[-4.2078730479999535,37.15031314100003],[-4.210584482999934,37.15437663300003],[-4.215993509999976,37.15432255700006],[-4.207700043999978,37.15481314900006]]],[[[-4.209043667999936,37.15561441300008],[-4.2107094499999675,37.15644379100007],[-4.207867187999966,37.15589137300003],[-4.209043667999936,37.15561441300008]]],[[[-4.129587641999933,37.15587470400004],[-4.130883016999974,37.15481443300007],[-4.129805027999964,37.15790650900004],[-4.129587641999933,37.15587470400004]]],[[[-4.121693174999962,37.15790907500008],[-4.120918542999959,37.155511594000075],[-4.123559952999926,37.154288776000044],[-4.126454145999958,37.157180776000075],[-4.121693174999962,37.15790907500008]]],[[[-4.125943947999929,37.15790580600003],[-4.127625574999968,37.157842714000026],[-4.128090116999942,37.16064372400007],[-4.126448464999953,37.16121917000004],[-4.125943947999929,37.15790580600003]]],[[[-4.281996368999955,37.157998787000054],[-4.286132805999955,37.15317462000007],[-4.29358067499993,37.14902814000004],[-4.296536637999964,37.14902035600005],[-4.298012797999945,37.15062400700003],[-4.297164280999937,37.15229698700006],[-4.290475613999945,37.15144774500004],[-4.2878697249999504,37.15349143700007],[-4.2876234829999476,37.15603687400005],[-4.284612392999975,37.15694078000007],[-4.285004839999942,37.15837426100006],[-4.283009928999945,37.15797073300007],[-4.2789522539999325,37.160438928000076],[-4.281996368999955,37.157998787000054]]],[[[-4.14204510899998,37.16241410600003],[-4.1393632259999436,37.161315960000024],[-4.145998732999942,37.160707288000026],[-4.14204510899998,37.16241410600003]]],[[[-4.284484961999965,37.16140934100008],[-4.290423497999939,37.154884768000045],[-4.295790438999973,37.154283056000054],[-4.292264323999973,37.155340172000024],[-4.291613371999972,37.15797876100004],[-4.288712858999929,37.16015648400003],[-4.284484961999965,37.16140934100008]]],[[[-4.123486856999932,37.162488290000056],[-4.129161059999944,37.160703598000055],[-4.128198416999965,37.16275574100007],[-4.124874840999951,37.16253843000004],[-4.126001020999979,37.164103942000054],[-4.123486856999932,37.162488290000056]]],[[[-4.122104108999963,37.16588513700003],[-4.121318977999977,37.16366268500008],[-4.130284908999954,37.164284477000024],[-4.12541230599993,37.165824970000074],[-4.125348643999928,37.16794185100008],[-4.12259609299997,37.16857625100005],[-4.120966110999973,37.16762996400007],[-4.122104108999963,37.16588513700003]]],[[[-4.17385053299995,37.16946051200006],[-4.174240333999933,37.16815918000003],[-4.184040532999973,37.16513100000003],[-4.177315746999966,37.16882076200005],[-4.1769362739999565,37.17108465100006],[-4.174982535999959,37.171365739000066],[-4.17385053299995,37.16946051200006]]],[[[-4.1516797429999315,37.17046304000007],[-4.155562288999931,37.17059584000003],[-4.153699833999951,37.17206290200005],[-4.1516797429999315,37.17046304000007]]],[[[-4.129472373999931,37.17320802000006],[-4.1276229369999555,37.17076232900007],[-4.129659591999939,37.17086031000008],[-4.129472373999931,37.17320802000006]]],[[[-4.27420167799994,37.17085633800008],[-4.27926869099997,37.17009041600005],[-4.278253262999954,37.17182937000007],[-4.276524778999942,37.170878394000056],[-4.276433208999947,37.17251710900007],[-4.27420167799994,37.17085633800008]]],[[[-4.155302832999951,37.17209993400007],[-4.158133181999972,37.17268674600007],[-4.158103849999975,37.174156898000035],[-4.155302832999951,37.17209993400007]]],[[[-4.142496567999956,37.175170052000055],[-4.144961707999926,37.17509470700003],[-4.14462918199996,37.171908751000046],[-4.147769296999968,37.17151741500004],[-4.149468946999946,37.17320414400007],[-4.148119961999953,37.17554927600003],[-4.142496567999956,37.175170052000055]]],[[[-4.279686439999978,37.17118365600004],[-4.283602762999976,37.169132553000054],[-4.281295217999968,37.17027124900005],[-4.2816568829999255,37.17191325400006],[-4.27598181999997,37.17408883300004],[-4.279686439999978,37.17118365600004]]],[[[-4.152647998999953,37.17437437900003],[-4.158185630999981,37.17480868200005],[-4.155198473999974,37.17606103000003],[-4.152647998999953,37.17437437900003]]],[[[-4.131714836999947,37.17722866200006],[-4.129445572999941,37.17478264600004],[-4.138140693999958,37.17555452900007],[-4.131714836999947,37.17722866200006]]],[[[-4.176972558999978,37.176818292000064],[-4.174723680999932,37.17657577700004],[-4.178504614999952,37.174833515000046],[-4.176972558999978,37.176818292000064]]],[[[-4.140203714999927,37.17779163400007],[-4.134833221999941,37.177324242000054],[-4.138552635999929,37.175581546000046],[-4.142440138999973,37.17552095700006],[-4.142312687999947,37.17761719500004],[-4.146829422999929,37.17704419900008],[-4.140203714999927,37.17779163400007]]],[[[-4.1399763799999505,37.17870457600003],[-4.135386887999971,37.177885745000026],[-4.141734511999971,37.178629544000046],[-4.148662884999965,37.17714059600007],[-4.152200960999949,37.174347623000074],[-4.148624110999947,37.17749276200004],[-4.1399763799999505,37.17870457600003]]]]}},{"type":"Feature","properties":{"ClaseSuelo":"SUELO URBANIZABLE NO DELIMITADO O SECTORIZADO","NuclRural":"0","AreaLamber":16.80126261,"Shape_STAr":0.000017054446001},"geometry":{"type":"Polygon","coordinates":[[[-4.119020319999947,37.16372222700005],[-4.121318977999977,37.16366268500008],[-4.122260862999951,37.16690692900005],[-4.119002268999964,37.168963130000066],[-4.116906151999956,37.16547429000008],[-4.1192237399999385,37.16545703400004],[-4.119020319999947,37.16372222700005]]]}},{"type":"Feature","properties":{"ClaseSuelo":"SUELO URBANO","NuclRural":"0","AreaLamber":347.03351208,"Shape_STAr":0.000352278216518},"geometry":{"type":"MultiPolygon","coordinates":[[[[-4.15698174399995,37.169010453000055],[-4.154572419999965,37.16755226400005],[-4.1530047419999505,37.16903400600006],[-4.147259462999955,37.169221582000034],[-4.142845555999941,37.16563680000007],[-4.144791814999962,37.16483336300007],[-4.133796909999944,37.16506491100006],[-4.1330360309999605,37.16345955200006],[-4.12273020899994,37.16461958300005],[-4.126001020999979,37.164103942000054],[-4.124874840999951,37.16253843000004],[-4.128198416999965,37.16275574100007],[-4.130285141999934,37.160132600000054],[-4.131344010999953,37.16295414100006],[-4.137995190999959,37.16147283400005],[-4.139075901999945,37.163941547000036],[-4.1462228529999265,37.16085045600005],[-4.14771236699994,37.16297069900003],[-4.1533588739999345,37.16279539400006],[-4.153465629999971,37.16581598200003],[-4.155098558999953,37.16668389000006],[-4.159640485999944,37.16634086600004],[-4.159786851999968,37.16839453800003],[-4.162218262999943,37.168177092000064],[-4.16163678099997,37.167132570000035],[-4.165636288999963,37.168674950000025],[-4.15698174399995,37.169010453000055]],[[-4.157949335999945,37.16740345900007],[-4.157572125999934,37.16698269900007],[-4.15638549199997,37.16770610300006],[-4.157949335999945,37.16740345900007]],[[-4.147629472999938,37.16727788900005],[-4.146949843999948,37.166944242000056],[-4.146667656999966,37.16777069200003],[-4.147629472999938,37.16727788900005]],[[-4.141919616999928,37.16412368500005],[-4.141114241999958,37.16361967800003],[-4.14108003299998,37.16443370500008],[-4.141919616999928,37.16412368500005]]],[[[-4.253806045999966,37.100943898000025],[-4.254571280999926,37.099621013000046],[-4.252850764999948,37.09710627700008],[-4.254852486999937,37.09628397000006],[-4.256002164999927,37.09796562100007],[-4.26068829899998,37.09632326500008],[-4.261252999999954,37.09892388800006],[-4.257852563999961,37.098742541000036],[-4.256848594999951,37.101286799000036],[-4.253806045999966,37.100943898000025]]],[[[-4.283817987999953,37.13372513100006],[-4.284609957999976,37.13401186100003],[-4.283689107999976,37.134979860000044],[-4.283817987999953,37.13372513100006]]],[[[-4.213476794999963,37.13631378600007],[-4.210215443999971,37.13396698300005],[-4.213288558999977,37.13433027000008],[-4.213476794999963,37.13631378600007]]],[[[-4.27565522499998,37.137341040000024],[-4.281449357999975,37.13653388700004],[-4.276129695999941,37.139072431000045],[-4.27565522499998,37.137341040000024]]],[[[-4.2331114859999275,37.15244049900008],[-4.237549306999938,37.15057925900004],[-4.240342357999964,37.15062138900004],[-4.23246272199998,37.152751229000046],[-4.2331114859999275,37.15244049900008]]],[[[-4.206342020999955,37.14959582400007],[-4.208095853999964,37.15318644700005],[-4.207324837999977,37.15476897800005],[-4.206342020999955,37.14959582400007]]],[[[-4.2103956269999685,37.155262479000044],[-4.209513233999928,37.15474570500004],[-4.2159669309999686,37.15450003400008],[-4.2103956269999685,37.155262479000044]]],[[[-4.206132423999975,37.156319944000074],[-4.207330584999966,37.15505778700003],[-4.208430852999925,37.15523179500008],[-4.206132423999975,37.156319944000074]]],[[[-4.208703312999944,37.15674211900006],[-4.2107094499999675,37.15644379100007],[-4.210921653999947,37.15721966700005],[-4.208703312999944,37.15674211900006]]],[[[-4.131589781999935,37.16044024400003],[-4.1309175779999805,37.15970809500004],[-4.1318295119999675,37.159486068000035],[-4.131589781999935,37.16044024400003]]],[[[-4.1226420039999425,37.16126783400006],[-4.121735729999955,37.15828513800005],[-4.1258108699999525,37.157842068000036],[-4.125916211999936,37.15466743300004],[-4.129786374999981,37.15480980900003],[-4.129677896999965,37.15803215100004],[-4.125943947999929,37.15790580600003],[-4.126448464999953,37.16121917000004],[-4.1226420039999425,37.16126783400006]]],[[[-4.139479259999973,37.16218108000004],[-4.1396819289999485,37.16250914700004],[-4.13930208599993,37.16261022500004],[-4.139479259999973,37.16218108000004]]],[[[-4.144226749999973,37.16696092400008],[-4.144220235999967,37.16692121800003],[-4.144237573999931,37.16699619600007],[-4.144226749999973,37.16696092400008]]],[[[-4.170200263999959,37.16911092000004],[-4.171005339999965,37.16662484100004],[-4.175878980999926,37.167781536000064],[-4.17385053299995,37.16946051200006],[-4.170200263999959,37.16911092000004]]],[[[-4.129040505999967,37.17420605800004],[-4.128119536999975,37.17247591100005],[-4.129728296999929,37.173093806000054],[-4.129661390999956,37.17086326400005],[-4.131906997999977,37.173387846000026],[-4.131264062999946,37.174800162000054],[-4.129040505999967,37.17420605800004]]],[[[-4.1390728359999684,37.17510525400007],[-4.142417664999925,37.17200553200007],[-4.145267584999942,37.17290651700006],[-4.144961707999926,37.17509470700003],[-4.1390728359999684,37.17510525400007]]],[[[-4.149146747999964,37.17420837800006],[-4.14788275199993,37.17010410800003],[-4.149322358999939,37.17097969900004],[-4.151584158999981,37.16971059200006],[-4.151778242999967,37.17162566800005],[-4.153699833999951,37.17206290200005],[-4.156823302999953,37.170824604000074],[-4.155302832999951,37.17209993400007],[-4.156158921999975,37.174179121000066],[-4.148119961999953,37.17554927600003],[-4.149146747999964,37.17420837800006]]],[[[-4.195115464999958,37.17519040500008],[-4.197512337999967,37.17490053800003],[-4.196887717999971,37.17601542700004],[-4.195115464999958,37.17519040500008]]],[[[-4.198333137999953,37.176476328000035],[-4.197270038999932,37.176173719000076],[-4.198743952999962,37.175653081000064],[-4.198333137999953,37.176476328000035]]],[[[-4.177375392999977,37.176601910000045],[-4.179485335999971,37.17505430500006],[-4.1800504729999375,37.176294075000044],[-4.177375392999977,37.176601910000045]]],[[[-4.142409029999953,37.176931050000064],[-4.142440138999973,37.17552095700006],[-4.1510371479999435,37.17476041000003],[-4.1484184929999515,37.177211088000035],[-4.142409029999953,37.176931050000064]]],[[[-4.129405990999942,37.179499648000046],[-4.126136864999978,37.17887164200005],[-4.125965957999938,37.17533760400005],[-4.135337290999928,37.17775433700007],[-4.1330125169999405,37.17870984500007],[-4.131700318999947,37.17764308300008],[-4.131374255999958,37.17923175400006],[-4.129405990999942,37.179499648000046]]],[[[-4.193197227999974,37.17906614000003],[-4.197002950999945,37.176452417000064],[-4.19969462499995,37.17877063700007],[-4.193197227999974,37.17906614000003]]],[[[-4.20231408799998,37.17993957500005],[-4.201243683999962,37.18059230800003],[-4.199977297999965,37.17888643300006],[-4.201960725999925,37.17863469300005],[-4.20277770499996,37.180990748000056],[-4.20231408799998,37.17993957500005]]],[[[-4.226707584999929,37.20395062100005],[-4.226009265999949,37.201154279000036],[-4.229709166999953,37.202953455000056],[-4.226707584999929,37.20395062100005]]],[[[-4.078410343999963,37.215383591000034],[-4.081019192999975,37.21444402100008],[-4.084157538999932,37.21484895900005],[-4.078410343999963,37.215383591000034]]],[[[-4.071921131999943,37.22118752500006],[-4.0670966399999315,37.21511532200003],[-4.069521950999956,37.213962439000056],[-4.070836834999966,37.215452162000076],[-4.071921131999943,37.22118752500006]]],[[[-4.254011547999937,37.231109580000066],[-4.251285350999979,37.22539690000008],[-4.254722785999945,37.22889808300005],[-4.2554488069999366,37.231066232000046],[-4.254011547999937,37.231109580000066]]],[[[-4.1522721319999505,37.25015887500007],[-4.150697524999941,37.250052107000045],[-4.150241543999925,37.24818563500003],[-4.146690904999957,37.24805526700004],[-4.148317367999937,37.244663942000045],[-4.15356881699995,37.24547218300006],[-4.154072118999977,37.24942869000006],[-4.1522721319999505,37.25015887500007]]]]}},{"type":"Feature","properties":{"ClaseSuelo":"SUELO URBANO NO CONSOLIDADO","NuclRural":"0","AreaLamber":47.45693112,"Shape_STAr":0.0000481691025918},"geometry":{"type":"MultiPolygon","coordinates":[[[[-4.138819128999955,37.16313719200008],[-4.1393632259999436,37.161315960000024],[-4.144602929999962,37.16226499900006],[-4.138819128999955,37.16313719200008]]],[[[-4.255199051999966,37.10075582400003],[-4.2553028129999575,37.10185246700007],[-4.25471689099993,37.10139288100004],[-4.255199051999966,37.10075582400003]]],[[[-4.212566068999934,37.134176678000074],[-4.210388217999935,37.13380328400007],[-4.21428216299995,37.133140464000064],[-4.213957479999976,37.134928054000056],[-4.212566068999934,37.134176678000074]]],[[[-4.2828479649999736,37.134554508000065],[-4.283689107999976,37.134979860000044],[-4.281449357999975,37.13653388700004],[-4.2828479649999736,37.134554508000065]]],[[[-4.130514085999948,37.16200886800004],[-4.1312528889999385,37.15993747300007],[-4.133062820999953,37.16260766500005],[-4.130514085999948,37.16200886800004]]],[[[-4.147410006999962,37.16254496700003],[-4.146885329999975,37.16116946000005],[-4.148427182999967,37.16255970900005],[-4.147410006999962,37.16254496700003]]],[[[-4.1417500089999635,37.163446935000024],[-4.141919616999928,37.16412368500005],[-4.14108003299998,37.16443370500008],[-4.1417500089999635,37.163446935000024]]],[[[-4.294212374999972,37.162667501000044],[-4.295090954999978,37.16229604500006],[-4.295320409999931,37.16284889900004],[-4.294212374999972,37.162667501000044]]],[[[-4.1441893399999685,37.165552681000065],[-4.139584175999971,37.16537440900004],[-4.14543492599995,37.165410767000026],[-4.1441893399999685,37.165552681000065]]],[[[-4.291236610999931,37.16375836900005],[-4.292986029999952,37.16457835400007],[-4.291095441999971,37.16532725900004],[-4.291236610999931,37.16375836900005]]],[[[-4.145019225999931,37.167427297000074],[-4.144203546999961,37.16684905000005],[-4.145965607999926,37.16749774400006],[-4.145019225999931,37.167427297000074]]],[[[-4.157305518999976,37.16759338400004],[-4.15638549199997,37.16770610300006],[-4.157949335999945,37.16740345900007],[-4.157305518999976,37.16759338400004]]],[[[-4.1469285529999524,37.16731331400007],[-4.1476218529999755,37.16723547400005],[-4.147215424999956,37.168046781000044],[-4.1469285529999524,37.16731331400007]]],[[[-4.160814700999936,37.16853344300006],[-4.158935044999964,37.16587988500004],[-4.1622610999999665,37.16797611000004],[-4.160814700999936,37.16853344300006]]],[[[-4.29233938699997,37.16723122600007],[-4.291385813999966,37.165859271000045],[-4.292780185999959,37.16681353900003],[-4.29233938699997,37.16723122600007]]],[[[-4.1564849199999685,37.16909970100005],[-4.1530047419999505,37.16903400600006],[-4.154572419999965,37.16755226400005],[-4.1564849199999685,37.16909970100005]]],[[[-4.161032468999963,37.16904993600008],[-4.160237913999936,37.168840646000035],[-4.161705960999939,37.16870556300006],[-4.161032468999963,37.16904993600008]]],[[[-4.149322358999939,37.17097969900004],[-4.148773269999936,37.16994587000005],[-4.150054996999927,37.16975419700003],[-4.149322358999939,37.17097969900004]]],[[[-4.1480063969999605,37.171444450000024],[-4.149098642999945,37.172120505000066],[-4.14831778599995,37.17266384100003],[-4.1480063969999605,37.171444450000024]]],[[[-4.180504274999976,37.171058912000035],[-4.180453539999974,37.172716681000054],[-4.178820411999936,37.17188500100008],[-4.180504274999976,37.171058912000035]]],[[[-4.15617139699998,37.17414400600006],[-4.156395098999951,37.17365807900006],[-4.158318592999933,37.17421180200006],[-4.15617139699998,37.17414400600006]]],[[[-4.179520990999947,37.17512793800006],[-4.181372922999969,37.17497617600003],[-4.1800504729999375,37.176294075000044],[-4.179520990999947,37.17512793800006]]],[[[-4.200915137999971,37.18151102100006],[-4.202203186999952,37.17984363100004],[-4.20277770499996,37.180990748000056],[-4.200915137999971,37.18151102100006]]],[[[-4.250929399999961,37.22564811700005],[-4.253146077999929,37.227529505000064],[-4.250277859999926,37.226178461000075],[-4.250929399999961,37.22564811700005]]]]}},{"type":"Feature","properties":{"ClaseSuelo":"SUELO NO URBANIZABLE","NuclRural":"0","AreaLamber":25246.5002103,"Shape_STAr":0.0256834448799},"geometry":{"type":"Polygon","coordinates":[[[-4.026864798999952,37.40548138300005],[-4.017464668999935,37.40132649000003],[-4.00054892199995,37.40202060400003],[-3.9829665059999684,37.388008101000025],[-3.973186046999956,37.38817011000003],[-3.952077152999948,37.378652619000036],[-3.9366064759999517,37.37983077400003],[-3.923727860999975,37.37870636200006],[-3.9228164999999535,37.365166110000075],[-3.9256589299999405,37.36213337000004],[-3.9210074999999733,37.353904270000044],[-3.921468197999957,37.34819511500007],[-3.91943269199993,37.34513728200005],[-3.9257097919999637,37.34146490400008],[-3.921739119999927,37.33432109000006],[-3.924004441999955,37.32850775400004],[-3.920990268999958,37.31273939000005],[-3.9265698269999803,37.308540625000035],[-3.928261609999936,37.30478666300007],[-3.937628140999948,37.300323251000066],[-3.945314767999946,37.298747812000045],[-3.9528449379999415,37.289259247000075],[-3.9521168219999367,37.28787699800006],[-3.9671301769999445,37.278020619000074],[-3.982231515999956,37.27090172700008],[-3.9807502609999688,37.26712832700008],[-3.9870261619999496,37.261487776000024],[-3.986162368999942,37.25664566200004],[-3.9840282199999706,37.25468940600007],[-3.9870230939999374,37.25174408000004],[-4.0156628599999635,37.24159602000003],[-4.033686847999945,37.24215221700007],[-4.046001738999962,37.25788094300003],[-4.094094155999926,37.27795222000003],[-4.0943720759999565,37.28312330700004],[-4.095560542999976,37.28262559500007],[-4.105403001999946,37.28997035700007],[-4.1074980009999535,37.29282592800007],[-4.10705811899993,37.29513749800003],[-4.111654423999937,37.30080891100005],[-4.12343513999997,37.30771930800006],[-4.127410614999974,37.313233670000045],[-4.132582771999978,37.31574408600005],[-4.142389940999976,37.32842190900004],[-4.144473169999969,37.334053150000045],[-4.161966789999951,37.34194068000005],[-4.157839729999978,37.342251530000055],[-4.150295909999954,37.35170799000008],[-4.144842369999935,37.36285631000004],[-4.130202599999961,37.373073960000056],[-4.12721948899997,37.37825804000005],[-4.102896228999953,37.38942946100008],[-4.102611359999969,37.39389373000006],[-4.0982662999999775,37.396511960000055],[-4.098228478999943,37.40011765000003],[-4.08594347899998,37.40374626000005],[-4.072321110999951,37.402410350000025],[-4.066736349999928,37.404560950000075],[-4.053726278999932,37.40255939000008],[-4.044901738999954,37.40333169000007],[-4.037378929999932,37.405930640000065],[-4.026864798999952,37.40548138300005]],[[-4.030488631999958,37.393137559000024],[-4.031120628999929,37.391923924000025],[-4.0288584209999385,37.39399264800005],[-4.030488631999958,37.393137559000024]],[[-4.03299616299995,37.39127220600005],[-4.033630432999928,37.39093998100003],[-4.032776042999956,37.39067868800004],[-4.03299616299995,37.39127220600005]],[[-4.034526486999937,37.39009225600006],[-4.033706872999971,37.390221447000044],[-4.035740041999929,37.39055468000004],[-4.034526486999937,37.39009225600006]],[[-4.007411132999948,37.32990804000008],[-4.010127547999957,37.328905889000055],[-4.008743648999939,37.323993882000025],[-4.010636163999948,37.32368751400003],[-4.001110627999935,37.32508787000006],[-4.001447940999981,37.33059466000003],[-4.0046463989999666,37.32749608100005],[-4.003256715999953,37.33252474000005],[-4.0080916709999315,37.33155573600004],[-4.007411132999948,37.32990804000008]],[[-4.002450666999948,37.32956653400004],[-4.000988278999955,37.33172345100007],[-4.003201267999941,37.332519682000054],[-4.004215396999939,37.328104447000044],[-4.002450666999948,37.32956653400004]],[[-3.9901769319999403,37.328882598000064],[-3.9919271509999703,37.32402067000004],[-3.9875392829999328,37.325538460000075],[-3.989075990999936,37.32767436600005],[-3.9906775159999484,37.32727404900004],[-3.9901769319999403,37.328882598000064]],[[-3.9885111829999573,37.32408719600005],[-3.9863275569999246,37.324957047000055],[-3.991000367999959,37.32401812100005],[-3.9885111829999573,37.32408719600005]],[[-3.9998806309999395,37.32366743000006],[-4.01435824999993,37.323461559000066],[-4.012687368999934,37.32168760300004],[-4.014204005999943,37.31972318000004],[-4.010250575999976,37.31988734300006],[-4.008619128999953,37.317405576000056],[-4.010361333999981,37.31732436200008],[-4.006233739999971,37.31432004100003],[-4.008224207999945,37.318715388000044],[-4.004603200999952,37.321261744000026],[-3.998581139999942,37.32062935600004],[-3.9998806309999395,37.32366743000006]]]}},{"type":"Feature","properties":{"ClaseSuelo":"SUELO URBANIZABLE DELIMITADO O SECTORIZADO","NuclRural":"0","AreaLamber":33.12808144,"Shape_STAr":0.0000336998856511},"geometry":{"type":"MultiPolygon","coordinates":[[[[-3.9901769319999403,37.328882598000064],[-3.9906775159999484,37.32727404900004],[-3.989075990999936,37.32767436600005],[-3.9875392829999328,37.325538460000075],[-3.9919271509999703,37.32402067000004],[-3.9901769319999403,37.328882598000064]]],[[[-3.998929511999961,37.32306076400005],[-4.000087280999935,37.322840187000054],[-3.9997843269999294,37.32338938500004],[-3.998929511999961,37.32306076400005]]],[[[-3.986613580999972,37.325351959000045],[-3.9888246629999458,37.323574791000055],[-3.991000367999959,37.32401812100005],[-3.986613580999972,37.325351959000045]]],[[[-4.004209172999936,37.32851917000005],[-4.00745636299996,37.328267287000074],[-4.007411132999948,37.32990804000008],[-4.003835661999972,37.33032523800006],[-4.004209172999936,37.32851917000005]]],[[[-4.001484294999955,37.327132403000064],[-4.001321727999937,37.32495629700003],[-4.002165222999963,37.32704000800004],[-4.005213922999928,37.32662758400005],[-4.001447940999981,37.33059466000003],[-4.001484294999955,37.327132403000064]]],[[[-4.004048854999951,37.328213335000044],[-4.003201267999941,37.332519682000054],[-4.000988278999955,37.33172345100007],[-4.004048854999951,37.328213335000044]]]]}},{"type":"Feature","properties":{"ClaseSuelo":"SUELO URBANIZABLE NO DELIMITADO O SECTORIZADO","NuclRural":"0","AreaLamber":8.06049242,"Shape_STAr":0.00000819986315419},"geometry":{"type":"MultiPolygon","coordinates":[[[[-4.003835661999972,37.33032523800006],[-4.008444873999963,37.33082698700008],[-4.003256715999953,37.33252474000005],[-4.003835661999972,37.33032523800006]]],[[[-4.007141907999937,37.31551337900004],[-4.006858776999934,37.31565236900008],[-4.006233739999971,37.31432004100003],[-4.007141907999937,37.31551337900004]]]]}},{"type":"Feature","properties":{"ClaseSuelo":"SUELO URBANO","NuclRural":"0","AreaLamber":74.04090569,"Shape_STAr":0.0000753171417508},"geometry":{"type":"MultiPolygon","coordinates":[[[[-3.9998806309999395,37.32366743000006],[-4.00221832699998,37.32280825400005],[-3.9991814069999805,37.322935409000024],[-4.001855383999953,37.32164492100003],[-4.001148305999948,37.320486404000064],[-4.0051156069999365,37.321540334000076],[-4.006274003999977,37.31983534500006],[-4.005248803999962,37.31977030100006],[-4.008162720999962,37.31878461900004],[-4.0072969349999426,37.31546474700008],[-4.010361333999981,37.31732436200008],[-4.008619128999953,37.317405576000056],[-4.010250575999976,37.31988734300006],[-4.014204005999943,37.31972318000004],[-4.012687368999934,37.32168760300004],[-4.01435824999993,37.323461559000066],[-3.9998806309999395,37.32366743000006]],[[-4.002145680999945,37.32441016800004],[-4.005398815999968,37.32434834600008],[-4.007161341999961,37.32289784500006],[-4.002145680999945,37.32441016800004]],[[-4.007258637999939,37.322291180000036],[-4.00697284599994,37.32291933600004],[-4.007791099999963,37.32265939700005],[-4.007258637999939,37.322291180000036]],[[-4.00009463899994,37.322030073000064],[-4.000606988999948,37.32194330900006],[-4.001326709999944,37.32127914100005],[-4.00009463899994,37.322030073000064]],[[-4.0097637849999614,37.32061871600007],[-4.0099509379999745,37.32035822900008],[-4.0095395699999585,37.32049325700007],[-4.0097637849999614,37.32061871600007]],[[-4.009624350999957,37.31882174200007],[-4.008524687999966,37.31809726400007],[-4.008743713999934,37.318834149000054],[-4.009624350999957,37.31882174200007]]],[[[-4.028995195999926,37.39416988900007],[-4.030050693999954,37.39220693100003],[-4.0304921499999296,37.39396002400008],[-4.028995195999926,37.39416988900007]]],[[[-4.0306671249999795,37.39224708900008],[-4.031120628999929,37.391923924000025],[-4.031408993999946,37.392224931000044],[-4.0306671249999795,37.39224708900008]]],[[[-4.03299616299995,37.39127220600005],[-4.032776042999956,37.39067868800004],[-4.033630432999928,37.39093998100003],[-4.03299616299995,37.39127220600005]]],[[[-4.03474190299994,37.390544144000046],[-4.034526486999937,37.39009225600006],[-4.035762292999948,37.39041315400004],[-4.03474190299994,37.390544144000046]]],[[[-4.007379587999935,37.328805429000056],[-4.00829977199993,37.32846978800006],[-4.008175923999943,37.32891699100003],[-4.007379587999935,37.328805429000056]]],[[[-4.007569283999942,37.32828794900007],[-4.002716220999957,37.32696641700005],[-4.001531970999963,37.324628870000026],[-4.010636163999948,37.32368751400003],[-4.008743648999939,37.323993882000025],[-4.0091390699999465,37.32843045800007],[-4.007569283999942,37.32828794900007]],[[-4.005243256999961,37.32581667100004],[-4.005473302999974,37.32631126900003],[-4.005723564999926,37.32577121000003],[-4.005243256999961,37.32581667100004]]]]}},{"type":"Feature","properties":{"ClaseSuelo":"SUELO URBANO NO CONSOLIDADO","NuclRural":"0","AreaLamber":14.78044025,"Shape_STAr":0.0000150354502465},"geometry":{"type":"MultiPolygon","coordinates":[[[[-3.9981433589999256,37.321295872000064],[-4.0023702719999505,37.320648634000065],[-3.9992273999999384,37.32245945900007],[-3.9981433589999256,37.321295872000064]]],[[[-4.009283574999927,37.31885635000003],[-4.008524687999966,37.31809726400007],[-4.0093654269999774,37.318121494000025],[-4.009283574999927,37.31885635000003]]],[[[-4.011709546999953,37.32029107100004],[-4.01168488899998,37.32000099500004],[-4.01335671399994,37.31959167800005],[-4.011709546999953,37.32029107100004]]],[[[-4.0097637849999614,37.32061871600007],[-4.0095395699999585,37.32049325700007],[-4.0099509379999745,37.32035822900008],[-4.0097637849999614,37.32061871600007]]],[[[-4.004348496999967,37.32142045300003],[-4.005273476999946,37.32064105500007],[-4.00589685999995,37.32091408400004],[-4.004348496999967,37.32142045300003]]],[[[-4.00009463899994,37.322030073000064],[-4.001326709999944,37.32127914100005],[-4.000606988999948,37.32194330900006],[-4.00009463899994,37.322030073000064]]],[[[-4.007258637999939,37.322291180000036],[-4.007791099999963,37.32265939700005],[-4.00697284599994,37.32291933600004],[-4.007258637999939,37.322291180000036]]],[[[-4.0012906959999555,37.32290815700003],[-4.00221832699998,37.32280825400005],[-3.9997371739999608,37.32340762200005],[-4.0012906959999555,37.32290815700003]]],[[[-4.002145680999945,37.32441016800004],[-4.007161341999961,37.32289784500006],[-4.005398815999968,37.32434834600008],[-4.002145680999945,37.32441016800004]]],[[[-4.0041815649999535,37.325004566000075],[-4.001677895999933,37.324611995000055],[-4.00341694399998,37.32438388400004],[-4.0041815649999535,37.325004566000075]]],[[[-4.001977931999932,37.32529759500005],[-4.001727267999968,37.324793904000046],[-4.002311511999949,37.32489369800004],[-4.001977931999932,37.32529759500005]]],[[[-4.005243256999961,37.32581667100004],[-4.005723564999926,37.32577121000003],[-4.005473302999974,37.32631126900003],[-4.005243256999961,37.32581667100004]]],[[[-4.00220318099997,37.32688253500004],[-4.002480196999954,37.32552459800007],[-4.002716220999957,37.32696641700005],[-4.00220318099997,37.32688253500004]]],[[[-4.005705301999967,37.32799275800005],[-4.004510416999949,37.32791135800005],[-4.006152534999956,37.328290124000034],[-4.005705301999967,37.32799275800005]]],[[[-4.0073372289999725,37.328973114000064],[-4.009006402999944,37.32770720600007],[-4.010313065999981,37.32817461700006],[-4.0073372289999725,37.328973114000064]]],[[[-4.03474190299994,37.390544144000046],[-4.033706872999971,37.390221447000044],[-4.034265294999955,37.38987638300006],[-4.03474190299994,37.390544144000046]]],[[[-4.030534606999936,37.39232431600004],[-4.031041129999949,37.39248110800003],[-4.030488631999958,37.393137559000024],[-4.030534606999936,37.39232431600004]]],[[[-4.029346244999942,37.39314017500004],[-4.029638537999972,37.39319130200005],[-4.028995195999926,37.39416988900007],[-4.029346244999942,37.39314017500004]]]]}},{"type":"Feature","properties":{"ClaseSuelo":"SUELO NO URBANIZABLE","NuclRural":"0","AreaLamber":1466.21611755,"Shape_STAr":0.0014874695477},"geometry":{"type":"Polygon","coordinates":[[[-3.579909488999931,37.140857881000045],[-3.578423329999964,37.14082204700003],[-3.5769144589999655,37.13784599500008],[-3.5803840739999373,37.13516077400004],[-3.5675272109999696,37.12316221900005],[-3.5578406899999777,37.11935008000006],[-3.548554549999949,37.105367330000036],[-3.536389050999958,37.09427235900006],[-3.5375418379999246,37.088632983000025],[-3.5327542579999545,37.08463424300004],[-3.5324191699999687,37.081742460000044],[-3.5369883099999697,37.08192022000003],[-3.545057895999946,37.07600625200007],[-3.548262268999963,37.080426481000075],[-3.5517509299999688,37.08055457000006],[-3.5576551299999437,37.08482677000006],[-3.567481923999935,37.096002602000056],[-3.5744253609999532,37.09612757700006],[-3.574447111999973,37.10029475500005],[-3.5839680199999293,37.10536442500006],[-3.5683184819999383,37.121843582000054],[-3.576651751999975,37.13004610100006],[-3.5787587179999605,37.12754697300005],[-3.5835639249999645,37.12619513100003],[-3.5871055769999316,37.12757487600004],[-3.586813420999931,37.12236481300005],[-3.5908981569999696,37.12193567600008],[-3.5944091589999516,37.11718155700004],[-3.599876004999942,37.11669839500007],[-3.6016087119999725,37.11829799900005],[-3.6020099709999727,37.124885300000074],[-3.5995874899999762,37.12746658000003],[-3.602556839999977,37.131390690000046],[-3.607189430999938,37.132070175000024],[-3.6089863559999458,37.134350340000026],[-3.608804000999953,37.13827259100003],[-3.606877689999976,37.13674106000008],[-3.6015747389999433,37.13675003000003],[-3.6011410099999352,37.13885251000005],[-3.5916441099999474,37.13817911000007],[-3.579909488999931,37.140857881000045]],[[-3.582418169999926,37.140460372000064],[-3.58223748599994,37.14005159900006],[-3.580552316999956,37.13995708500005],[-3.582418169999926,37.140460372000064]],[[-3.5857303139999317,37.12789924300006],[-3.5795053189999635,37.12996421500003],[-3.5809261769999807,37.13276879400007],[-3.5862537049999332,37.12991568100006],[-3.5857303139999317,37.12789924300006]],[[-3.5501552919999426,37.09808196200004],[-3.55218558699994,37.096042183000066],[-3.542450040999938,37.09574728900003],[-3.5501552919999426,37.09808196200004]]]}},{"type":"Feature","properties":{"ClaseSuelo":"SUELO URBANIZABLE DELIMITADO O SECTORIZADO","NuclRural":"0","AreaLamber":206.35921933,"Shape_STAr":0.000209350495248},"geometry":{"type":"MultiPolygon","coordinates":[[[[-3.5912327349999487,37.10837389900007],[-3.5871566019999364,37.10414717800006],[-3.5856079249999766,37.10606349700004],[-3.574447111999973,37.10029475500005],[-3.575430032999975,37.09859393600004],[-3.574353998999925,37.095926871000074],[-3.587427403999925,37.09964076800003],[-3.594731180999929,37.10544581200003],[-3.5981182629999466,37.11201416200004],[-3.5912327349999487,37.10837389900007]]],[[[-3.5888907439999684,37.11256448800003],[-3.583305290999931,37.11246376300005],[-3.587092838999979,37.10913149500004],[-3.590987244999951,37.11275439600007],[-3.5888907439999684,37.11256448800003]]],[[[-3.5739624039999285,37.11564247100006],[-3.5795311639999454,37.109926322000035],[-3.581127378999952,37.11100279300007],[-3.5793181909999703,37.11269585300005],[-3.580622387999938,37.114135522000026],[-3.5731324009999526,37.11647939000005],[-3.5739624039999285,37.11564247100006]]],[[[-3.5942584519999627,37.116777866000064],[-3.593594267999947,37.11538628900007],[-3.597380378999958,37.11450483200008],[-3.5992972069999496,37.11459938200005],[-3.6001229489999673,37.116589057000056],[-3.5942584519999627,37.116777866000064]]],[[[-3.568266079999944,37.12203700900005],[-3.5721132489999263,37.11769259400006],[-3.5746111469999278,37.119901655000035],[-3.5704474929999606,37.12450732800005],[-3.568266079999944,37.12203700900005]]],[[[-3.5800304789999586,37.126436288000036],[-3.5829703369999493,37.12416163900008],[-3.5857162589999803,37.127247003000036],[-3.5800304789999586,37.126436288000036]]],[[[-3.5764494989999775,37.12978297600006],[-3.5741898409999635,37.12764438700003],[-3.5764990899999702,37.12513519100003],[-3.5762310039999647,37.12647277900004],[-3.5787050909999607,37.12759222100004],[-3.5764494989999775,37.12978297600006]]]]}},{"type":"Feature","properties":{"ClaseSuelo":"SUELO URBANIZABLE NO DELIMITADO O SECTORIZADO","NuclRural":"0","AreaLamber":31.02427207,"Shape_STAr":0.0000314738290195},"geometry":{"type":"Polygon","coordinates":[[[-3.581127378999952,37.11100279300007],[-3.5795311639999454,37.109926322000035],[-3.5839680199999293,37.10536442500006],[-3.588478908999946,37.10792808600007],[-3.583305290999931,37.11246376300005],[-3.581127378999952,37.11100279300007]]]}},{"type":"Feature","properties":{"ClaseSuelo":"SUELO URBANO","NuclRural":"0","AreaLamber":286.16673668,"Shape_STAr":0.00029034427115},"geometry":{"type":"MultiPolygon","coordinates":[[[[-3.5763366609999707,37.12653087600006],[-3.5771157719999565,37.12581830800008],[-3.5745117349999305,37.123592475000066],[-3.5720259179999516,37.12622199200007],[-3.5699912939999763,37.12451783800003],[-3.5746111469999278,37.119901655000035],[-3.5721132489999263,37.11769259400006],[-3.5731324009999526,37.11647939000005],[-3.580622387999938,37.114135522000026],[-3.5793181909999703,37.11269585300005],[-3.581127378999952,37.11100279300007],[-3.590630388999955,37.11607027300005],[-3.590987244999951,37.11275439600007],[-3.5870429929999545,37.109092634000035],[-3.588478908999946,37.10792808600007],[-3.5855493179999485,37.106177391000074],[-3.5869290209999463,37.104208837000044],[-3.5901544989999365,37.10814560600005],[-3.59864493799995,37.11233824800007],[-3.5971301129999347,37.11519440100005],[-3.593594267999947,37.11538628900007],[-3.5944091589999516,37.11718155700004],[-3.593205288999968,37.117954455000074],[-3.591634787999965,37.11674121800007],[-3.5928071269999577,37.11846398900008],[-3.591461375999927,37.121472383000025],[-3.586813420999931,37.12236481300005],[-3.585720404999961,37.12659349900008],[-3.580985643999952,37.12397744300006],[-3.5787050909999607,37.12759222100004],[-3.5763366609999707,37.12653087600006]]],[[[-3.547126753999976,37.09794178300007],[-3.542450040999938,37.09574728900003],[-3.552211270999976,37.096070250000025],[-3.551143045999936,37.09792672800006],[-3.547126753999976,37.09794178300007]]],[[[-3.5843960169999605,37.12815993500004],[-3.5857275959999697,37.127758492000055],[-3.5862537049999332,37.12991568100006],[-3.5809261769999807,37.13276879400007],[-3.5795053189999635,37.12996421500003],[-3.5843960169999605,37.12815993500004]]],[[[-3.5805627439999625,37.14024933600007],[-3.58223748599994,37.14005159900006],[-3.582422046999966,37.14049096900004],[-3.5805627439999625,37.14024933600007]]]]}},{"type":"Feature","properties":{"ClaseSuelo":"SUELO URBANO NO CONSOLIDADO","NuclRural":"0","AreaLamber":30.0009447,"Shape_STAr":0.0000304405972274},"geometry":{"type":"MultiPolygon","coordinates":[[[[-3.590414768999949,37.115807990000064],[-3.585415513999976,37.11252902100006],[-3.590987244999951,37.11275439600007],[-3.590414768999949,37.115807990000064]]],[[[-3.5927303669999446,37.118290314000035],[-3.591634787999965,37.11674121800007],[-3.5928384999999707,37.116427541000064],[-3.5927303669999446,37.118290314000035]]],[[[-3.579185137999957,37.126591252000026],[-3.580985643999952,37.12397744300006],[-3.5819355669999595,37.12598167200008],[-3.5787587179999605,37.12754697300005],[-3.579185137999957,37.126591252000026]]],[[[-3.5861502759999553,37.123157124000045],[-3.5871055769999316,37.12757487600004],[-3.5857162589999803,37.127247003000036],[-3.5861502759999553,37.123157124000045]]],[[[-3.57441584999998,37.123687192000034],[-3.576440889999958,37.125153246000025],[-3.574140474999979,37.127661405000026],[-3.5720259179999516,37.12622199200007],[-3.57441584999998,37.123687192000034]]]]}}]}