{"type":"FeatureCollection","features":[{"type":"Feature","properties":{"ClaseSuelo":"SUELO NO URBANIZABLE","NuclRural":"0","AreaLamber":3471.80769999,"Shape_STAr":0.00375830794662},"geometry":{"type":"Polygon","coordinates":[[[0.01832341500005441,41.776858118000064],[-0.0033624389999431514,41.77517509900008],[-0.012762584999961746,41.77249336600005],[-0.017291527999930167,41.77548397800007],[-0.03571005999992849,41.77497056900006],[-0.0415244579999694,41.77829058700007],[-0.057390244999965034,41.800176900000054],[-0.060677252999937537,41.802251383000055],[-0.060461948999943615,41.80432616400003],[-0.05659105299997691,41.80973836900006],[-0.03884849699994675,41.81573887800005],[-0.031868622999979834,41.81725158300003],[-0.014652052999963416,41.816507743000045],[-0.0100586199999384,41.81975619700006],[-0.008667962999936663,41.82298895500003],[-0.0035524999999552165,41.82270236900007],[0.00002179400001978138,41.825247578000074],[0.0050829970000449975,41.83177019000004],[0.010235774000022957,41.83123885800006],[0.013065832000052069,41.833298866000064],[0.04175512700004447,41.807524536000074],[0.0337331820000486,41.800271362000046],[0.01832341500005441,41.776858118000064]],[[-0.020376843999940775,41.80292818100003],[-0.023217946999977812,41.80550666200003],[-0.022774087999948733,41.80207469000004],[-0.020340798999939125,41.80118335000003],[-0.020376843999940775,41.80292818100003]]]}},{"type":"Feature","properties":{"ClaseSuelo":"SUELO URBANO","NuclRural":"0","AreaLamber":6.7468583,"Shape_STAr":0.00000730417986661},"geometry":{"type":"Polygon","coordinates":[[[-0.0226351579999573,41.80584840000006],[-0.020340798999939125,41.80118335000003],[-0.022774087999948733,41.80207469000004],[-0.02369884099994124,41.804839085000026],[-0.0226351579999573,41.80584840000006]]]}},{"type":"Feature","properties":{"ClaseSuelo":"SUELO NO URBANIZABLE","NuclRural":"0","AreaLamber":7342.68494529,"Shape_STAr":0.00794188052527},"geometry":{"type":"Polygon","coordinates":[[[0.32365085900005397,41.821307724000064],[0.31923507600004086,41.81856292500004],[0.31804574000005914,41.81441890100007],[0.31915376900002457,41.80278806500007],[0.3249160620000566,41.79738911100003],[0.3247680580000747,41.794529725000075],[0.3374795840000502,41.79205332200007],[0.3401104680000344,41.78965338000006],[0.3412528250000264,41.786630358000025],[0.3398515830000406,41.77518044800007],[0.34068945600006373,41.764448893000065],[0.34480890500003625,41.747444131000066],[0.358369036000056,41.733999495000035],[0.3485220890000278,41.72913631500006],[0.33153440300003467,41.72656002000008],[0.30795963500003154,41.72929975200003],[0.3063119210000309,41.71863093700006],[0.31890089700004864,41.70672725900005],[0.31613461200004167,41.69162876300004],[0.30426610200004234,41.694127826000056],[0.3007347660000619,41.69743533400003],[0.2847221750000699,41.705774391000034],[0.29302990400003637,41.71220028300007],[0.2982009850000509,41.72048078000006],[0.2747755280000206,41.72925642200005],[0.26072221400005446,41.739463424000064],[0.2594411220000552,41.74289483600006],[0.26173604500002057,41.752825554000026],[0.249660992000031,41.76590172300007],[0.2471006170000578,41.771890719000055],[0.25789190400007556,41.77546609700005],[0.2682834910000338,41.781330179000065],[0.25663415800005396,41.79314326300005],[0.25179284500006816,41.79283032200004],[0.24888008900006753,41.798766313000044],[0.2472500030000333,41.80913257000003],[0.25929934800007004,41.81744496300007],[0.2726374320000673,41.812481508000076],[0.278928158000042,41.817101680000064],[0.2860245590000545,41.81627724400005],[0.29053533000006837,41.819732034000026],[0.2961634800000752,41.818444783000075],[0.3051790900000242,41.820760860000064],[0.3083815990000289,41.82309995500003],[0.32365085900005397,41.821307724000064]],[[0.27747815200007153,41.80080360900007],[0.27282137300005616,41.79883982600006],[0.2675695310000492,41.800570434000065],[0.27399677800002564,41.79706813300004],[0.274163346000023,41.79502620400007],[0.27839672200002497,41.79844124200008],[0.27747815200007153,41.80080360900007]]]}},{"type":"Feature","properties":{"ClaseSuelo":"SUELO NO URBANIZABLE","NuclRural":"0","AreaLamber":10449.4992291,"Shape_STAr":0.0112909032991},"geometry":{"type":"Polygon","coordinates":[[[-0.09891317299997127,41.56424599300004],[-0.10914777699997558,41.56491827000008],[-0.15945715899994184,41.58532004400007],[-0.14842733599994062,41.600708121000025],[-0.1374278399999298,41.62504773300003],[-0.1242624559999399,41.64146980000004],[-0.10945234099995105,41.65450770500007],[-0.09343991499997628,41.66503659400007],[-0.09861216799993144,41.66886881700003],[-0.10182577799997716,41.67620869500007],[-0.10453004699996882,41.69598170000006],[-0.10915145199993503,41.714578104000054],[-0.10223217899994097,41.73239721300007],[-0.09406075999993391,41.74509588900003],[-0.09586448299995709,41.74642936200007],[-0.12213702799994053,41.72416235000003],[-0.13365250799995465,41.71769610400003],[-0.1527594299999464,41.71318236700006],[-0.14058554599995432,41.72100304000003],[-0.14063740699992877,41.72308467500005],[-0.14472512899993717,41.72713998000006],[-0.14186334399994394,41.72905004000006],[-0.13916028099993127,41.73577308100005],[-0.14087372899996353,41.74836084700007],[-0.1318163859999686,41.74813487400007],[-0.12656138699992425,41.74516662000008],[-0.10118587799996703,41.756704350000064],[-0.10180622699994046,41.758151929000064],[-0.08885082599994121,41.76191266500007],[-0.08614661999996542,41.75894420000003],[-0.06678410399996437,41.74913909400004],[-0.0531065379999518,41.74397969600005],[-0.02578081199993676,41.75502729600004],[-0.021503539999969234,41.75155726000003],[-0.03133963099998027,41.727856932000066],[-0.03062647499996274,41.72429023400008],[-0.03533301199996686,41.712920574000066],[-0.032609199999967586,41.712823179000054],[-0.04097158699994452,41.70607759500007],[-0.049728348999963146,41.68515741600004],[-0.049331797999968785,41.67360179800005],[-0.05265121499996894,41.662988161000044],[-0.05492501699995955,41.664217259000054],[-0.05946286299996473,41.66267649500003],[-0.07661882699994749,41.653784536000046],[-0.08492491199996266,41.629112520000035],[-0.09085209899996016,41.62249940800007],[-0.08824456399997871,41.60657395700008],[-0.08870948999992834,41.59784103900006],[-0.09061136999997643,41.59049539800003],[-0.09679245699993544,41.58240238900004],[-0.09891317299997127,41.56424599300004]],[[-0.041483046999928774,41.717084562000025],[-0.05016964999992979,41.716914952000025],[-0.04951208499994664,41.714884606000055],[-0.05196531599995069,41.71402073400003],[-0.039833008999949016,41.714096916000074],[-0.041483046999928774,41.717084562000025]]]}},{"type":"Feature","properties":{"ClaseSuelo":"SUELO NO URBANIZABLE","NuclRural":"0","AreaLamber":9038.46628696,"Shape_STAr":0.00990427377376},"geometry":{"type":"Polygon","coordinates":[[[0.30640335700002197,42.648088406000056],[0.3198905240000727,42.64963369000003],[0.31413129200007006,42.625263543000074],[0.3107852670000284,42.61758056600007],[0.315018718000033,42.60753501100004],[0.3086330920000364,42.59306955900007],[0.2912161440000318,42.589555948000054],[0.2827952130000426,42.58583590400008],[0.283564373000047,42.58261721700006],[0.28993592700004456,42.58120954800006],[0.28398388500005467,42.57065613900005],[0.2870822510000721,42.56586678300005],[0.2787394120000499,42.56147782700003],[0.2671764020000751,42.562105759000076],[0.25897215400004825,42.56034073100005],[0.2476341210000328,42.563895788000025],[0.24315791200007197,42.570361999000056],[0.23343680200002837,42.575787786000035],[0.21482388300006505,42.578221308000025],[0.21371854900002063,42.56738379800004],[0.2086531730000729,42.56481558100006],[0.20681376800007456,42.557924584000034],[0.207809725000061,42.55596967300005],[0.2162805260000482,42.55348070400004],[0.20763651300006813,42.54071166500006],[0.2138782000000674,42.53231526800005],[0.22433948400004056,42.525753715000064],[0.23271989800002757,42.52349120900004],[0.2165869620000649,42.52484633100005],[0.20115559500004565,42.53612970900008],[0.19740304600003356,42.537036053000065],[0.19176743500003113,42.54232606100004],[0.17282812800004876,42.54560826100004],[0.17091742300004853,42.54851571000006],[0.1619098770000278,42.54739628500005],[0.1657642260000216,42.55401619100007],[0.16375553200003878,42.55764660500006],[0.15711467700003823,42.561936176000074],[0.15612145200003624,42.56494412300003],[0.1579299060000494,42.56722642600005],[0.15573006600004646,42.57167239300003],[0.15203573400003734,42.571855276000065],[0.14990230300003304,42.57400311500004],[0.15344620200005465,42.576390771000035],[0.1517383070000733,42.57779753700004],[0.15327539700007264,42.58049259400008],[0.14586572000007436,42.58264158700007],[0.14574998100005132,42.585184079000044],[0.1416184970000245,42.588323169000034],[0.14130085300007522,42.592185879000056],[0.13815266300002804,42.594775569000035],[0.1331050120000441,42.59449070100004],[0.13253213000007236,42.59789213500005],[0.12915210400007027,42.59854292500006],[0.12711204900006123,42.60161526300004],[0.11518528700003117,42.61028795900006],[0.11716091500005632,42.616897565000045],[0.10948446000003287,42.62310355900007],[0.11551778400007606,42.62599196700006],[0.11614553600003319,42.63416906000003],[0.12231946100007463,42.63472107800004],[0.1307311230000323,42.63174477100006],[0.14703744300004473,42.629370347000076],[0.15038820800003805,42.623037932000045],[0.159956305000037,42.62225175900005],[0.16294968700003665,42.61780180300008],[0.17025124600002073,42.613214448000065],[0.17922915400004058,42.613082345000066],[0.1944240990000594,42.60889512000006],[0.20625682800005052,42.612859263000075],[0.22670155000002978,42.60226232400004],[0.2226271340000494,42.58660115200007],[0.22415141400006178,42.58142558700007],[0.228888257000051,42.57830247000004],[0.23216332600003398,42.58084833300006],[0.2268260470000314,42.586266684000066],[0.2352498540000738,42.589162362000025],[0.24558757200003356,42.59745089100005],[0.2438451420000547,42.607081160000064],[0.24691007200004833,42.612811143000044],[0.2678871070000355,42.61298819500007],[0.2805352030000563,42.61705639500008],[0.28697447700005796,42.617330776000074],[0.2844515740000588,42.620356721000064],[0.29771086200003083,42.63363504900008],[0.2828318550000404,42.63893447100003],[0.2689530370000739,42.64707581700003],[0.28909311900002876,42.65174805800007],[0.30640335700002197,42.648088406000056]],[[0.27571461000002273,42.57956968000008],[0.2749934470000426,42.57887380300008],[0.27771080800005166,42.57877811700007],[0.2764854990000458,42.58062328600005],[0.27571461000002273,42.57956968000008]]]}},{"type":"Feature","properties":{"ClaseSuelo":"SUELO URBANO","NuclRural":"0","AreaLamber":3.16065799,"Shape_STAr":0.00000346243717813},"geometry":{"type":"Polygon","coordinates":[[[0.2764854990000458,42.58062328600005],[0.27741374200002156,42.57829000100003],[0.2749934470000426,42.57887380300008],[0.2764854990000458,42.58062328600005]]]}},{"type":"Feature","properties":{"ClaseSuelo":"SUELO NO URBANIZABLE","NuclRural":"0","AreaLamber":1485.4714366,"Shape_STAr":0.00161722494835},"geometry":{"type":"Polygon","coordinates":[[[-0.20609097599992765,42.18063938600005],[-0.2000811209999256,42.17854757100008],[-0.19941817799997352,42.18012531000005],[-0.19734111499997198,42.18000249100004],[-0.19588684499996134,42.177022187000034],[-0.19759339799992404,42.17593826900003],[-0.19485636799993244,42.17404323300008],[-0.19480119699994702,42.17063788100006],[-0.18905537099993808,42.17081228300003],[-0.1835145279999324,42.168551000000036],[-0.17860648699996773,42.15533658700008],[-0.17150834599993914,42.146237384000074],[-0.1760889129999441,42.14010965600005],[-0.17423800899996422,42.13276072900004],[-0.17904078299994808,42.12650326200003],[-0.1838368109999351,42.12446892100007],[-0.19236273099994605,42.12890157800007],[-0.19763623499994765,42.128652404000036],[-0.19943991399992456,42.13082174800007],[-0.20303097699996897,42.13169289800004],[-0.20122886499996184,42.13991580800007],[-0.20251438699995106,42.14369340800005],[-0.20484853899995414,42.14646996300007],[-0.2139199809999468,42.14767241000004],[-0.2174532459999341,42.165894964000074],[-0.21716704499993966,42.17931493700007],[-0.2196812079999404,42.18327525500007],[-0.2108253729999774,42.18338425600007],[-0.21049941299997954,42.18116101900006],[-0.20609097599992765,42.18063938600005]],[[-0.21037549499993702,42.163071356000046],[-0.21144145499994238,42.16315566900005],[-0.20954126099996984,42.15939366100008],[-0.20570187199996326,42.15960510000008],[-0.21037549499993702,42.163071356000046]]]}},{"type":"Feature","properties":{"ClaseSuelo":"SUELO URBANO","NuclRural":"0","AreaLamber":9.07801944,"Shape_STAr":0.0000098843687602},"geometry":{"type":"Polygon","coordinates":[[[-0.20954126099996984,42.15939366100008],[-0.21144145499994238,42.16315566900005],[-0.20570187199996326,42.15960510000008],[-0.20954126099996984,42.15939366100008]]]}},{"type":"Feature","properties":{"ClaseSuelo":"SUELO URBANO","NuclRural":"0","AreaLamber":5.42901532,"Shape_STAr":0.00000590436421208},"geometry":{"type":"Polygon","coordinates":[[[-0.04680596999997988,42.09780900000004],[-0.04335812299996178,42.09710062900007],[-0.043889560999957666,42.09420274000007],[-0.04680596999997988,42.09780900000004]]]}},{"type":"Feature","properties":{"ClaseSuelo":"SUELO URBANO","NuclRural":"0","AreaLamber":26.26583078,"Shape_STAr":0.0000283977744943},"geometry":{"type":"Polygon","coordinates":[[[-0.043643286999952124,41.71422370000005],[-0.05196531599995069,41.71402073400003],[-0.04951208499994664,41.714884606000055],[-0.05016964999992979,41.716914952000025],[-0.04764041399994312,41.71742179700004],[-0.04189723699994374,41.717483628000025],[-0.039619230999960564,41.71432014800007],[-0.043643286999952124,41.71422370000005]]]}},{"type":"Feature","properties":{"ClaseSuelo":"SUELO NO URBANIZABLE","NuclRural":"0","AreaLamber":4730.05266304,"Shape_STAr":0.00515123201125},"geometry":{"type":"Polygon","coordinates":[[[0.17828046300002143,42.21919518800007],[0.18719904500005669,42.21635398600006],[0.20190655800007562,42.222841559000074],[0.217824576000055,42.22400738400006],[0.22801347600005784,42.222342971000046],[0.2234489640000561,42.215501765000056],[0.22750921600004403,42.20414040600008],[0.22377504100006718,42.19669047800005],[0.22599967400003607,42.19305293300005],[0.2244023460000335,42.18998221800007],[0.22546025400004055,42.18602632200003],[0.21217668300005244,42.18266248700007],[0.21040727100006507,42.17832670000007],[0.1815748750000239,42.16058980400004],[0.17137170200004448,42.16131389800006],[0.15392824500003144,42.16929650000003],[0.15205662000005304,42.171581235000076],[0.13754386500005467,42.17528439900008],[0.13677011800007222,42.17824120900008],[0.12476392400003533,42.18936626200008],[0.12465466600002628,42.19770785000003],[0.13521182000005183,42.20669452800007],[0.1331262040000638,42.21276689300004],[0.14187827600005676,42.22387340800003],[0.1395684930000698,42.233481976000064],[0.1479044600000634,42.23565750900008],[0.15023492300002772,42.23987077700008],[0.15792207800006963,42.23703867200004],[0.17257739200005062,42.22770983300006],[0.17828046300002143,42.21919518800007]],[[0.15233430700004646,42.19604863300003],[0.15014956900006382,42.19544637300004],[0.15055155500004958,42.19283475200007],[0.1529320320000238,42.19347688600004],[0.15233430700004646,42.19604863300003]]]}},{"type":"Feature","properties":{"ClaseSuelo":"SUELO URBANO","NuclRural":"0","AreaLamber":5.86651375,"Shape_STAr":0.00000638865335814},"geometry":{"type":"Polygon","coordinates":[[[0.15309839900004363,42.19595017300003],[0.15177240300005224,42.19467267600004],[0.15246216000002732,42.19281587000006],[0.1504985830000578,42.19286479900006],[0.15027825600003553,42.19565011900005],[0.15309839900004363,42.19595017300003]]]}},{"type":"Feature","properties":{"ClaseSuelo":"SUELO NO URBANIZABLE","NuclRural":"0","AreaLamber":13687.5945792,"Shape_STAr":0.0147781208933},"geometry":{"type":"Polygon","coordinates":[[[0.12135363800007326,41.678859310000064],[0.12477671900006726,41.67686600800005],[0.12236526500004175,41.67494139400003],[0.12496337000004587,41.67451948000007],[0.1285523290000583,41.67099961200006],[0.1302006440000696,41.66486691800003],[0.1369655080000598,41.66370066400003],[0.1345614600000431,41.65895737200003],[0.13469415400004436,41.65377556100003],[0.12610513700002457,41.640555437000046],[0.12325479600002609,41.63026758500007],[0.10648652400004721,41.622284207000064],[0.09715251700004046,41.61960050700003],[0.09054828900002576,41.611493239000026],[0.05540071800004398,41.587866158000054],[0.043585183000061534,41.57766116000005],[0.040478287000041746,41.57305145200007],[0.03136260000002267,41.56713241800003],[0.025744683000027635,41.56110256200003],[0.010625738000044294,41.56009482800005],[-0.0012637189999509246,41.55735279100003],[-0.05317894599994588,41.53390292800003],[-0.058868689999940216,41.53609304200006],[-0.04901856199995791,41.536831138000025],[-0.04476225999997041,41.539225378000026],[-0.044050302999949054,41.542485199000055],[-0.045994337999957224,41.546912046000045],[-0.04135666999997056,41.55291669400003],[-0.0405400129999407,41.55846127800004],[-0.027960835999977007,41.57104190100006],[-0.026909772999943016,41.579309057000046],[-0.021852634999959264,41.58573427500005],[-0.021848344999966685,41.587913566000054],[-0.015724055999953634,41.59143798500003],[-0.012732293999931699,41.59517867300008],[-0.004661806999934015,41.613763540000036],[-0.0002823629999397781,41.619439972000066],[-0.00020277099997656478,41.62089683000005],[-0.006970300999967094,41.62559429200007],[-0.008817735999969045,41.62950590300005],[-0.017863517999956002,41.63481140400006],[-0.022138066999957573,41.639218096000036],[-0.025307322999935877,41.64000269100006],[-0.03166728899992677,41.64659741300005],[-0.031665673999953015,41.64846157100004],[-0.023756902999934937,41.65098560200005],[-0.017591679999952703,41.650843647000045],[-0.013934070999937376,41.65308108900007],[-0.005851032999942163,41.66140806400006],[-0.0046585059999415535,41.664592011000025],[-0.00564702299993769,41.66684221500003],[0.011353779000046416,41.67701535100008],[0.011512118000041482,41.67989302800004],[0.014045705000057751,41.68089822400003],[0.020072688000027483,41.69108738800003],[0.025270849000037288,41.693814331000056],[0.030725738000057845,41.70454929700003],[0.04558627900001966,41.69783402100006],[0.07089034900002389,41.69527771200006],[0.09003715900007592,41.69114366100007],[0.12135363800007326,41.678859310000064]],[[0.08672094900003913,41.678957824000065],[0.08677160800004913,41.676811471000065],[0.08210161500005597,41.67454347300003],[0.08380539900002759,41.67367117100008],[0.08518987200005768,41.67452605500006],[0.083775102000061,41.67481425100004],[0.09025619500005178,41.67537862900008],[0.08987431300005255,41.67829875800004],[0.08672094900003913,41.678957824000065]],[[0.08330906900005175,41.67869719500004],[0.08326046400003406,41.67887720500005],[0.08315615000003618,41.67875610800007],[0.08330906900005175,41.67869719500004]],[[0.08616316900003085,41.67883018800006],[0.0863013430000592,41.67872877900004],[0.08643717900002912,41.678844265000066],[0.08616316900003085,41.67883018800006]],[[0.08474309700005733,41.672195490000036],[0.0826170250000473,41.67126375500004],[0.08490768400002935,41.67085196600004],[0.08474309700005733,41.672195490000036]]]}},{"type":"Feature","properties":{"ClaseSuelo":"SUELO URBANO","NuclRural":"0","AreaLamber":18.77063166,"Shape_STAr":0.0000202790818106},"geometry":{"type":"MultiPolygon","coordinates":[[[[0.090133278000053,41.677843377000045],[0.09014566100006505,41.675326803000075],[0.083775102000061,41.67481425100004],[0.08518987200005768,41.67452605500006],[0.08380539900002759,41.67367117100008],[0.08210161500005597,41.67454347300003],[0.08677160800004913,41.676811471000065],[0.08627602200004958,41.679539928000054],[0.090133278000053,41.677843377000045]]],[[[0.08485461200007194,41.67206859100003],[0.08490768400002935,41.67085196600004],[0.0826170250000473,41.67126375500004],[0.08485461200007194,41.67206859100003]]],[[[0.08340964200004919,41.67880648100004],[0.08315615000003618,41.67875610800007],[0.08326046400003406,41.67887720500005],[0.08340964200004919,41.67880648100004]]],[[[0.08627258700005314,41.67892494000006],[0.08643717900002912,41.678844265000066],[0.0863013430000592,41.67872877900004],[0.08627258700005314,41.67892494000006]]]]}},{"type":"Feature","properties":{"ClaseSuelo":"SUELO NO URBANIZABLE","NuclRural":"0","AreaLamber":2930.01857808,"Shape_STAr":0.00318199507077},"geometry":{"type":"Polygon","coordinates":[[[-0.11148663799997394,42.02486148700007],[-0.10409428299993806,42.025674612000046],[-0.10278459499994597,42.02446181800008],[-0.10694034499994132,42.01964980300005],[-0.1059597969999686,42.01704050500007],[-0.10323731799996949,42.015828068000076],[-0.10516349099992794,42.01383248700006],[-0.08813274899995349,42.004927148000036],[-0.07227805499996975,42.00443335500006],[-0.07681746699995529,42.001280214000076],[-0.07635105899993277,41.99854868800003],[-0.07858698299997968,41.99875877000005],[-0.08619248899992726,41.98872213900006],[-0.08397467899993671,41.98600916000004],[-0.0845890799999438,41.98207139900006],[-0.08864949699994895,41.981697275000045],[-0.0959276919999752,41.974794546000055],[-0.10598249399993165,41.977948500000025],[-0.12129628199994613,41.97745142400004],[-0.12319718699995974,41.98320859200004],[-0.12096433699997533,41.985079721000034],[-0.1217079969999304,41.98759290100003],[-0.14300282999994351,41.98808941500005],[-0.1686427719999415,41.98152996600004],[-0.17053199899993388,41.984926640000026],[-0.18657292199992526,41.98986909000007],[-0.1894244909999543,41.99337011000006],[-0.1900712119999639,41.997051197000076],[-0.18748046499996462,41.99776215600008],[-0.1867268989999502,42.00006708600006],[-0.17119468399994275,42.005376428000034],[-0.16664304299996502,42.008902257000045],[-0.16855669799997486,42.01121890400003],[-0.12675937399995973,42.020166181000036],[-0.12714152499995635,42.01865384100006],[-0.12482313299994985,42.01623630700004],[-0.12335561599996936,42.02172882600007],[-0.11887908899996091,42.022706080000034],[-0.11886379199995645,42.02518218500006],[-0.11623484499995129,42.026160719000075],[-0.11148663799997394,42.02486148700007]],[[-0.12583483599996725,42.00410586000004],[-0.13007423199996992,42.00123847400005],[-0.1262278519999427,42.001168317000065],[-0.1246824309999397,42.00529214100004],[-0.12583483599996725,42.00410586000004]]]}},{"type":"Feature","properties":{"ClaseSuelo":"SUELO URBANO","NuclRural":"0","AreaLamber":8.29981814,"Shape_STAr":0.00000901405913745},"geometry":{"type":"Polygon","coordinates":[[[-0.12715560099996992,42.00284038800004],[-0.1246824309999397,42.00529214100004],[-0.1262278519999427,42.001168317000065],[-0.1300855119999369,42.00125822600006],[-0.12715560099996992,42.00284038800004]]]}},{"type":"Feature","properties":{"ClaseSuelo":"SUELO NO URBANIZABLE","NuclRural":"0","AreaLamber":1466.14652666,"Shape_STAr":0.00159391899541},"geometry":{"type":"Polygon","coordinates":[[[0.0406918510000196,42.09820034900008],[0.04756499400002667,42.09427163600003],[0.05313046100002339,42.080498661000036],[0.05009239700007129,42.07386166500004],[0.030963821000057123,42.059249299000044],[0.030240910000031818,42.05548620800005],[0.02143130500002144,42.046812541000065],[0.0111501160000671,42.054998717000046],[0.013518039000075532,42.06239284700007],[-0.00040430299992522123,42.07212350300006],[0.007444046000046001,42.07706884700008],[0.008627676000060092,42.08292721300006],[0.01884078400001954,42.086963162000075],[0.012757090000036442,42.08996889500003],[0.016896496000072148,42.096181673000046],[0.028953935000060937,42.09750259000003],[0.03129778400005989,42.10151997400004],[0.036032186000056754,42.10469055000004],[0.0406918510000196,42.09820034900008]],[[0.033006216000046606,42.082431333000045],[0.02742124900004228,42.08164857200006],[0.03644770500005734,42.07926806200004],[0.033006216000046606,42.082431333000045]]]}},{"type":"Feature","properties":{"ClaseSuelo":"SUELO URBANO","NuclRural":"0","AreaLamber":10.25190109,"Shape_STAr":0.0000111460248192},"geometry":{"type":"Polygon","coordinates":[[[0.033485242000040216,42.08228165500003],[0.03644770500005734,42.07926806200004],[0.02742124900004228,42.08164857200006],[0.033485242000040216,42.08228165500003]]]}},{"type":"Feature","properties":{"ClaseSuelo":"SUELO NO URBANIZABLE","NuclRural":"0","AreaLamber":905.90129404,"Shape_STAr":0.000981289941996},"geometry":{"type":"Polygon","coordinates":[[[0.1676756390000378,41.865972955000075],[0.173086468000065,41.86135868300005],[0.17806727800007138,41.86001407500004],[0.17646499800002857,41.848342512000045],[0.18549681900003634,41.842256589000044],[0.18596538600002077,41.839082709000024],[0.16642958400007046,41.83413933200006],[0.16171869100003278,41.84263525500006],[0.14747458100003996,41.842936904000055],[0.14895045100007565,41.84675070000003],[0.13857311000003847,41.84880915000008],[0.1371668480000494,41.85969908700008],[0.13943791400004102,41.86351826300006],[0.13984634900003812,41.86865814600003],[0.14408102600003758,41.86681312700006],[0.15872531800005163,41.86605217300007],[0.16146461800002498,41.86867782600007],[0.1676756390000378,41.865972955000075]],[[0.15863915900007441,41.86062163300005],[0.16248861200006104,41.86086803000006],[0.15917539500003386,41.861860146000026],[0.15863915900007441,41.86062163300005]],[[0.15445722600003364,41.85852507900006],[0.15508716200002937,41.85422847700005],[0.15717022700005145,41.85795722900008],[0.1603021670000544,41.85819503000005],[0.1590113580000434,41.858647552000036],[0.15970285600002398,41.85961493100007],[0.15539718700006233,41.860138504000076],[0.15445722600003364,41.85852507900006]]]}},{"type":"Feature","properties":{"ClaseSuelo":"SUELO URBANO","NuclRural":"0","AreaLamber":17.21184173,"Shape_STAr":0.0000186459429081},"geometry":{"type":"MultiPolygon","coordinates":[[[[0.15659375600006342,41.85964811100007],[0.15970285600002398,41.85961493100007],[0.1590113580000434,41.858647552000036],[0.1603021670000544,41.85819503000005],[0.15717022700005145,41.85795722900008],[0.15417758000006643,41.85439645100007],[0.15418237100004717,41.85838014600006],[0.15659375600006342,41.85964811100007]]],[[[0.16060566200002313,41.86151495400003],[0.16246592200002397,41.860711974000026],[0.15859511400003612,41.86065484800008],[0.16060566200002313,41.86151495400003]]]]}},{"type":"Feature","properties":{"ClaseSuelo":"SUELO URBANO","NuclRural":"0","AreaLamber":23.08774533,"Shape_STAr":0.0000249194313572},"geometry":{"type":"Polygon","coordinates":[[[0.18875466800005825,41.62642446900003],[0.19099974000005204,41.62648598700008],[0.19240760100007037,41.62258446900006],[0.19569894900007512,41.620110185000044],[0.19245955800005277,41.61919956300005],[0.1911701430000221,41.61642856900005],[0.1888129120000599,41.619622578000076],[0.1907274790000315,41.62225708900007],[0.18875466800005825,41.62642446900003]]]}},{"type":"Feature","properties":{"ClaseSuelo":"SUELO NO URBANIZABLE","NuclRural":"0","AreaLamber":4899.64944327,"Shape_STAr":0.00531750523676},"geometry":{"type":"Polygon","coordinates":[[[0.053610287000026347,42.01289251500003],[0.04184036700002025,42.000561934000075],[0.03695821800005206,41.99767457100006],[0.04169398000004776,41.98761616500008],[0.03574888800005738,41.974031567000054],[0.0377881660000412,41.97174422900008],[0.04148582200002693,41.97083573400005],[0.043847851000066385,41.96722495400007],[0.048780958000065766,41.96515775800003],[0.039593148000051315,41.95160543900005],[0.035061087000030966,41.95194160800003],[0.02580495800003746,41.94626969300003],[0.023283371000047737,41.93860959400007],[0.024412418000054004,41.93009676600008],[0.021886298000026727,41.92895664100007],[0.018331858000067314,41.92289056900006],[0.01608493200006933,41.924849822000056],[0.013944374000061543,41.92088068900006],[0.010836503000064113,41.921970929000054],[0.010823490000063885,41.92963485800004],[-0.024454348999938702,41.93863349000003],[-0.03394315699995332,41.927010153000026],[-0.040074292999975114,41.93549858600005],[-0.06495868299992935,41.96038984100005],[-0.05795452399996748,41.979644060000055],[-0.040933475999963775,41.97659450100008],[-0.04003519399992683,41.97957011600005],[-0.03436469999996916,41.98030612200006],[-0.031240975999935472,41.985448414000075],[-0.0200289319999456,41.98748995600005],[-0.0203240429999596,41.99202732900005],[-0.015089815999942857,41.99321497200003],[-0.003015397999945435,41.984534008000026],[0.005811302000040541,41.980763840000066],[0.01662633400002278,41.980272685000045],[0.025152177000052234,41.99361910500005],[0.013088327000048139,42.004265908000036],[0.014331788000049528,42.006817752000075],[0.02306337500004929,42.00685800700006],[0.03562963300004185,42.01161396500004],[0.04221161600003143,42.016950748000056],[0.053610287000026347,42.01289251500003]],[[-0.0021305419999748665,41.95973430500004],[-0.0010643899999536188,41.96214993900003],[-0.002051051999956144,41.96293981100007],[-0.004486866999968697,41.95919824600003],[-0.0021305419999748665,41.95973430500004]]]}},{"type":"Feature","properties":{"ClaseSuelo":"SUELO URBANO","NuclRural":"0","AreaLamber":7.00612257,"Shape_STAr":0.0000076032344446},"geometry":{"type":"Polygon","coordinates":[[[-0.002051051999956144,41.96293981100007],[-0.0011795949999395816,41.96120732000003],[-0.00413271099995427,41.95896960700003],[-0.004183415999932549,41.96134636000005],[-0.002051051999956144,41.96293981100007]]]}},{"type":"Feature","properties":{"ClaseSuelo":"SUELO NO URBANIZABLE","NuclRural":"0","AreaLamber":12230.8282745,"Shape_STAr":0.0131775929088},"geometry":{"type":"Polygon","coordinates":[[[0.10338093500007517,41.53927322000004],[0.11250463500005026,41.53207403300007],[0.12111103700004833,41.52088967800006],[0.12262581900006353,41.516012481000075],[0.1426178940000682,41.504012241000055],[0.13884054700002935,41.49476760300007],[0.14137261600006923,41.48916891500005],[0.13733193300004132,41.47543752800004],[0.14086560900005907,41.46703773400003],[0.14050548600005186,41.458095882000066],[0.1300617350000266,41.44978929300004],[0.11720243600007052,41.44646440500003],[0.11563589700006105,41.440995318000034],[0.11627470600006973,41.43534032700006],[0.10912667700006295,41.429752120000046],[0.1103068140000687,41.42840533400005],[0.10896591600004513,41.42738792000006],[0.11018333600003416,41.419808052000064],[0.10172982000005959,41.41966722700005],[0.09320422100006454,41.42833548500005],[0.07726918400004479,41.428916239000046],[0.07471186200007196,41.43202866000007],[0.07252040100001977,41.439093840000055],[0.06380376300006674,41.443838432000064],[0.05776103300001978,41.45151020000003],[0.04979460200001995,41.456738090000044],[0.03668282400002454,41.460768607000034],[0.028241328000035537,41.46819598700006],[0.020069399000021804,41.472445608000044],[0.009991265000053318,41.48184191000007],[-0.006339522999951441,41.487653919000024],[-0.008593020999967393,41.49437694200003],[-0.007248087999926156,41.50588744500004],[-0.001889335999976538,41.514006136000035],[0.001308936000043559,41.52538707000008],[0.014125261000060618,41.53865938300004],[0.01273965600006477,41.54495473900005],[0.014769934000071316,41.54736907100005],[0.01417574100003094,41.550059375000046],[0.016947819000051823,41.556299667000076],[0.023397421000026952,41.56116435400003],[0.03706147200006171,41.56310043600007],[0.04460142300007419,41.562540639000076],[0.07257168100005629,41.547026654000035],[0.08477819000006548,41.54708681900007],[0.0992880950000199,41.54241861600008],[0.10338093500007517,41.53927322000004]],[[0.0668559110000615,41.50293245800003],[0.06354867500004957,41.50633034300006],[0.058123971000043184,41.50213340000005],[0.060820515000045816,41.50238567200006],[0.06247356200003651,41.50060697500004],[0.0668559110000615,41.50293245800003]]]}},{"type":"Feature","properties":{"ClaseSuelo":"SUELO URBANO","NuclRural":"0","AreaLamber":23.61670935,"Shape_STAr":0.0000254479293359},"geometry":{"type":"Polygon","coordinates":[[[0.06104031500007068,41.50516528800006],[0.06434829900007344,41.50621371900007],[0.06698984500002325,41.502681077000034],[0.06247356200003651,41.50060697500004],[0.060820515000045816,41.50238567200006],[0.058123971000043184,41.50213340000005],[0.06201739800002315,41.504174232000025],[0.06104031500007068,41.50516528800006]]]}},{"type":"Feature","properties":{"ClaseSuelo":"SUELO URBANO","NuclRural":"0","AreaLamber":20.06220444,"Shape_STAr":0.0000217109371436},"geometry":{"type":"Polygon","coordinates":[[[0.274163346000023,41.79502620400007],[0.27399677800002564,41.79706813300004],[0.2675695310000492,41.800570434000065],[0.27282137300005616,41.79883982600006],[0.27747815200007153,41.80080360900007],[0.27839672200002497,41.79844124200008],[0.274163346000023,41.79502620400007]]]}},{"type":"Feature","properties":{"ClaseSuelo":"SUELO NO URBANIZABLE","NuclRural":"0","AreaLamber":1578.76875754,"Shape_STAr":0.00171601496481},"geometry":{"type":"Polygon","coordinates":[[[0.2987440500000389,42.08232021100008],[0.29963986000007026,42.08164607300006],[0.2768472100000281,42.07752727600007],[0.26609624400003895,42.07035997100007],[0.2501317640000593,42.064465195000025],[0.23569214500003,42.066638659000034],[0.22790297900002088,42.066038794000065],[0.22779727900007174,42.05966621400006],[0.2164332830000717,42.05167395500007],[0.2080728050000289,42.05312389800008],[0.21007032100004608,42.054878003000056],[0.21282870700002832,42.05446754600007],[0.21143135000005486,42.05814473700008],[0.20505561700002772,42.06231240100004],[0.22159731200002852,42.06919683900003],[0.23336171400006833,42.08356178300005],[0.2403243300000213,42.100870851000025],[0.24464137900002925,42.10229757900004],[0.24923851800002694,42.09950188200003],[0.25441747300004636,42.10004833100004],[0.2717008890000443,42.09332488700005],[0.27393969900003867,42.09453966600006],[0.279087890000028,42.092384406000065],[0.2837899680000646,42.08791842000005],[0.2987440500000389,42.08232021100008]],[[0.23124544600005947,42.07264924200007],[0.2301137480000648,42.071427898000024],[0.23582670200005396,42.070580594000035],[0.23723219200002177,42.07161902800004],[0.23124544600005947,42.07264924200007]]]}},{"type":"Feature","properties":{"ClaseSuelo":"SUELO URBANO","NuclRural":"0","AreaLamber":10.23133679,"Shape_STAr":0.0000111196608},"geometry":{"type":"Polygon","coordinates":[[[0.23723219200002177,42.07161902800004],[0.23331159700006765,42.07070517000005],[0.22978920000002745,42.07208987000007],[0.23723219200002177,42.07161902800004]]]}},{"type":"Feature","properties":{"ClaseSuelo":"SUELO NO URBANIZABLE","NuclRural":"0","AreaLamber":14487.3240028,"Shape_STAr":0.0157690424736},"geometry":{"type":"MultiPolygon","coordinates":[[[[-0.4483372579999241,42.11184774800006],[-0.4451938369999766,42.10929902000004],[-0.4208494259999611,42.12597460600006],[-0.4075316459999385,42.12469232300003],[-0.396417534999955,42.130004161000045],[-0.39184832399996594,42.12701442700006],[-0.38815985099995487,42.12692573800007],[-0.38826885599996785,42.12879518900007],[-0.393492422999941,42.13358811300003],[-0.39213074799994274,42.135247597000046],[-0.38766138899995894,42.13760390400006],[-0.3711768399999755,42.13862642700008],[-0.3719604939999499,42.13577165400005],[-0.36973129999995535,42.13409052700007],[-0.3695929169999772,42.131881013000054],[-0.3721588609999458,42.12454637700006],[-0.3694837239999629,42.11845135100003],[-0.34087283299993487,42.116818554000076],[-0.33763413399992714,42.11299713300008],[-0.33853221899994423,42.110901684000055],[-0.3368265129999486,42.108025363000024],[-0.3408988269999327,42.104634771000065],[-0.349687294999967,42.10152426500008],[-0.36509603599995444,42.10495936800004],[-0.36783362399995667,42.104265844000054],[-0.370165310999937,42.099060147000046],[-0.37721256499997935,42.10029324300007],[-0.37624358599993,42.09447155700008],[-0.3774313369999618,42.09264359000008],[-0.3846905959999276,42.09576324400007],[-0.3865271459999349,42.09932629300005],[-0.38988419799994745,42.101501065000036],[-0.39784752799994294,42.10075454200006],[-0.40415779599993584,42.094584756000074],[-0.4035065849999455,42.08950889600004],[-0.4251587739999536,42.08298195000003],[-0.4292049029999703,42.07739024400007],[-0.42451936899993825,42.07548395900005],[-0.4206736419999402,42.071354005000046],[-0.41422731199998,42.070263175000036],[-0.40175969699993175,42.06360538400003],[-0.39947807299995475,42.05733077200006],[-0.3967183009999644,42.05478262500003],[-0.39853030499995157,42.05272546000003],[-0.39593797799994945,42.04992889700003],[-0.398654411999928,42.04465926600005],[-0.40164127199994937,42.04252060500005],[-0.4074627129999726,42.028018313000075],[-0.4161957059999395,42.03546494400007],[-0.4270308699999532,42.033988527000076],[-0.431745512999953,42.03540006500003],[-0.42188578999997617,42.05008304800003],[-0.4273126829999683,42.057220320000056],[-0.43126315699993256,42.05694865900006],[-0.43583318799994686,42.06109449100006],[-0.435401704999947,42.063405483000054],[-0.44383315699997183,42.06110205700003],[-0.44673653899997134,42.05801479100006],[-0.4683041399999297,42.054449514000055],[-0.4941517139999405,42.03786161600004],[-0.5148325449999334,42.05585470500006],[-0.5099050359999637,42.06103412600004],[-0.5107146369999782,42.064744027000074],[-0.5082313379999732,42.069210912000074],[-0.502862390999951,42.07389409900003],[-0.4985662009999601,42.08601207400005],[-0.5036978589999421,42.08925786000003],[-0.5027859049999392,42.09462335500007],[-0.5051610879999657,42.09541351400003],[-0.5049546939999345,42.096976022000035],[-0.5173982779999733,42.102523432000055],[-0.5168419299999414,42.113047943000026],[-0.5090738509999255,42.123307897000075],[-0.49973891799993453,42.13211920900005],[-0.49973738599993567,42.136766065000074],[-0.4941612399999258,42.138868666000064],[-0.487774811999941,42.14523085700006],[-0.4933096029999433,42.15001691800006],[-0.49378478899996026,42.15238676100006],[-0.48938396499994496,42.15380339200004],[-0.4686920669999495,42.15097984300007],[-0.45586041699993984,42.151064914000074],[-0.4543802679999658,42.16472941100005],[-0.45008932999996887,42.16638112100003],[-0.44721879699994815,42.16521851600004],[-0.4425861399999462,42.166033811000034],[-0.43970703899992714,42.16898635700005],[-0.4422769929999504,42.174600128000066],[-0.4423387319999392,42.18237321500004],[-0.4273370649999606,42.17431071900006],[-0.42266635299995414,42.17365644600005],[-0.4217927149999241,42.17995860000008],[-0.41927307999992536,42.18296375700004],[-0.4199396139999294,42.18503200200007],[-0.4107692129999805,42.18987723200007],[-0.4145785729999716,42.19415976700003],[-0.4134831909999548,42.197259949000056],[-0.4150099309999291,42.19783470800007],[-0.4149643179999316,42.201030607000064],[-0.41070433199996614,42.20628363000003],[-0.40824710299995104,42.212756987000034],[-0.41573059999996076,42.220841766000035],[-0.4235719369999629,42.23506674600003],[-0.4120515099999693,42.23882353700003],[-0.40469102699995574,42.24424934900003],[-0.40123978599996235,42.24122638400007],[-0.3973679199999651,42.24077828900005],[-0.3937151679999715,42.24472066900006],[-0.38443498599997383,42.24169952300008],[-0.3802758249999556,42.24438712300008],[-0.37177125099992736,42.24138268400003],[-0.3717626249999739,42.23575418000007],[-0.3773407729999576,42.23829540000003],[-0.37958064399992963,42.237761318000025],[-0.3757299809999495,42.23213491100006],[-0.376009230999955,42.23036723400003],[-0.3732858739999756,42.22825161700007],[-0.37314790899995387,42.225735978000046],[-0.37556015499995965,42.224539477000064],[-0.3744889289999378,42.220570586000065],[-0.3694283749999272,42.218149131000075],[-0.3674770909999552,42.21321442200008],[-0.36987960599992675,42.21136944400007],[-0.3664013099999579,42.21024493600004],[-0.36750218699995685,42.20707332000006],[-0.37091524799996023,42.20451312400007],[-0.36954958899997337,42.199771947000045],[-0.3714000549999241,42.198958901000026],[-0.36808995599994887,42.196424480000076],[-0.3698940779999589,42.19468280700005],[-0.3672997469999473,42.190958059000025],[-0.3680833339999481,42.18987737000003],[-0.3632944649999672,42.185354661000076],[-0.3576938099999438,42.17592305100004],[-0.3545616619999805,42.17496825500007],[-0.3493114309999328,42.16994800600003],[-0.3558267939999382,42.16930606600005],[-0.36458497099994247,42.165959634000046],[-0.376848104999965,42.15350636800008],[-0.3899750519999543,42.15718942900003],[-0.39270446299997275,42.154409661000045],[-0.39260894999995344,42.15265239200005],[-0.38578297499992686,42.150899663000075],[-0.38140064799995343,42.14751972000005],[-0.38940420799997355,42.151560983000024],[-0.3936031269999489,42.15062868000007],[-0.3942087389999642,42.14893623200004],[-0.3952785089999793,42.15203937300004],[-0.4035750229999735,42.158464337000055],[-0.4081505109999739,42.159951387000035],[-0.4090362739999591,42.15280461100008],[-0.41570107199993345,42.15760401000006],[-0.41635733499992966,42.15456709800003],[-0.4219867219999287,42.152955758000076],[-0.42293009999997366,42.15386171100005],[-0.4253856169999608,42.14994134400007],[-0.4244208639999556,42.14950625700004],[-0.43098194799995326,42.14200169500003],[-0.42944621799995275,42.13353387800004],[-0.4321429829999488,42.12502362400005],[-0.42927241499995716,42.12539579500003],[-0.42891128399998024,42.123199775000046],[-0.4309604039999613,42.12401644800008],[-0.4418579789999626,42.11464237000007],[-0.449341019999963,42.11137072100007],[-0.4564844159999666,42.10412772900003],[-0.4557094709999774,42.101826266000046],[-0.44919166399995447,42.098784402000035],[-0.4369343279999498,42.100344765000045],[-0.4468414679999455,42.10978506300006],[-0.4490580979999663,42.10915686200008],[-0.4483372579999241,42.11184774800006]],[[-0.3726948199999356,42.186672515000055],[-0.37687420699995755,42.18759516800003],[-0.3773293739999417,42.186562640000034],[-0.37173017799995023,42.185538465000036],[-0.3726948199999356,42.186672515000055]],[[-0.36297383699997,42.10812710300007],[-0.3607297459999472,42.108199899000056],[-0.3624146989999417,42.10974963500007],[-0.3612274169999523,42.110452319000046],[-0.364671714999929,42.11009329900003],[-0.36297383699997,42.10812710300007]],[[-0.40837073099993404,42.04521694300007],[-0.4056854869999711,42.045705662000046],[-0.40664172299995016,42.04809988400007],[-0.4083241619999285,42.04800635400005],[-0.40837073099993404,42.04521694300007]],[[-0.4105950679999637,42.056892549000054],[-0.4124994249999645,42.05456940100004],[-0.4102604469999278,42.05417550300007],[-0.4089232159999483,42.05591098100007],[-0.4105950679999637,42.056892549000054]],[[-0.44516296199992667,42.15818458800004],[-0.44394131299992523,42.15980419400006],[-0.4449553129999799,42.161430461000066],[-0.4475504799999612,42.16186065800008],[-0.44738966199997776,42.15966980200005],[-0.44516296199992667,42.15818458800004]],[[-0.4009906389999287,42.22502701900004],[-0.40310559899995724,42.22758544800007],[-0.4064158659999748,42.22759002500004],[-0.40691376499995613,42.22577987400007],[-0.4038926269999479,42.22429037400008],[-0.40503001299993,42.22311469700003],[-0.40162559999993164,42.222592846000055],[-0.4009906389999287,42.22502701900004]],[[-0.43918560799994566,42.12206465000003],[-0.44549245099995005,42.117882235000025],[-0.44327752799995324,42.11646276100004],[-0.44169109299997444,42.11720864100005],[-0.43693854399992915,42.12084232300003],[-0.43918560799994566,42.12206465000003]],[[-0.39818313799997895,42.153964830000064],[-0.396956098999965,42.15903639000004],[-0.4052176319999603,42.15955586500007],[-0.39818313799997895,42.153964830000064]],[[-0.45632679699997425,42.141653553000026],[-0.45459776499995996,42.14162380400006],[-0.45496645399992985,42.147133505000056],[-0.45807833299994627,42.14743158400006],[-0.4591479159999494,42.14263197300005],[-0.45632679699997425,42.141653553000026]],[[-0.4711992369999507,42.116531405000046],[-0.4695239359999732,42.11688693900004],[-0.46966310599992767,42.11891374900006],[-0.4602318309999305,42.11974903300006],[-0.4607452049999665,42.12150832100008],[-0.46898797899996225,42.12102328700007],[-0.46768513899996833,42.13238375600008],[-0.4642611429999306,42.139072363000025],[-0.46512184099992737,42.13984199500004],[-0.4689821939999774,42.13599810000005],[-0.471136223999963,42.135817873000065],[-0.4699627469999541,42.13561612900003],[-0.4708240229999774,42.12030783300003],[-0.47303872799994906,42.11673273800005],[-0.4711992369999507,42.116531405000046]],[[-0.45023113399997783,42.11364266800007],[-0.4551491119999582,42.118247729000075],[-0.45445893699996986,42.12101221100005],[-0.4582127309999464,42.12103049400008],[-0.46127747699995325,42.11423315900004],[-0.4590068419999511,42.11315241400007],[-0.459412962999977,42.11099562600003],[-0.4617006789999323,42.11101466000008],[-0.4611107039999638,42.10467414800007],[-0.4494243229999597,42.11290093200006],[-0.45023113399997783,42.11364266800007]]],[[[-0.3960764839999342,42.13720984500003],[-0.39166039899993166,42.135817915000075],[-0.3937730559999295,42.13377829600006],[-0.39894045199997663,42.137168650000035],[-0.3960764839999342,42.13720984500003]]]]}},{"type":"Feature","properties":{"ClaseSuelo":"SUELO URBANIZABLE DELIMITADO O SECTORIZADO","NuclRural":"0","AreaLamber":310.83045371,"Shape_STAr":0.000338375322527},"geometry":{"type":"MultiPolygon","coordinates":[[[[-0.40910692299996754,42.14957263400004],[-0.4099470619999579,42.145591997000054],[-0.4117915999999582,42.14573396900005],[-0.41404628999993065,42.14915211500005],[-0.41990729499997315,42.147439449000046],[-0.4103450039999643,42.14428523700008],[-0.42018741799995496,42.146248996000054],[-0.42332991999995784,42.13805951900008],[-0.4196903309999698,42.13735026400008],[-0.4283060469999782,42.133077118000074],[-0.4281413939999652,42.13187309800003],[-0.4254597309999326,42.13256551600006],[-0.42541029899996374,42.131363631000056],[-0.42111960999994835,42.130505225000036],[-0.42699138699993,42.12756580700005],[-0.4247717609999313,42.12704800600005],[-0.4190788739999789,42.13035799700003],[-0.41417160399993236,42.12566557300005],[-0.42088860399996975,42.12596307300004],[-0.42773994699996365,42.12149270500004],[-0.43002628899995443,42.124458480000044],[-0.4292346649999672,42.12536974200003],[-0.4319421189999275,42.12454206100006],[-0.4294362789999582,42.133716725000056],[-0.4310455099999331,42.141650338000034],[-0.42854682799998045,42.14620472200005],[-0.4270392459999357,42.14781055800006],[-0.42740332299996453,42.146448459000055],[-0.4236489449999681,42.146291673000064],[-0.42261550199992826,42.14873124600007],[-0.4201886709999485,42.14761084500003],[-0.4162156709999749,42.14938364000005],[-0.40910692299996754,42.14957263400004]],[[-0.41434571599995706,42.14490938400007],[-0.41431008599994357,42.144919153000046],[-0.41463199499997927,42.14507812000005],[-0.41434571599995706,42.14490938400007]],[[-0.41428276399994957,42.14490480200004],[-0.4136371309999731,42.144485933000055],[-0.4129998879999448,42.144416232000026],[-0.41428276399994957,42.14490480200004]],[[-0.41297430499997745,42.14443934900004],[-0.4113985089999801,42.14461053300005],[-0.4120477309999728,42.14469368300007],[-0.41297430499997745,42.14443934900004]]],[[[-0.39395466599995643,42.133854195000026],[-0.39231800399994654,42.13642213700007],[-0.3988324859999466,42.13722277000005],[-0.3878892229999451,42.137404952000054],[-0.393492422999941,42.13358811300003],[-0.3876126449999333,42.12717008800007],[-0.39184832399996594,42.12701442700006],[-0.39315796999994745,42.129001956000025],[-0.40186522599992713,42.132632741000066],[-0.40091713199996093,42.139395903000036],[-0.39395466599995643,42.133854195000026]]],[[[-0.4127215209999804,42.151442547000045],[-0.41449196999997184,42.14968633800004],[-0.4128541309999605,42.151271251000026],[-0.41453681499996264,42.15207539000005],[-0.4127215209999804,42.151442547000045]]],[[[-0.3830351769999538,42.148751262000076],[-0.38140064799995343,42.14751972000005],[-0.3821428819999255,42.144664713000054],[-0.38650491899994677,42.148792558000025],[-0.394140947999972,42.148861718000035],[-0.3942875549999485,42.14992405100003],[-0.38967320699993024,42.151590664000025],[-0.3830351769999538,42.148751262000076]]]]}},{"type":"Feature","properties":{"ClaseSuelo":"SUELO URBANIZABLE NO DELIMITADO O SECTORIZADO","NuclRural":"0","AreaLamber":443.09832678,"Shape_STAr":0.000482391535446},"geometry":{"type":"MultiPolygon","coordinates":[[[[-0.3965200849999633,42.15267062300006],[-0.3951483389999453,42.151925162000055],[-0.4006346539999299,42.14763652900007],[-0.4093413439999267,42.150241178000044],[-0.4201886709999485,42.14761084500003],[-0.4253856169999608,42.14994134400007],[-0.42293009999997366,42.15386171100005],[-0.4219867219999287,42.152955758000076],[-0.41635733499992966,42.15456709800003],[-0.41578581599992503,42.157609697000055],[-0.4090362739999591,42.15280461100008],[-0.4081505109999739,42.159951387000035],[-0.40334854299993594,42.158323385000074],[-0.3965200849999633,42.15267062300006]],[[-0.4144361499999718,42.15125956300005],[-0.4128541309999605,42.151271251000026],[-0.41449196999997184,42.14968633800004],[-0.41281759699995746,42.15049404000007],[-0.4144361499999718,42.15125956300005]]],[[[-0.4551491119999582,42.118247729000075],[-0.4494243229999597,42.11290093200006],[-0.455111249999959,42.108943655000076],[-0.457212416999937,42.109987911000076],[-0.4550659709999536,42.11068048800007],[-0.4553011189999552,42.11780752900006],[-0.45977959399994006,42.117740197000046],[-0.4582127309999464,42.12103049400008],[-0.45657653399996434,42.12129541500008],[-0.45445893699996986,42.12101221100005],[-0.4551491119999582,42.118247729000075]]],[[[-0.4607452049999665,42.12150832100008],[-0.4602318309999305,42.11974903300006],[-0.465423770999962,42.11890920900004],[-0.46781294599992407,42.11898832500003],[-0.4681870909999475,42.12039561600005],[-0.4607452049999665,42.12150832100008]]],[[[-0.44327627099994515,42.11646327600005],[-0.44549245099995005,42.117882235000025],[-0.43863425099993947,42.12245868700006],[-0.43693854399992915,42.12084232300003],[-0.44327627099994515,42.11646327600005]]],[[[-0.4369983759999627,42.115443877000075],[-0.4451938369999766,42.10929902000004],[-0.4481704009999703,42.11195686800005],[-0.4418579789999626,42.11464237000007],[-0.4309604039999613,42.12401644800008],[-0.42773994699996365,42.12149270500004],[-0.4369983759999627,42.115443877000075]]],[[[-0.46978120599993645,42.13481123300005],[-0.47019291799995244,42.13366565800004],[-0.4671503349999284,42.13410323800008],[-0.46834796699994286,42.12043709500006],[-0.4714564589999668,42.12106499500004],[-0.46978120599993645,42.13481123300005]]],[[[-0.46626721999996334,42.14010969800006],[-0.4642611429999306,42.139072363000025],[-0.46785471599997663,42.135553413000025],[-0.46626721999996334,42.14010969800006]]],[[[-0.45490164099993535,42.14593988200005],[-0.454424549999942,42.14268047400003],[-0.4568235129999607,42.14366489200006],[-0.45490164099993535,42.14593988200005]]],[[[-0.4144255819999785,42.14904821600004],[-0.4118085849999602,42.145239685000035],[-0.41990729499997315,42.147439449000046],[-0.4144255819999785,42.14904821600004]],[[-0.4137449669999569,42.14721505400007],[-0.41323726299992813,42.14744609100006],[-0.41362090699993814,42.14805387100006],[-0.4137449669999569,42.14721505400007]]],[[[-0.4094393989999503,42.14952662300004],[-0.4094133069999657,42.146404559000075],[-0.4098061649999636,42.14567271300007],[-0.4094393989999503,42.14952662300004]]],[[[-0.3811808369999312,42.14836523500003],[-0.39231973099992956,42.152487146000055],[-0.39270446299997275,42.154409661000045],[-0.3899750519999543,42.15718942900003],[-0.376848104999965,42.15350636800008],[-0.3811808369999312,42.14836523500003]]],[[[-0.40215226699996265,42.15922610900003],[-0.396956098999965,42.15903639000004],[-0.3979041659999325,42.15378819600005],[-0.4052176319999603,42.15955586500007],[-0.40215226699996265,42.15922610900003]]]]}},{"type":"Feature","properties":{"ClaseSuelo":"SUELO URBANO","NuclRural":"0","AreaLamber":679.04126057,"Shape_STAr":0.000739155583795},"geometry":{"type":"MultiPolygon","coordinates":[[[[-0.4007425159999798,42.143498031000036],[-0.39740529599993124,42.14340627300004],[-0.4009742319999532,42.143634434000035],[-0.40013512499996295,42.14771086800005],[-0.3951483389999453,42.151925162000055],[-0.394140947999972,42.148861718000035],[-0.38515395999996827,42.14817706600007],[-0.3821428819999255,42.144664713000054],[-0.38139694599993845,42.140890099000046],[-0.3884429179999529,42.14058334100008],[-0.3887594309999258,42.13778296600003],[-0.39286172399994257,42.13726578700005],[-0.3955301409999379,42.137456918000055],[-0.3957048809999719,42.13945692600004],[-0.3937437159999604,42.13983312000005],[-0.4007823369999528,42.14093242600006],[-0.3990189279999754,42.139613061000034],[-0.4009209469999746,42.139390254000034],[-0.40192043599995486,42.132537986000045],[-0.404655828999978,42.13138186400005],[-0.4043500589999667,42.12783983500003],[-0.4076774079999268,42.12780421600007],[-0.4097532759999467,42.13123053700008],[-0.41152285099997243,42.12490845900004],[-0.4099905569999578,42.13414344000006],[-0.41444848199995477,42.133816308000064],[-0.4165783699999679,42.13625261800007],[-0.4231431789999647,42.138140141000065],[-0.42018741799995496,42.146248996000054],[-0.41378982499998074,42.143576110000026],[-0.4103450039999643,42.14428523700008],[-0.410775067999964,42.14524423800003],[-0.4078330969999797,42.14468288000006],[-0.40952046599994674,42.14558325300004],[-0.4092921889999275,42.14873468500008],[-0.40548000899997305,42.147426532000054],[-0.4067725259999406,42.14430582500006],[-0.4044725709999284,42.14273648500006],[-0.4007425159999798,42.143498031000036]],[[-0.40779046899996274,42.13996464400003],[-0.40744212799995694,42.13985138900006],[-0.40748057699994433,42.140084724000076],[-0.40779046899996274,42.13996464400003]],[[-0.4063354919999256,42.13765130200005],[-0.4066885489999663,42.137647231000074],[-0.4065345459999321,42.13734430300008],[-0.4063354919999256,42.13765130200005]],[[-0.40312336699997786,42.138138868000055],[-0.4025998899999763,42.13831838300007],[-0.4030807449999543,42.13835757600003],[-0.40312336699997786,42.138138868000055]],[[-0.41292382199992517,42.14271662200008],[-0.41315982599996914,42.142964680000034],[-0.413487866999958,42.14270749900004],[-0.41292382199992517,42.14271662200008]],[[-0.40643450699997175,42.13514124200003],[-0.40510918499995796,42.13483242700005],[-0.40545260599992616,42.135412185000064],[-0.40643450699997175,42.13514124200003]],[[-0.4164374949999683,42.14349115300007],[-0.4151558149999346,42.143644780000045],[-0.41634499799994273,42.14422021200005],[-0.4164374949999683,42.14349115300007]],[[-0.40571671999992986,42.137797215000035],[-0.40479283899992424,42.13686720700008],[-0.4060927449999667,42.13634230400004],[-0.4041557189999594,42.13646308700004],[-0.40571671999992986,42.137797215000035]],[[-0.3971383869999272,42.140850767000074],[-0.3970298589999288,42.139844148000066],[-0.39593407899997146,42.13992545900004],[-0.3971383869999272,42.140850767000074]],[[-0.40584591999993336,42.13364403700007],[-0.4076685569999654,42.13294532700007],[-0.4047197949999486,42.132377603000066],[-0.40584591999993336,42.13364403700007]]],[[[-0.4491376669999454,42.109675252000045],[-0.4468414679999455,42.10978506300006],[-0.4369343279999498,42.100344765000045],[-0.44919166399995447,42.098784402000035],[-0.4558116569999697,42.10190193200003],[-0.4564844159999666,42.10412772900003],[-0.44828664999994317,42.11206058500005],[-0.4491376669999454,42.109675252000045]]],[[[-0.4194983969999271,42.13712792100006],[-0.4191909399999645,42.13580123100007],[-0.4174300789999279,42.135980817000075],[-0.4191541349999284,42.13470113500006],[-0.41706611599994403,42.13305122000003],[-0.41490438099992843,42.13401612700005],[-0.41123640399996475,42.130104549000066],[-0.41647051999996165,42.127226035000035],[-0.41996427499992706,42.13078348300007],[-0.4247717609999313,42.12704800600005],[-0.42699138699993,42.12756580700005],[-0.42111960999994835,42.130505225000036],[-0.42541029899996374,42.131363631000056],[-0.4254597309999326,42.13256551600006],[-0.4281413939999652,42.13187309800003],[-0.4283060469999782,42.133077118000074],[-0.4194983969999271,42.13712792100006]]],[[[-0.45559572799993475,42.113879360000055],[-0.4550659709999536,42.11068048800007],[-0.457212416999937,42.109987911000076],[-0.455111249999959,42.108943655000076],[-0.4608788309999454,42.10448159900005],[-0.4617006789999323,42.11101466000008],[-0.459412962999977,42.11099562600003],[-0.4590157799999588,42.113269744000036],[-0.46127747699995325,42.11423315900004],[-0.45977959399994006,42.117740197000046],[-0.4553011189999552,42.11780752900006],[-0.45559572799993475,42.113879360000055]]],[[[-0.42289600899994184,42.14841675300005],[-0.4236489449999681,42.146291673000064],[-0.42746255199995176,42.14650428200008],[-0.4244010729999559,42.14953597400006],[-0.42289600899994184,42.14841675300005]]],[[[-0.44467585299997836,42.15831913100004],[-0.44738966199997776,42.15966980200005],[-0.4475504799999612,42.16186065800008],[-0.4449553129999799,42.161430461000066],[-0.44467585299997836,42.15831913100004]]],[[[-0.40402449199996227,42.22666174200003],[-0.4016126999999301,42.22596571400004],[-0.401215714999978,42.22371315300006],[-0.40503001299993,42.22311469700003],[-0.4038945179999587,42.22429459500006],[-0.40691376499995613,42.22577987400007],[-0.40402449199996227,42.22666174200003]]],[[[-0.4118828719999783,42.05649476100007],[-0.4089232159999483,42.05591098100007],[-0.4102604469999278,42.05417550300007],[-0.4123909079999635,42.05451621000003],[-0.4118828719999783,42.05649476100007]]],[[[-0.4566107219999367,42.144884500000046],[-0.45558436599992547,42.142751848000046],[-0.4587482349999732,42.14255403400006],[-0.4581579929999293,42.144872521000025],[-0.455916833999936,42.14592994600008],[-0.4566107219999367,42.144884500000046]]],[[[-0.36293849699995917,42.110530168000025],[-0.3612274169999523,42.110452319000046],[-0.3624146989999417,42.10974963500007],[-0.3607297459999472,42.108199899000056],[-0.36333063599994375,42.107968550000066],[-0.364671714999929,42.11009329900003],[-0.36293849699995917,42.110530168000025]]],[[[-0.46947757499992804,42.11913874600003],[-0.4695239359999732,42.11688693900004],[-0.47293833399993446,42.11730980400006],[-0.46947757499992804,42.11913874600003]]],[[[-0.46829219399995736,42.13651080900007],[-0.4692025589999389,42.13463488300005],[-0.471136223999963,42.135817873000065],[-0.46829219399995736,42.13651080900007]]],[[[-0.4080293529999608,42.04676956900005],[-0.4059569609999585,42.046093760000076],[-0.4063845419999552,42.04465068700006],[-0.4083337499999402,42.04505658900007],[-0.4080293529999608,42.04676956900005]]],[[[-0.4014351799999645,42.144418794000046],[-0.40345812599997544,42.14319521800007],[-0.40240528799995445,42.14561155800004],[-0.4014351799999645,42.144418794000046]]],[[[-0.37471070899994174,42.18686050600007],[-0.3728741559999662,42.18600996500004],[-0.3762306559999615,42.18624706300005],[-0.37471070899994174,42.18686050600007]]],[[[-0.3968800799999599,42.13757618300008],[-0.3975106799999253,42.138489683000046],[-0.3957261819999758,42.138584380000054],[-0.3968800799999599,42.13757618300008]]],[[[-0.4135711399999309,42.14719881100007],[-0.41362090699993814,42.14805387100006],[-0.41323726299992813,42.14744609100006],[-0.4135711399999309,42.14719881100007]]],[[[-0.40362245699992627,42.13139534700008],[-0.40298737099993787,42.13096700500006],[-0.40338284499995325,42.13083806700007],[-0.40362245699992627,42.13139534700008]]],[[[-0.3994084079999425,42.13794286400008],[-0.39866113199997244,42.137784632000034],[-0.39872165999997833,42.13769110800007],[-0.3994084079999425,42.13794286400008]]],[[[-0.40292174599994723,42.130500115000075],[-0.4027008359999513,42.13059203700004],[-0.4025851209999587,42.130435987000055],[-0.40280666899997186,42.13034398600007],[-0.40292174599994723,42.130500115000075]]],[[[-0.3727118899999482,42.18662893900006],[-0.37298434999996743,42.18667648600007],[-0.37296239299996614,42.186731561000045],[-0.3727118899999482,42.18662893900006]]]]}},{"type":"Feature","properties":{"ClaseSuelo":"SUELO NO URBANIZABLE","NuclRural":"0","AreaLamber":12760.9623388,"Shape_STAr":0.0137678267164},"geometry":{"type":"Polygon","coordinates":[[[0.18592373100005943,41.64997879900005],[0.19296795300004987,41.642371559000026],[0.19940237700006946,41.629026370000076],[0.20641009900003837,41.623661697000045],[0.20761832700003424,41.61632447300008],[0.2163642900000582,41.61096463600006],[0.2372888520000629,41.60443288400006],[0.23124825700006113,41.595678658000054],[0.22903943500006108,41.59565075100005],[0.22761881800005312,41.59266486300004],[0.22511028200005967,41.592879448000076],[0.21825094800004763,41.58666003700006],[0.22206845200003045,41.582383427000025],[0.1891047090000484,41.55894379700004],[0.18164320300002146,41.555206328000054],[0.175811220000071,41.548496519000025],[0.16050638200005096,41.543416310000055],[0.13282371400003967,41.540599421000024],[0.12915195700003324,41.538781294000046],[0.10338093500007517,41.53927322000004],[0.0992880950000199,41.54241861600008],[0.08477819000006548,41.54708681900007],[0.07257168100005629,41.547026654000035],[0.04460142300007419,41.562540639000076],[0.03706147200006171,41.56310043600007],[0.025744683000027635,41.56110256200003],[0.03136260000002267,41.56713241800003],[0.040478287000041746,41.57305145200007],[0.043585183000061534,41.57766116000005],[0.05540071800004398,41.587866158000054],[0.09054828900002576,41.611493239000026],[0.09715251700004046,41.61960050700003],[0.10648652400004721,41.622284207000064],[0.12325479600002609,41.63026758500007],[0.12610513700002457,41.640555437000046],[0.13469415400004436,41.65377556100003],[0.1345614600000431,41.65895737200003],[0.1369655080000598,41.66370066400003],[0.1479804300000751,41.661282855000024],[0.15696471600006134,41.652471881000054],[0.16694375100001935,41.653223645000025],[0.17007156600004691,41.65211969000006],[0.1716066430000751,41.64963679600004],[0.168465096000034,41.64556299900005],[0.1715615750000552,41.64236158400007],[0.18592373100005943,41.64997879900005]],[[0.1894145430000549,41.62641090100004],[0.1907274790000315,41.62225708900007],[0.1888129120000599,41.619622578000076],[0.1910738430000265,41.61640741900004],[0.19245955800005277,41.61919956300005],[0.19569894900007512,41.620110185000044],[0.19240760100007037,41.62258446900006],[0.19136972900003002,41.62613259300008],[0.1894145430000549,41.62641090100004]]]}},{"type":"Feature","properties":{"ClaseSuelo":"SUELO NO URBANIZABLE","NuclRural":"0","AreaLamber":14632.781321,"Shape_STAr":0.0158085788071},"geometry":{"type":"Polygon","coordinates":[[[-0.0415244579999694,41.77829058700007],[-0.03571005999992849,41.77497056900006],[-0.017291527999930167,41.77548397800007],[-0.004706731999931435,41.77007698800003],[-0.001742544999956408,41.76295717100004],[0.0018999770000505123,41.761367008000036],[0.011072504000026129,41.75201300300006],[0.019521587000042473,41.73857074500006],[0.01773886100005484,41.71951665000006],[0.02149154500006034,41.71751773400007],[0.030725738000057845,41.70454929700003],[0.025270849000037288,41.693814331000056],[0.020072688000027483,41.69108738800003],[0.014045705000057751,41.68089822400003],[0.011512118000041482,41.67989302800004],[0.011353779000046416,41.67701535100008],[-0.00564702299993769,41.66684221500003],[-0.0046585059999415535,41.664592011000025],[-0.005851032999942163,41.66140806400006],[-0.013934070999937376,41.65308108900007],[-0.017591679999952703,41.650843647000045],[-0.023756902999934937,41.65098560200005],[-0.031665673999953015,41.64846157100004],[-0.03166728899992677,41.64659741300005],[-0.025307322999935877,41.64000269100006],[-0.022138066999957573,41.639218096000036],[-0.017863517999956002,41.63481140400006],[-0.008817735999969045,41.62950590300005],[-0.006970300999967094,41.62559429200007],[-0.00020277099997656478,41.62089683000005],[-0.0002823629999397781,41.619439972000066],[-0.004661806999934015,41.613763540000036],[-0.012732293999931699,41.59517867300008],[-0.015724055999953634,41.59143798500003],[-0.021848344999966685,41.587913566000054],[-0.021852634999959264,41.58573427500005],[-0.026909772999943016,41.579309057000046],[-0.027960835999977007,41.57104190100006],[-0.0405400129999407,41.55846127800004],[-0.04135666999997056,41.55291669400003],[-0.045994337999957224,41.546912046000045],[-0.044050302999949054,41.542485199000055],[-0.04476225999997041,41.539225378000026],[-0.04901856199995791,41.536831138000025],[-0.058868689999940216,41.53609304200006],[-0.06902836099993692,41.542557712000075],[-0.08230176499995423,41.56006082300007],[-0.09891317299997127,41.56424599300004],[-0.09679245699993544,41.58240238900004],[-0.09061136999997643,41.59049539800003],[-0.08870948999992834,41.59784103900006],[-0.08824456399997871,41.60657395700008],[-0.09099869599992871,41.621908732000065],[-0.08492491199996266,41.629112520000035],[-0.07661882699994749,41.653784536000046],[-0.05946286299996473,41.66267649500003],[-0.05492501699995955,41.664217259000054],[-0.053074077999951896,41.66214346400005],[-0.049331797999968785,41.67360179800005],[-0.049728348999963146,41.68515741600004],[-0.04097158699994452,41.70607759500007],[-0.032609199999967586,41.712823179000054],[-0.03533301199996686,41.712920574000066],[-0.03062647499996274,41.72429023400008],[-0.03133963099998027,41.727856932000066],[-0.021503539999969234,41.75155726000003],[-0.026636977999942246,41.75523859700007],[-0.03916292099995644,41.748573994000026],[-0.0531065379999518,41.74397969600005],[-0.08614661999996542,41.75894420000003],[-0.09131012799997507,41.76551426800006],[-0.09217808299996477,41.77478513300008],[-0.08682465399994044,41.77663963400005],[-0.09061498599993456,41.77769038400004],[-0.09135566099996595,41.77940222500007],[-0.08792995199996767,41.784907874000055],[-0.06841840099997398,41.798775111000054],[-0.060677252999937537,41.802251383000055],[-0.057390244999965034,41.800176900000054],[-0.0415244579999694,41.77829058700007]],[[-0.011205109999934848,41.717575821000025],[-0.010811768999928972,41.71579007500003],[-0.013231532999952833,41.714150578000044],[-0.004774620999967283,41.713593057000026],[-0.011205109999934848,41.717575821000025]]]}},{"type":"Feature","properties":{"ClaseSuelo":"SUELO URBANO","NuclRural":"0","AreaLamber":14.44765593,"Shape_STAr":0.0000156196810939},"geometry":{"type":"Polygon","coordinates":[[[-0.009872331999929429,41.71753449800008],[-0.010334307999926295,41.71658778200003],[-0.004774620999967283,41.713593057000026],[-0.013231532999952833,41.714150578000044],[-0.010728803999938918,41.71593326400006],[-0.012098561999948743,41.717392629000074],[-0.009872331999929429,41.71753449800008]]]}},{"type":"Feature","properties":{"ClaseSuelo":"SUELO NO URBANIZABLE","NuclRural":"0","AreaLamber":10630.6070191,"Shape_STAr":0.0115104533033},"geometry":{"type":"Polygon","coordinates":[[[0.10685861600006774,41.87452595800005],[0.13984634900003812,41.86865814600003],[0.13716845700002978,41.858501329000035],[0.14197678200002883,41.83518989500004],[0.1377821710000262,41.827965309000035],[0.13509345400007078,41.81433259100004],[0.1306762010000284,41.80249401400005],[0.12553115300005402,41.798662894000074],[0.12517252800006418,41.78955915500006],[0.12753039600005422,41.78262374900004],[0.13338357400004952,41.775583889000075],[0.13394243500005132,41.77075971200003],[0.13005241700005854,41.76399472000003],[0.12954493500006947,41.75999212000005],[0.11822000200004368,41.759102693000045],[0.10165503900003614,41.76452266700005],[0.09692477400005828,41.767955448000066],[0.06596178100005545,41.763914932000034],[0.05069585200004667,41.76666324300004],[0.037227615000063,41.76496723900004],[0.011257537000062712,41.77215372100005],[0.01914585000002944,41.77771902500007],[0.0337331820000486,41.800271362000046],[0.04175512700004447,41.807524536000074],[0.01684210400003394,41.83038090400004],[0.026324622000061026,41.83077054100005],[0.03452941600005488,41.83596609500006],[0.023967440000035367,41.847690939000074],[0.03200308300006327,41.85155830000008],[0.03152205400004959,41.85743354500005],[0.04716066500003535,41.86129678400005],[0.050706929000057244,41.86594837600006],[0.04783712700003662,41.87045533200006],[0.05321972600006575,41.87418452700007],[0.07003926100003355,41.87617606200007],[0.0747763090000717,41.88198372900007],[0.08076941400003079,41.88356995500004],[0.09144527800003743,41.885543049000034],[0.0949215450000338,41.87767768900005],[0.10685861600006774,41.87452595800005]],[[0.1279609500000447,41.853989555000055],[0.12613685200005875,41.85396704500005],[0.12551755500004447,41.852213591000066],[0.13087382600002684,41.84926384000005],[0.1316700170000331,41.85097835500005],[0.1279609500000447,41.853989555000055]],[[0.12402915800004166,41.81923462900005],[0.12191688400002931,41.818439125000054],[0.12517813600004501,41.816660640000066],[0.12402915800004166,41.81923462900005]],[[0.11135497600002964,41.78045788500003],[0.10910950500004901,41.77977415700008],[0.11738595900004611,41.77872279800005],[0.11718737800003964,41.78046994700003],[0.11135497600002964,41.78045788500003]]]}},{"type":"Feature","properties":{"ClaseSuelo":"SUELO URBANO","NuclRural":"0","AreaLamber":25.57917396,"Shape_STAr":0.0000276940918043},"geometry":{"type":"MultiPolygon","coordinates":[[[[0.12902182900006665,41.85342896000003],[0.1316700170000331,41.85097835500005],[0.13081656900004646,41.84923416600003],[0.12551755500004447,41.852213591000066],[0.12613685200005875,41.85396704500005],[0.12902182900006665,41.85342896000003]]],[[[0.11233972100006895,41.78100660100006],[0.11759142700003622,41.78033387800008],[0.11738595900004611,41.77872279800005],[0.10910950500004901,41.77977415700008],[0.11233972100006895,41.78100660100006]]],[[[0.12402915800004166,41.81923462900005],[0.12517813600004501,41.816660640000066],[0.12191688400002931,41.818439125000054],[0.12402915800004166,41.81923462900005]]]]}},{"type":"Feature","properties":{"ClaseSuelo":"SUELO NO URBANIZABLE","NuclRural":"0","AreaLamber":2711.89519436,"Shape_STAr":0.00295031619576},"geometry":{"type":"Polygon","coordinates":[[[0.06040890400004173,42.15534431300006],[0.07280702900004599,42.15120335800003],[0.07652748800006748,42.14432270700007],[0.05618011600006412,42.13388097300003],[0.05243122100006303,42.12737113900005],[0.055864955000060945,42.12079594000005],[0.05481372000002693,42.11880681900004],[0.04766230200004884,42.11445863800003],[0.04236262700004545,42.11314962400007],[0.028953935000060937,42.09750259000003],[0.017391068000051746,42.09641179400006],[0.012757090000036442,42.08996889500003],[0.01021966500002236,42.08923410300008],[-0.004600640999967709,42.090558937000026],[-0.009981025999934445,42.09389629100008],[-0.013967162999961147,42.101186401000064],[-0.02168792099996608,42.10235085000005],[-0.02956528699996852,42.11103820100004],[-0.003948126999944179,42.115693462000024],[0.018073706000052425,42.12606588500006],[0.010644435000074282,42.13649115100003],[0.017908171000044604,42.138110116000064],[0.024962868000045546,42.13736578800007],[0.023026561000051515,42.142946033000044],[0.025505418000022928,42.14646464900005],[0.03570476200002304,42.14895947000008],[0.04215096000007179,42.155695424000044],[0.052361943000050815,42.15511770400008],[0.05665784500007476,42.15661509800003],[0.06040890400004173,42.15534431300006]],[[0.0418264290000252,42.14170456000005],[0.03950481300006459,42.14155887700008],[0.040822526000056314,42.14086393400004],[0.039273002000072665,42.13945879800008],[0.042093529000055696,42.13979614800007],[0.0418264290000252,42.14170456000005]],[[0.015648189000046386,42.11590359500008],[0.015628337000066495,42.11339521700006],[0.01706957100003592,42.11584712200005],[0.015648189000046386,42.11590359500008]]]}},{"type":"Feature","properties":{"ClaseSuelo":"SUELO URBANO","NuclRural":"0","AreaLamber":5.84955322,"Shape_STAr":0.00000636443897595},"geometry":{"type":"MultiPolygon","coordinates":[[[[0.04188500300006126,42.14179116100007],[0.042093529000055696,42.13979614800007],[0.039273002000072665,42.13945879800008],[0.040822526000056314,42.14086393400004],[0.03950481300006459,42.14155887700008],[0.04188500300006126,42.14179116100007]]],[[[0.015775144000031105,42.11608371600005],[0.01706957100003592,42.11584712200005],[0.015628337000066495,42.11339521700006],[0.015775144000031105,42.11608371600005]]]]}},{"type":"Feature","properties":{"ClaseSuelo":"SUELO NO URBANIZABLE","NuclRural":"0","AreaLamber":953.90895688,"Shape_STAr":0.0010308156545},"geometry":{"type":"Polygon","coordinates":[[[0.33649506700004395,41.71975200500003],[0.3512856390000252,41.702535184000055],[0.34202230500005726,41.69653764700007],[0.34097201600002336,41.69365951900005],[0.33435392000006914,41.688124619000064],[0.31613461200004167,41.69162876300004],[0.31890089700004864,41.70672725900005],[0.3063119210000309,41.71863093700006],[0.30795963500003154,41.72929975200003],[0.33153440300003467,41.72656002000008],[0.33649506700004395,41.71975200500003]],[[0.32414969300003804,41.70290233900005],[0.3266096230000244,41.70229707300007],[0.3281190440000614,41.70505292900003],[0.32184730500006253,41.70983317900004],[0.3194249590000595,41.709105081000075],[0.32414969300003804,41.70290233900005]]]}},{"type":"Feature","properties":{"ClaseSuelo":"SUELO URBANO","NuclRural":"0","AreaLamber":29.34476959,"Shape_STAr":0.0000317093483353},"geometry":{"type":"Polygon","coordinates":[[[0.32092898600006947,41.70990741000003],[0.3281190440000614,41.70505292900003],[0.3266096230000244,41.70229707300007],[0.3219462940000426,41.70435019700005],[0.3190756010000655,41.70849569300003],[0.32092898600006947,41.70990741000003]]]}},{"type":"Feature","properties":{"ClaseSuelo":"SUELO NO URBANIZABLE","NuclRural":"0","AreaLamber":900.60421339,"Shape_STAr":0.000974102658238},"geometry":{"type":"Polygon","coordinates":[[[-0.1478047929999775,41.758034397000074],[-0.14177327199996625,41.75843370500007],[-0.13912432199992963,41.75498153600006],[-0.14096108799992635,41.74910149800007],[-0.13916028099993127,41.73577308100005],[-0.14186334399994394,41.72905004000006],[-0.1447135649999609,41.727400861000035],[-0.14063740699992877,41.72308467500005],[-0.14089604499997677,41.72023627200008],[-0.1492824859999473,41.71624812300007],[-0.15203190699998004,41.72012583800006],[-0.15487703299993427,41.72075475200006],[-0.16486189099992998,41.71893945100004],[-0.17162065799993798,41.72023190900006],[-0.1752218729999413,41.723634736000065],[-0.17395497499995827,41.73579746200005],[-0.1652040719999377,41.74202985100004],[-0.1570540789999768,41.74469213000003],[-0.15440352699994264,41.74752631800004],[-0.15262961199994152,41.75908178800006],[-0.1478047929999775,41.758034397000074]],[[-0.1500651839999705,41.73898953100007],[-0.1521135779999554,41.73944590200006],[-0.15275927499993713,41.73269267100005],[-0.15058598899997833,41.73286750400007],[-0.1500651839999705,41.73898953100007]]]}},{"type":"Feature","properties":{"ClaseSuelo":"SUELO URBANO","NuclRural":"0","AreaLamber":14.75473723,"Shape_STAr":0.0000159589911519},"geometry":{"type":"Polygon","coordinates":[[[-0.15183822299997018,41.74002137100007],[-0.1500651839999705,41.73898953100007],[-0.14959569999996347,41.73579601500006],[-0.1520071799999414,41.73243485300003],[-0.15328620499997214,41.73427587400005],[-0.15216169899997567,41.73459112200004],[-0.15183822299997018,41.74002137100007]]]}},{"type":"Feature","properties":{"ClaseSuelo":"SUELO NO URBANIZABLE","NuclRural":"0","AreaLamber":11513.6474268,"Shape_STAr":0.0124674060878},"geometry":{"type":"Polygon","coordinates":[[[-0.40100750799996376,41.84565012300004],[-0.3832445429999325,41.845885804000034],[-0.3730352839999682,41.848426310000036],[-0.3600261959999784,41.842589134000036],[-0.366949897999973,41.833526247000066],[-0.36768280499995853,41.83033697700006],[-0.36066310099994325,41.819782952000025],[-0.36915533399997,41.819968962000075],[-0.3769284639999455,41.815950169000075],[-0.39647332599997753,41.788179703000026],[-0.40081797699997423,41.77834461400005],[-0.4227806279999413,41.75450566500007],[-0.42942118399997753,41.75356484800005],[-0.4326635919999262,41.74826081400005],[-0.4313091149999764,41.738503980000075],[-0.43434742899995626,41.73437510800005],[-0.4511523249999527,41.732957277000025],[-0.45219635899997,41.72328090500008],[-0.4596601109999483,41.715088655000045],[-0.46436960499994484,41.715147744000035],[-0.46686333699994975,41.721732227000075],[-0.4740921099999582,41.722548962000076],[-0.4783294319999527,41.72485762500003],[-0.4822457649999592,41.724313161000055],[-0.485966661999953,41.72969931100005],[-0.4894246649999445,41.731666275000066],[-0.5000634749999335,41.73108791400006],[-0.506868519999955,41.72891233400003],[-0.5193662969999764,41.72937221800004],[-0.5196232989999316,41.731440177000025],[-0.5112718539999719,41.74158943300006],[-0.5039882999999463,41.746150483000065],[-0.505275213999937,41.752662850000036],[-0.5006935899999689,41.76131709200007],[-0.5049932099999523,41.764589783000076],[-0.5040435499999489,41.76643339200007],[-0.5077468729999737,41.774862496000026],[-0.506274082999937,41.77716307400004],[-0.5069484069999248,41.77932116300008],[-0.5119688169999677,41.783906115000036],[-0.5088361049999435,41.791466273000026],[-0.5124353549999796,41.798280858000055],[-0.5111746139999696,41.80845734500008],[-0.5151927559999763,41.81069685600005],[-0.5164452329999563,41.81317360500003],[-0.5183144279999397,41.824615648000076],[-0.5158740509999689,41.82856150600003],[-0.5099696949999384,41.82463300500007],[-0.5045585679999363,41.823831003000066],[-0.4945491039999297,41.82578333400005],[-0.4833643909999523,41.825448519000076],[-0.4739747259999376,41.82845732900006],[-0.4664920629999756,41.834992785000054],[-0.4470616369999334,41.84422546500008],[-0.4341080949999423,41.84708858100004],[-0.42802532799993287,41.85069883800003],[-0.40100750799996376,41.84565012300004]],[[-0.4514608849999604,41.80940021400005],[-0.45384774299992614,41.81039057700008],[-0.4564075219999495,41.80802293900007],[-0.45411015399997723,41.80520672500006],[-0.4501476279999679,41.805037793000054],[-0.44852519799997026,41.80631406300006],[-0.4501429659999303,41.80673349400007],[-0.45009723499993015,41.80903331700006],[-0.4526249719999669,41.80905537000007],[-0.4514608849999604,41.80940021400005]]]}},{"type":"Feature","properties":{"ClaseSuelo":"SUELO URBANO","NuclRural":"0","AreaLamber":21.008563,"Shape_STAr":0.0000227545776896},"geometry":{"type":"Polygon","coordinates":[[[-0.45364909299996725,41.81037338700003],[-0.45009723499993015,41.80903331700006],[-0.4501429659999303,41.80673349400007],[-0.44862722399994936,41.80603937800004],[-0.4542654179999772,41.805312429000026],[-0.4564116109999645,41.808351112000025],[-0.45364909299996725,41.81037338700003]]]}},{"type":"Feature","properties":{"ClaseSuelo":"SUELO NO URBANIZABLE","NuclRural":"0","AreaLamber":1584.38483539,"Shape_STAr":0.00172312158793},"geometry":{"type":"Polygon","coordinates":[[[-0.01188944799997671,42.09753915600004],[-0.009981025999934445,42.09389629100008],[-0.004600640999967709,42.090558937000026],[-0.008674986999949397,42.08567644000004],[-0.007751904999963699,42.08345506200004],[-0.021652433999975074,42.07935949900008],[-0.030704179999929693,42.078630763000035],[-0.031717022999941946,42.079980771000066],[-0.037637538999945264,42.07926041500008],[-0.04806277399995906,42.08097020400004],[-0.05723154499997918,42.07980112400003],[-0.06363799699994388,42.09133009000004],[-0.06789683499994226,42.096509086000026],[-0.0691652479999334,42.09601021200007],[-0.06881229199996142,42.10340352800006],[-0.06618500799993399,42.10609192600003],[-0.055367201999956706,42.11040721200004],[-0.04729003299996748,42.11870034900005],[-0.03589804199992841,42.12435874200003],[-0.03283904399995663,42.12251457200006],[-0.02956528699996852,42.11103820100004],[-0.02437318599993432,42.104401746000065],[-0.02168792099996608,42.10235085000005],[-0.013967162999961147,42.101186401000064],[-0.01188944799997671,42.09753915600004]],[[-0.04434526999995114,42.09775034200004],[-0.04695016699997723,42.097321890000046],[-0.044038534999970125,42.09416369400003],[-0.04434526999995114,42.09775034200004]]]}},{"type":"Feature","properties":{"ClaseSuelo":"SUELO NO URBANIZABLE","NuclRural":"0","AreaLamber":1373.99856814,"Shape_STAr":0.00149165043107},"geometry":{"type":"Polygon","coordinates":[[[-0.447251175999952,41.97036506300003],[-0.4288868139999522,41.96999082800005],[-0.42140501999995195,41.96520293000003],[-0.42148944899997787,41.96071998600007],[-0.4292184539999653,41.946457327000076],[-0.4396326519999434,41.94335815300008],[-0.46933362699996906,41.943603034000034],[-0.4756851679999272,41.944661610000026],[-0.4817926759999409,41.94793887900005],[-0.48169904899992844,41.95307010700003],[-0.48502392399996097,41.96208576300006],[-0.4826396859999704,41.96777913500006],[-0.45792995299996164,41.97161089100007],[-0.447251175999952,41.97036506300003]],[[-0.43406386999993174,41.96121657100008],[-0.43321349699994016,41.96029209000005],[-0.4348698529999524,41.95879464400008],[-0.4301671359999659,41.95967583400005],[-0.43406386999993174,41.96121657100008]],[[-0.4697820999999749,41.95353635200007],[-0.47311025699997344,41.95380987900006],[-0.46991657599994596,41.950784827000064],[-0.4711734489999344,41.95112707200008],[-0.47074613099994167,41.94982618300003],[-0.4642389659999253,41.94891048100004],[-0.4697820999999749,41.95353635200007]]]}},{"type":"Feature","properties":{"ClaseSuelo":"SUELO URBANO","NuclRural":"0","AreaLamber":20.39001117,"Shape_STAr":0.0000221346660821},"geometry":{"type":"MultiPolygon","coordinates":[[[[-0.4697820999999749,41.95353635200007],[-0.4642389659999253,41.94891048100004],[-0.47074613099994167,41.94982618300003],[-0.4711734489999344,41.95112707200008],[-0.46991657599994596,41.950784827000064],[-0.47311025699997344,41.95380987900006],[-0.4697820999999749,41.95353635200007]]],[[[-0.43406386999993174,41.96121657100008],[-0.4301671359999659,41.95967583400005],[-0.4348698529999524,41.95879464400008],[-0.43321349699994016,41.96029209000005],[-0.43406386999993174,41.96121657100008]]]]}},{"type":"Feature","properties":{"ClaseSuelo":"SUELO NO URBANIZABLE","NuclRural":"0","AreaLamber":3270.92026655,"Shape_STAr":0.00357121179823},"geometry":{"type":"Polygon","coordinates":[[[0.5246722910000585,42.36878583400005],[0.516810883000062,42.351734908000026],[0.521231518000036,42.34829446100008],[0.5193144550000284,42.34635444600008],[0.5145978440000363,42.348840444000075],[0.5040964720000716,42.35099913100004],[0.48551166000004287,42.349252215000035],[0.4756887300000585,42.357564686000046],[0.46586613800002397,42.362841880000076],[0.455351391000022,42.36460942200006],[0.4586635160000583,42.39107231400004],[0.4610874480000575,42.39913900400006],[0.4691450360000431,42.409322118000034],[0.474750646000075,42.41357319700006],[0.48379303200005097,42.41163251300003],[0.49569812600003615,42.41704131300003],[0.5054591450000316,42.41709395100003],[0.5096338350000451,42.41286008900005],[0.5128206280000427,42.41422102400003],[0.5174858990000644,42.407909870000026],[0.5162100480000618,42.40703963000004],[0.5222077110000214,42.379851519000056],[0.5155369530000371,42.373924610000074],[0.5160067940000204,42.37059659300007],[0.5246722910000585,42.36878583400005]],[[0.4773004640000522,42.38080589400005],[0.4734120330000451,42.37882266200006],[0.48035557400004336,42.379455145000065],[0.4773935040000197,42.379349803000025],[0.4773004640000522,42.38080589400005]],[[0.5068308870000351,42.37973833900003],[0.5058904690000645,42.378445886000065],[0.5070231710000712,42.37853630400008],[0.5068308870000351,42.37973833900003]],[[0.4973737710000705,42.38109081600004],[0.49724077700005864,42.38153085700003],[0.495913091000034,42.38071135900003],[0.4973737710000705,42.38109081600004]],[[0.4947392400000581,42.383748687000036],[0.4935083060000238,42.38365190800005],[0.49356252800004086,42.382653281000046],[0.4947392400000581,42.383748687000036]],[[0.5000337740000305,42.38446896100004],[0.49993194000006724,42.38549769300005],[0.4989269780000427,42.385542704000045],[0.5000337740000305,42.38446896100004]],[[0.49460063500004026,42.38529157700003],[0.4944118290000574,42.38475675500007],[0.49496196300003703,42.385113458000035],[0.49460063500004026,42.38529157700003]],[[0.4842069610000408,42.39090168900003],[0.4836601300000325,42.39147342900003],[0.48263019500006976,42.39086627900008],[0.4842069610000408,42.39090168900003]],[[0.4836363000000574,42.39244151400004],[0.4834636030000752,42.392573035000055],[0.4830259400000614,42.39221469700004],[0.4836363000000574,42.39244151400004]],[[0.4795151170000622,42.36565224700007],[0.4792244120000646,42.36608389000003],[0.47884767700003295,42.36567044700007],[0.4795151170000622,42.36565224700007]],[[0.4834551050000755,42.365050058000065],[0.4819594860000507,42.36443544500003],[0.48390456200002063,42.36467257700008],[0.4834551050000755,42.365050058000065]]]}},{"type":"Feature","properties":{"ClaseSuelo":"SUELO URBANO","NuclRural":"0","AreaLamber":8.84255981,"Shape_STAr":0.00000965406049243},"geometry":{"type":"MultiPolygon","coordinates":[[[[0.4773004640000522,42.38080589400005],[0.4773935040000197,42.379349803000025],[0.48035557400004336,42.379455145000065],[0.4734120330000451,42.37882266200006],[0.4773004640000522,42.38080589400005]]],[[[0.4834551050000755,42.365050058000065],[0.48390456200002063,42.36467257700008],[0.4819594860000507,42.36443544500003],[0.4834551050000755,42.365050058000065]]],[[[0.4795151170000622,42.36565224700007],[0.47884767700003295,42.36567044700007],[0.4792244120000646,42.36608389000003],[0.4795151170000622,42.36565224700007]]],[[[0.5246021680000581,42.36857492400003],[0.5246722910000585,42.36878583400005],[0.5248234760000514,42.36862806200003],[0.5246021680000581,42.36857492400003]]],[[[0.5068308870000351,42.37973833900003],[0.5070231710000712,42.37853630400008],[0.5058904690000645,42.378445886000065],[0.5068308870000351,42.37973833900003]]],[[[0.4973737710000705,42.38109081600004],[0.495913091000034,42.38071135900003],[0.49724077700005864,42.38153085700003],[0.4973737710000705,42.38109081600004]]],[[[0.4947392400000581,42.383748687000036],[0.49356252800004086,42.382653281000046],[0.4935083060000238,42.38365190800005],[0.4947392400000581,42.383748687000036]]],[[[0.49460063500004026,42.38529157700003],[0.49496196300003703,42.385113458000035],[0.4944118290000574,42.38475675500007],[0.49460063500004026,42.38529157700003]]],[[[0.5000337740000305,42.38446896100004],[0.4989269780000427,42.385542704000045],[0.49993194000006724,42.38549769300005],[0.5000337740000305,42.38446896100004]]],[[[0.4842069610000408,42.39090168900003],[0.48263019500006976,42.39086627900008],[0.4836601300000325,42.39147342900003],[0.4842069610000408,42.39090168900003]]],[[[0.4836363000000574,42.39244151400004],[0.4830259400000614,42.39221469700004],[0.4834636030000752,42.392573035000055],[0.4836363000000574,42.39244151400004]]]]}},{"type":"Feature","properties":{"ClaseSuelo":"SUELO URBANO NO CONSOLIDADO","NuclRural":"0","AreaLamber":189.0046453,"Shape_STAr":0.000205756676385},"geometry":{"type":"MultiPolygon","coordinates":[[[[-0.40186522599992713,42.132632741000066],[-0.3967207399999779,42.13017644100006],[-0.40571483099995476,42.125230302000034],[-0.4115228909999473,42.124908248000054],[-0.4097532759999467,42.13123053700008],[-0.4076774079999268,42.12780421600007],[-0.4043500589999667,42.12783983500003],[-0.404655828999978,42.13138186400005],[-0.40186522599992713,42.132632741000066]],[[-0.40292174599994723,42.130500115000075],[-0.40280666899997186,42.13034398600007],[-0.4025851209999587,42.130435987000055],[-0.4027008359999513,42.13059203700004],[-0.40292174599994723,42.130500115000075]],[[-0.40362245699992627,42.13139534700008],[-0.40338284499995325,42.13083806700007],[-0.40298737099993787,42.13096700500006],[-0.40362245699992627,42.13139534700008]]],[[[-0.4187934899999277,42.13709019400005],[-0.41444848199995477,42.133816308000064],[-0.4099905569999578,42.13414344000006],[-0.41192273899997645,42.12528917600008],[-0.41647051999996165,42.127226035000035],[-0.41123640399996475,42.130104549000066],[-0.41180746599997065,42.131412598000054],[-0.41490438099992843,42.13401612700005],[-0.41706611599994403,42.13305122000003],[-0.4192897619999485,42.13482247500008],[-0.4174300789999279,42.135980817000075],[-0.4233200109999302,42.13815681400007],[-0.4187934899999277,42.13709019400005]]],[[[-0.4009742319999532,42.143634434000035],[-0.4036150689999545,42.14238033000004],[-0.4067725259999406,42.14430582500006],[-0.40548000899997305,42.147426532000054],[-0.40923157399993215,42.148633106000034],[-0.40889430699996865,42.14998895400004],[-0.39990064099993106,42.14759372900005],[-0.4009742319999532,42.143634434000035]],[[-0.4016037749999555,42.14359501700005],[-0.40240528799995445,42.14561155800004],[-0.40345812599997544,42.14319521800007],[-0.4016037749999555,42.14359501700005]]],[[[-0.38164007499995023,42.14070703900006],[-0.37989445299996305,42.13810283500004],[-0.3925878759999364,42.13742740400005],[-0.3887594309999258,42.13778296600003],[-0.3884429179999529,42.14058334100008],[-0.38164007499995023,42.14070703900006]]],[[[-0.4007823369999528,42.14093242600006],[-0.3937172039999268,42.13954815500006],[-0.3957048809999719,42.13945692600004],[-0.3955400829999576,42.13745188100006],[-0.3989019379999377,42.13718847300004],[-0.40084819799994875,42.13951975300006],[-0.39903306199994404,42.13977346400003],[-0.4007823369999528,42.14093242600006]],[[-0.3994084079999425,42.13794286400008],[-0.39872165999997833,42.13769110800007],[-0.39866113199997244,42.137784632000034],[-0.3994084079999425,42.13794286400008]],[[-0.3972858469999778,42.138015824000036],[-0.3956424599999764,42.137682519000066],[-0.3957261819999758,42.138584380000054],[-0.3972858469999778,42.138015824000036]]],[[[-0.4029266959999518,42.22750032600004],[-0.40142751699994506,42.22645461700006],[-0.40682863299997507,42.226105543000074],[-0.4061972209999567,42.22768658000007],[-0.4029266959999518,42.22750032600004]]],[[[-0.4582182589999775,42.143550547000075],[-0.4586890569999582,42.14250266500005],[-0.454424549999942,42.14268047400003],[-0.4548372719999634,42.141158149000034],[-0.45881257899992534,42.14168662700007],[-0.4582182589999775,42.143550547000075]]],[[[-0.47009483499994076,42.12101652000007],[-0.4673209539999448,42.119945864000044],[-0.46781294599992407,42.11898832500003],[-0.4711044299999685,42.118558764000056],[-0.47009483499994076,42.12101652000007]]],[[[-0.45807833299994627,42.14743158400006],[-0.45496645399992985,42.147133505000056],[-0.45795669399996086,42.14468925800003],[-0.45807833299994627,42.14743158400006]]],[[[-0.40828495499994233,42.04807018300005],[-0.40664172299995016,42.04809988400007],[-0.4059569609999585,42.046093760000076],[-0.40776264199996604,42.045893731000035],[-0.40828495499994233,42.04807018300005]]],[[[-0.4230252109999242,42.128359602000046],[-0.42250908399995524,42.12958709900005],[-0.4191245649999473,42.13033686400007],[-0.4230252109999242,42.128359602000046]]],[[[-0.467117099999939,42.13544106200004],[-0.4671503349999284,42.13410323800008],[-0.47019291799995244,42.13366565800004],[-0.467117099999939,42.13544106200004]]],[[[-0.4007299599999783,42.14363274100003],[-0.40062434499992605,42.14451741800008],[-0.3972751349999726,42.14410503100004],[-0.4007299599999783,42.14363274100003]]],[[[-0.40264798599997675,42.22410022300005],[-0.40085799599995653,42.22351281600004],[-0.4040846849999298,42.223513109000066],[-0.40264798599997675,42.22410022300005]]],[[[-0.4056904489999624,42.13361639800007],[-0.4047197949999486,42.132377603000066],[-0.4076685569999654,42.13294532700007],[-0.4056904489999624,42.13361639800007]]],[[[-0.3759546029999683,42.18640818800003],[-0.3773293739999417,42.186562640000034],[-0.37687420699995755,42.18759516800003],[-0.3759546029999683,42.18640818800003]]],[[[-0.4116227419999632,42.145670636000034],[-0.40769856799994386,42.14482507500003],[-0.4110985139999457,42.144793906000075],[-0.4116227419999632,42.145670636000034]]],[[[-0.471469084999967,42.117451413000026],[-0.4707930209999631,42.11668500500008],[-0.47303872799994906,42.11673273800005],[-0.471469084999967,42.117451413000026]]],[[[-0.4096058789999688,42.05685934700006],[-0.41180183199998055,42.056050724000045],[-0.41044109099993875,42.057285801000035],[-0.4096058789999688,42.05685934700006]]],[[[-0.39697679499994365,42.139830553000024],[-0.3971360569999547,42.140854208000064],[-0.3960060919999364,42.140894126000035],[-0.39697679499994365,42.139830553000024]]],[[[-0.4057283159999656,42.13771907700004],[-0.4041557189999594,42.13646308700004],[-0.4060927449999667,42.13634230400004],[-0.40479283899992424,42.13686720700008],[-0.4057283159999656,42.13771907700004]]],[[[-0.4149536219999277,42.14505021000008],[-0.413100103999966,42.14423870500008],[-0.41378982499998074,42.143576110000026],[-0.4149536219999277,42.14505021000008]]],[[[-0.3727118899999482,42.18662893900006],[-0.37173017799995023,42.185538465000036],[-0.37330614999996214,42.186031125000056],[-0.3727118899999482,42.18662893900006]]],[[[-0.4674903409999729,42.137470327000074],[-0.4677787999999623,42.13627384600005],[-0.4686408759999381,42.13674665700006],[-0.4674903409999729,42.137470327000074]]],[[[-0.41662938899997926,42.14404426100003],[-0.4151558149999346,42.143644780000045],[-0.4160122689999639,42.14311332700004],[-0.41662938899997926,42.14404426100003]]],[[[-0.40545260599992616,42.135412185000064],[-0.40510918499995796,42.13483242700005],[-0.4062848079999526,42.13475250500005],[-0.40545260599992616,42.135412185000064]]],[[[-0.4133277639999733,42.14293840400006],[-0.41293901199992433,42.142618550000066],[-0.41331559299993614,42.14255070200005],[-0.4133277639999733,42.14293840400006]]],[[[-0.4026560029999473,42.138138119000075],[-0.4031253739999556,42.13812857600004],[-0.4030807449999543,42.13835757600003],[-0.4026560029999473,42.138138119000075]]],[[[-0.4065184159999262,42.13771276700004],[-0.40625216699993416,42.13755105000007],[-0.4065218859999504,42.13734137300003],[-0.4065184159999262,42.13771276700004]]],[[[-0.40759608999997,42.13980611200003],[-0.407721884999944,42.14009889100004],[-0.40748057699994433,42.140084724000076],[-0.40759608999997,42.13980611200003]]],[[[-0.4117570799999726,42.144677468000054],[-0.4114019619999567,42.14457717000005],[-0.41297430499997745,42.14443934900004],[-0.4117570799999726,42.144677468000054]]],[[[-0.41332380099993316,42.14443560300003],[-0.4129998879999448,42.144416232000026],[-0.4142973049999341,42.14488490400004],[-0.41332380099993316,42.14443560300003]]],[[[-0.4109983059999536,42.14462195500005],[-0.4107501049999769,42.14459753800003],[-0.4113688049999382,42.14457450800006],[-0.4109983059999536,42.14462195500005]]],[[[-0.4144980689999329,42.14502761400007],[-0.41431008599994357,42.144919153000046],[-0.41463199499997927,42.14507812000005],[-0.4144980689999329,42.14502761400007]]]]}},{"type":"Feature","properties":{"ClaseSuelo":"SUELO NO URBANIZABLE","NuclRural":"0","AreaLamber":2214.11343675,"Shape_STAr":0.00239775255914},"geometry":{"type":"Polygon","coordinates":[[[0.3120667300000264,41.863688602000025],[0.31316866100002017,41.85354389300005],[0.319732560000034,41.84492516200004],[0.322348550000072,41.837303002000056],[0.32692821100005176,41.833892322000054],[0.3362471610000739,41.83225279100003],[0.3397457110000346,41.83353776100006],[0.3397328610000727,41.83074651100003],[0.335226581000029,41.825591591000034],[0.3260903210000379,41.82167851200006],[0.3148015910000481,41.821519083000055],[0.30838212000003296,41.823100253000064],[0.3051796310000441,41.82076118200007],[0.2950142810000216,41.818325093000055],[0.2890104900000665,41.82097387400006],[0.28380046000006587,41.82949806400006],[0.2614883700000519,41.834448284000075],[0.2599839500000485,41.84133506400008],[0.2512494000000629,41.86169173500008],[0.25373604900005375,41.867249505000075],[0.26114673000006405,41.87177579400003],[0.27160425100004204,41.86822704400004],[0.27786628000006885,41.86087104400008],[0.28208427100003064,41.858553124000025],[0.288809441000069,41.858153343000026],[0.29297089000004917,41.86131182300005],[0.28811466100006555,41.870204253000054],[0.29671724000002087,41.86927287300006],[0.2993732200000636,41.87242036300006],[0.30454523000003064,41.87435164300007],[0.3145918410000377,41.86872160200005],[0.3120667300000264,41.863688602000025]],[[0.29620852600004355,41.85804158600007],[0.29710499300006177,41.857625065000036],[0.2970565050000573,41.858417495000026],[0.29620852600004355,41.85804158600007]],[[0.28346969700004365,41.84884442100008],[0.28303161500002716,41.84960900600004],[0.282322951000026,41.848872981000056],[0.28346969700004365,41.84884442100008]],[[0.2886514940000211,41.84471632900005],[0.2896668210000257,41.84264385000006],[0.29062267800003383,41.845772957000065],[0.2886514940000211,41.84471632900005]],[[0.30072795600005975,41.85637241100005],[0.30238586500007614,41.85527155300008],[0.3037026640000704,41.85621050700007],[0.3022738990000562,41.857552578000025],[0.30072795600005975,41.85637241100005]],[[0.3146876090000319,41.82677249000005],[0.3175198400000454,41.83033778400005],[0.30826073600002246,41.83200564100008],[0.31548016700003245,41.82383641200005],[0.3146876090000319,41.82677249000005]],[[0.29209876700002724,41.84650816800007],[0.29124743600004876,41.84125659400007],[0.30031946400004017,41.83843405600004],[0.2921274040000412,41.84656929400006],[0.29319426600005727,41.84752507800005],[0.3054314430000318,41.83556604700004],[0.3067919140000299,41.83749630400007],[0.30432062900007395,41.83751797600007],[0.3027063360000284,41.84082458700004],[0.30513741400005756,41.84140602400004],[0.3017820480000637,41.84240528000004],[0.30755560600005083,41.848127127000055],[0.30808201500002497,41.85044931400006],[0.3063954710000303,41.852759234000075],[0.286557465000044,41.85811094200005],[0.28533880300005876,41.85647086400007],[0.28781952800005683,41.853635903000054],[0.2853770860000395,41.85410856800007],[0.2836750290000509,41.850226478000025],[0.2878955740000606,41.84548520100003],[0.29209876700002724,41.84650816800007]]]}},{"type":"Feature","properties":{"ClaseSuelo":"SUELO URBANIZABLE DELIMITADO O SECTORIZADO","NuclRural":"0","AreaLamber":54.71294812,"Shape_STAr":0.0000592549160443},"geometry":{"type":"MultiPolygon","coordinates":[[[[0.30431776200003924,41.849297421000074],[0.3079268310000316,41.84926962000003],[0.3017820480000637,41.84240528000004],[0.29829836300007173,41.846389945000055],[0.3014191100000403,41.848949649000076],[0.3033258060000321,41.84872319100003],[0.30328906300002245,41.849989433000076],[0.30431776200003924,41.849297421000074]]],[[[0.30785147700004245,41.85071344000005],[0.3002559530000326,41.85308618600004],[0.30080307200006473,41.85443837400004],[0.3054705220000642,41.853362496000045],[0.30785147700004245,41.85071344000005]]],[[[0.29073065300002554,41.85772252500004],[0.29907058800006325,41.85521258400007],[0.2981428020000294,41.853582146000065],[0.2883007540000335,41.85782081900004],[0.29073065300002554,41.85772252500004]]]]}},{"type":"Feature","properties":{"ClaseSuelo":"SUELO URBANIZABLE NO DELIMITADO O SECTORIZADO","NuclRural":"0","AreaLamber":46.9426745,"Shape_STAr":0.0000508345642113},"geometry":{"type":"MultiPolygon","coordinates":[[[[0.29521708500004706,41.844299129000035],[0.30031946400004017,41.83843405600004],[0.29077905400004056,41.84166650700007],[0.2921274040000412,41.84656929400006],[0.29521708500004706,41.844299129000035]]],[[[0.29062267800003383,41.845772957000065],[0.2896668210000257,41.84264385000006],[0.2886514940000211,41.84471632900005],[0.29062267800003383,41.845772957000065]]],[[[0.2884201920000464,41.84958963400004],[0.29157829000007496,41.84766677700003],[0.2878955740000606,41.84548520100003],[0.2854925130000652,41.849208926000074],[0.2884201920000464,41.84958963400004]]]]}},{"type":"Feature","properties":{"ClaseSuelo":"SUELO URBANO","NuclRural":"0","AreaLamber":158.90887047,"Shape_STAr":0.000172092218806},"geometry":{"type":"MultiPolygon","coordinates":[[[[0.2874419850000436,41.85783303000005],[0.29489290700007587,41.85288285000007],[0.2981268220000288,41.853588226000056],[0.29928459700005305,41.85328315400005],[0.29817059700002346,41.852319256000044],[0.3080314900000758,41.85058182000006],[0.30079900800006953,41.84928438800006],[0.29793600100003914,41.84690310700006],[0.302445237000029,41.84153125000006],[0.30513741400005756,41.84140602400004],[0.3027063360000284,41.84082458700004],[0.30432062900007395,41.83751797600007],[0.3067919140000299,41.83749630400007],[0.3054314430000318,41.83556604700004],[0.29319426600005727,41.84752507800005],[0.29144286300004296,41.84614577100007],[0.29157829000007496,41.84766677700003],[0.28833622200005493,41.849692109000046],[0.2846362900000372,41.848730716000034],[0.2836750290000509,41.850226478000025],[0.2853770860000395,41.85410856800007],[0.28781952800005683,41.853635903000054],[0.28533880300005876,41.85647086400007],[0.2874419850000436,41.85783303000005]],[[0.29176124700006767,41.852306173000045],[0.2924579800000515,41.85301954900007],[0.2912966190000361,41.85334877400004],[0.29176124700006767,41.852306173000045]],[[0.29508070600002156,41.85213848800004],[0.29518768500003034,41.85186379500004],[0.29567747600003713,41.85209274700003],[0.29508070600002156,41.85213848800004]],[[0.2983512060000635,41.85184706800004],[0.2986775690000627,41.85050339500003],[0.29927825800007213,41.852020536000055],[0.2983512060000635,41.85184706800004]],[[0.2931395870000415,41.85069326400003],[0.2926154660000293,41.85025002700007],[0.2929590890000213,41.849960201000044],[0.2931395870000415,41.85069326400003]]],[[[0.30970069200003536,41.83081603100004],[0.3175198400000454,41.83033778400005],[0.3146876090000319,41.82677249000005],[0.31548016700003245,41.82383641200005],[0.30826073600002246,41.83200564100008],[0.30970069200003536,41.83081603100004]]],[[[0.2831535500000655,41.848415567000075],[0.282322951000026,41.848872981000056],[0.28303161500002716,41.84960900600004],[0.2831535500000655,41.848415567000075]]],[[[0.3006161610000504,41.85393932800008],[0.29901245000002064,41.85382961100004],[0.30031321400002753,41.854491506000045],[0.3006161610000504,41.85393932800008]]],[[[0.295416532000047,41.85480028100005],[0.2943578290000346,41.85472586100008],[0.29484906900006536,41.855602857000065],[0.295416532000047,41.85480028100005]]],[[[0.302664686000071,41.85536359500003],[0.30072795600005975,41.85637241100005],[0.3022738990000562,41.857552578000025],[0.3037026640000704,41.85621050700007],[0.302664686000071,41.85536359500003]]],[[[0.2971742630000449,41.857980465000026],[0.29620852600004355,41.85804158600007],[0.29651084100004255,41.858590434000064],[0.2971742630000449,41.857980465000026]]]]}},{"type":"Feature","properties":{"ClaseSuelo":"SUELO URBANO NO CONSOLIDADO","NuclRural":"0","AreaLamber":37.45614237,"Shape_STAr":0.0000405655322696},"geometry":{"type":"MultiPolygon","coordinates":[[[[0.30013334900002064,41.854926729000056],[0.3002559530000326,41.85308618600004],[0.3080314900000758,41.85058182000006],[0.29817059700002346,41.852319256000044],[0.29907058800006325,41.85521258400007],[0.30013334900002064,41.854926729000056]],[[0.29901245000002064,41.85382961100004],[0.3006161610000504,41.85393932800008],[0.30031321400002753,41.854491506000045],[0.29901245000002064,41.85382961100004]]],[[[0.30361761300002854,41.83773493100006],[0.3021325690000367,41.83906209200006],[0.3028470240000729,41.83941782100004],[0.30361761300002854,41.83773493100006]]],[[[0.2988479210000605,41.842000290000044],[0.30254765500006897,41.83826298400004],[0.2969471620000377,41.84377448500004],[0.2988479210000605,41.842000290000044]]],[[[0.2986322110000401,41.84668532200004],[0.2979587580000498,41.84697392600003],[0.3014191100000403,41.848949649000076],[0.2986322110000401,41.84668532200004]]],[[[0.2933003590000567,41.850328750000074],[0.2926154660000293,41.85025002700007],[0.2930618290000666,41.850719696000056],[0.2933003590000567,41.850328750000074]]],[[[0.30525837600004024,41.84906064300003],[0.30335744300003853,41.850166159000025],[0.30808201500002497,41.85044931400006],[0.30525837600004024,41.84906064300003]]],[[[0.2993776360000311,41.85159833200004],[0.29779051700006676,41.85072904700007],[0.2983882500000732,41.852189097000064],[0.2993776360000311,41.85159833200004]]],[[[0.2954011330000412,41.85192437500007],[0.2949857460000658,41.851902951000056],[0.29520798300006845,41.85238262900003],[0.2954011330000412,41.85192437500007]]],[[[0.29235474100005376,41.85309045400004],[0.2919912440000303,41.85218421600007],[0.29090490000004365,41.85274036200008],[0.29235474100005376,41.85309045400004]]],[[[0.2943578290000346,41.85472586100008],[0.2981268220000288,41.853588226000056],[0.29489290700007587,41.85288285000007],[0.2902271960000462,41.855127829000025],[0.2943578290000346,41.85472586100008]]],[[[0.2909075680000228,41.85620208900008],[0.2887864020000279,41.85585536100007],[0.2883881710000651,41.857661059000066],[0.2909075680000228,41.85620208900008]]]]}},{"type":"Feature","properties":{"ClaseSuelo":"SUELO NO URBANIZABLE","NuclRural":"0","AreaLamber":43414.5027926,"Shape_STAr":0.0467585209381},"geometry":{"type":"Polygon","coordinates":[[[0.11843292300005714,41.364684372000056],[0.1062969810000709,41.35081948000004],[0.10118828800005986,41.35171390800008],[0.09336087300005147,41.349970487000064],[0.08029644700002336,41.352473650000036],[0.07930536500003882,41.355787392000025],[0.07724264900002709,41.352852616000064],[0.03675621500002535,41.35506374800008],[0.016879748000064865,41.360765392000076],[0.009692192000045452,41.360431378000044],[0.007894371000020328,41.363180234000026],[0.008269422000068971,41.365611063000074],[0.005628938000029393,41.36823782600004],[0.006985186000065369,41.36939116700006],[0.0052933620000317205,41.37107449400003],[0.006260322000059659,41.37285943400008],[0.004364412000029461,41.374007722000044],[-0.0029831229999786046,41.38791565200006],[-0.023931943999969008,41.396880372000055],[-0.026224808999927518,41.40455878900008],[-0.025573874999963664,41.40728878700003],[-0.01954808399995045,41.40957337800006],[0.0025563780000652514,41.42535312900003],[0.009260662000031061,41.43578686300003],[0.021177906000048097,41.446308438000074],[0.02124897100003409,41.44861208000003],[0.02327055300003167,41.44909928800007],[0.026438399000028312,41.45518496400007],[0.029479796000032366,41.45674392300003],[0.028801013000020248,41.46273270100005],[0.03149414500006742,41.465030253000066],[0.03668283800004701,41.46076861600005],[0.049794616000042424,41.45673809800007],[0.057761047000042254,41.45151020900005],[0.06380377500005352,41.44383844200007],[0.07252041500004225,41.43909384800003],[0.07471187400005874,41.432028668000044],[0.077269197000021,41.42891624900005],[0.09320423500003017,41.428335494000066],[0.1017298330000358,41.41966723500008],[0.11018335000005663,41.419808061000026],[0.10896592900002133,41.427387929000076],[0.11030682800003433,41.428405343000065],[0.10912669100002859,41.429752129000065],[0.11627471800005651,41.435340335000035],[0.11563591000003726,41.44099532800004],[0.11720245000003615,41.44646441300006],[0.13006174700007023,41.44978930000008],[0.14050549900002807,41.45809589100003],[0.1408656230000247,41.46703774300005],[0.1373319470000638,41.475437535000026],[0.141372628000056,41.48916892500006],[0.1388405580000267,41.49476761200003],[0.1426179070000444,41.50401224900003],[0.12262583200003974,41.51601249000004],[0.1211110510000708,41.52088968700008],[0.11250464800002646,41.532074040000055],[0.1033809490000408,41.53927322800007],[0.12915197000006629,41.538781303000064],[0.13282372700007272,41.54059942900005],[0.145849093000038,41.541008960000056],[0.1693311740000354,41.54566767700004],[0.17650237800006607,41.54890067500003],[0.18164321500006508,41.55520633800006],[0.18910472300007086,41.55894380600006],[0.22206846600005292,41.582383434000064],[0.22388602100005528,41.579621761000055],[0.22832216000006156,41.57814628700004],[0.23452486700006148,41.58154687900003],[0.25096016200006943,41.566799994000064],[0.24240428900003508,41.55949534100006],[0.25913166800006593,41.555941861000065],[0.28988299700006337,41.572670635000065],[0.29920814400003337,41.569746466000026],[0.3188343900000632,41.580419719000076],[0.33951382500004,41.58371049100003],[0.3460103420000564,41.58988823000004],[0.34961284900003875,41.59946407100006],[0.39203450100006876,41.59531856000007],[0.4020229500000596,41.59271749100003],[0.42849437700004955,41.602375893000044],[0.4333115860000589,41.59412706900008],[0.4358504080000216,41.58568513200004],[0.43013652600006935,41.577904294000064],[0.4329153140000699,41.569013978000044],[0.43032897900002354,41.56523698700005],[0.4402704260000405,41.55464638800004],[0.44692336600002136,41.542235653000034],[0.4430025310000474,41.54108353400005],[0.4384595990000548,41.537239304000025],[0.42631787000004806,41.522716381000066],[0.4180682090000687,41.51761303700005],[0.40816662200006704,41.502931293000074],[0.3967123520000655,41.490302642000074],[0.3840007070000411,41.485859858000026],[0.3708350750000591,41.48463496800008],[0.36822379000005867,41.486242548000064],[0.3486709420000693,41.487264725000045],[0.34620917500006954,41.48830009100004],[0.3435212610000349,41.49285417200008],[0.33639583500007575,41.49264717800003],[0.31106334600002583,41.48842738800005],[0.2902074940000716,41.478184197000076],[0.2652289820000533,41.47583538500004],[0.25796833700002253,41.47145777800006],[0.25272281000002295,41.45612581100005],[0.2457087400000546,41.44319405700003],[0.2436203830000636,41.435634175000075],[0.24592931200004386,41.42985925500005],[0.23456177900004604,41.42456941000006],[0.23026004700005842,41.41744981700003],[0.22489647500003684,41.41447554000007],[0.2192507220000266,41.40771745300003],[0.22050612500004263,41.40673663900003],[0.21909367300003169,41.40357015400008],[0.19923800700001948,41.403332394000074],[0.1891269210000246,41.39616557700003],[0.18264258400006383,41.39440908200004],[0.17587111900002128,41.39632555600008],[0.17128076300002704,41.40546722400006],[0.1636513620000528,41.40649705700008],[0.1573659830000338,41.39774508200003],[0.1326447520000329,41.38979385400006],[0.12464385600003425,41.38354534400003],[0.12125847700002623,41.379269419000025],[0.11764087500006326,41.36862345800006],[0.11843292300005714,41.364684372000056]],[[0.3627616480000597,41.52484776400007],[0.3546626300000639,41.52533118500003],[0.3540821780000556,41.52408258300005],[0.3597544600000333,41.52357939500007],[0.3592583610000588,41.52177590300005],[0.3636630480000349,41.523130104000074],[0.3638020630000369,41.52048806500005],[0.36574812900005327,41.52160533800003],[0.36534569500003045,41.52300326900007],[0.37061821900005043,41.52544824800003],[0.36779009600002155,41.52608189500006],[0.36796872700006134,41.529034367000065],[0.3666529640000249,41.529050496000025],[0.36087431100003187,41.52632542500004],[0.3627616480000597,41.52484776400007]],[[0.3276499670000703,41.51675263100003],[0.32784627400002364,41.51516473100003],[0.34421944000007443,41.51866115300004],[0.34354530100006286,41.514845706000074],[0.3421130490000337,41.51495271300007],[0.3416183860000501,41.51316745500003],[0.34476755700006834,41.51386443500007],[0.34584913600002665,41.52021311900006],[0.342911774000072,41.52864693400005],[0.33173172600004364,41.52830671800007],[0.33254091800006336,41.52605470000003],[0.33468914800005223,41.524856990000046],[0.33627711400004046,41.525959614000044],[0.3377110920000632,41.523603372000025],[0.3251964600000292,41.52103909400006],[0.3149677070000507,41.512988181000026],[0.32379396500004987,41.51792040200007],[0.3265818750000449,41.51857859000006],[0.3276499670000703,41.51675263100003]],[[0.3232626500000606,41.51251185000007],[0.3239057320000711,41.510097150000036],[0.3271749840000666,41.51024984900005],[0.32767441400005737,41.516426583000055],[0.32648263100003305,41.51826615400006],[0.32104478200005815,41.51671008200003],[0.3232626500000606,41.51251185000007]],[[0.3481280180000681,41.528830364000044],[0.345524547000025,41.52822048500008],[0.348233275000041,41.52757190900007],[0.3481280180000681,41.528830364000044]],[[0.31672341600005893,41.51410606600007],[0.32150132400005305,41.51629675000004],[0.3210253140000532,41.51667633500006],[0.31672341600005893,41.51410606600007]],[[0.2936418060000392,41.55267353900007],[0.2951820120000548,41.55284756300006],[0.28827658500006237,41.55590417900004],[0.2936418060000392,41.55267353900007]],[[0.4325630810000689,41.53601779600007],[0.4339741850000678,41.53700474900006],[0.4318250430000603,41.53866668000006],[0.4232146290000287,41.53866910800008],[0.4220598220000511,41.536522277000074],[0.41314810100004706,41.53689702500003],[0.4104125810000596,41.53344438400006],[0.4144211560000599,41.53056224300008],[0.4150580540000419,41.532183144000044],[0.4201029730000414,41.53338120500007],[0.4235893620000297,41.53180890200008],[0.4260953460000678,41.53432975100003],[0.43181893300004504,41.53437360400005],[0.4325630810000689,41.53601779600007]],[[0.35350712500002146,41.52567165700003],[0.35164904300006583,41.52652935000003],[0.3517983820000268,41.528081084000064],[0.34568262200002664,41.52664366000005],[0.34851755300002196,41.518944919000035],[0.3556165950000718,41.520499940000036],[0.3560904450000635,41.52238696200004],[0.35445263100007196,41.52253783200007],[0.3561735630000271,41.523330645000044],[0.3470481640000571,41.52460590800007],[0.35350712500002146,41.52567165700003]]]}},{"type":"Feature","properties":{"ClaseSuelo":"SUELO URBANIZABLE DELIMITADO O SECTORIZADO","NuclRural":"0","AreaLamber":87.68983212,"Shape_STAr":0.000094483955624},"geometry":{"type":"MultiPolygon","coordinates":[[[[0.3272565460000578,41.51719116600003],[0.3271749840000666,41.51024984900005],[0.3239057320000711,41.510097150000036],[0.32104478200005815,41.51671008200003],[0.32622540400006983,41.51830692100003],[0.3272565460000578,41.51719116600003]]],[[[0.3299602740000296,41.519801596000036],[0.32733873600005836,41.518894481000075],[0.32663682300005803,41.51984375400008],[0.3299602740000296,41.519801596000036]]],[[[0.3419279380000262,41.52153488400006],[0.3440272470000423,41.52075701500007],[0.34357978700006697,41.51759911400006],[0.34240882500006364,41.52002649600007],[0.3362788110000565,41.517496454000025],[0.3358629880000308,41.518598730000065],[0.331972181000026,41.51773294600008],[0.33137901800006375,41.51921692700006],[0.3419279380000262,41.52153488400006]]],[[[0.3394505730000219,41.52589849800006],[0.3396705680000309,41.52417361800008],[0.33609289000003173,41.52608324000005],[0.3394597710000653,41.528223291000074],[0.3394505730000219,41.52589849800006]]],[[[0.3679781700000717,41.52896506900004],[0.36769508100002213,41.52629302500003],[0.3694365460000313,41.52508628600003],[0.36584965700006933,41.52404437900003],[0.36082461500006957,41.52570614600006],[0.3679781700000717,41.52896506900004]]]]}},{"type":"Feature","properties":{"ClaseSuelo":"SUELO URBANIZABLE NO DELIMITADO O SECTORIZADO","NuclRural":"0","AreaLamber":123.26616699,"Shape_STAr":0.000132832689957},"geometry":{"type":"MultiPolygon","coordinates":[[[[0.4294878680000238,41.53895080900003],[0.4339741850000678,41.53700474900006],[0.43194110500002125,41.53613229900003],[0.43181893300004504,41.53437360400005],[0.4272728980000693,41.53480829600005],[0.4235893620000297,41.53180890200008],[0.4201029730000414,41.53338120500007],[0.4150580540000419,41.532183144000044],[0.4144211560000599,41.53056224300008],[0.4104125810000596,41.53344438400006],[0.41314810100004706,41.53689702500003],[0.4220598220000511,41.536522277000074],[0.4232146290000287,41.53866910800008],[0.4294878680000238,41.53895080900003]]],[[[0.3152261310000313,41.51299772800007],[0.3165939910000475,41.51506609300003],[0.3206153310000559,41.51657526500003],[0.3152261310000313,41.51299772800007]]],[[[0.34300139600003376,41.518514451000044],[0.32784627400002364,41.51516473100003],[0.3277430220000497,41.51835939700004],[0.33137901800006375,41.51921692700006],[0.331972181000026,41.51773294600008],[0.3358629880000308,41.518598730000065],[0.3362788110000565,41.517496454000025],[0.34240882500006364,41.52002649600007],[0.34300139600003376,41.518514451000044]]],[[[0.33744588000007525,41.523012393000045],[0.3261917040000526,41.521329413000046],[0.3377110920000632,41.523603372000025],[0.33744588000007525,41.523012393000045]]]]}},{"type":"Feature","properties":{"ClaseSuelo":"SUELO URBANO","NuclRural":"0","AreaLamber":181.50096648,"Shape_STAr":0.000195574820196},"geometry":{"type":"MultiPolygon","coordinates":[[[[0.342911774000072,41.52864693400005],[0.34588135000007014,41.51966611800003],[0.34476755700006834,41.51386443500007],[0.3434050240000488,41.51314826000004],[0.3416183860000501,41.51316745500003],[0.34447459300002947,41.51860652400006],[0.3440272470000423,41.52075701500007],[0.3419279380000262,41.52153488400006],[0.3277430220000497,41.51835939700004],[0.3276499670000703,41.51675263100003],[0.3265818750000449,41.51857859000006],[0.32036794200007535,41.516863382000054],[0.3251964600000292,41.52103909400006],[0.33792085200002475,41.52311401400004],[0.33697022200004767,41.525064970000074],[0.3397528040000566,41.52420693600004],[0.3395550160000198,41.52794916100004],[0.342911774000072,41.52864693400005]],[[0.32663682300005803,41.51984375400008],[0.32733873600005836,41.518894481000075],[0.3299602740000296,41.519801596000036],[0.32663682300005803,41.51984375400008]]],[[[0.3168116400000258,41.514149692000046],[0.3210253140000532,41.51667633500006],[0.32150132400005305,41.51629675000004],[0.3168116400000258,41.514149692000046]]],[[[0.3641491170000677,41.52537006400007],[0.36584965700006933,41.52404437900003],[0.36882649400007494,41.52489941300007],[0.3638020630000369,41.52048806500005],[0.3636630480000349,41.523130104000074],[0.3592583610000588,41.52177590300005],[0.3597544600000333,41.52357939500007],[0.3540821780000556,41.52408258300005],[0.35440091300006316,41.52530655500004],[0.3626523910000401,41.52431866400008],[0.3641491170000677,41.52537006400007]]],[[[0.37061821900005043,41.52544824800003],[0.3694365460000313,41.52508628600003],[0.3689384860000473,41.52610755200004],[0.37061821900005043,41.52544824800003]]],[[[0.3325767280000491,41.52801661500007],[0.3365548750000471,41.52814029500007],[0.3378037100000597,41.526739931000066],[0.33468914800005223,41.524856990000046],[0.33254091800006336,41.52605470000003],[0.3325767280000491,41.52801661500007]]],[[[0.3518740160000675,41.52719004900007],[0.35419853000007606,41.52603980600003],[0.3533213440000509,41.524841698000046],[0.3470481640000571,41.52460590800007],[0.3561735630000271,41.523330645000044],[0.35445263100007196,41.52253783200007],[0.3560904450000635,41.52238696200004],[0.3556165950000718,41.520499940000036],[0.34851755300002196,41.518944919000035],[0.34568262200002664,41.52664366000005],[0.3518740160000675,41.52719004900007]]],[[[0.347780685000032,41.528189231000056],[0.34834462100002384,41.52766088200008],[0.3455061270000215,41.528322520000074],[0.347780685000032,41.528189231000056]]],[[[0.28882641500007367,41.556468074000065],[0.2951820120000548,41.55284756300006],[0.29258545800007596,41.552972139000076],[0.28882641500007367,41.556468074000065]]]]}},{"type":"Feature","properties":{"ClaseSuelo":"SISTEMAS GENERALES","NuclRural":"0","AreaLamber":16.52586974,"Shape_STAr":0.000018114998951},"geometry":{"type":"MultiPolygon","coordinates":[[[[-0.5329249539999523,42.57053553500003],[-0.5269289059999664,42.57310984600008],[-0.5212547309999422,42.56822849200006],[-0.5268995619999259,42.57273861700003],[-0.5256564609999259,42.57009298600008],[-0.5213863329999526,42.56803500400008],[-0.52818263599994,42.57232066800003],[-0.5373688469999252,42.56676457400005],[-0.5329050219999658,42.57034512600006],[-0.5377796249999278,42.57677614200003],[-0.5328806139999642,42.57750630900006],[-0.5374110349999341,42.57674343800005],[-0.5329249539999523,42.57053553500003]]],[[[-0.565874135999934,42.56452698900006],[-0.566872023999963,42.56447666500003],[-0.5604003629999283,42.56544014100007],[-0.565874135999934,42.56452698900006]]],[[[-0.5538334819999591,42.56574270100003],[-0.5542513909999798,42.56360099500006],[-0.5572007069999358,42.56550484300004],[-0.5538334819999591,42.56574270100003]]],[[[-0.5445727439999359,42.56669979600008],[-0.5425964889999477,42.572718397000074],[-0.540436341999964,42.57559665100007],[-0.5413227149999784,42.571923464000065],[-0.542770748999942,42.57100389100003],[-0.5445727439999359,42.56669979600008]]]]}},{"type":"Feature","properties":{"ClaseSuelo":"SUELO NO URBANIZABLE","NuclRural":"0","AreaLamber":40025.5082555,"Shape_STAr":0.0438614987487},"geometry":{"type":"MultiPolygon","coordinates":[[[[-0.43850560599997834,42.64607265600006],[-0.43561971099995844,42.635562391000065],[-0.43761397799994484,42.63154583700003],[-0.4315590389999784,42.623692970000036],[-0.43132350099995165,42.620229805000065],[-0.4355975499999545,42.61591320700006],[-0.44242050799994104,42.613940659000036],[-0.44973040099995387,42.605404941000074],[-0.4444497769999316,42.59801120000003],[-0.43776805499993543,42.59598884400003],[-0.4312615359999654,42.59119650200006],[-0.4207624999999666,42.58838506600006],[-0.4208699719999345,42.58489356100006],[-0.41684878299997763,42.58075968500003],[-0.42434884899995495,42.56699793200005],[-0.4192255459999501,42.56243411200006],[-0.42176650499993684,42.55191046500005],[-0.4177235309999787,42.54835242100006],[-0.4175115819999746,42.54256639700003],[-0.41472647099993765,42.536875389000045],[-0.41555390899992517,42.533643237000035],[-0.4125842909999733,42.53243253200003],[-0.4148335929999689,42.527494524000076],[-0.42466953099994953,42.51567636200008],[-0.39911455299994714,42.50934451900008],[-0.40156352499997183,42.50399705500007],[-0.41418793899993034,42.48884806400008],[-0.4269898129999774,42.486723063000056],[-0.43329246299992974,42.49117796300004],[-0.44619745999995075,42.49548278000003],[-0.4493839219999245,42.490736060000074],[-0.4491064859999483,42.487983317000044],[-0.4618207849999294,42.473551446000045],[-0.47058240699993803,42.47105277000003],[-0.48220926399994823,42.47230856600004],[-0.48672098899993443,42.46656332900005],[-0.48752660599996034,42.46284386600007],[-0.4924611469999718,42.46840914900008],[-0.5008010949999289,42.47340021600007],[-0.49769161999995504,42.47816807800007],[-0.5106537149999326,42.48138625800004],[-0.5106928299999254,42.483467295000025],[-0.5353905409999697,42.49058424300006],[-0.5412074589999634,42.48807978200006],[-0.5458417979999695,42.48313630900003],[-0.5524699319999513,42.48507018000004],[-0.5705472959999724,42.45934912600006],[-0.5783953159999555,42.45325673000008],[-0.582071371999973,42.44621128600005],[-0.5816886039999645,42.44004364400007],[-0.5772035409999603,42.438435979000076],[-0.5777238419999549,42.430612445000065],[-0.5830939489999309,42.42625929800005],[-0.5824065099999416,42.42327306300007],[-0.588257462999934,42.42473819400004],[-0.5956393579999713,42.42304732000008],[-0.5959172509999462,42.42913168700005],[-0.5989210979999484,42.42909564100006],[-0.6046772429999692,42.42764925400007],[-0.6129056629999354,42.42286815800003],[-0.6137639999999465,42.42042761100004],[-0.6210688289999666,42.417850971000064],[-0.6238978709999401,42.41502801200005],[-0.6315897329999416,42.42183319800006],[-0.6314114099999415,42.42495433300007],[-0.6346566559999474,42.42754286300004],[-0.6494907689999536,42.42774917100007],[-0.6566475009999522,42.435000950000074],[-0.6600690969999619,42.44758817600007],[-0.6733376619999376,42.45834954700007],[-0.6707765789999485,42.467068562000065],[-0.6813794909999729,42.46880556900004],[-0.6841344609999283,42.482819352000035],[-0.6890373539999359,42.48513365400004],[-0.6963199669999653,42.48428078400008],[-0.7015792989999454,42.489501389000054],[-0.6918004559999531,42.491051742000025],[-0.6932129269999336,42.49334049700008],[-0.6910329139999476,42.49636733300008],[-0.6814041259999613,42.49678516500006],[-0.6834451709999598,42.50511120700003],[-0.691944221999961,42.50698477100008],[-0.6825798719999625,42.51535055700003],[-0.6667824659999724,42.51495777800005],[-0.6597924319999606,42.51341036100007],[-0.6562474009999733,42.509582730000034],[-0.6505930169999488,42.508467307000046],[-0.6475056169999789,42.50803472100006],[-0.6460867549999421,42.510166800000036],[-0.648315972999967,42.515957867000054],[-0.6450723889999495,42.51902499900007],[-0.6440259209999795,42.52775644600007],[-0.6519800879999593,42.53187304100004],[-0.6469462239999757,42.54173836600006],[-0.6470631359999288,42.54543285400007],[-0.6566604579999762,42.548664347000056],[-0.6581052249999289,42.552692155000045],[-0.6693905739999764,42.55381387800003],[-0.6719565289999423,42.55555902300006],[-0.6730241389999492,42.560587543000054],[-0.6719929329999559,42.56702322000007],[-0.6761201569999571,42.56742222200006],[-0.6849666039999533,42.57362578100003],[-0.6779152379999687,42.57518497600006],[-0.6761626109999384,42.576446152000074],[-0.6769584359999499,42.577326784000036],[-0.6940971899999795,42.57646650700008],[-0.6851539369999387,42.58963154000003],[-0.6842784319999282,42.59878996500004],[-0.6823003299999755,42.60217185700003],[-0.6921242669999401,42.60780031500008],[-0.691956126999969,42.60938180800008],[-0.6849854769999411,42.61721053000008],[-0.6776294359999611,42.62223946900008],[-0.6764040949999526,42.62600572200006],[-0.6702122539999777,42.62822121500005],[-0.6618816589999597,42.625665094000055],[-0.6573984449999557,42.62230464900006],[-0.6434131009999646,42.619712410000034],[-0.6366563479999741,42.621698339000034],[-0.6301292919999355,42.61569218300008],[-0.6157696519999263,42.61498888500006],[-0.6136258609999459,42.616213935000076],[-0.6135324999999625,42.61897652300007],[-0.6040845289999766,42.62085038200007],[-0.604072576999954,42.62592894200003],[-0.5977648189999627,42.62158246000007],[-0.5930774679999331,42.62424856000007],[-0.577909902999977,42.62044381900006],[-0.5774430589999611,42.61770543500006],[-0.5751148449999732,42.61769217600005],[-0.5753928029999429,42.61618522500004],[-0.5714186499999414,42.61272414000007],[-0.5631443439999657,42.61169287900003],[-0.5625216959999761,42.61484037400004],[-0.5495226759999241,42.61366243000003],[-0.5457216939999512,42.614832715000034],[-0.5419215079999731,42.62031626800007],[-0.5334853699999371,42.62090027700003],[-0.5292715869999256,42.62478061300004],[-0.5286934909999559,42.630144089000055],[-0.5269902189999698,42.63189029200004],[-0.5317958969999381,42.63649645400005],[-0.5234154949999379,42.646067826000035],[-0.5081492249999542,42.643791529000055],[-0.5046223109999346,42.64536261300003],[-0.4974711629999433,42.64453116200008],[-0.48930303999992475,42.648062355000036],[-0.4786660469999333,42.645649416000026],[-0.47968873799993617,42.64750893100006],[-0.47737933299993074,42.654544918000056],[-0.47818549499993424,42.66387372200006],[-0.47007580899997947,42.67669780700004],[-0.4655109959999777,42.678812030000074],[-0.4564093709999497,42.67037073900008],[-0.45349570199994105,42.66402958600003],[-0.44747017699995695,42.65951003200007],[-0.44493675099994334,42.65255579300003],[-0.43850560599997834,42.64607265600006]],[[-0.5039763679999396,42.62757553900008],[-0.5048090139999317,42.62684317900005],[-0.5031888029999436,42.62618036400005],[-0.5039763679999396,42.62757553900008]],[[-0.4874414599999568,42.618346806000034],[-0.4880888719999348,42.61801077300004],[-0.4869149249999509,42.61742218300003],[-0.4874414599999568,42.618346806000034]],[[-0.6279934119999666,42.60310345400006],[-0.6288824999999747,42.60149932100006],[-0.6274219909999488,42.601742115000036],[-0.6279934119999666,42.60310345400006]],[[-0.6299693809999667,42.601883118000046],[-0.6291450009999267,42.60247397100005],[-0.6311030609999762,42.60194874800004],[-0.6299693809999667,42.601883118000046]],[[-0.6097449979999396,42.59905090500007],[-0.6112744309999698,42.59825367800005],[-0.6090355239999781,42.59790388500005],[-0.6097449979999396,42.59905090500007]],[[-0.6303099319999319,42.59402579500005],[-0.6284827099999575,42.592974412000046],[-0.6277874719999659,42.594661305000045],[-0.6303099319999319,42.59402579500005]],[[-0.4585982929999659,42.58754841200005],[-0.46710500199992566,42.58608521900004],[-0.46982017499993844,42.581413861000044],[-0.46120313499994836,42.57087280600007],[-0.4561710779999544,42.58569988100004],[-0.4585982929999659,42.58754841200005]],[[-0.45030753099996446,42.58229307200003],[-0.45138581599996996,42.581466498000054],[-0.44935484399996994,42.583122434000074],[-0.45030753099996446,42.58229307200003]],[[-0.5227326129999597,42.574889418000055],[-0.5258683759999485,42.57923157400006],[-0.5309946599999762,42.577755413000034],[-0.5279642579999404,42.57268802800007],[-0.5351086609999243,42.58018789600004],[-0.5437050419999423,42.58203412200004],[-0.5552206359999445,42.574549045000026],[-0.5566905549999319,42.57034178300006],[-0.5592286619999527,42.568244425000046],[-0.5753702039999666,42.56319788300004],[-0.5706964689999268,42.56378502200005],[-0.5720640909999588,42.56180842900005],[-0.5705567049999445,42.559414753000055],[-0.5602643779999426,42.56222895600007],[-0.5592911289999734,42.564907739000034],[-0.5570150789999389,42.56574553300004],[-0.5544526959999416,42.56592271100004],[-0.5572007069999358,42.56550484300004],[-0.5545189359999654,42.56362027100005],[-0.5526950549999583,42.564614482000025],[-0.545896225999968,42.56341111300003],[-0.5445328729999801,42.56513547800006],[-0.5423131679999642,42.565025914000046],[-0.5423835189999409,42.56700974200004],[-0.5362950089999572,42.56661739000003],[-0.5353397649999465,42.568598372000054],[-0.52818263599994,42.57232066800003],[-0.5214358689999585,42.56798147600006],[-0.527807834999976,42.572343346000025],[-0.5213089179999315,42.56815841400004],[-0.52425921899993,42.570364065000035],[-0.5207960509999339,42.572833745000025],[-0.5227326129999597,42.574889418000055]],[[-0.5128827759999695,42.56840661000007],[-0.5131953039999644,42.56711250400008],[-0.5115247059999319,42.56681174600004],[-0.5128827759999695,42.56840661000007]],[[-0.4536456339999404,42.56400363800003],[-0.45257816899993486,42.56409783400005],[-0.4535371819999341,42.56453015900007],[-0.4536456339999404,42.56400363800003]],[[-0.42930692699997053,42.56290330000007],[-0.42995510799994463,42.56209443100005],[-0.42830043599997225,42.56202321100005],[-0.42930692699997053,42.56290330000007]],[[-0.5058092329999795,42.56119863300006],[-0.5045946709999498,42.559892723000075],[-0.5030208319999474,42.560323022000034],[-0.5058092329999795,42.56119863300006]],[[-0.5834798399999386,42.58033883100006],[-0.5855140189999588,42.58076057200003],[-0.5859684159999574,42.57926196900007],[-0.5834798399999386,42.58033883100006]],[[-0.5615344119999577,42.58241244200008],[-0.5630821579999292,42.58212050000003],[-0.5614209259999257,42.58156461300007],[-0.5615344119999577,42.58241244200008]],[[-0.5776105469999493,42.582545002000074],[-0.5754157649999456,42.58377085700005],[-0.5757444809999583,42.58527170200006],[-0.5773270589999697,42.584869180000055],[-0.5776105469999493,42.582545002000074]],[[-0.5347196339999414,42.58396863400003],[-0.5373682049999502,42.58352051600008],[-0.5381315089999248,42.581821466000065],[-0.534775457999956,42.58026253100007],[-0.5320004729999255,42.58195634000003],[-0.5321516169999541,42.584008623000045],[-0.5347196339999414,42.58396863400003]],[[-0.4873488079999788,42.57957292700007],[-0.48714203799994493,42.578460490000055],[-0.48544639099992537,42.57925955300004],[-0.4873488079999788,42.57957292700007]],[[-0.510773626999935,42.58654609900003],[-0.5089510729999347,42.58737610700007],[-0.5113167819999376,42.587481155000035],[-0.5120499079999377,42.58607349400006],[-0.510773626999935,42.58654609900003]],[[-0.531700480999973,42.58900985900004],[-0.5348074779999479,42.58896242600008],[-0.531699759999924,42.58853809200008],[-0.531700480999973,42.58900985900004]],[[-0.45894968399994696,42.548515172000066],[-0.45801649099996666,42.54888044100005],[-0.4596872849999727,42.54939641500005],[-0.45894968399994696,42.548515172000066]],[[-0.4318822879999402,42.54822177500006],[-0.43202381499997955,42.54759952100005],[-0.4292759349999642,42.548249069000065],[-0.4318822879999402,42.54822177500006]],[[-0.4286277439999253,42.548036299000046],[-0.43015240199997606,42.54410376000004],[-0.4273834449999754,42.543889439000054],[-0.424897648999945,42.547243355000035],[-0.4286277439999253,42.548036299000046]],[[-0.5259805579999579,42.54719620800006],[-0.5277403189999745,42.54563548700003],[-0.5262706379999713,42.54576695900005],[-0.5259805579999579,42.54719620800006]],[[-0.43515606299996534,42.54650719500006],[-0.434695149999925,42.54712396700006],[-0.4365295469999637,42.54677048900004],[-0.43515606299996534,42.54650719500006]],[[-0.502205834999927,42.54250752400003],[-0.5032091209999408,42.54135159800006],[-0.5024645449999525,42.54047048000007],[-0.502205834999927,42.54250752400003]],[[-0.4372912069999302,42.53257077600006],[-0.43353818799994315,42.53225562000006],[-0.43753304099993784,42.533352911000065],[-0.4372912069999302,42.53257077600006]],[[-0.48211208399993666,42.53303429600004],[-0.48371787199994287,42.53107297400004],[-0.4810225129999708,42.532396652000045],[-0.48211208399993666,42.53303429600004]],[[-0.46699066799993716,42.531590780000045],[-0.4673757209999394,42.530512833000046],[-0.46632177899994076,42.53044663400004],[-0.46699066799993716,42.531590780000045]],[[-0.6240896549999775,42.53317432500006],[-0.6251394639999717,42.53250561500005],[-0.6221514719999277,42.53259944300004],[-0.6240896549999775,42.53317432500006]],[[-0.4513227609999717,42.50663786900003],[-0.45037468199996056,42.507581720000076],[-0.4513428359999807,42.50852056900004],[-0.4513227609999717,42.50663786900003]],[[-0.43813060999997333,42.49778018100005],[-0.43737398399997574,42.49880445100007],[-0.4400760219999711,42.49969020800006],[-0.43813060999997333,42.49778018100005]],[[-0.4382972029999337,42.496942611000065],[-0.4390622599999574,42.49681485800005],[-0.4378681749999487,42.49641074800007],[-0.4382972029999337,42.496942611000065]],[[-0.46657766599997785,42.495491738000055],[-0.4679321149999396,42.494033038000055],[-0.46464216899994426,42.49399113800007],[-0.46657766599997785,42.495491738000055]],[[-0.6526128369999356,42.49347542300006],[-0.6535214989999645,42.493093757000054],[-0.652170301999945,42.49224120100007],[-0.6510526149999691,42.49286588800004],[-0.6526128369999356,42.49347542300006]],[[-0.5862532579999424,42.47835547600005],[-0.5868541009999717,42.477244486000075],[-0.5841449249999755,42.47914304500006],[-0.5862532579999424,42.47835547600005]],[[-0.6377146279999693,42.45199929800003],[-0.6351627879999455,42.451344317000064],[-0.636960295999927,42.453098821000026],[-0.6377146279999693,42.45199929800003]]],[[[-0.5006567189999487,42.82745194200004],[-0.49828312599993296,42.82079064700008],[-0.4927303609999285,42.81684214300003],[-0.48306778099993153,42.81563053100007],[-0.47762455599996656,42.80932447500004],[-0.47993891099997654,42.808952238000074],[-0.48336914099996875,42.80398508800005],[-0.49186804099997516,42.79794039500007],[-0.5005839749999268,42.79435809100005],[-0.5127089509999792,42.792938347000074],[-0.5208326239999792,42.79678852600006],[-0.5231773399999611,42.79875185000003],[-0.5259371239999382,42.80860511000003],[-0.5250003339999694,42.81215972600006],[-0.5219381519999615,42.813192041000036],[-0.5223475169999574,42.814578623000045],[-0.5192805099999305,42.81542166300005],[-0.5184436219999498,42.81738455500005],[-0.5137538079999331,42.818732528000055],[-0.513222351999957,42.82222380600007],[-0.5105038409999452,42.825037199000064],[-0.5052575649999653,42.82742626100003],[-0.5006567189999487,42.82745194200004]],[[-0.5139800459999719,42.80843618100005],[-0.5123063089999391,42.80708466600004],[-0.5046334119999756,42.80911905100004],[-0.5047532879999608,42.81096572400003],[-0.5139800459999719,42.80843618100005]]]]}},{"type":"Feature","properties":{"ClaseSuelo":"SUELO URBANIZABLE DELIMITADO O SECTORIZADO","NuclRural":"0","AreaLamber":269.83768065,"Shape_STAr":0.000295796499021},"geometry":{"type":"MultiPolygon","coordinates":[[[[-0.4570768019999605,42.58642047600006],[-0.4575163199999679,42.57986982400007],[-0.46120313499994836,42.57087280600007],[-0.46982017499993844,42.581413861000044],[-0.46485423399997217,42.58473901100007],[-0.46449300899996615,42.58657063900006],[-0.4582347589999358,42.58759935100005],[-0.4570768019999605,42.58642047600006]]],[[[-0.4254985889999716,42.546479816000044],[-0.4273834449999754,42.543889439000054],[-0.43015240199997606,42.54410376000004],[-0.4286277439999253,42.548036299000046],[-0.4254985889999716,42.546479816000044]]],[[[-0.5604003629999283,42.56544014100007],[-0.5606498169999554,42.562073750000025],[-0.5701987019999706,42.55942145300003],[-0.5720640909999588,42.56180842900005],[-0.5706900209999617,42.56372700600008],[-0.5604003629999283,42.56544014100007]]],[[[-0.5665943749999656,42.564652326000044],[-0.5594360229999324,42.568134480000026],[-0.5594236799999521,42.56573049700006],[-0.5665943749999656,42.564652326000044]]],[[[-0.5385450889999674,42.57517321200004],[-0.5361470909999753,42.57472446300005],[-0.5329050219999658,42.57034512600006],[-0.5370902599999567,42.566914610000026],[-0.544535006999979,42.56702175500004],[-0.5417888039999639,42.573105706000035],[-0.5385450889999674,42.57517321200004]]],[[[-0.5354719809999438,42.57508376800007],[-0.5374110349999341,42.57674343800005],[-0.5326861669999516,42.57746030100003],[-0.5354719809999438,42.57508376800007]]],[[[-0.549501500999952,42.57786736000003],[-0.5504133409999667,42.57293707200006],[-0.554189153999971,42.574070849000066],[-0.549501500999952,42.57786736000003]]],[[[-0.5270255739999357,42.57312093000007],[-0.5309946599999762,42.577755413000034],[-0.5282368669999755,42.57852506000006],[-0.5249452939999628,42.57396230900008],[-0.5270255739999357,42.57312093000007]]],[[[-0.5343816349999315,42.57950834700006],[-0.5330245499999364,42.57767448900006],[-0.5374758469999392,42.576876826000046],[-0.5399530139999342,42.579768269000056],[-0.5367014539999673,42.579519676000075],[-0.5365617539999334,42.58086603800007],[-0.5343816349999315,42.57950834700006]]],[[[-0.5342487969999752,42.58053710200005],[-0.5354610889999663,42.580675092000035],[-0.535005999999953,42.58357452400003],[-0.532795263999958,42.58436558400007],[-0.5320004729999255,42.58195634000003],[-0.5342487969999752,42.58053710200005]]]]}},{"type":"Feature","properties":{"ClaseSuelo":"SUELO URBANIZABLE NO DELIMITADO O SECTORIZADO","NuclRural":"0","AreaLamber":53.50759543,"Shape_STAr":0.0000586566008993},"geometry":{"type":"MultiPolygon","coordinates":[[[[-0.527824791999933,42.572854419000066],[-0.5327443839999546,42.57041091100007],[-0.5359109509999485,42.574817014000075],[-0.5326861669999516,42.57746030100003],[-0.527824791999933,42.572854419000066]]],[[[-0.5207960509999339,42.572833745000025],[-0.5245661469999732,42.570427883000036],[-0.5270255739999357,42.57312093000007],[-0.5249452939999628,42.57396230900008],[-0.5282368669999755,42.57852506000006],[-0.5258683759999485,42.57923157400006],[-0.5207960509999339,42.572833745000025]]]]}},{"type":"Feature","properties":{"ClaseSuelo":"SUELO URBANO","NuclRural":"0","AreaLamber":230.39818931,"Shape_STAr":0.000252630065878},"geometry":{"type":"MultiPolygon","coordinates":[[[[-0.5430662779999693,42.58204424500008],[-0.5365509899999665,42.58080299200003],[-0.5367014539999673,42.579519676000075],[-0.5399530139999342,42.579768269000056],[-0.5361470909999753,42.57472446300005],[-0.540436341999964,42.57559665100007],[-0.5425964889999477,42.572718397000074],[-0.5449726409999585,42.567282386000045],[-0.5423835189999409,42.56700974200004],[-0.5423131679999642,42.565025914000046],[-0.5497723809999684,42.563360688000046],[-0.5534961179999414,42.56424085300006],[-0.5539127879999342,42.56592309300004],[-0.5570150789999389,42.56574553300004],[-0.5595950219999395,42.56342373100006],[-0.5604310509999664,42.56558740200006],[-0.5558694739999623,42.57180385300006],[-0.5563182629999801,42.57343597600004],[-0.5430662779999693,42.58204424500008]],[[-0.5435381829999528,42.57774414800008],[-0.5401940089999471,42.57880657800007],[-0.539184994999971,42.577767719000065],[-0.5416790259999402,42.579133623000075],[-0.5435381829999528,42.57774414800008]],[[-0.5501935619999472,42.57443340400005],[-0.549501500999952,42.57786736000003],[-0.554189153999971,42.574070849000066],[-0.5504133409999667,42.57293707200006],[-0.5501935619999472,42.57443340400005]],[[-0.5387300209999353,42.57667313300004],[-0.538949223999964,42.577389538000034],[-0.5394030779999639,42.57699609700006],[-0.5387300209999353,42.57667313300004]]],[[[-0.5040821009999377,42.55989584800005],[-0.505494098999975,42.561584896000056],[-0.5030208319999474,42.560323022000034],[-0.5040821009999377,42.55989584800005]]],[[[-0.5697287869999741,42.56388724400006],[-0.5753702039999666,42.56319788300004],[-0.5668666419999795,42.56504750100004],[-0.5697287869999741,42.56388724400006]]],[[[-0.5353285099999425,42.581041629000026],[-0.5381315089999248,42.581821466000065],[-0.5373682049999502,42.58352051600008],[-0.535005999999953,42.58357452400003],[-0.5353285099999425,42.581041629000026]]],[[[-0.46514909099994384,42.586165752000056],[-0.46477842599995256,42.58481953100005],[-0.46777250099995626,42.582898714000066],[-0.4679712059999588,42.585237119000055],[-0.46514909099994384,42.586165752000056]]],[[[-0.5113945399999693,42.80755087400007],[-0.5139800459999719,42.80843618100005],[-0.5047532879999608,42.81096572400003],[-0.5046334119999756,42.80911905100004],[-0.5113945399999693,42.80755087400007]]]]}},{"type":"Feature","properties":{"ClaseSuelo":"SUELO URBANO","NuclRural":"1","AreaLamber":55.05060031,"Shape_STAr":0.0000603242546136},"geometry":{"type":"MultiPolygon","coordinates":[[[[-0.5767810249999457,42.58298490900006],[-0.5781373859999803,42.58267765700003],[-0.5757444809999583,42.58527170200006],[-0.5767810249999457,42.58298490900006]]],[[[-0.6371304049999367,42.45309279800006],[-0.6351627879999455,42.451344317000064],[-0.6377146279999693,42.45199929800003],[-0.6371304049999367,42.45309279800006]]],[[[-0.5844852459999288,42.479433278000045],[-0.5852516529999434,42.47753380200004],[-0.5868748879999544,42.47725636100006],[-0.5844852459999288,42.479433278000045]]],[[[-0.6526675489999434,42.49366524800007],[-0.6510526149999691,42.49286588800004],[-0.652170301999945,42.49224120100007],[-0.6526675489999434,42.49366524800007]]],[[[-0.46607454399998005,42.49529000000007],[-0.46464216899994426,42.49399113800007],[-0.4679321149999396,42.494033038000055],[-0.46607454399998005,42.49529000000007]]],[[[-0.43789956599994184,42.49684031900006],[-0.4378681749999487,42.49641074800007],[-0.4390622599999574,42.49681485800005],[-0.43789956599994184,42.49684031900006]]],[[[-0.439860987999964,42.499752115000035],[-0.4372289559999558,42.49794108700007],[-0.4395661559999553,42.49850085400004],[-0.439860987999964,42.499752115000035]]],[[[-0.4510763259999635,42.50656090700005],[-0.4513428359999807,42.50852056900004],[-0.45037468199996056,42.507581720000076],[-0.4510763259999635,42.50656090700005]]],[[[-0.6231153509999672,42.53317698200004],[-0.6221514719999277,42.53259944300004],[-0.6251394639999717,42.53250561500005],[-0.6231153509999672,42.53317698200004]]],[[[-0.46623702499994124,42.53063060200003],[-0.4673757209999394,42.530512833000046],[-0.4667915859999425,42.53173409800007],[-0.46623702499994124,42.53063060200003]]],[[[-0.48112073599997984,42.53227730000003],[-0.48371787199994287,42.53107297400004],[-0.4828624539999282,42.532960253000056],[-0.48112073599997984,42.53227730000003]]],[[[-0.43612357299997484,42.53292109000006],[-0.4335613999999737,42.53216083600006],[-0.43773930699995844,42.533114502000046],[-0.43612357299997484,42.53292109000006]]],[[[-0.5018394749999402,42.542005534000054],[-0.5024645449999525,42.54047048000007],[-0.5032142759999374,42.54089901700007],[-0.5018394749999402,42.542005534000054]]],[[[-0.5265850049999585,42.545761836000054],[-0.5278881209999327,42.545931737000046],[-0.5259805579999579,42.54719620800006],[-0.5265850049999585,42.545761836000054]]],[[[-0.4347120789999508,42.54658493000005],[-0.4365295469999637,42.54677048900004],[-0.4351943169999686,42.54720948500005],[-0.4347120789999508,42.54658493000005]]],[[[-0.430795155999931,42.54856549900006],[-0.4292759349999642,42.548249069000065],[-0.43202381499997955,42.54759952100005],[-0.430795155999931,42.54856549900006]]],[[[-0.45804412499995806,42.54843789300003],[-0.4599639979999779,42.549009427000044],[-0.4596872849999727,42.54939641500005],[-0.45804412499995806,42.54843789300003]]],[[[-0.4288568079999777,42.563190063000036],[-0.42830043599997225,42.56202321100005],[-0.4300091419999603,42.56214424800004],[-0.4288568079999777,42.563190063000036]]],[[[-0.45266167099993027,42.56382807800003],[-0.4537988229999428,42.56427865900008],[-0.4529727589999766,42.56449973800005],[-0.45266167099993027,42.56382807800003]]],[[[-0.5120379209999442,42.56752337800003],[-0.5134618659999433,42.56746138600005],[-0.5128827759999695,42.56840661000007],[-0.5120379209999442,42.56752337800003]]],[[[-0.5847317609999436,42.580479608000076],[-0.5834798399999386,42.58033883100006],[-0.5853874489999384,42.578777966000075],[-0.5861371799999802,42.58015185200003],[-0.5847317609999436,42.580479608000076]]],[[[-0.48649030499996115,42.57855340200007],[-0.48763026699992906,42.57858556700006],[-0.48637453899993943,42.580230580000034],[-0.48649030499996115,42.57855340200007]]],[[[-0.5625315489999707,42.58254196900003],[-0.5610519769999769,42.58193404700006],[-0.562387843999943,42.58162013300006],[-0.5625315489999707,42.58254196900003]]],[[[-0.44942672099995207,42.582387820000065],[-0.45138581599996996,42.581466498000054],[-0.44935484399996994,42.583122434000074],[-0.44942672099995207,42.582387820000065]]],[[[-0.5107918589999372,42.58730296500005],[-0.5089520369999718,42.58694726400006],[-0.5120499079999377,42.58607349400006],[-0.5107918589999372,42.58730296500005]]],[[[-0.531700480999973,42.58900985900004],[-0.531699759999924,42.58853809200008],[-0.5348074779999479,42.58896242600008],[-0.531700480999973,42.58900985900004]]],[[[-0.6277874719999659,42.594661305000045],[-0.6288825519999364,42.592889770000056],[-0.6304009149999388,42.59441163300005],[-0.6277874719999659,42.594661305000045]]],[[[-0.6093833179999706,42.59913103400004],[-0.6090355239999781,42.59790388500005],[-0.6112744309999698,42.59825367800005],[-0.6093833179999706,42.59913103400004]]],[[[-0.629398680999941,42.602134343000046],[-0.6311030609999762,42.60194874800004],[-0.6308287369999448,42.60255349400006],[-0.629398680999941,42.602134343000046]]],[[[-0.6278367549999757,42.60320313700004],[-0.6274219909999488,42.601742115000036],[-0.6288824999999747,42.60149932100006],[-0.6278367549999757,42.60320313700004]]],[[[-0.48707194599995773,42.61824999800007],[-0.4871232039999427,42.61735701200007],[-0.4880888719999348,42.61801077300004],[-0.48707194599995773,42.61824999800007]]],[[[-0.5026269519999573,42.627043548000074],[-0.5031888029999436,42.62618036400005],[-0.5048090139999317,42.62684317900005],[-0.5026269519999573,42.627043548000074]]]]}},{"type":"Feature","properties":{"ClaseSuelo":"SUELO URBANO NO CONSOLIDADO","NuclRural":"0","AreaLamber":5.24462634,"Shape_STAr":0.00000574985653581},"geometry":{"type":"MultiPolygon","coordinates":[[[[-0.5405868449999502,42.57890377800004],[-0.539184994999971,42.577767719000065],[-0.5401940089999471,42.57880657800007],[-0.5435798929999578,42.57775130300007],[-0.5405868449999502,42.57890377800004]]],[[[-0.5383858279999458,42.57673720200006],[-0.5394030779999639,42.57699609700006],[-0.538949223999964,42.577389538000034],[-0.5383858279999458,42.57673720200006]]],[[[-0.5411301709999634,42.58195455200007],[-0.5389437799999541,42.58097418800003],[-0.540707561999966,42.58064788900003],[-0.5411301709999634,42.58195455200007]]]]}},{"type":"Feature","properties":{"ClaseSuelo":"SUELO NO URBANIZABLE","NuclRural":"0","AreaLamber":20244.6880355,"Shape_STAr":0.0222118260006},"geometry":{"type":"Polygon","coordinates":[[[0.17579601000005596,42.73704375600005],[0.18427231100002928,42.73582641100006],[0.19172900500007017,42.73212473500007],[0.2060278110000695,42.729671531000065],[0.21404547600002388,42.72339533400003],[0.22689514200004623,42.71731540700006],[0.23205033400006414,42.71899759300004],[0.237079890000075,42.717558600000075],[0.2502005760000543,42.71859985700007],[0.26000532800003384,42.71601543300005],[0.260747441000035,42.711537097000075],[0.26860629200007224,42.70006606100003],[0.26369459100004633,42.693237002000046],[0.27084697300006155,42.69136671200005],[0.2952659910000648,42.67319473600003],[0.28415600400006724,42.665763680000055],[0.28495162800004437,42.65910453200007],[0.2826997350000511,42.65642284900008],[0.28527395300005765,42.65388164800004],[0.28533546400007026,42.651115504000074],[0.2689606340000523,42.64707366300007],[0.2828393990000677,42.63893208400003],[0.2977185210000357,42.63363244900006],[0.28445831100003716,42.62035425200003],[0.2869811380000442,42.61732827700007],[0.280541706000065,42.61705397500003],[0.2678673750000371,42.612986755000065],[0.24697513100005608,42.61283902400004],[0.24385048800002096,42.60707929600005],[0.24558273200005942,42.59744088800005],[0.2352543770000466,42.589160778000064],[0.2268303620000438,42.586265264000076],[0.23216752900003712,42.580846862000044],[0.22889228400003958,42.57830107800004],[0.22415551100004905,42.581424232000074],[0.22263138300002083,42.58659982900008],[0.22694214500006638,42.60130869100004],[0.225158393000072,42.603439094000066],[0.20626182600005905,42.61285818400006],[0.1944286860000375,42.60889416300006],[0.1792336750000345,42.61308161900007],[0.17021593900005882,42.61322847300005],[0.16295405900007154,42.61780134800006],[0.15996077800002695,42.62225137000007],[0.15039250400002402,42.623037675000035],[0.1470418670000413,42.62937020100003],[0.13073507500007508,42.63174481300007],[0.12232326800005922,42.63472124000003],[0.11717348800004856,42.63953517700003],[0.10210385500005259,42.64160185900005],[0.09586666900003138,42.64322963200004],[0.09444134500006385,42.64523125000005],[0.09038124500006006,42.64551213800007],[0.08889552600004436,42.64851481800008],[0.07749916100004839,42.65363957200003],[0.07708346400005439,42.660044122000045],[0.07429782100007287,42.662685389000046],[0.06161990600003264,42.66564590100006],[0.04548275900003773,42.666761171000076],[0.042427124000028016,42.66990406800005],[0.040947931000062,42.67459879000006],[0.03431191800007127,42.67540535000006],[0.01843669000004411,42.69004356900007],[0.011535204000040267,42.692719725000075],[0.014972358000022723,42.69488034500006],[0.014456489000053807,42.70086398700005],[0.021382360000075096,42.70244620100004],[0.048057192000044324,42.695930504000046],[0.05424092600003405,42.698304809000035],[0.05842843000004905,42.69756255800007],[0.07021975400004976,42.70346872500005],[0.07219280400005346,42.70658535800004],[0.07153584000002411,42.70910627300003],[0.07652148300002182,42.714122832000044],[0.08435235200005309,42.71616300000005],[0.09022359700003335,42.71709402700003],[0.10658059300004652,42.71011342800006],[0.13162240300005124,42.71468887100008],[0.13672668800006704,42.72243687100007],[0.1403966250000508,42.721831860000066],[0.15122001500003535,42.724784621000026],[0.16178863800007548,42.72318709000007],[0.1624111660000267,42.72846448400003],[0.17490005800004838,42.734808515000054],[0.17579601000005596,42.73704375600005]],[[0.2083075030000714,42.65951646600007],[0.2090841740000542,42.66268717100007],[0.20715474400003586,42.66126420000006],[0.2083075030000714,42.65951646600007]],[[0.21428122900005064,42.63616641400006],[0.21133862100003853,42.63573093900004],[0.21396796400006224,42.63509715300006],[0.21428122900005064,42.63616641400006]],[[0.2186055460000489,42.632666150000034],[0.22004399500002592,42.63427907400006],[0.2186579870000287,42.63542678300007],[0.21604744700005085,42.63323453100003],[0.2186055460000489,42.632666150000034]],[[0.2211272120000558,42.63281988800003],[0.22035672500004466,42.634206756000026],[0.22015791600006196,42.63316883400006],[0.2211272120000558,42.63281988800003]],[[0.2198631150000665,42.63233374300006],[0.2176613150000435,42.63224565000007],[0.22088913000004595,42.63233342500007],[0.2198631150000665,42.63233374300006]]]}},{"type":"Feature","properties":{"ClaseSuelo":"SUELO URBANO","NuclRural":"0","AreaLamber":15.24630592,"Shape_STAr":0.0000167196804519},"geometry":{"type":"MultiPolygon","coordinates":[[[[0.2186055460000489,42.632666150000034],[0.21604744700005085,42.63323453100003],[0.2186579870000287,42.63542678300007],[0.22004399500002592,42.63427907400006],[0.2186055460000489,42.632666150000034]]],[[[0.2198631150000665,42.63233374300006],[0.22088913000004595,42.63233342500007],[0.2176613150000435,42.63224565000007],[0.2198631150000665,42.63233374300006]]],[[[0.2211272120000558,42.63281988800003],[0.22015791600006196,42.63316883400006],[0.22035672500004466,42.634206756000026],[0.2211272120000558,42.63281988800003]]],[[[0.21428122900005064,42.63616641400006],[0.21396796400006224,42.63509715300006],[0.21133862100003853,42.63573093900004],[0.21428122900005064,42.63616641400006]]],[[[0.2083075030000714,42.65951646600007],[0.20715474400003586,42.66126420000006],[0.2090841740000542,42.66268717100007],[0.2083075030000714,42.65951646600007]]]]}},{"type":"Feature","properties":{"ClaseSuelo":"SUELO NO URBANIZABLE","NuclRural":"0","AreaLamber":3008.22813762,"Shape_STAr":0.00327929240659},"geometry":{"type":"Polygon","coordinates":[[[-0.7551571509999349,42.26337591300006],[-0.7519598939999241,42.26361940400005],[-0.7474970659999371,42.25786729400005],[-0.7485956769999689,42.24846005100005],[-0.7525458189999767,42.24064865100007],[-0.7421154589999333,42.23746281500007],[-0.7286852549999594,42.24867054300006],[-0.7160091279999392,42.23583782900005],[-0.7161910759999728,42.233481984000036],[-0.722942340999964,42.223674147000054],[-0.7304944549999277,42.21782619900006],[-0.7236057169999413,42.21128658300006],[-0.7148924909999437,42.20869066400007],[-0.7065038729999742,42.20183193400004],[-0.704140840999969,42.19718273600006],[-0.7075692769999478,42.19816092700006],[-0.7186394029999406,42.196472623000034],[-0.7217545749999772,42.193031387000076],[-0.7093629699999724,42.18941629400007],[-0.705174278999948,42.18201991500007],[-0.6891078519999496,42.17732930400007],[-0.69484986599997,42.16891658000003],[-0.7354712369999561,42.17383300700004],[-0.7516175769999336,42.17292612000006],[-0.753357426999969,42.175418809000064],[-0.7597606579999479,42.177858592000064],[-0.7536652699999422,42.18313367800005],[-0.752576534999946,42.18891199400008],[-0.7540157139999337,42.19443361800006],[-0.750472393999928,42.19940729800004],[-0.7512996859999248,42.201692974000025],[-0.7588967589999243,42.20469653600003],[-0.7615192079999247,42.21446485900003],[-0.760520784999926,42.222829586000046],[-0.7621344709999676,42.23065095800007],[-0.7596672899999248,42.24831676700006],[-0.7580179979999571,42.25107626400006],[-0.759378776999938,42.26364764400006],[-0.7551571509999349,42.26337591300006]],[[-0.7532743399999617,42.22652419600007],[-0.750042255999972,42.22616168900004],[-0.748677200999964,42.22848060200005],[-0.7511444849999407,42.22833842000006],[-0.7520623339999588,42.229576387000066],[-0.750709957999959,42.230018218000055],[-0.7525815299999294,42.23004063500008],[-0.7532743399999617,42.22652419600007]]]}},{"type":"Feature","properties":{"ClaseSuelo":"SUELO URBANO","NuclRural":"0","AreaLamber":9.50752312,"Shape_STAr":0.0000103675919635},"geometry":{"type":"Polygon","coordinates":[[[-0.7508196959999509,42.230100890000074],[-0.7517496349999533,42.22863145500003],[-0.748677200999964,42.22848060200005],[-0.750042255999972,42.22616168900004],[-0.7531896819999702,42.225983678000034],[-0.7525815299999294,42.23004063500008],[-0.7508196959999509,42.230100890000074]]]}},{"type":"Feature","properties":{"ClaseSuelo":"SUELO NO URBANIZABLE","NuclRural":"0","AreaLamber":2654.41183669,"Shape_STAr":0.0028898345931},"geometry":{"type":"Polygon","coordinates":[[[0.6084258890000456,42.17022779100006],[0.601088657000048,42.17189938200005],[0.5996372540000721,42.172773422000034],[0.600178114000073,42.174836500000026],[0.5932565400000271,42.17808834200008],[0.5837067190000198,42.17662263300008],[0.5671672640000338,42.18366720300003],[0.5590131430000724,42.18356064000005],[0.5538918900000454,42.186799206000046],[0.5499657570000522,42.19430469500003],[0.5504581460000395,42.20481580300003],[0.5473780480000414,42.21360965200006],[0.5406415260000585,42.22115677200003],[0.5541326790000198,42.23380451100007],[0.5655977510000412,42.23836465200003],[0.5763904170000274,42.240648484000076],[0.5901980560000197,42.23583130600008],[0.5891612510000641,42.23122650000005],[0.59423466100003,42.223917820000054],[0.5983129500000359,42.20722146900005],[0.5976694740000426,42.205062584000075],[0.6029951030000689,42.19861903000003],[0.6042558610000697,42.192258165000055],[0.6011138670000378,42.186404966000055],[0.6123323760000403,42.181639516000075],[0.607629237000026,42.174521061000064],[0.6084258890000456,42.17022779100006]],[[0.5784628570000336,42.20074209900008],[0.5780655560000696,42.20187664900004],[0.5780614500000638,42.200783227000045],[0.5784628570000336,42.20074209900008]],[[0.5778899100000672,42.203777383000045],[0.5776944810000373,42.20311639800008],[0.5783586610000384,42.20292411400004],[0.5778899100000672,42.203777383000045]],[[0.578300064000075,42.204533311000034],[0.5778387640000346,42.20423323600005],[0.5805066720000696,42.20305711700007],[0.578300064000075,42.204533311000034]]]}},{"type":"Feature","properties":{"ClaseSuelo":"SUELO URBANO","NuclRural":"0","AreaLamber":2.0070103,"Shape_STAr":0.00000218488786665},"geometry":{"type":"MultiPolygon","coordinates":[[[[0.578300064000075,42.204533311000034],[0.5805066720000696,42.20305711700007],[0.5778387640000346,42.20423323600005],[0.578300064000075,42.204533311000034]]],[[[0.5784628570000336,42.20074209900008],[0.5780614500000638,42.200783227000045],[0.5780655560000696,42.20187664900004],[0.5784628570000336,42.20074209900008]]],[[[0.5778899100000672,42.203777383000045],[0.5783586610000384,42.20292411400004],[0.5776944810000373,42.20311639800008],[0.5778899100000672,42.203777383000045]]]]}},{"type":"Feature","properties":{"ClaseSuelo":"SUELO NO URBANIZABLE","NuclRural":"0","AreaLamber":4061.5805702,"Shape_STAr":0.00442275787773},"geometry":{"type":"Polygon","coordinates":[[[0.10646051100002296,42.20577609800006],[0.10239637400002266,42.201933059000055],[0.09787866500005293,42.19350952900004],[0.10219040000004043,42.190061005000075],[0.10894921700003124,42.18837398200003],[0.10830252800002427,42.18234913600003],[0.10201577400005135,42.167940387000044],[0.1000208970000358,42.16625637000004],[0.09814239200005659,42.15134080800004],[0.0826723320000724,42.147768746000054],[0.0765273540000635,42.14432286300007],[0.07280690000004597,42.15120352000008],[0.05665776700004699,42.15661524600006],[0.05236182400005873,42.15511781500004],[0.0421508510000308,42.15569552900007],[0.04205269400006273,42.15920112800006],[0.03681516000006013,42.15952015700003],[0.03152999800005318,42.170745374000035],[0.032323715000075026,42.174938765000036],[0.03026585000003479,42.17798286900006],[0.03030415100005257,42.18486176400006],[0.027706657000067025,42.18523660900007],[0.027878317000045172,42.188068662000035],[0.023269317000028877,42.192476783000075],[0.024338754000041263,42.20295747700004],[0.03282629300002782,42.21023434600005],[0.03513327300004221,42.21666591400003],[0.04073761300003298,42.21682346400007],[0.04293790000002673,42.218746157000055],[0.061807260000023234,42.214128147000054],[0.06978166400006103,42.20620646800006],[0.08337426400004233,42.20800264600007],[0.08498077800004467,42.212137753000036],[0.08803027400006158,42.21331627400008],[0.08770291700005828,42.21827787600006],[0.09824641700004122,42.21612917200008],[0.10425793200005273,42.211247823000065],[0.10646051100002296,42.20577609800006]],[[0.052013675000068815,42.176327610000044],[0.0522723700000256,42.17478156200008],[0.05418845800005556,42.17472812300008],[0.052013675000068815,42.176327610000044]],[[0.06527053800004978,42.17295375100008],[0.062356575000023895,42.171809394000036],[0.06532927800003563,42.17078997200008],[0.06667191800005412,42.17272326300008],[0.06527053800004978,42.17295375100008]]]}},{"type":"Feature","properties":{"ClaseSuelo":"SUELO URBANO","NuclRural":"0","AreaLamber":5.85531823,"Shape_STAr":0.00000637492011382},"geometry":{"type":"MultiPolygon","coordinates":[[[[0.06527053800004978,42.17295375100008],[0.06667191800005412,42.17272326300008],[0.06532927800003563,42.17078997200008],[0.062356575000023895,42.171809394000036],[0.06527053800004978,42.17295375100008]]],[[[0.052013675000068815,42.176327610000044],[0.05418845800005556,42.17472812300008],[0.0522723700000256,42.17478156200008],[0.052013675000068815,42.176327610000044]]]]}},{"type":"Feature","properties":{"ClaseSuelo":"SUELO NO URBANIZABLE","NuclRural":"0","AreaLamber":6265.57334992,"Shape_STAr":0.00682345417668},"geometry":{"type":"Polygon","coordinates":[[[0.6084258890000456,42.17022779100006],[0.607629237000026,42.174521061000064],[0.6123323760000403,42.181639516000075],[0.6011138670000378,42.186404966000055],[0.6042558610000697,42.192258165000055],[0.6029951030000689,42.19861903000003],[0.5976694740000426,42.205062584000075],[0.5983129500000359,42.20722146900005],[0.59423466100003,42.223917820000054],[0.5891612510000641,42.23122650000005],[0.5901980560000197,42.23583130600008],[0.5763904170000274,42.240648484000076],[0.5541326790000198,42.23380451100007],[0.5440516470000603,42.24029398700003],[0.5380630290000568,42.249996864000025],[0.560390380000058,42.26015544200004],[0.5723054520000233,42.27365131100004],[0.5820326320000504,42.272429067000076],[0.6008801170000311,42.27722274100006],[0.607150683000043,42.28256316100004],[0.6128035840000621,42.28260109100006],[0.6175198510000541,42.28216409500004],[0.6232436100000314,42.27920982000006],[0.636847317000047,42.269927334000045],[0.6337269190000256,42.26563218300004],[0.6356700270000601,42.25642200000004],[0.6295900480000682,42.24510711800008],[0.6449418300000502,42.234336488000054],[0.6528857740000262,42.23278679900005],[0.6594148200000518,42.224168235000036],[0.6648700630000235,42.223183418000076],[0.6676221760000658,42.21360461200004],[0.6730145240000525,42.21113568800007],[0.668751180000072,42.205914620000044],[0.6489331320000247,42.193869231000065],[0.640551695000056,42.192992332000074],[0.6459226880000415,42.18385299700003],[0.6403466260000528,42.175304941000036],[0.6397101740000721,42.17096696900006],[0.6243923530000757,42.16981378100007],[0.6178343940000559,42.167103618000056],[0.6084258890000456,42.17022779100006]],[[0.5977428630000645,42.26074276400004],[0.5931544030000282,42.25797068800006],[0.5958282440000744,42.25846214000006],[0.5977428630000645,42.26074276400004]]]}},{"type":"Feature","properties":{"ClaseSuelo":"SUELO URBANO","NuclRural":"0","AreaLamber":2.73721264,"Shape_STAr":0.00000298236452319},"geometry":{"type":"Polygon","coordinates":[[[0.5977428630000645,42.26074276400004],[0.5958282440000744,42.25846214000006],[0.5931544030000282,42.25797068800006],[0.5977428630000645,42.26074276400004]]]}},{"type":"Feature","properties":{"ClaseSuelo":"SUELO NO URBANIZABLE","NuclRural":"0","AreaLamber":1609.48802662,"Shape_STAr":0.00174900722554},"geometry":{"type":"MultiPolygon","coordinates":[[[[0.011380213000052208,42.05782034400005],[0.01115009500006181,42.05499873900004],[0.02143127400006506,42.04681255500003],[0.015512015000069823,42.042492819000074],[-0.013527370999952382,42.03225750300004],[-0.0251003589999641,42.021364739000035],[-0.03127948199994535,42.01964280000004],[-0.03881060799994884,42.02728498100004],[-0.042861746999960815,42.03394542600006],[-0.04929351399994175,42.03747915800005],[-0.04399217899992891,42.03665817600006],[-0.03766678699997783,42.03889935300003],[-0.036232538999968256,42.040645348000055],[-0.03790760799995496,42.04255273800004],[-0.036049142999956985,42.04796192900005],[-0.030301383999926657,42.05747589400005],[-0.010558022999930472,42.06875965300003],[-0.0004043249999767795,42.072123531000045],[0.013517992000060985,42.06239285800007],[0.013632933000053526,42.05971530200003],[0.011380213000052208,42.05782034400005]],[[-0.019168867999951544,42.05578961000003],[-0.021631900999977915,42.05293978700007],[-0.01706068599997934,42.05397967700003],[-0.015438232999940737,42.05272208800005],[-0.016519220999953177,42.05613209100005],[-0.019168867999951544,42.05578961000003]]],[[[-0.019168415999956778,42.05374387200004],[-0.019277686999942034,42.055196084000045],[-0.01886072799993599,42.054690795000056],[-0.019168415999956778,42.05374387200004]]]]}},{"type":"Feature","properties":{"ClaseSuelo":"SUELO URBANO","NuclRural":"0","AreaLamber":11.3282028,"Shape_STAr":0.0000123116873345},"geometry":{"type":"Polygon","coordinates":[[[-0.018278331999965758,42.05620428100008],[-0.016519220999953177,42.05613209100005],[-0.015438232999940737,42.05272208800005],[-0.01706068599997934,42.05397967700003],[-0.021631900999977915,42.05293978700007],[-0.018278331999965758,42.05620428100008]],[[-0.019168415999956778,42.05374387200004],[-0.01886072799993599,42.054690795000056],[-0.019277686999942034,42.055196084000045],[-0.019168415999956778,42.05374387200004]]]}},{"type":"Feature","properties":{"ClaseSuelo":"SUELO NO URBANIZABLE","NuclRural":"0","AreaLamber":4032.15925046,"Shape_STAr":0.0043750332201},"geometry":{"type":"Polygon","coordinates":[[[-0.5378119159999528,41.883502373000056],[-0.5376818339999545,41.878420239000036],[-0.5433553809999694,41.87565095900004],[-0.5416870329999597,41.87233706300003],[-0.5425383759999249,41.86647441900004],[-0.5457890269999552,41.86213108100003],[-0.553981614999941,41.867808669000055],[-0.5552088429999458,41.87132913500005],[-0.5616876079999429,41.87206139800003],[-0.5704608279999661,41.875525682000045],[-0.5849118089999479,41.87576773600006],[-0.5918189659999484,41.88115439000006],[-0.5876500209999449,41.89393630200004],[-0.5892423659999508,41.902867625000056],[-0.5717897419999645,41.90595783300006],[-0.5682128189999389,41.91157379500004],[-0.5482520269999327,41.92024486500003],[-0.5593105849999347,41.932548550000035],[-0.5463087639999458,41.940727664000065],[-0.5406044339999312,41.941010762000076],[-0.5208305139999538,41.952923045000034],[-0.49349974699993027,41.96287478900007],[-0.48511376199996903,41.976659131000076],[-0.484681979999948,41.970462714000064],[-0.48263965899997174,41.96777921800003],[-0.4850239069999702,41.962085853000076],[-0.4816990409999562,41.953070172000025],[-0.48179265599992505,41.94793893600007],[-0.47726676399997814,41.94646159400003],[-0.4747787279999329,41.94134559300005],[-0.47502509499997814,41.933885212000064],[-0.4782939879999617,41.92500535100004],[-0.48132462599994597,41.92307264600004],[-0.48656123599994316,41.92391698100005],[-0.51359165599996,41.920354391000046],[-0.5306191989999434,41.91158125000004],[-0.5484188749999248,41.90990968300008],[-0.55235947999995,41.90554491800003],[-0.5528528479999295,41.89831470100006],[-0.550036185999943,41.89600310800006],[-0.5460812479999504,41.89603565800007],[-0.5438565219999418,41.89307013700005],[-0.5399943179999696,41.89320352800007],[-0.5378119159999528,41.883502373000056]],[[-0.5107694529999662,41.93291790500007],[-0.5081006209999259,41.93466492300007],[-0.5123143569999797,41.935286561000055],[-0.512608949999958,41.932881560000055],[-0.5107883699999434,41.93185796900008],[-0.5107694529999662,41.93291790500007]]]}},{"type":"Feature","properties":{"ClaseSuelo":"SUELO URBANO","NuclRural":"0","AreaLamber":8.09437535,"Shape_STAr":0.00000878469255432},"geometry":{"type":"Polygon","coordinates":[[[-0.5092047329999332,41.93532153600006],[-0.5082123839999326,41.93417173000006],[-0.5103468029999476,41.93373317900006],[-0.5107883699999434,41.93185796900008],[-0.512608949999958,41.932881560000055],[-0.5123143569999797,41.935286561000055],[-0.5092047329999332,41.93532153600006]]]}},{"type":"Feature","properties":{"ClaseSuelo":"SUELO NO URBANIZABLE","NuclRural":"0","AreaLamber":6404.18277257,"Shape_STAr":0.00694281815898},"geometry":{"type":"Polygon","coordinates":[[[-0.44407681999996385,41.89886063800003],[-0.440881137999952,41.89678109500005],[-0.43751259199996184,41.89721922900003],[-0.4313267179999798,41.90117852700007],[-0.4175564449999456,41.90216618900007],[-0.41469114699992815,41.900579668000034],[-0.40767844999993486,41.88650744800003],[-0.4074442779999572,41.88306193400007],[-0.41138188799993713,41.871209118000024],[-0.41504876999994167,41.86603238200007],[-0.4151496329999418,41.86024389000005],[-0.4270731769999543,41.85251468900003],[-0.43026962799996227,41.84849765400003],[-0.4470616369999334,41.84422546500008],[-0.4664920629999756,41.834992785000054],[-0.4739747259999376,41.82845732900006],[-0.4833643909999523,41.825448519000076],[-0.5099696949999384,41.82463300500007],[-0.5158740509999689,41.82856150600003],[-0.5167483369999673,41.83677587100004],[-0.5228370719999589,41.84251820000003],[-0.5246238239999457,41.84833858700006],[-0.5290383989999441,41.85349509000008],[-0.5320312779999767,41.85335236800006],[-0.5391995489999317,41.858036328000026],[-0.5427810579999459,41.85794197300004],[-0.5457890269999552,41.86213108100003],[-0.5425383759999249,41.86647441900004],[-0.5416870329999597,41.87233706300003],[-0.5433553809999694,41.87565095900004],[-0.5376818339999545,41.878420239000036],[-0.5378119159999528,41.883502373000056],[-0.5263358569999355,41.881706491000045],[-0.5050809059999324,41.88811773300006],[-0.4901036439999302,41.88955618800003],[-0.4736744049999402,41.89845358200006],[-0.4709693529999299,41.89674590900006],[-0.4661855099999457,41.898837771000046],[-0.46230319199997894,41.89855382500008],[-0.45389329399995404,41.90148349200007],[-0.45031153099995436,41.90454696900008],[-0.44407681999996385,41.89886063800003]],[[-0.46062950699996463,41.871136137000065],[-0.46441821999997046,41.86957102700006],[-0.4648120739999513,41.866222348000065],[-0.4626999549999482,41.86578487500003],[-0.4642607079999266,41.86235781700003],[-0.45864337799997656,41.86494450500004],[-0.46062950699996463,41.871136137000065]]]}},{"type":"Feature","properties":{"ClaseSuelo":"SUELO URBANO","NuclRural":"0","AreaLamber":27.65625479,"Shape_STAr":0.0000299825097574},"geometry":{"type":"Polygon","coordinates":[[[-0.4600516779999566,41.87075401000004],[-0.45864337799997656,41.86494450500004],[-0.4642607079999266,41.86235781700003],[-0.4626999549999482,41.86578487500003],[-0.4648120739999513,41.866222348000065],[-0.46441821999997046,41.86957102700006],[-0.4600516779999566,41.87075401000004]]]}},{"type":"Feature","properties":{"ClaseSuelo":"SUELO NO URBANIZABLE","NuclRural":"0","AreaLamber":3530.19060951,"Shape_STAr":0.00382945381633},"geometry":{"type":"Polygon","coordinates":[[[0.266243265000071,41.97779276600005],[0.2722136680000631,41.97701919600007],[0.2637797440000327,41.97020854300007],[0.26138772700005575,41.96070412600005],[0.2582727440000667,41.957586839000044],[0.258796966000034,41.952727165000056],[0.2662604330000704,41.95147022500004],[0.2647989590000748,41.94765763200007],[0.268185557000038,41.94618337500003],[0.2709191860000715,41.949158185000044],[0.27677713700006734,41.94812644900003],[0.2884241750000456,41.940985141000056],[0.2877609140000459,41.93418723100007],[0.28077193500007525,41.92584145600006],[0.2784664720000478,41.918505104000076],[0.2753378860000453,41.919098793000046],[0.2736446350000392,41.917111962000035],[0.2736818770000582,41.91218504500006],[0.2625244320000206,41.91633021300004],[0.264767440000071,41.92035476500007],[0.2536061190000396,41.915692060000026],[0.24684420900007353,41.92024222600003],[0.24299406000005774,41.92028832700004],[0.24236108000002332,41.92266538400003],[0.22625742900004298,41.92875680900005],[0.22935844100004488,41.935000212000034],[0.22011092800005372,41.938646204000065],[0.21487649100004091,41.943682899000066],[0.2240372140000204,41.95335847400003],[0.22215681600005155,41.95315017000007],[0.22090934600004175,41.955445508000025],[0.21113466800005654,41.94963210800006],[0.20312738700005184,41.951368924000064],[0.2022994590000735,41.94905068600008],[0.19949831100007032,41.94972320900007],[0.1978992500000345,41.94766060000006],[0.18794567800006234,41.94955865900005],[0.17880260100002943,41.96072679400004],[0.17833228900002496,41.96412579400004],[0.17383040400005711,41.97138261400005],[0.1733653880000361,41.97805033600008],[0.19369496100006245,41.978656615000034],[0.19323929100005444,41.976544079000064],[0.23394928800001935,41.968045980000056],[0.2381663770000273,41.96982706400007],[0.24562794000001986,41.97940472100004],[0.25168297900006564,41.978152557000044],[0.2540781110000694,41.98015579500003],[0.266243265000071,41.97779276600005]],[[0.19507287400006135,41.96722875900008],[0.19593031000005112,41.96748648000005],[0.19438734900006693,41.968072584000026],[0.19507287400006135,41.96722875900008]],[[0.19190150500003256,41.96651246600004],[0.19302894300005846,41.966420733000064],[0.19308465200003866,41.96699582000008],[0.19190150500003256,41.96651246600004]],[[0.1915388340000277,41.96231176200007],[0.19341636600006495,41.96195106000005],[0.19336959000003162,41.96478861600008],[0.1915388340000277,41.96231176200007]],[[0.2440063190000501,41.93869343000006],[0.2399649140000406,41.93777995700003],[0.24190023300002395,41.937767042000075],[0.2401671370000713,41.934686303000035],[0.24199746700003288,41.93438868900006],[0.2411431640000501,41.93166389100003],[0.24221532000007073,41.93118238900007],[0.24784637500005147,41.93454070300004],[0.2465638330000388,41.937710312000036],[0.2440063190000501,41.93869343000006]]]}},{"type":"Feature","properties":{"ClaseSuelo":"SUELO URBANO","NuclRural":"0","AreaLamber":35.28808395,"Shape_STAr":0.000038272654618},"geometry":{"type":"MultiPolygon","coordinates":[[[[0.24586476200005336,41.938047607000044],[0.24813301900002216,41.935777546000054],[0.2473511010000493,41.933602206000046],[0.2411431640000501,41.93166389100003],[0.24199746700003288,41.93438868900006],[0.2401671370000713,41.934686303000035],[0.24221059400002787,41.93660521500004],[0.24025383000002876,41.93818121100003],[0.24586476200005336,41.938047607000044]]],[[[0.19336959000003162,41.96478861600008],[0.19341636600006495,41.96195106000005],[0.19154077800004643,41.962170902000025],[0.19336959000003162,41.96478861600008]]],[[[0.19302894300005846,41.966420733000064],[0.19190150500003256,41.96651246600004],[0.1921552550000456,41.967095450000045],[0.19302894300005846,41.966420733000064]]],[[[0.19593031000005112,41.96748648000005],[0.19560247700002265,41.96703967000008],[0.19413598800002774,41.967717511000046],[0.19593031000005112,41.96748648000005]]]]}},{"type":"Feature","properties":{"ClaseSuelo":"SUELO NO URBANIZABLE","NuclRural":"0","AreaLamber":5146.54997218,"Shape_STAr":0.00558721889618},"geometry":{"type":"Polygon","coordinates":[[[0.2928237700000409,42.03869922100006],[0.2979360790000669,42.03804798700003],[0.29538459200006173,42.028188810000074],[0.29670955200003846,42.020181259000026],[0.29570625700006303,42.01922855400005],[0.30516651800002137,42.01093272500003],[0.3018421000000444,42.00199644600008],[0.3024326600000222,41.999178864000044],[0.2987099550000494,41.994891548000055],[0.2805141730000287,41.99270306600005],[0.2767210670000395,41.99029910300004],[0.2719322220000322,41.97741444900004],[0.2540781110000694,41.98015579500003],[0.25168297900006564,41.978152557000044],[0.24562794000001986,41.97940472100004],[0.2381663770000273,41.96982706400007],[0.23394928800001935,41.968045980000056],[0.19323929100005444,41.976544079000064],[0.19369496100006245,41.978656615000034],[0.17771691700005476,41.97721842000004],[0.1733653880000361,41.97805033600008],[0.17184161300002643,41.980415839000045],[0.17089178500003754,41.99166259200007],[0.17814201100003402,42.01917527100005],[0.1991449880000573,42.01807786400008],[0.214985787000046,42.01102952200006],[0.22503429500005723,42.01179191800003],[0.24682769700007157,42.02290147000008],[0.25524415400002454,42.02382446800004],[0.2600423070000488,42.02625457800008],[0.2604551480000623,42.02842206400004],[0.2583737280000378,42.030705487000034],[0.26073504800007186,42.032475384000065],[0.27541856600004166,42.03403793000007],[0.27519836000004716,42.03844768700003],[0.28762923400006457,42.03963174000006],[0.2928237700000409,42.03869922100006]],[[0.26213933700006464,42.013321390000044],[0.2593363760000216,42.011610536000035],[0.25855766500006894,42.01337673200004],[0.2548359280000341,42.01196751900005],[0.254807263000032,42.010443062000036],[0.25284757200006425,42.01223321000003],[0.2534418380000716,42.010355538000056],[0.25176464600002646,42.00941671900006],[0.2552395630000319,42.007483498000056],[0.25586595200002193,42.00929734300007],[0.2588865970000711,42.00887380200004],[0.26244579600006546,42.00544647400005],[0.2644375030000674,42.009595070000046],[0.2623597470000618,42.010695405000035],[0.26213933700006464,42.013321390000044]],[[0.2683084840000447,42.01043574700003],[0.27003959900002883,42.00933327900003],[0.2713948070000356,42.01106250600003],[0.2683084840000447,42.01043574700003]],[[0.2682313170000725,42.01039078300005],[0.2672904550000226,42.010421876000066],[0.268312202000061,42.009787575000075],[0.2682313170000725,42.01039078300005]],[[0.19902213900002153,41.99104030500007],[0.19319311900005687,41.99065001200006],[0.1941196270000205,41.987083625000025],[0.19905345500006888,41.98962653600006],[0.19902213900002153,41.99104030500007]]]}},{"type":"Feature","properties":{"ClaseSuelo":"SUELO URBANO","NuclRural":"0","AreaLamber":53.40881666,"Shape_STAr":0.0000579860067905},"geometry":{"type":"MultiPolygon","coordinates":[[[[0.26225671000003103,42.01287933900005],[0.2623597470000618,42.010695405000035],[0.2644375030000674,42.009595070000046],[0.26244579600006546,42.00544647400005],[0.2588865970000711,42.00887380200004],[0.25586595200002193,42.00929734300007],[0.2552395630000319,42.007483498000056],[0.25176464600002646,42.00941671900006],[0.2534418380000716,42.010355538000056],[0.25284757200006425,42.01223321000003],[0.254807263000032,42.010443062000036],[0.25463393500007214,42.01184580900008],[0.25855766500006894,42.01337673200004],[0.2593363760000216,42.011610536000035],[0.26225671000003103,42.01287933900005]]],[[[0.19955351100003327,41.990427441000065],[0.1941196270000205,41.987083625000025],[0.19319311900005687,41.99065001200006],[0.19955351100003327,41.990427441000065]]],[[[0.2675964630000749,42.01038342900006],[0.268711594000024,42.01010022200006],[0.268312202000061,42.009787575000075],[0.2675964630000749,42.01038342900006]]],[[[0.2703842600000712,42.009699899000054],[0.2683084840000447,42.01043574700003],[0.2713948070000356,42.01106250600003],[0.2703842600000712,42.009699899000054]]]]}},{"type":"Feature","properties":{"ClaseSuelo":"SUELO NO URBANIZABLE","NuclRural":"0","AreaLamber":14498.2420452,"Shape_STAr":0.0158063730801},"geometry":{"type":"MultiPolygon","coordinates":[[[[-0.05194267299992816,42.354141887000026],[-0.04824542399995835,42.35401962900005],[-0.05208859199996141,42.349985315000026],[-0.05803215999992517,42.34827412000004],[-0.05505109999995739,42.33932751800006],[-0.056957862999979625,42.33722432700006],[-0.05499118299997008,42.334634340000036],[-0.059425388999954976,42.33064197700003],[-0.05062765599996055,42.32983941600003],[-0.04450526099992658,42.32167609100003],[-0.036915904999943905,42.315329536000036],[-0.03589026399993145,42.31159291400007],[-0.0405670099999611,42.30500508700004],[-0.042492051999943214,42.28696361300007],[-0.04055019799994852,42.28388774500007],[-0.034138245999940864,42.28252421500008],[-0.03360909099995979,42.280880592000074],[-0.029994146999968052,42.27961625200004],[-0.03293180299993992,42.278260577000026],[-0.03698161199997685,42.27309744300004],[-0.03861749299994699,42.270014987000025],[-0.037643767999952615,42.26518109700004],[-0.041352529999926446,42.25976583900007],[-0.04346993699994073,42.25933423500004],[-0.042878612999970755,42.25383486800007],[-0.046547029999942424,42.24822027300007],[-0.04636104999997315,42.24182184800003],[-0.062445311999965725,42.24360420800008],[-0.06403236399995649,42.24126754100007],[-0.06170305599994208,42.23610190900007],[-0.0638412559999324,42.23389644300005],[-0.06453902199996264,42.227736796000045],[-0.0669985419999648,42.22512526200006],[-0.06481638899992959,42.22018858400003],[-0.06552065099992888,42.218063407000045],[-0.061788847999935115,42.213114000000076],[-0.061884471999974267,42.20530900500006],[-0.05762025199993559,42.19880592800007],[-0.056051770999943074,42.18564514500008],[-0.05106808999994428,42.17564734600006],[-0.05550826199993253,42.154068073000076],[-0.053079228999934,42.15164627900003],[-0.058750814999939394,42.14703724200007],[-0.06803023599997005,42.145248851000076],[-0.07228801999997359,42.147383872000034],[-0.07402621399995724,42.146428686000036],[-0.07483440799995833,42.14832240000004],[-0.08982109999993781,42.14741618800008],[-0.09447060099995497,42.150001588000066],[-0.10024635799993575,42.149400437000054],[-0.10398856599994133,42.152520819000074],[-0.10780024099994989,42.15332848700007],[-0.11101381099996388,42.14999655500003],[-0.11836129999994682,42.15662028100007],[-0.11871486799992681,42.16162707900003],[-0.12905937599992967,42.16600208500006],[-0.1317907239999272,42.169042207000075],[-0.12964619799993216,42.17229344000003],[-0.13118052299995497,42.175573745000065],[-0.1236944629999357,42.17940242600008],[-0.12423248699997202,42.18115393700003],[-0.1304973069999278,42.181842293000045],[-0.13934174199994231,42.18600770900008],[-0.14331274099993152,42.193274932000065],[-0.14244874199994229,42.194442080000044],[-0.14427270299995598,42.19535205100004],[-0.142495920999977,42.19742398600005],[-0.14427212399994005,42.199395381000045],[-0.14181371799998033,42.20422392100005],[-0.13452832299992679,42.20837347100007],[-0.12477177299996356,42.21783665800007],[-0.12525734699994473,42.22795266800006],[-0.12297890299993242,42.23036289800007],[-0.12480695999994396,42.24746459900007],[-0.12279301899997108,42.250971080000056],[-0.13857417599996324,42.267854776000036],[-0.13952651699997887,42.27199391400006],[-0.14225942999996732,42.27510586000005],[-0.14856152899994868,42.27947731000006],[-0.152122745999975,42.27741365700007],[-0.15401380499997686,42.27823509700005],[-0.16374518699996088,42.28728349800008],[-0.16373139399996717,42.29164165800006],[-0.15758361599995396,42.298612364000064],[-0.13680950099995925,42.30759543600004],[-0.13109981499997048,42.31550316000005],[-0.1183645759999763,42.32044245700007],[-0.09919604999993226,42.333286120000025],[-0.09331573899993373,42.335523386000034],[-0.08778945999995358,42.33166390100007],[-0.08344454499996345,42.33297614300005],[-0.07915250099995319,42.339692617000026],[-0.083608743999946,42.34621779200006],[-0.07611481999992975,42.35310469600006],[-0.0620351109999433,42.360578727000075],[-0.05545497599996452,42.354844599000046],[-0.05194267299992816,42.354141887000026]],[[-0.05989295399996308,42.338388990000055],[-0.06059043899995231,42.33799862600006],[-0.059730685999966227,42.33827318800007],[-0.059833764999950745,42.338597984000046],[-0.05989295399996308,42.338388990000055]],[[-0.08062171399996032,42.28183536200004],[-0.0775126349999482,42.28133930700005],[-0.07738966399995206,42.282913962000066],[-0.08062171399996032,42.28183536200004]],[[-0.0866332379999335,42.26227315700004],[-0.08737574299993867,42.26219625600004],[-0.0866931569999565,42.260112228000025],[-0.0866332379999335,42.26227315700004]],[[-0.0705164359999344,42.25648333400005],[-0.06996470299992552,42.25550921000007],[-0.06873515199993108,42.25573501200006],[-0.0705164359999344,42.25648333400005]],[[-0.12931724299994585,42.20216595000005],[-0.12699202699997159,42.202521682000054],[-0.1274566639999648,42.203094993000036],[-0.12931724299994585,42.20216595000005]],[[-0.11088837299996612,42.198543733000065],[-0.1111292899999512,42.19774362000004],[-0.10895283999997218,42.197759302000065],[-0.11088837299996612,42.198543733000065]],[[-0.11667481899996801,42.17545653500008],[-0.11628615999995873,42.17488954100003],[-0.11585824499996988,42.17548519500008],[-0.11667481899996801,42.17545653500008]],[[-0.07690612099997907,42.16582144000006],[-0.07809781599996768,42.165167877000044],[-0.07656881799994153,42.16513707300004],[-0.07690612099997907,42.16582144000006]],[[-0.07938612399993872,42.165577848000055],[-0.08415117799995642,42.16238382800003],[-0.0825335499999369,42.16124415200005],[-0.08117514399992842,42.16366253600006],[-0.07823784299995395,42.163180598000054],[-0.07938612399993872,42.165577848000055]],[[-0.07885738299995637,42.162290461000055],[-0.07920061299995496,42.16215090900005],[-0.07871743799995556,42.16186653700004],[-0.07885738299995637,42.162290461000055]]],[[[-0.07993116599993755,42.16406011600003],[-0.0806049769999504,42.16398129700008],[-0.08060882399996672,42.16434023700003],[-0.07993116599993755,42.16406011600003]]]]}},{"type":"Feature","properties":{"ClaseSuelo":"SUELO URBANO","NuclRural":"0","AreaLamber":13.76921348,"Shape_STAr":0.0000149994481561},"geometry":{"type":"MultiPolygon","coordinates":[[[[-0.0793073399999571,42.16438819000007],[-0.07823784299995395,42.163180598000054],[-0.08117514399992842,42.16366253600006],[-0.0825335499999369,42.16124415200005],[-0.08445470399993837,42.163031457000045],[-0.07964086499993073,42.16584694800008],[-0.0793073399999571,42.16438819000007]],[[-0.08060882399996672,42.16434023700003],[-0.0806049769999504,42.16398129700008],[-0.07996235299992804,42.163927597000054],[-0.08060882399996672,42.16434023700003]]],[[[-0.07885738299995637,42.162290461000055],[-0.07871743799995556,42.16186653700004],[-0.07920061299995496,42.16215090900005],[-0.07885738299995637,42.162290461000055]]],[[[-0.07658713499995429,42.16557576200006],[-0.0770920989999695,42.16501117300004],[-0.07813803599992752,42.16525081300006],[-0.07658713499995429,42.16557576200006]]],[[[-0.11585824499996988,42.17548519500008],[-0.1165960419999692,42.174963915000035],[-0.11665846199997532,42.17560230200007],[-0.11585824499996988,42.17548519500008]]],[[[-0.11045159599996168,42.199075607000054],[-0.10895283999997218,42.197759302000065],[-0.1111292899999512,42.19774362000004],[-0.11045159599996168,42.199075607000054]]],[[[-0.12797314299996287,42.20218148600003],[-0.12938965999995844,42.20228646600003],[-0.1274566639999648,42.203094993000036],[-0.12797314299996287,42.20218148600003]]],[[[-0.07022115699993492,42.25641512800007],[-0.06873515199993108,42.25573501200006],[-0.06996470299992552,42.25550921000007],[-0.07022115699993492,42.25641512800007]]],[[[-0.08593626399994037,42.26211544100005],[-0.08699362499993413,42.26015670800007],[-0.08737574299993867,42.26219625600004],[-0.08593626399994037,42.26211544100005]]],[[[-0.07738966399995206,42.282913962000066],[-0.0775126349999482,42.28133930700005],[-0.0808295339999745,42.28189275600005],[-0.07738966399995206,42.282913962000066]]],[[[-0.05970476499993538,42.33832196100008],[-0.060628031999954146,42.33811441600005],[-0.059833764999950745,42.338597984000046],[-0.05970476499993538,42.33832196100008]]]]}},{"type":"Feature","properties":{"ClaseSuelo":"SUELO NO URBANIZABLE","NuclRural":"0","AreaLamber":2508.45090419,"Shape_STAr":0.0027219116256},"geometry":{"type":"Polygon","coordinates":[[[0.1578913490000673,41.98727561100003],[0.17082671600002186,41.98476640600006],[0.17444884400003957,41.969501415000025],[0.17833228900002496,41.96412579400004],[0.1789681130000531,41.960416028000054],[0.18311158400007344,41.95664497200005],[0.16736447000005228,41.94197705800008],[0.16786164100005863,41.93565111100003],[0.16663378600003398,41.93756185400008],[0.15840668000004143,41.93735983900007],[0.15850567200004662,41.935751727000024],[0.1333836650000535,41.95102637700006],[0.11443628000006356,41.95853959900006],[0.11251893100006782,41.94840667700004],[0.10796444000004612,41.946035719000065],[0.10204761000005647,41.94963594400008],[0.09968446300007372,41.94692619600005],[0.09179784700006621,41.948471866000034],[0.08462889900005166,41.95389701000005],[0.08829447600004414,41.957850748000055],[0.10631902300002594,41.963055283000074],[0.10808812300007276,41.96767208700004],[0.10310108800007356,41.96933804200006],[0.10620956600007503,41.98139299700006],[0.1123068100000637,41.982182231000024],[0.11682099200004359,41.97823238400008],[0.12453824200002828,41.97538382600004],[0.12717923400003883,41.97904001100005],[0.13427534400005925,41.98173695500003],[0.1470000790000654,41.98034383300006],[0.1461916560000418,41.984265281000035],[0.15329614600005925,41.987348035000025],[0.1578913490000673,41.98727561100003]],[[0.1567919400000619,41.96246585500006],[0.1553550960000507,41.96211303200005],[0.15597477300002538,41.96029109500006],[0.15928449900002306,41.96051385700008],[0.1571163170000318,41.95919047600006],[0.15809936800002333,41.95807459100007],[0.16303557000003366,41.96115595300006],[0.15454855000007228,41.96467579400007],[0.1567919400000619,41.96246585500006]]]}},{"type":"Feature","properties":{"ClaseSuelo":"SUELO URBANO","NuclRural":"0","AreaLamber":20.64740046,"Shape_STAr":0.0000224034044878},"geometry":{"type":"Polygon","coordinates":[[[0.15489948600003345,41.964862322000045],[0.16303557000003366,41.96115595300006],[0.16062098700007255,41.958838900000046],[0.15720253000006323,41.958275850000064],[0.15928449900002306,41.96051385700008],[0.15597477300002538,41.96029109500006],[0.1553550960000507,41.96211303200005],[0.1567919400000619,41.96246585500006],[0.15489948600003345,41.964862322000045]]]}},{"type":"Feature","properties":{"ClaseSuelo":"SUELO NO URBANIZABLE","NuclRural":"0","AreaLamber":4377.1101108,"Shape_STAr":0.00473312550364},"geometry":{"type":"Polygon","coordinates":[[[0.12507660000005671,41.75019908000007],[0.13394299000003684,41.77076001000006],[0.13149449000002278,41.77828339000007],[0.14040887000004432,41.77704018000003],[0.18098175000005767,41.779092570000046],[0.18033834000004845,41.77386924000007],[0.1873184600000286,41.766885470000034],[0.1908985400000347,41.76679498000004],[0.19430592000003344,41.75959489000007],[0.19060820000004242,41.755122990000075],[0.1959813490000215,41.747805130000074],[0.2042533000000617,41.740532200000075],[0.21234372100002474,41.727248090000046],[0.20752152000005708,41.71900788000005],[0.19014009100004614,41.709766380000076],[0.16777251000002025,41.70190267000004],[0.16517313000002787,41.702559730000075],[0.14912935000006655,41.68949268000006],[0.14661707000004753,41.69783769000003],[0.14585107000004882,41.71341129000007],[0.14152796000007584,41.72063507000007],[0.13058322000006228,41.731632700000034],[0.1278553900000361,41.73858730000006],[0.12851012000004403,41.74265796000003],[0.12507660000005671,41.75019908000007]],[[0.16027308600007473,41.72979292100007],[0.15947766400006458,41.73059844000005],[0.15533019200006493,41.72804206700005],[0.16027308600007473,41.72979292100007]],[[0.15794826900003045,41.72716317000004],[0.15772120100007214,41.72833611900006],[0.15501833400003306,41.726969774000054],[0.15794826900003045,41.72716317000004]],[[0.153492386000039,41.72639196200004],[0.1525530790000289,41.72644381300006],[0.15475546800007578,41.72689438900005],[0.153492386000039,41.72639196200004]],[[0.15060913900003925,41.72195221800007],[0.15356244500003413,41.72280942500004],[0.151746519000028,41.725508887000046],[0.14495502100004387,41.72451446700006],[0.14234785400003602,41.725705755000035],[0.14399451100007354,41.72098751300007],[0.14924021300004142,41.71750074300007],[0.1489860770000746,41.72101984600005],[0.15060913900003925,41.72195221800007]],[[0.1433700800000679,41.71983348300006],[0.1437741210000354,41.719396506000066],[0.14457052900002054,41.72029929200005],[0.1433700800000679,41.71983348300006]]]}},{"type":"Feature","properties":{"ClaseSuelo":"SUELO URBANIZABLE DELIMITADO O SECTORIZADO","NuclRural":"0","AreaLamber":5.98890936,"Shape_STAr":0.00000647444694286},"geometry":{"type":"MultiPolygon","coordinates":[[[[0.1489860770000746,41.72101984600005],[0.14715292700003602,41.72089374500007],[0.1508097510000539,41.72163219200007],[0.1489860770000746,41.72101984600005]]],[[[0.14344427800006088,41.72533234200006],[0.1455672630000322,41.72375727900004],[0.14439645600003814,41.723228231000064],[0.14344427800006088,41.72533234200006]]],[[[0.14832402700005787,41.72540116400006],[0.1478646520000666,41.72432905000005],[0.14617022600003793,41.72491005100005],[0.14832402700005787,41.72540116400006]]]]}},{"type":"Feature","properties":{"ClaseSuelo":"SUELO URBANO","NuclRural":"0","AreaLamber":41.4405595,"Shape_STAr":0.0000448006875026},"geometry":{"type":"MultiPolygon","coordinates":[[[[0.15036455500006696,41.72560608200007],[0.15356244500003413,41.72280942500004],[0.14715292700003602,41.72089374500007],[0.14955493800005115,41.719515037000065],[0.14924021300004142,41.71750074300007],[0.14399451100007354,41.72098751300007],[0.14234785400003602,41.725705755000035],[0.14439645600003814,41.723228231000064],[0.14552876900006595,41.725061065000034],[0.15036455500006696,41.72560608200007]],[[0.14768410500005302,41.72342066600004],[0.1478440510000496,41.72270742000006],[0.14947072700005037,41.72337165400006],[0.14768410500005302,41.72342066600004]],[[0.14744921400006206,41.72258731800008],[0.14633151000003863,41.722884828000076],[0.1471635510000624,41.72168781200003],[0.14744921400006206,41.72258731800008]]],[[[0.14439189000006536,41.72051246500007],[0.1437741210000354,41.719396506000066],[0.14318933200001993,41.72012138200006],[0.14439189000006536,41.72051246500007]]],[[[0.15794826900003045,41.72716317000004],[0.15501833400003306,41.726969774000054],[0.15772120100007214,41.72833611900006],[0.15794826900003045,41.72716317000004]]],[[[0.16033702400005723,41.72973020300003],[0.15533019200006493,41.72804206700005],[0.15947766400006458,41.73059844000005],[0.16033702400005723,41.72973020300003]]]]}},{"type":"Feature","properties":{"ClaseSuelo":"SUELO URBANO NO CONSOLIDADO","NuclRural":"0","AreaLamber":2.02742814,"Shape_STAr":0.00000219176159202},"geometry":{"type":"MultiPolygon","coordinates":[[[[0.1470195890000241,41.72311567200006],[0.1471635510000624,41.72168781200003],[0.14633151000003863,41.722884828000076],[0.1470195890000241,41.72311567200006]]],[[[0.14747943900005112,41.719511788000034],[0.14724068400005308,41.71894948100004],[0.14645022600006996,41.71943652200008],[0.14747943900005112,41.719511788000034]]],[[[0.1481817520000277,41.72359763400004],[0.14947072700005037,41.72337165400006],[0.1478440510000496,41.72270742000006],[0.1481817520000277,41.72359763400004]]]]}},{"type":"Feature","properties":{"ClaseSuelo":"SUELO NO URBANIZABLE","NuclRural":"0","AreaLamber":1769.74116904,"Shape_STAr":0.00193531130009},"geometry":{"type":"Polygon","coordinates":[[[0.0906589200000667,42.47614458000004],[0.09057626000003438,42.48014495000007],[0.10143849000002092,42.485037770000076],[0.10769365000004427,42.484336720000044],[0.11186570000006668,42.480396280000036],[0.12157282000003988,42.47573749000003],[0.13233702000002268,42.462071200000025],[0.14074431000005916,42.45460989000003],[0.14121325900003967,42.44940127000007],[0.13882488000007243,42.44321750000006],[0.14252820100006147,42.43777601000005],[0.1387445700000285,42.43382770000005],[0.1354407500000434,42.43485477000007],[0.12301419000004898,42.43137656000005],[0.11931504000006043,42.43227888000007],[0.11903902000005928,42.43088165000006],[0.11640600000004042,42.43489751000004],[0.11057019100002208,42.43610987000005],[0.10274728000007372,42.440905730000054],[0.0854304510000361,42.45689827000007],[0.08505180000003065,42.47096501000004],[0.08998865000006617,42.47365034000006],[0.0906589200000667,42.47614458000004]],[[0.10757816200003845,42.46906895800004],[0.10702375300002132,42.46794636000004],[0.10921534600004179,42.46728225500004],[0.10757816200003845,42.46906895800004]],[[0.10617386600006284,42.46784256900003],[0.10504913800002669,42.46803749500003],[0.10547108700006902,42.46759004100005],[0.10617386600006284,42.46784256900003]],[[0.13177151100006768,42.45287451300004],[0.1338890970000648,42.45123464300008],[0.13329353700004276,42.448842229000036],[0.13628090300005624,42.448171900000034],[0.13663008600002513,42.45168368800006],[0.13177151100006768,42.45287451300004]],[[0.1326931710000281,42.445423885000025],[0.13315672200002382,42.446590539000056],[0.13263198600003534,42.446712121000076],[0.1326931710000281,42.445423885000025]],[[0.10586261900004956,42.46828344800008],[0.10613010300005499,42.46822615200006],[0.1059181460000218,42.46862502300007],[0.10586261900004956,42.46828344800008]]]}},{"type":"Feature","properties":{"ClaseSuelo":"SUELO URBANO","NuclRural":"0","AreaLamber":9.99009049,"Shape_STAr":0.0000109237654916},"geometry":{"type":"MultiPolygon","coordinates":[[[[0.13477178200002982,42.45293302300007],[0.13441135600004372,42.45132584300006],[0.13663008600002513,42.45168368800006],[0.13579213500003107,42.448697021000044],[0.13329353700004276,42.448842229000036],[0.1338890970000648,42.45123464300008],[0.13198778300005642,42.45155831200003],[0.13432722400006014,42.45245984400003],[0.13179365200005577,42.45295501700008],[0.13477178200002982,42.45293302300007]]],[[[0.13315672200002382,42.446590539000056],[0.13217808300004208,42.445545200000026],[0.13263198600003534,42.446712121000076],[0.13315672200002382,42.446590539000056]]],[[[0.10612460300006887,42.46850505700007],[0.10613010300005499,42.46822615200006],[0.10568314300002157,42.46836336900003],[0.10612460300006887,42.46850505700007]]],[[[0.10791992400004347,42.469065630000046],[0.10921534600004179,42.46728225500004],[0.10703931500006547,42.46793680600007],[0.10791992400004347,42.469065630000046]]]]}},{"type":"Feature","properties":{"ClaseSuelo":"SUELO URBANO NO CONSOLIDADO","NuclRural":"0","AreaLamber":6.38180954,"Shape_STAr":0.00000697850428468},"geometry":{"type":"MultiPolygon","coordinates":[[[[0.13644591700006004,42.44857716900003],[0.1333968670000445,42.44881892400008],[0.13579213500003107,42.448697021000044],[0.135871484000063,42.44996353700003],[0.13644591700006004,42.44857716900003]]],[[[0.1363060200000632,42.45149728400003],[0.13441135600004372,42.45132584300006],[0.13486780200003068,42.45218616500006],[0.1363060200000632,42.45149728400003]]],[[[0.13310632400003897,42.45249328300008],[0.13432722400006014,42.45245984400003],[0.13334276800003408,42.45159038600008],[0.13177151100006768,42.45287451300004],[0.13310632400003897,42.45249328300008]]],[[[0.10623446300002115,42.46770154700005],[0.10547108700006902,42.46759004100005],[0.10504913800002669,42.46803749500003],[0.10623446300002115,42.46770154700005]]],[[[0.10757816200003845,42.46906895800004],[0.10793637400007583,42.467595524000046],[0.10650837500003263,42.46911541900005],[0.10757816200003845,42.46906895800004]]]]}},{"type":"Feature","properties":{"ClaseSuelo":"SISTEMAS GENERALES","NuclRural":"0","AreaLamber":0.56363138,"Shape_STAr":6.12844910811e-7},"geometry":{"type":"MultiPolygon","coordinates":[[[[-0.44543251899995084,42.05792418800007],[-0.44614759299997786,42.05770511000003],[-0.44602147499995226,42.05804702100005],[-0.44543251899995084,42.05792418800007]]],[[[-0.44450337199992873,42.058247282000025],[-0.4442029809999326,42.05778782100003],[-0.4447802049999723,42.05784960900007],[-0.44450337199992873,42.058247282000025]]],[[[-0.4446045089999302,42.05850344100003],[-0.44470721099997945,42.05898722400008],[-0.4441911349999259,42.05872144800003],[-0.4446045089999302,42.05850344100003]]]]}},{"type":"Feature","properties":{"ClaseSuelo":"SUELO NO URBANIZABLE","NuclRural":"0","AreaLamber":1356.88978595,"Shape_STAr":0.00147500666678},"geometry":{"type":"Polygon","coordinates":[[[-0.4907159699999397,42.027862120000066],[-0.49415172999994184,42.03786149000007],[-0.46830414999993764,42.05444944000004],[-0.44673657999993566,42.05801470000006],[-0.443833179999956,42.06110196000003],[-0.43537742999996,42.06340768000007],[-0.4358331799999746,42.061094430000026],[-0.4312631389999524,42.05694861000006],[-0.427312699999959,42.057220260000065],[-0.42188582999995106,42.05008300000003],[-0.43174552999994376,42.03540000000004],[-0.44669798999996146,42.03758009000006],[-0.45576874999994743,42.03580949000008],[-0.4688389999999458,42.02487772000006],[-0.47305644999994456,42.024214260000065],[-0.48574770999994143,42.02704184000004],[-0.49093877999996494,42.02649813000005],[-0.4907159699999397,42.027862120000066]],[[-0.4441911349999259,42.05872144800003],[-0.44470721099997945,42.05898722400008],[-0.4449984649999692,42.05867030700006],[-0.4441911349999259,42.05872144800003]],[[-0.4441719789999752,42.05799025500005],[-0.44450337199992873,42.058247282000025],[-0.4447802049999723,42.05784960900007],[-0.4441719789999752,42.05799025500005]],[[-0.44543251899995084,42.05792418800007],[-0.44602147499995226,42.05804702100005],[-0.44614759299997786,42.05770511000003],[-0.44543251899995084,42.05792418800007]],[[-0.4440705789999697,42.057070182000075],[-0.4443002249999495,42.057066055000064],[-0.4441370389999406,42.05699211500007],[-0.4440705789999697,42.057070182000075]],[[-0.445526154999925,42.05499525700003],[-0.4456813549999765,42.05507390900004],[-0.44581223999995245,42.05495515300004],[-0.445526154999925,42.05499525700003]],[[-0.43850228499997,42.05435833700005],[-0.4398447289999581,42.054356115000076],[-0.4380336309999393,42.055270000000064],[-0.4405835089999641,42.05787402200008],[-0.442661677999979,42.05824158100006],[-0.44578493299997035,42.054084475000025],[-0.43850228499997,42.05435833700005]],[[-0.44637472399995204,42.05455723400007],[-0.4464960949999295,42.05457090200008],[-0.44656278199994404,42.054375521000054],[-0.44637472399995204,42.05455723400007]]]}},{"type":"Feature","properties":{"ClaseSuelo":"SUELO URBANO","NuclRural":"0","AreaLamber":14.78078709,"Shape_STAr":0.000016070744966},"geometry":{"type":"MultiPolygon","coordinates":[[[[-0.442661677999979,42.05824158100006],[-0.4405835089999641,42.05787402200008],[-0.4380336309999393,42.055270000000064],[-0.4398447289999581,42.054356115000076],[-0.43850228499997,42.05435833700005],[-0.44578493299997035,42.054084475000025],[-0.442661677999979,42.05824158100006]],[[-0.44337225799995394,42.05603931600007],[-0.44158991699993067,42.05665774500005],[-0.443342758999961,42.05716248500005],[-0.44337225799995394,42.05603931600007]]],[[[-0.43983811899994407,42.05414930200004],[-0.4396621569999297,42.05396604900005],[-0.4400326779999659,42.05395371700007],[-0.43983811899994407,42.05414930200004]]],[[[-0.446439489999932,42.05437486400007],[-0.44656278199994404,42.054375521000054],[-0.4464960949999295,42.05457090200008],[-0.446439489999932,42.05437486400007]]],[[[-0.445526154999925,42.05499525700003],[-0.44581223999995245,42.05495515300004],[-0.4456813549999765,42.05507390900004],[-0.445526154999925,42.05499525700003]]],[[[-0.4442053519999263,42.05712816400006],[-0.4441370389999406,42.05699211500007],[-0.4443002249999495,42.057066055000064],[-0.4442053519999263,42.05712816400006]]]]}},{"type":"Feature","properties":{"ClaseSuelo":"SUELO URBANO NO CONSOLIDADO","NuclRural":"0","AreaLamber":4.03411587,"Shape_STAr":0.00000438611565465},"geometry":{"type":"MultiPolygon","coordinates":[[[[-0.4399715339999375,42.054328319000035],[-0.43811123099993665,42.05357847200003],[-0.44246488499993575,42.05425332400006],[-0.4399715339999375,42.054328319000035]],[[-0.43992364599995426,42.05393279300006],[-0.43964456099996596,42.05401584500004],[-0.4400369899999532,42.05416650600006],[-0.43992364599995426,42.05393279300006]]],[[[-0.44190285299993093,42.05665159200004],[-0.4442015379999589,42.05631616100004],[-0.443342758999961,42.05716248500005],[-0.44190285299993093,42.05665159200004]]]]}},{"type":"Feature","properties":{"ClaseSuelo":"SUELO NO URBANIZABLE","NuclRural":"0","AreaLamber":4775.62148045,"Shape_STAr":0.00523730324452},"geometry":{"type":"Polygon","coordinates":[[[-0.7954721599999743,42.56046210000005],[-0.7982198499999527,42.56234302000007],[-0.8044275299999413,42.562831440000025],[-0.8174525899999594,42.56973528000003],[-0.8296445189999417,42.57018318000007],[-0.8273282889999791,42.57302990000005],[-0.8173967199999765,42.57866730000006],[-0.8087714009999445,42.58696733000005],[-0.8041122199999791,42.59748605000004],[-0.788207669999963,42.61431649000008],[-0.7736539409999637,42.61901416000006],[-0.7694853999999509,42.61829366000006],[-0.7663406999999438,42.62235664000008],[-0.7616479789999744,42.62366976000004],[-0.7577974599999493,42.62834906000006],[-0.753707009999971,42.61765195000004],[-0.7466507999999408,42.61519899000007],[-0.7393101389999401,42.61725148000005],[-0.7209485999999288,42.61290724000003],[-0.717567469999949,42.61335317000004],[-0.7150407209999798,42.61177192000008],[-0.7046385699999291,42.61052826000008],[-0.6949989299999402,42.60647145000007],[-0.6974724999999466,42.603522560000044],[-0.7013555999999426,42.60300625000008],[-0.7115140999999312,42.59688822000004],[-0.7126959099999794,42.59223823000008],[-0.7190719099999683,42.58182952000004],[-0.7255700099999558,42.57738421000005],[-0.7299700299999472,42.57130305000004],[-0.7374433399999702,42.56746171000003],[-0.7410838399999307,42.56212153000007],[-0.7544650899999397,42.55924197000007],[-0.7641239499999415,42.55482938000006],[-0.7890119199999504,42.55334055000003],[-0.7955430599999431,42.55637514000006],[-0.7954721599999743,42.56046210000005]],[[-0.7336909119999291,42.58645891800006],[-0.730631108999944,42.58809090600005],[-0.7345332229999713,42.58909527800006],[-0.735290728999928,42.58721870100004],[-0.7336909119999291,42.58645891800006]],[[-0.783687231999977,42.55889787600006],[-0.7826204749999306,42.56056862600008],[-0.7840569819999246,42.561839751000036],[-0.7863728749999268,42.559417376000056],[-0.7875924949999558,42.56026727900007],[-0.7854875249999509,42.56153362400005],[-0.788178726999945,42.560695449000036],[-0.79146889499998,42.56232274300004],[-0.7865839229999665,42.55622622800007],[-0.783687231999977,42.55889787600006]],[[-0.7829873969999426,42.59516496200007],[-0.7831821049999803,42.597958507000044],[-0.7876345059999608,42.597529415000054],[-0.7829873969999426,42.59516496200007]]]}},{"type":"Feature","properties":{"ClaseSuelo":"SUELO NO URBANIZABLE","NuclRural":"0","AreaLamber":2061.44570004,"Shape_STAr":0.00223542646489},"geometry":{"type":"Polygon","coordinates":[[[-0.1926582649999773,41.91266953000007],[-0.18828931599995258,41.90865409000003],[-0.20200130599994282,41.900280956000074],[-0.2184208779999608,41.89414220200007],[-0.22810662199992748,41.88729819300005],[-0.22942162799995458,41.872776799000064],[-0.23255675299992618,41.86463027000008],[-0.24427561099997774,41.87199983800008],[-0.25063298199995643,41.86929758400004],[-0.2591189479999798,41.87146386000006],[-0.25626207199997,41.87740238400005],[-0.26508689599995705,41.872506858000065],[-0.26416484299994636,41.88450750100003],[-0.2658766119999427,41.89070819800003],[-0.25207006199997295,41.91079414100005],[-0.24972266199995374,41.91071087800003],[-0.2495158679999463,41.912155806000044],[-0.2396445939999694,41.910405755000056],[-0.23872859699997662,41.912635109000064],[-0.23009541099997932,41.914597323000066],[-0.22179360699993822,41.91974586300006],[-0.21699933599995802,41.925177107000025],[-0.20957210999995368,41.927914447000035],[-0.1926582649999773,41.91266953000007]],[[-0.21459826999995357,41.90947023900003],[-0.2159083529999748,41.90983010700006],[-0.215547618999949,41.90727777700005],[-0.21149018199997727,41.90650892200006],[-0.21459826999995357,41.90947023900003]],[[-0.2539802469999586,41.89203927900007],[-0.25338371999993115,41.886719063000044],[-0.25063323299997364,41.888807661000044],[-0.25219742099994846,41.89198310100005],[-0.2539802469999586,41.89203927900007]]]}},{"type":"Feature","properties":{"ClaseSuelo":"SUELO URBANO","NuclRural":"0","AreaLamber":18.6424786,"Shape_STAr":0.0000202157847375},"geometry":{"type":"MultiPolygon","coordinates":[[[[-0.2539802469999586,41.89203927900007],[-0.25219742099994846,41.89198310100005],[-0.25063323299997364,41.888807661000044],[-0.25338371999993115,41.886719063000044],[-0.2539802469999586,41.89203927900007]]],[[[-0.21459826999995357,41.90947023900003],[-0.21149018199997727,41.90650892200006],[-0.215547618999949,41.90727777700005],[-0.2159083529999748,41.90983010700006],[-0.21459826999995357,41.90947023900003]]]]}},{"type":"Feature","properties":{"ClaseSuelo":"SUELO NO URBANIZABLE","NuclRural":"0","AreaLamber":5108.5282996,"Shape_STAr":0.00554380488715},"geometry":{"type":"Polygon","coordinates":[[[0.2986444030000257,42.03796464200008],[0.31103480400003036,42.03604054900006],[0.3213956470000312,42.032039747000056],[0.34791406000005054,42.03077304300007],[0.34884226600001966,42.029359148000026],[0.34861769600001935,42.023017183000036],[0.34405682000004845,42.01527094000005],[0.3378320380000446,42.01169725500006],[0.3348189050000201,42.00672412200004],[0.33458555100003196,41.99879746700003],[0.33060271800002283,41.987485838000055],[0.33705547700003535,41.983471020000025],[0.3530927680000673,41.979049829000076],[0.3528005800000642,41.97647393500006],[0.34991315700006,41.973883829000044],[0.3512255980000418,41.96991926700008],[0.3483390890000351,41.96434841100006],[0.35335673800005907,41.95742093800004],[0.35023602400002574,41.95358593100008],[0.33313354600005596,41.94857330100007],[0.335646281000038,41.943790568000054],[0.3283192810000628,41.94438172400004],[0.31390829800005804,41.942115631000036],[0.30619251800004577,41.93798887600008],[0.29300592900005995,41.937909079000065],[0.27677725700004885,41.94812657400007],[0.2709193130000358,41.94915830700006],[0.2681857020000393,41.94618353000004],[0.2647991290000391,41.94765777500004],[0.26626054800004795,41.95147035400004],[0.25879713300003004,41.95272733500008],[0.2582728970000403,41.95758697900004],[0.26138784600004783,41.96070425600004],[0.2637798180000459,41.97020867500004],[0.27221374700002343,41.97701930300008],[0.2767210730000329,41.99029917400003],[0.2805141830000366,41.99270315700005],[0.29870995200002426,41.994891591000055],[0.30243260600002486,41.99917891500007],[0.3018420710000669,42.00199647100004],[0.30516646100005573,42.01093274700003],[0.2957062130000736,42.019228620000035],[0.2967094990000305,42.02018131300008],[0.29538454700002603,42.028188862000036],[0.2986444030000257,42.03796464200008]],[[0.336795162000044,42.01912017500007],[0.3351366920000487,42.01836847200008],[0.337504592000073,42.01877565400008],[0.336795162000044,42.01912017500007]],[[0.3117183350000232,41.97453509300004],[0.309106211000028,41.97257751300003],[0.3082784130000391,41.97364417700004],[0.30771371400004455,41.97054088600004],[0.31389665400007516,41.97365196100003],[0.3117183350000232,41.97453509300004]]]}},{"type":"Feature","properties":{"ClaseSuelo":"SUELO URBANO","NuclRural":"0","AreaLamber":14.01481332,"Shape_STAr":0.0000152078707414},"geometry":{"type":"MultiPolygon","coordinates":[[[[0.3117183350000232,41.97453509300004],[0.31389665400007516,41.97365196100003],[0.30771371400004455,41.97054088600004],[0.3082784130000391,41.97364417700004],[0.309106211000028,41.97257751300003],[0.3117183350000232,41.97453509300004]]],[[[0.336795162000044,42.01912017500007],[0.337504592000073,42.01877565400008],[0.3351366920000487,42.01836847200008],[0.336795162000044,42.01912017500007]]]]}},{"type":"Feature","properties":{"ClaseSuelo":"SUELO NO URBANIZABLE","NuclRural":"0","AreaLamber":1441.34522415,"Shape_STAr":0.00156683977718},"geometry":{"type":"Polygon","coordinates":[[[0.0019410860000448338,42.08981147600008],[0.012757047000036437,42.08996894200004],[0.018840763000071092,42.08696319400008],[0.00862764300006802,42.08292724100005],[0.007443989000023521,42.07706887100005],[-0.0004043249999767795,42.072123531000045],[-0.017598720999956186,42.06578221400008],[-0.030301383999926657,42.05747589400005],[-0.0366695919999529,42.046311984000056],[-0.03790760799995496,42.04255273800004],[-0.03693057399993904,42.03966378400003],[-0.04399217899992891,42.03665817600006],[-0.04767170699994949,42.03780663300006],[-0.047144873999968695,42.04291710800004],[-0.05220035299993242,42.04958508100003],[-0.0547406079999746,42.06258202200007],[-0.05848340199997892,42.070242575000066],[-0.05589455899996665,42.07159894800003],[-0.05847094399996422,42.07913949600004],[-0.05589841799996975,42.08065838200008],[-0.04806276599992998,42.08097019300004],[-0.03763754599992808,42.07926039600005],[-0.031717052999965745,42.07998077000008],[-0.030704187999958776,42.07863075200004],[-0.02165243899997904,42.07935949400007],[-0.007751936999966347,42.08345508900004],[-0.008675021999977162,42.085676455000055],[-0.004600665999930698,42.09055896000007],[0.0019410860000448338,42.08981147600008]],[[-0.027384649999930843,42.07137404300005],[-0.029830831999959173,42.071396814000025],[-0.03193213899993452,42.06874777300004],[-0.027539411999953245,42.06913006800005],[-0.028892448999954468,42.070422835000045],[-0.027384649999930843,42.07137404300005]]]}},{"type":"Feature","properties":{"ClaseSuelo":"SUELO URBANO","NuclRural":"0","AreaLamber":8.80155815,"Shape_STAr":0.00000956811809686},"geometry":{"type":"Polygon","coordinates":[[[-0.027384649999930843,42.07137404300005],[-0.028892448999954468,42.070422835000045],[-0.027539411999953245,42.06913006800005],[-0.03193213899993452,42.06874777300004],[-0.029830831999959173,42.071396814000025],[-0.027384649999930843,42.07137404300005]]]}},{"type":"Feature","properties":{"ClaseSuelo":"SUELO NO URBANIZABLE","NuclRural":"0","AreaLamber":8663.86206357,"Shape_STAr":0.00939879614574},"geometry":{"type":"Polygon","coordinates":[[[-0.2111544049999452,41.966839004000065],[-0.19099560399996562,41.96041235400003],[-0.1805813749999743,41.970288003000064],[-0.17735158999994383,41.969371040000055],[-0.1743592339999509,41.97099941100004],[-0.16721810899997536,41.96821162600003],[-0.16189853899993523,41.96898065000005],[-0.12795396999996456,41.95259206700007],[-0.12251067799996918,41.948358119000034],[-0.12144925399996964,41.94165841500006],[-0.11889386399997193,41.93947795400004],[-0.11984527399994249,41.93549438600007],[-0.12378165099994476,41.93298160300003],[-0.12097472699997525,41.929696179000075],[-0.12496185299994522,41.92792305900008],[-0.1263438779999433,41.92400426000006],[-0.12626060099995584,41.921831859000065],[-0.12273684099994853,41.91894280300005],[-0.12558086999996476,41.91361077000005],[-0.11897733499995411,41.90496189300006],[-0.11187217699995244,41.90052357400003],[-0.11478974399994968,41.896769670000026],[-0.11340747899993175,41.89427635700008],[-0.10967324399996414,41.89422736400007],[-0.11174530999994658,41.88917340100005],[-0.12028273899994701,41.88237272600003],[-0.12770193799997287,41.88354033300004],[-0.1395037139999431,41.87563113700003],[-0.14332754399993064,41.86986376300007],[-0.1521396909999453,41.86704797300007],[-0.15992450899994992,41.87108635800007],[-0.16276912799997945,41.87677626300007],[-0.17039775199992846,41.88548399600006],[-0.18331463099997336,41.90827987900008],[-0.18828931599995258,41.90865409000003],[-0.20957210999995368,41.927914447000035],[-0.21699933599995802,41.925177107000025],[-0.22179360699993822,41.91974586300006],[-0.23009541099997932,41.914597323000066],[-0.23872859699997662,41.912635109000064],[-0.2396445939999694,41.910405755000056],[-0.2495158679999463,41.912155806000044],[-0.24972266199995374,41.91071087800003],[-0.25207006199997295,41.91079414100005],[-0.2658766119999427,41.89070819800003],[-0.28542158799996287,41.89024480100005],[-0.2903350319999731,41.893188750000036],[-0.29085273499993036,41.89491207100008],[-0.28670047799994336,41.902729914000076],[-0.2832408989999635,41.90556588800007],[-0.28068132399994283,41.919842266000046],[-0.2735809929999391,41.92064632000006],[-0.25161525799995843,41.93148719000004],[-0.25082706599994253,41.93495349600005],[-0.2529662039999607,41.93962462500008],[-0.2477553659999785,41.95755591900007],[-0.23694997299998022,41.95604431400005],[-0.22891244899994945,41.973897538000074],[-0.2111544049999452,41.966839004000065]],[[-0.2216908739999326,41.94001704800007],[-0.22284647199995788,41.93714332400003],[-0.22124419699997588,41.93968384500005],[-0.2216908739999326,41.94001704800007]],[[-0.16682370899997068,41.933564904000036],[-0.17099761899993382,41.931636611000044],[-0.16551811699997643,41.929641471000025],[-0.1648496869999576,41.931048331000056],[-0.16682370899997068,41.933564904000036]],[[-0.15641121799995972,41.90287802100005],[-0.1566498849999789,41.901396154000054],[-0.1541450389999568,41.90160854700008],[-0.15641121799995972,41.90287802100005]]]}},{"type":"Feature","properties":{"ClaseSuelo":"SUELO URBANO","NuclRural":"0","AreaLamber":12.59724521,"Shape_STAr":0.0000136663183048},"geometry":{"type":"MultiPolygon","coordinates":[[[[-0.16682370899997068,41.933564904000036],[-0.1648496869999576,41.931048331000056],[-0.16551811699997643,41.929641471000025],[-0.17099761899993382,41.931636611000044],[-0.16682370899997068,41.933564904000036]]],[[[-0.15641121799995972,41.90287802100005],[-0.1541450389999568,41.90160854700008],[-0.1566498849999789,41.901396154000054],[-0.15641121799995972,41.90287802100005]]],[[[-0.2216908739999326,41.94001704800007],[-0.22124419699997588,41.93968384500005],[-0.22284647199995788,41.93714332400003],[-0.2216908739999326,41.94001704800007]]]]}},{"type":"Feature","properties":{"ClaseSuelo":"SUELO NO URBANIZABLE","NuclRural":"0","AreaLamber":3178.25616591,"Shape_STAr":0.00345945195026},"geometry":{"type":"MultiPolygon","coordinates":[[[[0.5339640190000523,42.220894764000036],[0.5406415260000585,42.22115677200003],[0.5473780480000414,42.21360965200006],[0.5504581460000395,42.20481580300003],[0.5499657570000522,42.19430469500003],[0.5538918900000454,42.186799206000046],[0.5497556820000682,42.18904353200003],[0.5443617300000483,42.189156523000065],[0.5350663730000633,42.18358179100005],[0.5317003210000735,42.178363905000026],[0.5483909190000418,42.16726766800008],[0.5454479110000534,42.15944374500003],[0.5459180670000592,42.14901981200006],[0.5309394230000635,42.151661596000054],[0.5152731720000361,42.14410226800004],[0.5143886650000695,42.14866776200006],[0.5176759800000355,42.15405067900008],[0.512665552000044,42.15797738400005],[0.5119069570000647,42.16438495700004],[0.5167508060000614,42.16879269100008],[0.5083253820000664,42.16746621900006],[0.49932091800002354,42.17910550100004],[0.4904722720000336,42.177367411000034],[0.49402517400005763,42.18735329100008],[0.4947075250000239,42.198624239000026],[0.4933422930000688,42.203951602000075],[0.4950061740000251,42.206449157000065],[0.48216947000003074,42.21000070500003],[0.49706941600004484,42.22450340000006],[0.5047913120000658,42.226554511000074],[0.5134799160000512,42.22724280600005],[0.5177869910000368,42.223211639000056],[0.5218354380000392,42.22194365000007],[0.5339640190000523,42.220894764000036]],[[0.5202690900000562,42.20026505800007],[0.5170718870000428,42.198429856000075],[0.5122296240000423,42.19968388700005],[0.5127408920000676,42.198332814000025],[0.5111578290000693,42.198213373000044],[0.5166079900000682,42.19630699900006],[0.5222553540000376,42.199538105000045],[0.5202690900000562,42.20026505800007]],[[0.5153509500000268,42.19954160000003],[0.5156618140000546,42.19943866800003],[0.5151654700000563,42.19982448600007],[0.5153509500000268,42.19954160000003]],[[0.5138490860000502,42.19982258500005],[0.5133212690000732,42.20004800300006],[0.5133872070000507,42.19981411600003],[0.5138490860000502,42.19982258500005]],[[0.5138436450000654,42.19989780100008],[0.5142114950000405,42.20014621000007],[0.5136733390000359,42.20041414700006],[0.5138436450000654,42.19989780100008]],[[0.5165361330000451,42.19961562900005],[0.5167943020000507,42.19947547600003],[0.5167099490000737,42.19971759500004],[0.5165361330000451,42.19961562900005]],[[0.5172112630000356,42.199482928000066],[0.5161345560000541,42.19930271900006],[0.5175947600000654,42.199378237000076],[0.5172112630000356,42.199482928000066]]],[[[0.5258370160000254,42.13565551200003],[0.5190053230000444,42.139836520000074],[0.5252963830000681,42.14701791300007],[0.5332120780000196,42.13988546500008],[0.5258370160000254,42.13565551200003]]],[[[0.5143564020000326,42.199325731000044],[0.515798741000026,42.19846785900006],[0.5129417730000227,42.19909512800007],[0.5143564020000326,42.199325731000044]]]]}},{"type":"Feature","properties":{"ClaseSuelo":"SUELO URBANO","NuclRural":"0","AreaLamber":12.81167572,"Shape_STAr":0.0000139471656964},"geometry":{"type":"MultiPolygon","coordinates":[[[[0.5212542020000228,42.19974280100007],[0.5222553540000376,42.199538105000045],[0.5166079900000682,42.19630699900006],[0.5111578290000693,42.198213373000044],[0.5127408920000676,42.198332814000025],[0.5122296240000423,42.19968388700005],[0.5164678890000687,42.19840074600006],[0.5212542020000228,42.19974280100007]],[[0.515798741000026,42.19846785900006],[0.5129417730000227,42.19909512800007],[0.514637351000033,42.198123484000064],[0.515798741000026,42.19846785900006]]],[[[0.5175560160000714,42.19943065000007],[0.517363987000067,42.19911729200004],[0.5161345560000541,42.19930271900006],[0.5175560160000714,42.19943065000007]]],[[[0.5167124030000423,42.19947203400005],[0.5165361330000451,42.19961562900005],[0.5167099490000737,42.19971759500004],[0.5167124030000423,42.19947203400005]]],[[[0.5156618140000546,42.19943866800003],[0.5150547410000286,42.19965456500006],[0.5151654700000563,42.19982448600007],[0.5156618140000546,42.19943866800003]]],[[[0.5135733310000319,42.19981913000004],[0.5133212690000732,42.20004800300006],[0.5138490860000502,42.19982258500005],[0.5135733310000319,42.19981913000004]]],[[[0.5140203390000693,42.19996385600007],[0.5136733390000359,42.20041414700006],[0.5142114950000405,42.20014621000007],[0.5140203390000693,42.19996385600007]]]]}},{"type":"Feature","properties":{"ClaseSuelo":"SUELO NO URBANIZABLE","NuclRural":"0","AreaLamber":3289.50583071,"Shape_STAr":0.00356515298456},"geometry":{"type":"Polygon","coordinates":[[[-0.2776427119999312,41.87164376000004],[-0.2852643929999772,41.857262097000046],[-0.294000265999955,41.846931711000025],[-0.3021878839999772,41.84040620700006],[-0.31190376699993294,41.83932842000007],[-0.3145587809999597,41.83603140900004],[-0.31848601599995163,41.83542080400008],[-0.32006983399998035,41.83238686200008],[-0.32595074399995383,41.829966409000065],[-0.32566620899996224,41.82725799800005],[-0.32853835499997786,41.82392070100008],[-0.3299648119999574,41.817703867000034],[-0.3360053929999367,41.81603406000005],[-0.3469286829999305,41.81943017800006],[-0.3437378889999536,41.821184566000056],[-0.3471895729999801,41.82447950000005],[-0.35369093599996404,41.82419733000006],[-0.35121715999997605,41.82637371000004],[-0.3566146439999329,41.829217967000034],[-0.3556530939999334,41.834437222000076],[-0.36392232699995475,41.837167118000025],[-0.3600262209999414,41.84258911100005],[-0.3587104149999618,41.85143858500004],[-0.3544601169999737,41.86161627300004],[-0.3495013059999792,41.868787517000044],[-0.34621858199994904,41.87241301600005],[-0.32510926799994877,41.885377376000065],[-0.30123679299993,41.889906507000035],[-0.2776427119999312,41.87164376000004]],[[-0.3068057509999562,41.87166458400003],[-0.30722437999997965,41.87035078100007],[-0.30533445999992637,41.872006515000066],[-0.3068057509999562,41.87166458400003]],[[-0.30879708399993433,41.870895215000075],[-0.30993183699996507,41.871810604000075],[-0.31247527099992567,41.86893582600004],[-0.31053173299994796,41.86758094400005],[-0.30723203399998056,41.868461420000074],[-0.30879708399993433,41.870895215000075]]]}},{"type":"Feature","properties":{"ClaseSuelo":"SUELO URBANO","NuclRural":"0","AreaLamber":13.50937206,"Shape_STAr":0.0000146443721325},"geometry":{"type":"MultiPolygon","coordinates":[[[[-0.30879708399993433,41.870895215000075],[-0.30723203399998056,41.868461420000074],[-0.31053173299994796,41.86758094400005],[-0.31247527099992567,41.86893582600004],[-0.30993183699996507,41.871810604000075],[-0.30879708399993433,41.870895215000075]]],[[[-0.3059878469999262,41.871403532000045],[-0.30722437999997965,41.87035078100007],[-0.3078472329999613,41.87153653400003],[-0.3059878469999262,41.871403532000045]]]]}},{"type":"Feature","properties":{"ClaseSuelo":"SUELO NO URBANIZABLE","NuclRural":"0","AreaLamber":15989.5995677,"Shape_STAr":0.0175814869267},"geometry":{"type":"Polygon","coordinates":[[[-0.30661046699992767,42.84168895300007],[-0.3029823559999727,42.84154947700006],[-0.297671477999927,42.838749833000065],[-0.29024885699993774,42.83892555400007],[-0.2768167709999716,42.835518156000035],[-0.2753444069999773,42.833664198000065],[-0.2755650369999785,42.828924061000066],[-0.2627862149999487,42.824918283000045],[-0.25514321999997946,42.81933253500006],[-0.2454605009999682,42.820594664000055],[-0.2458516959999315,42.82225190500003],[-0.24334298899992746,42.82365022300007],[-0.2420911039999396,42.81879362300003],[-0.23853088099997422,42.81743815500005],[-0.2390754289999677,42.809329166000055],[-0.23737072999995235,42.80789722600008],[-0.237903011999947,42.80544693000007],[-0.24731286399997998,42.802567073000034],[-0.24834570099994835,42.79830573300006],[-0.2531685779999293,42.79763818600003],[-0.26490076899995074,42.78918464900005],[-0.26348065599995607,42.787286778000066],[-0.26495228899995027,42.78524188800003],[-0.2642075619999673,42.78299995900005],[-0.25605628899995736,42.77989634200003],[-0.2573753539999757,42.77521855800006],[-0.26324570199994923,42.771541109000054],[-0.27126907099994924,42.76975163100008],[-0.27129538399992725,42.76748312400008],[-0.27539343099994085,42.765725780000025],[-0.27606667499992454,42.76347261900003],[-0.2735914159999311,42.76083839200004],[-0.2728522599999792,42.75401330100004],[-0.2820976419999397,42.753557811000064],[-0.2869555419999301,42.74808120200004],[-0.2858109429999445,42.743515718000026],[-0.28790334299992537,42.74035966900004],[-0.29164854999993395,42.73739575400003],[-0.3034490299999675,42.73514403900003],[-0.30763175999993564,42.74010499000008],[-0.312337624999941,42.74061175300005],[-0.31438611699996954,42.73957027000006],[-0.30968088199995236,42.732004655000026],[-0.311620047999952,42.73587524000004],[-0.316935348999948,42.73668855300008],[-0.31785085799992885,42.73434658300005],[-0.3125887789999524,42.73553792000007],[-0.3122240799999645,42.73412058300005],[-0.3138476739999305,42.73328160900007],[-0.30856992599996147,42.73028495800003],[-0.30726326699993933,42.72209601800006],[-0.30821455499994954,42.717327889000046],[-0.30663445199996886,42.715462768000066],[-0.3091744289999383,42.71207372900005],[-0.3064840789999721,42.704545565000046],[-0.3099898879999614,42.70337632700006],[-0.31207864699996435,42.70052586600008],[-0.32653412999997045,42.70733871700003],[-0.32874313999997185,42.70366233000004],[-0.33221765299992967,42.703212095000026],[-0.3340376999999535,42.704902324000045],[-0.3754206649999787,42.714629056000035],[-0.37950152799993475,42.71776615400006],[-0.37879987299993445,42.72021736000005],[-0.38067464199997403,42.721809105000034],[-0.3967400069999485,42.72050967800004],[-0.3988568829999508,42.72128715200006],[-0.4019306859999574,42.727228041000046],[-0.4242809279999733,42.720763419000036],[-0.43693903899998077,42.72269537500006],[-0.4375195229999349,42.72728275900005],[-0.43888579299994035,42.72791663100003],[-0.43648161199996593,42.729942935000054],[-0.43928813999997374,42.732382990000076],[-0.42744078099997296,42.737673286000074],[-0.4261109739999256,42.74382961500004],[-0.4212485159999346,42.75119407400007],[-0.42303709199995865,42.75432296200006],[-0.4211170889999494,42.760249841000075],[-0.4268022719999749,42.76578957500004],[-0.43642286899995497,42.76514100400004],[-0.45432094199992434,42.769763633000025],[-0.4606649629999424,42.77512724700006],[-0.45858501299994714,42.77935830400003],[-0.45390484899996864,42.78229788300007],[-0.4457606689999807,42.78206245100006],[-0.4402796579999517,42.78365087700007],[-0.4375842279999347,42.78823698200006],[-0.4398513529999377,42.79166447800003],[-0.4392010519999303,42.79705273400003],[-0.41928973799997493,42.80582373900006],[-0.40878825499993354,42.807660086000055],[-0.4073897619999798,42.805422305000036],[-0.39625878599997577,42.801981976000036],[-0.39474678899995297,42.79896705700003],[-0.3834836389999623,42.80102433400003],[-0.3821185309999464,42.807872641000074],[-0.36448810099994944,42.81639165400003],[-0.36409029699996154,42.820281468000076],[-0.360564993999958,42.82177604300006],[-0.35537148299994215,42.827959358000044],[-0.3553178469999807,42.83065053400003],[-0.3481781539999247,42.83510469000004],[-0.346839895999949,42.83778405100003],[-0.34405640199997833,42.83763845800007],[-0.34216623299994353,42.835208359000035],[-0.3350920389999601,42.83810543100003],[-0.3311729199999718,42.83421419700005],[-0.3241268059999243,42.83475203900008],[-0.3217808419999528,42.836660186000074],[-0.32074529099998017,42.84108420700005],[-0.31326417899992975,42.84937314000007],[-0.30661046699992767,42.84168895300007]],[[-0.331848928999932,42.77307581100007],[-0.33177400299996407,42.773167631000035],[-0.3319602749999717,42.77318023200007],[-0.331848928999932,42.77307581100007]],[[-0.3315222629999539,42.77672108500008],[-0.33129920999994056,42.77681271000006],[-0.3315177089999679,42.77682702800007],[-0.3315222629999539,42.77672108500008]],[[-0.3110235299999431,42.723143152000034],[-0.31118431899994903,42.72298570300006],[-0.3110086479999268,42.72298839800004],[-0.3110235299999431,42.723143152000034]],[[-0.3350484529999562,42.76180602100004],[-0.3356398999999328,42.76171465600004],[-0.33445074599995905,42.76126022500006],[-0.3350484529999562,42.76180602100004]],[[-0.31149229999994077,42.722929812000075],[-0.31221446099993955,42.72180455800003],[-0.311252690999936,42.721747994000054],[-0.31149229999994077,42.722929812000075]],[[-0.31500505699995074,42.75687372500005],[-0.3159712849999323,42.75632143300004],[-0.31471076599996195,42.75553585900008],[-0.31500505699995074,42.75687372500005]],[[-0.3162145519999626,42.75879221500003],[-0.3167322459999582,42.75763580900008],[-0.31521433499995055,42.75714867100004],[-0.3162145519999626,42.75879221500003]],[[-0.3170129409999731,42.71686193100004],[-0.3164127409999651,42.71563842200004],[-0.3149902319999569,42.71737301300004],[-0.3170129409999731,42.71686193100004]],[[-0.41826427299997704,42.80407720200003],[-0.4168405419999317,42.804578734000074],[-0.4186432399999376,42.80561515800008],[-0.41826427299997704,42.80407720200003]],[[-0.3358140629999298,42.76383261800004],[-0.33604145299995025,42.76307462300008],[-0.32868420399995557,42.760346577000064],[-0.3358140629999298,42.76383261800004]],[[-0.31463456299997006,42.72301882900007],[-0.31382973499995614,42.72019662100007],[-0.31215003699992394,42.72253700500005],[-0.31406295899995484,42.724318252000046],[-0.31463456299997006,42.72301882900007]],[[-0.3329385839999759,42.76726118100004],[-0.33528326899994454,42.765489470000034],[-0.3311156699999742,42.767240152000056],[-0.33477637599997934,42.76840469700005],[-0.33531408899995085,42.76683764400008],[-0.3329385839999759,42.76726118100004]],[[-0.3247863029999394,42.765216785000064],[-0.323256133999962,42.76288837700008],[-0.3203651489999402,42.76412296600006],[-0.32454631499996367,42.766742656000076],[-0.3247863029999394,42.765216785000064]],[[-0.3163423139999395,42.715667729000074],[-0.3177426459999424,42.716686915000025],[-0.31857733099997176,42.71529183800004],[-0.3167123339999307,42.71495450200007],[-0.3190496469999289,42.71514863300007],[-0.3167174129999353,42.71483670300006],[-0.31956047199997784,42.71095849000005],[-0.3143382659999361,42.71280464000006],[-0.3160833879999245,42.71515420000003],[-0.31442719799997576,42.71714525300007],[-0.3163423139999395,42.715667729000074]],[[-0.3249709799999323,42.77591385900007],[-0.32715461299994786,42.77657596300003],[-0.3290142239999341,42.77368346600008],[-0.3279596529999367,42.775229601000035],[-0.3380832769999529,42.77038004600007],[-0.3356830019999393,42.76877680100006],[-0.33258419799994954,42.76909773800003],[-0.3331113599999753,42.77026433300006],[-0.3266624109999725,42.76783746800004],[-0.3249709799999323,42.77591385900007]],[[-0.35763060699997595,42.78128384100006],[-0.3644045519999395,42.78018453400006],[-0.3693820529999243,42.77544882300003],[-0.36176243699992483,42.771205278000025],[-0.3559027939999737,42.771676315000036],[-0.35778052499995283,42.775301273000025],[-0.35502668199995924,42.77665488900004],[-0.35483116699992934,42.77954768500007],[-0.35763060699997595,42.78128384100006]]]}},{"type":"Feature","properties":{"ClaseSuelo":"SUELO URBANIZABLE DELIMITADO O SECTORIZADO","NuclRural":"0","AreaLamber":44.14336447,"Shape_STAr":0.0000485251141748},"geometry":{"type":"MultiPolygon","coordinates":[[[[-0.36437866999995094,42.77849422600008],[-0.362583840999946,42.77744157500007],[-0.36372428999993645,42.77388935600004],[-0.35582030299997314,42.77174885800008],[-0.36176243699992483,42.771205278000025],[-0.3693820529999243,42.77544882300003],[-0.3655773949999457,42.77901953300005],[-0.36437866999995094,42.77849422600008]]],[[[-0.3144078679999325,42.71298852700005],[-0.3161674309999398,42.71243786500003],[-0.3160740019999366,42.713124089000075],[-0.3144078679999325,42.71298852700005]]],[[[-0.31788974399995595,42.71355958100003],[-0.31745574799992937,42.712498362000076],[-0.31864710799993645,42.71290563600007],[-0.31788974399995595,42.71355958100003]]],[[[-0.3181868699999768,42.715109030000065],[-0.31671299899994665,42.71493908600007],[-0.31802690199992867,42.714027541000064],[-0.3181868699999768,42.715109030000065]]],[[[-0.3168961719999288,42.71523975100007],[-0.31857733099997176,42.71529183800004],[-0.3177426459999424,42.716686915000025],[-0.3168961719999288,42.71523975100007]]],[[[-0.3156979409999394,42.715663336000034],[-0.3164008109999372,42.715241924000054],[-0.31442719799997576,42.71714525300007],[-0.3156979409999394,42.715663336000034]]],[[[-0.31630347499992695,42.715870805000066],[-0.31730861999994886,42.71727329000004],[-0.3149902319999569,42.71737301300004],[-0.31630347499992695,42.715870805000066]]],[[[-0.31215003699992394,42.72253700500005],[-0.31382973499995614,42.72019662100007],[-0.3138341129999276,42.72268007900004],[-0.31215003699992394,42.72253700500005]]],[[[-0.311252690999936,42.721747994000054],[-0.31221446099993955,42.72180455800003],[-0.31214733399997385,42.72294781100004],[-0.311252690999936,42.721747994000054]]],[[[-0.3142804729999398,42.72364500600003],[-0.31457612999997764,42.72390161200008],[-0.31406295899995484,42.724318252000046],[-0.3142804729999398,42.72364500600003]]],[[[-0.3161192249999658,42.73571999400008],[-0.3150245099999438,42.734833080000044],[-0.31785085799992885,42.73434658300005],[-0.3161192249999658,42.73571999400008]]]]}},{"type":"Feature","properties":{"ClaseSuelo":"SUELO URBANIZABLE NO DELIMITADO O SECTORIZADO","NuclRural":"0","AreaLamber":33.22855487,"Shape_STAr":0.0000365330768915},"geometry":{"type":"MultiPolygon","coordinates":[[[[-0.3253862099999765,42.773143220000065],[-0.3266624109999725,42.76783746800004],[-0.3314140249999582,42.76889893400005],[-0.33183061399995495,42.77095598200003],[-0.3284982919999493,42.772096316000045],[-0.32472874499995896,42.77669442400003],[-0.3253862099999765,42.773143220000065]]],[[[-0.32144903999994767,42.765542260000075],[-0.3203651489999402,42.76412296600006],[-0.323256133999962,42.76288837700008],[-0.3251717799999483,42.76638127900003],[-0.32144903999994767,42.765542260000075]]],[[[-0.33129920999994056,42.77681271000006],[-0.3315222629999539,42.77672108500008],[-0.3315177089999679,42.77682702800007],[-0.33129920999994056,42.77681271000006]]]]}},{"type":"Feature","properties":{"ClaseSuelo":"SUELO URBANO","NuclRural":"0","AreaLamber":101.76738881,"Shape_STAr":0.000111883646639},"geometry":{"type":"MultiPolygon","coordinates":[[[[-0.35736064899992925,42.78101099300005],[-0.35483116699992934,42.77954768500007],[-0.35502668199995924,42.77665488900004],[-0.35778052499995283,42.775301273000025],[-0.3567300019999493,42.77250292800005],[-0.36372428999993645,42.77388935600004],[-0.362583840999946,42.77744157500007],[-0.3647289349999596,42.778864904000045],[-0.3644045519999395,42.78018453400006],[-0.35736064899992925,42.78101099300005]],[[-0.3591605599999639,42.77980052300006],[-0.3622002819999466,42.77754358000004],[-0.35828266199996506,42.77840450200006],[-0.3591605599999639,42.77980052300006]]],[[[-0.3161425169999461,42.71522414200007],[-0.31424335799994196,42.71365653600003],[-0.31722550899996804,42.712718659000075],[-0.31790084999994406,42.71065456300005],[-0.31956047199997784,42.71095849000005],[-0.3161425169999461,42.71522414200007]]],[[[-0.3110235299999431,42.723143152000034],[-0.3110086479999268,42.72298839800004],[-0.31118431899994903,42.72298570300006],[-0.3110235299999431,42.723143152000034]]],[[[-0.31352600599996094,42.72363205500005],[-0.31360761699994555,42.72388057100005],[-0.31350322399993047,42.72384690100006],[-0.31352600599996094,42.72363205500005]]],[[[-0.3129568819999804,42.723220404000074],[-0.3139192239999602,42.72206691400004],[-0.31463456299997006,42.72301882900007],[-0.3129568819999804,42.723220404000074]]],[[[-0.31588734299992893,42.73700706400007],[-0.311620047999952,42.73587524000004],[-0.3096261599999366,42.73151882500008],[-0.3138476739999305,42.73328160900007],[-0.31221946399995204,42.735213171000055],[-0.3161782529999755,42.73572449100004],[-0.31588734299992893,42.73700706400007]]],[[[-0.3147741759999576,42.75670590900006],[-0.3145099699999605,42.75560954100007],[-0.3159290759999749,42.75618418700003],[-0.3147741759999576,42.75670590900006]]],[[[-0.3162145519999626,42.75879221500003],[-0.31521433499995055,42.75714867100004],[-0.3167322459999582,42.75763580900008],[-0.3162145519999626,42.75879221500003]]],[[[-0.33429760499996064,42.761504038000055],[-0.3356398999999328,42.76171465600004],[-0.33527422299994214,42.762021557000025],[-0.33429760499996064,42.761504038000055]]],[[[-0.3335845589999735,42.765925440000046],[-0.3353561109999532,42.76563364200007],[-0.33275382699997635,42.76719497900007],[-0.3335845589999735,42.765925440000046]]],[[[-0.33487020999996275,42.767574196000055],[-0.3346285259999604,42.76845843600006],[-0.33416500199996335,42.76787590600003],[-0.33487020999996275,42.767574196000055]]],[[[-0.3314397499999586,42.77277453200003],[-0.33146529799995506,42.77289937100005],[-0.3311357699999462,42.77289143300004],[-0.3314397499999586,42.77277453200003]]],[[[-0.331848928999932,42.77307581100007],[-0.3319602749999717,42.77318023200007],[-0.33177400299996407,42.773167631000035],[-0.331848928999932,42.77307581100007]]],[[[-0.32507340999995904,42.77560114600004],[-0.33183061399995495,42.77095598200003],[-0.33182888699997193,42.76906584000005],[-0.3331808549999664,42.77036305900003],[-0.33258419799994954,42.76909773800003],[-0.3349333229999729,42.76861282800007],[-0.3380832769999529,42.77038004600007],[-0.3279596529999367,42.775229601000035],[-0.3290142239999341,42.77368346600008],[-0.32715461299994786,42.77657596300003],[-0.32507340999995904,42.77560114600004]],[[-0.33397266499997613,42.76990703300004],[-0.33449672299997246,42.76924128100006],[-0.33368682199994737,42.76981976600007],[-0.33397266499997613,42.76990703300004]]],[[[-0.4168336659999454,42.80427670700004],[-0.41908917099993914,42.80435507900006],[-0.4186432399999376,42.80561515800008],[-0.4168336659999454,42.80427670700004]]]]}},{"type":"Feature","properties":{"ClaseSuelo":"SUELO URBANO NO CONSOLIDADO","NuclRural":"0","AreaLamber":15.5945702,"Shape_STAr":0.000017143922509},"geometry":{"type":"MultiPolygon","coordinates":[[[[-0.3313495529999386,42.76766730200006],[-0.3353795019999666,42.76689634400003],[-0.3338340569999332,42.76888665100006],[-0.3313495529999386,42.76766730200006]]],[[[-0.3178784109999242,42.71368155300007],[-0.3184915359999536,42.713366578000034],[-0.317967762999956,42.71399040500006],[-0.3178784109999242,42.71368155300007]]],[[[-0.31419467199992823,42.72263395400006],[-0.3139192239999602,42.72206691400004],[-0.31431976199996825,42.72221929400007],[-0.31419467199992823,42.72263395400006]]],[[[-0.3135639429999628,42.72380613300004],[-0.31301336099994614,42.723184229000026],[-0.3142804729999398,42.72364500600003],[-0.3135639429999628,42.72380613300004]]],[[[-0.31165906699993684,42.73583988400003],[-0.3122593069999766,42.73575418000007],[-0.31192186199996286,42.73605395800007],[-0.31165906699993684,42.73583988400003]]],[[[-0.3145616009999799,42.73549002900006],[-0.31513413499993703,42.734920344000045],[-0.3158453979999649,42.73564327500003],[-0.3145616009999799,42.73549002900006]]],[[[-0.31567211599997336,42.73608064200005],[-0.316935348999948,42.73668855300008],[-0.31614592999994784,42.737061640000036],[-0.31567211599997336,42.73608064200005]]],[[[-0.33555382199995165,42.763579039000035],[-0.32868420399995557,42.760346577000064],[-0.33604145299995025,42.76307462300008],[-0.33555382199995165,42.763579039000035]]],[[[-0.33397266499997613,42.76990703300004],[-0.33368682199994737,42.76981976600007],[-0.33449672299997246,42.76924128100006],[-0.33397266499997613,42.76990703300004]]],[[[-0.3312035229999424,42.769839657000034],[-0.3313856639999244,42.76899476800003],[-0.33240585999993755,42.76974574800005],[-0.3312035229999424,42.769839657000034]]],[[[-0.333233618999941,42.769958563000046],[-0.33345155599994314,42.76985107300004],[-0.3331034519999321,42.77034553500005],[-0.333233618999941,42.769958563000046]]],[[[-0.3301617469999769,42.773999712000034],[-0.3310509619999493,42.77286731600003],[-0.3326187039999695,42.77281026600008],[-0.3301617469999769,42.773999712000034]]],[[[-0.35871100099996056,42.778291628000034],[-0.3622002819999466,42.77754358000004],[-0.3591605599999639,42.77980052300006],[-0.35871100099996056,42.778291628000034]]]]}},{"type":"Feature","properties":{"ClaseSuelo":"SUELO NO URBANIZABLE","NuclRural":"0","AreaLamber":6371.50196746,"Shape_STAr":0.00695539464402},"geometry":{"type":"Polygon","coordinates":[[[0.5737096460000544,42.423807484000065],[0.5833042710000313,42.41986089300008],[0.5866622760000268,42.41546081000007],[0.6039990190000708,42.40544420600003],[0.6086386640000683,42.40901670900007],[0.6132115240000644,42.41648981700007],[0.6200651480000374,42.413329049000026],[0.6311083420000614,42.41392477200003],[0.633709950000025,42.41352709600005],[0.6343358300000546,42.41174250500006],[0.6404203730000404,42.41316088600007],[0.6447941580000247,42.41126597700003],[0.6502641040000299,42.407328181000025],[0.6513562620000357,42.40793262200003],[0.6537264400000709,42.40502080300007],[0.6589431790000617,42.404890247000026],[0.6601229080000621,42.40198933700003],[0.6690147160000492,42.39488892000003],[0.6671536530000708,42.39088782300007],[0.6701113210000358,42.38765973900007],[0.6686866470000723,42.38593160500005],[0.6692339620000212,42.38219535600007],[0.661436257000048,42.38176963400008],[0.6583060740000519,42.37472035300004],[0.6548059210000474,42.37258108100008],[0.6518278630000509,42.36687740600007],[0.641207621000035,42.36022824600008],[0.6386449350000589,42.35705919500003],[0.6420561540000449,42.351386158000025],[0.6411809750000543,42.34653370400008],[0.6313745080000217,42.343396410000025],[0.6173347900000294,42.344515976000025],[0.6158491970000455,42.346759923000036],[0.6114823250000541,42.34257566400004],[0.6080825790000404,42.346581651000065],[0.6028789810000603,42.343675003000044],[0.5986128880000479,42.34570000400004],[0.5971883370000342,42.34859909200003],[0.5909981400000675,42.34222023600006],[0.5933757990000572,42.33559958500007],[0.5912259730000642,42.332587567000076],[0.5831882420000625,42.332731257000034],[0.5718538690000514,42.32909639500008],[0.5594429570000443,42.33452521000004],[0.5561012790000746,42.334448923000025],[0.555139850000046,42.33526213400006],[0.556245069000056,42.33613726600004],[0.5625344080000332,42.33897624800005],[0.5599354700000276,42.34302794300004],[0.5629484860000389,42.344582039000045],[0.5652173600000197,42.34928367200007],[0.5641189810000355,42.353684920000035],[0.5683837830000584,42.35803622800006],[0.5760018000000287,42.358140787000025],[0.5815194380000435,42.36229936900003],[0.5797846210000444,42.36509990700006],[0.5807046370000535,42.367826439000055],[0.5795503640000561,42.372724807000054],[0.5808725300000219,42.372485382000036],[0.5797776390000422,42.37415839700003],[0.5655535330000703,42.37730343100003],[0.5597829590000742,42.38392100600004],[0.55782653600005,42.38433295600004],[0.5589498690000596,42.38787273500003],[0.5530245420000597,42.39070394200007],[0.5509406520000653,42.39531568600006],[0.5520796860000701,42.40107004600003],[0.5493661100000509,42.40723200200006],[0.5498285190000729,42.41477214500003],[0.5430976320000696,42.42060823500003],[0.5551322470000741,42.42410688600006],[0.5737096460000544,42.423807484000065]],[[0.587936361000061,42.399033659000054],[0.5862600050000424,42.398525118000066],[0.5878176290000283,42.39796647900005],[0.587936361000061,42.399033659000054]],[[0.6147706880000214,42.38880138300004],[0.6122010600000749,42.388154651000036],[0.6139174190000745,42.387682374000065],[0.6147706880000214,42.38880138300004]],[[0.599705183000026,42.38008280200006],[0.5980695930000479,42.38015851700004],[0.5976245670000253,42.37924049000003],[0.599705183000026,42.38008280200006]],[[0.5975797630000557,42.37784103100006],[0.5976451680000423,42.37861382500006],[0.5972596330000215,42.377996894000034],[0.5975797630000557,42.37784103100006]],[[0.601961162000066,42.373266310000076],[0.6009064360000593,42.37304361200006],[0.6024301990000254,42.37260258200007],[0.601961162000066,42.373266310000076]],[[0.5923041790000525,42.37030885200005],[0.5900043430000323,42.369769889000054],[0.5901537670000607,42.36858709200004],[0.5923041790000525,42.37030885200005]],[[0.5936135930000432,42.36754496000003],[0.5935355780000577,42.36894309400003],[0.5928766350000387,42.36850295200003],[0.5936135930000432,42.36754496000003]],[[0.5945315300000402,42.36689308200005],[0.595176365000043,42.365245161000075],[0.5954155820000437,42.366689026000074],[0.5945315300000402,42.36689308200005]],[[0.5935453630000325,42.366518308000025],[0.5934504800000582,42.365671949000046],[0.5942854550000334,42.36546944200006],[0.5935453630000325,42.366518308000025]],[[0.5729412640000646,42.35289652600005],[0.5740778250000744,42.354008916000055],[0.5737600090000683,42.35414309400005],[0.5729412640000646,42.35289652600005]],[[0.572599690000061,42.35282046200007],[0.5721320430000674,42.35321115000005],[0.5713165350000509,42.35211287800007],[0.572599690000061,42.35282046200007]],[[0.571005446000072,42.35208791500003],[0.5703074510000761,42.350709996000035],[0.5717734840000617,42.351669668000056],[0.571005446000072,42.35208791500003]],[[0.577661679000073,42.35369211200003],[0.5765148810000369,42.35347539700007],[0.5777194050000389,42.35249146600006],[0.577661679000073,42.35369211200003]],[[0.5742815480000445,42.34001286700004],[0.5735325000000557,42.339732482000045],[0.5746658020000268,42.33951771400007],[0.5742815480000445,42.34001286700004]],[[0.5668484940000553,42.33928528900003],[0.5663066230000595,42.33864746900008],[0.5672917990000315,42.338538878000065],[0.5668484940000553,42.33928528900003]]]}},{"type":"Feature","properties":{"ClaseSuelo":"SUELO URBANO","NuclRural":"0","AreaLamber":12.38693595,"Shape_STAr":0.0000135197313469},"geometry":{"type":"MultiPolygon","coordinates":[[[[0.6147706880000214,42.38880138300004],[0.6139174190000745,42.387682374000065],[0.6122010600000749,42.388154651000036],[0.6147706880000214,42.38880138300004]]],[[[0.5668484940000553,42.33928528900003],[0.5672917990000315,42.338538878000065],[0.5663066230000595,42.33864746900008],[0.5668484940000553,42.33928528900003]]],[[[0.5742815480000445,42.34001286700004],[0.5746658020000268,42.33951771400007],[0.5735325000000557,42.339732482000045],[0.5742815480000445,42.34001286700004]]],[[[0.571005446000072,42.35208791500003],[0.5717734840000617,42.351669668000056],[0.5703074510000761,42.350709996000035],[0.571005446000072,42.35208791500003]]],[[[0.572599690000061,42.35282046200007],[0.5713165350000509,42.35211287800007],[0.5721320430000674,42.35321115000005],[0.572599690000061,42.35282046200007]]],[[[0.577661679000073,42.35369211200003],[0.5777194050000389,42.35249146600006],[0.5765148810000369,42.35347539700007],[0.577661679000073,42.35369211200003]]],[[[0.5729412640000646,42.35289652600005],[0.5737600090000683,42.35414309400005],[0.5740778250000744,42.354008916000055],[0.5729412640000646,42.35289652600005]]],[[[0.5935453630000325,42.366518308000025],[0.5942854550000334,42.36546944200006],[0.5934504800000582,42.365671949000046],[0.5935453630000325,42.366518308000025]]],[[[0.5945315300000402,42.36689308200005],[0.5954155820000437,42.366689026000074],[0.595176365000043,42.365245161000075],[0.5945315300000402,42.36689308200005]]],[[[0.5936135930000432,42.36754496000003],[0.5928766350000387,42.36850295200003],[0.5935355780000577,42.36894309400003],[0.5936135930000432,42.36754496000003]]],[[[0.5923041790000525,42.37030885200005],[0.5901537670000607,42.36858709200004],[0.5900043430000323,42.369769889000054],[0.5923041790000525,42.37030885200005]]],[[[0.601961162000066,42.373266310000076],[0.6024301990000254,42.37260258200007],[0.6009064360000593,42.37304361200006],[0.601961162000066,42.373266310000076]]],[[[0.5975797630000557,42.37784103100006],[0.5972596330000215,42.377996894000034],[0.5976451680000423,42.37861382500006],[0.5975797630000557,42.37784103100006]]],[[[0.599705183000026,42.38008280200006],[0.5976245670000253,42.37924049000003],[0.5980695930000479,42.38015851700004],[0.599705183000026,42.38008280200006]]],[[[0.587936361000061,42.399033659000054],[0.5878176290000283,42.39796647900005],[0.5862600050000424,42.398525118000066],[0.587936361000061,42.399033659000054]]]]}},{"type":"Feature","properties":{"ClaseSuelo":"SUELO NO URBANIZABLE","NuclRural":"0","AreaLamber":16426.8328939,"Shape_STAr":0.0179906557401},"geometry":{"type":"Polygon","coordinates":[[[-0.8424917789999427,42.57283040100003],[-0.8324060959999429,42.56994735200004],[-0.8174525759999369,42.56973529000004],[-0.8044275199999333,42.562831447000065],[-0.7982198289999474,42.56234301200004],[-0.7954721679999466,42.56046211700004],[-0.7955430629999682,42.55637514800003],[-0.7890118959999768,42.553340537000054],[-0.7641239659999428,42.55482938100005],[-0.7588977559999535,42.556555262000074],[-0.7593982139999298,42.54972115900006],[-0.7668447289999563,42.54650769500006],[-0.750617472999977,42.54293020400007],[-0.7505375789999675,42.54142479500007],[-0.743941943999971,42.537918098000034],[-0.734146209999949,42.535041156000034],[-0.730008464999969,42.53027654700003],[-0.731428962999928,42.52702683100006],[-0.7229887059999669,42.52175339900003],[-0.7116215239999519,42.52466961400006],[-0.7129003969999417,42.52165144300005],[-0.7178626449999683,42.518769717000055],[-0.7171248489999584,42.51529703600005],[-0.7188156279999589,42.51064805000004],[-0.7023340379999468,42.50669852300007],[-0.7077583769999478,42.488823876000026],[-0.7150942159999545,42.48885338500003],[-0.7187600099999258,42.48373946000004],[-0.7142901739999274,42.47852638100005],[-0.7139341159999617,42.472269640000036],[-0.7174405049999564,42.47051152900008],[-0.7316652149999641,42.454206458000044],[-0.7428531349999616,42.45183393100007],[-0.7559340469999256,42.453973071000064],[-0.7790455189999648,42.46239317700008],[-0.7965616529999693,42.45261852100003],[-0.8030931209999608,42.45501333800007],[-0.8164364859999296,42.455979901000035],[-0.8216440719999696,42.45835738100004],[-0.8251785689999451,42.45427308700005],[-0.8260485489999496,42.45127282100003],[-0.8212711359999503,42.44702158700005],[-0.790601067999944,42.44299412200007],[-0.7832998829999269,42.43971921200006],[-0.7812249379999798,42.43581573000006],[-0.7855215799999655,42.43290912500004],[-0.7858353199999328,42.43021355700006],[-0.8006825239999671,42.43390362000008],[-0.8044311169999787,42.432039349000036],[-0.8088249099999416,42.43293397300005],[-0.8145493539999507,42.43506954600008],[-0.8203343909999603,42.440727045000074],[-0.8228189189999284,42.44130563400006],[-0.8276459959999443,42.43566984900008],[-0.8290054149999264,42.430805719000034],[-0.8345697809999706,42.42595805500008],[-0.8393842119999704,42.42628311200008],[-0.8399382229999333,42.42820270800007],[-0.8420931249999626,42.42845943700007],[-0.848259177999978,42.43405071300003],[-0.8513733139999431,42.434703511000066],[-0.849655041999938,42.44335246700007],[-0.8608336209999266,42.44642545100004],[-0.8818997899999772,42.45705604400007],[-0.8777193759999591,42.46164344500005],[-0.8772472179999795,42.466614665000066],[-0.8827876209999772,42.47184125900003],[-0.8970203909999555,42.479082627000025],[-0.8902904209999747,42.49036860800004],[-0.8928340549999803,42.49216246200007],[-0.8925613999999769,42.49919060800005],[-0.8938927779999517,42.50049385500006],[-0.8914071929999636,42.50492375500005],[-0.8933127649999619,42.50797559700004],[-0.8924588439999752,42.51346212100003],[-0.8945742079999377,42.51607653800005],[-0.8918265999999448,42.52176236300005],[-0.8919642629999771,42.527078009000036],[-0.8829662039999562,42.53358488300006],[-0.8771969139999669,42.532442468000056],[-0.8768650229999366,42.53864093100003],[-0.8722789979999561,42.545309703000044],[-0.8745672619999709,42.546063616000026],[-0.8757712179999544,42.553650342000026],[-0.8611520759999394,42.55409860100008],[-0.8560644569999454,42.556479840000065],[-0.856604774999937,42.560974533000035],[-0.8496091309999656,42.55824087500008],[-0.8462870209999664,42.574774922000074],[-0.8424917789999427,42.57283040100003]],[[-0.8271621119999395,42.55648329100006],[-0.8270742269999687,42.556392274000075],[-0.8269962079999686,42.55643487300006],[-0.8271621119999395,42.55648329100006]],[[-0.826190267999948,42.55599159800005],[-0.8283932509999659,42.55603195800006],[-0.826434064999944,42.55481753400005],[-0.826190267999948,42.55599159800005]],[[-0.8259799989999692,42.55501197600006],[-0.8257703119999746,42.555036587000075],[-0.8260540959999503,42.55512423300007],[-0.8259799989999692,42.55501197600006]],[[-0.8259507539999618,42.55478691700006],[-0.8260353319999467,42.554863778000026],[-0.8260968939999316,42.554782543000044],[-0.8259507539999618,42.55478691700006]],[[-0.8267700789999708,42.55482881200004],[-0.8268751919999318,42.554754425000056],[-0.8267922989999761,42.554691380000065],[-0.8267700789999708,42.55482881200004]],[[-0.8251789869999584,42.554543532000025],[-0.8255249539999454,42.55461022600008],[-0.8256258339999363,42.554482681000025],[-0.8251789869999584,42.554543532000025]],[[-0.8260728039999776,42.554446133000056],[-0.8262315039999635,42.55446987500005],[-0.8261110309999253,42.55440325700005],[-0.8260728039999776,42.554446133000056]],[[-0.8266882569999439,42.55449901800006],[-0.8269182349999369,42.55432207800004],[-0.8265380619999405,42.55424481400007],[-0.8266882569999439,42.55449901800006]],[[-0.8262589739999271,42.55456975200008],[-0.8264412609999567,42.55449887300006],[-0.8263632519999646,42.55443449100005],[-0.8262589739999271,42.55456975200008]],[[-0.8245856069999604,42.55428149000005],[-0.8247366839999586,42.55429269900003],[-0.8246209949999752,42.55423689200006],[-0.8245856069999604,42.55428149000005]],[[-0.8255963979999592,42.554270881000036],[-0.825804064999943,42.55431646300008],[-0.8258143869999799,42.554257746000076],[-0.8255963979999592,42.554270881000036]],[[-0.8247527209999248,42.55405283400006],[-0.8245340779999424,42.553917874000035],[-0.8244600999999534,42.55398794900003],[-0.8247527209999248,42.55405283400006]],[[-0.8238634799999431,42.553657103000035],[-0.8237586669999359,42.55361293800007],[-0.8237221969999382,42.553660851000075],[-0.8238634799999431,42.553657103000035]],[[-0.8234346339999661,42.553589626000075],[-0.8235705909999638,42.55357219500007],[-0.8233967669999629,42.55345524100005],[-0.8234346339999661,42.553589626000075]],[[-0.7602618029999348,42.52150966100004],[-0.7606553709999275,42.52018545900006],[-0.7593293939999626,42.520696814000075],[-0.7602618029999348,42.52150966100004]],[[-0.8486805899999581,42.51747798800005],[-0.8493322139999577,42.51561281000005],[-0.8463987469999665,42.51516408300006],[-0.8457978269999558,42.516076181000074],[-0.8486805899999581,42.51747798800005]],[[-0.8111436689999323,42.51109914600005],[-0.8135276449999651,42.50933910100008],[-0.8116727729999411,42.50778688400004],[-0.8091016669999362,42.51036818700004],[-0.8111436689999323,42.51109914600005]],[[-0.7845493939999528,42.507335443000045],[-0.7854065019999439,42.506810202000054],[-0.7836089479999373,42.505844772000046],[-0.7821025559999271,42.50675485700003],[-0.7845493939999528,42.507335443000045]]]}},{"type":"Feature","properties":{"ClaseSuelo":"SUELO URBANO","NuclRural":"0","AreaLamber":14.95825363,"Shape_STAr":0.0000163864423528},"geometry":{"type":"MultiPolygon","coordinates":[[[[-0.8106251149999366,42.511119258000065],[-0.8093564829999309,42.50921366100005],[-0.8123537799999667,42.50803863400006],[-0.8135276449999651,42.50933910100008],[-0.8106251149999366,42.511119258000065]]],[[[-0.7842029119999552,42.507298984000045],[-0.7821025559999271,42.50675485700003],[-0.7854390369999464,42.50687373300008],[-0.7842029119999552,42.507298984000045]]],[[[-0.848229746999948,42.51740090000004],[-0.8463987469999665,42.51516408300006],[-0.8493322139999577,42.51561281000005],[-0.848229746999948,42.51740090000004]]],[[[-0.7599602619999359,42.521475172000066],[-0.7593293939999626,42.520696814000075],[-0.7607157169999255,42.52020927400008],[-0.7599602619999359,42.521475172000066]]],[[[-0.8234346339999661,42.553589626000075],[-0.8233967669999629,42.55345524100005],[-0.8235705909999638,42.55357219500007],[-0.8234346339999661,42.553589626000075]]],[[[-0.8237221969999382,42.553660851000075],[-0.8237586669999359,42.55361293800007],[-0.8238634799999431,42.553657103000035],[-0.8237221969999382,42.553660851000075]]],[[[-0.8244600999999534,42.55398794900003],[-0.8245340779999424,42.553917874000035],[-0.8247527209999248,42.55405283400006],[-0.8244600999999534,42.55398794900003]]],[[[-0.8255963979999592,42.554270881000036],[-0.8258143869999799,42.554257746000076],[-0.825804064999943,42.55431646300008],[-0.8255963979999592,42.554270881000036]]],[[[-0.8245856069999604,42.55428149000005],[-0.8246209949999752,42.55423689200006],[-0.8247366839999586,42.55429269900003],[-0.8245856069999604,42.55428149000005]]],[[[-0.8266882569999439,42.55449901800006],[-0.8265380619999405,42.55424481400007],[-0.8269182349999369,42.55432207800004],[-0.8266882569999439,42.55449901800006]]],[[[-0.8260728039999776,42.554446133000056],[-0.8261110309999253,42.55440325700005],[-0.8262315039999635,42.55446987500005],[-0.8260728039999776,42.554446133000056]]],[[[-0.8262589739999271,42.55456975200008],[-0.8263632519999646,42.55443449100005],[-0.8264412609999567,42.55449887300006],[-0.8262589739999271,42.55456975200008]]],[[[-0.8251789869999584,42.554543532000025],[-0.8256258339999363,42.554482681000025],[-0.8255249539999454,42.55461022600008],[-0.8251789869999584,42.554543532000025]]],[[[-0.8267700789999708,42.55482881200004],[-0.8267922989999761,42.554691380000065],[-0.8268751919999318,42.554754425000056],[-0.8267700789999708,42.55482881200004]]],[[[-0.8259507539999618,42.55478691700006],[-0.8260968939999316,42.554782543000044],[-0.8260353319999467,42.554863778000026],[-0.8259507539999618,42.55478691700006]]],[[[-0.8257703119999746,42.555036587000075],[-0.8258007609999254,42.55496711600006],[-0.8260906119999731,42.555084125000064],[-0.8257703119999746,42.555036587000075]]],[[[-0.826190267999948,42.55599159800005],[-0.826434064999944,42.55481753400005],[-0.8283932509999659,42.55603195800006],[-0.826190267999948,42.55599159800005]]],[[[-0.8269962079999686,42.55643487300006],[-0.8270742269999687,42.556392274000075],[-0.8271621119999395,42.55648329100006],[-0.8269962079999686,42.55643487300006]]]]}},{"type":"Feature","properties":{"ClaseSuelo":"SUELO URBANO NO CONSOLIDADO","NuclRural":"0","AreaLamber":0.81472386,"Shape_STAr":8.92520224977e-7},"geometry":{"type":"MultiPolygon","coordinates":[[[[-0.8465616579999278,42.51641744300008],[-0.8463326919999759,42.51541163300004],[-0.8473262109999382,42.516334810000046],[-0.8465616579999278,42.51641744300008]]],[[[-0.8474832219999371,42.51560446900004],[-0.8471491669999409,42.515295415000026],[-0.8484232709999446,42.51559574100003],[-0.8474832219999371,42.51560446900004]]]]}},{"type":"Feature","properties":{"ClaseSuelo":"SUELO NO URBANIZABLE","NuclRural":"0","AreaLamber":16496.9335091,"Shape_STAr":0.0178197439309},"geometry":{"type":"Polygon","coordinates":[[[-0.10915168399992581,41.71457817300006],[-0.10453027699998074,41.69598176100004],[-0.1018260149999719,41.67620879200007],[-0.09861243199992487,41.66886889400007],[-0.09344015399994987,41.66503666500006],[-0.10945259199996826,41.65450780300006],[-0.12426273799997034,41.64146987500004],[-0.13742807999994966,41.62504781900003],[-0.14842758699995784,41.60070815800003],[-0.15644606099994007,41.58997371300006],[-0.18212617099993622,41.598054527000045],[-0.20573626799995282,41.60226078200003],[-0.2278063119999274,41.58646756300004],[-0.23595045099995104,41.577216400000054],[-0.23678931199992803,41.57385931500005],[-0.24391027899997653,41.572805523000056],[-0.26318013399992424,41.58849565400004],[-0.2739365609999709,41.59058871800005],[-0.27919608599995627,41.59503635800007],[-0.2834654659999387,41.59536258800006],[-0.2863017659999514,41.59839264900006],[-0.2884818479999467,41.59819196400008],[-0.30230597999997144,41.60791994400006],[-0.3059517929999629,41.61373341700005],[-0.305271007999977,41.61624818300004],[-0.308438945999967,41.61971778700007],[-0.3070203419999302,41.62092735700003],[-0.3125894829999538,41.62410191200007],[-0.3271663469999453,41.624261999000055],[-0.3362141529999576,41.63014611800003],[-0.32935763099993665,41.64298269000005],[-0.32984517099993127,41.64832563400006],[-0.3281824259999553,41.65252882100003],[-0.31471110899997257,41.67529713600004],[-0.3081080079999765,41.68960616600003],[-0.3044637429999284,41.68710706500008],[-0.2974648349999711,41.68783412500005],[-0.2893059859999312,41.686425960000065],[-0.2564592679999578,41.665220128000044],[-0.256751387999941,41.66286752800005],[-0.2530828389999442,41.66045627200003],[-0.24588114499994163,41.660643976000074],[-0.23848549299992783,41.656098436000036],[-0.23452209999993556,41.656111130000056],[-0.22897019599997748,41.652843192000034],[-0.22835974299994177,41.65055893600004],[-0.2227301429999784,41.650792168000066],[-0.22136112499993033,41.65330774900008],[-0.21945303999996213,41.65355876500007],[-0.21125886699996954,41.65116257100004],[-0.20828907599997137,41.654863920000025],[-0.20281881399995427,41.65279451400005],[-0.20150669799994603,41.65508607900006],[-0.1977085129999523,41.65655149200006],[-0.19388289299996586,41.65394538700008],[-0.1835210239999583,41.65198957900003],[-0.1799803939999265,41.65580226700007],[-0.17843071999993754,41.66021311700007],[-0.17998629099997743,41.66336739800005],[-0.17972528199993576,41.674014991000035],[-0.18312301399993203,41.67707937400007],[-0.18175529499995946,41.692166730000054],[-0.1719138079999425,41.707531895000045],[-0.15699135599993497,41.71316122500008],[-0.15114968699992914,41.71316948900005],[-0.13365273999994542,41.71769617100006],[-0.12213727099992866,41.724162396000054],[-0.09586467099995843,41.746429384000066],[-0.09406098699997756,41.745095916000025],[-0.10223237599996082,41.732397269000046],[-0.10915168399992581,41.71457817300006]],[[-0.23840976899992938,41.62114235100006],[-0.24230866899995362,41.620146598000076],[-0.24379893299993682,41.617457338000065],[-0.2385196009999504,41.61446536600005],[-0.23322088799994845,41.61443220100006],[-0.2376798039999244,41.61646392700004],[-0.23695888899993633,41.61826518200007],[-0.2332109379999565,41.61858385100004],[-0.23840976899992938,41.62114235100006]],[[-0.22629223799992815,41.61624866500006],[-0.23118983399996296,41.615062944000044],[-0.22503741899993202,41.61423391300008],[-0.22629223799992815,41.61624866500006]]]}},{"type":"Feature","properties":{"ClaseSuelo":"SUELO URBANO","NuclRural":"0","AreaLamber":40.35317472,"Shape_STAr":0.0000435712367945},"geometry":{"type":"MultiPolygon","coordinates":[[[[-0.23840976899992938,41.62114235100006],[-0.2332109379999565,41.61858385100004],[-0.23695888899993633,41.61826518200007],[-0.2376798039999244,41.61646392700004],[-0.23322088799994845,41.61443220100006],[-0.2385196009999504,41.61446536600005],[-0.24379893299993682,41.617457338000065],[-0.24230866899995362,41.620146598000076],[-0.23840976899992938,41.62114235100006]]],[[[-0.22743549099993743,41.615978890000065],[-0.22601945699994985,41.61429302400006],[-0.23118983399996296,41.615062944000044],[-0.22743549099993743,41.615978890000065]]]]}},{"type":"Feature","properties":{"ClaseSuelo":"SUELO URBANO NO CONSOLIDADO","NuclRural":"0","AreaLamber":4.58088678,"Shape_STAr":0.0000049459534904},"geometry":{"type":"MultiPolygon","coordinates":[[[[-0.22561180499997135,41.61558886000006],[-0.22503741899993202,41.61423391300008],[-0.22771220499993206,41.61530145300003],[-0.22561180499997135,41.61558886000006]]],[[[-0.23414352399993277,41.61469868300003],[-0.23466344599995637,41.61420101600004],[-0.2369518519999474,41.61441931100006],[-0.23414352399993277,41.61469868300003]]]]}},{"type":"Feature","properties":{"ClaseSuelo":"SUELO NO URBANIZABLE","NuclRural":"0","AreaLamber":11476.2103047,"Shape_STAr":0.0124567704273},"geometry":{"type":"MultiPolygon","coordinates":[[[[0.34447695800002975,42.05870776200004],[0.3450587410000594,42.05759218900005],[0.38043193700002575,42.06201131600005],[0.3832514110000602,42.06094658400008],[0.3875970190000544,42.06449219000007],[0.39410974200006876,42.065154961000076],[0.4020818840000402,42.062370162000036],[0.40701531600007,42.066942158000074],[0.4098368840000717,42.06637195500008],[0.41271399300006806,42.063233636000064],[0.4139979030000518,42.05878299800003],[0.422783407000054,42.05205540600008],[0.428795482000055,42.04321296300003],[0.43091448500007346,42.03410860900004],[0.4355373340000597,42.02575763900006],[0.4444262630000253,42.019277431000035],[0.44891358000006676,42.01159635500005],[0.4504836290000753,42.011603130000026],[0.4429588430000422,42.003508873000044],[0.43973542400004817,42.00261509500007],[0.4226531680000676,41.984405149000054],[0.42550487700003714,41.978394664000064],[0.4283752830000367,41.97656189500003],[0.42710129100004224,41.97418664000003],[0.4287483690000613,41.97227335700006],[0.4271781450000276,41.97067242700007],[0.4295745020000368,41.96923197600006],[0.4269206650000683,41.96812270000004],[0.4312636170000701,41.96608372500003],[0.43253716200007375,41.96261468100005],[0.4414335530000244,41.95463070400007],[0.4381982820000303,41.951900214000034],[0.43105337700006885,41.939029952000055],[0.4239391830000727,41.938837411000065],[0.41981212400003187,41.93518747300004],[0.41500346200007243,41.93502462600003],[0.41125784200005455,41.93240762000005],[0.40317154300004177,41.932062563000045],[0.3965336520000733,41.92924269900004],[0.3919621830000324,41.931269117000056],[0.3817437860000723,41.924123750000035],[0.3711825130000648,41.921868295000024],[0.3641365950000477,41.92522703600008],[0.36579242000004797,41.92759178800003],[0.36154560100004574,41.933515697000075],[0.35774051100003135,41.934545709000076],[0.3622854500000585,41.938410806000036],[0.35706780000003846,41.94033768500003],[0.35360584400007156,41.945157693000056],[0.33313354600005596,41.94857330100007],[0.35023602400002574,41.95358593100008],[0.35335673800005907,41.95742093800004],[0.3483390890000351,41.96434841100006],[0.3512255980000418,41.96991926700008],[0.34991315700006,41.973883829000044],[0.3528005800000642,41.97647393500006],[0.3530927680000673,41.979049829000076],[0.33705547700003535,41.983471020000025],[0.33060271800002283,41.987485838000055],[0.33458555100003196,41.99879746700003],[0.3348189050000201,42.00672412200004],[0.3378320380000446,42.01169725500006],[0.34405682000004845,42.01527094000005],[0.34861769600001935,42.023017183000036],[0.34893827100006547,42.028888092000045],[0.34791406000005054,42.03077304300007],[0.3281676380000249,42.031267005000075],[0.3170339410000338,42.03410215100007],[0.3222440680000318,42.04691845900004],[0.31661033500006397,42.05519511800003],[0.31380947700006345,42.06359670100005],[0.31545797100005757,42.06554812400003],[0.32580794500006505,42.06888628300004],[0.33838235400003214,42.06898898000003],[0.3432866140000215,42.06779247400004],[0.3452043820000199,42.06289185300005],[0.34447695800002975,42.05870776200004]],[[0.3725357490000647,42.02196133000007],[0.37164232000003494,42.020850444000075],[0.3757341180000253,42.019783818000064],[0.3725357490000647,42.02196133000007]],[[0.41561020900002177,42.006916243000035],[0.41305013300006976,42.00602392600007],[0.41821496300002536,42.00680518900003],[0.41561020900002177,42.006916243000035]],[[0.3875898830000324,41.994701457000076],[0.38604666400004817,41.994332033000035],[0.3865022190000218,41.99292595700007],[0.383025185000065,41.99339944900004],[0.3851303900000289,41.98879364900006],[0.38664729200002057,41.98946175300006],[0.38654586200004815,41.99206336000003],[0.3901848830000745,41.99128748900006],[0.38790648100007274,41.99233527200005],[0.3903491010000266,41.993610826000065],[0.3875004220000733,41.99645802900005],[0.3875898830000324,41.994701457000076]],[[0.4071920120000527,41.957575002000056],[0.40606029900004614,41.95637683900003],[0.4078855720000547,41.95697567000008],[0.4071920120000527,41.957575002000056]]],[[[0.3874431780000691,41.99276951100006],[0.38805020300003434,41.992785318000074],[0.3865944060000288,41.99211964700004],[0.3874431780000691,41.99276951100006]]],[[[0.3875864550000756,41.99315993400006],[0.38732705300003545,41.99311363400005],[0.38768422800006874,41.99400469400007],[0.3875864550000756,41.99315993400006]]]]}},{"type":"Feature","properties":{"ClaseSuelo":"SUELO URBANO","NuclRural":"0","AreaLamber":19.53230478,"Shape_STAr":0.0000212002304857},"geometry":{"type":"MultiPolygon","coordinates":[[[[0.38796698000004426,41.99504659300004],[0.3903491010000266,41.993610826000065],[0.38790648100007274,41.99233527200005],[0.3901848830000745,41.99128748900006],[0.38654586200004815,41.99206336000003],[0.38664729200002057,41.98946175300006],[0.3851303900000289,41.98879364900006],[0.383025185000065,41.99339944900004],[0.3865022190000218,41.99292595700007],[0.3875004220000733,41.99645802900005],[0.38796698000004426,41.99504659300004]],[[0.38768422800006874,41.99400469400007],[0.38857262500005163,41.993086111000025],[0.3876683280000748,41.99501771600006],[0.38768422800006874,41.99400469400007]],[[0.38752524000005906,41.99303706400008],[0.3865944060000288,41.99211964700004],[0.3877060400000687,41.992359426000064],[0.38752524000005906,41.99303706400008]],[[0.38449915900002907,41.98988114600007],[0.3851890600000729,41.99080595100003],[0.3847323160000542,41.991852675000075],[0.38449915900002907,41.98988114600007]],[[0.385117894000075,41.99018674100006],[0.3851813490000495,41.98894473200005],[0.38614859100005106,41.990139835000036],[0.385117894000075,41.99018674100006]]],[[[0.4069739000000254,41.95736588500006],[0.4078855720000547,41.95697567000008],[0.40606029900004614,41.95637683900003],[0.4069739000000254,41.95736588500006]]],[[[0.4163315670000429,42.007147762000045],[0.41821496300002536,42.00680518900003],[0.4137514140000462,42.00667283400003],[0.4163315670000429,42.007147762000045]]],[[[0.3725828530000399,42.02226728800008],[0.3757341180000253,42.019783818000064],[0.3720106700000656,42.02080118900005],[0.3725828530000399,42.02226728800008]]]]}},{"type":"Feature","properties":{"ClaseSuelo":"SUELO URBANO NO CONSOLIDADO","NuclRural":"0","AreaLamber":5.54742125,"Shape_STAr":0.00000602090871842},"geometry":{"type":"MultiPolygon","coordinates":[[[[0.38614402500002143,41.99002419900006],[0.3851813490000495,41.98894473200005],[0.3846377640000469,41.989714872000036],[0.38614402500002143,41.99002419900006]]],[[[0.4071920120000527,41.957575002000056],[0.407693355000049,41.95719045200008],[0.406806002000053,41.95719523400004],[0.4071920120000527,41.957575002000056]]],[[[0.38511250300007305,41.99115105200008],[0.384613603000048,41.98978039900004],[0.3847323160000542,41.991852675000075],[0.38511250300007305,41.99115105200008]]],[[[0.38367878600007543,41.99275298500004],[0.38284048000002713,41.992902066000056],[0.38331373900007293,41.993129803000045],[0.38367878600007543,41.99275298500004]]],[[[0.3881686780000564,41.994765949000055],[0.3883279360000529,41.99298910700003],[0.3875790310000298,41.99318811100005],[0.3881686780000564,41.994765949000055]]],[[[0.4156730230000676,42.00650228600006],[0.4164431730000615,42.00620761500005],[0.41305013300006976,42.00602392600007],[0.4156730230000676,42.00650228600006]]],[[[0.4164781060000564,42.00716157800008],[0.41573619100006454,42.006887834000054],[0.41517357300006097,42.00740474000003],[0.4164781060000564,42.00716157800008]]],[[[0.3720557130000657,42.02129792200003],[0.3726244790000237,42.020654396000054],[0.37164232000003494,42.020850444000075],[0.3720557130000657,42.02129792200003]]]]}},{"type":"Feature","properties":{"ClaseSuelo":"SUELO NO URBANIZABLE","NuclRural":"0","AreaLamber":4731.59287466,"Shape_STAr":0.00515224034642},"geometry":{"type":"Polygon","coordinates":[[[0.23385007200005248,42.24338494400007],[0.24412442100003773,42.24168061700004],[0.24704344400004175,42.238581268000075],[0.2599221710000279,42.23970121600007],[0.2716128330000629,42.23096637500004],[0.28361062800001946,42.22564342900006],[0.29612640400006285,42.20332139300007],[0.29590608500006965,42.19513341800007],[0.29435500300002104,42.19325101900006],[0.29553772500003106,42.187354894000066],[0.28223898400005965,42.17793046600008],[0.2836619860000269,42.166840799000056],[0.28022607500003005,42.16359843600003],[0.28143293500005484,42.15698135100007],[0.26599635500002705,42.14299660800003],[0.24428332000002229,42.15518467900006],[0.23645203000006632,42.15255157800004],[0.23363712600007602,42.16475165300005],[0.2287363380000329,42.17048187800003],[0.22889991300002066,42.18153526200007],[0.22473390000004656,42.187460713000064],[0.22599948300006645,42.19305312600005],[0.22377484200006847,42.19669068500008],[0.22750902100005987,42.204140608000046],[0.22344874700002038,42.21550199700005],[0.2304636780000351,42.22738884700004],[0.22387214200006156,42.24497193800005],[0.2246735740000645,42.246903435000036],[0.22744287100005067,42.24464626400004],[0.23385007200005248,42.24338494400007]],[[0.26781000000005406,42.18281384800008],[0.26473939500004917,42.17977546600008],[0.2693191190000448,42.181112116000065],[0.26781000000005406,42.18281384800008]],[[0.2668257580000386,42.17923343000007],[0.26567670300005375,42.177578580000045],[0.26831867700002476,42.178684160000046],[0.2668257580000386,42.17923343000007]],[[0.26530791900006534,42.17816723200008],[0.2651963720000481,42.178586780000046],[0.26509231700003966,42.17812550700006],[0.26530791900006534,42.17816723200008]],[[0.23474491700005728,42.17080103400008],[0.23375615200006905,42.170069229000035],[0.23759140200002093,42.169318461000046],[0.23474491700005728,42.17080103400008]],[[0.2332563000000505,42.16978271900007],[0.23299926400005688,42.16999296600005],[0.23317334100005382,42.16978887200003],[0.2332563000000505,42.16978271900007]],[[0.23167248600003632,42.170796953000036],[0.23141481500005057,42.17078273200008],[0.23166285700006028,42.17074958200004],[0.23167248600003632,42.170796953000036]],[[0.23140289400004121,42.17082922900005],[0.2311632950000444,42.170841506000045],[0.23140001500001972,42.17079591300006],[0.23140289400004121,42.17082922900005]],[[0.23264081400003533,42.16868079100004],[0.2327095030000237,42.16870887300007],[0.23264719900004138,42.16873064400005],[0.23264081400003533,42.16868079100004]],[[0.23222242800005688,42.16861360900003],[0.23197634100006326,42.168401232000065],[0.23219197200006647,42.16827995500006],[0.23222242800005688,42.16861360900003]],[[0.26643701000006104,42.15821326200006],[0.26569684000003235,42.15681699700008],[0.26842119100007267,42.15639386400005],[0.26643701000006104,42.15821326200006]]]}},{"type":"Feature","properties":{"ClaseSuelo":"SUELO URBANIZABLE NO DELIMITADO O SECTORIZADO","NuclRural":"0","AreaLamber":4.38640531,"Shape_STAr":0.00000477459876371},"geometry":{"type":"MultiPolygon","coordinates":[[[[0.26673281400002224,42.15719176400006],[0.2684540190000462,42.15643438400008],[0.26562506400006214,42.157021292000024],[0.26673281400002224,42.15719176400006]]],[[[0.26583186700003125,42.177621499000054],[0.265786500000047,42.179152180000074],[0.2668257580000386,42.17923343000007],[0.26583186700003125,42.177621499000054]]],[[[0.26483324800005903,42.17986607600005],[0.26487256000007164,42.18093339400008],[0.2654263920000517,42.18047586400007],[0.26483324800005903,42.17986607600005]]],[[[0.26808713200006196,42.18247095900006],[0.2693191190000448,42.181112116000065],[0.26789527000005364,42.18079215200004],[0.26808713200006196,42.18247095900006]]]]}},{"type":"Feature","properties":{"ClaseSuelo":"SUELO URBANO","NuclRural":"0","AreaLamber":9.67472157,"Shape_STAr":0.0000105309850931},"geometry":{"type":"MultiPolygon","coordinates":[[[[0.26760782800005245,42.18259636400006],[0.2685195550000685,42.18116542100006],[0.2650139610000224,42.17999322900005],[0.26760782800005245,42.18259636400006]]],[[[0.267041602000063,42.15811406900008],[0.26797580300006985,42.15707818000004],[0.2653671160000499,42.15718589100004],[0.267041602000063,42.15811406900008]]],[[[0.23222242800005688,42.16861360900003],[0.23219197200006647,42.16827995500006],[0.23197634100006326,42.168401232000065],[0.23222242800005688,42.16861360900003]]],[[[0.2326963890000684,42.16867779300003],[0.23262735500003373,42.168718338000076],[0.23270063600006097,42.16872341900006],[0.2326963890000684,42.16867779300003]]],[[[0.2332563000000505,42.16978271900007],[0.23317334100005382,42.16978887200003],[0.23299926400005688,42.16999296600005],[0.2332563000000505,42.16978271900007]]],[[[0.23167248600003632,42.170796953000036],[0.23166285700006028,42.17074958200004],[0.23141481500005057,42.17078273200008],[0.23167248600003632,42.170796953000036]]],[[[0.23140289400004121,42.17082922900005],[0.23140001500001972,42.17079591300006],[0.2311632950000444,42.170841506000045],[0.23140289400004121,42.17082922900005]]],[[[0.23474491700005728,42.17080103400008],[0.23759140200002093,42.169318461000046],[0.23375615200006905,42.170069229000035],[0.23474491700005728,42.17080103400008]]],[[[0.26574315300007356,42.17767289400007],[0.26534148500002175,42.17831268800006],[0.26588455600006,42.178366280000034],[0.26574315300007356,42.17767289400007]]],[[[0.26530791900006534,42.17816723200008],[0.26509231700003966,42.17812550700006],[0.2651963720000481,42.178586780000046],[0.26530791900006534,42.17816723200008]]],[[[0.2680334700000344,42.17923073700007],[0.26656843900002514,42.177833329000066],[0.2668323180000698,42.17924370800006],[0.2680334700000344,42.17923073700007]]]]}},{"type":"Feature","properties":{"ClaseSuelo":"SUELO URBANO NO CONSOLIDADO","NuclRural":"0","AreaLamber":1.09712053,"Shape_STAr":0.00000119431701225},"geometry":{"type":"MultiPolygon","coordinates":[[[[0.2658608940000704,42.18165640500007],[0.2653595350000728,42.18048760800008],[0.2649857120000547,42.18121696400004],[0.2658608940000704,42.18165640500007]]],[[[0.26795905200003745,42.157747682000036],[0.2679834150000602,42.157151346000035],[0.2674181670000735,42.15751150500006],[0.26795905200003745,42.157747682000036]]],[[[0.2652454130000592,42.17997974700006],[0.2655694920000542,42.18058003300007],[0.2658119430000738,42.180565743000045],[0.2652454130000592,42.17997974700006]]],[[[0.26723556800004644,42.18275258800003],[0.2675787660000424,42.182636512000045],[0.26691333100006887,42.18199289300003],[0.26723556800004644,42.18275258800003]]]]}},{"type":"Feature","properties":{"ClaseSuelo":"SISTEMAS GENERALES","NuclRural":"0","AreaLamber":0.64337595,"Shape_STAr":6.95564382e-7},"geometry":{"type":"MultiPolygon","coordinates":[[[[0.15399887200004514,41.726350480000065],[0.1525530790000289,41.72644381300006],[0.15475546800007578,41.72689438900005],[0.15399887200004514,41.726350480000065]]],[[[0.14960290800001985,41.72469250800003],[0.14910675400005857,41.72512284000004],[0.1496885900000393,41.72552234500006],[0.14960290800001985,41.72469250800003]]]]}},{"type":"Feature","properties":{"ClaseSuelo":"SUELO URBANIZABLE NO DELIMITADO O SECTORIZADO","NuclRural":"0","AreaLamber":16.246727,"Shape_STAr":0.0000178146800684},"geometry":{"type":"MultiPolygon","coordinates":[[[[-0.7829872479999267,42.55966564400006],[-0.7846270279999317,42.55788435000005],[-0.7870717879999347,42.559118666000074],[-0.784429907999936,42.56195414900003],[-0.7829872479999267,42.55966564400006]]],[[[-0.7329775029999723,42.58913769600008],[-0.7305827789999739,42.58782228100006],[-0.7335139659999754,42.586302096000054],[-0.7315657139999416,42.58759589300007],[-0.7338028909999252,42.58841336900008],[-0.7329775029999723,42.58913769600008]]],[[[-0.7863829389999637,42.597117221000076],[-0.7829931699999406,42.597022147000075],[-0.7821841289999725,42.595354615000076],[-0.7863829389999637,42.597117221000076]]]]}},{"type":"Feature","properties":{"ClaseSuelo":"SUELO URBANO","NuclRural":"0","AreaLamber":17.76267329,"Shape_STAr":0.0000194761281305},"geometry":{"type":"MultiPolygon","coordinates":[[[[-0.7854875249999509,42.56153362400005],[-0.7875924949999558,42.56026727900007],[-0.7857035469999687,42.55859325400007],[-0.7864719679999439,42.55619664500006],[-0.7891490289999297,42.559911628000066],[-0.7854875249999509,42.56153362400005]]],[[[-0.7908870169999318,42.56218602200005],[-0.7901368799999773,42.56084682000005],[-0.7902131149999718,42.561898030000066],[-0.791649333999942,42.56187387500006],[-0.7908870169999318,42.56218602200005]]],[[[-0.7345332229999713,42.58909527800006],[-0.7315657139999416,42.58759589300007],[-0.7347155939999652,42.586583175000044],[-0.7345332229999713,42.58909527800006]]],[[[-0.7836363329999472,42.59811197000005],[-0.7838888439999323,42.59628559300006],[-0.7876449189999448,42.59744666800003],[-0.7836363329999472,42.59811197000005]]]]}},{"type":"Feature","properties":{"ClaseSuelo":"SUELO URBANO NO CONSOLIDADO","NuclRural":"0","AreaLamber":3.09897209,"Shape_STAr":0.00000339726114555},"geometry":{"type":"MultiPolygon","coordinates":[[[[-0.7881723379999244,42.56042327600005],[-0.7894614859999365,42.559942669000066],[-0.7898272519999523,42.56172414900004],[-0.7881723379999244,42.56042327600005]]],[[[-0.7846270279999317,42.55788435000005],[-0.7854449929999419,42.55697563600006],[-0.7861549849999392,42.557875945000035],[-0.7846270279999317,42.55788435000005]]],[[[-0.783075953999969,42.59764970400005],[-0.7830151269999419,42.59708967600005],[-0.7836266799999407,42.597346852000044],[-0.783075953999969,42.59764970400005]]]]}},{"type":"Feature","properties":{"ClaseSuelo":"SUELO NO URBANIZABLE","NuclRural":"0","AreaLamber":14374.5333331,"Shape_STAr":0.0155816216743},"geometry":{"type":"MultiPolygon","coordinates":[[[[0.13530090100005054,41.949776470000074],[0.15850590800005193,41.93575195200003],[0.16396274300007008,41.92895628300005],[0.16771303400003035,41.92722303000005],[0.1657475560000421,41.935370997000064],[0.1617864360000567,41.936756770000045],[0.1680522350000615,41.93565672200003],[0.16834596200004626,41.94109677700004],[0.1707870990000515,41.94556797000007],[0.1832253730000275,41.95577752500003],[0.18713181200007512,41.95074730400006],[0.18479336400002921,41.95171212300005],[0.1805071300000236,41.948828837000065],[0.18039585200006059,41.94575927300008],[0.1831379480000237,41.94215689400005],[0.19761124600006497,41.93957352500007],[0.19918798300005847,41.93987838400005],[0.19028272300005256,41.94768985800005],[0.2026794740000355,41.94546916200005],[0.19019256800004314,41.94769474800006],[0.18859368300002188,41.94946581900007],[0.19789959000002,41.947663212000066],[0.19949864000005846,41.94972581600007],[0.20229979100002993,41.949053294000066],[0.20312771800007567,41.95137153200005],[0.2090314190000413,41.949783651000075],[0.21508761200004756,41.95022029200004],[0.21271852300003502,41.95039759300005],[0.21948808400003372,41.95448329800007],[0.22237022100006243,41.952286042000026],[0.2194882030000258,41.95448567700004],[0.21591515500006153,41.95263284400005],[0.220909635000055,41.95544808500006],[0.22215712100006613,41.95315275100006],[0.22403751800004557,41.95336105300004],[0.21532108700006347,41.942925614000046],[0.22011129000003393,41.93864881600007],[0.22935880800002906,41.935002818000044],[0.22625844900005632,41.92875904400006],[0.24236149900002601,41.92266800900006],[0.24299400300003526,41.92029078500008],[0.24022622600006116,41.918086464000055],[0.23426329300002635,41.91625104800005],[0.24560009100002844,41.920541151000066],[0.255138167000041,41.91570287800005],[0.26476784500005124,41.92035736300005],[0.26252516600004583,41.91633285100005],[0.27866109500007497,41.91006424100004],[0.2743855350000217,41.89694866600007],[0.28590066200007413,41.887172914000075],[0.2810570210000378,41.877999388000035],[0.28721038800006227,41.87183549500003],[0.292970591000028,41.86131368000008],[0.28880954200002407,41.85815573100007],[0.28208436500005973,41.85855552000004],[0.2778663830000596,41.86087343200006],[0.27160434900002883,41.86822943900006],[0.26114683400004424,41.87177818400005],[0.253736143000026,41.86725190100003],[0.25124950000002855,41.86169412500004],[0.23339990700003455,41.864386969000066],[0.2287916370000289,41.859239685000034],[0.21519984200006093,41.85267840500006],[0.21140024800007495,41.847759901000074],[0.21296822900006873,41.84299720700005],[0.21076106600003186,41.832585839000046],[0.2075732050000738,41.83433198800003],[0.20010975100007045,41.83413518700007],[0.18596613100004333,41.83908554000004],[0.18549754500003246,41.84225941200003],[0.17646567800005641,41.84834531300004],[0.1780679220000252,41.86001685600007],[0.17308709600007433,41.86136144500006],[0.16828564500002585,41.866321421000066],[0.16133198600005016,41.86873476200003],[0.1594771260000698,41.86605727300008],[0.14286173700003246,41.86699996800007],[0.1378118460000337,41.86991261600008],[0.12192608700001983,41.87102064000004],[0.09492180600005895,41.87767788600007],[0.09144551700006787,41.885543236000046],[0.07477649600002678,41.881983879000074],[0.07003944500002035,41.876176204000046],[0.053219865000073696,41.87418463700004],[0.04783755700003667,41.87045566200004],[0.05070704500002421,41.86594887000007],[0.04716081500004066,41.86129688200003],[0.03152204600002051,41.85743368100003],[0.027325196000049345,41.86039018500003],[0.02586736600005679,41.86778609100003],[0.03278043300002764,41.88417646400006],[0.043809266000039315,41.88432262600003],[0.04832484800004977,41.88627398300008],[0.06109241300003987,41.907051566000064],[0.07078033800002004,41.91248399800003],[0.08638207400002784,41.90600469000003],[0.08960534600004166,41.91983115000005],[0.08317128400005913,41.93068460100005],[0.07759905100004971,41.933427764000044],[0.08514237400004276,41.953036818000044],[0.0917979210000226,41.94847198200006],[0.09968457000002218,41.94692631500004],[0.102047725000034,41.949636087000044],[0.10796457000003556,41.94603587000006],[0.1125190650000718,41.94840683100006],[0.11443640700002788,41.958539751000046],[0.13530090100005054,41.949776470000074]],[[0.16382065300007298,41.868292232000044],[0.16463755500006982,41.86790526200008],[0.16529956300007598,41.867913025000064],[0.16382065300007298,41.868292232000044]],[[0.22704843000002484,41.91424075900005],[0.21463514100003067,41.91158162200003],[0.2084448870000415,41.91291834300006],[0.2044815980000294,41.91107935100007],[0.2084447680000494,41.912915964000035],[0.2146350220000386,41.91157924300006],[0.2340355790000217,41.915521160000026],[0.22704843000002484,41.91424075900005]],[[0.18347216600005822,41.95120555900007],[0.18429160300001968,41.95252650700007],[0.1829783130000351,41.951792897000075],[0.18347216600005822,41.95120555900007]],[[0.11823276900003066,41.926810326000066],[0.11740453500004833,41.928269527000054],[0.1164707500000759,41.92793517600006],[0.11823276900003066,41.926810326000066]],[[0.14660513400002628,41.90618747600007],[0.15065260000005765,41.90670812900004],[0.1471014370000603,41.908929776000036],[0.14660513400002628,41.90618747600007]],[[0.11850785100006078,41.92760642800005],[0.12234570700002223,41.92904252000005],[0.1174103950000358,41.931364117000044],[0.11850785100006078,41.92760642800005]],[[0.14128018200005954,41.88447870700003],[0.14417804200002138,41.88179084500007],[0.14503090600004498,41.88437116400007],[0.14290896400007114,41.88609241900008],[0.14338803000003963,41.88753749400007],[0.1422563640000476,41.88786871800005],[0.14128018200005954,41.88447870700003]],[[0.16187857400007033,41.90763629500003],[0.16452595000004067,41.90822947400005],[0.1633245440000337,41.91054840900006],[0.1512052960000574,41.90648351300007],[0.16048721200002092,41.90774255300005],[0.16012306800007536,41.90530079000007],[0.16244044000006852,41.90477354300003],[0.16326608500003204,41.906883391000065],[0.16187857400007033,41.90763629500003]],[[0.1499166840000612,41.93052931200003],[0.14851278600002615,41.93001174900007],[0.14855994900005953,41.921735984000065],[0.14575214200004893,41.922539423000046],[0.14589923300002283,41.917564595000044],[0.14927957100002232,41.91712456700003],[0.1505741530000364,41.91494588100005],[0.1538326050000478,41.91627368800005],[0.15671153400006688,41.92275668700006],[0.15450932300007025,41.91617883400005],[0.15080362000003333,41.91457957400007],[0.15172137400003294,41.913097039000036],[0.15061166400005277,41.914450395000074],[0.14923013900005344,41.90893835500003],[0.1510749220000207,41.90682172900006],[0.1625374550000629,41.91108636700005],[0.15729944800006024,41.92165087500007],[0.1623344170000678,41.91750601100006],[0.16431319300005498,41.91269007600005],[0.1671221520000472,41.918915052000045],[0.1637654840000664,41.920509501000026],[0.16877557100002605,41.92150295300007],[0.16544156100002283,41.92730145500008],[0.15488515800007008,41.93746794200007],[0.15343124300005684,41.93678124000007],[0.15352489800005742,41.933180855000046],[0.1499166840000612,41.93052931200003]],[[0.18369443600005297,41.91576411200003],[0.18878894100004118,41.91153592500007],[0.1855120820000593,41.911138996000034],[0.18121442500006424,41.91481987000003],[0.18060242500007462,41.90972299200007],[0.18408314100003054,41.90770028800006],[0.1793123510000214,41.90169753400005],[0.18005490100006227,41.89870451100006],[0.1827567820000695,41.90209004900004],[0.18662577200007036,41.89893828500004],[0.188916407000022,41.90112195100005],[0.19121122200004947,41.903843444000074],[0.1899386620000314,41.90747131900008],[0.19183867800006738,41.91021112300007],[0.1965475170000559,41.90625154900005],[0.19595422100002224,41.90098483200006],[0.1986096470000689,41.898682602000065],[0.1974215550000622,41.89611711600003],[0.20498869100003958,41.892587701000025],[0.21221893600005615,41.89782924800005],[0.21255257400002847,41.90257089200003],[0.20743734200004837,41.90614506500003],[0.21302752900004407,41.90507081100003],[0.2055090390000487,41.90680893900003],[0.20254451000005247,41.910668231000045],[0.19921033400004262,41.91075435500005],[0.2039454210000713,41.910835064000025],[0.19978408500003297,41.91328407700007],[0.2033450480000738,41.91149047000005],[0.2072280380000393,41.91465905200005],[0.20036920300003658,41.91511562800008],[0.19363600300005146,41.91787711600006],[0.19572000600004458,41.92000155900007],[0.1943783290000738,41.921198005000065],[0.1955167760000336,41.92566826400008],[0.19043875200003413,41.92908338800004],[0.1748636700000361,41.92947757400003],[0.17240736300004755,41.92622175200006],[0.17297790200007057,41.92389480500003],[0.17775200600004837,41.92109407400005],[0.1772815040000637,41.91867003200008],[0.17978417000006175,41.918557476000046],[0.18081604500002868,41.91539802200003],[0.18369443600005297,41.91576411200003]]],[[[0.16843812800004798,41.86601149000006],[0.16867945200004897,41.86584151000005],[0.16881562100002157,41.86558324900005],[0.16843812800004798,41.86601149000006]]],[[[0.1838314070000706,41.91575487700004],[0.18384415600002058,41.91575428400006],[0.18384625200002347,41.915753349000056],[0.1838314070000706,41.91575487700004]]]]}},{"type":"Feature","properties":{"ClaseSuelo":"SUELO URBANIZABLE DELIMITADO O SECTORIZADO","NuclRural":"0","AreaLamber":191.18109824,"Shape_STAr":0.000207346705673},"geometry":{"type":"MultiPolygon","coordinates":[[[[0.18960066600004666,41.948421014000076],[0.19903176400003986,41.939594906000025],[0.1895902350000256,41.94162817500006],[0.1849624500000573,41.940850504000025],[0.18039585200006059,41.94575927300008],[0.1805071300000236,41.948828837000065],[0.18479336400002921,41.95171212300005],[0.18960066600004666,41.948421014000076]]],[[[0.19003761500005112,41.90438861100006],[0.19010958000006895,41.90297707500008],[0.18539964000007103,41.90477078200007],[0.18748220700007323,41.904082523000056],[0.1894674910000731,41.905972795000025],[0.19003761500005112,41.90438861100006]]],[[[0.1849195650000297,41.90596788500005],[0.1835066550000306,41.90303765800007],[0.18114846200006696,41.90402200600005],[0.18408314100003054,41.90770028800006],[0.1849195650000297,41.90596788500005]]],[[[0.19110687300002382,41.919217192000076],[0.18946796400007315,41.91951299900006],[0.19088448000002245,41.91990972900004],[0.19110687300002382,41.919217192000076]]],[[[0.16196331600002623,41.92170866400005],[0.1671221520000472,41.918915052000045],[0.16431319300005498,41.91269007600005],[0.15958077000004778,41.92091678000003],[0.15729944800006024,41.92165087500007],[0.15560706300004767,41.920355795000035],[0.1575076480000348,41.92573940300008],[0.16196331600002623,41.92170866400005]]],[[[0.1676898960000699,41.92753238800003],[0.16396274300007008,41.92895628300005],[0.1667054320000716,41.929996473000074],[0.1676898960000699,41.92753238800003]]],[[[0.18703033200006303,41.92557626000007],[0.18236206900002117,41.92563643600005],[0.18094012600005271,41.92944025500003],[0.18551030000003266,41.92948010900005],[0.18703033200006303,41.92557626000007]]],[[[0.1639478750000194,41.92857686900004],[0.16664415800005372,41.92581483200007],[0.1634296560000621,41.928419148000046],[0.15770165600002883,41.92762159500006],[0.1592205010000498,41.933871983000074],[0.1639478750000194,41.92857686900004]]],[[[0.18337199300003704,41.95108433400003],[0.1829783130000351,41.951792897000075],[0.18429160300001968,41.95252650700007],[0.18337199300003704,41.95108433400003]]]]}},{"type":"Feature","properties":{"ClaseSuelo":"SUELO URBANIZABLE NO DELIMITADO O SECTORIZADO","NuclRural":"0","AreaLamber":280.45179769,"Shape_STAr":0.000304050935131},"geometry":{"type":"MultiPolygon","coordinates":[[[[0.19873093300003575,41.910851894000075],[0.20254451000005247,41.910668231000045],[0.2055090390000487,41.90680893900003],[0.21021998300005862,41.906280055000025],[0.20743734200004837,41.90614506500003],[0.21276457300007223,41.90202885900004],[0.21221893600005615,41.89782924800005],[0.211534595000046,41.90127804600007],[0.20056397500002277,41.90275474500004],[0.20980843400002414,41.89624634300003],[0.21208993400006193,41.897651825000025],[0.20498869100003958,41.892587701000025],[0.1974215550000622,41.89611711600003],[0.1986096470000689,41.898682602000065],[0.1974998460000279,41.903518235000035],[0.1993603800000301,41.90409505400004],[0.1969392030000563,41.906800565000026],[0.1988864290000265,41.90715131400003],[0.2025374480000437,41.90406477200003],[0.2006381520000673,41.90391150100004],[0.20380619000002298,41.90316603600007],[0.19979834600002278,41.907209257000034],[0.2013140960000328,41.90945431400007],[0.19873093300003575,41.910851894000075]],[[0.20526762800005827,41.89474687500007],[0.20643906700001935,41.894363930000054],[0.2064361030000441,41.89649062700005],[0.20526762800005827,41.89474687500007]]],[[[0.1818775290000758,41.900794104000056],[0.18005490100006227,41.89870451100006],[0.1793123510000214,41.90169753400005],[0.18114846200006696,41.90402200600005],[0.1835066550000306,41.90303765800007],[0.1818775290000758,41.900794104000056]]],[[[0.20355663000003688,41.910747607000076],[0.1992538220000597,41.91094615500003],[0.19975733000006812,41.91316616700004],[0.20355663000003688,41.910747607000076]]],[[[0.18459081300005664,41.91311788300004],[0.18160407000004852,41.91271232400004],[0.18121442500006424,41.91481987000003],[0.18459081300005664,41.91311788300004]]],[[[0.2033555550000301,41.914872039000045],[0.2072280380000393,41.91465905200005],[0.2033450480000738,41.91149047000005],[0.19978408500003297,41.91328407700007],[0.2033555550000301,41.914872039000045]]],[[[0.1563492520000409,41.92000083000005],[0.1580757780000681,41.920029767000074],[0.16110568800002056,41.91593219500004],[0.1625374550000629,41.91108636700005],[0.15412337800006526,41.90778463400005],[0.15524728200006166,41.90967581600006],[0.15313936000006834,41.91324581300006],[0.1563492520000409,41.92000083000005]]],[[[0.1183385680000697,41.92682174000004],[0.1164707500000759,41.92793517600006],[0.11740453500004833,41.928269527000054],[0.1183385680000697,41.92682174000004]]],[[[0.19435709000003953,41.922411037000074],[0.1928725480000253,41.91907291100006],[0.1898755130000609,41.918863335000026],[0.18542985200002704,41.92941323200006],[0.19043875200003413,41.92908338800004],[0.1955167760000336,41.92566826400008],[0.19435709000003953,41.922411037000074]]]]}},{"type":"Feature","properties":{"ClaseSuelo":"SUELO URBANO","NuclRural":"0","AreaLamber":373.34374445,"Shape_STAr":0.000404802414517},"geometry":{"type":"MultiPolygon","coordinates":[[[[0.18828281100002187,41.912699092000025],[0.1838314070000706,41.91575487700004],[0.1847270810000623,41.91714069600005],[0.18159806600004913,41.916658565000034],[0.18202240000005077,41.91786511400005],[0.179760204000047,41.91841363300006],[0.1885886680000226,41.91665035700004],[0.1772815040000637,41.91867003200008],[0.18326349600005187,41.918489091000026],[0.18069494400003805,41.92120307500005],[0.1789549660000489,41.920100200000036],[0.17496785000003,41.92361663200006],[0.1737372290000394,41.923123273000044],[0.1729266130000724,41.92736298400007],[0.17995072500002607,41.92783080500004],[0.18236206900002117,41.92563643600005],[0.18704882000002954,41.92551800600006],[0.19143500800004176,41.91781615700006],[0.1932861790000402,41.92104385700003],[0.19488074000003053,41.92110732900005],[0.19572000600004458,41.92000155900007],[0.19363600300005146,41.91787711600006],[0.20028694300003735,41.915954777000024],[0.19920996800004787,41.910751993000076],[0.1977826980000259,41.91070405100004],[0.19953593100007083,41.90956611400003],[0.19967612500005316,41.90672301800004],[0.20380619000002298,41.90316603600007],[0.2006381520000673,41.90391150100004],[0.20290383500002918,41.904007894000074],[0.19921962900002654,41.907465571000046],[0.19666594800003168,41.90552285700005],[0.19183867800006738,41.91021112300007],[0.19016359900007274,41.90618970000003],[0.18748220700007323,41.904082523000056],[0.18539964000007103,41.90477078200007],[0.19010958000006895,41.90297707500008],[0.18663917400004948,41.898937913000054],[0.18523967700002686,41.899547502000075],[0.18274645600007489,41.90209496800003],[0.18749962100002904,41.90885330500004],[0.18294650400002865,41.908646902000044],[0.18105733400005875,41.91133311100003],[0.18379277300005015,41.912734991000036],[0.18759138800004393,41.91118798200006],[0.1894372990000761,41.912385218000054],[0.18828281100002187,41.912699092000025]],[[0.19382983500003093,41.908934973000044],[0.19376052200004779,41.90905520100006],[0.19402661000003718,41.90867774700007],[0.19382983500003093,41.908934973000044]],[[0.18891329400003087,41.90744543000005],[0.18923200300002918,41.907563303000074],[0.18873428400002012,41.907677110000066],[0.18891329400003087,41.90744543000005]],[[0.19756507500005682,41.91638570600003],[0.19761997000006204,41.91613934700007],[0.1982380420000709,41.916023331000076],[0.19756507500005682,41.91638570600003]],[[0.19746782800007168,41.90911532700005],[0.19700817100004997,41.90837343800007],[0.19738711600007264,41.90829312500006],[0.19746782800007168,41.90911532700005]],[[0.18711282500004245,41.90667733500004],[0.18762259700002915,41.90624016100003],[0.18772846900003515,41.90663901200003],[0.18711282500004245,41.90667733500004]],[[0.19870250900004294,41.914474806000044],[0.19875727200002302,41.91472954300008],[0.19766283800004203,41.91485212400005],[0.19870250900004294,41.914474806000044]],[[0.18928119000003107,41.907888513000046],[0.18975450900006763,41.90756999700005],[0.18997739300004923,41.908117729000026],[0.18928119000003107,41.907888513000046]],[[0.196555250000074,41.90836331400004],[0.19699821900002235,41.90894524700008],[0.19581352900002003,41.90862316700003],[0.196555250000074,41.90836331400004]],[[0.19297002100006466,41.91430405700004],[0.192659380000066,41.913861170000075],[0.19356758200007107,41.91336119600004],[0.19297002100006466,41.91430405700004]],[[0.187350451000043,41.91117733800007],[0.18703487800001994,41.910735128000056],[0.18822668700005352,41.91018287800006],[0.187350451000043,41.91117733800007]]],[[[0.16279070000007323,41.92823388700003],[0.16877557100002605,41.92150295300007],[0.16289944900006503,41.920466126000065],[0.1575076480000348,41.92573940300008],[0.15770165600002883,41.92762159500006],[0.16279070000007323,41.92823388700003]]],[[[0.2055078370000274,41.899060562000045],[0.2056105390000198,41.90038786900004],[0.20056397500002277,41.90275474500004],[0.21178602800006274,41.90115425600004],[0.20989814200004275,41.89923616100003],[0.21136852500006853,41.89774360400003],[0.20980843400002414,41.89624634300003],[0.21071347300005527,41.89803056200003],[0.20574255900004346,41.90033384100008],[0.2055078370000274,41.899060562000045]],[[0.20661733600002208,41.90031181900008],[0.20789922600005184,41.89998656300003],[0.2068699280000601,41.90054721900003],[0.20661733600002208,41.90031181900008]]],[[[0.16348537900006477,41.93614592900008],[0.1657475560000421,41.935370997000064],[0.1667536720000271,41.93033176700004],[0.16411435100002336,41.929004218000046],[0.1651419500000202,41.931497053000044],[0.16302406500005873,41.93470513700004],[0.15990249300006099,41.93497055800003],[0.1617864360000567,41.936756770000045],[0.16348537900006477,41.93614592900008]]],[[[0.143078828000057,41.886470442000075],[0.1423748910000313,41.884557689000076],[0.14503090600004498,41.88437116400007],[0.1440208100000291,41.88171625600006],[0.14100651400002562,41.88501037700007],[0.1422563640000476,41.88786871800005],[0.143078828000057,41.886470442000075]]],[[[0.1471014370000603,41.908929776000036],[0.15065260000005765,41.90670812900004],[0.14682248900004424,41.90561717800006],[0.1471014370000603,41.908929776000036]]],[[[0.11742312600006244,41.93051604300007],[0.12224352300006558,41.92871369800008],[0.11901734400004216,41.92731455900008],[0.11742312600006244,41.93051604300007]]],[[[0.20652274600007559,41.89630148400005],[0.20643906700001935,41.894363930000054],[0.20524309400002494,41.894528226000034],[0.20652274600007559,41.89630148400005]]],[[[0.15959829000001946,41.93423603000008],[0.15850590800005193,41.93575195200003],[0.15981050100003813,41.93507718700005],[0.15959829000001946,41.93423603000008]]],[[[0.16143855500007476,41.932875230000036],[0.16034169200003134,41.93323606700005],[0.16145469300005288,41.933772187000045],[0.16143855500007476,41.932875230000036]]],[[[0.20493528600002264,41.89942753200006],[0.2055078370000274,41.899060562000045],[0.20530936900001961,41.89918086600005],[0.20493528600002264,41.89942753200006]]],[[[0.18827113500003634,41.91269687600004],[0.18828281100002187,41.912699092000025],[0.1883171570000286,41.91268079900004],[0.18827113500003634,41.91269687600004]]]]}},{"type":"Feature","properties":{"ClaseSuelo":"SUELO URBANO NO CONSOLIDADO","NuclRural":"0","AreaLamber":296.65723745,"Shape_STAr":0.000321675476927},"geometry":{"type":"MultiPolygon","coordinates":[[[[0.15711755700004915,41.92353301700007],[0.1538326050000478,41.91627368800005],[0.1505741530000364,41.91494588100005],[0.14927957100002232,41.91712456700003],[0.14589923300002283,41.917564595000044],[0.14575214200004893,41.922539423000046],[0.14855994900005953,41.921735984000065],[0.14851278600002615,41.93001174900007],[0.15352489800005742,41.933180855000046],[0.15343124300005684,41.93678124000007],[0.15488515800007008,41.93746794200007],[0.1592205010000498,41.933871983000074],[0.15711755700004915,41.92353301700007]]],[[[0.14292551500005857,41.886129253000036],[0.14407454900003813,41.88425082900005],[0.1423748910000313,41.884557689000076],[0.14292551500005857,41.886129253000036]]],[[[0.21071347300005527,41.89803056200003],[0.209130989000073,41.89675056500005],[0.2056381110000416,41.89896409600004],[0.20574255900004346,41.90033384100008],[0.21071347300005527,41.89803056200003]]],[[[0.20789922600005184,41.89998656300003],[0.20661733600002208,41.90031181900008],[0.2068699280000601,41.90054721900003],[0.20789922600005184,41.89998656300003]]],[[[0.2110713780000424,41.90080622800008],[0.21212860300005332,41.90079578700005],[0.2113590070000555,41.898324622000075],[0.20989814200004275,41.89923616100003],[0.2110713780000424,41.90080622800008]]],[[[0.20345054000006257,41.90133491600005],[0.2055078370000274,41.899060562000045],[0.20165558200005762,41.90203476500005],[0.20345054000006257,41.90133491600005]]],[[[0.19886429500002123,41.90363975500003],[0.1974998460000279,41.903518235000035],[0.19779261500002576,41.89979947900008],[0.1965348750000544,41.900056421000045],[0.19652410200006898,41.90542486000004],[0.19886429500002123,41.90363975500003]]],[[[0.20137877200005505,41.90556768700003],[0.20290383500002918,41.904007894000074],[0.20099326000007522,41.905591464000054],[0.20137877200005505,41.90556768700003]]],[[[0.18772846900003515,41.90663901200003],[0.18762259700002915,41.90624016100003],[0.186906140000076,41.90642024400006],[0.18772846900003515,41.90663901200003]]],[[[0.2126680990000409,41.904424826000024],[0.20861178500007327,41.90644133600006],[0.21302752900004407,41.90507081100003],[0.2126680990000409,41.904424826000024]]],[[[0.20080712900005437,41.90617850700005],[0.19967612500005316,41.90672301800004],[0.2000094960000638,41.906996277000076],[0.20080712900005437,41.90617850700005]]],[[[0.1902856660000225,41.90315644800006],[0.18963092200004894,41.907458020000036],[0.19107095600003277,41.90531032600006],[0.1902856660000225,41.90315644800006]]],[[[0.18923200300002918,41.907563303000074],[0.18920426200003249,41.90739538100007],[0.1886574890000361,41.907550033000064],[0.18923200300002918,41.907563303000074]]],[[[0.19921962900002654,41.907465571000046],[0.19958380000002762,41.906759968000074],[0.19881805400007124,41.90686406900005],[0.19921962900002654,41.907465571000046]]],[[[0.18919999000002008,41.908232920000046],[0.18997739300004923,41.908117729000026],[0.18975450900006763,41.90756999700005],[0.18919999000002008,41.908232920000046]]],[[[0.186917041000072,41.90897133400006],[0.18729014600006622,41.907792104000066],[0.18402940300006776,41.90506436600003],[0.1849195650000297,41.90596788500005],[0.18295991000002232,41.90864652500005],[0.186917041000072,41.90897133400006]]],[[[0.19411386500001981,41.908787663000055],[0.19379949700004317,41.908839224000076],[0.19376052200004779,41.90905520100006],[0.19411386500001981,41.908787663000055]]],[[[0.19668172200005074,41.908873088000064],[0.19643725500003484,41.908291277000046],[0.19586134500002572,41.90848820800005],[0.19668172200005074,41.908873088000064]]],[[[0.19748058600004015,41.90869588600003],[0.19700817100004997,41.90837343800007],[0.19746782800007168,41.90911532700005],[0.19748058600004015,41.90869588600003]]],[[[0.16455424100007576,41.90841454100007],[0.1619988440000384,41.90814052700006],[0.16326608500003204,41.906883391000065],[0.16244044000006852,41.90477354300003],[0.16012306800007536,41.90530079000007],[0.16048721200002092,41.90774255300005],[0.1512052960000574,41.90648351300007],[0.16317699200004654,41.910596035000026],[0.16455424100007576,41.90841454100007]]],[[[0.18156417500006228,41.90939622600007],[0.18060242500007462,41.90972299200007],[0.18106441000003315,41.91131403700007],[0.18156417500006228,41.90939622600007]]],[[[0.18802976200004196,41.91088051300005],[0.18783802600006538,41.91003611800005],[0.18703487800001994,41.910735128000056],[0.18802976200004196,41.91088051300005]]],[[[0.19831092900005842,41.91063409600008],[0.20171253200004458,41.90881177600005],[0.19964944600002354,41.90790491200005],[0.19831092900005842,41.91063409600008]]],[[[0.1838061780000544,41.91273461900005],[0.1830746280000426,41.911620792000065],[0.18121835900007,41.911905604000026],[0.1838061780000544,41.91273461900005]]],[[[0.1890117730000611,41.91283744000003],[0.18852398000007042,41.91171007000003],[0.18828281100002187,41.912699092000025],[0.1890117730000611,41.91283744000003]]],[[[0.19356758200007107,41.91336119600004],[0.192659380000066,41.913861170000075],[0.19273424400006434,41.91439383300008],[0.19356758200007107,41.91336119600004]]],[[[0.15313936000006834,41.91324581300006],[0.1552420260000531,41.90905170600007],[0.1510749220000207,41.90682172900006],[0.14923013900005344,41.90893835500003],[0.15061166400005277,41.914450395000074],[0.15172137400003294,41.913097039000036],[0.15080362000003333,41.91457957400007],[0.15403553000004422,41.915956566000034],[0.15313936000006834,41.91324581300006]]],[[[0.19875727200002302,41.91472954300008],[0.1976496810000299,41.91458888200003],[0.19766283800004203,41.91485212400005],[0.19875727200002302,41.91472954300008]]],[[[0.2013849990000267,41.915015795000045],[0.19982467100004442,41.91344218100005],[0.20019612300006884,41.915173183000036],[0.2013849990000267,41.915015795000045]]],[[[0.1982995510000478,41.916205536000064],[0.19761997000006204,41.91613934700007],[0.19756507500005682,41.91638570600003],[0.1982995510000478,41.916205536000064]]],[[[0.18159806600004913,41.916658565000034],[0.1847270810000623,41.91714069600005],[0.1841437530000576,41.91572890600003],[0.18081604500002868,41.91539802200003],[0.18019278800005623,41.91794089800004],[0.18202240000005077,41.91786511400005],[0.18159806600004913,41.916658565000034]]],[[[0.182702369000026,41.918384280000055],[0.1885886680000226,41.91665035700004],[0.179760204000047,41.91841363300006],[0.182702369000026,41.918384280000055]]],[[[0.19288183500003697,41.91906559700004],[0.19143500800004176,41.91781615700006],[0.19110687300002382,41.919217192000076],[0.19288183500003697,41.91906559700004]]],[[[0.1813861740000675,41.92010724200003],[0.18326349600005187,41.918489091000026],[0.17781175600003962,41.91940148500004],[0.18043828500003656,41.921174148000034],[0.1813861740000675,41.92010724200003]]],[[[0.11831557300007489,41.92858303000003],[0.11850785100006078,41.92760642800005],[0.11723764200002051,41.928446188000066],[0.11831557300007489,41.92858303000003]]],[[[0.18134413100005986,41.92836244200004],[0.18236206900002117,41.92563643600005],[0.17995072500002607,41.92783080500004],[0.17455460000002176,41.92806877400005],[0.1748636700000361,41.92947757400003],[0.18134413100005986,41.92836244200004]]],[[[0.16031924000003528,41.93489285700008],[0.16302406500005873,41.93470513700004],[0.1648452380000549,41.93029867000007],[0.16351373000003377,41.929697754000074],[0.16145469300005288,41.933772187000045],[0.1595921610000346,41.93407401200005],[0.16031924000003528,41.93489285700008]]]]}},{"type":"Feature","properties":{"ClaseSuelo":"SUELO NO URBANIZABLE","NuclRural":"0","AreaLamber":57884.5149303,"Shape_STAr":0.0633194128748},"geometry":{"type":"MultiPolygon","coordinates":[[[[-0.44939378899994153,42.49073629700007],[-0.44620727999995324,42.495483007000075],[-0.4333022729999243,42.491178165000065],[-0.42699961299996403,42.48672327700007],[-0.4141977239999619,42.48884827900008],[-0.40157328099996903,42.50399723900006],[-0.3991243419999364,42.50934470200008],[-0.42467936699995334,42.51567658100004],[-0.41484343599995555,42.52749473800003],[-0.4125941179999586,42.53243274400006],[-0.4155637479999541,42.533643460000064],[-0.4147363169999494,42.53687562500005],[-0.4175214449999771,42.54256660800007],[-0.41773338599995213,42.54835265100007],[-0.4217764159999433,42.551910699000075],[-0.41923541899996053,42.56243435400006],[-0.4243587709999588,42.56699819900007],[-0.41685871099997485,42.580759973000056],[-0.4208798899999806,42.584893849000025],[-0.42077239999997573,42.58838536400003],[-0.43127147899997453,42.59119680300006],[-0.43777798299993265,42.595989168000074],[-0.4444597129999579,42.59801150800007],[-0.44974039099997754,42.60540524000004],[-0.44243044199993165,42.61394095900005],[-0.4333595059999311,42.617511044000025],[-0.4312327979999395,42.622974346000035],[-0.43762392799993677,42.63154613100005],[-0.43562965799992526,42.635562668000034],[-0.438515597999924,42.64607291600004],[-0.44494674299994585,42.65255602500008],[-0.44748016799997004,42.65951024700007],[-0.453505694999933,42.66402981400006],[-0.4564193459999615,42.67037092800007],[-0.46552098199993,42.67881212300006],[-0.4626940209999475,42.68409836300003],[-0.45793747199996915,42.68520851200003],[-0.4512391309999657,42.692902728000035],[-0.4425428339999371,42.69837282200007],[-0.4430474269999536,42.70273338900006],[-0.44990187799993464,42.70886540300006],[-0.4421588589999601,42.71188036800004],[-0.4399538989999314,42.715613061000056],[-0.4396297959999629,42.72081953800006],[-0.44297960499994815,42.726675482000076],[-0.4426064769999698,42.729215457000066],[-0.43928813999997374,42.732382990000076],[-0.43648161199996593,42.729942935000054],[-0.43888579299994035,42.72791663100003],[-0.4375195229999349,42.72728275900005],[-0.43693903899998077,42.72269537500006],[-0.42888634099995215,42.72073186500006],[-0.43223932199992987,42.71731328200008],[-0.4320893209999781,42.71443738700003],[-0.42152149499997904,42.70895911700006],[-0.42077756399993405,42.70716843300005],[-0.422367478999945,42.70474592900007],[-0.4172468129999629,42.70398220000004],[-0.4141382359999284,42.69798692000006],[-0.4085144039999591,42.69876922700007],[-0.3994420769999465,42.69493273000006],[-0.3863268379999454,42.69452791300006],[-0.3859064859999535,42.686801227000046],[-0.39116935499993133,42.66809231500008],[-0.39796027899996034,42.66062876800004],[-0.39801927999997133,42.65073382300005],[-0.3868604039999468,42.63376670300005],[-0.38203006699995967,42.63204447100003],[-0.36926018299993757,42.62050473000005],[-0.37120866199995817,42.60984266100007],[-0.38418817499996294,42.605565400000046],[-0.385544738999954,42.60023841200007],[-0.3907171179999409,42.594881384000075],[-0.3926890439999511,42.584714647000055],[-0.3830769569999575,42.590474709000034],[-0.3674863649999338,42.58765896600005],[-0.35368393699997114,42.58207290000007],[-0.3518631569999684,42.57701504800008],[-0.3477534499999706,42.57968444000005],[-0.3449872979999782,42.58542857100008],[-0.3398744419999389,42.587020822000056],[-0.3381151349999527,42.589987602000065],[-0.3218902199999434,42.59036568600004],[-0.3243759739999632,42.58183304900007],[-0.32100205999995524,42.57355061700008],[-0.32348504499992714,42.56762936800004],[-0.3226376309999637,42.564655892000076],[-0.31420909899992466,42.560082057000045],[-0.3048408059999588,42.56293264000004],[-0.30656970999996247,42.560406897000064],[-0.29561269999993556,42.55744711700004],[-0.30729285699993625,42.55605647900006],[-0.312936696999941,42.552551022000046],[-0.31168600899997045,42.55104483900004],[-0.32000258099992607,42.547961988000054],[-0.32595773799994276,42.543121419000045],[-0.33658472999997,42.54007323700006],[-0.3300817039999515,42.534942003000026],[-0.3293806119999658,42.53225113600007],[-0.3217948809999598,42.53396500300005],[-0.3064977919999592,42.53009425400006],[-0.27485822199997756,42.52944454500005],[-0.27085309599993934,42.52663863300006],[-0.27870401099994524,42.51602844700005],[-0.27695261599996,42.50591016200008],[-0.28984196999994083,42.497165893000044],[-0.29278338499995016,42.49611882500005],[-0.2960708769999769,42.49833069600004],[-0.29920270799993887,42.495685078000065],[-0.30166532799995593,42.48596363900003],[-0.2980962729999419,42.483520111000075],[-0.3050528819999272,42.47168025900004],[-0.3095104189999347,42.46928165300005],[-0.3131446189999565,42.462523075000036],[-0.30753874099997347,42.46165298200003],[-0.30510551399993346,42.453455115000054],[-0.30717553899995664,42.44005914400003],[-0.30386166299996376,42.437387734000026],[-0.3007454179999627,42.437764565000066],[-0.30183581499994716,42.44181555200004],[-0.29482153299994707,42.451393626000026],[-0.2970822589999784,42.458480019000035],[-0.2901770569999371,42.45560627200007],[-0.2783150939999359,42.454604575000076],[-0.25440201699996123,42.448333536000064],[-0.2403718909999384,42.44940109600003],[-0.23198341699992397,42.445227412000065],[-0.22295449499995357,42.44676481400006],[-0.19506200699993315,42.44431109100003],[-0.18748240899992652,42.45718249400005],[-0.1869071109999254,42.46323773200004],[-0.17401698699995904,42.47265480600004],[-0.16396690299995953,42.467867872000056],[-0.16081779999996115,42.467843842000036],[-0.15372943299996678,42.47154008200005],[-0.1398157849999393,42.46589847300004],[-0.13408601599996928,42.46512487100006],[-0.13132508199993254,42.46139972200007],[-0.13291457199994738,42.457486361000065],[-0.1286770389999674,42.44909554700007],[-0.12887076999993496,42.44299502300004],[-0.12345866299995123,42.436924893000025],[-0.0859751639999331,42.428611180000075],[-0.07216134699996246,42.427421389000074],[-0.07144093699997711,42.42540386400003],[-0.06586151199996948,42.422028229000034],[-0.06720990099995561,42.421783633000075],[-0.07092212099996686,42.41306272600008],[-0.0785763589999533,42.40577505500005],[-0.08901149599995506,42.40478008100007],[-0.08838014299993802,42.40371941400008],[-0.09261299299993198,42.40178283700004],[-0.09740804599994135,42.40003138000003],[-0.10251248299994131,42.40079098900003],[-0.10478797099995063,42.398867418000066],[-0.10662974799993208,42.390521256000056],[-0.09768742899996141,42.38897124700003],[-0.10103747499994142,42.38428344000005],[-0.10953599299995176,42.37776244200006],[-0.11469288099993946,42.376280577000045],[-0.11389094599996952,42.374963609000076],[-0.12465813299996853,42.374550052000075],[-0.12919172099992693,42.373673205000046],[-0.13005769299996928,42.371992961000046],[-0.1142446269999482,42.36910124100007],[-0.1135026619999735,42.365417456000046],[-0.12680983499996046,42.35880012400003],[-0.12548190099994372,42.35623637200007],[-0.12295427699996253,42.35601982600008],[-0.12200683599996864,42.35416798000006],[-0.09862922999997181,42.341646479000076],[-0.07915254199997435,42.33969265800005],[-0.08344456999992644,42.332976176000045],[-0.08778943499993375,42.33166388700005],[-0.0933157189999747,42.33552339500005],[-0.09919601899997588,42.33328607400006],[-0.118364554999971,42.320442349000075],[-0.1310997819999784,42.31550303100005],[-0.1368094449999262,42.30759528300007],[-0.1575835489999804,42.29861220200007],[-0.1612709349999477,42.29402995400005],[-0.16755182299993976,42.29380718800007],[-0.1643521369999803,42.31157626300006],[-0.1496353649999378,42.33412907100006],[-0.14925021299995933,42.33701012900008],[-0.15213985799994134,42.34182769600005],[-0.14136842899995372,42.34380167900008],[-0.15352644999995846,42.346067574000074],[-0.15383892599993487,42.34398614100007],[-0.15897869599996284,42.339566138000066],[-0.17201363499992794,42.33553920300005],[-0.17067294299994273,42.33241733500006],[-0.17608257999995658,42.33086687100007],[-0.16587552699996877,42.31358610600006],[-0.16854600199997094,42.298685556000066],[-0.17594840899994324,42.297805649000054],[-0.1923549959999491,42.29901939700005],[-0.1936929819999591,42.304941556000074],[-0.20297512699994513,42.30298931600004],[-0.2226401539999756,42.30573703400006],[-0.2205083269999477,42.30924239500007],[-0.22175823099996705,42.313370070000076],[-0.23489594499994837,42.32228784700004],[-0.2319880469999589,42.32356839500005],[-0.23004603499992982,42.32827617100003],[-0.23102392899994584,42.331433609000044],[-0.22954286799995316,42.332271320000075],[-0.23592814399995632,42.33833294600004],[-0.24749332399994728,42.33961306800006],[-0.24192937199995868,42.34778792700007],[-0.24195349999996552,42.350282331000074],[-0.23495458799993685,42.35479097800004],[-0.23020796199995175,42.35466268700003],[-0.2270917669999335,42.35079094300005],[-0.22068629099993586,42.34757400900003],[-0.21961709499993276,42.34915300400007],[-0.2248013729999343,42.351739476000034],[-0.22857843599996386,42.356134971000074],[-0.23501107099997398,42.35659929500008],[-0.24118816599997217,42.35254870000006],[-0.2488818109999329,42.34006005500004],[-0.25707859299996016,42.33903045400007],[-0.25975798899997926,42.34217434200008],[-0.2631814909999548,42.34272447600006],[-0.27048706099992614,42.34108873000008],[-0.27435573099995736,42.33386864100004],[-0.27170191699997304,42.333490288000064],[-0.274141803999953,42.332359703000066],[-0.2718484009999429,42.32729823600005],[-0.2762273729999265,42.325097103000076],[-0.2764360189999593,42.32307588500004],[-0.2813623579999671,42.32393131400005],[-0.2847403889999782,42.32862208800003],[-0.2940150529999528,42.32403278900006],[-0.3032065279999756,42.327887641000075],[-0.3041297579999309,42.329854512000054],[-0.3010943079999606,42.337545513000066],[-0.30593456599996216,42.34357584700007],[-0.31711656099997754,42.34324396100004],[-0.3205061969999292,42.344890203000034],[-0.32313437799996336,42.343889053000055],[-0.3249474399999599,42.34750647100003],[-0.33567685899993194,42.34985472200003],[-0.3449956049999514,42.347666727000046],[-0.3557794809999564,42.34844748000006],[-0.36461812499993584,42.34697624100005],[-0.3702744179999513,42.348159846000044],[-0.37138961399995196,42.35373265000004],[-0.3779161339999746,42.357655452000074],[-0.3771259319999558,42.360888232000036],[-0.37939251599993895,42.37616789100008],[-0.38865205699994476,42.375172708000036],[-0.4011396219999597,42.38188647000004],[-0.41723914599992895,42.38352941200003],[-0.41974141799994413,42.38590015300008],[-0.4298259339999504,42.388819470000044],[-0.4349012049999601,42.39365200000003],[-0.43926233099995216,42.39545157300006],[-0.44448635099996636,42.39515404000008],[-0.4458050069999331,42.39888461600003],[-0.4451012349999246,42.40484835700005],[-0.4504113419999385,42.41234197000006],[-0.45242691299995386,42.41448503300006],[-0.4597770519999358,42.41363973000006],[-0.4569957309999495,42.41961151000004],[-0.4615090339999597,42.42071120300005],[-0.46391885399992816,42.42454678400003],[-0.4736046039999451,42.43033508800005],[-0.49081786399995053,42.43458578500008],[-0.5056395729999394,42.44156441200005],[-0.5060613569999646,42.448705704000076],[-0.48868301999993946,42.45302660700003],[-0.48385368099997095,42.45580226100003],[-0.45402344699994046,42.45249540400005],[-0.4417431529999476,42.457237561000056],[-0.42749316299995144,42.45657612800005],[-0.431785950999938,42.464903209000056],[-0.4373025759999791,42.46711599300005],[-0.4438141879999762,42.47596952300006],[-0.4458510639999531,42.47374568500004],[-0.45391984799994134,42.47125085300007],[-0.46183065299993586,42.47355168100006],[-0.4491162999999574,42.487983547000056],[-0.44939378899994153,42.49073629700007]],[[-0.17559830699997292,42.41862340100005],[-0.1748980499999675,42.41854451200004],[-0.17530048799994802,42.419068949000064],[-0.17559830699997292,42.41862340100005]],[[-0.34018049499997005,42.36970426800008],[-0.34025427199992464,42.368885488000046],[-0.33933185399996546,42.36980975400007],[-0.34018049499997005,42.36970426800008]],[[-0.1750471239999456,42.419564947000026],[-0.17384702399994012,42.41953151400003],[-0.17432630999996945,42.42017873100008],[-0.1750471239999456,42.419564947000026]],[[-0.4037907149999569,42.59906405100003],[-0.40494558999995434,42.59972372400006],[-0.4046258839999268,42.59894197500006],[-0.4037907149999569,42.59906405100003]],[[-0.39497156299995595,42.41859560000006],[-0.39430868699997745,42.41767138800003],[-0.3931680029999711,42.41761153600004],[-0.39497156299995595,42.41859560000006]],[[-0.3184114639999507,42.529371052000045],[-0.31690666499997633,42.529305899000065],[-0.3191252199999326,42.530374650000056],[-0.3184114639999507,42.529371052000045]],[[-0.38748433699993257,42.52736401900006],[-0.3887708859999748,42.528168608000044],[-0.3893843619999302,42.52736060400008],[-0.38748433699993257,42.52736401900006]],[[-0.42166661199996724,42.413857660000076],[-0.4224805669999796,42.411766380000074],[-0.420859160999953,42.41316490400004],[-0.42166661199996724,42.413857660000076]],[[-0.37430669499997293,42.442305410000074],[-0.3776934809999375,42.441623347000075],[-0.37606660899996314,42.44113228500004],[-0.37430669499997293,42.442305410000074]],[[-0.2924145959999578,42.38011237500007],[-0.29417189199995164,42.37990133900007],[-0.2926629139999477,42.37789487800006],[-0.2913652399999478,42.380151900000044],[-0.2924145959999578,42.38011237500007]],[[-0.3484670279999591,42.501970260000064],[-0.3452761949999399,42.50173907800007],[-0.34791563299995687,42.50282808900005],[-0.3484670279999591,42.501970260000064]],[[-0.11852196199993159,42.41427228900005],[-0.11994801599996663,42.413955541000064],[-0.11723323999996182,42.412153912000065],[-0.11674774799996612,42.413346087000036],[-0.11852196199993159,42.41427228900005]],[[-0.40524786999992557,42.52377235100005],[-0.4041326829999434,42.524688740000045],[-0.40604035199993405,42.52546841700007],[-0.40524786999992557,42.52377235100005]],[[-0.33244835499993997,42.52654497900005],[-0.3302089939999746,42.52467010500004],[-0.3307458799999381,42.52643382000008],[-0.33244835499993997,42.52654497900005]],[[-0.41356762799995295,42.42194297200007],[-0.4112320969999246,42.42170047700006],[-0.41090542099993854,42.42341572500004],[-0.41356762799995295,42.42194297200007]],[[-0.4363679639999418,42.450353361000055],[-0.4360963389999597,42.451595465000025],[-0.43862339299994346,42.45347934700004],[-0.4363679639999418,42.450353361000055]],[[-0.3178782289999731,42.554839696000045],[-0.3164720679999391,42.55125478800005],[-0.3156829419999667,42.55351726200007],[-0.3178782289999731,42.554839696000045]],[[-0.4143191969999407,42.54212248500005],[-0.4142725489999748,42.54372975600006],[-0.4163150669999709,42.54359608100003],[-0.4143191969999407,42.54212248500005]],[[-0.4080096819999426,42.62006140700004],[-0.40531490299997586,42.62125121400004],[-0.40845137799993836,42.62154502000004],[-0.4080096819999426,42.62006140700004]],[[-0.318681503999926,42.50056501000006],[-0.3195227509999654,42.49890559800008],[-0.3166977109999607,42.49921887000005],[-0.318681503999926,42.50056501000006]],[[-0.35004865999997037,42.521864324000035],[-0.34907215299995187,42.52414821600007],[-0.35026750599996603,42.52470536100003],[-0.35122788899997204,42.52203523600008],[-0.35004865999997037,42.521864324000035]],[[-0.4036140879999266,42.44033858100005],[-0.399627622999958,42.44076381900004],[-0.40026445299997704,42.44162193300008],[-0.4036140879999266,42.44033858100005]],[[-0.404141832999926,42.558714672000065],[-0.40369444199995996,42.55968035500007],[-0.4054800379999506,42.559547964000046],[-0.405750085999955,42.557764150000025],[-0.4042716599999494,42.55724147600006],[-0.404141832999926,42.558714672000065]],[[-0.4109996589999696,42.44958118900007],[-0.41363489199994774,42.45180934100006],[-0.4148183469999367,42.450662806000025],[-0.4109996589999696,42.44958118900007]],[[-0.4383843869999282,42.423151215000075],[-0.43676333499996645,42.42149182400004],[-0.43564624599997614,42.424040124000044],[-0.4383843869999282,42.423151215000075]],[[-0.3735991549999653,42.51374537400005],[-0.37236795099994424,42.514798975000076],[-0.37592384999993556,42.51553411100008],[-0.3761544919999551,42.51428213300005],[-0.3735991549999653,42.51374537400005]],[[-0.33092649699995036,42.58437216900006],[-0.32910397699993155,42.58537323000007],[-0.3304719329999557,42.587768640000036],[-0.33092649699995036,42.58437216900006]],[[-0.33832921199996235,42.505937147000054],[-0.33555317399992646,42.50563843000003],[-0.3346511599999644,42.507065761000035],[-0.33646800799994026,42.507901385000025],[-0.33832921199996235,42.505937147000054]],[[-0.35538116799995123,42.500676964000036],[-0.35141883999995116,42.50139988800004],[-0.350165072999971,42.50372966400005],[-0.3522301909999328,42.50387178700004],[-0.35538116799995123,42.500676964000036]],[[-0.38152975699995295,42.55939675700006],[-0.38217029299994465,42.56316335900004],[-0.3847024349999515,42.56253273200008],[-0.38152975699995295,42.55939675700006]],[[-0.34295992199997727,42.54890954200005],[-0.3429099539999356,42.550390357000026],[-0.3473932289999766,42.548469100000034],[-0.343325067999956,42.546683130000076],[-0.34295992199997727,42.54890954200005]],[[-0.3478676409999366,42.54959766400003],[-0.34781837499997437,42.55254481400004],[-0.3454771339999638,42.55197590500006],[-0.3467514199999755,42.55521240500008],[-0.34794150399994805,42.55252860000007],[-0.35059558699992976,42.551494063000064],[-0.3478676409999366,42.54959766400003]],[[-0.4055165589999774,42.45716386600003],[-0.40563551299993605,42.45398216400008],[-0.40915393799997446,42.449415705000035],[-0.40772498299998006,42.443891404000055],[-0.4087077929999623,42.441327245000025],[-0.4006501129999265,42.44344510800005],[-0.4051128689999359,42.44404669200003],[-0.40139041699995914,42.44537993000006],[-0.4016045229999463,42.44681436900004],[-0.405063772999938,42.44606756100006],[-0.40661927599995806,42.44766389700004],[-0.40657496699992635,42.45148977100007],[-0.40248931599995785,42.45264803800006],[-0.4023864469999694,42.455135546000065],[-0.39781849299993155,42.455129148000026],[-0.39848867899996776,42.45386347900006],[-0.3962658139999462,42.452646593000054],[-0.40129206499995007,42.45130434500004],[-0.40118347199995696,42.45019634400006],[-0.39399698899995883,42.45260994100005],[-0.40254185799994957,42.45837942400004],[-0.4055165589999774,42.45716386600003]],[[-0.3941006539999421,42.44197048900003],[-0.39796506799996223,42.436872780000044],[-0.4052865819999738,42.43894342700003],[-0.4085890879999283,42.43686193900004],[-0.404991005999932,42.43246792600007],[-0.40619238399995083,42.43180417200006],[-0.4207477609999728,42.43294208200007],[-0.4207595639999795,42.43147801500004],[-0.41142014399997606,42.42903950900006],[-0.40769698799994103,42.43119493900008],[-0.40354842799996504,42.431184349000034],[-0.3990574119999337,42.42918416300006],[-0.39811133899996776,42.43277641800006],[-0.3995441889999256,42.43481158600008],[-0.39438156099993193,42.437987013000054],[-0.3941006539999421,42.44197048900003]],[[-0.33980913799996415,42.53354236300004],[-0.3465757239999334,42.53008973400006],[-0.344534021999948,42.52391911900003],[-0.34030212099997925,42.52307039200008],[-0.34021019499994054,42.521442112000045],[-0.33562437899996667,42.51852409400004],[-0.3310963899999706,42.51837163300007],[-0.32755137199995943,42.51999441400005],[-0.3276990279999268,42.52168524600006],[-0.32604138899995405,42.52074960500005],[-0.32773759099995914,42.52470949800005],[-0.32997951099997636,42.524069601000065],[-0.32902983399992536,42.52267025700007],[-0.33032701799993447,42.52200829000003],[-0.3307651259999602,42.52402991100007],[-0.333718226999963,42.52337590600007],[-0.33507869799996115,42.52622499800003],[-0.33454473799997686,42.52779701600008],[-0.32905946499994343,42.527633440000045],[-0.3297926789999792,42.531969006000054],[-0.33758290899993426,42.532483984000066],[-0.33798295499997266,42.53444104400006],[-0.33980913799996415,42.53354236300004]],[[-0.3606333959999688,42.49816731800007],[-0.35424534799994944,42.502398295000035],[-0.3526184039999407,42.509809268000026],[-0.3560117809999497,42.51075363500007],[-0.3484709429999384,42.51581314100008],[-0.34786809799993534,42.51843602200006],[-0.3520939629999589,42.520308054000054],[-0.35386169899993547,42.51866544100005],[-0.3527239689999533,42.520504551000045],[-0.3592421579999723,42.52632828700007],[-0.36524691899995787,42.528396368000074],[-0.3713247379999416,42.53382181500007],[-0.37255073699992636,42.53398076500008],[-0.3730573079999431,42.52998007800005],[-0.3697006469999451,42.52639708600003],[-0.37578345299994,42.52275386900004],[-0.38092878599996993,42.52823732500008],[-0.381675970999936,42.530472573000054],[-0.38003840999994054,42.53269915300007],[-0.38360264399995003,42.53282353000003],[-0.38306700499992985,42.528311417000054],[-0.37916088299994044,42.525081768000064],[-0.3793122449999373,42.52302462000006],[-0.37491916899995203,42.52013990900008],[-0.36419432699995014,42.51683465800005],[-0.3562563159999286,42.51013861500007],[-0.36546883799996976,42.50077704500006],[-0.3622619909999685,42.49780014000004],[-0.3606333959999688,42.49816731800007]]],[[[-0.3610923519999574,42.52570456400008],[-0.361573605999979,42.52638564100005],[-0.36092119599993566,42.52583145600005],[-0.3610923519999574,42.52570456400008]]],[[[-0.36456770799992455,42.50107768400005],[-0.3644587249999631,42.50104442500003],[-0.36447140999996464,42.50104535600008],[-0.36456770799992455,42.50107768400005]]]]}},{"type":"Feature","properties":{"ClaseSuelo":"SUELO URBANIZABLE DELIMITADO O SECTORIZADO","NuclRural":"0","AreaLamber":270.38856165,"Shape_STAr":0.000295938315538},"geometry":{"type":"MultiPolygon","coordinates":[[[[-0.39862116699993067,42.455931631000055],[-0.39417153299996244,42.452280356000074],[-0.40118347199995696,42.45019634400006],[-0.40129206499995007,42.45130434500004],[-0.3962658139999462,42.452646593000054],[-0.39848867899996776,42.45386347900006],[-0.39781849299993155,42.455129148000026],[-0.4023864469999694,42.455135546000065],[-0.40248931599995785,42.45264803800006],[-0.40657496699992635,42.45148977100007],[-0.40661927599995806,42.44766389700004],[-0.405063772999938,42.44606756100006],[-0.4016045229999463,42.44681436900004],[-0.40139041699995914,42.44537993000006],[-0.4051128689999359,42.44404669200003],[-0.4006501129999265,42.44344510800005],[-0.4087077929999623,42.441327245000025],[-0.40772498299998006,42.443891404000055],[-0.40915393799997446,42.449415705000035],[-0.40563551299993605,42.45398216400008],[-0.40548197599997593,42.458088685000064],[-0.40254185799994957,42.45837942400004],[-0.39862116699993067,42.455931631000055]]],[[[-0.4016906179999751,42.43544829700005],[-0.39811133899996776,42.43277641800006],[-0.3990574119999337,42.42918416300006],[-0.40354842799996504,42.431184349000034],[-0.40769698799994103,42.43119493900008],[-0.41142014399997606,42.42903950900006],[-0.4207595639999795,42.43147801500004],[-0.4207477609999728,42.43294208200007],[-0.40619238399995083,42.43180417200006],[-0.404991005999932,42.43246792600007],[-0.4085890879999283,42.43686193900004],[-0.4052865819999738,42.43894342700003],[-0.4013283429999319,42.43689098200008],[-0.4016906179999751,42.43544829700005]]],[[[-0.35790379199994504,42.50112400100005],[-0.3556884549999495,42.50106583100006],[-0.35994444599992903,42.498408366000035],[-0.35790379199994504,42.50112400100005]]],[[[-0.36136004499996943,42.50072281300004],[-0.36249187299995356,42.498639395000055],[-0.36439348499993685,42.499449199000026],[-0.3623781649999387,42.50161290400007],[-0.36136004499996943,42.50072281300004]]],[[[-0.35022092999997767,42.50376225900004],[-0.35141883999995116,42.50139988800004],[-0.35532912299993313,42.500543900000025],[-0.3522301909999328,42.50387178700004],[-0.35022092999997767,42.50376225900004]]],[[[-0.34865398599993114,42.51566610900005],[-0.3499165169999401,42.51468966700003],[-0.3546690949999629,42.51790600800007],[-0.3520939629999589,42.520308054000054],[-0.34786809799993534,42.51843602200006],[-0.34865398599993114,42.51566610900005]]],[[[-0.33476624799993715,42.52102018000005],[-0.32817859999994425,42.51963683900004],[-0.3349048349999748,42.51866287100006],[-0.3330892709999489,42.519556340000065],[-0.33476624799993715,42.52102018000005]]],[[[-0.3620375539999259,42.52341822200003],[-0.36051618499993765,42.523977726000055],[-0.3602286859999708,42.52223849600006],[-0.3646325769999521,42.524534549000066],[-0.36323067799997943,42.52508808400006],[-0.3620375539999259,42.52341822200003]]],[[[-0.3874843959999339,42.52736394300007],[-0.3893843619999302,42.52736060400008],[-0.3887708859999748,42.528168608000044],[-0.3874843959999339,42.52736394300007]]],[[[-0.36842862999992576,42.52863765600006],[-0.3659773629999563,42.52396990900007],[-0.3711550879999663,42.524449995000055],[-0.3696774679999635,42.52681761800005],[-0.3714266869999392,42.52938979400005],[-0.36842862999992576,42.52863765600006]]],[[[-0.3831587519999289,42.531281566000075],[-0.37611429699995824,42.52235691200008],[-0.3793122449999373,42.52302462000006],[-0.37837011399994935,42.52395878100003],[-0.3823085009999545,42.52702534400004],[-0.3831587519999289,42.531281566000075]]],[[[-0.4175849259999609,42.54423415600007],[-0.4205451049999738,42.54384770100006],[-0.4203069499999401,42.53944937500006],[-0.4267698559999644,42.54147257900007],[-0.42735155999997687,42.543191136000075],[-0.4248759839999252,42.547304488000066],[-0.41802028399996516,42.54575469100007],[-0.4175849259999609,42.54423415600007]]]]}},{"type":"Feature","properties":{"ClaseSuelo":"SUELO URBANO","NuclRural":"0","AreaLamber":476.24087257,"Shape_STAr":0.000521523953717},"geometry":{"type":"MultiPolygon","coordinates":[[[[-0.37255073699992636,42.53398076500008],[-0.36177200999992465,42.52563979900003],[-0.3623059639999724,42.527596722000055],[-0.3600171459999615,42.52695528300006],[-0.35519195199992737,42.52252107400005],[-0.35782141399994316,42.519653910000045],[-0.35376686199992946,42.51888344300005],[-0.35710051499995643,42.51565018300005],[-0.3534582429999773,42.51368338300006],[-0.35189765999996325,42.51565651800007],[-0.34982806199997185,42.51464430900006],[-0.3556415009999796,42.51149729600007],[-0.3546254379999709,42.509281643000065],[-0.3526184039999407,42.509809268000026],[-0.35379987599992546,42.50339775400005],[-0.3557048539999528,42.50106646000006],[-0.35801985199992714,42.50112759800004],[-0.35670990399995617,42.502908181000066],[-0.36021060699994223,42.50251820400007],[-0.35869541499994284,42.50050193700008],[-0.360204117999956,42.498259630000064],[-0.36288267699995913,42.49854210400008],[-0.36113796999995884,42.501142842000036],[-0.3632639299999596,42.50107091500007],[-0.3643112659999588,42.49903953000006],[-0.36546883799996976,42.50077704500006],[-0.3562563159999286,42.51013861500007],[-0.36419432699995014,42.51683465800005],[-0.3771407899999417,42.52175339200005],[-0.3703971489999276,42.522756584000035],[-0.37062623399992844,42.52460822000006],[-0.3681299289999629,42.52351246600006],[-0.3657428929999469,42.52446857800004],[-0.3685710519999361,42.52893117900004],[-0.3730573079999431,42.52998007800005],[-0.37255073699992636,42.53398076500008]],[[-0.3656129049999777,42.524477148000074],[-0.3610460169999783,42.52211283300005],[-0.3622664269999518,42.52102816800004],[-0.3612268129999734,42.52045767300007],[-0.3601538049999249,42.52158726500005],[-0.36051618499993765,42.523977726000055],[-0.3624443849999466,42.52345489800007],[-0.36563785799995685,42.52796499600004],[-0.3667533149999258,42.52647556900007],[-0.3656129049999777,42.524477148000074]],[[-0.3670755119999285,42.520645340000044],[-0.36952087799994615,42.52154602500008],[-0.36756158699995467,42.52058972900005],[-0.36826999599992405,42.519847404000075],[-0.3670755119999285,42.520645340000044]],[[-0.3632825259999777,42.519781255000055],[-0.3637953039999502,42.519281259000024],[-0.3629442979999453,42.51898673200003],[-0.3632825259999777,42.519781255000055]],[[-0.3730505879999555,42.520746845000076],[-0.37336583199993356,42.52100227300008],[-0.37353903099995023,42.52075805000004],[-0.3730505879999555,42.520746845000076]],[[-0.35639336699995283,42.51195637200004],[-0.35514627399993515,42.51254151400008],[-0.3556715619999409,42.51281099900007],[-0.35639336699995283,42.51195637200004]],[[-0.3538500409999301,42.50900092400008],[-0.35568322299997135,42.507420213000046],[-0.35463608999992857,42.50682252400003],[-0.35509879399995725,42.50849364100003],[-0.3538500409999301,42.50900092400008]],[[-0.35519231499995385,42.506957605000025],[-0.35598395299996355,42.50711816900008],[-0.3553527549999558,42.50672003300008],[-0.35519231499995385,42.506957605000025]],[[-0.3561907679999763,42.50722239300006],[-0.35708051099993554,42.50797810900008],[-0.35757812199994987,42.50733255700004],[-0.3561907679999763,42.50722239300006]],[[-0.3635856599999556,42.501193890000025],[-0.3625097909999795,42.50162614300007],[-0.3629642559999411,42.50174228900005],[-0.3635856599999556,42.501193890000025]],[[-0.3644587249999631,42.50104442500003],[-0.36456770799992455,42.50107768400005],[-0.36447140999996464,42.50104535600008],[-0.3644587249999631,42.50104442500003]]],[[[-0.40547387599997364,42.62137958500006],[-0.40784326799996506,42.62002906400005],[-0.4088002839999376,42.62106686800007],[-0.40547387599997364,42.62137958500006]]],[[[-0.4042585979999558,42.599798914000075],[-0.40341333099996746,42.59924728500005],[-0.404845130999945,42.59908611000003],[-0.4042585979999558,42.599798914000075]]],[[[-0.32946243699996103,42.58694456400008],[-0.3291901479999524,42.58486538200003],[-0.33114450199997236,42.584401065000066],[-0.3306503579999571,42.58766796900005],[-0.32946243699996103,42.58694456400008]]],[[[-0.3820320079999533,42.56262503500005],[-0.38104226099994776,42.56051976200007],[-0.3821678679999536,42.559878119000075],[-0.3847024349999515,42.56253273200008],[-0.3820320079999533,42.56262503500005]]],[[[-0.4045905459999517,42.55716768900004],[-0.4054800379999506,42.559547964000046],[-0.40369444199995996,42.55968035500007],[-0.4045905459999517,42.55716768900004]]],[[[-0.31729354199995896,42.55436088000005],[-0.3156829419999667,42.55351726200007],[-0.3164720679999391,42.55125478800005],[-0.3183045569999763,42.55362992500005],[-0.31729354199995896,42.55436088000005]]],[[[-0.3467514199999755,42.55521240500008],[-0.3462393129999555,42.55360897400004],[-0.3478782139999339,42.55269122300007],[-0.3468730129999358,42.54975909600006],[-0.3501540079999472,42.55035449500008],[-0.35059558699992976,42.551494063000064],[-0.34794150399994805,42.55252860000007],[-0.3467514199999755,42.55521240500008]]],[[[-0.3429099539999356,42.550390357000026],[-0.343325067999956,42.546683130000076],[-0.3473932289999766,42.548469100000034],[-0.3429099539999356,42.550390357000026]]],[[[-0.41482339099997034,42.54375675600005],[-0.41429365099997995,42.54178665300003],[-0.41620880499993973,42.54298630400007],[-0.41482339099997034,42.54375675600005]]],[[[-0.33824810999993815,42.53388728700003],[-0.33758290899993426,42.532483984000066],[-0.3297926789999792,42.531969006000054],[-0.32905946499994343,42.527633440000045],[-0.33454473799997686,42.52779701600008],[-0.33507869799996115,42.52622499800003],[-0.333718226999963,42.52337590600007],[-0.3307651259999602,42.52402991100007],[-0.33032701799993447,42.52200829000003],[-0.32902983399992536,42.52267025700007],[-0.32997951099997636,42.524069601000065],[-0.32773759099995914,42.52470949800005],[-0.32604138899995405,42.52074960500005],[-0.3276990279999268,42.52168524600006],[-0.32817859999994425,42.51963683900004],[-0.3352356319999785,42.52104064200006],[-0.3330993539999554,42.519470813000055],[-0.33562437899996667,42.51852409400004],[-0.34021019499994054,42.521442112000045],[-0.34030212099997925,42.52307039200008],[-0.3449517809999634,42.52432193000004],[-0.3465757239999334,42.53008973400006],[-0.33824810999993815,42.53388728700003]]],[[[-0.3810301339999569,42.532849628000065],[-0.3816173459999277,42.53050419900006],[-0.3833629249999717,42.53154457800008],[-0.38360264399995003,42.53282353000003],[-0.3810301339999569,42.532849628000065]]],[[[-0.31786499299994375,42.529858112000056],[-0.31690666499997633,42.529305899000065],[-0.3191252199999326,42.530374650000056],[-0.31786499299994375,42.529858112000056]]],[[[-0.33054581199996846,42.526214733000074],[-0.33056653199997754,42.524595042000044],[-0.3325164069999573,42.52608196300008],[-0.33054581199996846,42.526214733000074]]],[[[-0.349768906999941,42.524598910000066],[-0.3500739019999628,42.52169883900007],[-0.35122788899997204,42.52203523600008],[-0.3510363999999413,42.524408452000046],[-0.349768906999941,42.524598910000066]]],[[[-0.40604085099994336,42.525230425000075],[-0.4044856139999524,42.52393617800004],[-0.4061544139999569,42.52395157300003],[-0.40604085099994336,42.525230425000075]]],[[[-0.3741100619999429,42.51485762900006],[-0.3737569559999656,42.51359174800007],[-0.3761544919999551,42.51428213300005],[-0.37592384999993556,42.51553411100008],[-0.3741100619999429,42.51485762900006]]],[[[-0.33607192399995256,42.50793356500003],[-0.3346511599999644,42.507065761000035],[-0.3354828999999313,42.50599741800005],[-0.33841403899992883,42.50599089200006],[-0.33607192399995256,42.50793356500003]]],[[[-0.3452761949999399,42.50173907800007],[-0.3484670279999591,42.501970260000064],[-0.34791563299995687,42.50282808900005],[-0.3452761949999399,42.50173907800007]]],[[[-0.3178236719999745,42.50023522300006],[-0.3166977109999607,42.49921887000005],[-0.31861472399992863,42.49882895200005],[-0.3178236719999745,42.50023522300006]]],[[[-0.4382665329999327,42.45340268800004],[-0.4360963389999597,42.451595465000025],[-0.43609758599995985,42.450362453000025],[-0.4382665329999327,42.45340268800004]]],[[[-0.41269622799995886,42.45111016100003],[-0.41088858899996694,42.44959790900003],[-0.4148799859999599,42.45011123200004],[-0.41403944799992587,42.45176077700006],[-0.41269622799995886,42.45111016100003]]],[[[-0.3740807379999751,42.44206491400007],[-0.37606660899996314,42.44113228500004],[-0.3776934809999375,42.441623347000075],[-0.3740807379999751,42.44206491400007]]],[[[-0.3941547379999406,42.442584932000045],[-0.39438156099993193,42.437987013000054],[-0.40086486499996,42.434485738000035],[-0.40129468699996096,42.436969110000064],[-0.39643091199997116,42.437831311000025],[-0.3941547379999406,42.442584932000045]]],[[[-0.40026445299997704,42.44162193300008],[-0.40037442999994255,42.44000059700005],[-0.40400103199993964,42.44035257300004],[-0.40026445299997704,42.44162193300008]]],[[[-0.17432630999996945,42.42017873100008],[-0.17384702399994012,42.41953151400003],[-0.1750471239999456,42.419564947000026],[-0.17432630999996945,42.42017873100008]]],[[[-0.17526934799997207,42.41861922800007],[-0.1748980499999675,42.41854451200004],[-0.175360871999942,42.41836793300007],[-0.17549112399996147,42.41905463400008],[-0.17526934799997207,42.41861922800007]]],[[[-0.4364350129999366,42.42428434200008],[-0.4369910429999777,42.421503689000076],[-0.43866025599993463,42.423549638000054],[-0.4364350129999366,42.42428434200008]]],[[[-0.4112320969999246,42.42170047700006],[-0.41356762799995295,42.42194297200007],[-0.41090542099993854,42.42341572500004],[-0.4112320969999246,42.42170047700006]]],[[[-0.11843826099993748,42.41422175800005],[-0.11674774799996612,42.413346087000036],[-0.11723323999996182,42.412153912000065],[-0.11994801599996663,42.413955541000064],[-0.11843826099993748,42.41422175800005]]],[[[-0.3934244419999686,42.41786019500006],[-0.39430868699997745,42.41767138800003],[-0.39497156299995595,42.41859560000006],[-0.3934244419999686,42.41786019500006]]],[[[-0.4213119349999488,42.41272753100003],[-0.4224805669999796,42.411766380000074],[-0.4206922089999807,42.41380506200005],[-0.4213119349999488,42.41272753100003]]],[[[-0.2916878879999558,42.37997249800003],[-0.2926629139999477,42.37789487800006],[-0.2941741419999744,42.37984897900003],[-0.2916878879999558,42.37997249800003]]],[[[-0.3395508949999453,42.36969188900008],[-0.3399695419999489,42.368988426000044],[-0.340608609999947,42.36920447700004],[-0.3395508949999453,42.36969188900008]]]]}},{"type":"Feature","properties":{"ClaseSuelo":"SUELO URBANO NO CONSOLIDADO","NuclRural":"0","AreaLamber":61.65836702,"Shape_STAr":0.0000675233191798},"geometry":{"type":"MultiPolygon","coordinates":[[[[-0.3526078119999738,42.52028928200008],[-0.3563925399999448,42.518528814000035],[-0.3580113739999433,42.52077103000005],[-0.35511300499996423,42.52256762800005],[-0.3526078119999738,42.52028928200008]]],[[[-0.3982438219999267,42.43502370500005],[-0.39927540299993325,42.43549593800003],[-0.3982152439999709,42.436442957000054],[-0.3982438219999267,42.43502370500005]]],[[[-0.36295048899995663,42.50173451200004],[-0.3624894229999427,42.50155997000007],[-0.36376811199994563,42.50107811200007],[-0.36295048899995663,42.50173451200004]]],[[[-0.31834126799992646,42.49965169800004],[-0.3195227509999654,42.49890559800008],[-0.3184207809999293,42.50074411400004],[-0.31834126799992646,42.49965169800004]]],[[[-0.3569726059999425,42.50239614600008],[-0.3591270689999533,42.50046596900006],[-0.3602748099999644,42.50238259400004],[-0.3583503199999427,42.50339872500007],[-0.3569726059999425,42.50239614600008]]],[[[-0.3369821939999724,42.50643988500008],[-0.33555317399992646,42.50563843000003],[-0.3373414739999703,42.50588406600008],[-0.3369821939999724,42.50643988500008]]],[[[-0.35519231499995385,42.506957605000025],[-0.3553527549999558,42.50672003300008],[-0.35598395299996355,42.50711816900008],[-0.35519231499995385,42.506957605000025]]],[[[-0.3561907679999763,42.50722239300006],[-0.35757812199994987,42.50733255700004],[-0.35708051099993554,42.50797810900008],[-0.3561907679999763,42.50722239300006]]],[[[-0.35363771199996563,42.509027970000034],[-0.35509879399995725,42.50849364100003],[-0.35463608999992857,42.50682252400003],[-0.35568322299997135,42.507420213000046],[-0.35363771199996563,42.509027970000034]]],[[[-0.3530855789999805,42.51046922000006],[-0.354051333999962,42.509122769000044],[-0.35597109699995144,42.51015444800004],[-0.3530855789999805,42.51046922000006]]],[[[-0.355731728999956,42.51209182300005],[-0.35639336699995283,42.51195637200004],[-0.35514627399993515,42.51254151400008],[-0.355731728999956,42.51209182300005]]],[[[-0.3722171189999699,42.51421640800004],[-0.3733020549999537,42.51424764600006],[-0.37236795099994424,42.514798975000076],[-0.3722171189999699,42.51421640800004]]],[[[-0.37392584399992757,42.51488724600006],[-0.37462283799993656,42.515439696000044],[-0.37360704899992925,42.51522793300006],[-0.37392584399992757,42.51488724600006]]],[[[-0.3547831469999778,42.51797677800005],[-0.35189253499993356,42.51565929800006],[-0.3534582429999773,42.51368338300006],[-0.35710051499995643,42.51565018300005],[-0.3547831469999778,42.51797677800005]]],[[[-0.3627654759999359,42.519295611000075],[-0.3637953039999502,42.519281259000024],[-0.3632825259999777,42.519781255000055],[-0.3627654759999359,42.519295611000075]]],[[[-0.3730505879999555,42.520746845000076],[-0.37353903099995023,42.52075805000004],[-0.37336583199993356,42.52100227300008],[-0.3730505879999555,42.520746845000076]]],[[[-0.36918123399993874,42.52180064800007],[-0.3665380059999279,42.520389667000074],[-0.3684284709999588,42.51991306700006],[-0.36756158699995467,42.52058972900005],[-0.36918123399993874,42.52180064800007]]],[[[-0.36017793699994627,42.52222384800007],[-0.3612268129999734,42.52045767300007],[-0.3622664269999518,42.52102816800004],[-0.36017793699994627,42.52222384800007]]],[[[-0.40509386299993366,42.52546422300003],[-0.40468371599996544,42.525008238000055],[-0.4061894879999386,42.525303000000065],[-0.40509386299993366,42.52546422300003]]],[[[-0.3720163459999526,42.52447684500004],[-0.3703971489999276,42.522756584000035],[-0.3731884419999574,42.52317521000003],[-0.3752751959999614,42.521648810000045],[-0.37528432399994927,42.52411700600004],[-0.3720163459999526,42.52447684500004]]],[[[-0.3646325769999521,42.524534549000066],[-0.3667533149999258,42.52647556900007],[-0.36563785799995685,42.52796499600004],[-0.3631549369999334,42.52527390500006],[-0.3646325769999521,42.524534549000066]]],[[[-0.3620675729999334,42.52693874700003],[-0.36118758899993963,42.52561976900006],[-0.36529467099995827,42.528433102000065],[-0.3620675729999334,42.52693874700003]]],[[[-0.3800704199999245,42.53270752800006],[-0.3816173459999277,42.53050419900006],[-0.38108637699997416,42.532598826000026],[-0.3800704199999245,42.53270752800006]]],[[[-0.3807766059999267,42.532896434000065],[-0.3815810949999445,42.533108679000065],[-0.3812750149999715,42.53337758200007],[-0.3807766059999267,42.532896434000065]]],[[[-0.3458287489999634,42.55265118900007],[-0.34787407399994663,42.55278892100006],[-0.3462528369999518,42.553594961000044],[-0.3458287489999634,42.55265118900007]]],[[[-0.38104825899995376,42.56030932500005],[-0.38108044999995627,42.55905878000004],[-0.3824279519999436,42.560342666000054],[-0.38104825899995376,42.56030932500005]]],[[[-0.3827962969999703,42.56274587200005],[-0.3832676819999392,42.562315503000036],[-0.3846095759999457,42.56255999200005],[-0.3827962969999703,42.56274587200005]]]]}},{"type":"Feature","properties":{"ClaseSuelo":"SUELO NO URBANIZABLE","NuclRural":"0","AreaLamber":10138.1494719,"Shape_STAr":0.0110136520127},"geometry":{"type":"Polygon","coordinates":[[[0.15514295000002676,42.09708805900004],[0.15789710000007062,42.092653760000076],[0.15368835900005706,42.08482716000003],[0.15816503100006685,42.083443190000025],[0.15973253100003149,42.08555221000006],[0.16605147000007037,42.080866300000025],[0.1650701110000341,42.070132330000035],[0.1703274500000589,42.062125610000066],[0.1800196790000541,42.061893170000076],[0.19061866000004102,42.06480446000006],[0.19964435000002823,42.06476901000008],[0.20505554000004622,42.062312560000066],[0.18727913000003582,42.046139770000025],[0.18439565000005587,42.041870430000074],[0.18331181000002061,42.03613726000003],[0.17818603000006306,42.02540126000008],[0.17776047900002823,42.01662403900008],[0.1715068710000196,41.995292850000055],[0.17082681000005095,41.98476657900005],[0.15329623000002357,41.98734820000004],[0.1461917500000709,41.984265450000066],[0.14726845100005903,41.98039968000006],[0.13427543000005926,41.98173711000004],[0.12717932000003884,41.97904016000007],[0.12317382000003363,41.975367110000036],[0.11230688000006239,41.982182360000024],[0.10861461000007466,41.98121088000005],[0.09670873100003519,41.98333406100005],[0.09113686000006282,41.99040044000003],[0.08832777000003489,41.99171885900006],[0.08605704100006051,41.990942510000025],[0.07741800000002286,41.996028530000046],[0.07837819900004206,42.00166708000006],[0.0732802800000627,42.00561306000003],[0.06650567000002638,42.00609162000006],[0.03734082000005401,42.020159730000046],[0.0430501300000401,42.02313318000006],[0.04950370100004875,42.03155275000006],[0.04540402000003496,42.033723930000065],[0.05064603000005263,42.04254481000004],[0.05396918100007042,42.041051510000045],[0.06706267900005969,42.04878867000008],[0.0637206400000423,42.053155520000075],[0.07247503000002098,42.05403787000006],[0.08034469000006084,42.05935586000004],[0.08307669000004125,42.063118630000076],[0.07632865100003983,42.06627164100007],[0.07798624000002974,42.069559060000074],[0.0735670100000334,42.07039806000006],[0.07544849100003148,42.074066740000035],[0.07477726000007578,42.07743467000006],[0.0983023910000611,42.078980450000074],[0.10122104000004128,42.080828620000034],[0.11188720000006924,42.096235490000026],[0.11940113000002839,42.09240218000008],[0.12223311000002468,42.093198560000076],[0.12386628000007249,42.09617077000007],[0.12565374000007523,42.094654210000044],[0.1329690200000755,42.095643160000066],[0.13800362000006317,42.093290180000054],[0.14140890000004447,42.09344904000005],[0.14236662000007527,42.095457940000074],[0.14022946000005732,42.096741200000054],[0.14203202000004467,42.09725012000007],[0.15514295000002676,42.09708805900004]],[[0.1112430280000467,42.081610116000036],[0.11331533900005297,42.08217166000003],[0.11125272900005712,42.082597959000054],[0.1112430280000467,42.081610116000036]],[[0.18027584900005422,42.05507422100004],[0.17294613900003242,42.05183308200003],[0.16774302200002467,42.05145672000003],[0.17316534000002548,42.04973515300003],[0.17409753600003341,42.04707084100005],[0.1759925710000516,42.04703402600006],[0.17930849100002888,42.05076674700007],[0.18027584900005422,42.05507422100004]],[[0.13143206600005897,42.04394649100004],[0.1313060500000347,42.039455850000024],[0.1253178750000643,42.043587401000025],[0.12445165200006159,42.03966574800006],[0.1224582280000277,42.03960676300005],[0.12450268000003462,42.03683646800005],[0.12186073500004113,42.037704673000064],[0.12096029500003169,42.040353408000044],[0.11489173900002925,42.04053604400008],[0.11839112000006935,42.03930557100006],[0.1178415550000409,42.03692175000003],[0.10945430800006761,42.03909251500005],[0.10907980600006795,42.038068735000024],[0.1117119550000325,42.03766858700004],[0.1097931380000432,42.03481463500003],[0.12173070300002564,42.032239376000064],[0.12994398000006413,42.025508193000064],[0.13725304800004778,42.02241309800007],[0.13654896600002076,42.02777271000008],[0.13875855000003412,42.025522359000036],[0.13945694700004196,42.02842736400004],[0.14254379000004747,42.03067592200006],[0.13686423200005038,42.03066407500006],[0.13736290900004633,42.033710668000026],[0.13986923100003423,42.033485753000036],[0.14111955000004173,42.03736825900006],[0.13852767500003438,42.03685532900005],[0.14025254200004156,42.04017115200003],[0.13902202300005229,42.043511581000075],[0.1345140570000467,42.04186933400007],[0.1392308030000322,42.04394849900007],[0.13674039900007529,42.04484170400008],[0.13430216800003336,42.04299838600008],[0.13329057200002126,42.04334935300005],[0.13434909100004688,42.04533516500004],[0.1317605880000201,42.045821387000046],[0.13143206600005897,42.04394649100004]],[[0.13824146100006374,42.022537439000075],[0.14004890200004638,42.02088062400003],[0.1416872140000578,42.022365799000056],[0.1394054960000517,42.02466346800003],[0.13824146100006374,42.022537439000075]],[[0.1441180640000539,42.020908819000056],[0.14370778900007508,42.01825360500004],[0.14541834200002768,42.016636891000076],[0.14710513600005015,42.01792882700005],[0.1441180640000539,42.020908819000056]],[[0.14267945300002793,42.019951399000036],[0.1394847350000532,42.018738375000055],[0.14286493500003417,42.015141318000076],[0.14267945300002793,42.019951399000036]],[[0.11457925500002375,42.02922896200005],[0.11579279200003612,42.03092125400008],[0.11305804900007388,42.02930751800005],[0.11457925500002375,42.02922896200005]],[[0.11021058600005063,42.03073273200005],[0.11276533000005884,42.03172991400004],[0.11259064700004728,42.03334422100005],[0.10869224500004293,42.03319818500006],[0.10911228700007314,42.030253636000054],[0.11021058600005063,42.03073273200005]],[[0.10285563600007208,42.03148102800003],[0.10605318700004318,42.03236241500008],[0.10606796000007535,42.03419875600008],[0.1018880990000639,42.032781070000055],[0.10285563600007208,42.03148102800003]],[[0.11820548000002873,42.03182533100005],[0.12046650900003897,42.030383475000065],[0.12031262400006426,42.03213446400008],[0.11820548000002873,42.03182533100005]],[[0.10691271900003585,42.04242146100006],[0.10916724100002284,42.042862368000044],[0.10808286600007477,42.04457831000008],[0.10413016500007188,42.04305044400007],[0.10691271900003585,42.04242146100006]],[[0.12054504400003907,41.99873556000006],[0.12102741700005026,42.00038882400003],[0.12476328200006037,41.99965792000006],[0.12465454000005138,42.001161642000056],[0.1275674880000679,42.00199094000004],[0.1431989330000647,42.00182792500004],[0.14497551700003442,42.00673429400007],[0.12704254300007278,42.006102731000055],[0.1273883520000254,42.00727849500004],[0.1235309340000299,42.00851619400004],[0.11306308300004275,42.00922773100007],[0.10446357500006798,42.012004544000035],[0.1040641780000442,42.009282803000076],[0.10758935000006886,42.00802282500007],[0.10741343500006906,42.00633584500008],[0.11097316200005025,42.00357440400006],[0.10965921200005369,42.00188790900006],[0.12054504400003907,41.99873556000006]]]}},{"type":"Feature","properties":{"ClaseSuelo":"SUELO URBANIZABLE DELIMITADO O SECTORIZADO","NuclRural":"0","AreaLamber":38.8378854,"Shape_STAr":0.0000421932055985},"geometry":{"type":"MultiPolygon","coordinates":[[[[0.13624575700004016,42.04012805700006],[0.13399511400007214,42.037462719000075],[0.13462723900005358,42.03636645700004],[0.13209866900007228,42.03834178300008],[0.13571499100004303,42.04200995800005],[0.13624575700004016,42.04012805700006]]],[[[0.12541500500003622,42.03131414400008],[0.12822103500002413,42.03109679800008],[0.1229571660000488,42.03129966300003],[0.12393023800007086,42.03247686100008],[0.12541500500003622,42.03131414400008]]],[[[0.11546734900002775,42.03515614200006],[0.11936236400003963,42.03360200600008],[0.11406755800004476,42.033236102000046],[0.11546734900002775,42.03515614200006]]],[[[0.1400005260000512,42.03819533700005],[0.13852767500003438,42.03685532900005],[0.13764528400002973,42.03716160400006],[0.1400005260000512,42.03819533700005]]],[[[0.13032994500002815,42.039581353000074],[0.12879207200006704,42.039954555000065],[0.12933195100004014,42.041047724000066],[0.13032994500002815,42.039581353000074]]],[[[0.14000167300002886,42.03961110200004],[0.13729763700007425,42.04079331500003],[0.13928177500002903,42.04159300800006],[0.14000167300002886,42.03961110200004]]],[[[0.10916724100002284,42.042862368000044],[0.10600546100005204,42.04166229200007],[0.10413016500007188,42.04305044400007],[0.10808286600007477,42.04457831000008],[0.10916724100002284,42.042862368000044]]],[[[0.13266136200002165,42.045652767000036],[0.13434909100004688,42.04533516500004],[0.13395797600003334,42.04405150600007],[0.13112660200005166,42.043268890000036],[0.13266136200002165,42.045652767000036]]]]}},{"type":"Feature","properties":{"ClaseSuelo":"SUELO URBANIZABLE NO DELIMITADO O SECTORIZADO","NuclRural":"0","AreaLamber":54.44895608,"Shape_STAr":0.0000591423631477},"geometry":{"type":"MultiPolygon","coordinates":[[[[0.1282501460000276,42.031645911000055],[0.13178779400004714,42.02674400300003],[0.13056583500002716,42.02521952800004],[0.12419138100005966,42.030289794000055],[0.12801079400003346,42.03062929400005],[0.12492138700002897,42.032802659000026],[0.1261084450000567,42.033452485000055],[0.1282501460000276,42.031645911000055]]],[[[0.14283409700004768,42.01849974800007],[0.14286493500003417,42.015141318000076],[0.1394847350000532,42.018738375000055],[0.14252911700003779,42.01996719500005],[0.14283409700004768,42.01849974800007]]],[[[0.14594364100003077,42.01905250500005],[0.14710513600005015,42.01792882700005],[0.14541834200002768,42.016636891000076],[0.14370778900007508,42.01825360500004],[0.1441180640000539,42.020908819000056],[0.14594364100003077,42.01905250500005]]],[[[0.14254379000004747,42.03067592200006],[0.13945694700004196,42.02842736400004],[0.13875855000003412,42.025522359000036],[0.13517803900003855,42.02993758400004],[0.14254379000004747,42.03067592200006]]],[[[0.13972879100003865,42.03416595700003],[0.13842521900005522,42.033728446000055],[0.13872844700006226,42.036754693000034],[0.14063565400005018,42.03803166300003],[0.1411539340000445,42.03527157800005],[0.13972879100003865,42.03416595700003]]],[[[0.1392308030000322,42.04394849900007],[0.13718642900005307,42.043109048000076],[0.13673276300005455,42.04368890600006],[0.1392308030000322,42.04394849900007]]]]}},{"type":"Feature","properties":{"ClaseSuelo":"SUELO URBANO","NuclRural":"0","AreaLamber":357.93846128,"Shape_STAr":0.000388786766669},"geometry":{"type":"MultiPolygon","coordinates":[[[[0.13717755400006126,42.04310521800005],[0.13434415100005026,42.04287207700003],[0.13351677000002837,42.04127240100007],[0.134759559000031,42.041554474000066],[0.13158319600006507,42.03854150300003],[0.13472224000003052,42.036424871000065],[0.13571499100004303,42.04200995800005],[0.13723942200005013,42.042738099000076],[0.13758038500003522,42.03962051000008],[0.13954510000002074,42.03938072100004],[0.13764528400002973,42.03716160400006],[0.13910351400005538,42.036429447000046],[0.13789699100004782,42.03181719500003],[0.13517803900003855,42.02993758400004],[0.13674831600002335,42.02720273500006],[0.13187292700007447,42.026985212000056],[0.13400180200005707,42.02399033200004],[0.13056583500002716,42.02521952800004],[0.13178779400004714,42.02674400300003],[0.12745624600006522,42.03378158700008],[0.12492138700002897,42.032802659000026],[0.12542390600003728,42.03130359000005],[0.12393023800007086,42.03247686100008],[0.1229571660000488,42.03129966300003],[0.12115612500002726,42.034045940000055],[0.11809165900007201,42.032795718000045],[0.11936236400003963,42.03360200600008],[0.11699084300005325,42.034587627000064],[0.11955106600004228,42.03367448400007],[0.12037072500004342,42.035208915000055],[0.1147363140000266,42.03557679700003],[0.11375925300006884,42.03339926900003],[0.1097931380000432,42.03481463500003],[0.11575558400005548,42.035872650000044],[0.11134892200004742,42.036394554000026],[0.1117119550000325,42.03766858700004],[0.10907980600006795,42.038068735000024],[0.10945430800006761,42.03909251500005],[0.1178415550000409,42.03692175000003],[0.11782609300007607,42.03891893000008],[0.11951468800003795,42.03690662900004],[0.12450268000003462,42.03683646800005],[0.12469948100005013,42.038636421000035],[0.12805317600003718,42.03830412800005],[0.12879207200006704,42.039954555000065],[0.13004810500007125,42.03785172900007],[0.13154048400002694,42.03875956700006],[0.13021654800002125,42.039440169000045],[0.13213722400007555,42.04072843000006],[0.1305673300000194,42.04193076400003],[0.13112660200005166,42.043268890000036],[0.13430216800003336,42.04299838600008],[0.13674039900007529,42.04484170400008],[0.13717755400006126,42.04310521800005]],[[0.12674946700002465,42.037808433000066],[0.12778020000007473,42.03833828000006],[0.12683198300004506,42.03843979200008],[0.12674946700002465,42.037808433000066]],[[0.12469945400005145,42.03784080400004],[0.1246293920000312,42.037215322000065],[0.12646930900007192,42.03767350800007],[0.12469945400005145,42.03784080400004]],[[0.12891812500004107,42.037179396000056],[0.12811281600005486,42.036871476000044],[0.12966265600005045,42.03602198600004],[0.12891812500004107,42.037179396000056]],[[0.127604735000034,42.03607776300004],[0.1266713490000484,42.035633216000065],[0.1274421590000543,42.03551904900007],[0.127604735000034,42.03607776300004]],[[0.11872271100003218,42.03566544600005],[0.11683730000004289,42.03621742800004],[0.11613154600001963,42.035600317000046],[0.11872271100003218,42.03566544600005]],[[0.1225606990000756,42.03543216800006],[0.12156141500003059,42.034241906000034],[0.1255543310000462,42.03457485400003],[0.1225606990000756,42.03543216800006]],[[0.12370401500004391,42.03602889900003],[0.12421225200006347,42.03623757400004],[0.12372962900002449,42.036393616000055],[0.12370401500004391,42.03602889900003]],[[0.12802406800005883,42.03317047100006],[0.1285210110000321,42.03287338300004],[0.12827262700005804,42.03354446700007],[0.12802406800005883,42.03317047100006]],[[0.12889356900006987,42.03195328400005],[0.12959269900005665,42.03069318800004],[0.1302547490000734,42.03096964200006],[0.12889356900006987,42.03195328400005]],[[0.13008989000002202,42.03162685900003],[0.13110003600002074,42.031174942000064],[0.1305997210000669,42.03184213800006],[0.13008989000002202,42.03162685900003]],[[0.13039166300006855,42.03082382500003],[0.13065042000005178,42.02906261000004],[0.13147892700004604,42.029369444000054],[0.13039166300006855,42.03082382500003]],[[0.13485653800006503,42.02988988300007],[0.13197362200003226,42.02908916000007],[0.13671066300003076,42.02786728600006],[0.13485653800006503,42.02988988300007]]],[[[0.10446357500006798,42.012004544000035],[0.1273883520000254,42.00727849500004],[0.12000627800006214,42.00437585800006],[0.12076458200004936,42.001920744000074],[0.12465454000005138,42.001161642000056],[0.12480662400002984,41.99968732600007],[0.12102741700005026,42.00038882400003],[0.12067376500004912,41.99871072700006],[0.10965921200005369,42.00188790900006],[0.11097316200005025,42.00357440400006],[0.10741343500006906,42.00633584500008],[0.10758935000006886,42.00802282500007],[0.1040641780000442,42.009282803000076],[0.10446357500006798,42.012004544000035]]],[[[0.14113984700003357,42.02291701300004],[0.14027275800003736,42.02244994700004],[0.1394054960000517,42.02466346800003],[0.14113984700003357,42.02291701300004]]],[[[0.11579279200003612,42.03092125400008],[0.11465437400005385,42.02846787300007],[0.11305804900007388,42.02930751800005],[0.11579279200003612,42.03092125400008]]],[[[0.12058278300003167,42.03065337100003],[0.11870947200003457,42.03062106200008],[0.11777018300006148,42.03238850400004],[0.12031262400006426,42.03213446400008],[0.12058278300003167,42.03065337100003]]],[[[0.1128147490000515,42.031850872000064],[0.10869224500004293,42.03319818500006],[0.1104923050000366,42.03407487900006],[0.1128147490000515,42.031850872000064]]],[[[0.10577782600006458,42.03339817900007],[0.10385357700005216,42.031567626000026],[0.1018880990000639,42.032781070000055],[0.10577782600006458,42.03339817900007]]],[[[0.12017515800005185,42.03870074500003],[0.12179307600007405,42.03790901600007],[0.11926426700006232,42.038179153000044],[0.12017515800005185,42.03870074500003]]],[[[0.12484013700003516,42.03990176600007],[0.1242252840000333,42.04284320600004],[0.12474557700005562,42.04291380600006],[0.12484013700003516,42.03990176600007]]],[[[0.18073601500003633,42.05513272700006],[0.17783116600003268,42.04813387100006],[0.1759925710000516,42.04703402600006],[0.17409753600003341,42.04707084100005],[0.17316534000002548,42.04973515300003],[0.16774302200002467,42.05145672000003],[0.17294613900003242,42.05183308200003],[0.18073601500003633,42.05513272700006]]],[[[0.11225145500003464,42.08231541400005],[0.11332542500002774,42.08210217900006],[0.11231195700003127,42.08101693900005],[0.11104228600004262,42.08177137400003],[0.11225145500003464,42.08231541400005]]]]}},{"type":"Feature","properties":{"ClaseSuelo":"SUELO URBANO NO CONSOLIDADO","NuclRural":"0","AreaLamber":179.43548251,"Shape_STAr":0.00019487420195},"geometry":{"type":"MultiPolygon","coordinates":[[[[0.14497551700003442,42.00673429400007],[0.1431989330000647,42.00182792500004],[0.12306610000007367,42.001022798000065],[0.1199076150000451,42.003442230000076],[0.12306552800004056,42.00641927600003],[0.14497551700003442,42.00673429400007]]],[[[0.13910539500005825,42.02369716900006],[0.1416872140000578,42.022365799000056],[0.14004890200004638,42.02088062400003],[0.13821605300006468,42.02158323700007],[0.13910539500005825,42.02369716900006]]],[[[0.13682821600002626,42.02228339800007],[0.13187292700007447,42.026985212000056],[0.13564858700004834,42.02798900200003],[0.13754651400006424,42.02500058000004],[0.13682821600002626,42.02228339800007]]],[[[0.13544727800007195,42.029411252000045],[0.13671066300003076,42.02786728600006],[0.13197362200003226,42.02908916000007],[0.13544727800007195,42.029411252000045]]],[[[0.13115689200003544,42.02979007400006],[0.13065042000005178,42.02906261000004],[0.12964807300005532,42.030549980000046],[0.13115689200003544,42.02979007400006]]],[[[0.13110003600002074,42.031174942000064],[0.13008989000002202,42.03162685900003],[0.1305997210000669,42.03184213800006],[0.13110003600002074,42.031174942000064]]],[[[0.1302547490000734,42.03096964200006],[0.12959269900005665,42.03069318800004],[0.12889356900006987,42.03195328400005],[0.1302547490000734,42.03096964200006]]],[[[0.11008500700006607,42.03033695700003],[0.10926905700006273,42.033003000000065],[0.11168628400002945,42.03232802200006],[0.11008500700006607,42.03033695700003]]],[[[0.1283298700000728,42.033194610000066],[0.12828948900005344,42.03279666100008],[0.12786215700003822,42.03348928200006],[0.1283298700000728,42.033194610000066]]],[[[0.1293253400000367,42.03061410600003],[0.12672988700006727,42.03363455900006],[0.12745624600006522,42.03378158700008],[0.1293253400000367,42.03061410600003]]],[[[0.12156110200004377,42.032366997000054],[0.11809920300004251,42.03279503400006],[0.12115612500002726,42.034045940000055],[0.12156110200004377,42.032366997000054]]],[[[0.11551617300006001,42.035439747000055],[0.12091574700002639,42.03490021300007],[0.11955106600004228,42.03367448400007],[0.11551617300006001,42.035439747000055]]],[[[0.12260192100006861,42.035438115000034],[0.1255543310000462,42.03457485400003],[0.12156141500003059,42.034241906000034],[0.12260192100006861,42.035438115000034]]],[[[0.11698363500005371,42.03612889600004],[0.11889632300005815,42.03585422800006],[0.11613154600001963,42.035600317000046],[0.11698363500005371,42.03612889600004]]],[[[0.11201591000002509,42.036160435000056],[0.11575558400005548,42.035872650000044],[0.1097100340000452,42.03613055900007],[0.11201591000002509,42.036160435000056]]],[[[0.1276820640000551,42.03603326100006],[0.1274421590000543,42.03551904900007],[0.1266713490000484,42.035633216000065],[0.1276820640000551,42.03603326100006]]],[[[0.12381975200003126,42.03640082100003],[0.12414370600004077,42.03598393500005],[0.12370265200001995,42.03597152000003],[0.12381975200003126,42.03640082100003]]],[[[0.12921681500006343,42.03706726400003],[0.1290632450000544,42.03581559700007],[0.12811281600005486,42.036871476000044],[0.12921681500006343,42.03706726400003]]],[[[0.12502627100002428,42.03724155300006],[0.12469945400005145,42.03784080400004],[0.12646576400004506,42.03775211100003],[0.12502627100002428,42.03724155300006]]],[[[0.12746231600004876,42.03846164500004],[0.1276275540000711,42.038032877000035],[0.12656631100003324,42.03793274600008],[0.12746231600004876,42.03846164500004]]],[[[0.13096478400007072,42.03923526800003],[0.13004810500007125,42.03785172900007],[0.13012984400006644,42.03946584000005],[0.13096478400007072,42.03923526800003]]],[[[0.11716347400005134,42.03978320300007],[0.12096029500003169,42.040353408000044],[0.12174869800003307,42.03844292500003],[0.11926426700006232,42.038179153000044],[0.12240781100007325,42.03740799000008],[0.11951468800003795,42.03690662900004],[0.11839112000006935,42.03930557100006],[0.11489173900002925,42.04053604400008],[0.11716347400005134,42.03978320300007]]],[[[0.134759559000031,42.041554474000066],[0.1353512140000248,42.04079565700005],[0.13158319600006507,42.03854150300003],[0.134759559000031,42.041554474000066]]],[[[0.1354990380000345,42.04288443000007],[0.13351677000002837,42.04127240100007],[0.13434415100005026,42.04287207700003],[0.1354990380000345,42.04288443000007]]],[[[0.1287575520000246,42.039745194000034],[0.12394750500004648,42.03714408600007],[0.12246099000003596,42.03949933100006],[0.12445165200006159,42.03966574800006],[0.12462191100001974,42.041315775000044],[0.12480343000004268,42.039571548000026],[0.1253178750000643,42.043587401000025],[0.12933195100004014,42.041047724000066],[0.1287575520000246,42.039745194000034]]],[[[0.13879178800004865,42.041344293000066],[0.13723942200005013,42.042738099000076],[0.13902202300005229,42.043511581000075],[0.13879178800004865,42.041344293000066]]]]}}]}