{"type":"FeatureCollection","features":[{"type":"Feature","properties":{"ClaseSuelo":"SUELO NO URBANIZABLE","NuclRural":"0","AreaLamber":2702.96567411,"Shape_STAr":0.00295860899527},"geometry":{"type":"Polygon","coordinates":[[[-4.424416285999939,42.40111087200006],[-4.423264968999945,42.398018207000064],[-4.424606302999962,42.39715502400003],[-4.436560773999929,42.39815866200007],[-4.439906311999948,42.40099852900005],[-4.44174658999998,42.41238558100008],[-4.440695757999947,42.414794286000074],[-4.438341685999944,42.41549024500006],[-4.438144726999951,42.418041311000025],[-4.442952823999974,42.42842746300005],[-4.442844660999981,42.432193174000076],[-4.439017874999934,42.43815793200008],[-4.445655216999967,42.440758147000054],[-4.442557323999949,42.44564216600003],[-4.4412865319999355,42.45333092100003],[-4.436294850999957,42.46373195700005],[-4.432383616999971,42.46716696400006],[-4.434372049999979,42.468483949000074],[-4.423789648999957,42.485141009000074],[-4.429183637999927,42.49493501100005],[-4.418896865999955,42.495305862000066],[-4.417879778999975,42.48098159500006],[-4.415561867999941,42.479623364000076],[-4.418786417999968,42.47318056600005],[-4.415799824999965,42.46696759300005],[-4.415245873999936,42.458031875000074],[-4.417660074999958,42.45021221600007],[-4.3888383089999365,42.44024435700004],[-4.382450645999938,42.42842509800005],[-4.39002874199997,42.42533464700006],[-4.393357461999926,42.41591039000008],[-4.390054832999965,42.40449527000004],[-4.3927518159999295,42.40226517600007],[-4.393211643999962,42.40437592200004],[-4.395976969999936,42.40578320800006],[-4.403497803999926,42.40572745800006],[-4.413867914999969,42.40917535500006],[-4.424416285999939,42.40111087200006]],[[-4.424283056999968,42.41896329800005],[-4.421700403999978,42.41836713200007],[-4.4185331599999245,42.42058512600005],[-4.423010658999942,42.42182593200005],[-4.4256341719999455,42.41980815900007],[-4.424283056999968,42.41896329800005]]]}},{"type":"Feature","properties":{"ClaseSuelo":"SUELO URBANO","NuclRural":"0","AreaLamber":11.72032815,"Shape_STAr":0.0000128256492253},"geometry":{"type":"Polygon","coordinates":[[[-4.424283056999968,42.41896329800005],[-4.4256341719999455,42.41980815900007],[-4.423010658999942,42.42182593200005],[-4.4185331599999245,42.42058512600005],[-4.421700403999978,42.41836713200007],[-4.424283056999968,42.41896329800005]]]}},{"type":"Feature","properties":{"ClaseSuelo":"SUELO NO URBANIZABLE","NuclRural":"0","AreaLamber":2053.91831272,"Shape_STAr":0.00225300261136},"geometry":{"type":"Polygon","coordinates":[[[-4.526409247999936,42.58818634700003],[-4.524372440999969,42.58262102900005],[-4.52920364199997,42.573866388000056],[-4.542500931999939,42.56611464800005],[-4.553459446999966,42.563409146000026],[-4.575874595999949,42.54498422000006],[-4.584313039999927,42.54877631100004],[-4.586879635999935,42.54816446700005],[-4.596062532999952,42.55866348600006],[-4.595478772999968,42.56778518400006],[-4.594399567999972,42.569421186000056],[-4.588697338999964,42.57085116700006],[-4.586399234999931,42.57488142700004],[-4.587756440999954,42.57698793700007],[-4.58690033299996,42.57830558500007],[-4.569592981999961,42.58397413700004],[-4.5533985429999575,42.59777493900003],[-4.53982633499993,42.60398266900006],[-4.535352143999944,42.607942034000075],[-4.532923042999926,42.60881204300006],[-4.527872491999972,42.603188001000035],[-4.520205506999957,42.59820181500004],[-4.527420679999977,42.59167601400003],[-4.526409247999936,42.58818634700003]],[[-4.583598998999946,42.56949150600008],[-4.586095643999954,42.565145216000076],[-4.584418765999942,42.563590806000036],[-4.581465677999972,42.56454541200003],[-4.581117677999941,42.56694054700006],[-4.583598998999946,42.56949150600008]],[[-4.586811409999939,42.564808665000044],[-4.5873772979999785,42.564543376000074],[-4.586711754999953,42.56468846100006],[-4.586811409999939,42.564808665000044]]]}},{"type":"Feature","properties":{"ClaseSuelo":"SUELO URBANO","NuclRural":"0","AreaLamber":12.394567,"Shape_STAr":0.0000135936545148},"geometry":{"type":"MultiPolygon","coordinates":[[[[-4.582266901999958,42.56705571600003],[-4.581117677999941,42.56694054700006],[-4.581465677999972,42.56454541200003],[-4.585269180999944,42.563846418000026],[-4.586095643999954,42.565145216000076],[-4.583227041999976,42.56816180700008],[-4.5837612429999695,42.57017829900008],[-4.582266901999958,42.56705571600003]]],[[[-4.586711754999953,42.56468846100006],[-4.5873772979999785,42.564543376000074],[-4.586835107999946,42.56494754800008],[-4.586711754999953,42.56468846100006]]]]}},{"type":"Feature","properties":{"ClaseSuelo":"SUELO URBANO","NuclRural":"0","AreaLamber":3.06123736,"Shape_STAr":0.0000033615093364},"geometry":{"type":"Polygon","coordinates":[[[-4.436904901999981,42.63911745300004],[-4.43546930499997,42.63986846500006],[-4.434435191999967,42.63802409400006],[-4.437078668999959,42.63791955600004],[-4.436904901999981,42.63911745300004]]]}},{"type":"Feature","properties":{"ClaseSuelo":"SUELO NO URBANIZABLE","NuclRural":"0","AreaLamber":3790.46325745,"Shape_STAr":0.00415146213457},"geometry":{"type":"Polygon","coordinates":[[[-4.329543341999965,42.47028719700006],[-4.3268540669999425,42.46217728100004],[-4.33058991799993,42.46341280000007],[-4.343735812999967,42.45703668300007],[-4.3522258309999415,42.45482059500006],[-4.358345311999926,42.449858250000034],[-4.370032046999938,42.44485623700007],[-4.37184934499993,42.44232195200004],[-4.382877568999959,42.43900155100005],[-4.417660074999958,42.45021221600007],[-4.415217501999962,42.45731177600004],[-4.415799824999965,42.46696759300005],[-4.418786417999968,42.47318056600005],[-4.415561867999941,42.479623364000076],[-4.417879778999975,42.48098159500006],[-4.416063875999953,42.48300326100008],[-4.416549718999931,42.486203242000045],[-4.409553467999956,42.48945937800005],[-4.406954419999977,42.48805039600006],[-4.390805583999963,42.49235386400005],[-4.380150522999941,42.497552677000044],[-4.368159766999952,42.50688200800005],[-4.360891507999952,42.506797359000075],[-4.352926398999955,42.50882777600003],[-4.347843010999952,42.50563661000007],[-4.346105486999932,42.50010056700006],[-4.3433195339999315,42.49730548300005],[-4.345626042999925,42.49419854900003],[-4.344907891999981,42.493054262000044],[-4.326719449999928,42.477695467000046],[-4.326106360999972,42.475739341000065],[-4.329876787999979,42.47282290700008],[-4.329543341999965,42.47028719700006]],[[-4.373257806999959,42.479434393000076],[-4.372332665999977,42.47640688100006],[-4.370065638999961,42.476353869000036],[-4.371311405999961,42.47830470200006],[-4.369010568999954,42.47877989300008],[-4.370564980999973,42.47901563100004],[-4.370134809999968,42.481024123000054],[-4.372663716999966,42.48219668100006],[-4.373257806999959,42.479434393000076]]]}},{"type":"Feature","properties":{"ClaseSuelo":"SUELO URBANO","NuclRural":"0","AreaLamber":11.97850046,"Shape_STAr":0.0000131206677624},"geometry":{"type":"Polygon","coordinates":[[[-4.373257806999959,42.479434393000076],[-4.372663716999966,42.48219668100006],[-4.370134809999968,42.481024123000054],[-4.370564980999973,42.47901563100004],[-4.369010568999954,42.47877989300008],[-4.371311405999961,42.47830470200006],[-4.370065638999961,42.476353869000036],[-4.372332665999977,42.47640688100006],[-4.373257806999959,42.479434393000076]]]}},{"type":"Feature","properties":{"ClaseSuelo":"SUELO NO URBANIZABLE","NuclRural":"0","AreaLamber":3412.50909597,"Shape_STAr":0.00371683660838},"geometry":{"type":"Polygon","coordinates":[[[-4.806867822999948,42.11188523000004],[-4.8094839639999805,42.109034087000055],[-4.8120390459999385,42.111686571000064],[-4.829589597999927,42.109165447000066],[-4.8337422729999275,42.11224225300003],[-4.847894822999933,42.10810647900007],[-4.8746751659999745,42.108194242000025],[-4.873687335999932,42.11120039700006],[-4.874835785999949,42.11364028100007],[-4.880660295999974,42.12366771000006],[-4.885144754999942,42.128025052000055],[-4.881854091999969,42.13333861000007],[-4.883345227999939,42.13670039300007],[-4.8804299709999555,42.14776257500006],[-4.877645506999954,42.15018578100006],[-4.865616657999965,42.154759013000046],[-4.830254983999964,42.15577912100008],[-4.798408964999965,42.16045272400004],[-4.7915320819999465,42.15354465900003],[-4.786879093999971,42.15378836000008],[-4.774652956999944,42.148538537000036],[-4.777092086999971,42.145312631000024],[-4.783612362999975,42.14694058200007],[-4.795435131999966,42.14518906700005],[-4.809865429999945,42.13304725800003],[-4.808588347999944,42.13068980500003],[-4.8097015969999575,42.12942040300004],[-4.804004167999949,42.12051309900005],[-4.806867822999948,42.11188523000004]],[[-4.842562616999942,42.136938142000076],[-4.8437328719999755,42.13548750500007],[-4.842691633999948,42.134945393000066],[-4.838329655999928,42.13589736600005],[-4.837284844999942,42.137896443000045],[-4.838467459999947,42.13970352200005],[-4.840841477999959,42.139871766000056],[-4.842562616999942,42.136938142000076]]]}},{"type":"Feature","properties":{"ClaseSuelo":"SUELO URBANO","NuclRural":"0","AreaLamber":19.72244554,"Shape_STAr":0.0000214823294265},"geometry":{"type":"Polygon","coordinates":[[[-4.842562616999942,42.136938142000076],[-4.840841477999959,42.139871766000056],[-4.838467459999947,42.13970352200005],[-4.837284844999942,42.137896443000045],[-4.838329655999928,42.13589736600005],[-4.842691633999948,42.134945393000066],[-4.8437328719999755,42.13548750500007],[-4.842562616999942,42.136938142000076]]]}},{"type":"Feature","properties":{"ClaseSuelo":"SUELO NO URBANIZABLE","NuclRural":"0","AreaLamber":4388.76837791,"Shape_STAr":0.00482161585062},"geometry":{"type":"Polygon","coordinates":[[[-4.860575850999965,42.65910152400005],[-4.862064407999981,42.65542117900003],[-4.870607665999955,42.65633563600005],[-4.878126037999948,42.654807808000044],[-4.89346500399995,42.654915550000055],[-4.896184511999934,42.655681052000034],[-4.900208034999935,42.666816994000044],[-4.899163857999952,42.673804414000074],[-4.890575411999976,42.692830558000026],[-4.884972568999956,42.69647996900005],[-4.879723633999959,42.70419368000006],[-4.871669251999947,42.707990703000064],[-4.8604913989999545,42.70700210000007],[-4.844580267999959,42.69872239000006],[-4.832659971999931,42.69483429400003],[-4.828795400999979,42.69585060900005],[-4.820551690999935,42.70828313700008],[-4.810453951999932,42.711243800000034],[-4.794401534999963,42.70549882300003],[-4.77521935599998,42.70250169700006],[-4.767256569999972,42.69812213500006],[-4.771801314999948,42.69092873200003],[-4.7691886039999645,42.68188271500003],[-4.785717316999978,42.67258494600003],[-4.797831784999971,42.67160303700007],[-4.811418995999929,42.66587776200004],[-4.8273001179999255,42.66649010200007],[-4.839061525999966,42.66394252900005],[-4.860317863999967,42.66354533600003],[-4.860575850999965,42.65910152400005]],[[-4.823217625999973,42.67980199700003],[-4.81913248799998,42.68137398500005],[-4.8159313179999685,42.67976154100006],[-4.815584008999963,42.683471385000075],[-4.818255230999966,42.684615619000056],[-4.818274902999974,42.68212097300005],[-4.822585261999961,42.68136895300006],[-4.823108924999929,42.68407880700005],[-4.823217625999973,42.67980199700003]]]}},{"type":"Feature","properties":{"ClaseSuelo":"SUELO URBANO","NuclRural":"0","AreaLamber":12.77341221,"Shape_STAr":0.0000140330954134},"geometry":{"type":"Polygon","coordinates":[[[-4.823217625999973,42.67980199700003],[-4.823108924999929,42.68407880700005],[-4.822585261999961,42.68136895300006],[-4.818274902999974,42.68212097300005],[-4.818255230999966,42.684615619000056],[-4.815584008999963,42.683471385000075],[-4.8159313179999685,42.67976154100006],[-4.81913248799998,42.68137398500005],[-4.823217625999973,42.67980199700003]]]}},{"type":"Feature","properties":{"ClaseSuelo":"SUELO URBANO","NuclRural":"0","AreaLamber":19.98515776,"Shape_STAr":0.0000218609484607},"geometry":{"type":"Polygon","coordinates":[[[-4.696412241999951,42.401325617000055],[-4.701493201999938,42.40137460100004],[-4.702383356999974,42.403022039000064],[-4.699416546999942,42.403833890000044],[-4.698018026999932,42.40652675100006],[-4.698252171999968,42.40479957800005],[-4.693479311999965,42.40357446400003],[-4.696412241999951,42.401325617000055]]]}},{"type":"Feature","properties":{"ClaseSuelo":"SUELO NO URBANIZABLE","NuclRural":"0","AreaLamber":2509.55162897,"Shape_STAr":0.00273868101597},"geometry":{"type":"Polygon","coordinates":[[[-4.640055639999957,42.233586323000054],[-4.63901145799997,42.23116964600007],[-4.642928090999931,42.22518770500005],[-4.656041979999941,42.218812039000056],[-4.6668566339999416,42.217700765000075],[-4.676673591999929,42.22010637900007],[-4.6787479009999515,42.22111172600006],[-4.678847278999967,42.22394714200004],[-4.6738586719999375,42.23004501500003],[-4.674957851999977,42.23265870000006],[-4.672028280999939,42.23920371600008],[-4.674146397999948,42.244594378000045],[-4.697547773999929,42.24895148100006],[-4.713218741999981,42.247511659000054],[-4.71109710099995,42.25153294300003],[-4.7142881689999285,42.25879805900007],[-4.697324908999974,42.271370406000074],[-4.690241614999934,42.27403269000007],[-4.676505334999945,42.29062492300005],[-4.665701298999977,42.279714187000025],[-4.650659644999962,42.273087203000046],[-4.652173965999964,42.27210177000006],[-4.650218885999948,42.268743707000056],[-4.6537500029999705,42.26281200600005],[-4.646025030999965,42.258555270000045],[-4.645366974999945,42.251432038000075],[-4.646732259999965,42.24566667500005],[-4.639813640999932,42.23687694800003],[-4.640055639999957,42.233586323000054]],[[-4.6900896949999265,42.258361998000055],[-4.688815473999966,42.25677389800006],[-4.685609179999972,42.25967452100008],[-4.687882460999958,42.26041578000007],[-4.6900896949999265,42.258361998000055]]]}},{"type":"Feature","properties":{"ClaseSuelo":"SUELO URBANO","NuclRural":"0","AreaLamber":7.95750336,"Shape_STAr":0.00000868478711579},"geometry":{"type":"Polygon","coordinates":[[[-4.6900896949999265,42.258361998000055],[-4.687882460999958,42.26041578000007],[-4.685609179999972,42.25967452100008],[-4.688815473999966,42.25677389800006],[-4.6900896949999265,42.258361998000055]]]}},{"type":"Feature","properties":{"ClaseSuelo":"SUELO NO URBANIZABLE","NuclRural":"0","AreaLamber":1649.18927091,"Shape_STAr":0.00179935117793},"geometry":{"type":"Polygon","coordinates":[[[-4.71801486399994,42.225033223000025],[-4.715733192999949,42.221320915000035],[-4.717335772999945,42.21652377700008],[-4.729482731999951,42.21323419600003],[-4.735533295999971,42.21740261100007],[-4.742484926999964,42.218621075000044],[-4.7459050099999445,42.22182019600007],[-4.749804905999952,42.22176075200008],[-4.757735259999947,42.230276127000025],[-4.7610963849999735,42.23827582100006],[-4.758566900999938,42.24756367900005],[-4.760331230999952,42.25259790300004],[-4.758891585999947,42.25662760400007],[-4.751833344999966,42.26091438200007],[-4.732881289999966,42.26216598900004],[-4.731729041999927,42.26392152500006],[-4.72628848599993,42.26004997800004],[-4.7138878209999575,42.260578199000065],[-4.713899330999936,42.25697567900005],[-4.71109710099995,42.25153294300003],[-4.715283286999977,42.245418451000035],[-4.718031782999958,42.23369665800004],[-4.720898428999931,42.228142062000074],[-4.71801486399994,42.225033223000025]],[[-4.740982836999933,42.241000961000054],[-4.742239835999953,42.24268666000006],[-4.745853552999961,42.240466731000026],[-4.740982836999933,42.241000961000054]]]}},{"type":"Feature","properties":{"ClaseSuelo":"SUELO URBANO","NuclRural":"0","AreaLamber":6.61978971,"Shape_STAr":0.0000072226010866},"geometry":{"type":"Polygon","coordinates":[[[-4.740982836999933,42.241000961000054],[-4.745853552999961,42.240466731000026],[-4.742239835999953,42.24268666000006],[-4.740982836999933,42.241000961000054]]]}},{"type":"Feature","properties":{"ClaseSuelo":"SUELO NO URBANIZABLE","NuclRural":"0","AreaLamber":2630.40396169,"Shape_STAr":0.00288286349076},"geometry":{"type":"Polygon","coordinates":[[[-4.416549718999931,42.486203242000045],[-4.416063875999953,42.48300326100008],[-4.417879778999975,42.48098159500006],[-4.418896865999955,42.495305862000066],[-4.429183637999927,42.49493501100005],[-4.430302164999944,42.49916268100003],[-4.426989415999969,42.501194173000044],[-4.430070736999937,42.50129088400007],[-4.431595305999963,42.50997125200007],[-4.442105032999962,42.52025903700007],[-4.444911670999943,42.533227717000045],[-4.442086639999957,42.54010746800003],[-4.435387083999956,42.544289012000036],[-4.428602893999937,42.54319398300004],[-4.422207061999927,42.54578600000008],[-4.416901189999976,42.541123765000066],[-4.406359608999935,42.54133454300006],[-4.3931855019999375,42.53378657700006],[-4.391183561999981,42.529173022000066],[-4.382887473999972,42.523455754000054],[-4.377177543999949,42.522903066000026],[-4.37027010099996,42.51991489200003],[-4.3653895769999735,42.51438063400008],[-4.36555128599997,42.510065041000075],[-4.355404759999942,42.50860940200005],[-4.360891507999952,42.506797359000075],[-4.368159766999952,42.50688200800005],[-4.380150522999941,42.497552677000044],[-4.390805583999963,42.49235386400005],[-4.406954419999977,42.48805039600006],[-4.409553467999956,42.48945937800005],[-4.416549718999931,42.486203242000045]],[[-4.393827210999973,42.51673058800003],[-4.396706429999938,42.51854233000006],[-4.399360403999935,42.51569326400005],[-4.396605574999967,42.514891841000065],[-4.393827210999973,42.51673058800003]]]}},{"type":"Feature","properties":{"ClaseSuelo":"SUELO URBANO","NuclRural":"0","AreaLamber":9.93795033,"Shape_STAr":0.0000108918818276},"geometry":{"type":"Polygon","coordinates":[[[-4.393827210999973,42.51673058800003],[-4.396605574999967,42.514891841000065],[-4.399360403999935,42.51569326400005],[-4.396706429999938,42.51854233000006],[-4.393827210999973,42.51673058800003]]]}},{"type":"Feature","properties":{"ClaseSuelo":"SUELO NO URBANIZABLE","NuclRural":"0","AreaLamber":2035.69163828,"Shape_STAr":0.0022271356364},"geometry":{"type":"Polygon","coordinates":[[[-4.502575778999926,42.39210764100005],[-4.504600637999943,42.387866442000075],[-4.508456818999946,42.387572642000066],[-4.510492457999931,42.37772063800003],[-4.513722555999948,42.37566078000003],[-4.523707232999925,42.37367340600008],[-4.527738704999933,42.37764533200004],[-4.525897724999936,42.37886759600008],[-4.526926572999969,42.38172672200005],[-4.533399108999959,42.39462657100006],[-4.539655419999974,42.40304410700003],[-4.540107456999976,42.40662228800005],[-4.528440269999976,42.42059300500006],[-4.5290280199999415,42.42377316400007],[-4.53098758699997,42.42437741800006],[-4.528575160999935,42.42614767900005],[-4.5286638189999735,42.43029808800003],[-4.488144404999957,42.42973225500003],[-4.47837395199997,42.42522069900008],[-4.479311500999927,42.42321836800005],[-4.477470676999928,42.40486157200007],[-4.493743696999957,42.39930145200003],[-4.502575778999926,42.39210764100005]],[[-4.494557670999939,42.41186612900003],[-4.4948732989999485,42.41488471900004],[-4.497412763999932,42.41447515300007],[-4.500393189999954,42.41121040300004],[-4.494557670999939,42.41186612900003]]]}},{"type":"Feature","properties":{"ClaseSuelo":"SUELO URBANO","NuclRural":"0","AreaLamber":13.26927643,"Shape_STAr":0.000014518500925},"geometry":{"type":"Polygon","coordinates":[[[-4.494557670999939,42.41186612900003],[-4.500393189999954,42.41121040300004],[-4.497412763999932,42.41447515300007],[-4.4948732989999485,42.41488471900004],[-4.494557670999939,42.41186612900003]]]}},{"type":"Feature","properties":{"ClaseSuelo":"SUELO NO URBANIZABLE","NuclRural":"0","AreaLamber":2194.99386642,"Shape_STAr":0.00238384020147},"geometry":{"type":"Polygon","coordinates":[[[-4.851221150999947,41.92748702600005],[-4.852599176999945,41.92092618100003],[-4.855941868999935,41.915594448000036],[-4.8591594539999505,41.91511006400003],[-4.86302593299996,41.91828064100008],[-4.867697026999963,41.91760129100004],[-4.869319945999962,41.92321283800004],[-4.869086138999933,41.93172763000007],[-4.873961305999956,41.93304410200005],[-4.8897785309999335,41.932784715000025],[-4.887360677999936,41.93382420700004],[-4.8891994579999505,41.93441538500008],[-4.887067070999933,41.93859337300006],[-4.893998606999958,41.93721829400005],[-4.888896322999926,41.942535056000054],[-4.87617585299995,41.96743003500006],[-4.855762234999929,41.97676829900007],[-4.847675120999952,41.972584794000056],[-4.846645169999931,41.97411443200008],[-4.842462116999968,41.97345216400004],[-4.82955151699997,41.96683195400004],[-4.828367973999946,41.96553589600006],[-4.828667270999972,41.95279618200004],[-4.826189545999966,41.947152637000045],[-4.827359919999935,41.94166715600005],[-4.839323891999925,41.93653155100003],[-4.838481786999978,41.93577049900006],[-4.840846884999962,41.934543750000046],[-4.840339556999936,41.93284068200006],[-4.851221150999947,41.92748702600005]],[[-4.85840522999996,41.94462292400004],[-4.856941782999968,41.94274815700004],[-4.8528351059999295,41.945132640000054],[-4.85553232999996,41.94600441800003],[-4.85840522999996,41.94462292400004]]]}},{"type":"Feature","properties":{"ClaseSuelo":"SUELO URBANO","NuclRural":"0","AreaLamber":10.09186411,"Shape_STAr":0.0000109594049219},"geometry":{"type":"Polygon","coordinates":[[[-4.85840522999996,41.94462292400004],[-4.85553232999996,41.94600441800003],[-4.8528351059999295,41.945132640000054],[-4.856941782999968,41.94274815700004],[-4.85840522999996,41.94462292400004]]]}},{"type":"Feature","properties":{"ClaseSuelo":"SUELO NO URBANIZABLE","NuclRural":"0","AreaLamber":3211.54087381,"Shape_STAr":0.00348202935031},"geometry":{"type":"Polygon","coordinates":[[[-4.152461720999952,41.83562566200004],[-4.148607916999936,41.83765473600005],[-4.13066557999997,41.83371663100007],[-4.125147722999941,41.83566219000005],[-4.117211442999974,41.830830941000045],[-4.116879353999934,41.823493736000046],[-4.123195524999971,41.80731023300007],[-4.150732433999963,41.798868680000055],[-4.15386256499994,41.79621633200003],[-4.1635100369999805,41.80124385700003],[-4.170267781999939,41.80019349000003],[-4.178826662999938,41.80351953500008],[-4.190359785999931,41.80163528800006],[-4.196310506999964,41.803816131000076],[-4.213946503999978,41.79940693300006],[-4.231591841999943,41.80693783000004],[-4.235195423999926,41.81342899200007],[-4.239231792999931,41.81609652900005],[-4.235207651999929,41.82033699600004],[-4.222148058999949,41.82183671100006],[-4.218975421999971,41.825338000000045],[-4.214570098999957,41.82479923400007],[-4.212333774999934,41.82753387100007],[-4.209576432999938,41.82562650700004],[-4.1998866019999355,41.83227599400004],[-4.201717732999953,41.83488681100005],[-4.194083587999955,41.833011973000055],[-4.187604353999973,41.83496155300003],[-4.182295569999951,41.839672783000026],[-4.17015116999994,41.838139874000035],[-4.157917164999958,41.83427384500004],[-4.152248891999932,41.83450195700004],[-4.152461720999952,41.83562566200004]],[[-4.172798550999971,41.82329137500005],[-4.173783438999976,41.82388266500004],[-4.1799617579999335,41.81847016800003],[-4.17618416199997,41.81705165000005],[-4.1725017239999715,41.81889647300005],[-4.17247092599996,41.82011566600005],[-4.175520831999961,41.82071462400006],[-4.172798550999971,41.82329137500005]]]}},{"type":"Feature","properties":{"ClaseSuelo":"SUELO URBANO","NuclRural":"0","AreaLamber":19.18976718,"Shape_STAr":0.0000208066124985},"geometry":{"type":"Polygon","coordinates":[[[-4.172798550999971,41.82329137500005],[-4.175520831999961,41.82071462400006],[-4.17247092599996,41.82011566600005],[-4.1725017239999715,41.81889647300005],[-4.17618416199997,41.81705165000005],[-4.1799617579999335,41.81847016800003],[-4.173783438999976,41.82388266500004],[-4.172798550999971,41.82329137500005]]]}},{"type":"Feature","properties":{"ClaseSuelo":"SUELO NO URBANIZABLE","NuclRural":"0","AreaLamber":2847.91108256,"Shape_STAr":0.00310913408915},"geometry":{"type":"Polygon","coordinates":[[[-4.315150163999931,42.290834199000074],[-4.301512180999964,42.27119475000006],[-4.301899507999963,42.26173405900005],[-4.304641601999947,42.255362681000065],[-4.307912786999964,42.250570261000064],[-4.315698930999929,42.24491551500006],[-4.340332028999967,42.23589454800003],[-4.365034083999944,42.24839183100005],[-4.374821017999977,42.248049809000065],[-4.374145311999939,42.256010192000076],[-4.36946127799996,42.26756683600007],[-4.358296801999927,42.28464873000007],[-4.339919768999948,42.29657248500007],[-4.326537205999955,42.29994310500007],[-4.314736271999948,42.29484655400006],[-4.315150163999931,42.290834199000074]],[[-4.34380295699998,42.25973521000003],[-4.34816243299997,42.261407543000075],[-4.347682200999941,42.25748134600008],[-4.349182618999976,42.256838178000066],[-4.345066298999939,42.25686428100005],[-4.34380295699998,42.25973521000003]]]}},{"type":"Feature","properties":{"ClaseSuelo":"SUELO URBANO","NuclRural":"0","AreaLamber":16.63008696,"Shape_STAr":0.0000181532708787},"geometry":{"type":"Polygon","coordinates":[[[-4.34380295699998,42.25973521000003],[-4.345066298999939,42.25686428100005],[-4.349182618999976,42.256838178000066],[-4.347682200999941,42.25748134600008],[-4.34816243299997,42.261407543000075],[-4.34380295699998,42.25973521000003]]]}},{"type":"Feature","properties":{"ClaseSuelo":"SUELO URBANO","NuclRural":"0","AreaLamber":5.41557151,"Shape_STAr":0.00000590744170997},"geometry":{"type":"Polygon","coordinates":[[[-4.2475053079999725,42.21163588400003],[-4.244604979999963,42.21287095200006],[-4.24366234699994,42.211610009000026],[-4.246710121999968,42.20938519900005],[-4.2475053079999725,42.21163588400003]]]}},{"type":"Feature","properties":{"ClaseSuelo":"SUELO NO URBANIZABLE","NuclRural":"0","AreaLamber":2944.09937643,"Shape_STAr":0.00319636003166},"geometry":{"type":"Polygon","coordinates":[[[-4.418372262999981,41.890391597000075],[-4.413203861999932,41.88832072500003],[-4.4171720879999725,41.88626336500005],[-4.4293098169999325,41.88791431200008],[-4.431924964999951,41.88627856800008],[-4.44166931999996,41.89189390400003],[-4.456946366999944,41.89741134600007],[-4.454860341999961,41.90110346700004],[-4.4573038289999545,41.90729604200004],[-4.456247013999928,41.911191280000025],[-4.459958184999948,41.91848452200003],[-4.4549278179999305,41.92954535300004],[-4.450357990999976,41.93119730800004],[-4.443066826999939,41.92771354300004],[-4.438238626999976,41.92968349100005],[-4.435723816999939,41.93317347000004],[-4.429313200999957,41.929668813000035],[-4.425531074999981,41.93097673400007],[-4.423278752999977,41.93491351000006],[-4.423563280999929,41.93035266700008],[-4.41872327699997,41.93182658100005],[-4.414361319999955,41.929835886000035],[-4.4063694819999455,41.93333849800007],[-4.404118524999944,41.932447370000034],[-4.395764903999975,41.93654810500004],[-4.393362013999933,41.935325369000054],[-4.394625701999928,41.93242793200005],[-4.393704369999966,41.93110614300008],[-4.391198430999964,41.93400961900005],[-4.386168058999942,41.93453878200006],[-4.384395520999931,41.931218724000075],[-4.374420831999942,41.931779841000036],[-4.372055460999945,41.92946641300006],[-4.373950165999929,41.92333730000007],[-4.370810786999925,41.91808794200006],[-4.3748545379999655,41.91322108000003],[-4.37693403399993,41.90674744000006],[-4.3791002539999795,41.905442513000025],[-4.3880158789999655,41.906830220000074],[-4.387328228999934,41.90347005500007],[-4.390938735999953,41.900958579000076],[-4.388018778999935,41.898616153000035],[-4.389451827999949,41.89687856300003],[-4.3951016759999675,41.89780981700005],[-4.398066889999939,41.89392793800005],[-4.397523126999943,41.89165587800005],[-4.393797215999939,41.893259295000064],[-4.3922385109999595,41.891422833000036],[-4.388946168999951,41.89134560400004],[-4.396950143999959,41.88693436900007],[-4.40239001599997,41.88766967300006],[-4.402839738999944,41.88894312300005],[-4.405524355999944,41.88714500700007],[-4.408299762999945,41.88838995500004],[-4.407546012999944,41.891389393000054],[-4.417541487999927,41.89206807700003],[-4.418372262999981,41.890391597000075]],[[-4.444115583999974,41.910846767000066],[-4.441021503999934,41.90831747000004],[-4.43837829499995,41.90843833000008],[-4.440833171999941,41.90956931800008],[-4.439423042999977,41.91080202900008],[-4.440200671999946,41.911894811000025],[-4.444115583999974,41.910846767000066]]]}},{"type":"Feature","properties":{"ClaseSuelo":"SUELO URBANO","NuclRural":"0","AreaLamber":7.70637179,"Shape_STAr":0.00000836633336394},"geometry":{"type":"Polygon","coordinates":[[[-4.444115583999974,41.910846767000066],[-4.440200671999946,41.911894811000025],[-4.439423042999977,41.91080202900008],[-4.440833171999941,41.90956931800008],[-4.43837829499995,41.90843833000008],[-4.441021503999934,41.90831747000004],[-4.444115583999974,41.910846767000066]]]}},{"type":"Feature","properties":{"ClaseSuelo":"SUELO NO URBANIZABLE","NuclRural":"0","AreaLamber":2000.15478622,"Shape_STAr":0.00219699744313},"geometry":{"type":"Polygon","coordinates":[[[-4.363182285999926,42.663016603000074],[-4.35090815999996,42.65629965200003],[-4.349669150999944,42.64865050900005],[-4.357406573999981,42.64655092300006],[-4.364447366999968,42.64162235800006],[-4.380578086999947,42.63634113300003],[-4.391614090999951,42.63789177000007],[-4.3938245949999555,42.63637900400005],[-4.399632331999953,42.638649705000034],[-4.403294810999967,42.643684069000074],[-4.419537150999929,42.65470502900007],[-4.434128739999949,42.65576621400004],[-4.463312154999926,42.652110477000065],[-4.462013917999968,42.65606243900004],[-4.4670472069999505,42.65997857000008],[-4.457327273999965,42.66121920900008],[-4.451725458999931,42.65906591800007],[-4.442250393999927,42.65929356000004],[-4.436194598999975,42.66071139300004],[-4.432122867999965,42.66458965900006],[-4.42839939199996,42.663978705000034],[-4.424535935999927,42.666854509000075],[-4.41681247899993,42.66796783900003],[-4.408619410999961,42.67207627000005],[-4.405317068999977,42.67066690000007],[-4.403523757999949,42.67177854500005],[-4.394942015999959,42.67111781700004],[-4.378367777999927,42.67655955300006],[-4.372957829999962,42.672526927000035],[-4.373593500999959,42.67035796700003],[-4.370303995999961,42.670604463000075],[-4.363258002999942,42.66592449600006],[-4.363182285999926,42.663016603000074]],[[-4.38566127699994,42.661124088000065],[-4.386650337999924,42.65913939100005],[-4.383408226999961,42.65767553100005],[-4.3827667349999615,42.659788528000036],[-4.3850422319999325,42.66064925400008],[-4.384878224999966,42.66209355700005],[-4.38566127699994,42.661124088000065]]]}},{"type":"Feature","properties":{"ClaseSuelo":"SUELO URBANO","NuclRural":"0","AreaLamber":6.80209162,"Shape_STAr":0.00000747194128858},"geometry":{"type":"Polygon","coordinates":[[[-4.38566127699994,42.661124088000065],[-4.384878224999966,42.66209355700005],[-4.3850422319999325,42.66064925400008],[-4.3827667349999615,42.659788528000036],[-4.383408226999961,42.65767553100005],[-4.386650337999924,42.65913939100005],[-4.38566127699994,42.661124088000065]]]}},{"type":"Feature","properties":{"ClaseSuelo":"SUELO NO URBANIZABLE","NuclRural":"0","AreaLamber":1251.60950117,"Shape_STAr":0.00136512121314},"geometry":{"type":"Polygon","coordinates":[[[-4.550692152999943,42.197003874000075],[-4.550076854999929,42.195616252000036],[-4.564948951999952,42.18920019500007],[-4.566626767999935,42.19044715100006],[-4.566114741999968,42.19472300600006],[-4.568704883999942,42.195633257000054],[-4.572437627999932,42.192799294000054],[-4.578752965999968,42.19885468200005],[-4.577525995999963,42.19968210300004],[-4.582977653999933,42.20651463100006],[-4.590608716999952,42.211317362000045],[-4.591780920999952,42.218433857000036],[-4.5895384219999755,42.220806509000056],[-4.57286587599998,42.228114995000055],[-4.557861009999954,42.22897716400007],[-4.554327533999981,42.23263648300008],[-4.546300678999955,42.23494240600007],[-4.541524685999946,42.22792799000007],[-4.540095802999929,42.22148989400006],[-4.548424077999925,42.21422702000007],[-4.5472865989999605,42.21180173500005],[-4.549592263999955,42.207006429000046],[-4.548857794999947,42.204215471000055],[-4.550692152999943,42.197003874000075]],[[-4.567825566999943,42.203840944000035],[-4.564438326999948,42.20462836100006],[-4.570270357999959,42.20654516600007],[-4.570560677999936,42.20537485700004],[-4.567825566999943,42.203840944000035]]]}},{"type":"Feature","properties":{"ClaseSuelo":"SUELO URBANO","NuclRural":"0","AreaLamber":7.39543527,"Shape_STAr":0.00000806511949594},"geometry":{"type":"Polygon","coordinates":[[[-4.567825566999943,42.203840944000035],[-4.570560677999936,42.20537485700004],[-4.570270357999959,42.20654516600007],[-4.564438326999948,42.20462836100006],[-4.567825566999943,42.203840944000035]]]}},{"type":"Feature","properties":{"ClaseSuelo":"SUELO NO URBANIZABLE","NuclRural":"0","AreaLamber":2176.8856551,"Shape_STAr":0.00237860754947},"geometry":{"type":"Polygon","coordinates":[[[-4.431330786999979,42.34013716100003],[-4.430604521999953,42.345585699000026],[-4.411617303999947,42.34288505100005],[-4.407185239999933,42.34066104900006],[-4.3938636979999615,42.34210251800005],[-4.388276003999977,42.339738725000075],[-4.382977087999961,42.34000986700005],[-4.3686037709999255,42.33383319200004],[-4.3578807319999555,42.33133994600007],[-4.355953908999936,42.32752626300004],[-4.3645601219999435,42.315221318000056],[-4.369132179999951,42.31061889100005],[-4.377389129999926,42.30755711900008],[-4.378647054999931,42.30459709500008],[-4.386181833999956,42.305172722000066],[-4.402651508999952,42.30160432300005],[-4.407527711999933,42.30211196100004],[-4.418215614999951,42.308041254000045],[-4.428359533999981,42.31075223000005],[-4.434186777999969,42.31516442600008],[-4.431330786999979,42.34013716100003]],[[-4.3983318969999345,42.31788822900006],[-4.395911807999937,42.31574961700005],[-4.393738377999966,42.31720074400005],[-4.3957163269999455,42.31897521900004],[-4.3983318969999345,42.31788822900006]]]}},{"type":"Feature","properties":{"ClaseSuelo":"SUELO URBANO","NuclRural":"0","AreaLamber":8.18725464,"Shape_STAr":0.00000894509504528},"geometry":{"type":"Polygon","coordinates":[[[-4.3983318969999345,42.31788822900006],[-4.3957163269999455,42.31897521900004],[-4.393738377999966,42.31720074400005],[-4.395911807999937,42.31574961700005],[-4.3983318969999345,42.31788822900006]]]}},{"type":"Feature","properties":{"ClaseSuelo":"SUELO NO URBANIZABLE","NuclRural":"0","AreaLamber":2524.29201017,"Shape_STAr":0.00275773010948},"geometry":{"type":"Polygon","coordinates":[[[-4.510050762999981,42.32477266500007],[-4.502395766999939,42.314696612000034],[-4.510768268999925,42.307075790000056],[-4.530327582999973,42.29809887400006],[-4.533933665999939,42.294727554000076],[-4.55089350999998,42.290329807000035],[-4.5607868699999585,42.29309550500005],[-4.57226383099993,42.29267760300007],[-4.577769372999967,42.297960481000075],[-4.576772313999925,42.31245555300006],[-4.571133613999962,42.32235826100003],[-4.555109303999927,42.33349164500004],[-4.539219110999966,42.33990193500006],[-4.537212299999965,42.34323395900003],[-4.5173137989999645,42.34974888600004],[-4.51551905499997,42.348827010000036],[-4.511784403999968,42.33888891000004],[-4.512880394999968,42.33346199600004],[-4.510050762999981,42.32477266500007]],[[-4.5438747149999585,42.31779258000006],[-4.546148394999932,42.315608903000054],[-4.543199534999928,42.31476019000007],[-4.539143962999958,42.317432963000044],[-4.542509721999977,42.31925384300007],[-4.5438747149999585,42.31779258000006]]]}},{"type":"Feature","properties":{"ClaseSuelo":"SUELO URBANO","NuclRural":"0","AreaLamber":16.09240866,"Shape_STAr":0.0000175805550072},"geometry":{"type":"Polygon","coordinates":[[[-4.5438747149999585,42.31779258000006],[-4.542509721999977,42.31925384300007],[-4.539143962999958,42.317432963000044],[-4.543199534999928,42.31476019000007],[-4.546148394999932,42.315608903000054],[-4.5438747149999585,42.31779258000006]]]}},{"type":"Feature","properties":{"ClaseSuelo":"SUELO NO URBANIZABLE","NuclRural":"0","AreaLamber":1308.88332314,"Shape_STAr":0.00143164682607},"geometry":{"type":"Polygon","coordinates":[[[-4.724774028999946,42.38583802800008],[-4.724597567999979,42.37850107700007],[-4.726157450999949,42.37824345300004],[-4.7320105029999695,42.38304524700004],[-4.744735185999957,42.38940839500003],[-4.736036920999936,42.398239896000064],[-4.716909520999934,42.40573245000007],[-4.707762858999956,42.41438838000005],[-4.691408109999941,42.41771076300006],[-4.67845869599995,42.41387556500007],[-4.675782879999929,42.40786292900003],[-4.674344905999931,42.39628468400008],[-4.672432396999966,42.39426831500003],[-4.675350867999953,42.392991936000044],[-4.677693156999965,42.38878807400005],[-4.680157916999974,42.38873397200007],[-4.68330164799994,42.39181282200008],[-4.685971596999934,42.39034169400003],[-4.700055298999928,42.38999862700007],[-4.724774028999946,42.38583802800008]],[[-4.696412241999951,42.401325617000055],[-4.693479311999965,42.40357446400003],[-4.698252171999968,42.40479957800005],[-4.698018026999932,42.40652675100006],[-4.699416546999942,42.403833890000044],[-4.702383356999974,42.403022039000064],[-4.701493201999938,42.40137460100004],[-4.696412241999951,42.401325617000055]]]}},{"type":"Feature","properties":{"ClaseSuelo":"SUELO URBANO","NuclRural":"0","AreaLamber":7.88832893,"Shape_STAr":0.00000863065631565},"geometry":{"type":"Polygon","coordinates":[[[-4.665068703999964,42.41750639900005],[-4.662229242999956,42.41788177700005],[-4.663612526999941,42.41609235300007],[-4.662931287999925,42.413752619000036],[-4.665734264999969,42.41624584400006],[-4.665068703999964,42.41750639900005]]]}},{"type":"Feature","properties":{"ClaseSuelo":"SUELO NO URBANIZABLE","NuclRural":"0","AreaLamber":4618.51433222,"Shape_STAr":0.00502298100718},"geometry":{"type":"Polygon","coordinates":[[[-4.089432663999958,41.987246320000054],[-4.081914802999961,41.979580687000066],[-4.068844947999935,41.979748079000046],[-4.07685969399995,41.97686315200008],[-4.088925378999932,41.97872185600005],[-4.090618193999944,41.97676936900007],[-4.097474689999956,41.97610061800003],[-4.097630421999952,41.97884615100003],[-4.090213566999978,41.98135758400008],[-4.091366792999963,41.983859481000025],[-4.100970494999956,41.989162785000076],[-4.108895648999976,41.98739329800003],[-4.117773233999969,41.98764949200006],[-4.117138142999977,41.98653885300007],[-4.121378422999953,41.98602018100007],[-4.1155477309999355,41.982564387000025],[-4.120744763999937,41.978794065000045],[-4.122448506999945,41.98233503600005],[-4.126707032999946,41.98218526100004],[-4.124869888999967,41.984112666000044],[-4.133352141999978,41.98320066700006],[-4.135002106999934,41.99522617100007],[-4.133525682999959,41.99979807700004],[-4.142593688999966,41.99844728800008],[-4.152044072999956,42.004261161000045],[-4.157255137999925,42.00329009300003],[-4.160821781999971,42.01217056200005],[-4.160309623999979,42.015886427000055],[-4.163101454999946,42.02526998800005],[-4.150092223999934,42.03601069700005],[-4.13468907999993,42.03673136700007],[-4.126718912999934,42.04514987600004],[-4.1125725389999275,42.048791367000035],[-4.109961124999927,42.04871757400008],[-4.100286771999947,42.04269528400005],[-4.079887619999965,42.03678254600004],[-4.0636796529999515,42.04364372200007],[-4.056981483999948,42.03974271000004],[-4.0478842979999285,42.03905154200004],[-4.055085543999951,42.02737613900007],[-4.0659933859999455,42.02229476100007],[-4.057003404999932,42.00531039700007],[-4.054503693999948,41.99652491000006],[-4.066452295999966,41.997693526000035],[-4.079073609999966,41.99505378100008],[-4.08107728799996,41.99644897500008],[-4.084449065999934,41.99592182200007],[-4.089432663999958,41.987246320000054]],[[-4.124903505999953,42.02409811900003],[-4.124638580999942,42.022855148000076],[-4.121292220999976,42.023517010000035],[-4.122230080999941,42.02486433800004],[-4.121032749999927,42.027042014000074],[-4.127085927999929,42.02569146500008],[-4.124903505999953,42.02409811900003]]]}},{"type":"Feature","properties":{"ClaseSuelo":"SUELO URBANO","NuclRural":"0","AreaLamber":12.54399372,"Shape_STAr":0.0000136443715953},"geometry":{"type":"Polygon","coordinates":[[[-4.124903505999953,42.02409811900003],[-4.127085927999929,42.02569146500008],[-4.121032749999927,42.027042014000074],[-4.122230080999941,42.02486433800004],[-4.121292220999976,42.023517010000035],[-4.124638580999942,42.022855148000076],[-4.124903505999953,42.02409811900003]]]}},{"type":"Feature","properties":{"ClaseSuelo":"SUELO NO URBANIZABLE","NuclRural":"0","AreaLamber":2057.39503603,"Shape_STAr":0.00224368647917},"geometry":{"type":"Polygon","coordinates":[[[-4.377358878999928,42.18861537500004],[-4.394835868999962,42.18264032800005],[-4.4058963519999566,42.173021884000036],[-4.417173934999937,42.17110894900003],[-4.420305584999937,42.16876465800004],[-4.4185301309999545,42.163536030000046],[-4.426505962999954,42.168309488000034],[-4.427352608999968,42.17796253700004],[-4.432062384999938,42.18760343900004],[-4.430551228999946,42.191476901000044],[-4.43221761999996,42.19501352200007],[-4.4251067719999355,42.198722513000064],[-4.419749254999942,42.207740983000065],[-4.41657599499996,42.22781867500004],[-4.400468882999974,42.22770121600007],[-4.396665096999925,42.23050342800008],[-4.38161953599996,42.22185970600003],[-4.381755824999971,42.21755316300005],[-4.377382119999936,42.21142757700005],[-4.3785582609999665,42.20367721100007],[-4.375804885999969,42.19234454300005],[-4.377358878999928,42.18861537500004]],[[-4.396231635999925,42.20190516400004],[-4.393746359999966,42.20092058600005],[-4.3911902599999735,42.20242796500003],[-4.3911482489999685,42.204502751000064],[-4.394456930999979,42.205119102000026],[-4.396231635999925,42.20190516400004]]]}},{"type":"Feature","properties":{"ClaseSuelo":"SUELO URBANO","NuclRural":"0","AreaLamber":16.45795942,"Shape_STAr":0.0000179492935087},"geometry":{"type":"Polygon","coordinates":[[[-4.396231635999925,42.20190516400004],[-4.394456930999979,42.205119102000026],[-4.3911482489999685,42.204502751000064],[-4.3911902599999735,42.20242796500003],[-4.393746359999966,42.20092058600005],[-4.396231635999925,42.20190516400004]]]}},{"type":"Feature","properties":{"ClaseSuelo":"SUELO NO URBANIZABLE","NuclRural":"0","AreaLamber":2048.67008505,"Shape_STAr":0.00222333095353},"geometry":{"type":"Polygon","coordinates":[[[-4.472791592999954,41.86299318400006],[-4.4760230189999675,41.856286803000046],[-4.487351674999957,41.87051526700003],[-4.4917840829999705,41.873024679000025],[-4.499480775999928,41.88731701300003],[-4.504126264999968,41.89164248600008],[-4.506605801999967,41.896617648000074],[-4.506073551999975,41.90012818300005],[-4.500591847999942,41.91005310400004],[-4.488223500999936,41.91223148900008],[-4.4820556849999775,41.90778994200008],[-4.477540919999967,41.90650612600007],[-4.471788102999938,41.91062393200008],[-4.463557489999971,41.910296781000056],[-4.457653917999949,41.91208309900003],[-4.456247013999928,41.911191280000025],[-4.4573038289999545,41.90729604200004],[-4.454860341999961,41.90110346700004],[-4.456946366999944,41.89741134600007],[-4.435128488999965,41.888859516000025],[-4.438332134999939,41.88391084700004],[-4.452611627999943,41.873688799000035],[-4.457401619999928,41.86811607800007],[-4.467589526999973,41.86469896300008],[-4.472589317999962,41.86468001600008],[-4.472791592999954,41.86299318400006]],[[-4.48297473599996,41.90707684700004],[-4.487144761999957,41.908521961000076],[-4.483036367999944,41.90622524300005],[-4.4838892099999725,41.902535072000035],[-4.478666569999973,41.90286761200008],[-4.477829166999925,41.90547749500007],[-4.48297473599996,41.90707684700004]]]}},{"type":"Feature","properties":{"ClaseSuelo":"SUELO URBANO","NuclRural":"0","AreaLamber":18.27496969,"Shape_STAr":0.0000198380204942},"geometry":{"type":"Polygon","coordinates":[[[-4.48297473599996,41.90707684700004],[-4.477829166999925,41.90547749500007],[-4.478666569999973,41.90286761200008],[-4.4838892099999725,41.902535072000035],[-4.483036367999944,41.90622524300005],[-4.487144761999957,41.908521961000076],[-4.48297473599996,41.90707684700004]]]}},{"type":"Feature","properties":{"ClaseSuelo":"SUELO URBANO","NuclRural":"0","AreaLamber":9.17221364,"Shape_STAr":0.0000099431120152},"geometry":{"type":"Polygon","coordinates":[[[-4.367770929999949,41.81369563800007],[-4.36612355099993,41.81458128700007],[-4.361812707999945,41.81323086500004],[-4.363292660999946,41.81265351900004],[-4.3629537709999795,41.81085755500004],[-4.364082223999958,41.812220172000025],[-4.367571317999932,41.81150236900004],[-4.367770929999949,41.81369563800007]]]}},{"type":"Feature","properties":{"ClaseSuelo":"SUELO NO URBANIZABLE","NuclRural":"0","AreaLamber":3039.81548435,"Shape_STAr":0.00330849325171},"geometry":{"type":"Polygon","coordinates":[[[-4.8095218279999585,42.080186866000076],[-4.810423474999936,42.07363417300007],[-4.813291357999958,42.07161652800005],[-4.83803672199997,42.07041215000004],[-4.849025651999966,42.067542712000034],[-4.857404067999937,42.06844306100004],[-4.8641711479999685,42.064667789000055],[-4.870527545999948,42.063807799000074],[-4.882934082999952,42.06401009800004],[-4.882035490999954,42.06632140900007],[-4.8867383099999415,42.071251561000054],[-4.904176935999942,42.07839344200005],[-4.899343792999957,42.08414741800004],[-4.899483753999959,42.08681090500005],[-4.877914326999928,42.10156681400008],[-4.8746751659999745,42.108194242000025],[-4.847894822999933,42.10810647900007],[-4.8337422729999275,42.11224225300003],[-4.829589597999927,42.109165447000066],[-4.8120390459999385,42.111686571000064],[-4.8094839639999805,42.109034087000055],[-4.808032512999944,42.100951474000055],[-4.8095218279999585,42.080186866000076]],[[-4.830954262999967,42.08802797000004],[-4.834289097999942,42.08897932700006],[-4.836203936999937,42.085935911000036],[-4.832435178999958,42.085742476000064],[-4.830954262999967,42.08802797000004]]]}},{"type":"Feature","properties":{"ClaseSuelo":"SUELO URBANO","NuclRural":"0","AreaLamber":12.47311478,"Shape_STAr":0.0000135755460152},"geometry":{"type":"Polygon","coordinates":[[[-4.830954262999967,42.08802797000004],[-4.832435178999958,42.085742476000064],[-4.836203936999937,42.085935911000036],[-4.834289097999942,42.08897932700006],[-4.830954262999967,42.08802797000004]]]}},{"type":"Feature","properties":{"ClaseSuelo":"SUELO NO URBANIZABLE","NuclRural":"0","AreaLamber":1846.15724628,"Shape_STAr":0.00202844637262},"geometry":{"type":"Polygon","coordinates":[[[-4.510400598999979,42.66459376300003],[-4.513136729999928,42.66018103300007],[-4.548589489999927,42.655078796000055],[-4.555858367999974,42.65154929600004],[-4.558273573999941,42.654956570000024],[-4.555950559999928,42.66405659900005],[-4.557787824999934,42.66677830900005],[-4.558257484999956,42.67239134400006],[-4.5620956069999465,42.677021946000025],[-4.560453745999951,42.68261869100007],[-4.558131608999929,42.68445137300006],[-4.560121136999953,42.68542391500006],[-4.559505810999951,42.688151936000054],[-4.550315669999975,42.68576408900003],[-4.557004069999948,42.707727747000035],[-4.541624512999931,42.714878843000065],[-4.538550470999951,42.714028617000054],[-4.541208267999934,42.70891384400005],[-4.539200771999958,42.70426700200005],[-4.52785674699993,42.697259458000076],[-4.5181495799999425,42.68818485800006],[-4.507344238999963,42.68203261900004],[-4.511312979999957,42.678080986000055],[-4.510400598999979,42.66459376300003]],[[-4.527109498999948,42.67319312800004],[-4.527104486999974,42.67194570100003],[-4.529029556999944,42.67207709400003],[-4.525394972999948,42.66827813100008],[-4.526455824999971,42.672615945000075],[-4.525203072999943,42.67299840800007],[-4.527109498999948,42.67319312800004]],[[-4.527993195999954,42.66877956600007],[-4.526612608999926,42.66832457400005],[-4.528531288999943,42.67071131500006],[-4.529739182999947,42.670055683000044],[-4.527993195999954,42.66877956600007]]]}},{"type":"Feature","properties":{"ClaseSuelo":"SUELO URBANO","NuclRural":"0","AreaLamber":9.54807868,"Shape_STAr":0.0000104894816904},"geometry":{"type":"MultiPolygon","coordinates":[[[[-4.525630632999935,42.67313838900003],[-4.525394972999948,42.66827813100008],[-4.529029556999944,42.67207709400003],[-4.527104486999974,42.67194570100003],[-4.526631296999938,42.67391113300005],[-4.525630632999935,42.67313838900003]]],[[[-4.528735689999962,42.66971663700008],[-4.526612608999926,42.66832457400005],[-4.529739182999947,42.670055683000044],[-4.528531288999943,42.67071131500006],[-4.528735689999962,42.66971663700008]]]]}},{"type":"Feature","properties":{"ClaseSuelo":"SUELO NO URBANIZABLE","NuclRural":"0","AreaLamber":7549.55770862,"Shape_STAr":0.0082121463483},"geometry":{"type":"MultiPolygon","coordinates":[[[[-4.147889249999935,42.13032962200003],[-4.144057863999933,42.12921506200007],[-4.141585577999933,42.12360173900004],[-4.142082732999938,42.11962502000006],[-4.137705706999952,42.119749537000075],[-4.1324594079999315,42.12336789600005],[-4.126020481999944,42.12253060100005],[-4.1239153399999395,42.12389316600007],[-4.123187180999935,42.12718758400007],[-4.1202153189999535,42.12812625400005],[-4.10839270699995,42.11900055900003],[-4.107590751999965,42.11393775700003],[-4.103779200999952,42.10968746800006],[-4.092486409999935,42.10783210400007],[-4.085658485999943,42.10321357200007],[-4.076394652999966,42.105381271000056],[-4.063092901999937,42.10118216600006],[-4.0562070059999655,42.10091248700007],[-4.0603761109999255,42.09128227400004],[-4.066144074999954,42.089121360000036],[-4.066503673999932,42.086046844000066],[-4.077485700999944,42.08267497600008],[-4.0946285569999645,42.08681785400006],[-4.103035828999964,42.08704360000007],[-4.104106476999959,42.061626243000035],[-4.107457005999947,42.06803355900007],[-4.112191190999965,42.07125711900005],[-4.119799178999926,42.07013841600008],[-4.1221423029999755,42.072772427000075],[-4.120647099999928,42.07504764000004],[-4.121837607999964,42.07606274200003],[-4.137575040999934,42.07524140600003],[-4.138238460999958,42.07110089100007],[-4.142728897999973,42.06939910300008],[-4.142273760999956,42.07569911000007],[-4.1587244849999365,42.079551104000075],[-4.166986601999952,42.07849472500004],[-4.1814906899999755,42.08157066100006],[-4.178172591999953,42.08519831000007],[-4.180260330999943,42.08889650000003],[-4.1802832149999745,42.09339044700005],[-4.175165280999977,42.09978343300003],[-4.173993265999968,42.10836046900005],[-4.171507604999931,42.10934053500006],[-4.174890440999945,42.11436751200006],[-4.174163312999951,42.121498934000044],[-4.186897341999952,42.12642051700004],[-4.178315161999933,42.130759890000036],[-4.17677244999993,42.12585828200008],[-4.168118223999954,42.12960321600008],[-4.154146141999945,42.131743921000066],[-4.147889249999935,42.13032962200003]],[[-4.132430148999958,42.09759615300004],[-4.134763573999976,42.09754974400005],[-4.132612515999938,42.096619574000044],[-4.13315098399994,42.09523754000003],[-4.1280291769999735,42.09326947200003],[-4.126904091999961,42.09416784600006],[-4.127790382999933,42.09546859100004],[-4.125655113999926,42.09652090800006],[-4.132430148999958,42.09759615300004]]],[[[-4.032978871999944,41.95408281700003],[-4.024219531999961,41.95411618300005],[-4.019605532999947,41.95836335800004],[-4.0174400339999465,41.93977461700007],[-4.014980054999967,41.93373483600004],[-4.01646313699996,41.92532745700004],[-4.008287440999936,41.91082649600003],[-4.007025747999933,41.909567594000066],[-3.9983925869999553,41.91344372000003],[-3.9831368159999556,41.91330493500004],[-3.9807001929999615,41.90061712500005],[-3.998234434999972,41.89241422100008],[-4.0071131399999445,41.88515846100006],[-4.017388457999971,41.87946591700006],[-4.035218123999925,41.87379474800008],[-4.033312610999928,41.878198130000044],[-4.033413610999958,41.88747408000006],[-4.03672243099993,41.90951086500007],[-4.04198097699998,41.922225870000034],[-4.041320939999935,41.927626873000065],[-4.043468040999926,41.94024380600007],[-4.040364841999974,41.946009211000046],[-4.040365135999934,41.95048555300008],[-4.05083760499997,41.96003645800005],[-4.049182058999975,41.96431175400005],[-4.044993614999953,41.96647550200004],[-4.048867351999945,41.988560601000074],[-4.0386046739999415,41.980313670000044],[-4.027492921999965,41.97539685900006],[-4.027396307999936,41.97313704100003],[-4.031808831999967,41.96609028100005],[-4.032978871999944,41.95408281700003]]],[[[-4.097189187999959,41.98760480000004],[-4.091366792999963,41.983859481000025],[-4.090213566999978,41.98135758400008],[-4.097630421999952,41.97884615100003],[-4.09800540699996,41.974672498000075],[-4.104849380999951,41.967005275000076],[-4.129749648999962,41.96787089500003],[-4.126083318999974,41.974184507000075],[-4.133352141999978,41.98320066700006],[-4.124869888999967,41.984112666000044],[-4.126707032999946,41.98218526100004],[-4.122448506999945,41.98233503600005],[-4.120744763999937,41.978794065000045],[-4.1155477309999355,41.982564387000025],[-4.121378422999953,41.98602018100007],[-4.117138142999977,41.98653885300007],[-4.117773233999969,41.98764949200006],[-4.108895648999976,41.98739329800003],[-4.100970494999956,41.989162785000076],[-4.097189187999959,41.98760480000004]]],[[[-4.03056578099995,42.079115942000044],[-4.032166353999969,42.079407780000054],[-4.027599734999967,42.087851699000055],[-4.029798908999965,42.09299264300006],[-4.0353747009999665,42.09604068200008],[-4.035415287999967,42.10150717600004],[-4.037694443999953,42.10258537200008],[-4.033436030999951,42.10697385000003],[-4.025640120999981,42.09155282900008],[-4.024374631999933,42.08354845500003],[-4.024322693999977,42.081072164000034],[-4.03056578099995,42.079115942000044]]]]}},{"type":"Feature","properties":{"ClaseSuelo":"SUELO NO URBANIZABLE","NuclRural":"0","AreaLamber":5271.5444308,"Shape_STAr":0.00573138932134},"geometry":{"type":"Polygon","coordinates":[[[-4.792431587999943,41.99613890300003],[-4.7787107629999355,41.98945357700006],[-4.804892845999973,41.98550527100008],[-4.814384934999964,41.982239391000064],[-4.819579474999955,41.97644714100005],[-4.826404380999975,41.973258557000065],[-4.830342340999948,41.96747680400006],[-4.846645169999931,41.97411443200008],[-4.8470939049999515,41.97752960100007],[-4.851102346999937,41.98298585800006],[-4.858676559999935,41.98857338900007],[-4.859472860999972,41.99187479300008],[-4.854273908999971,42.00117233700007],[-4.86493833399993,42.00580882100007],[-4.860953121999955,42.014492500000074],[-4.865995849999933,42.025866508000036],[-4.874580334999962,42.034777793000046],[-4.873151439999958,42.04494210400003],[-4.870301237999968,42.04622245500008],[-4.86514871199995,42.04356846300004],[-4.860951254999975,42.043816754000034],[-4.830961964999972,42.05221575500008],[-4.826383016999955,42.05772847900005],[-4.804108400999951,42.062367883000036],[-4.7970861859999445,42.05379614100008],[-4.78961628899998,42.05287719300003],[-4.784929119999958,42.04948281900005],[-4.774648456999955,42.04784105900006],[-4.773499371999947,42.04693118600005],[-4.77452031699994,42.041070356000034],[-4.773449949999929,42.03734031000005],[-4.777520448999951,42.03643974000005],[-4.794963946999928,42.019209413000056],[-4.788454337999951,42.005009108000024],[-4.792431587999943,41.99613890300003]],[[-4.826387044999933,42.031738450000034],[-4.8241635099999485,42.02842254600006],[-4.82100718099997,42.028581220000035],[-4.821720950999975,42.03299574000005],[-4.825645594999969,42.03322514300004],[-4.826387044999933,42.031738450000034]],[[-4.829531452999959,42.031333440000026],[-4.8321760539999445,42.03144860100008],[-4.829839254999968,42.029684720000034],[-4.829531452999959,42.031333440000026]]]}},{"type":"Feature","properties":{"ClaseSuelo":"SUELO URBANO","NuclRural":"0","AreaLamber":23.83314543,"Shape_STAr":0.000025917082335},"geometry":{"type":"MultiPolygon","coordinates":[[[[-4.824313899999936,42.033174133000045],[-4.821135495999954,42.03234944700006],[-4.82139189399993,42.02815994300005],[-4.8241635099999485,42.02842254600006],[-4.826104571999963,42.03086791100003],[-4.826374785999974,42.03274597400008],[-4.824313899999936,42.033174133000045]]],[[[-4.828819415999931,42.03044565500005],[-4.829839254999968,42.029684720000034],[-4.8321760539999445,42.03144860100008],[-4.829439617999981,42.03196010600004],[-4.828819415999931,42.03044565500005]]]]}},{"type":"Feature","properties":{"ClaseSuelo":"SUELO NO URBANIZABLE","NuclRural":"0","AreaLamber":864.06719574,"Shape_STAr":0.000942580039938},"geometry":{"type":"Polygon","coordinates":[[[-4.23210993999993,42.21682575300008],[-4.230617477999942,42.21047443200007],[-4.234527512999932,42.20347971900003],[-4.238173784999958,42.200387370000044],[-4.24541678199995,42.198516795000046],[-4.255271290999929,42.19949019200004],[-4.264986209999961,42.208020428000054],[-4.269583963999935,42.21015815700008],[-4.2731609299999604,42.20910985200004],[-4.27491368099993,42.21313414900004],[-4.270356232999973,42.223298535000026],[-4.271280696999952,42.22528764500004],[-4.260277402999975,42.22525587700005],[-4.257397136999941,42.22299992300003],[-4.2507324009999365,42.223595088000025],[-4.226928678999968,42.229561801000045],[-4.23210993999993,42.21682575300008]],[[-4.2475053079999725,42.21163588400003],[-4.246710121999968,42.20938519900005],[-4.24366234699994,42.211610009000026],[-4.244604979999963,42.21287095200006],[-4.2475053079999725,42.21163588400003]]]}},{"type":"Feature","properties":{"ClaseSuelo":"SUELO URBANO","NuclRural":"0","AreaLamber":7.52368152,"Shape_STAr":0.00000818466948463},"geometry":{"type":"Polygon","coordinates":[[[-4.401479651999978,42.04030231000007],[-4.399704723999946,42.04222495100004],[-4.398525983999946,42.041022127000076],[-4.400047656999959,42.039378799000076],[-4.4036556739999355,42.03963261200005],[-4.401479651999978,42.04030231000007]]]}},{"type":"Feature","properties":{"ClaseSuelo":"SUELO NO URBANIZABLE","NuclRural":"0","AreaLamber":3890.29242839,"Shape_STAr":0.0042225685032},"geometry":{"type":"Polygon","coordinates":[[[-4.352404528999955,41.86300539800004],[-4.355385867999928,41.85983594100003],[-4.360693825999931,41.85902563900004],[-4.367736007999952,41.86328322400004],[-4.385967351999966,41.86058788100007],[-4.39435324599998,41.87669836500004],[-4.3928734969999255,41.88125566100007],[-4.390462695999929,41.88234765000004],[-4.392094174999954,41.88421928100007],[-4.396262511999964,41.884691074000045],[-4.388946168999951,41.89134560400004],[-4.3922385109999595,41.891422833000036],[-4.393797215999939,41.893259295000064],[-4.397523126999943,41.89165587800005],[-4.398066889999939,41.89392793800005],[-4.3951016759999675,41.89780981700005],[-4.389451827999949,41.89687856300003],[-4.388018778999935,41.898616153000035],[-4.390938735999953,41.900958579000076],[-4.387328228999934,41.90347005500007],[-4.3880158789999655,41.906830220000074],[-4.377790898999933,41.90566537900003],[-4.3748545379999655,41.91322108000003],[-4.370810786999925,41.91808794200006],[-4.373950165999929,41.92333730000007],[-4.372055460999945,41.92946641300006],[-4.374420831999942,41.931779841000036],[-4.384395520999931,41.931218724000075],[-4.383865018999927,41.93401715400006],[-4.374078069999939,41.933792408000045],[-4.373008845999948,41.93567856200008],[-4.3701752119999355,41.93346976500004],[-4.370970818999979,41.93063220700003],[-4.365830371999948,41.92995491000005],[-4.361075902999971,41.934379540000066],[-4.3601789719999715,41.93247176500006],[-4.350857831999974,41.933158193000054],[-4.347449666999978,41.93111771000008],[-4.349883183999964,41.92869338200006],[-4.348435399999971,41.92809794100003],[-4.349528494999959,41.926743120000026],[-4.347445058999938,41.92574083300008],[-4.34734290199998,41.92375157400005],[-4.326831251999977,41.91396603000004],[-4.32252671699996,41.90813435800004],[-4.313433914999962,41.90157380000005],[-4.30796279599997,41.90168127100003],[-4.307717407999974,41.899108167000065],[-4.300200844999949,41.90237284900007],[-4.296021204999931,41.90136631300004],[-4.294482245999973,41.893214647000036],[-4.298180781999974,41.89251541500005],[-4.296695544999977,41.88940688500003],[-4.3000040079999735,41.88969372400004],[-4.3026105429999575,41.887466569000026],[-4.306341221999958,41.88954976500003],[-4.313275647999944,41.888552005000065],[-4.312315782999974,41.88641039000004],[-4.315342294999937,41.88529497300004],[-4.31117237899997,41.881181586000025],[-4.313180071999966,41.87858274800004],[-4.31638195499994,41.87957285200008],[-4.31851581199993,41.876675256000055],[-4.321682667999937,41.880061382000065],[-4.323241596999935,41.874423284000045],[-4.326415649999944,41.87581872800007],[-4.326674394999941,41.87784223500006],[-4.330304269999942,41.87505322100003],[-4.332719552999947,41.87588085200008],[-4.348485300999926,41.86742871700005],[-4.352404528999955,41.86300539800004]],[[-4.360926551999967,41.87982407100003],[-4.360112623999953,41.880380573000025],[-4.364020508999943,41.87993938400007],[-4.360926551999967,41.87982407100003]]]}},{"type":"Feature","properties":{"ClaseSuelo":"SUELO URBANO","NuclRural":"0","AreaLamber":3.80151504,"Shape_STAr":0.0000041253027514},"geometry":{"type":"Polygon","coordinates":[[[-4.360926551999967,41.87982407100003],[-4.364020508999943,41.87993938400007],[-4.360112623999953,41.880380573000025],[-4.360926551999967,41.87982407100003]]]}},{"type":"Feature","properties":{"ClaseSuelo":"SUELO NO URBANIZABLE","NuclRural":"0","AreaLamber":3253.48869469,"Shape_STAr":0.00354053018134},"geometry":{"type":"Polygon","coordinates":[[[-4.163305875999924,42.024556404000066],[-4.161850236999953,42.022229450000054],[-4.175509267999928,42.027359226000044],[-4.19292616499996,42.041454861000034],[-4.191844320999962,42.04433916200003],[-4.185724481999955,42.047924058000035],[-4.1844387539999275,42.05871804700007],[-4.185641777999933,42.06296566700007],[-4.19441752299997,42.06817047100003],[-4.19098829099994,42.07288942900004],[-4.194237165999937,42.07789025500006],[-4.190939623999952,42.08127488800005],[-4.178283747999956,42.08140548000006],[-4.166986601999952,42.07849472500004],[-4.161232021999979,42.07982297800004],[-4.1516809289999514,42.07847816700007],[-4.142273760999956,42.07569911000007],[-4.142728897999973,42.06939910300008],[-4.138238460999958,42.07110089100007],[-4.137575040999934,42.07524140600003],[-4.121837607999964,42.07606274200003],[-4.120647099999928,42.07504764000004],[-4.1221423029999755,42.072772427000075],[-4.119799178999926,42.07013841600008],[-4.113154337999958,42.07172512300008],[-4.107457005999947,42.06803355900007],[-4.104616673999942,42.06177444400004],[-4.1000062419999495,42.05795495700005],[-4.097432952999952,42.05169307700004],[-4.092211460999977,42.049518266000064],[-4.084418005999964,42.03890141200003],[-4.100286771999947,42.04269528400005],[-4.109961124999927,42.04871757400008],[-4.120104098999946,42.04760132500007],[-4.126718912999934,42.04514987600004],[-4.133968950999929,42.036999671000046],[-4.150092223999934,42.03601069700005],[-4.163305875999924,42.024556404000066]],[[-4.132722074999947,42.05220092700006],[-4.134689003999938,42.04908308100005],[-4.131638448999979,42.04897026500004],[-4.129280559999927,42.05076941000004],[-4.129817273999947,42.05273594700003],[-4.132722074999947,42.05220092700006]]]}},{"type":"Feature","properties":{"ClaseSuelo":"SUELO URBANO","NuclRural":"0","AreaLamber":10.59101805,"Shape_STAr":0.0000115246032225},"geometry":{"type":"Polygon","coordinates":[[[-4.132722074999947,42.05220092700006],[-4.129817273999947,42.05273594700003],[-4.129280559999927,42.05076941000004],[-4.131638448999979,42.04897026500004],[-4.134689003999938,42.04908308100005],[-4.132722074999947,42.05220092700006]]]}},{"type":"Feature","properties":{"ClaseSuelo":"SUELO NO URBANIZABLE","NuclRural":"0","AreaLamber":4061.3385255,"Shape_STAr":0.0044420169487},"geometry":{"type":"Polygon","coordinates":[[[-4.450585728999954,42.35026090400004],[-4.444885579999948,42.34257889300005],[-4.448047258999964,42.341224183000065],[-4.465634880999971,42.35470756400008],[-4.470509515999936,42.35442904100006],[-4.4906562629999485,42.359185197000045],[-4.499191826999947,42.35914600400008],[-4.503337920999968,42.36293718700006],[-4.514363157999981,42.361369256000046],[-4.517563915999972,42.37074693900007],[-4.523703886999954,42.37252972500005],[-4.523707232999925,42.37367340600008],[-4.515869395999971,42.37452472700005],[-4.510492457999931,42.37772063800003],[-4.508456818999946,42.387572642000066],[-4.504600637999943,42.387866442000075],[-4.5011533599999325,42.39410751300005],[-4.494630394999945,42.39877657900007],[-4.477470676999928,42.40486157200007],[-4.479311500999927,42.42321836800005],[-4.47837395199997,42.42522069900008],[-4.481150450999962,42.42749932700008],[-4.479255666999961,42.42911777300003],[-4.461926285999937,42.43093393700008],[-4.451341585999955,42.43637265500007],[-4.443285973999934,42.43712269900004],[-4.439840061999973,42.43583317300005],[-4.442844660999981,42.432193174000076],[-4.442952823999974,42.42842746300005],[-4.438144726999951,42.418041311000025],[-4.438341685999944,42.41549024500006],[-4.440695757999947,42.414794286000074],[-4.44174658999998,42.41238558100008],[-4.441502638999964,42.40491395400005],[-4.439906311999948,42.40099852900005],[-4.436560773999929,42.39815866200007],[-4.439076052999951,42.397100488000035],[-4.436622231999934,42.39339389200006],[-4.439310270999954,42.38341791700003],[-4.437086719999968,42.37913206500008],[-4.436421783999947,42.37020672800003],[-4.441083434999939,42.35736012600006],[-4.446722996999938,42.35494764500004],[-4.450585728999954,42.35026090400004]],[[-4.465648158999954,42.38956592400007],[-4.463612019999971,42.38683469500006],[-4.457627164999963,42.38923684500003],[-4.462051707999933,42.39068185000008],[-4.465648158999954,42.38956592400007]]]}},{"type":"Feature","properties":{"ClaseSuelo":"SUELO URBANO","NuclRural":"0","AreaLamber":15.88212195,"Shape_STAr":0.000017371139656},"geometry":{"type":"Polygon","coordinates":[[[-4.465648158999954,42.38956592400007],[-4.462051707999933,42.39068185000008],[-4.457627164999963,42.38923684500003],[-4.463612019999971,42.38683469500006],[-4.465648158999954,42.38956592400007]]]}},{"type":"Feature","properties":{"ClaseSuelo":"SUELO URBANO","NuclRural":"0","AreaLamber":9.82847058,"Shape_STAr":0.0000106516432989},"geometry":{"type":"Polygon","coordinates":[[[-4.464144881999971,41.79865323200005],[-4.466567780999981,41.79672366600005],[-4.470305941999925,41.798236866000025],[-4.466367380999941,41.79965640700004],[-4.464144881999971,41.79865323200005]]]}},{"type":"Feature","properties":{"ClaseSuelo":"SUELO NO URBANIZABLE","NuclRural":"0","AreaLamber":2090.60542041,"Shape_STAr":0.0022956421669},"geometry":{"type":"Polygon","coordinates":[[[-4.399860537999928,42.636314481000056],[-4.401255480999964,42.630533885000034],[-4.406513577999931,42.62736259300004],[-4.409806139999944,42.62627751700006],[-4.41335879899998,42.62807092300005],[-4.428938974999937,42.620376219000036],[-4.4440864809999425,42.61997935100004],[-4.455518109999957,42.623914341000045],[-4.464875222999979,42.62304773400007],[-4.4735030469999515,42.62798028700007],[-4.480052386999944,42.62800400500004],[-4.486665632999973,42.63840086600004],[-4.485426048999955,42.64218123100005],[-4.479407022999965,42.645555063000074],[-4.474967498999945,42.65126770900008],[-4.432995447999929,42.65582541100008],[-4.419537150999929,42.65470502900007],[-4.416085662999933,42.65314472400007],[-4.403294810999967,42.643684069000074],[-4.4027430599999775,42.641385401000036],[-4.398030003999963,42.637903780000045],[-4.399860537999928,42.636314481000056]],[[-4.436904901999981,42.63911745300004],[-4.437078668999959,42.63791955600004],[-4.434435191999967,42.63802409400006],[-4.43546930499997,42.63986846500006],[-4.436904901999981,42.63911745300004]]]}},{"type":"Feature","properties":{"ClaseSuelo":"SUELO URBANO","NuclRural":"0","AreaLamber":18.1216906,"Shape_STAr":0.0000197329039702},"geometry":{"type":"Polygon","coordinates":[[[-4.132553467999969,42.09637073700003],[-4.134763573999976,42.09754974400005],[-4.125655113999926,42.09652090800006],[-4.127790382999933,42.09546859100004],[-4.127511277999929,42.09320123100008],[-4.13315098399994,42.09523754000003],[-4.132553467999969,42.09637073700003]]]}},{"type":"Feature","properties":{"ClaseSuelo":"SUELO NO URBANIZABLE","NuclRural":"0","AreaLamber":4876.2737903,"Shape_STAr":0.00528770608007},"geometry":{"type":"Polygon","coordinates":[[[-4.083647609999957,41.89020708000004],[-4.077927079999938,41.884046160000025],[-4.06632768999998,41.87648066000003],[-4.072651779999944,41.87415210000006],[-4.079652869999961,41.87412262000004],[-4.088825138999937,41.870649660000026],[-4.084972739999955,41.864435410000056],[-4.080944899999963,41.86207754000003],[-4.079318819999969,41.84844762000006],[-4.088048489999949,41.84466363000007],[-4.0908146199999464,41.83872000000008],[-4.090067448999946,41.83086421000007],[-4.058714769999938,41.80483054000007],[-4.048882899999967,41.80277700000005],[-4.042988929999979,41.79112181000005],[-4.037998099999925,41.78985194000006],[-4.039544629999966,41.78126353000005],[-4.038513319999936,41.77400442000004],[-4.040876639999965,41.76835395000006],[-4.04820462999993,41.769917650000025],[-4.055404469999928,41.77392284000007],[-4.061457679999933,41.774731820000056],[-4.064077979999979,41.77019532000003],[-4.071628459999943,41.77062064000006],[-4.0837929799999415,41.77855864000003],[-4.089093339999977,41.77962542000006],[-4.096616239999946,41.774807440000075],[-4.100272299999972,41.77470949000008],[-4.104152029999966,41.78135529000008],[-4.108624629999952,41.785338280000076],[-4.1103564599999345,41.79436431000005],[-4.11789693999998,41.80027173000008],[-4.123195389999978,41.80730838000005],[-4.116878969999959,41.823491800000056],[-4.117137399999933,41.833531710000045],[-4.111895629999935,41.849398320000034],[-4.092778129999942,41.83944893000006],[-4.091517179999926,41.83895652000007],[-4.091309429999967,41.84020142000003],[-4.096042929999953,41.852234450000026],[-4.109538959999952,41.85594194000004],[-4.116587949999939,41.86156598000008],[-4.122412979999979,41.86948022000007],[-4.129547719999948,41.870914510000034],[-4.134560259999944,41.88386181000004],[-4.123519759999965,41.88730265000004],[-4.113884129999974,41.88632456000005],[-4.1070594599999595,41.88757932000004],[-4.092806009999947,41.89358808000003],[-4.083647609999957,41.89020708000004]],[[-4.067144327999927,41.793648663000056],[-4.075129114999925,41.79096907400003],[-4.071437311999944,41.790498737000064],[-4.071181756999977,41.78831659200006],[-4.066664411999966,41.792615022000064],[-4.067144327999927,41.793648663000056]]]}},{"type":"Feature","properties":{"ClaseSuelo":"SUELO NO URBANIZABLE","NuclRural":"1","AreaLamber":0.73007664,"Shape_STAr":7.91273766566e-7},"geometry":{"type":"Polygon","coordinates":[[[-4.072251168999969,41.79169301200005],[-4.072963984999944,41.79093320000004],[-4.07457429599998,41.791243389000044],[-4.072251168999969,41.79169301200005]]]}},{"type":"Feature","properties":{"ClaseSuelo":"SUELO URBANO","NuclRural":"0","AreaLamber":13.9969209,"Shape_STAr":0.0000151702360388},"geometry":{"type":"Polygon","coordinates":[[[-4.066975640999942,41.79337055900004],[-4.071181756999977,41.78831659200006],[-4.071437311999944,41.790498737000064],[-4.075129114999925,41.79096907400003],[-4.066975640999942,41.79337055900004]]]}},{"type":"Feature","properties":{"ClaseSuelo":"SUELO NO URBANIZABLE","NuclRural":"0","AreaLamber":3373.18613346,"Shape_STAr":0.00369321903072},"geometry":{"type":"Polygon","coordinates":[[[-4.469657918999928,42.48551661000005],[-4.448202589999937,42.48638376000008],[-4.445028749999949,42.47588721000005],[-4.432384981999974,42.467166355000074],[-4.436295899999948,42.463731160000066],[-4.441287559999978,42.45333010000007],[-4.442558350999946,42.44564131000004],[-4.4456562199999325,42.44075731000004],[-4.439018889999943,42.43815705000003],[-4.439841006999927,42.43583291700003],[-4.449409259999925,42.43689161000003],[-4.459823369999981,42.43142831000006],[-4.473189709999929,42.42908715000004],[-4.4776191189999395,42.42979568000004],[-4.481150856999932,42.42749903300006],[-4.484943399999963,42.42747674000003],[-4.4881451589999415,42.42973170000005],[-4.505375289999961,42.43092985000004],[-4.513403009999934,42.429086160000054],[-4.528664074999938,42.43029777100003],[-4.523208809999971,42.437439710000035],[-4.520930379999925,42.44679075000005],[-4.51791690999994,42.45141452000007],[-4.520191089999969,42.45443732000007],[-4.520924449999939,42.460119140000074],[-4.499236579999945,42.46868973000005],[-4.477925589999927,42.48163708000004],[-4.472800329999927,42.48669208000007],[-4.469657918999928,42.48551661000005]],[[-4.479140406999932,42.464098043000035],[-4.481873417999964,42.46248719400006],[-4.480882534999978,42.46189317100004],[-4.479140406999932,42.464098043000035]],[[-4.481436603999953,42.45195576000003],[-4.479420381999944,42.45154996700006],[-4.477693194999972,42.453753610000035],[-4.482525285999941,42.45890194200007],[-4.4834929099999385,42.456805985000074],[-4.481436603999953,42.45195576000003]],[[-4.4832297939999535,42.453037281000036],[-4.483030196999948,42.45307491800003],[-4.483148226999958,42.45328082200007],[-4.4832297939999535,42.453037281000036]]]}},{"type":"Feature","properties":{"ClaseSuelo":"SUELO NO URBANIZABLE","NuclRural":"1","AreaLamber":2.15771994,"Shape_STAr":0.00000236234577048},"geometry":{"type":"MultiPolygon","coordinates":[[[[-4.479237912999963,42.452725859000054],[-4.479420381999944,42.45154996700006],[-4.481377045999977,42.451772842000025],[-4.479237912999963,42.452725859000054]]],[[[-4.4832297939999535,42.453037281000036],[-4.483148226999958,42.45328082200007],[-4.483030196999948,42.45307491800003],[-4.4832297939999535,42.453037281000036]]]]}},{"type":"Feature","properties":{"ClaseSuelo":"SUELO URBANO","NuclRural":"0","AreaLamber":17.61439176,"Shape_STAr":0.0000192859973993},"geometry":{"type":"MultiPolygon","coordinates":[[[[-4.48232468599997,42.458910255000035],[-4.477693194999972,42.453753610000035],[-4.478324598999961,42.452600704000076],[-4.4823324099999695,42.45215122700006],[-4.4834929099999385,42.456805985000074],[-4.48232468599997,42.458910255000035]]],[[[-4.479140406999932,42.464098043000035],[-4.480882534999978,42.46189317100004],[-4.481873417999964,42.46248719400006],[-4.479140406999932,42.464098043000035]]]]}},{"type":"Feature","properties":{"ClaseSuelo":"SUELO NO URBANIZABLE","NuclRural":"0","AreaLamber":6860.95519057,"Shape_STAr":0.00754115611386},"geometry":{"type":"MultiPolygon","coordinates":[[[[-4.69103703299993,42.73386689400007],[-4.681958950999956,42.731542096000055],[-4.678598546999979,42.72153233600005],[-4.674086814999953,42.72043666700006],[-4.662167086999943,42.705805389000034],[-4.6490936699999565,42.72024085100003],[-4.644007397999928,42.72234018200004],[-4.64139918799998,42.721621123000034],[-4.639993177999941,42.722956053000075],[-4.6413506899999675,42.72534106200004],[-4.62576822799997,42.73292967500004],[-4.6185491879999745,42.73999303700003],[-4.606569716999957,42.74209774800005],[-4.599561564999931,42.74085396000004],[-4.5945095939999305,42.74156374100005],[-4.594264204999945,42.742953991000036],[-4.591154591999953,42.73744986200006],[-4.584068208999952,42.733099322000044],[-4.58017050899997,42.73402665300006],[-4.570269395999958,42.732811895000054],[-4.565725175999944,42.73426988600005],[-4.562201535999975,42.73746085600004],[-4.57755881199995,42.71435873400003],[-4.585905801999957,42.70788574200003],[-4.590623511999979,42.70709994200007],[-4.596686310999928,42.70163041100005],[-4.597024180999938,42.69766332100005],[-4.592470976999948,42.69099960200003],[-4.618759979999936,42.683255916000064],[-4.632791033999979,42.68303887500008],[-4.6466553679999265,42.68853188200006],[-4.649913000999959,42.69400533100003],[-4.649890219999975,42.692222591000075],[-4.655841899999928,42.68787716000003],[-4.666429845999971,42.68259073100006],[-4.6802697879999755,42.694302556000025],[-4.6866118059999735,42.68731121500008],[-4.690430686999946,42.68589510400005],[-4.693768765999948,42.67847035400007],[-4.695908546999931,42.67996061300005],[-4.711657858999956,42.67657446000004],[-4.717343600999925,42.67829044000007],[-4.732737590999932,42.67052109700006],[-4.75412549999993,42.68076804300006],[-4.7593483839999635,42.690242682000076],[-4.767274972999928,42.69813534300005],[-4.762768059999928,42.70496790200008],[-4.75284322899995,42.710244173000035],[-4.745531716999949,42.70860874400006],[-4.740977983999926,42.705147915000055],[-4.728356321999968,42.705717297000035],[-4.7235491569999795,42.72349427800003],[-4.713169336999954,42.73288056000007],[-4.698054906999971,42.74169681200004],[-4.69103703299993,42.73386689400007]],[[-4.693671876999929,42.725775602000056],[-4.694933526999932,42.725352728000075],[-4.693909077999933,42.723618083000076],[-4.6914279569999735,42.72278748100007],[-4.690693674999977,42.72384707900005],[-4.693671876999929,42.725775602000056]],[[-4.669099630999938,42.706511265000074],[-4.670942258999958,42.706186063000075],[-4.668416562999937,42.70545740800003],[-4.669099630999938,42.706511265000074]],[[-4.630107245999966,42.71346224100006],[-4.63141257999996,42.71464967700007],[-4.628960271999972,42.71425411300004],[-4.6308488769999485,42.71542808300006],[-4.630022991999965,42.71753015200005],[-4.636008850999929,42.717714940000064],[-4.635319642999946,42.71432199600008],[-4.630107245999966,42.71346224100006]]],[[[-4.63194197699994,42.71666419200005],[-4.632051757999932,42.71665610900004],[-4.6317135479999365,42.71691842400003],[-4.63194197699994,42.71666419200005]]]]}},{"type":"Feature","properties":{"ClaseSuelo":"SUELO URBANO","NuclRural":"0","AreaLamber":20.82842284,"Shape_STAr":0.000022897413753},"geometry":{"type":"MultiPolygon","coordinates":[[[[-4.635037464999925,42.71812625900003],[-4.631373083999961,42.71674208300004],[-4.632304909999959,42.71289189300006],[-4.635942734999958,42.71496630400003],[-4.635037464999925,42.71812625900003]]],[[[-4.66892973299997,42.70649572800005],[-4.668416562999937,42.70545740800003],[-4.670942258999958,42.706186063000075],[-4.66892973299997,42.70649572800005]]],[[[-4.693615008999927,42.72563718600003],[-4.690693674999977,42.72384707900005],[-4.6914279569999735,42.72278748100007],[-4.693909077999933,42.723618083000076],[-4.694933526999932,42.725352728000075],[-4.693615008999927,42.72563718600003]]]]}},{"type":"Feature","properties":{"ClaseSuelo":"SUELO NO URBANIZABLE","NuclRural":"0","AreaLamber":2099.54738163,"Shape_STAr":0.00231338490917},"geometry":{"type":"Polygon","coordinates":[[[-4.335245224999937,42.82445535000005],[-4.335292460999938,42.82323905100003],[-4.346940496999935,42.824453402000074],[-4.357897288999936,42.82256789400003],[-4.358955488999925,42.82899428600007],[-4.368856499999936,42.832469540000034],[-4.366911549999941,42.83026841900005],[-4.369646392999925,42.82834458100007],[-4.381055122999953,42.82477644800008],[-4.396253688999934,42.83257997900006],[-4.390629445999934,42.83439548500007],[-4.38926510999994,42.838491514000054],[-4.398747526999955,42.842797724000036],[-4.391424634999964,42.84693940200003],[-4.396758820999935,42.85121505800004],[-4.401228255999968,42.85131353000003],[-4.399012196999934,42.85344790000005],[-4.398650987999929,42.860224380000034],[-4.400994907999973,42.86265419000006],[-4.393589006999946,42.86374419100008],[-4.3898527039999635,42.86908479200008],[-4.3804252829999655,42.872900092000066],[-4.381044697999926,42.87542313600005],[-4.378237879999972,42.878590845000076],[-4.376937729999952,42.88455004900004],[-4.374051448999978,42.88747546400003],[-4.372411015999944,42.892475070000046],[-4.368166033999955,42.89435396500005],[-4.352513105999947,42.89432388600005],[-4.3490694539999595,42.89085247400004],[-4.359984728999962,42.886544823000065],[-4.358728657999961,42.881201530000055],[-4.354547692999972,42.87591088000005],[-4.351097394999954,42.87602370400003],[-4.351218564999954,42.87484256300007],[-4.364551842999958,42.87150547600004],[-4.376412979999941,42.873056476000045],[-4.376726705999943,42.866235612000025],[-4.369986092999966,42.864785564000044],[-4.365163838999933,42.86149315900008],[-4.36240358699996,42.85676217100007],[-4.35456364099997,42.85255060500003],[-4.352062330999956,42.84785231200004],[-4.344934498999976,42.842533013000036],[-4.346697184999925,42.83691988900006],[-4.338279741999941,42.83866662100007],[-4.335976903999949,42.83514536500007],[-4.332784234999963,42.83461524200004],[-4.3281351459999655,42.82720371100004],[-4.331864543999927,42.82825004400007],[-4.335245224999937,42.82445535000005]],[[-4.363710770999944,42.87589565400003],[-4.3626762189999795,42.87500608900007],[-4.362623409999969,42.87693972500006],[-4.364597962999937,42.877137548000064],[-4.363710770999944,42.87589565400003]],[[-4.357491587999959,42.83873622300007],[-4.3562327919999575,42.83933578500006],[-4.358630694999931,42.839564076000045],[-4.357491587999959,42.83873622300007]],[[-4.341588787999967,42.83255928300008],[-4.339488505999952,42.831678116000035],[-4.339809930999934,42.83297629400005],[-4.341588787999967,42.83255928300008]],[[-4.3745354149999685,42.850403208000046],[-4.373731033999945,42.851125737000075],[-4.3752891769999565,42.85252219700004],[-4.3797184119999315,42.85312821700006],[-4.381041732999961,42.850599395000074],[-4.379224903999955,42.85030246800005],[-4.379653996999934,42.84833007700007],[-4.3745354149999685,42.850403208000046]]]}},{"type":"Feature","properties":{"ClaseSuelo":"SUELO URBANO","NuclRural":"0","AreaLamber":19.66020881,"Shape_STAr":0.0000216624743075},"geometry":{"type":"MultiPolygon","coordinates":[[[[-4.3774086769999485,42.85239409900004],[-4.373731033999945,42.851125737000075],[-4.379653996999934,42.84833007700007],[-4.379224903999955,42.85030246800005],[-4.38102431599998,42.85042741500007],[-4.380135293999956,42.85281966500003],[-4.3774086769999485,42.85239409900004]]],[[[-4.339645420999943,42.83259136600003],[-4.339488505999952,42.831678116000035],[-4.342112732999965,42.831897509000044],[-4.339645420999943,42.83259136600003]]],[[[-4.357407494999961,42.839362563000066],[-4.356301031999976,42.83895459100006],[-4.358630694999931,42.839564076000045],[-4.357407494999961,42.839362563000066]]],[[[-4.363821535999932,42.877361275000055],[-4.362623409999969,42.87693972500006],[-4.3626762189999795,42.87500608900007],[-4.364634119999948,42.87699688400005],[-4.363821535999932,42.877361275000055]]]]}},{"type":"Feature","properties":{"ClaseSuelo":"SUELO NO URBANIZABLE","NuclRural":"0","AreaLamber":3223.41876664,"Shape_STAr":0.0035150766756},"geometry":{"type":"Polygon","coordinates":[[[-4.536956815999929,42.166000662000044],[-4.535484749999966,42.16520081500005],[-4.544727182999964,42.16096096700005],[-4.547599899999966,42.16211106800006],[-4.567709942999954,42.15097669800008],[-4.56949806199998,42.15133951900003],[-4.557387369999958,42.16040257600008],[-4.5587468629999535,42.164004575000035],[-4.555690077999941,42.16473953000008],[-4.55760485199994,42.173701626000025],[-4.559783745999937,42.174176368000076],[-4.560522380999942,42.17910165100005],[-4.563929961999975,42.184711062000076],[-4.562323381999931,42.18782202600005],[-4.564205025999968,42.189480521000064],[-4.550076854999929,42.195616252000036],[-4.549592263999955,42.207006429000046],[-4.5472865989999605,42.21180173500005],[-4.548424077999925,42.21422702000007],[-4.540095802999929,42.22148989400006],[-4.541524685999946,42.22792799000007],[-4.546300678999955,42.23494240600007],[-4.538562701999979,42.23968450900003],[-4.5185104939999405,42.23489932900003],[-4.514395926999953,42.23616051600004],[-4.515296342999932,42.23428439200006],[-4.504305141999964,42.224108184000045],[-4.493857466999941,42.20908754900006],[-4.485570417999952,42.20439492100007],[-4.4734642069999495,42.202092374000074],[-4.474316624999972,42.198641105000036],[-4.486990990999971,42.19111058100003],[-4.497332202999928,42.18797707400006],[-4.507508458999951,42.18864536700005],[-4.514743013999976,42.18428120900006],[-4.514867997999943,42.178866904000074],[-4.529987391999953,42.17267725500005],[-4.536956815999929,42.166000662000044]],[[-4.4974864389999425,42.20405685900005],[-4.495114862999969,42.20374874000004],[-4.494226601999969,42.20581815400004],[-4.497347402999935,42.20577605300008],[-4.4974864389999425,42.20405685900005]],[[-4.533211153999957,42.20392381500005],[-4.534313854999937,42.19833145000007],[-4.532828342999949,42.19736115300003],[-4.525867335999976,42.202098774000035],[-4.5266831089999755,42.20363255900003],[-4.533211153999957,42.20392381500005]]]}},{"type":"Feature","properties":{"ClaseSuelo":"SUELO URBANO","NuclRural":"0","AreaLamber":38.32077812,"Shape_STAr":0.0000417894445637},"geometry":{"type":"MultiPolygon","coordinates":[[[[-4.530748021999955,42.20438690800006],[-4.5266831089999755,42.20363255900003],[-4.525867335999976,42.202098774000035],[-4.532828342999949,42.19736115300003],[-4.534313854999937,42.19833145000007],[-4.53378893699994,42.202294977000065],[-4.5331583459999365,42.20433333900007],[-4.530748021999955,42.20438690800006]]],[[[-4.494372101999943,42.20590737400005],[-4.495114862999969,42.20374874000004],[-4.4974864389999425,42.20405685900005],[-4.497347402999935,42.20577605300008],[-4.494372101999943,42.20590737400005]]]]}},{"type":"Feature","properties":{"ClaseSuelo":"SUELO NO URBANIZABLE","NuclRural":"0","AreaLamber":1545.58622373,"Shape_STAr":0.00168958577536},"geometry":{"type":"Polygon","coordinates":[[[-4.514419135999958,42.360666070000036],[-4.5173137989999645,42.34974888600004],[-4.537212299999965,42.34323395900003],[-4.539219110999966,42.33990193500006],[-4.550665494999976,42.33541599800003],[-4.559677489999956,42.34496599400006],[-4.566051183999946,42.343501272000026],[-4.571913559999928,42.34930183400007],[-4.577845271999934,42.35248947000008],[-4.574634817999936,42.359098767000035],[-4.583298322999951,42.364157789000046],[-4.574542128999951,42.368033712000056],[-4.564400980999949,42.36801937800004],[-4.541710278999972,42.37230713000008],[-4.527738704999933,42.37764533200004],[-4.523703886999954,42.37252972500005],[-4.517563915999972,42.37074693900007],[-4.514419135999958,42.360666070000036]],[[-4.568488547999948,42.35539277300006],[-4.566399029999957,42.35332820100007],[-4.56251220799993,42.35365115900004],[-4.566003686999977,42.356264183000064],[-4.568488547999948,42.35539277300006]]]}},{"type":"Feature","properties":{"ClaseSuelo":"SUELO URBANO","NuclRural":"0","AreaLamber":7.63348278,"Shape_STAr":0.00000834423524825},"geometry":{"type":"Polygon","coordinates":[[[-4.568488547999948,42.35539277300006],[-4.566003686999977,42.356264183000064],[-4.56251220799993,42.35365115900004],[-4.566399029999957,42.35332820100007],[-4.568488547999948,42.35539277300006]]]}},{"type":"Feature","properties":{"ClaseSuelo":"SUELO NO URBANIZABLE","NuclRural":"0","AreaLamber":1984.28260968,"Shape_STAr":0.00215442658487},"geometry":{"type":"Polygon","coordinates":[[[-4.637294984999926,41.915057458000035],[-4.642204714999934,41.901495612000076],[-4.644637899999964,41.89906505700003],[-4.66088123399993,41.90249690300004],[-4.658431375999953,41.89681318600003],[-4.669678516999966,41.90050497500005],[-4.67837805399995,41.89986477400004],[-4.688158280999971,41.91965271300006],[-4.68816338299996,41.928992324000035],[-4.692282833999968,41.93882073300006],[-4.683586371999979,41.94206482900006],[-4.677250440999956,41.94932668300004],[-4.66766957599998,41.95066411100004],[-4.662435743999936,41.94890270900004],[-4.65328081399997,41.94945821500005],[-4.6543435419999355,41.94343561300008],[-4.651739910999936,41.94024879400007],[-4.647720394999965,41.943431789000044],[-4.641240579999931,41.93867012800007],[-4.6368017409999425,41.92500764500005],[-4.637294984999926,41.915057458000035]],[[-4.658902189999935,41.93492321200006],[-4.6628837189999786,41.931649023000034],[-4.658454230999951,41.93272492600005],[-4.656703637999954,41.93543379600004],[-4.658902189999935,41.93492321200006]]]}},{"type":"Feature","properties":{"ClaseSuelo":"SUELO URBANO","NuclRural":"0","AreaLamber":9.7048639,"Shape_STAr":0.0000105385663955},"geometry":{"type":"Polygon","coordinates":[[[-4.658902189999935,41.93492321200006],[-4.656703637999954,41.93543379600004],[-4.658454230999951,41.93272492600005],[-4.6628837189999786,41.931649023000034],[-4.658902189999935,41.93492321200006]]]}},{"type":"Feature","properties":{"ClaseSuelo":"SUELO NO URBANIZABLE","NuclRural":"0","AreaLamber":7027.00953473,"Shape_STAr":0.00769736655395},"geometry":{"type":"Polygon","coordinates":[[[-4.799989640999968,42.472756170000025],[-4.79891263199994,42.46360544400005],[-4.80031250199994,42.45897262200003],[-4.826651102999961,42.46257230800006],[-4.854281073999971,42.461191994000046],[-4.8660830459999715,42.46297262200005],[-4.867191899999966,42.45730808400003],[-4.872047652999925,42.45904797900005],[-4.879764996999938,42.45885860100003],[-4.881872655999928,42.46182285400005],[-4.886674030999927,42.45767339500003],[-4.899998963999963,42.45068105300004],[-4.89604288299995,42.465875898000036],[-4.896844726999973,42.469068598000035],[-4.893383263999965,42.47691562400007],[-4.891912869999942,42.49191607300003],[-4.888397994999934,42.499664746000064],[-4.886351280999975,42.516601783000056],[-4.880797983999969,42.53276784500008],[-4.879038953999952,42.52932959800006],[-4.879379185999937,42.52564978500004],[-4.862144882999928,42.52132934700006],[-4.848540979999939,42.524044124000056],[-4.840934372999925,42.52745357200007],[-4.834605815999964,42.541279392000035],[-4.825585745999945,42.55395902300006],[-4.811052644999961,42.55264068200006],[-4.8080688919999375,42.54759071500007],[-4.803618153999935,42.53259471500007],[-4.799613108999949,42.52881234100005],[-4.79107053599995,42.530260963000046],[-4.790221457999962,42.523123877000046],[-4.787022322999974,42.518094707000046],[-4.777536073999954,42.50639098200003],[-4.774984183999948,42.50610633300005],[-4.780171745999951,42.50233361700003],[-4.7755491669999515,42.48649259000007],[-4.777432333999968,42.48338351600006],[-4.785598087999972,42.47402593000004],[-4.799989640999968,42.472756170000025]],[[-4.799274733999937,42.50992004200003],[-4.801786260999961,42.50691056200003],[-4.79962728199996,42.50372270100007],[-4.7976706169999375,42.50402282700003],[-4.794993968999961,42.50807512700004],[-4.791810941999927,42.508054661000074],[-4.797003391999965,42.508121482000035],[-4.799274733999937,42.50992004200003]],[[-4.8038381759999425,42.48280310000007],[-4.800552439999933,42.48425669100004],[-4.801485034999928,42.48724106200007],[-4.80396991799995,42.48610978600004],[-4.8038381759999425,42.48280310000007]],[[-4.820449923999945,42.52454793000004],[-4.818509378999977,42.52537447800006],[-4.819343749999973,42.526801058000046],[-4.822847902999968,42.52735497500004],[-4.820449923999945,42.52454793000004]]]}},{"type":"Feature","properties":{"ClaseSuelo":"SUELO URBANO","NuclRural":"0","AreaLamber":39.04663636,"Shape_STAr":0.0000427774049366},"geometry":{"type":"MultiPolygon","coordinates":[[[[-4.79794342699995,42.508927139000036],[-4.791810941999927,42.508054661000074],[-4.794993968999961,42.50807512700004],[-4.7976706169999375,42.50402282700003],[-4.79962728199996,42.50372270100007],[-4.801690674999975,42.50741090500003],[-4.799115958999948,42.50999007000007],[-4.79794342699995,42.508927139000036]]],[[[-4.801485034999928,42.48724106200007],[-4.800552439999933,42.48425669100004],[-4.803794704999973,42.48242374000006],[-4.80396991799995,42.48610978600004],[-4.801485034999928,42.48724106200007]]],[[[-4.819334867999942,42.526444146000074],[-4.818509378999977,42.52537447800006],[-4.8203177429999755,42.52445848000008],[-4.822847902999968,42.52735497500004],[-4.819334867999942,42.526444146000074]]]]}},{"type":"Feature","properties":{"ClaseSuelo":"SUELO NO URBANIZABLE","NuclRural":"0","AreaLamber":3446.24242698,"Shape_STAr":0.00375962716958},"geometry":{"type":"Polygon","coordinates":[[[-4.302106503999937,42.22641906900003],[-4.304378047999933,42.21844990900007],[-4.308872329999929,42.21606614900003],[-4.314956414999926,42.20507216300007],[-4.319459957999925,42.20552481000004],[-4.321772066999927,42.20370598100004],[-4.343714457999965,42.19766919800003],[-4.344793090999929,42.19370287000004],[-4.349669727999981,42.18952080500003],[-4.354409303999944,42.18802397700006],[-4.355687184999965,42.18491977900004],[-4.362210599999969,42.18418507200005],[-4.377425689999939,42.18946114900007],[-4.375804885999969,42.19234454300005],[-4.3785582609999665,42.20367721100007],[-4.377382119999936,42.21142757700005],[-4.381755824999971,42.21755316300005],[-4.38161953599996,42.22185970600003],[-4.396665096999925,42.23050342800008],[-4.374821017999977,42.248049809000065],[-4.365034083999944,42.24839183100005],[-4.340332028999967,42.23589454800003],[-4.315698930999929,42.24491551500006],[-4.307912786999964,42.250570261000064],[-4.306076673999939,42.24970858700004],[-4.303488971999968,42.24295647900004],[-4.294845590999955,42.23756066300007],[-4.297032748999925,42.23605897300007],[-4.302106503999937,42.22641906900003]],[[-4.345518153999933,42.21510660900003],[-4.343227000999946,42.211868766000066],[-4.3388746819999255,42.21475362000007],[-4.339392253999961,42.21653257400004],[-4.341708104999952,42.217170227000054],[-4.345518153999933,42.21510660900003]],[[-4.355967444999976,42.20847105900003],[-4.356359147999967,42.208434288000035],[-4.355533987999934,42.208260015000064],[-4.355967444999976,42.20847105900003]],[[-4.357603819999952,42.207416254000066],[-4.356452244999957,42.20779351200008],[-4.3573913119999474,42.20833889200003],[-4.357603819999952,42.207416254000066]],[[-4.357979437999973,42.20805337400003],[-4.357536446999973,42.20830755500003],[-4.357482630999925,42.20860502600004],[-4.357979437999973,42.20805337400003]]]}},{"type":"Feature","properties":{"ClaseSuelo":"SUELO URBANO","NuclRural":"0","AreaLamber":21.33922398,"Shape_STAr":0.0000232774333561},"geometry":{"type":"MultiPolygon","coordinates":[[[[-4.341065680999975,42.216576083000064],[-4.339392253999961,42.21653257400004],[-4.3388746819999255,42.21475362000007],[-4.343227000999946,42.211868766000066],[-4.345763903999966,42.215560081000035],[-4.341065680999975,42.216576083000064]]],[[[-4.356452244999957,42.20779351200008],[-4.3577249469999515,42.207649263000064],[-4.3573913119999474,42.20833889200003],[-4.356452244999957,42.20779351200008]]],[[[-4.357482630999925,42.20860502600004],[-4.357536446999973,42.20830755500003],[-4.357979437999973,42.20805337400003],[-4.357482630999925,42.20860502600004]]],[[[-4.355967444999976,42.20847105900003],[-4.355533987999934,42.208260015000064],[-4.356359147999967,42.208434288000035],[-4.355967444999976,42.20847105900003]]]]}},{"type":"Feature","properties":{"ClaseSuelo":"SUELO NO URBANIZABLE","NuclRural":"0","AreaLamber":1222.09535869,"Shape_STAr":0.00133713015326},"geometry":{"type":"Polygon","coordinates":[[[-4.684636262999959,42.42263747800007],[-4.67944715699997,42.42769369900003],[-4.677219900999944,42.434435464000046],[-4.675700423999956,42.432161257000075],[-4.6636531659999605,42.43631716400006],[-4.630110009999953,42.42226392400005],[-4.628566725999974,42.41288399100006],[-4.659557685999971,42.39949854100007],[-4.662442757999941,42.39601659200008],[-4.6726243099999465,42.40149704300006],[-4.675577282999939,42.40104867400004],[-4.675782879999929,42.40786292900003],[-4.678009869999926,42.411171445000036],[-4.67952177199993,42.41910126300007],[-4.680399625999939,42.42102460600006],[-4.684636262999959,42.42263747800007]],[[-4.665068703999964,42.41750639900005],[-4.665734264999969,42.41624584400006],[-4.662931287999925,42.413752619000036],[-4.663612526999941,42.41609235300007],[-4.662229242999956,42.41788177700005],[-4.665068703999964,42.41750639900005]]]}},{"type":"Feature","properties":{"ClaseSuelo":"SUELO NO URBANIZABLE","NuclRural":"0","AreaLamber":2098.9379133,"Shape_STAr":0.00227445382821},"geometry":{"type":"Polygon","coordinates":[[[-4.447648306999952,41.76945407200003],[-4.4468425629999615,41.75821482300006],[-4.456622549999963,41.759838573000025],[-4.484633092999957,41.76953159300007],[-4.50118321399998,41.77140612900007],[-4.492399802999955,41.77865385200005],[-4.493654611999943,41.78035783200005],[-4.487340763999953,41.82009620600007],[-4.483662072999948,41.820341916000075],[-4.479148152999926,41.818301562000045],[-4.468545981999966,41.820635190000075],[-4.465806467999926,41.81930115800003],[-4.45941929199995,41.820634393000034],[-4.450375325999971,41.820028378000075],[-4.4482583629999795,41.80942719400008],[-4.455827025999952,41.80395455000007],[-4.4530529469999465,41.790380527000025],[-4.453311429999928,41.78103728200006],[-4.443831935999981,41.780075975000045],[-4.448422093999966,41.77604623900004],[-4.447648306999952,41.76945407200003]],[[-4.464144881999971,41.79865323200005],[-4.466367380999941,41.79965640700004],[-4.470305941999925,41.798236866000025],[-4.466567780999981,41.79672366600005],[-4.464144881999971,41.79865323200005]]]}},{"type":"Feature","properties":{"ClaseSuelo":"SUELO NO URBANIZABLE","NuclRural":"0","AreaLamber":2050.8731884,"Shape_STAr":0.002231239768},"geometry":{"type":"Polygon","coordinates":[[[-4.43532956599995,42.02034318400007],[-4.433685665999974,42.01652698600003],[-4.442985963999945,42.016023207000046],[-4.444571239999959,42.017228146000036],[-4.443280278999964,42.01782079100008],[-4.444051926999975,42.018828814000074],[-4.447130713999968,42.01824966700008],[-4.443693999999937,42.02115697000005],[-4.446407369999974,42.02096971200007],[-4.447219171999961,42.023742464000065],[-4.453666476999956,42.03050588100007],[-4.440854651999928,42.030199046000064],[-4.442734272999928,42.032652203000055],[-4.438709872999937,42.03579189700008],[-4.438089785999978,42.04096933500006],[-4.442368131999956,42.04689590100003],[-4.4421256689999495,42.051663319000056],[-4.433039647999976,42.06084649700006],[-4.427917084999933,42.06416161900006],[-4.4251006829999255,42.06307082200004],[-4.421548147999943,42.06743791400004],[-4.416486978999956,42.068130919000055],[-4.4157038589999615,42.068789037000045],[-4.41768032899995,42.069611241000075],[-4.411459518999948,42.07416404800006],[-4.4088679479999655,42.075591865000035],[-4.4026696279999555,42.07409166200006],[-4.3981097959999715,42.078380270000025],[-4.392214141999943,42.081874335000066],[-4.390956016999951,42.081286162000026],[-4.393676545999938,42.076885090000076],[-4.394684293999944,42.06274188400005],[-4.391349051999953,42.05945000100007],[-4.39037174799995,42.05343657600008],[-4.386436189999927,42.049179114000026],[-4.388678493999976,42.04062294700003],[-4.393398991999959,42.03548613500004],[-4.393493522999961,42.033179345000065],[-4.413987401999975,42.02578668800004],[-4.434768905999931,42.02172817300004],[-4.43532956599995,42.02034318400007]],[[-4.401479651999978,42.04030231000007],[-4.4036556739999355,42.03963261200005],[-4.400047656999959,42.039378799000076],[-4.398525983999946,42.041022127000076],[-4.399704723999946,42.04222495100004],[-4.401479651999978,42.04030231000007]]]}},{"type":"Feature","properties":{"ClaseSuelo":"SUELO NO URBANIZABLE","NuclRural":"0","AreaLamber":3509.90304148,"Shape_STAr":0.00380418973756},"geometry":{"type":"Polygon","coordinates":[[[-4.318418160999954,41.76678556400003],[-4.317640027999971,41.76344399100003],[-4.331126250999944,41.76930496400007],[-4.333855949999929,41.77214643600007],[-4.353926897999941,41.77398313100008],[-4.379089728999929,41.78150172100004],[-4.382614721999971,41.783711045000075],[-4.380327078999926,41.78645858900006],[-4.38319426399994,41.787162661000025],[-4.389296722999973,41.78777354600004],[-4.403962446999969,41.78317296500006],[-4.4037668159999726,41.78689514000007],[-4.409564044999968,41.793345043000045],[-4.4088861869999505,41.79921673300004],[-4.414603218999957,41.811251508000055],[-4.4198094699999615,41.81532136700008],[-4.417503094999972,41.81719621500008],[-4.416950510999925,41.823264530000074],[-4.402655626999945,41.82371013200003],[-4.39488321999994,41.82787578500006],[-4.386828215999969,41.829036090000045],[-4.374987887999964,41.836212637000074],[-4.374219498999935,41.83914000300007],[-4.37237698499996,41.838585599000055],[-4.351781136999932,41.82307707000007],[-4.350814609999929,41.817189050000025],[-4.3463549229999785,41.807748340000046],[-4.3479935649999675,41.801496464000024],[-4.336553649999928,41.794307692000075],[-4.332822868999926,41.79373859100008],[-4.328491154999938,41.78679053800005],[-4.314312637999933,41.78196393200005],[-4.3073745049999275,41.782214252000074],[-4.306789637999941,41.77592518800003],[-4.318418160999954,41.76678556400003]],[[-4.367770929999949,41.81369563800007],[-4.367571317999932,41.81150236900004],[-4.364082223999958,41.812220172000025],[-4.3629537709999795,41.81085755500004],[-4.363292660999946,41.81265351900004],[-4.361812707999945,41.81323086500004],[-4.36612355099993,41.81458128700007],[-4.367770929999949,41.81369563800007]]]}},{"type":"Feature","properties":{"ClaseSuelo":"SUELO NO URBANIZABLE","NuclRural":"0","AreaLamber":3112.13325849,"Shape_STAr":0.00340126904333},"geometry":{"type":"Polygon","coordinates":[[[-4.690577755999925,42.32379377700005],[-4.690196119999939,42.31724320600006],[-4.702099481999937,42.310898174000044],[-4.719812679999961,42.318396835000044],[-4.727927740999974,42.31871611200006],[-4.73823712899997,42.326008037000065],[-4.741051292999941,42.33123369100008],[-4.7408687959999725,42.33473968800007],[-4.7446788159999755,42.33424949100004],[-4.760172752999949,42.340109503000065],[-4.765457215999959,42.34632322200008],[-4.772461284999963,42.34542263800006],[-4.780082826999944,42.34920400200008],[-4.781270025999959,42.35212141200003],[-4.768261764999977,42.35802340500004],[-4.758203177999974,42.377468254000064],[-4.747581258999958,42.39171551000004],[-4.736036920999936,42.398239896000064],[-4.744735185999957,42.38940839500003],[-4.719220733999975,42.37464635900005],[-4.718632062999973,42.37354748900003],[-4.729364420999957,42.36718119600005],[-4.721438442999954,42.362005139000075],[-4.719241260999979,42.35579716700005],[-4.7130793969999445,42.35380008000004],[-4.711649688999955,42.348093807000055],[-4.690629336999962,42.34203864700004],[-4.690577755999925,42.32379377700005]],[[-4.737773926999978,42.35608269900007],[-4.741934698999955,42.35602413200007],[-4.739607969999952,42.353825907000044],[-4.737773926999978,42.35608269900007]]]}},{"type":"Feature","properties":{"ClaseSuelo":"SUELO URBANO","NuclRural":"0","AreaLamber":7.36282062,"Shape_STAr":0.00000804766847917},"geometry":{"type":"Polygon","coordinates":[[[-4.737773926999978,42.35608269900007],[-4.739607969999952,42.353825907000044],[-4.741934698999955,42.35602413200007],[-4.737773926999978,42.35608269900007]]]}},{"type":"Feature","properties":{"ClaseSuelo":"SUELO NO URBANIZABLE","NuclRural":"0","AreaLamber":1786.86693403,"Shape_STAr":0.00195994592729},"geometry":{"type":"Polygon","coordinates":[[[-4.357068760999937,42.55739077900006],[-4.35699690499996,42.55463591900008],[-4.361576147999926,42.54955657800008],[-4.368121287999941,42.54809185200003],[-4.386351410999964,42.54852136800008],[-4.39683630199994,42.55226653500006],[-4.4049703459999705,42.55052818900003],[-4.417563030999929,42.55800094800003],[-4.425045271999977,42.56508566900004],[-4.4207207619999735,42.56510329300005],[-4.412383543999965,42.56978107800006],[-4.4078945119999275,42.56899875000005],[-4.400501091999956,42.571268607000036],[-4.385547831999929,42.584877489000064],[-4.375057391999974,42.58997479100003],[-4.363896713999964,42.585091963000025],[-4.349865651999949,42.58377203600003],[-4.35268823499996,42.57114900900007],[-4.3457767399999625,42.568735779000065],[-4.346276085999932,42.56646051300004],[-4.347944669999947,42.560776402000045],[-4.352955467999948,42.56096055200004],[-4.357068760999937,42.55739077900006]],[[-4.385969854999928,42.57198022500006],[-4.386501077999981,42.57287638300005],[-4.3832657509999535,42.57275383000007],[-4.382293923999953,42.57440311300007],[-4.385051876999967,42.57584811900006],[-4.387296994999929,42.57485679500007],[-4.388642057999959,42.57327861400006],[-4.385969854999928,42.57198022500006]]]}},{"type":"Feature","properties":{"ClaseSuelo":"SUELO URBANO","NuclRural":"0","AreaLamber":11.61063844,"Shape_STAr":0.00001273674493},"geometry":{"type":"Polygon","coordinates":[[[-4.385969854999928,42.57198022500006],[-4.388642057999959,42.57327861400006],[-4.387296994999929,42.57485679500007],[-4.385051876999967,42.57584811900006],[-4.382293923999953,42.57440311300007],[-4.3832657509999535,42.57275383000007],[-4.386501077999981,42.57287638300005],[-4.385969854999928,42.57198022500006]]]}},{"type":"Feature","properties":{"ClaseSuelo":"SUELO NO URBANIZABLE","NuclRural":"0","AreaLamber":2569.64703081,"Shape_STAr":0.0028070514173},"geometry":{"type":"Polygon","coordinates":[[[-4.638317661999963,42.30362282900006],[-4.642738554999937,42.29866943500008],[-4.660273998999969,42.28548456600004],[-4.661790005999933,42.28363442700004],[-4.659503430999962,42.27738146200005],[-4.660791041999971,42.27746188800006],[-4.665701298999977,42.279714187000025],[-4.675770903999933,42.290374488000054],[-4.686104481999962,42.29624791400005],[-4.690299320999941,42.30658784900004],[-4.702099481999937,42.310898174000044],[-4.690196119999939,42.31724320600006],[-4.691087571999958,42.33059461100004],[-4.676758087999929,42.34266559500003],[-4.665386860999945,42.34373187500006],[-4.660690365999926,42.34241310400006],[-4.658325383999966,42.339727597000035],[-4.652119454999934,42.34194252700007],[-4.654143622999925,42.34413776300005],[-4.642271354999934,42.34323672100004],[-4.63432225899993,42.33255239600004],[-4.634431985999925,42.33069564400006],[-4.632281687999978,42.32968160100006],[-4.633598737999932,42.32616860600007],[-4.630102931999943,42.32239089300003],[-4.627952155999935,42.312397995000026],[-4.638634055999944,42.30927395400005],[-4.638317661999963,42.30362282900006]],[[-4.6505127569999445,42.329384978000064],[-4.653446145999965,42.33207158100004],[-4.652523363999933,42.32907289600007],[-4.6505127569999445,42.329384978000064]],[[-4.650083005999932,42.33051909200003],[-4.650182034999943,42.33064802600006],[-4.650179041999934,42.33043470700005],[-4.649859570999979,42.330465495000055],[-4.650083005999932,42.33051909200003]],[[-4.6541379049999705,42.32820223300007],[-4.656224160999955,42.32780282600004],[-4.653848338999978,42.32384725800006],[-4.651205338999944,42.325450551000074],[-4.648266292999949,42.32463773100005],[-4.649895919999949,42.328565454000056],[-4.6541379049999705,42.32820223300007]],[[-4.65617765199994,42.328325404000054],[-4.655328802999975,42.32847828600006],[-4.656934374999935,42.32840660200003],[-4.65617765199994,42.328325404000054]]]}},{"type":"Feature","properties":{"ClaseSuelo":"SUELO URBANO","NuclRural":"0","AreaLamber":23.59636806,"Shape_STAr":0.0000257812042653},"geometry":{"type":"MultiPolygon","coordinates":[[[[-4.651323875999935,42.32894485800006],[-4.648266292999949,42.32463773100005],[-4.651205338999944,42.325450551000074],[-4.653848338999978,42.32384725800006],[-4.656224160999955,42.32780282600004],[-4.651323875999935,42.32894485800006]]],[[[-4.656425962999947,42.32862989100005],[-4.655328802999975,42.32847828600006],[-4.656934374999935,42.32840660200003],[-4.656425962999947,42.32862989100005]]],[[[-4.65014842599993,42.33064081500004],[-4.649859570999979,42.330465495000055],[-4.650179041999934,42.33043470700005],[-4.65014842599993,42.33064081500004]]],[[[-4.6525949819999255,42.332256432000065],[-4.650180619999958,42.329133623000075],[-4.653682383999978,42.33029004600007],[-4.6525949819999255,42.332256432000065]]]]}},{"type":"Feature","properties":{"ClaseSuelo":"SUELO NO URBANIZABLE","NuclRural":"0","AreaLamber":8106.39526336,"Shape_STAr":0.00889983170129},"geometry":{"type":"Polygon","coordinates":[[[-4.587756440999954,42.57698793700007],[-4.586399234999931,42.57488142700004],[-4.588697338999964,42.57085116700006],[-4.594399567999972,42.569421186000056],[-4.594957155999964,42.57217811800007],[-4.599715148999962,42.57289530600008],[-4.628495555999962,42.566375390000076],[-4.630878037999935,42.57084426700004],[-4.618224236999936,42.578119892000075],[-4.620864294999933,42.57937038000006],[-4.620367890999944,42.58137661300003],[-4.626112432999946,42.587662142000056],[-4.629539511999951,42.58682100000004],[-4.63258362199997,42.58811950200004],[-4.634253889999968,42.590941428000065],[-4.614634042999967,42.59812661900003],[-4.611188186999925,42.61198945600006],[-4.61620060499996,42.61959156200004],[-4.623311700999977,42.619680198000026],[-4.65049258199997,42.63497052800005],[-4.656363099999965,42.64109958700004],[-4.667288042999928,42.644597386000044],[-4.672548630999927,42.65336404400006],[-4.683533254999929,42.66031747300008],[-4.686956172999942,42.66687709000007],[-4.6952286709999385,42.67268057100006],[-4.690412017999961,42.68588157600004],[-4.686593091999953,42.68729765900008],[-4.680250935999936,42.694288941000025],[-4.663813733999973,42.68083157400008],[-4.661289531999955,42.679544398000075],[-4.659236286999942,42.68035761400006],[-4.638535557999944,42.66686814700006],[-4.635715620999974,42.66217158400008],[-4.628711966999958,42.66077642600004],[-4.619699900999933,42.66425414300005],[-4.615471082999932,42.66257578300008],[-4.612616179999975,42.65928398400007],[-4.60635224899994,42.65910178000007],[-4.593779512999959,42.66223106900003],[-4.5759129019999705,42.67949841800004],[-4.571532763999926,42.68198102700006],[-4.5620956069999465,42.677021946000025],[-4.558257484999956,42.67239134400006],[-4.557787824999934,42.66677830900005],[-4.555950559999928,42.66405659900005],[-4.558273573999941,42.654956570000024],[-4.55434983899994,42.649759664000044],[-4.552534672999968,42.64201255100005],[-4.54958049399994,42.63749575400004],[-4.545862300999943,42.635600768000074],[-4.543876863999969,42.63027826700005],[-4.547159016999956,42.62541608400005],[-4.549560908999979,42.624906355000064],[-4.541432921999956,42.61426335300007],[-4.53751647699994,42.61316323400007],[-4.532923042999926,42.60881204300006],[-4.5533985429999575,42.59777493900003],[-4.569592981999961,42.58397413700004],[-4.583820123999942,42.580338389000076],[-4.5836074379999445,42.578675313000076],[-4.587756440999954,42.57698793700007]],[[-4.6308072149999475,42.644908103000034],[-4.629973563999954,42.64319109400003],[-4.626581948999956,42.64326645500006],[-4.6308072149999475,42.644908103000034]],[[-4.595829544999958,42.591051191000076],[-4.593499332999954,42.59199770200007],[-4.595452970999929,42.59447936500004],[-4.598340220999944,42.594809852000026],[-4.597389226999951,42.59018171200006],[-4.595829544999958,42.591051191000076]],[[-4.595816541999966,42.58306703800008],[-4.595950847999973,42.580122293000045],[-4.592996830999937,42.579676877000054],[-4.593151061999947,42.582657684000026],[-4.595816541999966,42.58306703800008]],[[-4.601325644999974,42.61308828700004],[-4.602669291999973,42.61251124700004],[-4.601457386999925,42.61103858900003],[-4.5979880929999695,42.610978200000034],[-4.599290597999925,42.613303495000025],[-4.601325644999974,42.61308828700004]],[[-4.613703892999979,42.64328293500006],[-4.614221461999932,42.63935832400006],[-4.616806133999944,42.63981885600003],[-4.619216882999979,42.63789699400007],[-4.61482603099995,42.63754357500005],[-4.615558043999954,42.63542087400003],[-4.612148398999977,42.63359802600007],[-4.607582762999925,42.63439060400003],[-4.612932459999968,42.637229725000054],[-4.61396045999993,42.63954851200003],[-4.612182958999938,42.642766951000056],[-4.613703892999979,42.64328293500006]]]}},{"type":"Feature","properties":{"ClaseSuelo":"SUELO URBANO","NuclRural":"0","AreaLamber":54.28994241,"Shape_STAr":0.0000595906656491},"geometry":{"type":"MultiPolygon","coordinates":[[[[-4.612677520999966,42.642278505000036],[-4.61396045999993,42.63954851200003],[-4.612932459999968,42.637229725000054],[-4.607582762999925,42.63439060400003],[-4.612148398999977,42.63359802600007],[-4.615558043999954,42.63542087400003],[-4.61482603099995,42.63754357500005],[-4.619216882999979,42.63789699400007],[-4.616806133999944,42.63981885600003],[-4.614221461999932,42.63935832400006],[-4.613702635999971,42.643495302000076],[-4.612677520999966,42.642278505000036]]],[[[-4.595157934999975,42.58296248800008],[-4.593151061999947,42.582657684000026],[-4.592996830999937,42.579676877000054],[-4.595950847999973,42.580122293000045],[-4.595157934999975,42.58296248800008]]],[[[-4.596222194999939,42.594217471000036],[-4.593499332999954,42.59199770200007],[-4.597389226999951,42.59018171200006],[-4.598340220999944,42.594809852000026],[-4.596222194999939,42.594217471000036]]],[[[-4.599487973999942,42.612827872000025],[-4.5982938189999345,42.61071607800005],[-4.6026716719999285,42.61232227900007],[-4.599487973999942,42.612827872000025]]],[[[-4.630731447999949,42.64527515800006],[-4.626581948999956,42.64326645500006],[-4.630364057999941,42.643352450000066],[-4.630731447999949,42.64527515800006]]]]}},{"type":"Feature","properties":{"ClaseSuelo":"SUELO URBANIZABLE DELIMITADO O SECTORIZADO","NuclRural":"0","AreaLamber":118.61158958,"Shape_STAr":0.000130562667822},"geometry":{"type":"MultiPolygon","coordinates":[[[[-4.242836016999945,42.79031934400007],[-4.244350611999948,42.789159777000066],[-4.247913939999933,42.79135220000006],[-4.24344049299998,42.79709438100008],[-4.240629936999937,42.79104849500004],[-4.242836016999945,42.79031934400007]]],[[[-4.253781683999932,42.77254490400003],[-4.255370993999975,42.775890409000056],[-4.250397004999968,42.777959156000065],[-4.248505374999979,42.77528050300003],[-4.253781683999932,42.77254490400003]]],[[[-4.246364605999929,42.78463607300006],[-4.244665807999979,42.785053841000035],[-4.243789730999936,42.77843693400007],[-4.246606225999926,42.776516565000065],[-4.249351816999933,42.78190385400006],[-4.247740035999925,42.78503826000008],[-4.246364605999929,42.78463607300006]]],[[[-4.259910652999963,42.79064755600007],[-4.259047868999971,42.789021527000045],[-4.260556876999942,42.78678406000006],[-4.259315193999953,42.78606604300006],[-4.26375027499995,42.787244549000036],[-4.266377080999973,42.786264680000045],[-4.26481315999996,42.79091200100004],[-4.259910652999963,42.79064755600007]]],[[[-4.255192172999955,42.78883775000003],[-4.254688332999933,42.793063493000034],[-4.251994478999961,42.792206357000055],[-4.255192172999955,42.78883775000003]]],[[[-4.2515099499999565,42.79621070300004],[-4.249065250999934,42.79436015200008],[-4.253282547999959,42.793483465000065],[-4.2515099499999565,42.79621070300004]]],[[[-4.256176264999965,42.79670557500003],[-4.256533870999931,42.795315765000055],[-4.259944075999954,42.79575172800003],[-4.25822988699997,42.79825828700007],[-4.256176264999965,42.79670557500003]]]]}},{"type":"Feature","properties":{"ClaseSuelo":"SUELO URBANIZABLE NO DELIMITADO O SECTORIZADO","NuclRural":"0","AreaLamber":16.41414601,"Shape_STAr":0.0000180687791965},"geometry":{"type":"Polygon","coordinates":[[[-4.249237506999975,42.79017953600004],[-4.251297456999964,42.786346464000076],[-4.255448997999963,42.78848430800008],[-4.252209905999962,42.791876897000066],[-4.249657744999979,42.79108702100007],[-4.25117591399993,42.789865321000036],[-4.249237506999975,42.79017953600004]]]}},{"type":"Feature","properties":{"ClaseSuelo":"SUELO URBANO","NuclRural":"0","AreaLamber":374.74287171,"Shape_STAr":0.000412524478811},"geometry":{"type":"MultiPolygon","coordinates":[[[[-4.2679208459999245,42.796576120000054],[-4.262216290999959,42.795093061000046],[-4.262204857999961,42.79829200800003],[-4.25822988699997,42.79825828700007],[-4.259944075999954,42.79575172800003],[-4.256533870999931,42.795315765000055],[-4.254752460999953,42.79681587500005],[-4.256199962999972,42.79454896000004],[-4.251993019999929,42.79445306000008],[-4.253282547999959,42.793483465000065],[-4.2511544069999445,42.793748608000044],[-4.252110859999959,42.792315090000045],[-4.249170340999967,42.79184123500005],[-4.249137107999957,42.790188862000036],[-4.25117591399993,42.789865321000036],[-4.249657744999979,42.79108702100007],[-4.254688332999933,42.793063493000034],[-4.255448997999963,42.78848430800008],[-4.250858530999949,42.786873204000074],[-4.254574502999958,42.786849765000056],[-4.255528702999925,42.788380138000036],[-4.254425854999965,42.78527612800008],[-4.25567465599994,42.78519357600004],[-4.260504900999933,42.78652639200004],[-4.259047868999971,42.789021527000045],[-4.260412951999967,42.791210155000044],[-4.264196478999963,42.791047932000026],[-4.266574480999964,42.78638562800006],[-4.271492830999932,42.79006330000004],[-4.269586186999959,42.79055789700004],[-4.2691062839999745,42.79281027400003],[-4.266200880999975,42.79275943500005],[-4.273562559999959,42.79492533500007],[-4.272960541999964,42.79643252300008],[-4.2746950429999515,42.79688826200004],[-4.270559035999952,42.79644004200003],[-4.2682623929999295,42.79899118000003],[-4.2679208459999245,42.796576120000054]]],[[[-4.2291669169999295,42.715173063000066],[-4.226162337999938,42.71423727200005],[-4.227463068999953,42.71312233100008],[-4.230345890999956,42.714997838000045],[-4.2291669169999295,42.715173063000066]]],[[[-4.275763397999981,42.72413544700004],[-4.2737849269999515,42.72289564100004],[-4.275591316999964,42.72273246900005],[-4.275763397999981,42.72413544700004]]],[[[-4.216877551999971,42.725009175000025],[-4.2162302259999365,42.724724869000056],[-4.218721384999981,42.72540005500008],[-4.217591270999947,42.725883226000064],[-4.216877551999971,42.725009175000025]]],[[[-4.239427882999962,42.72751508300007],[-4.238865586999964,42.72657308400005],[-4.241452977999927,42.72735142400006],[-4.239427882999962,42.72751508300007]]],[[[-4.274175330999981,42.727951992000044],[-4.273208216999933,42.72654692700007],[-4.275311105999947,42.726402861000054],[-4.27569591799994,42.72867515200005],[-4.274175330999981,42.727951992000044]]],[[[-4.273575425999979,42.737608418000036],[-4.2715643189999355,42.73690204500008],[-4.272202757999935,42.735682016000055],[-4.2758884029999535,42.735271856000054],[-4.27628458099997,42.736513939000076],[-4.273575425999979,42.737608418000036]]],[[[-4.171010926999941,42.74661321900004],[-4.168586795999943,42.74590955600007],[-4.172105732999967,42.746304026000075],[-4.171010926999941,42.74661321900004]]],[[[-4.288191428999937,42.745293883000045],[-4.285314939999978,42.74288536500006],[-4.290216030999943,42.744826508000074],[-4.288191428999937,42.745293883000045]]],[[[-4.209854855999936,42.74882659200006],[-4.206261339999969,42.74763781000007],[-4.210751879999975,42.74870829100007],[-4.209854855999936,42.74882659200006]]],[[[-4.392449682999938,42.75588693800006],[-4.391476983999951,42.75379572800006],[-4.398095584999965,42.75370576000006],[-4.392449682999938,42.75588693800006]]],[[[-4.215310529999954,42.76151863300004],[-4.214306214999965,42.76021104100005],[-4.215518772999928,42.76056594800008],[-4.215310529999954,42.76151863300004]]],[[[-4.297616012999981,42.76441290500003],[-4.297446879999939,42.762183994000054],[-4.301778175999971,42.76273945200006],[-4.297616012999981,42.76441290500003]]],[[[-4.274785985999927,42.76878350000004],[-4.274178279999944,42.76696779500003],[-4.277246720999926,42.76723337000004],[-4.274785985999927,42.76878350000004]]],[[[-4.363813817999926,42.77485646700006],[-4.364148572999966,42.77325648600004],[-4.36631966799996,42.772870528000055],[-4.367295967999951,42.77423174300003],[-4.363813817999926,42.77485646700006]]],[[[-4.233610695999971,42.786675039000045],[-4.232482434999952,42.78488242600008],[-4.235674316999962,42.78332779700003],[-4.23352148999993,42.78774097200005],[-4.233610695999971,42.786675039000045]]],[[[-4.241359910999961,42.78197885700007],[-4.244001517999948,42.78258785700007],[-4.244479050999928,42.78865542300008],[-4.2389012219999245,42.78486009900007],[-4.241359910999961,42.78197885700007]]],[[[-4.351406949999955,42.78757808700004],[-4.352054261999967,42.78570554800007],[-4.353223983999953,42.787234151000064],[-4.351406949999955,42.78757808700004]]],[[[-4.2454003449999504,42.78900297700005],[-4.244665807999979,42.785053841000035],[-4.247740035999925,42.78503826000008],[-4.249351816999933,42.78190385400006],[-4.246606225999926,42.776516565000065],[-4.248132127999952,42.775558337000064],[-4.250397004999968,42.777959156000065],[-4.255370993999975,42.775890409000056],[-4.257908493999935,42.778955557000074],[-4.255256866999957,42.78505741300006],[-4.252590903999931,42.784454899000025],[-4.248214074999964,42.79050989400008],[-4.2454003449999504,42.78900297700005]]],[[[-4.2387495689999355,42.79125641400003],[-4.237293441999952,42.78923900700005],[-4.238465608999945,42.78570020600006],[-4.243668813999932,42.78917744000006],[-4.2387495689999355,42.79125641400003]]],[[[-4.371842971999968,42.80430918500008],[-4.370712407999974,42.80264858900006],[-4.373186282999939,42.80346391000006],[-4.371842971999968,42.80430918500008]]],[[[-4.221816505999925,42.80766565000005],[-4.221937036999975,42.805336831000034],[-4.224792494999974,42.80671509100006],[-4.221816505999925,42.80766565000005]]],[[[-4.246218454999962,42.81470591300007],[-4.244678312999952,42.81331839300003],[-4.245587258999933,42.81254539300005],[-4.246218454999962,42.81470591300007]]],[[[-4.378633094999941,42.814083320000066],[-4.380198453999981,42.811362505000034],[-4.3810822609999605,42.81318460600005],[-4.378633094999941,42.814083320000066]]],[[[-4.279512858999965,42.82316180000004],[-4.278567940999949,42.82120220300004],[-4.280426422999938,42.820597683000074],[-4.279512858999965,42.82316180000004]]],[[[-4.214283666999961,42.831817096000066],[-4.213179484999955,42.831828802000075],[-4.213952653999968,42.82988557300007],[-4.216638108999973,42.83077063300004],[-4.214283666999961,42.831817096000066]]],[[[-4.183052755999938,42.83396562900003],[-4.183539150999934,42.834741532000066],[-4.182080858999939,42.83469547100003],[-4.183052755999938,42.83396562900003]]],[[[-4.186206132999928,42.834974241000054],[-4.184467254999959,42.83343761400005],[-4.189140947999931,42.83431471400007],[-4.186206132999928,42.834974241000054]]],[[[-4.190895826999963,42.83514248100005],[-4.191473620999943,42.831976592000046],[-4.192879907999952,42.833581657000025],[-4.190895826999963,42.83514248100005]]],[[[-4.26211981299997,42.834703655000055],[-4.262993620999964,42.836842724000064],[-4.262451404999979,42.83754703200003],[-4.26211981299997,42.834703655000055]]],[[[-4.236902826999938,42.84229527000008],[-4.236764681999944,42.84025085600007],[-4.240673426999933,42.84043146400006],[-4.241744683999968,42.842067719000056],[-4.240555643999926,42.84319511100006],[-4.2383285719999435,42.84218432800003],[-4.2378750869999635,42.843853023000065],[-4.236902826999938,42.84229527000008]]],[[[-4.30829723599993,42.84278950300006],[-4.309584407999978,42.84121829600008],[-4.313647079999953,42.84299237300007],[-4.311529754999981,42.84410147500006],[-4.309270849999962,42.84275950600005],[-4.3081938729999365,42.84457357300005],[-4.30829723599993,42.84278950300006]]],[[[-4.159362026999929,42.84895397400004],[-4.15850022099994,42.84823583800005],[-4.160335726999961,42.84633596500004],[-4.162635335999937,42.84750126500006],[-4.162251351999942,42.84933514000005],[-4.159362026999929,42.84895397400004]]],[[[-4.2569288899999265,42.85332217900003],[-4.258929285999955,42.85164326300003],[-4.257885098999964,42.85315163100006],[-4.260167812999953,42.854661073000045],[-4.2569288899999265,42.85332217900003]]],[[[-4.235356816999968,42.85867465100006],[-4.238984676999962,42.85684584200004],[-4.237695537999969,42.85866086100003],[-4.235356816999968,42.85867465100006]]],[[[-4.150857544999951,42.862295965000044],[-4.153442651999967,42.86063053300006],[-4.152434962999962,42.86259689100007],[-4.150857544999951,42.862295965000044]]]]}},{"type":"Feature","properties":{"ClaseSuelo":"SUELO URBANO NO CONSOLIDADO","NuclRural":"0","AreaLamber":9.34693852,"Shape_STAr":0.000010289553714},"geometry":{"type":"MultiPolygon","coordinates":[[[[-4.266717833999962,42.78542583700005],[-4.268798678999929,42.78796899400004],[-4.2664158329999395,42.78727223000004],[-4.266717833999962,42.78542583700005]]],[[[-4.2499741379999705,42.79247829700006],[-4.252110859999959,42.792315090000045],[-4.250346264999962,42.79393735900004],[-4.2499741379999705,42.79247829700006]]],[[[-4.255233395999937,42.79574321200005],[-4.253561179999963,42.793833703000075],[-4.256199962999972,42.79454896000004],[-4.254480026999943,42.79663809200008],[-4.255233395999937,42.79574321200005]]],[[[-4.259501375999946,42.79750955700007],[-4.26102059599998,42.79819721900003],[-4.259221141999944,42.798144094000065],[-4.259501375999946,42.79750955700007]]]]}},{"type":"Feature","properties":{"ClaseSuelo":"SUELO NO URBANIZABLE","NuclRural":"0","AreaLamber":15726.0866177,"Shape_STAr":0.0170826456174},"geometry":{"type":"MultiPolygon","coordinates":[[[[-4.185322018999955,42.007407810000075],[-4.1665744899999595,42.011733830000026],[-4.160069284999963,42.01063788000005],[-4.157255048999957,42.003289841000026],[-4.152043969999966,42.004260920000036],[-4.142593510999973,41.99844697100008],[-4.133525627999973,41.999797760000035],[-4.13500186899995,41.99522580100006],[-4.133351817999937,41.98320043600006],[-4.126082809999957,41.974183880000055],[-4.137177738999981,41.95465609000007],[-4.138493818999962,41.94792403000008],[-4.135038759999929,41.94018539000007],[-4.129645980999953,41.93332134000008],[-4.130342889999952,41.931801360000065],[-4.13961736899995,41.93038579100005],[-4.138404690999948,41.92458846100004],[-4.13256992099997,41.922682621000035],[-4.134344488999943,41.91869314100006],[-4.1407292289999305,41.91221715100005],[-4.150303368999971,41.90952781000004],[-4.154876549999926,41.91038265000003],[-4.147170138999968,41.90760465000005],[-4.136755689999973,41.907095620000064],[-4.132068398999934,41.90521441100003],[-4.126863152999931,41.895754305000025],[-4.150562698999977,41.89306984000007],[-4.151006830999961,41.890948810000054],[-4.181342778999976,41.88154442100006],[-4.1875938289999795,41.88979320100003],[-4.195238588999928,41.88929064000007],[-4.20106863999996,41.89101321000004],[-4.204003968999928,41.89519765000006],[-4.210928810999974,41.89484569100006],[-4.225433639999949,41.89752908100007],[-4.236888388999944,41.89764956000005],[-4.244371648999959,41.89563232100005],[-4.24612172999997,41.897603840000045],[-4.251677718999929,41.89567905100006],[-4.252328070999965,41.89070926100004],[-4.264466759999948,41.88951352000004],[-4.28273717999997,41.891184390000035],[-4.28409635099996,41.89284445000004],[-4.287440139999944,41.890681450000045],[-4.2885316089999606,41.89101147000008],[-4.287628029999951,41.893435400000044],[-4.291799468999955,41.89227174100006],[-4.294482460999973,41.893214397000065],[-4.296021389999964,41.90136601100005],[-4.300201038999944,41.90237255100004],[-4.307717628999967,41.899107850000064],[-4.30796300999998,41.90168098000004],[-4.313434149999978,41.90157351000005],[-4.322526968999966,41.90813412000006],[-4.326403615999936,41.91310623800007],[-4.320690628999955,41.917900479000025],[-4.318801109999981,41.92335321100006],[-4.315941580999947,41.92622312000003],[-4.30592159899993,41.92396874000008],[-4.304353878999962,41.929894930000046],[-4.301188340999943,41.92903017000003],[-4.2951840989999255,41.93688880000008],[-4.288513378999937,41.93927852000007],[-4.288707658999954,41.94713012100004],[-4.285692850999965,41.94959568100006],[-4.286574798999936,41.950855740000065],[-4.293029788999945,41.94907201900003],[-4.296005578999939,41.94588618000006],[-4.304802817999928,41.948371450000025],[-4.296887589999926,41.96082717000007],[-4.292443017999972,41.96481314000005],[-4.293980929999975,41.965075031000026],[-4.290023099999928,41.96748827000005],[-4.288136063999957,41.97146332900007],[-4.28227779599996,41.96942136100006],[-4.280557429999931,41.970899589000055],[-4.260318808999955,41.96360292000003],[-4.248890949999975,41.96669990100003],[-4.247151469999949,41.965376820000074],[-4.235962589999929,41.97963811100004],[-4.231105720999949,41.97878060000005],[-4.222926391999977,41.98595625000007],[-4.217125094999972,41.99320511800005],[-4.2148481179999635,42.00171336100004],[-4.208452746999967,42.003816132000054],[-4.205174395999961,42.011857607000024],[-4.185322018999955,42.007407810000075]],[[-4.189974911999968,41.99377561600005],[-4.189028320999967,41.99226031000006],[-4.190348265999944,41.98938137700003],[-4.187199594999925,41.98925312400007],[-4.1852392029999805,41.993776937000064],[-4.189974911999968,41.99377561600005]],[[-4.191689000999929,41.99120002900003],[-4.192466432999936,41.99288536900008],[-4.194654741999955,41.99154415300006],[-4.192456765999964,41.99002974600006],[-4.191689000999929,41.99120002900003]],[[-4.244457059999945,41.94339469000005],[-4.250201691999962,41.93828964700003],[-4.2555477529999735,41.94253110200003],[-4.257807184999933,41.940170299000044],[-4.255380720999938,41.93828331200007],[-4.258694780999974,41.93837763400006],[-4.260034729999973,41.93687711700005],[-4.257583066999928,41.937266057000045],[-4.257579385999975,41.93619422300003],[-4.244732871999929,41.93251017100005],[-4.24624810499995,41.93474998000005],[-4.244870970999955,41.93552098600003],[-4.242961458999957,41.933742506000044],[-4.242108450999979,41.93598451300005],[-4.235370596999928,41.93545032900005],[-4.23732148299996,41.93705125900004],[-4.237649593999947,41.94122988600003],[-4.246327444999963,41.94118766100007],[-4.241108614999973,41.943139012000074],[-4.241510606999952,41.94535085900003],[-4.244457059999945,41.94339469000005]],[[-4.262825909999947,41.94239308600004],[-4.26605283899994,41.94312381800006],[-4.268276098999934,41.94039199700006],[-4.26515935599997,41.93952940400004],[-4.262825909999947,41.94239308600004]]],[[[-4.0422959839999635,41.93498451600004],[-4.041979308999942,41.92222476000006],[-4.0367215369999485,41.90950931800006],[-4.065621208999971,41.903642760000025],[-4.0733405009999615,41.91104657000005],[-4.069088818999944,41.93012673000004],[-4.065981079999972,41.931821900000045],[-4.0422959839999635,41.93498451600004]]]]}},{"type":"Feature","properties":{"ClaseSuelo":"SUELO URBANIZABLE DELIMITADO O SECTORIZADO","NuclRural":"0","AreaLamber":2.01236362,"Shape_STAr":0.00000218575049532},"geometry":{"type":"Polygon","coordinates":[[[-4.251337305999925,41.93622354900003],[-4.251893342999949,41.93474278200006],[-4.2534035049999375,41.935435951000045],[-4.251337305999925,41.93622354900003]]]}},{"type":"Feature","properties":{"ClaseSuelo":"SUELO URBANO","NuclRural":"0","AreaLamber":86.97853036,"Shape_STAr":0.0000944836539392},"geometry":{"type":"MultiPolygon","coordinates":[[[[-4.241274751999981,41.943887861000064],[-4.246327444999963,41.94118766100007],[-4.242029874999957,41.935897286000056],[-4.242961458999957,41.933742506000044],[-4.243561651999926,41.93539704700004],[-4.24624810499995,41.93474998000005],[-4.244732871999929,41.93251017100005],[-4.246370971999966,41.933855193000056],[-4.248992332999933,41.93328983200007],[-4.251471361999961,41.93502786000005],[-4.251053777999971,41.936475518000066],[-4.260034729999973,41.93687711700005],[-4.255380720999938,41.93828331200007],[-4.257807184999933,41.940170299000044],[-4.2555477529999735,41.94253110200003],[-4.254757712999947,41.94130653600007],[-4.256188093999981,41.939920674000064],[-4.25294278299998,41.94071471800004],[-4.253507828999943,41.93968783400004],[-4.250201691999962,41.93828964700003],[-4.242395384999952,41.94529958700008],[-4.241274751999981,41.943887861000064]],[[-4.251333019999947,41.93918729400008],[-4.25153662799994,41.93953458200008],[-4.252559695999935,41.93889864500005],[-4.251333019999947,41.93918729400008]]],[[[-4.251963456999931,41.940436600000055],[-4.252461568999934,41.94075516700008],[-4.252175400999931,41.940861589000065],[-4.251963456999931,41.940436600000055]]],[[[-4.2653463439999655,41.939522441000065],[-4.268276098999934,41.94039199700006],[-4.26605283899994,41.94312381800006],[-4.262825909999947,41.94239308600004],[-4.2653463439999655,41.939522441000065]]],[[[-4.189577442999962,41.99449530800007],[-4.185046058999944,41.99326658900003],[-4.18888095799997,41.99120736300006],[-4.189577442999962,41.99449530800007]]]]}},{"type":"Feature","properties":{"ClaseSuelo":"SUELO URBANO NO CONSOLIDADO","NuclRural":"0","AreaLamber":11.32188378,"Shape_STAr":0.0000122988341308},"geometry":{"type":"MultiPolygon","coordinates":[[[[-4.252703286999974,41.94105808100005],[-4.251865043999942,41.94000760100005],[-4.253176822999933,41.939409701000045],[-4.25294278299998,41.94071471800004],[-4.256188093999981,41.939920674000064],[-4.252703286999974,41.94105808100005]]],[[[-4.250391785999966,41.935904434000065],[-4.251398722999966,41.93616896800006],[-4.251053777999971,41.936475518000066],[-4.250391785999966,41.935904434000065]]],[[[-4.255684558999974,41.93699042600008],[-4.2540080439999315,41.936020093000025],[-4.254781161999972,41.93526444100007],[-4.255684558999974,41.93699042600008]]],[[[-4.2564283569999475,41.93813459900008],[-4.257317845999978,41.937362061000044],[-4.256660099999976,41.93802142800007],[-4.258694780999974,41.93837763400006],[-4.2564283569999475,41.93813459900008]]],[[[-4.251333019999947,41.93918729400008],[-4.252559695999935,41.93889864500005],[-4.25153662799994,41.93953458200008],[-4.251333019999947,41.93918729400008]]],[[[-4.24899550799995,41.93933952100008],[-4.249555211999962,41.93869576600008],[-4.249953734999963,41.93924401800007],[-4.24899550799995,41.93933952100008]]],[[[-4.243328607999956,41.941030272000035],[-4.245979510999973,41.940485770000066],[-4.246253863999925,41.94115072100004],[-4.243328607999956,41.941030272000035]]],[[[-4.18954062499995,41.994313083000065],[-4.187870266999937,41.99404866700007],[-4.188903527999969,41.993398941000066],[-4.18954062499995,41.994313083000065]]]]}},{"type":"Feature","properties":{"ClaseSuelo":"SUELO NO URBANIZABLE","NuclRural":"0","AreaLamber":5305.12569488,"Shape_STAr":0.00584851276782},"geometry":{"type":"Polygon","coordinates":[[[-4.292962084999942,42.920134837000035],[-4.277274446999968,42.92027003600003],[-4.267408662999969,42.91197260900003],[-4.262728081999967,42.90996289700007],[-4.2599027999999635,42.90533869300003],[-4.2524533329999485,42.89903497100005],[-4.264719240999966,42.88725333900004],[-4.266490957999963,42.87461099500007],[-4.259655213999963,42.869675776000065],[-4.244209061999925,42.87495994100004],[-4.243520858999943,42.87325754900007],[-4.245184029999962,42.869900908000034],[-4.263864185999978,42.86275636200003],[-4.265145386999961,42.86087990200008],[-4.262233856999956,42.86045859300003],[-4.270190459999981,42.85493209500004],[-4.277905977999978,42.845622707000075],[-4.278546776999974,42.840913776000036],[-4.283219239999937,42.84330419500003],[-4.289649330999964,42.84993637900004],[-4.294867766999971,42.849726727000075],[-4.307702483999947,42.854157143000066],[-4.31955544799996,42.855293423000035],[-4.322135198999945,42.85814750700007],[-4.334998905999953,42.85722939500005],[-4.3360264839999445,42.85470864100006],[-4.35136966999994,42.848751621000076],[-4.369859754999936,42.86521881900006],[-4.375552218999928,42.86603636400008],[-4.374826708999933,42.86986776700007],[-4.376947237999957,42.87215243900005],[-4.363075527999968,42.87214681100005],[-4.351324677999969,42.87484025900005],[-4.354595014999973,42.87625823900004],[-4.358728289999931,42.88120153800003],[-4.359574979999934,42.88583619800005],[-4.3490694539999595,42.89085247600008],[-4.349721990999967,42.89303408300003],[-4.3462268949999725,42.893387337000036],[-4.34465535399994,42.89136352300005],[-4.342907298999933,42.89285946700005],[-4.3346154329999536,42.88958127500007],[-4.335179287999949,42.894869898000024],[-4.329159549999929,42.899774569000044],[-4.32229349499994,42.909222371000055],[-4.32393125599998,42.91730696400003],[-4.327919271999974,42.91852499500004],[-4.3306031389999475,42.92840761800005],[-4.322235269999965,42.92565654800006],[-4.298211327999979,42.92291108200004],[-4.292962084999942,42.920134837000035]],[[-4.289852841999959,42.90578017100006],[-4.288789375999954,42.90624752600007],[-4.287737720999928,42.902794734000054],[-4.287681755999927,42.898950144000025],[-4.28886074299993,42.89878477900004],[-4.287832704999971,42.89355015500007],[-4.290703477999955,42.89102038800007],[-4.287546543999952,42.89023072300006],[-4.285896007999952,42.89056948600006],[-4.286913022999954,42.89320897700003],[-4.285728886999948,42.89414702500005],[-4.2869988789999525,42.893894541000066],[-4.287681433999978,42.897163212000066],[-4.284686319999935,42.897779107000076],[-4.286018512999931,42.89997097000003],[-4.2834718429999725,42.89872795600007],[-4.28623866199996,42.90153255400003],[-4.283901549999939,42.904049935000046],[-4.28513421599996,42.90967702000006],[-4.287432667999951,42.90954275400003],[-4.286205010999936,42.91141306600008],[-4.290126012999963,42.915413785000055],[-4.2914283619999765,42.914054889000056],[-4.288210899999967,42.91047592800004],[-4.291650585999946,42.91201994800008],[-4.289717930999927,42.910113488000036],[-4.292020866999962,42.90477535700006],[-4.289661078999927,42.904746687000056],[-4.289852841999959,42.90578017100006]],[[-4.297332241999925,42.91232034400008],[-4.299814368999932,42.91180134500007],[-4.299561789999927,42.910727234000035],[-4.296574782999926,42.91143210300004],[-4.297332241999925,42.91232034400008]],[[-4.294390853999971,42.89447649900006],[-4.2939366389999805,42.89027122400006],[-4.292771566999932,42.888600444000076],[-4.291218332999961,42.889218966000044],[-4.294390853999971,42.89447649900006]],[[-4.2913593549999405,42.894374534000065],[-4.289306322999948,42.89234550800006],[-4.289246657999968,42.89569827100007],[-4.291280325999935,42.895929039000066],[-4.2913593549999405,42.894374534000065]],[[-4.3133861579999575,42.893384067000056],[-4.313028355999961,42.891899684000066],[-4.309361451999962,42.891713939000056],[-4.3133861579999575,42.893384067000056]],[[-4.308044643999949,42.88191805400004],[-4.308036723999976,42.883539865000046],[-4.309777083999961,42.88267762800007],[-4.308044643999949,42.88191805400004]],[[-4.34763275399996,42.881001463000075],[-4.348558268999966,42.87995821900006],[-4.347198544999969,42.87917455200005],[-4.34763275399996,42.881001463000075]],[[-4.316385672999957,42.87891684500005],[-4.318280922999975,42.87758191200004],[-4.316594683999938,42.87689805500003],[-4.314389323999933,42.87871988000006],[-4.316385672999957,42.87891684500005]],[[-4.348002703999953,42.87228548600007],[-4.349182553999981,42.871835109000074],[-4.348445758999958,42.87011731700005],[-4.345702178999943,42.87084878100006],[-4.348002703999953,42.87228548600007]],[[-4.356090805999941,42.87205099100004],[-4.3581045349999386,42.86938976700003],[-4.355893993999928,42.87069291300003],[-4.356090805999941,42.87205099100004]],[[-4.293525368999951,42.86650373600003],[-4.296440200999939,42.86595125100007],[-4.295097234999957,42.865337845000056],[-4.293525368999951,42.86650373600003]],[[-4.2773854279999455,42.86427771900003],[-4.2808292769999525,42.86314868100004],[-4.279354797999929,42.86232621700003],[-4.280160188999957,42.86046964600007],[-4.277972631999944,42.860668661000034],[-4.2773854279999455,42.86427771900003]]]}},{"type":"Feature","properties":{"ClaseSuelo":"SUELO URBANIZABLE DELIMITADO O SECTORIZADO","NuclRural":"0","AreaLamber":6.27039302,"Shape_STAr":0.0000069139523656},"geometry":{"type":"Polygon","coordinates":[[[-4.290239240999938,42.895797095000034],[-4.289306322999948,42.89234550800006],[-4.2915372529999445,42.89388430900004],[-4.290239240999938,42.895797095000034]]]}},{"type":"Feature","properties":{"ClaseSuelo":"SUELO URBANO","NuclRural":"0","AreaLamber":100.33046741,"Shape_STAr":0.00011062869261},"geometry":{"type":"MultiPolygon","coordinates":[[[[-4.289487497999971,42.91442801200003],[-4.286205010999936,42.91141306600008],[-4.286956333999967,42.90864031000007],[-4.285903573999974,42.91006206900005],[-4.284684224999978,42.90855772300006],[-4.283901549999939,42.904049935000046],[-4.28623866199996,42.90153255400003],[-4.283467802999951,42.89874644200006],[-4.286018512999931,42.89997097000003],[-4.285322905999976,42.897864552000044],[-4.287681433999978,42.897163212000066],[-4.2869988789999525,42.893894541000066],[-4.285728886999948,42.89414702500005],[-4.286913022999954,42.89320897700003],[-4.285896007999952,42.89056948600006],[-4.287546543999952,42.89023072300006],[-4.290703477999955,42.89102038800007],[-4.2878805909999755,42.89307347500005],[-4.28886074299993,42.89878477900004],[-4.287681755999927,42.898950144000025],[-4.287735429999941,42.90695792300005],[-4.288756469999953,42.90754721500008],[-4.2895206159999475,42.90576805000006],[-4.290156541999977,42.90708089800006],[-4.289661078999927,42.904746687000056],[-4.292020866999962,42.90477535700006],[-4.289717930999927,42.910113488000036],[-4.291650585999946,42.91201994800008],[-4.288220019999926,42.91043152100008],[-4.29151045499998,42.91460154300006],[-4.289487497999971,42.91442801200003]]],[[[-4.2773854279999455,42.86427771900003],[-4.277972631999944,42.860668661000034],[-4.280160188999957,42.86046964600007],[-4.279354797999929,42.86232621700003],[-4.2808292769999525,42.86314868100004],[-4.2773854279999455,42.86427771900003]]],[[[-4.293525368999951,42.86650373600003],[-4.295097234999957,42.865337845000056],[-4.296440200999939,42.86595125100007],[-4.293525368999951,42.86650373600003]]],[[[-4.356090805999941,42.87205099100004],[-4.355893993999928,42.87069291300003],[-4.3581045349999386,42.86938976700003],[-4.356090805999941,42.87205099100004]]],[[[-4.348002703999953,42.87228548600007],[-4.345702178999943,42.87084878100006],[-4.348445758999958,42.87011731700005],[-4.349182553999981,42.871835109000074],[-4.348002703999953,42.87228548600007]]],[[[-4.316385672999957,42.87891684500005],[-4.314389323999933,42.87871988000006],[-4.316594683999938,42.87689805500003],[-4.318280922999975,42.87758191200004],[-4.316385672999957,42.87891684500005]]],[[[-4.34680577599994,42.88064188900006],[-4.347198544999969,42.87917455200005],[-4.34854212099998,42.87989708500004],[-4.34680577599994,42.88064188900006]]],[[[-4.308044643999949,42.88191805400004],[-4.309777083999961,42.88267762800007],[-4.308036723999976,42.883539865000046],[-4.308044643999949,42.88191805400004]]],[[[-4.3133861579999575,42.893384067000056],[-4.309361451999962,42.891713939000056],[-4.313028355999961,42.891899684000066],[-4.3133861579999575,42.893384067000056]]],[[[-4.294390853999971,42.89447649900006],[-4.291218332999961,42.889218966000044],[-4.292771566999932,42.888600444000076],[-4.2939366389999805,42.89027122400006],[-4.294390853999971,42.89447649900006]]],[[[-4.297332241999925,42.91232034400008],[-4.296574782999926,42.91143210300004],[-4.299561789999927,42.910727234000035],[-4.299814368999932,42.91180134500007],[-4.297332241999925,42.91232034400008]]]]}},{"type":"Feature","properties":{"ClaseSuelo":"SUELO URBANO NO CONSOLIDADO","NuclRural":"0","AreaLamber":6.16592479,"Shape_STAr":0.00000679987385859},"geometry":{"type":"MultiPolygon","coordinates":[[[[-4.288756469999953,42.90754721500008],[-4.287722592999955,42.90692811400004],[-4.287620200999925,42.90425415200008],[-4.288756469999953,42.90754721500008]]],[[[-4.284689733999926,42.89794355600003],[-4.286895816999959,42.89795286900005],[-4.284818087999952,42.89878406400004],[-4.284689733999926,42.89794355600003]]],[[[-4.284674934999941,42.90306461500006],[-4.285715120999953,42.90321016000007],[-4.284273539999958,42.90387899700005],[-4.284674934999941,42.90306461500006]]],[[[-4.289376236999942,42.90623063000004],[-4.290238920999968,42.905813368000054],[-4.290156541999977,42.90708089800006],[-4.289376236999942,42.90623063000004]]],[[[-4.2859998659999405,42.90832390600008],[-4.2870917459999305,42.90916932600004],[-4.2863159749999795,42.90919231500004],[-4.2859998659999405,42.90832390600008]]]]}},{"type":"Feature","properties":{"ClaseSuelo":"SUELO NO URBANIZABLE","NuclRural":"0","AreaLamber":1875.73905992,"Shape_STAr":0.00205305231165},"geometry":{"type":"Polygon","coordinates":[[[-4.723677589999966,42.469202050000035],[-4.722553560999927,42.46724672000005],[-4.724000069999931,42.45789526000004],[-4.723424549999947,42.454202630000054],[-4.719764699999928,42.45111463000006],[-4.719752549999953,42.44088449000003],[-4.734342119999951,42.43246972000003],[-4.733998389999954,42.42705354000003],[-4.725690259999965,42.42374769000003],[-4.734293979999961,42.41925019000007],[-4.743310449999967,42.41785273000005],[-4.7490933389999554,42.41294669000007],[-4.752877478999949,42.41747280000004],[-4.760578889999977,42.41775111000004],[-4.7698639499999445,42.427667480000025],[-4.770355048999932,42.430001350000055],[-4.76685219999996,42.43426997000006],[-4.7694689299999595,42.43956093000003],[-4.770311339999978,42.447463810000045],[-4.762578489999953,42.457479970000065],[-4.763753410999925,42.45861449600005],[-4.754865749999965,42.46655874000004],[-4.753559989999928,42.46553407000005],[-4.741312879999953,42.46822423000003],[-4.727757689999976,42.47425579000003],[-4.725272239999981,42.47278928000003],[-4.723677589999966,42.469202050000035]],[[-4.741970586999969,42.457727541000054],[-4.743306025999971,42.456451541000035],[-4.74292728599994,42.45370048700005],[-4.741860933999931,42.45481513300007],[-4.7405145979999475,42.45337259300004],[-4.741275520999977,42.454590522000046],[-4.738606041999958,42.45591533100003],[-4.737652913999966,42.45496001300006],[-4.738883026999929,42.45766958100006],[-4.741970586999969,42.457727541000054]],[[-4.756587535999927,42.43963689700007],[-4.75794826799995,42.44032608800006],[-4.758600400999967,42.43856716200003],[-4.753238030999967,42.43707432900004],[-4.753836772999932,42.43951222900006],[-4.756587535999927,42.43963689700007]]]}},{"type":"Feature","properties":{"ClaseSuelo":"SUELO URBANO","NuclRural":"0","AreaLamber":22.40295143,"Shape_STAr":0.0000245223588824},"geometry":{"type":"MultiPolygon","coordinates":[[[[-4.741970586999969,42.457727541000054],[-4.738883026999929,42.45766958100006],[-4.737652913999966,42.45496001300006],[-4.738606041999958,42.45591533100003],[-4.741275520999977,42.454590522000046],[-4.7405145979999475,42.45337259300004],[-4.741860933999931,42.45481513300007],[-4.74292728599994,42.45370048700005],[-4.743306025999971,42.456451541000035],[-4.741970586999969,42.457727541000054]]],[[[-4.756587535999927,42.43963689700007],[-4.753836772999932,42.43951222900006],[-4.753238030999967,42.43707432900004],[-4.758600400999967,42.43856716200003],[-4.75794826799995,42.44032608800006],[-4.756587535999927,42.43963689700007]]]]}},{"type":"Feature","properties":{"ClaseSuelo":"SUELO NO URBANIZABLE","NuclRural":"0","AreaLamber":3869.85429962,"Shape_STAr":0.00421389343842},"geometry":{"type":"Polygon","coordinates":[[[-4.185738108999942,42.125866091000034],[-4.174163814999929,42.12149955500007],[-4.174890631999972,42.114368150000075],[-4.171507978999955,42.109341338000036],[-4.173993639999935,42.10836125000003],[-4.1749847899999395,42.102433861000065],[-4.179828959999952,42.10017757000003],[-4.186643948999972,42.10116104100007],[-4.193903748999958,42.09877109000007],[-4.195431139999926,42.10153818100008],[-4.1980200279999735,42.102222690000076],[-4.2062733999999296,42.110151950000045],[-4.2086894999999345,42.115719530000035],[-4.232602458999963,42.093156271000055],[-4.218037009999932,42.08461155100008],[-4.21610150999993,42.07506722000005],[-4.220266478999974,42.07414038100006],[-4.229371349999951,42.07550227000007],[-4.227278309999974,42.068517651000036],[-4.234486838999942,42.06499988100006],[-4.2384132589999695,42.05744620100006],[-4.24128823999996,42.05613623000005],[-4.254677568999966,42.05976438000005],[-4.258222868999951,42.05630312000005],[-4.263898989999973,42.06097816000005],[-4.261742889999937,42.06439731000006],[-4.2664902689999735,42.070946751000065],[-4.266764728999931,42.076842931000044],[-4.2684046499999795,42.07723912000006],[-4.269386079999947,42.082199811000066],[-4.282163349999962,42.085101949000034],[-4.28230611999993,42.090387100000044],[-4.295950268999945,42.09655632000005],[-4.291934419999961,42.10543684000004],[-4.2806535689999805,42.11761380000007],[-4.278035878999958,42.118579640000064],[-4.270689680999965,42.11962490900004],[-4.267672147999974,42.11814522000003],[-4.252489848999971,42.12179742100005],[-4.24920807999996,42.11916731000008],[-4.248638258999961,42.11540885000005],[-4.24020823799998,42.114230371000076],[-4.221099238999955,42.12194666100004],[-4.216857069999946,42.12216285100004],[-4.200554329999932,42.13203452000005],[-4.185738108999942,42.125866091000034]],[[-4.25829200499993,42.081201760000056],[-4.262202671999944,42.07852812100003],[-4.258243432999961,42.07754231400003],[-4.257584602999941,42.08023453200008],[-4.256609770999944,42.07980318500006],[-4.25829200499993,42.081201760000056]],[[-4.259975278999946,42.07759865600008],[-4.260631297999964,42.07800789200007],[-4.2609160469999665,42.07763158900008],[-4.259975278999946,42.07759865600008]]]}},{"type":"Feature","properties":{"ClaseSuelo":"SUELO URBANO","NuclRural":"0","AreaLamber":8.6705766,"Shape_STAr":0.00000943860124631},"geometry":{"type":"MultiPolygon","coordinates":[[[[-4.25829200499993,42.081201760000056],[-4.256609770999944,42.07980318500006],[-4.257584602999941,42.08023453200008],[-4.258243432999961,42.07754231400003],[-4.262202671999944,42.07852812100003],[-4.25829200499993,42.081201760000056]]],[[[-4.259975278999946,42.07759865600008],[-4.2609160469999665,42.07763158900008],[-4.260631297999964,42.07800789200007],[-4.259975278999946,42.07759865600008]]]]}},{"type":"Feature","properties":{"ClaseSuelo":"SUELO NO URBANIZABLE","NuclRural":"0","AreaLamber":4339.83538523,"Shape_STAr":0.00477909351831},"geometry":{"type":"Polygon","coordinates":[[[-4.468727331999958,42.856025069000054],[-4.469560919999935,42.85245585000007],[-4.463530180999953,42.84169958000007],[-4.4665244999999345,42.83687941000005],[-4.452462060999949,42.83099798000006],[-4.467144839999946,42.82844237000006],[-4.465793559999952,42.82095809000003],[-4.469026258999975,42.815405320000025],[-4.488877249999973,42.810241080000026],[-4.500570589999938,42.79963318000006],[-4.5010165599999254,42.79480941000003],[-4.5033168509999655,42.790825840000025],[-4.510876019999955,42.78390028000007],[-4.513863489999949,42.77705270000007],[-4.51737916999997,42.77634881000006],[-4.517961689999936,42.77317118000008],[-4.524937764999947,42.766045613000074],[-4.529057759999944,42.773546010000075],[-4.540146709999931,42.782015760000036],[-4.5512194199999385,42.78677439000006],[-4.552018249999946,42.795750990000045],[-4.5424198699999465,42.803165970000066],[-4.537915319999968,42.80300138000007],[-4.536409428999946,42.80441743000006],[-4.536480209999979,42.80628961000008],[-4.540358719999972,42.80783149000007],[-4.541166579999981,42.80982884000008],[-4.53762796999996,42.82004348000004],[-4.540757569999926,42.82291919000005],[-4.539089178999973,42.826678850000064],[-4.542073830999925,42.83010579000006],[-4.5464011499999515,42.831425280000076],[-4.56659333999994,42.832078470000056],[-4.5755442099999755,42.83620623000007],[-4.576800738999964,42.84183527000005],[-4.589604709999946,42.848196150000035],[-4.590480480999929,42.850372280000045],[-4.573971889999939,42.844647810000026],[-4.572088379999968,42.85724508000004],[-4.5689773899999295,42.85813424000003],[-4.5588847199999805,42.85397652000006],[-4.566036159999953,42.84975453000004],[-4.550446299999976,42.84250121000008],[-4.548095299999943,42.84342453000005],[-4.53893335999993,42.84111655000004],[-4.528861689999928,42.847050860000024],[-4.527206519999936,42.84195790000007],[-4.522714199999939,42.84240493000004],[-4.516860559999941,42.83772777000007],[-4.51212161899997,42.83808760000005],[-4.508351059999939,42.83600304000004],[-4.503738579999947,42.839053480000075],[-4.498990879999951,42.84614891000007],[-4.487303919999931,42.856882590000055],[-4.472370668999929,42.85584181000007],[-4.468671249999943,42.85985168000008],[-4.468727331999958,42.856025069000054]],[[-4.484233910999933,42.85524591600006],[-4.485641643999941,42.85505034000005],[-4.483559369999966,42.85323727000008],[-4.480227421999928,42.853473423000025],[-4.480112710999947,42.85494125300005],[-4.484233910999933,42.85524591600006]],[[-4.496551653999973,42.84138636000006],[-4.497643101999927,42.84139616600004],[-4.496076648999974,42.83707905000006],[-4.492587047999962,42.83889114200008],[-4.496551653999973,42.84138636000006]],[[-4.508064765999961,42.821898668000074],[-4.51239101699997,42.82115322400006],[-4.5095348689999355,42.81721514000003],[-4.5075624809999795,42.819333322000034],[-4.508939683999927,42.82019887700005],[-4.508064765999961,42.821898668000074]],[[-4.5192166439999255,42.79594309000004],[-4.519640825999943,42.79749985800004],[-4.520709369999963,42.79589324800003],[-4.524613035999948,42.79543527200008],[-4.519198284999959,42.79327769300005],[-4.520449409999969,42.79484122000008],[-4.5192166439999255,42.79594309000004]]]}},{"type":"Feature","properties":{"ClaseSuelo":"SUELO NO URBANIZABLE","NuclRural":"0","AreaLamber":1918.98278947,"Shape_STAr":0.00211014720278},"geometry":{"type":"Polygon","coordinates":[[[-4.52913947899998,42.75747977000003],[-4.527985785999931,42.76573511700008],[-4.520921468999973,42.764739460000044],[-4.5068560069999535,42.75220963100003],[-4.502445904999945,42.75023230800008],[-4.485912867999957,42.72973528700004],[-4.473987607999959,42.727529841000035],[-4.463385092999943,42.72180311900007],[-4.456315830999927,42.71302276400007],[-4.445139854999979,42.708715503000064],[-4.450437635999947,42.70654130300005],[-4.4583955019999735,42.70796225700008],[-4.465355750999947,42.70692791100004],[-4.470612726999946,42.70306027100003],[-4.476789311999937,42.70453880800005],[-4.48152009599994,42.70065943600008],[-4.491892281999981,42.70347870100005],[-4.511073793999969,42.71857271500005],[-4.51687316999994,42.72903250300004],[-4.5310691669999414,42.73210368800005],[-4.530325799999957,42.737642967000056],[-4.5264776079999365,42.744619485000044],[-4.527107486999967,42.754354973000034],[-4.52913947899998,42.75747977000003]],[[-4.478407979999929,42.720545266000045],[-4.482451152999943,42.71910138100003],[-4.476159166999935,42.717835464000075],[-4.478407979999929,42.720545266000045]]]}},{"type":"Feature","properties":{"ClaseSuelo":"SUELO URBANO","NuclRural":"0","AreaLamber":7.99324141,"Shape_STAr":0.00000878832235546},"geometry":{"type":"Polygon","coordinates":[[[-4.478407979999929,42.720545266000045],[-4.476159166999935,42.717835464000075],[-4.482451152999943,42.71910138100003],[-4.478407979999929,42.720545266000045]]]}},{"type":"Feature","properties":{"ClaseSuelo":"SUELO NO URBANIZABLE","NuclRural":"0","AreaLamber":2074.26397603,"Shape_STAr":0.0022715966586},"geometry":{"type":"Polygon","coordinates":[[[-4.7026168339999685,42.479332046000025],[-4.700333955999952,42.47544852300007],[-4.701128436999966,42.47378872300004],[-4.722360753999965,42.469941507000044],[-4.727758728999959,42.47425497800003],[-4.741314015999933,42.46822328500008],[-4.753561192999939,42.46553302600006],[-4.754866978999928,42.466557684000065],[-4.763754722999977,42.458613451000076],[-4.780930396999963,42.45827581700007],[-4.797847449999949,42.45570628100006],[-4.799055407999958,42.45924451800005],[-4.80031250199994,42.45897262200003],[-4.79891263199994,42.46360544400005],[-4.799989640999968,42.472756170000025],[-4.785598087999972,42.47402593000004],[-4.776548077999962,42.48524335600007],[-4.758600739999963,42.480882293000036],[-4.754312810999977,42.48112811400006],[-4.749557931999959,42.487324546000025],[-4.739172862999965,42.49062551900005],[-4.739495042999977,42.49434891000004],[-4.742017590999978,42.49798484400003],[-4.740634264999926,42.50120281900007],[-4.738272135999978,42.50072534900005],[-4.73804920799995,42.50761795100004],[-4.722805199999925,42.50876663200006],[-4.720925316999967,42.50546282900007],[-4.71634658499994,42.50537838300005],[-4.718462135999971,42.50485138400006],[-4.718159354999955,42.501794045000054],[-4.715292889999944,42.500224984000056],[-4.715350451999939,42.49743241400006],[-4.7078191069999775,42.487206539000056],[-4.704772054999978,42.485225651000064],[-4.705248302999962,42.48304823700005],[-4.7026168339999685,42.479332046000025]],[[-4.728913825999939,42.49892094900008],[-4.726704981999944,42.499149715000044],[-4.729195626999967,42.50087404800007],[-4.731931424999971,42.498047976000066],[-4.729122638999968,42.49708838000004],[-4.729162138999925,42.49881253800004],[-4.7279484879999245,42.49764152500006],[-4.728913825999939,42.49892094900008]],[[-4.720367737999936,42.484958807000055],[-4.720361962999959,42.48266163000005],[-4.717488156999934,42.48111378600004],[-4.71868976199994,42.483525919000044],[-4.717382978999979,42.48450492600006],[-4.7190756679999595,42.48612642900008],[-4.720367737999936,42.484958807000055]],[[-4.746215159999963,42.480696255000055],[-4.7453911609999295,42.48263682900006],[-4.748899184999971,42.48249615800006],[-4.747062288999928,42.47935423700005],[-4.745042774999945,42.47984063400003],[-4.746215159999963,42.480696255000055]],[[-4.770540597999968,42.47200965900004],[-4.768012241999941,42.47162829600006],[-4.76635732099993,42.47341755400004],[-4.76454812999998,42.47240932700004],[-4.767846018999933,42.47525186000007],[-4.7684289199999625,42.473594614000035],[-4.772923245999948,42.47251955100006],[-4.770540597999968,42.47200965900004]]]}},{"type":"Feature","properties":{"ClaseSuelo":"SUELO URBANO","NuclRural":"0","AreaLamber":30.92662269,"Shape_STAr":0.0000338712163017},"geometry":{"type":"MultiPolygon","coordinates":[[[[-4.767846018999933,42.47525186000007],[-4.76454812999998,42.47240932700004],[-4.76635732099993,42.47341755400004],[-4.768012241999941,42.47162829600006],[-4.772392799999977,42.47168806800005],[-4.767846018999933,42.47525186000007]]],[[[-4.745937350999952,42.48289548200006],[-4.745042774999945,42.47984063400003],[-4.747062288999928,42.47935423700005],[-4.748899184999971,42.48249615800006],[-4.745937350999952,42.48289548200006]]],[[[-4.719449832999942,42.48523796500007],[-4.717382978999979,42.48450492600006],[-4.71868976199994,42.483525919000044],[-4.717488156999934,42.48111378600004],[-4.720361962999959,42.48266163000005],[-4.720370666999941,42.48582085700008],[-4.719449832999942,42.48523796500007]]],[[[-4.728804621999927,42.500621316000036],[-4.726704981999944,42.499149715000044],[-4.728913825999939,42.49892094900008],[-4.7279484879999245,42.49764152500006],[-4.729162138999925,42.49881253800004],[-4.729122638999968,42.49708838000004],[-4.731709289999969,42.497788839000066],[-4.728804621999927,42.500621316000036]]]]}},{"type":"Feature","properties":{"ClaseSuelo":"SUELO NO URBANIZABLE","NuclRural":"0","AreaLamber":1214.59999543,"Shape_STAr":0.00132489284779},"geometry":{"type":"Polygon","coordinates":[[[-4.463854212999934,42.22339761500007],[-4.459993924999935,42.235181614000055],[-4.45286270899993,42.23178682900004],[-4.4394450619999475,42.23381120100004],[-4.437430688999939,42.233161008000025],[-4.436173507999968,42.22902498800005],[-4.42842086099995,42.229689155000074],[-4.41657599499996,42.22781867500004],[-4.419749254999942,42.207740983000065],[-4.4251067719999355,42.198722513000064],[-4.43221761999996,42.19501352200007],[-4.440335351999977,42.19461470400006],[-4.44755087599998,42.20085517600006],[-4.452712497999926,42.201456388000054],[-4.456130962999964,42.20368258500008],[-4.457756768999957,42.20590445000005],[-4.455625353999949,42.20803893200008],[-4.456152145999965,42.21198590800003],[-4.462982604999979,42.21608682800007],[-4.463854212999934,42.22339761500007]],[[-4.43719561599994,42.21697580700004],[-4.4395558419999475,42.21650685600008],[-4.438554163999925,42.215691839000044],[-4.440615934999926,42.213821633000066],[-4.435648719999961,42.21087129500006],[-4.433671777999962,42.214140334000035],[-4.43719561599994,42.21697580700004]]]}},{"type":"Feature","properties":{"ClaseSuelo":"SUELO URBANO","NuclRural":"0","AreaLamber":23.67674285,"Shape_STAr":0.0000258259874906},"geometry":{"type":"Polygon","coordinates":[[[-4.43719561599994,42.21697580700004],[-4.433671777999962,42.214140334000035],[-4.435648719999961,42.21087129500006],[-4.440615934999926,42.213821633000066],[-4.438554163999925,42.215691839000044],[-4.4395558419999475,42.21650685600008],[-4.43719561599994,42.21697580700004]]]}},{"type":"Feature","properties":{"ClaseSuelo":"SUELO NO URBANIZABLE","NuclRural":"0","AreaLamber":2315.54307495,"Shape_STAr":0.00252772970499},"geometry":{"type":"Polygon","coordinates":[[[-4.434372905999965,42.26936725000007],[-4.432361284999956,42.266744638000034],[-4.436684985999932,42.26545675500006],[-4.439700540999979,42.259438997000075],[-4.445979529999931,42.25461388400004],[-4.449211790999925,42.24806178400007],[-4.456688016999976,42.24477898200007],[-4.463854212999934,42.22339761500007],[-4.466096666999931,42.22657511700004],[-4.470505933999959,42.22755437600006],[-4.472641067999973,42.23026481100004],[-4.4807308099999545,42.232114986000056],[-4.486245391999944,42.23524080100003],[-4.490310542999964,42.233918224000035],[-4.501169236999942,42.24159383400007],[-4.496759224999948,42.24218280700006],[-4.492336148999925,42.248391499000036],[-4.490756339999962,42.25542767400003],[-4.482425189999958,42.25583282800005],[-4.480518745999973,42.26295413100007],[-4.472040640999978,42.26698982000005],[-4.465811979999955,42.27238307500005],[-4.452368157999956,42.28788209900006],[-4.449846830999945,42.295884183000055],[-4.440250513999956,42.303299810000055],[-4.436344812999948,42.30760854600004],[-4.4350898329999495,42.31164986300007],[-4.425775687999931,42.30432718700007],[-4.416437901999927,42.30018310300005],[-4.425326497999947,42.28978831200004],[-4.4351501739999435,42.281713643000046],[-4.43112399499995,42.27851282000006],[-4.4325081519999685,42.27162402500005],[-4.434372905999965,42.26936725000007]],[[-4.449545771999965,42.26994465700005],[-4.44654320099994,42.26810066200005],[-4.443861383999945,42.26990107300003],[-4.44824534199995,42.27129615200005],[-4.449545771999965,42.26994465700005]]]}},{"type":"Feature","properties":{"ClaseSuelo":"SUELO URBANO","NuclRural":"0","AreaLamber":9.24627469,"Shape_STAr":0.0000100943330017},"geometry":{"type":"Polygon","coordinates":[[[-4.449545771999965,42.26994465700005],[-4.44824534199995,42.27129615200005],[-4.443861383999945,42.26990107300003],[-4.44654320099994,42.26810066200005],[-4.449545771999965,42.26994465700005]]]}},{"type":"Feature","properties":{"ClaseSuelo":"SUELO NO URBANIZABLE","NuclRural":"0","AreaLamber":1972.01112915,"Shape_STAr":0.00213697742353},"geometry":{"type":"Polygon","coordinates":[[[-4.409662647999937,41.79564955500007],[-4.409564044999968,41.793345043000045],[-4.403442689999963,41.785827297000026],[-4.405985245999943,41.78102263900007],[-4.421415952999951,41.76813332000006],[-4.43649456199995,41.76076745700004],[-4.4468425629999615,41.75821482300006],[-4.447307647999935,41.77410582500005],[-4.448653030999935,41.775079610000034],[-4.443831935999981,41.780075975000045],[-4.453311429999928,41.78103728200006],[-4.4530529469999465,41.790380527000025],[-4.455827025999952,41.80395455000007],[-4.4482583629999795,41.80942719400008],[-4.450375325999971,41.820028378000075],[-4.434520287999931,41.820119343000044],[-4.4304096979999485,41.81448737200003],[-4.420469164999929,41.815754542000036],[-4.414603218999957,41.811251508000055],[-4.4088861869999505,41.79921673300004],[-4.409662647999937,41.79564955500007]],[[-4.427585631999932,41.79374850700003],[-4.429990670999928,41.79184579400004],[-4.4271328509999535,41.79114460100004],[-4.426154734999955,41.793119071000035],[-4.427585631999932,41.79374850700003]],[[-4.429548501999932,41.794245484000044],[-4.428824439999971,41.79424911600006],[-4.429162915999939,41.79510031900003],[-4.429548501999932,41.794245484000044]]]}},{"type":"Feature","properties":{"ClaseSuelo":"SUELO URBANO","NuclRural":"0","AreaLamber":6.07318485,"Shape_STAr":0.00000658141586317},"geometry":{"type":"MultiPolygon","coordinates":[[[[-4.428646815999969,41.79412060100003],[-4.4262274739999725,41.79338566700005],[-4.4271328509999535,41.79114460100004],[-4.429990670999928,41.79184579400004],[-4.428646815999969,41.79412060100003]]],[[[-4.428846172999954,41.79431154500003],[-4.429548501999932,41.794245484000044],[-4.429509052999947,41.795164087000046],[-4.428846172999954,41.79431154500003]]]]}},{"type":"Feature","properties":{"ClaseSuelo":"SUELO NO URBANIZABLE","NuclRural":"0","AreaLamber":2417.95420115,"Shape_STAr":0.00265206368328},"geometry":{"type":"Polygon","coordinates":[[[-4.813025340999957,42.559777832000066],[-4.813287394999975,42.55746828800005],[-4.8155327829999806,42.55676633400003],[-4.815499493999937,42.553515891000075],[-4.825585745999945,42.55395902300006],[-4.827634969999963,42.564913012000034],[-4.832092114999966,42.564436595000075],[-4.846600627999976,42.56729258900003],[-4.85427851999998,42.57395870400006],[-4.890305418999958,42.59001204700007],[-4.897342900999945,42.591390630000035],[-4.890767490999963,42.59562379100004],[-4.8757204479999245,42.590945143000056],[-4.8672842999999375,42.59373051600005],[-4.847211407999964,42.593362445000025],[-4.831799583999953,42.58858482800008],[-4.824903964999976,42.584489319000056],[-4.821400181999934,42.589299923000056],[-4.811728896999966,42.59033576500008],[-4.799127663999968,42.59418148700007],[-4.798123884999939,42.596151416000055],[-4.78936125599995,42.59704502400007],[-4.789278345999946,42.59286780800005],[-4.787571588999981,42.59114739200004],[-4.782064823999974,42.59207966200006],[-4.76919827699993,42.585759084000074],[-4.7760035649999395,42.565319542000054],[-4.782753539999931,42.562774266000076],[-4.785129144999928,42.565339865000055],[-4.788210210999978,42.565724095000064],[-4.812724871999933,42.56496972600007],[-4.813025340999957,42.559777832000066]],[[-4.798092316999941,42.579901740000025],[-4.798887924999974,42.57698656600007],[-4.793037756999979,42.577194657000064],[-4.796606318999977,42.57892998400007],[-4.796940376999942,42.58078530100005],[-4.798092316999941,42.579901740000025]]]}},{"type":"Feature","properties":{"ClaseSuelo":"SUELO URBANO","NuclRural":"0","AreaLamber":10.47404004,"Shape_STAr":0.0000114881971223},"geometry":{"type":"Polygon","coordinates":[[[-4.798092316999941,42.579901740000025],[-4.796940376999942,42.58078530100005],[-4.796606318999977,42.57892998400007],[-4.793037756999979,42.577194657000064],[-4.798887924999974,42.57698656600007],[-4.798092316999941,42.579901740000025]]]}},{"type":"Feature","properties":{"ClaseSuelo":"SUELO NO URBANIZABLE","NuclRural":"0","AreaLamber":1374.02957325,"Shape_STAr":0.00149940348137},"geometry":{"type":"Polygon","coordinates":[[[-4.884359398999948,42.26574722400005],[-4.88318189499995,42.26244343800005],[-4.875682685999948,42.25568595100003],[-4.870768435999935,42.24815633800006],[-4.8726184139999305,42.248819583000056],[-4.877343563999943,42.24424840200004],[-4.883678096999972,42.24164988600006],[-4.90267083599997,42.236419080000076],[-4.916534513999977,42.23639529400003],[-4.91486294799995,42.24804071400007],[-4.919087892999926,42.25984869900003],[-4.921218136999926,42.26092973500005],[-4.919588945999976,42.26397396200008],[-4.919245402999934,42.27342676200004],[-4.915943288999927,42.27970497000007],[-4.90865204399995,42.283636028000046],[-4.903563998999971,42.282621934000076],[-4.898522279999952,42.27749122000006],[-4.884306419999973,42.26966561100005],[-4.884359398999948,42.26574722400005]],[[-4.89406652699995,42.25559159800008],[-4.895630205999964,42.254121766000026],[-4.8943448969999395,42.251831664000065],[-4.892069140999979,42.25320595000005],[-4.89406652699995,42.25559159800008]]]}},{"type":"Feature","properties":{"ClaseSuelo":"SUELO URBANO","NuclRural":"0","AreaLamber":7.05200697,"Shape_STAr":0.00000769497513977},"geometry":{"type":"Polygon","coordinates":[[[-4.89406652699995,42.25559159800008],[-4.892069140999979,42.25320595000005],[-4.8943448969999395,42.251831664000065],[-4.895630205999964,42.254121766000026],[-4.89406652699995,42.25559159800008]]]}},{"type":"Feature","properties":{"ClaseSuelo":"SUELO NO URBANIZABLE","NuclRural":"0","AreaLamber":2937.86777684,"Shape_STAr":0.00322833973143},"geometry":{"type":"Polygon","coordinates":[[[-4.560121136999953,42.68542391500006],[-4.558131608999929,42.68445137300006],[-4.560453745999951,42.68261869100007],[-4.5620956069999465,42.677021946000025],[-4.571532763999926,42.68198102700006],[-4.5759129019999705,42.67949841800004],[-4.589614860999973,42.66495450600007],[-4.593779512999959,42.66223106900003],[-4.60635224899994,42.65910178000007],[-4.6140218389999745,42.65938126900005],[-4.615471082999932,42.66257578300008],[-4.619699900999933,42.66425414300005],[-4.628711966999958,42.66077642600004],[-4.635715620999974,42.66217158400008],[-4.638535557999944,42.66686814700006],[-4.659236286999942,42.68035761400006],[-4.661289531999955,42.679544398000075],[-4.666411309999944,42.68257690100006],[-4.655822815999954,42.687863453000034],[-4.649871026999961,42.69220884300006],[-4.649893798999926,42.69399158200008],[-4.6466361629999255,42.68851813100008],[-4.632771683999977,42.683025084000064],[-4.618740541999955,42.683242138000026],[-4.5944699979999655,42.690201365000064],[-4.59245141599996,42.69098588700007],[-4.597004621999929,42.697649574000025],[-4.596666740999979,42.70161666200005],[-4.590603902999931,42.70708620800008],[-4.585886178999942,42.707872026000075],[-4.578742036999927,42.71313977400007],[-4.569241958999953,42.72625607200007],[-4.562213233999955,42.724578036000025],[-4.541098748999957,42.726205751000066],[-4.541624512999931,42.714878843000065],[-4.557004069999948,42.707727747000035],[-4.550315669999975,42.68576408900003],[-4.559505810999951,42.688151936000054],[-4.560121136999953,42.68542391500006]],[[-4.611681317999967,42.67199323700004],[-4.611421070999938,42.670218205000026],[-4.609697119999964,42.67018542500006],[-4.607640066999977,42.676530092000064],[-4.610200754999937,42.67675006700006],[-4.6103847429999405,42.67222257900005],[-4.611681317999967,42.67199323700004]]]}},{"type":"Feature","properties":{"ClaseSuelo":"SUELO URBANO","NuclRural":"0","AreaLamber":11.00447544,"Shape_STAr":0.0000120895108662},"geometry":{"type":"Polygon","coordinates":[[[-4.611681317999967,42.67199323700004],[-4.6103847429999405,42.67222257900005],[-4.610200754999937,42.67675006700006],[-4.607640066999977,42.676530092000064],[-4.609697119999964,42.67018542500006],[-4.611421070999938,42.670218205000026],[-4.611681317999967,42.67199323700004]]]}},{"type":"Feature","properties":{"ClaseSuelo":"SUELO NO URBANIZABLE","NuclRural":"0","AreaLamber":5079.80281422,"Shape_STAr":0.00556298866021},"geometry":{"type":"Polygon","coordinates":[[[-4.641123562999951,42.463307359000055],[-4.637082102999955,42.45851113700007],[-4.634770929999945,42.45007887300005],[-4.63245589099995,42.449904729000025],[-4.626740437999956,42.44520399000004],[-4.625651558999948,42.43788888600005],[-4.632027004999941,42.423065171000076],[-4.6636531659999605,42.43631716400006],[-4.675700423999956,42.432161257000075],[-4.683984231999943,42.448691206000035],[-4.690131769999937,42.454364303000034],[-4.69168300299998,42.45868210300006],[-4.7002121329999795,42.46420240500004],[-4.6989549499999725,42.46449121100005],[-4.702000016999932,42.479467283000076],[-4.705248302999962,42.48304823700005],[-4.704772054999978,42.485225651000064],[-4.7078191069999775,42.487206539000056],[-4.715350451999939,42.49743241400006],[-4.715292889999944,42.500224984000056],[-4.718159354999955,42.501794045000054],[-4.718462135999971,42.50485138400006],[-4.6959164429999305,42.50918560100007],[-4.687484456999925,42.51881084900003],[-4.679352008999956,42.524711797000066],[-4.664451689999964,42.50735033400008],[-4.651837582999974,42.500715581000065],[-4.6519825839999385,42.50761172800003],[-4.650563344999966,42.50872183700005],[-4.6450237429999675,42.50170509700007],[-4.624362957999949,42.50142331200004],[-4.626911115999974,42.49690243400005],[-4.62636387699996,42.49175003600004],[-4.620502180999949,42.48387213800004],[-4.617285577999951,42.476136764000046],[-4.610784879999926,42.47027559300005],[-4.641123562999951,42.463307359000055]],[[-4.642073294999932,42.48030580000005],[-4.640097004999973,42.47933843000004],[-4.639319531999945,42.48129261400004],[-4.642073294999932,42.48030580000005]],[[-4.689073906999965,42.50022390600003],[-4.686152639999932,42.49950204100003],[-4.684890491999965,42.50110770600003],[-4.686865316999956,42.501891012000044],[-4.689073906999965,42.50022390600003]],[[-4.664243040999963,42.492695222000066],[-4.666360507999968,42.492083560000026],[-4.662252749999936,42.494103478000056],[-4.664243040999963,42.492695222000066]],[[-4.663205640999934,42.467455596000036],[-4.662226319999945,42.47051333400003],[-4.664244436999979,42.47114434100007],[-4.665975337999953,42.468830540000056],[-4.663205640999934,42.467455596000036]],[[-4.6441632669999535,42.44713550900008],[-4.645419111999956,42.445966558000066],[-4.644085472999961,42.444786961000034],[-4.641252692999956,42.44616393200005],[-4.6441632669999535,42.44713550900008]],[[-4.695307975999981,42.47704111100006],[-4.694671616999926,42.47611184700003],[-4.6929286689999685,42.477330566000035],[-4.695307975999981,42.47704111100006]]]}},{"type":"Feature","properties":{"ClaseSuelo":"SUELO URBANO","NuclRural":"0","AreaLamber":24.26250516,"Shape_STAr":0.0000265693847138},"geometry":{"type":"MultiPolygon","coordinates":[[[[-4.663545856999974,42.47080246100006],[-4.6619724569999335,42.469447037000066],[-4.663445128999967,42.46709877600006],[-4.665975337999953,42.468830540000056],[-4.663545856999974,42.47080246100006]]],[[[-4.6438179549999745,42.44720000400008],[-4.641252692999956,42.44616393200005],[-4.644085472999961,42.444786961000034],[-4.645419111999956,42.445966558000066],[-4.6438179549999745,42.44720000400008]]],[[[-4.693665031999956,42.47801358700008],[-4.694671616999926,42.47611184700003],[-4.69538939399996,42.477625758000045],[-4.693665031999956,42.47801358700008]]],[[[-4.639706482999941,42.48161604200004],[-4.640097004999973,42.47933843000004],[-4.642073294999932,42.48030580000005],[-4.639706482999941,42.48161604200004]]],[[[-4.662252749999936,42.494103478000056],[-4.662714879999953,42.492874726000025],[-4.666289891999952,42.491922153000075],[-4.662252749999936,42.494103478000056]]],[[[-4.686347209999951,42.501524206000056],[-4.684890491999965,42.50110770600003],[-4.686017039999967,42.49953657800006],[-4.689073906999965,42.50022390600003],[-4.686347209999951,42.501524206000056]]]]}},{"type":"Feature","properties":{"ClaseSuelo":"SUELO NO URBANIZABLE","NuclRural":"0","AreaLamber":2221.0334646,"Shape_STAr":0.00242441788323},"geometry":{"type":"Polygon","coordinates":[[[-4.492446779999966,42.25205548200006],[-4.492336148999925,42.248391499000036],[-4.496759224999948,42.24218280700006],[-4.502278467999929,42.241858500000035],[-4.504842786999973,42.23806940500003],[-4.5185104939999405,42.23489932900003],[-4.534986059999937,42.238633693000054],[-4.532931124999948,42.242362617000026],[-4.538880431999928,42.24328262900008],[-4.540294609999933,42.24610953000007],[-4.536939788999973,42.25820446800003],[-4.538001425999937,42.264971700000046],[-4.531755559999965,42.26440684100004],[-4.526526906999948,42.26680006400005],[-4.52322090499996,42.269491748000064],[-4.522188913999969,42.27397237800005],[-4.505035413999963,42.28542003800004],[-4.491509180999969,42.28582185000005],[-4.482476679999934,42.29114432200004],[-4.476880667999978,42.28992866700003],[-4.46035610399997,42.27925212200006],[-4.472040640999978,42.26698982000005],[-4.480518745999973,42.26295413100007],[-4.482425189999958,42.25583282800005],[-4.488850760999981,42.256362022000076],[-4.492446779999966,42.25205548200006]],[[-4.4807448489999615,42.28254203200004],[-4.477582901999938,42.28412775400005],[-4.47993164199994,42.28432916400004],[-4.482766246999972,42.28780137100006],[-4.483444843999962,42.284749082000076],[-4.487679929999956,42.28440924900008],[-4.483539955999959,42.28172155400006],[-4.4807448489999615,42.28254203200004]]]}},{"type":"Feature","properties":{"ClaseSuelo":"SUELO URBANO","NuclRural":"0","AreaLamber":18.65882275,"Shape_STAr":0.000020374469412},"geometry":{"type":"Polygon","coordinates":[[[-4.4807448489999615,42.28254203200004],[-4.483539955999959,42.28172155400006],[-4.487679929999956,42.28440924900008],[-4.483444843999962,42.284749082000076],[-4.482766246999972,42.28780137100006],[-4.47993164199994,42.28432916400004],[-4.477582901999938,42.28412775400005],[-4.4807448489999615,42.28254203200004]]]}},{"type":"Feature","properties":{"ClaseSuelo":"SUELO NO URBANIZABLE","NuclRural":"0","AreaLamber":2047.74331063,"Shape_STAr":0.00224838955518},"geometry":{"type":"Polygon","coordinates":[[[-4.492645845999959,42.61966374900004],[-4.493432440999925,42.618392733000064],[-4.50298810299995,42.62127572700007],[-4.507126416999938,42.620455940000056],[-4.514854968999941,42.617346256000076],[-4.5165069729999345,42.61407342700005],[-4.532923042999926,42.60881204300006],[-4.53751647699994,42.61316323400007],[-4.541432921999956,42.61426335300007],[-4.549560908999979,42.624906355000064],[-4.547159016999956,42.62541608400005],[-4.543876863999969,42.63027826700005],[-4.545862300999943,42.635600768000074],[-4.54958049399994,42.63749575400004],[-4.552534672999968,42.64201255100005],[-4.555858367999974,42.65154929600004],[-4.548589489999927,42.655078796000055],[-4.543303124999966,42.65493395500005],[-4.530410041999971,42.65852887600005],[-4.52557862499998,42.65753963700007],[-4.513472393999962,42.660437760000036],[-4.510182525999937,42.65306064200007],[-4.505962544999932,42.65159422500005],[-4.485932218999949,42.63474513300008],[-4.491625985999974,42.63108701200008],[-4.4881618179999805,42.628502414000025],[-4.4858013959999425,42.62924446000005],[-4.484534107999934,42.62672131800008],[-4.486774664999928,42.62555759300005],[-4.485485403999974,42.62416043500008],[-4.487719714999969,42.62427555700003],[-4.492645845999959,42.61966374900004]],[[-4.505407760999958,42.62996402700003],[-4.504817043999935,42.628147271000046],[-4.501478669999926,42.62781563500005],[-4.50421382199994,42.631039411000074],[-4.505407760999958,42.62996402700003]]]}},{"type":"Feature","properties":{"ClaseSuelo":"SUELO URBANO","NuclRural":"0","AreaLamber":7.27270962,"Shape_STAr":0.00000798460244002},"geometry":{"type":"Polygon","coordinates":[[[-4.505407760999958,42.62996402700003],[-4.50421382199994,42.631039411000074],[-4.501478669999926,42.62781563500005],[-4.504817043999935,42.628147271000046],[-4.505407760999958,42.62996402700003]]]}},{"type":"Feature","properties":{"ClaseSuelo":"SUELO NO URBANIZABLE","NuclRural":"0","AreaLamber":1968.96844501,"Shape_STAr":0.00214970473068},"geometry":{"type":"Polygon","coordinates":[[[-4.734942590999935,42.28957557800004],[-4.7302819619999354,42.29434702000003],[-4.714512787999979,42.30241891700007],[-4.7113231499999415,42.306492148000075],[-4.702099481999937,42.310898174000044],[-4.690299320999941,42.30658784900004],[-4.686104481999962,42.29624791400005],[-4.676505334999945,42.29062492300005],[-4.690241614999934,42.27403269000007],[-4.697324908999974,42.271370406000074],[-4.71221980699994,42.25942334700005],[-4.7142881689999285,42.25879805900007],[-4.7138878209999575,42.260578199000065],[-4.716911704999973,42.26120840800007],[-4.72628848599993,42.26004997800004],[-4.731729041999927,42.26392152500006],[-4.732881289999966,42.26216598900004],[-4.751833344999966,42.26091438200007],[-4.751250741999968,42.264831822000076],[-4.743359920999978,42.27151733900007],[-4.745301491999953,42.27332499200003],[-4.740492581999945,42.28056672900004],[-4.741779291999933,42.28413149600004],[-4.734942590999935,42.28957557800004]],[[-4.726294457999927,42.277906589000054],[-4.726374735999968,42.27667291800003],[-4.722268291999967,42.27841294500007],[-4.725950446999946,42.28074650800005],[-4.7280783569999585,42.27946084400003],[-4.726294457999927,42.277906589000054]]]}},{"type":"Feature","properties":{"ClaseSuelo":"SUELO URBANO","NuclRural":"0","AreaLamber":9.77389785,"Shape_STAr":0.0000106702710945},"geometry":{"type":"Polygon","coordinates":[[[-4.726294457999927,42.277906589000054],[-4.7280783569999585,42.27946084400003],[-4.725950446999946,42.28074650800005],[-4.722268291999967,42.27841294500007],[-4.726374735999968,42.27667291800003],[-4.726294457999927,42.277906589000054]]]}},{"type":"Feature","properties":{"ClaseSuelo":"SUELO NO URBANIZABLE","NuclRural":"0","AreaLamber":4391.45299547,"Shape_STAr":0.00476441089991},"geometry":{"type":"MultiPolygon","coordinates":[[[[-4.144851169999924,41.88301384000005],[-4.143638482999961,41.881242601000054],[-4.1340213589999735,41.881950378000056],[-4.129548736999936,41.87091624900006],[-4.122414084999946,41.86948202700006],[-4.116588996999951,41.861567851000075],[-4.10953997799993,41.85594388100003],[-4.096043977999955,41.85223650200004],[-4.091517931999931,41.83895864600004],[-4.1118964949999395,41.84940026500004],[-4.114477872999942,41.84404329800003],[-4.117211442999974,41.830830941000045],[-4.125147722999941,41.83566219000005],[-4.13066557999997,41.83371663100007],[-4.148607916999936,41.83765473600005],[-4.152248891999932,41.83450195700004],[-4.157917164999958,41.83427384500004],[-4.17015116999994,41.838139874000035],[-4.182295569999951,41.839672783000026],[-4.187604353999973,41.83496155300003],[-4.194083587999955,41.833011973000055],[-4.201717732999953,41.83488681100005],[-4.1998866019999355,41.83227599400004],[-4.209576432999938,41.82562650700004],[-4.212333774999934,41.82753387100007],[-4.211780597999962,41.83779833400007],[-4.214830774999939,41.84752037100003],[-4.208969202999981,41.84968978400008],[-4.210510653999961,41.86053560700003],[-4.206000092999943,41.86606811900003],[-4.205641423999964,41.87071031500005],[-4.200759303999973,41.87254477700003],[-4.20170193499996,41.87783983700007],[-4.174346818999936,41.87660963500008],[-4.172915171999932,41.87608386100004],[-4.174065887999973,41.87310891800007],[-4.172455290999949,41.87201754600005],[-4.172300869999958,41.873460187000035],[-4.167824112999938,41.87379399200006],[-4.149495963999925,41.88259819000007],[-4.144851169999924,41.88301384000005]],[[-4.184914617999937,41.86383617400003],[-4.187616211999966,41.86288336800004],[-4.187854649999963,41.86107728800005],[-4.181791542999974,41.861032729000044],[-4.184379199999967,41.864956491000044],[-4.184914617999937,41.86383617400003]],[[-4.18112143999997,41.86195510500005],[-4.180421254999942,41.861954430000026],[-4.180430342999955,41.86211841200003],[-4.18112143999997,41.86195510500005]]],[[[-4.072459849999973,41.89502452800008],[-4.063174704999938,41.88756309300004],[-4.060197159999973,41.88315930700003],[-4.047424743999954,41.87374728300006],[-4.058302939999976,41.87426015700004],[-4.062772877999976,41.87711908600005],[-4.066329515999939,41.87648272000007],[-4.077929237999967,41.88404824100007],[-4.082446275999928,41.88960794700006],[-4.092807924999931,41.89358995100008],[-4.099781003999965,41.88969558800005],[-4.113885656999969,41.88632637200004],[-4.123521122999932,41.88730438500005],[-4.126973071999942,41.895124433000035],[-4.109038186999953,41.896667904000026],[-4.095315632999927,41.89502517000005],[-4.093778011999973,41.89604856400007],[-4.09339810299997,41.89426884900007],[-4.078188872999931,41.89735772000006],[-4.074276975999965,41.89699805200007],[-4.072459849999973,41.89502452800008]]]]}},{"type":"Feature","properties":{"ClaseSuelo":"SUELO URBANO","NuclRural":"0","AreaLamber":11.46550075,"Shape_STAr":0.0000124395479106},"geometry":{"type":"MultiPolygon","coordinates":[[[[-4.184060478999925,41.86333912500004],[-4.181787950999933,41.86230561800005],[-4.182757494999976,41.86024152200008],[-4.187854649999963,41.86107728800005],[-4.186791580999966,41.86349553100007],[-4.184667169999955,41.86309179300008],[-4.184379199999967,41.864956491000044],[-4.184060478999925,41.86333912500004]]],[[[-4.180430342999955,41.86211841200003],[-4.180421254999942,41.861954430000026],[-4.18112143999997,41.86195510500005],[-4.180430342999955,41.86211841200003]]]]}},{"type":"Feature","properties":{"ClaseSuelo":"SUELO NO URBANIZABLE","NuclRural":"0","AreaLamber":6280.42817745,"Shape_STAr":0.00684844865466},"geometry":{"type":"Polygon","coordinates":[[[-4.815879595999945,42.20877357400008],[-4.81695059499998,42.20514523300005],[-4.81284528599997,42.20222024100008],[-4.812738440999965,42.19636807300003],[-4.864735211999971,42.17254213600006],[-4.8717028819999655,42.17151901900007],[-4.875707673999955,42.16733786400005],[-4.88211705599997,42.16425187500005],[-4.885002036999936,42.16641995500004],[-4.898007911999969,42.16898826100004],[-4.90709275699993,42.17278212900004],[-4.911614003999944,42.18099229000006],[-4.91195442399993,42.184652019000055],[-4.922695876999967,42.200637982000046],[-4.923210239999946,42.20521334700004],[-4.926222268999936,42.20945858400006],[-4.923941795999951,42.219727531000046],[-4.925151529999937,42.22683984200006],[-4.923363657999971,42.23420058500005],[-4.916534513999977,42.23639529400003],[-4.90267083599997,42.236419080000076],[-4.88394246799993,42.24157349500007],[-4.877343563999943,42.24424840200004],[-4.8726184139999305,42.248819583000056],[-4.859600115999967,42.24635675700006],[-4.836469334999947,42.24623428600006],[-4.8238573389999715,42.25107361900007],[-4.821881524999981,42.23381380400008],[-4.8178283849999275,42.223071093000044],[-4.818880158999946,42.216660225000055],[-4.814181175999977,42.21503255300007],[-4.815879595999945,42.20877357400008]],[[-4.853317759999925,42.21612359000005],[-4.855559796999955,42.21717174300005],[-4.853097219999938,42.219434421000074],[-4.85533103399996,42.22435067400005],[-4.86226783099994,42.22152195000007],[-4.861536521999938,42.21798282900005],[-4.853317759999925,42.21612359000005]],[[-4.857795009999961,42.22615628800003],[-4.858362162999981,42.22749766100003],[-4.860851140999955,42.22684667800007],[-4.858830878999925,42.22462894100005],[-4.857795009999961,42.22615628800003]]]}},{"type":"Feature","properties":{"ClaseSuelo":"SUELO URBANO","NuclRural":"0","AreaLamber":47.53939576,"Shape_STAr":0.0000518483541921},"geometry":{"type":"MultiPolygon","coordinates":[[[[-4.855317391999961,42.22388500000005],[-4.853097219999938,42.219434421000074],[-4.855559796999955,42.21717174300005],[-4.853371429999925,42.216063492000046],[-4.861536521999938,42.21798282900005],[-4.862128732999963,42.22172516200004],[-4.855317391999961,42.22388500000005]]],[[[-4.858353059999956,42.22529754000004],[-4.860851140999955,42.22684667800007],[-4.858362162999981,42.22749766100003],[-4.858353059999956,42.22529754000004]]]]}},{"type":"Feature","properties":{"ClaseSuelo":"SUELO URBANO","NuclRural":"0","AreaLamber":43.04203146,"Shape_STAr":0.0000469736779875},"geometry":{"type":"MultiPolygon","coordinates":[[[[-4.596808094999972,42.25042717200006],[-4.59349468299996,42.24736730400008],[-4.5921431589999315,42.24361055700007],[-4.5953295029999595,42.24274073300006],[-4.594552735999969,42.24172684500007],[-4.598495123999953,42.24419913700007],[-4.599440336999976,42.24852350700007],[-4.596808094999972,42.25042717200006]]],[[[-4.622973288999958,42.25016920000007],[-4.619635329999937,42.24830783200008],[-4.624258108999925,42.24819406300003],[-4.622973288999958,42.25016920000007]]],[[[-4.61297045699996,42.28592987700006],[-4.609437263999951,42.28438641400004],[-4.612729958999978,42.28296032700007],[-4.614379158999952,42.28419444600007],[-4.61297045699996,42.28592987700006]]]]}},{"type":"Feature","properties":{"ClaseSuelo":"SUELO NO URBANIZABLE","NuclRural":"0","AreaLamber":13253.4832185,"Shape_STAr":0.0143831132069},"geometry":{"type":"Polygon","coordinates":[[[-4.740046068999959,41.955913370000076],[-4.723758779999969,41.95016988000003],[-4.709197419999953,41.951567440000076],[-4.7098828599999365,41.94832395000003],[-4.704783289999966,41.94213137000003],[-4.700802289999956,41.93940745000003],[-4.692282129999967,41.93882143600007],[-4.6881631689999494,41.92899294700004],[-4.688157828999977,41.91965390000007],[-4.677907019999964,41.89800856000005],[-4.686137389999942,41.89100706000005],[-4.70109395999998,41.88728290000006],[-4.717295659999934,41.87430648000003],[-4.728246899999931,41.868828310000026],[-4.731443099999979,41.86536669000003],[-4.732298119999939,41.86177820000006],[-4.726440069999967,41.854517100000066],[-4.7480578299999365,41.84055409000007],[-4.755363689999967,41.83243576000007],[-4.758421219999946,41.825787140000045],[-4.769236379999938,41.82585512000003],[-4.770088289999933,41.82312200000007],[-4.789248099999952,41.818024440000045],[-4.788927899999976,41.81949750000007],[-4.793393809999941,41.822048720000055],[-4.7954829499999505,41.83002286000004],[-4.807158909999941,41.84824886000007],[-4.809737189999964,41.856386110000074],[-4.8138272599999254,41.86299531000003],[-4.822893639999961,41.867444900000066],[-4.8293041399999765,41.875061380000034],[-4.8323849199999245,41.88039806000006],[-4.832459649999976,41.886809440000036],[-4.8382678899999405,41.89853301000005],[-4.85610005999996,41.91318757000005],[-4.857906339999943,41.913104270000076],[-4.852598029999967,41.92092672000007],[-4.851219999999955,41.927487660000054],[-4.840339033999953,41.932841205000045],[-4.840845625999975,41.93454445500004],[-4.835006969999938,41.93493528000005],[-4.795422518999942,41.95309700000007],[-4.7931152099999395,41.94912526000007],[-4.786261319999937,41.946494210000026],[-4.780479969999931,41.94726853000003],[-4.774447519999967,41.94160690000007],[-4.767894169999977,41.946301290000065],[-4.765960739999969,41.946186950000026],[-4.7659931999999685,41.94343051000004],[-4.761992819999932,41.94404139000005],[-4.7595152899999675,41.94782604000005],[-4.754279959999963,41.94741084000003],[-4.754689919999976,41.94916081000008],[-4.741524780999953,41.95217132000005],[-4.740046068999959,41.955913370000076]],[[-4.7838893199999575,41.914356938000026],[-4.780780777999951,41.90960278400007],[-4.7765368189999435,41.91226828300006],[-4.777632604999951,41.91439764800003],[-4.775460343999953,41.91656599800007],[-4.769382807999932,41.915371262000065],[-4.7700435119999725,41.91675897700003],[-4.7717357889999334,41.91608309700007],[-4.7753572729999405,41.91830442500003],[-4.777173811999944,41.916904516000045],[-4.780195325999955,41.91860618800007],[-4.782496683999966,41.917971813000065],[-4.7838893199999575,41.914356938000026]],[[-4.831007722999971,41.90438375600007],[-4.82944084899998,41.90405190200005],[-4.829594254999961,41.90474160000008],[-4.831007722999971,41.90438375600007]],[[-4.804970548999961,41.89992871000004],[-4.804878324999947,41.89830236500006],[-4.802026671999954,41.896773480000036],[-4.801877322999928,41.90002800800005],[-4.804970548999961,41.89992871000004]],[[-4.702505699999961,41.90180037700003],[-4.703582264999966,41.901021865000075],[-4.701603721999959,41.89954518700006],[-4.702505699999961,41.90180037700003]],[[-4.821503830999973,41.87794937800004],[-4.823682309999981,41.877489043000026],[-4.823084205999976,41.876339640000026],[-4.821026185999926,41.87684888900003],[-4.821503830999973,41.87794937800004]],[[-4.785411333999946,41.835619947000055],[-4.784342401999936,41.83499316500007],[-4.783050327999945,41.836657477000074],[-4.785411333999946,41.835619947000055]]]}},{"type":"Feature","properties":{"ClaseSuelo":"SUELO NO URBANIZABLE","NuclRural":"1","AreaLamber":9.10535538,"Shape_STAr":0.00000987845245939},"geometry":{"type":"MultiPolygon","coordinates":[[[[-4.701603721999959,41.89954518700006],[-4.703582264999966,41.901021865000075],[-4.701233557999956,41.90098043900008],[-4.701603721999959,41.89954518700006]]],[[[-4.783050327999945,41.836657477000074],[-4.784342401999936,41.83499316500007],[-4.785411333999946,41.835619947000055],[-4.783050327999945,41.836657477000074]]],[[[-4.821503830999973,41.87794937800004],[-4.821026185999926,41.87684888900003],[-4.823084205999976,41.876339640000026],[-4.823682309999981,41.877489043000026],[-4.821503830999973,41.87794937800004]]],[[[-4.804451134999965,41.89890710100008],[-4.804970548999961,41.89992871000004],[-4.8040124149999315,41.89956911300004],[-4.804451134999965,41.89890710100008]]],[[[-4.829985076999947,41.90396276300004],[-4.831007722999971,41.90438375600007],[-4.829594254999961,41.90474160000008],[-4.829985076999947,41.90396276300004]]]]}},{"type":"Feature","properties":{"ClaseSuelo":"SUELO URBANO","NuclRural":"0","AreaLamber":50.77657253,"Shape_STAr":0.0000551173582595},"geometry":{"type":"MultiPolygon","coordinates":[[[[-4.780176051999945,41.918584871000064],[-4.777173811999944,41.916904516000045],[-4.7753572729999405,41.91830442500003],[-4.7717357889999334,41.91608309700007],[-4.7700435119999725,41.91675897700003],[-4.769382807999932,41.915371262000065],[-4.775460343999953,41.91656599800007],[-4.777632604999951,41.91439764800003],[-4.7765368189999435,41.91226828300006],[-4.780786177999971,41.90960385600005],[-4.7838893199999575,41.914356938000026],[-4.782496683999966,41.917971813000065],[-4.780176051999945,41.918584871000064]]],[[[-4.802101858999947,41.90014580900004],[-4.8022400709999715,41.89673220900005],[-4.804878324999947,41.89830236500006],[-4.803946621999955,41.89938346100007],[-4.805042575999948,41.900097267000035],[-4.802101858999947,41.90014580900004]]]]}},{"type":"Feature","properties":{"ClaseSuelo":"SUELO NO URBANIZABLE","NuclRural":"0","AreaLamber":7826.19929235,"Shape_STAr":0.00852788974182},"geometry":{"type":"Polygon","coordinates":[[[-4.440563978999933,42.195088965000025],[-4.432217410999954,42.19501321600006],[-4.430629959999976,42.19229518000003],[-4.432062099999939,42.18760315000003],[-4.427352329999962,42.17796228000003],[-4.4265057059999435,42.168309392000026],[-4.40922962999997,42.156301400000075],[-4.407894029999966,42.15666003000007],[-4.408601659999931,42.16073114000005],[-4.402861859999973,42.15735211000003],[-4.396287179999945,42.14845315000008],[-4.381990899999948,42.13496383000006],[-4.376512749999961,42.13231881000007],[-4.373154610999961,42.132575200000076],[-4.373288319999972,42.12812451000008],[-4.385124879999978,42.11720175000005],[-4.37817881999996,42.11150337000004],[-4.384697309999979,42.107011820000025],[-4.37596646999998,42.102055300000075],[-4.371341639999969,42.097337320000065],[-4.365078479999966,42.094565990000035],[-4.366886629999954,42.08979814000003],[-4.370295499999941,42.08863169000006],[-4.3859114699999395,42.09057867000007],[-4.400743329999955,42.08927281000007],[-4.40838808999996,42.093232080000064],[-4.407791699999962,42.095788180000056],[-4.403377679999949,42.09906650000005],[-4.398914309999952,42.09792316000005],[-4.390023420999967,42.10002159000004],[-4.389930290999928,42.10240038000006],[-4.396380148999981,42.110283630000026],[-4.4010529999999335,42.107173540000076],[-4.402704860999961,42.10858536000006],[-4.4105022709999275,42.10404969000007],[-4.414506339999946,42.11007063000005],[-4.427803019999942,42.10001709000005],[-4.447130209999955,42.10329646000008],[-4.462125950999962,42.11851604000003],[-4.4635094899999785,42.12711734000004],[-4.461951649999946,42.12776763000005],[-4.4619628499999635,42.13088363000003],[-4.464006909999966,42.133478370000034],[-4.479813199999967,42.13365390000007],[-4.490926589999958,42.13905785000003],[-4.497658319999971,42.14486021000005],[-4.495437749999951,42.14615003000006],[-4.502755559999969,42.15058452000005],[-4.501510139999937,42.15268124000005],[-4.503466069999945,42.15503325000003],[-4.501157549999959,42.15568490000004],[-4.505652649999945,42.16302003000004],[-4.511559539999951,42.168589190000034],[-4.513113559999965,42.175881650000065],[-4.512369169999943,42.17970103000005],[-4.514867808999952,42.17886653000005],[-4.514742819999981,42.184280820000026],[-4.507508259999952,42.18864498000005],[-4.497331989999964,42.18797669000003],[-4.486990769999977,42.191110200000026],[-4.474316379999948,42.19864072000007],[-4.4734641159999455,42.20209205000003],[-4.475018256999931,42.20278357600006],[-4.4652476999999635,42.20978930000007],[-4.462982329999932,42.21608641000006],[-4.456151992999935,42.21198560600004],[-4.4556250799999475,42.208038550000026],[-4.457756495999945,42.20590407200007],[-4.456130825999935,42.20368239700008],[-4.452712229999975,42.20145603000003],[-4.447550598999953,42.200854830000026],[-4.440563978999933,42.195088965000025]],[[-4.472113699999966,42.17593900000003],[-4.4765748909999274,42.17501331600005],[-4.473661581999977,42.17264240800006],[-4.472869088999971,42.168789900000036],[-4.4671283939999284,42.17116030200003],[-4.46412166999994,42.170176852000054],[-4.466265866999947,42.17457485700004],[-4.469267638999952,42.17644946000007],[-4.471854760999975,42.175347765000026],[-4.472526486999925,42.17727191900008],[-4.472113699999966,42.17593900000003]],[[-4.428886328999965,42.130527147000066],[-4.422234841999966,42.13288490600007],[-4.426060594999967,42.131835455000044],[-4.422668903999977,42.13316909200006],[-4.426243622999948,42.133580695000035],[-4.428886328999965,42.130527147000066]]]}},{"type":"Feature","properties":{"ClaseSuelo":"SUELO URBANO","NuclRural":"0","AreaLamber":50.47279352,"Shape_STAr":0.0000550125211596},"geometry":{"type":"MultiPolygon","coordinates":[[[[-4.4719397709999384,42.17540743700005],[-4.469943300999944,42.17638432800004],[-4.466166424999926,42.174310899000034],[-4.46412166999994,42.170176852000054],[-4.4671283939999284,42.17116030200003],[-4.472869088999971,42.168789900000036],[-4.473661581999977,42.17264240800006],[-4.4765748909999274,42.17501331600005],[-4.4728157099999635,42.17431125300004],[-4.472526486999925,42.17727191900008],[-4.4719397709999384,42.17540743700005]]],[[[-4.4257636209999305,42.133235900000045],[-4.422668903999977,42.13316909200006],[-4.426354467999943,42.131892477000065],[-4.42221812799994,42.132687376000035],[-4.42849806199996,42.12998383900003],[-4.427969574999963,42.132453259000044],[-4.4257636209999305,42.133235900000045]]]]}},{"type":"Feature","properties":{"ClaseSuelo":"SUELO URBANO NO CONSOLIDADO","NuclRural":"0","AreaLamber":5.39589918,"Shape_STAr":0.00000588151848802},"geometry":{"type":"MultiPolygon","coordinates":[[[[-4.467784883999968,42.17546727900003],[-4.466166424999926,42.174310899000034],[-4.469943300999944,42.17638432800004],[-4.467784883999968,42.17546727900003]]],[[[-4.428754897999966,42.13059307900005],[-4.428063293999969,42.13129463200005],[-4.427776839999979,42.131151301000045],[-4.428754897999966,42.13059307900005]]],[[[-4.429109620999952,42.13081663600008],[-4.428010694999955,42.132074543000044],[-4.4277446269999245,42.13185901000003],[-4.429109620999952,42.13081663600008]]],[[[-4.473350794999931,42.17511388600008],[-4.4728157099999635,42.17431125300004],[-4.475722578999978,42.17517976100004],[-4.473350794999931,42.17511388600008]]]]}},{"type":"Feature","properties":{"ClaseSuelo":"SUELO NO URBANIZABLE","NuclRural":"0","AreaLamber":12209.9949437,"Shape_STAr":0.0133082819777},"geometry":{"type":"Polygon","coordinates":[[[-4.274597778999976,42.21240918700005],[-4.273161200999937,42.209110760000044],[-4.269584289999955,42.21015913000008],[-4.2649866009999755,42.20802147000006],[-4.255271759999971,42.19949133000006],[-4.245417379999935,42.198518070000034],[-4.2376116499999625,42.200719080000056],[-4.231439079999973,42.20844986000003],[-4.215959639999937,42.20731821000004],[-4.212068729999942,42.20086591000006],[-4.20575907999995,42.197104790000026],[-4.2058400299999334,42.19244769000005],[-4.222147469999925,42.18018859000006],[-4.2302486799999315,42.18021002000006],[-4.238305919999959,42.17426021000006],[-4.246827269999926,42.17475327000005],[-4.269205289999945,42.16885184000006],[-4.270934279999949,42.16027674000003],[-4.285669628999926,42.156870240000046],[-4.2855467599999315,42.153791470000044],[-4.280360099999939,42.15348023000007],[-4.289423959999965,42.148028950000025],[-4.2836787899999536,42.14760705000003],[-4.291375039999934,42.145179030000065],[-4.300844659999939,42.13837135000006],[-4.298456309999949,42.12808620000004],[-4.284729109999944,42.11755923000004],[-4.28065356999997,42.11761380000007],[-4.291934419999961,42.10543684000004],[-4.2954255999999305,42.09513924000004],[-4.303952489999972,42.094628370000066],[-4.32073682999993,42.096958210000025],[-4.324425679999933,42.096402330000046],[-4.331498289999956,42.09170023000007],[-4.335992229999931,42.09437692000006],[-4.33904167999998,42.100798920000045],[-4.352273569999966,42.101436310000054],[-4.364319329999944,42.098636870000064],[-4.374197549999963,42.109740860000045],[-4.385124879999978,42.11720175000005],[-4.373288319999972,42.12812451000008],[-4.373154610999961,42.132575200000076],[-4.376512749999961,42.13231881000007],[-4.381990899999948,42.13496383000006],[-4.396287179999945,42.14845315000008],[-4.402861859999973,42.15735211000003],[-4.408601659999931,42.16073114000005],[-4.407894029999966,42.15666003000007],[-4.40922962999997,42.156301400000075],[-4.4198180699999625,42.16538417000004],[-4.420305299999939,42.168764440000075],[-4.417173649999938,42.17110873000007],[-4.405896049999967,42.17302169000004],[-4.394835549999925,42.18264017000007],[-4.377425359999961,42.189461050000034],[-4.363739351999925,42.18433799600007],[-4.355686849999927,42.18491979000004],[-4.354408969999952,42.18802399000003],[-4.349669399999925,42.18952084000006],[-4.344792919999975,42.193702933000054],[-4.343714140999964,42.19766926800003],[-4.321771849999948,42.20370626000005],[-4.3194597499999645,42.20552511000005],[-4.314956253999981,42.20507251200007],[-4.308872251999958,42.21606635400008],[-4.304377930999976,42.21845037000003],[-4.302106372999958,42.22641946600004],[-4.297032749999971,42.23605941000005],[-4.294845778999957,42.237561011000025],[-4.288774859999933,42.23404518000007],[-4.273918419999973,42.22929403000006],[-4.27386748999993,42.22616051000006],[-4.270356640999978,42.22329950400007],[-4.274597778999976,42.21240918700005]],[[-4.300365371999931,42.19768508400006],[-4.2999248839999495,42.19783304900005],[-4.300264051999932,42.19799505300006],[-4.300365371999931,42.19768508400006]],[[-4.301146814999925,42.197161521000055],[-4.300840450999942,42.19747381700006],[-4.301262346999977,42.19741946700003],[-4.301146814999925,42.197161521000055]],[[-4.296774912999979,42.19730693100007],[-4.299234054999943,42.19337903600007],[-4.3022256449999645,42.19456504600004],[-4.303360044999977,42.193155784000055],[-4.299229453999942,42.19245496000008],[-4.301668630999927,42.186898142000075],[-4.300803617999975,42.186007063000034],[-4.295017250999933,42.19010565700006],[-4.283628695999937,42.190381054000056],[-4.296774912999979,42.19730693100007]],[[-4.223408024999969,42.19553399900008],[-4.223181067999974,42.19573440400006],[-4.223511514999927,42.19571590100003],[-4.223408024999969,42.19553399900008]],[[-4.22022558499998,42.19404850900003],[-4.219966291999981,42.194239269000036],[-4.220242397999925,42.194256118000055],[-4.22022558499998,42.19404850900003]],[[-4.301000995999971,42.19103829200003],[-4.301489751999952,42.19049659900003],[-4.30107994399998,42.19051316300005],[-4.301000995999971,42.19103829200003]],[[-4.370395357999939,42.17989534800006],[-4.373946083999954,42.17716424400004],[-4.371223929999928,42.177160369000035],[-4.368196313999931,42.18036052700006],[-4.370395357999939,42.17989534800006]],[[-4.317225134999944,42.17837716900004],[-4.316910768999946,42.17853042300004],[-4.317250671999943,42.17854558300007],[-4.317225134999944,42.17837716900004]],[[-4.37085990199995,42.17975339800006],[-4.370960069999967,42.17988182900007],[-4.372338390999971,42.179144765000046],[-4.37085990199995,42.17975339800006]],[[-4.346536094999976,42.17678726300005],[-4.346335463999935,42.17697911000005],[-4.346643355999959,42.176995513000065],[-4.346536094999976,42.17678726300005]],[[-4.265840232999949,42.17410642900006],[-4.265636271999938,42.174303734000034],[-4.265918189999979,42.17431450000004],[-4.265840232999949,42.17410642900006]],[[-4.354308687999946,42.171108866000054],[-4.35410242699993,42.17129049400006],[-4.354420519999962,42.171305801000074],[-4.354308687999946,42.171108866000054]],[[-4.281589157999974,42.170554338000045],[-4.2814324049999755,42.17078675300007],[-4.281723726999928,42.17074632500004],[-4.281589157999974,42.170554338000045]],[[-4.39517948799994,42.16778073800003],[-4.394986166999956,42.16796228100003],[-4.395314078999945,42.16795829300003],[-4.39517948799994,42.16778073800003]],[[-4.286141462999979,42.168480259000034],[-4.286044052999955,42.16873155500008],[-4.286270557999956,42.16868612300004],[-4.286141462999979,42.168480259000034]],[[-4.344395925999947,42.16646169100005],[-4.344117193999978,42.16660983700007],[-4.344455998999933,42.16663636700008],[-4.344395925999947,42.16646169100005]],[[-4.336407299999962,42.16614246000006],[-4.336224988999959,42.16638398400005],[-4.336508418999927,42.16632047400003],[-4.336407299999962,42.16614246000006]],[[-4.3226438989999565,42.165993669000045],[-4.3224241669999515,42.16620875600006],[-4.322731247999968,42.166189012000075],[-4.3226438989999565,42.165993669000045]],[[-4.283614314999966,42.165902481000046],[-4.283482023999966,42.166152544000056],[-4.283724799999959,42.16611513300006],[-4.283614314999966,42.165902481000046]],[[-4.275924031999978,42.16329959900003],[-4.275784185999953,42.16354424300005],[-4.276062899999943,42.163493017000064],[-4.275924031999978,42.16329959900003]],[[-4.373849953999979,42.15948519400007],[-4.373613266999939,42.159694555000044],[-4.373867763999954,42.15970980800006],[-4.373849953999979,42.15948519400007]],[[-4.318175283999949,42.155701932000056],[-4.318155457999978,42.155458536000026],[-4.317895485999941,42.155585433000056],[-4.318175283999949,42.155701932000056]],[[-4.328705734999971,42.155540633000044],[-4.328942960999939,42.15539197600003],[-4.328655517999948,42.15529568100004],[-4.328705734999971,42.155540633000044]],[[-4.385313029999963,42.15476333600003],[-4.385625252999944,42.154607060000046],[-4.385390520999977,42.15446349100006],[-4.385313029999963,42.15476333600003]],[[-4.330601322999939,42.15415914600004],[-4.330299864999972,42.15430680700007],[-4.330547249999938,42.15437542400008],[-4.330601322999939,42.15415914600004]],[[-4.291169414999956,42.15387813700005],[-4.290978392999932,42.15405948000006],[-4.291225059999931,42.154094830000076],[-4.291169414999956,42.15387813700005]],[[-4.325107726999931,42.15279727400008],[-4.3249056199999245,42.15299500500004],[-4.325179895999952,42.15300232200008],[-4.325107726999931,42.15279727400008]],[[-4.3637676009999495,42.14876964600006],[-4.363583718999962,42.14897485500006],[-4.363868059999959,42.14897433400006],[-4.3637676009999495,42.14876964600006]],[[-4.298120056999949,42.14621704500007],[-4.2980057489999695,42.146475905000045],[-4.298222520999957,42.14645362700003],[-4.298120056999949,42.14621704500007]],[[-4.359526880999965,42.14412321200007],[-4.359269257999927,42.144294021000064],[-4.3595542109999315,42.14432305100007],[-4.359526880999965,42.14412321200007]],[[-4.368313668999974,42.140818170000045],[-4.368080397999961,42.141023784000026],[-4.368351468999947,42.14105105200008],[-4.368313668999974,42.140818170000045]],[[-4.353387991999966,42.13611745900005],[-4.352994141999943,42.13638517500004],[-4.353433584999948,42.13645433800008],[-4.353387991999966,42.13611745900005]],[[-4.218787716999941,42.205382232000034],[-4.219052516999966,42.20521403500004],[-4.218742598999938,42.20516920500006],[-4.218787716999941,42.205382232000034]]]}},{"type":"Feature","properties":{"ClaseSuelo":"SUELO NO URBANIZABLE","NuclRural":"1","AreaLamber":2.68121221,"Shape_STAr":0.00000292277819328},"geometry":{"type":"MultiPolygon","coordinates":[[[[-4.301226182999926,42.19045669800005],[-4.301545650999969,42.19072233900005],[-4.301000995999971,42.19103829200003],[-4.301226182999926,42.19045669800005]]],[[[-4.353113604999976,42.13610163200008],[-4.353508696999938,42.13637338700005],[-4.35306737999997,42.13645675200007],[-4.353113604999976,42.13610163200008]]],[[[-4.368111218999957,42.140837360000035],[-4.3684076819999405,42.14099700400004],[-4.368080397999961,42.141023784000026],[-4.368111218999957,42.140837360000035]]],[[[-4.359380420999969,42.14410207200007],[-4.3595542109999315,42.14432305100007],[-4.359269257999927,42.144294021000064],[-4.359380420999969,42.14410207200007]]],[[[-4.297965966999925,42.14623387300003],[-4.298222520999957,42.14645362700003],[-4.297951763999947,42.146441441000036],[-4.297965966999925,42.14623387300003]]],[[[-4.363614058999929,42.14877719000003],[-4.363868059999959,42.14897433400006],[-4.363583718999962,42.14897485500006],[-4.363614058999929,42.14877719000003]]],[[[-4.324968177999949,42.15280079200005],[-4.3252235849999465,42.15294748800005],[-4.3249056199999245,42.15299500500004],[-4.324968177999949,42.15280079200005]]],[[[-4.291005565999967,42.153883793000034],[-4.291275045999953,42.154033266000056],[-4.290978392999932,42.15405948000006],[-4.291005565999967,42.153883793000034]]],[[[-4.330382961999931,42.15413070100004],[-4.330607943999951,42.15433754700007],[-4.330299864999972,42.15430680700007],[-4.330382961999931,42.15413070100004]]],[[[-4.385264005999943,42.15453014800005],[-4.385590898999965,42.154723379000075],[-4.385313029999963,42.15476333600003],[-4.385264005999943,42.15453014800005]]],[[[-4.328655517999948,42.15529568100004],[-4.3289290879999385,42.15546362300006],[-4.3286438139999746,42.155519999000035],[-4.328655517999948,42.15529568100004]]],[[[-4.3180145819999325,42.15546015500007],[-4.318241729999954,42.15566304200007],[-4.317940567999926,42.15565697100004],[-4.3180145819999325,42.15546015500007]]],[[[-4.373669919999941,42.15948242200005],[-4.373867763999954,42.15970980800006],[-4.373613266999939,42.159694555000044],[-4.373669919999941,42.15948242200005]]],[[[-4.27581526299997,42.16330560800003],[-4.276062899999943,42.163493017000064],[-4.275784185999953,42.16354424300005],[-4.27581526299997,42.16330560800003]]],[[[-4.283501623999939,42.16590526600004],[-4.283724799999959,42.16611513300006],[-4.283425854999962,42.16611199600004],[-4.283501623999939,42.16590526600004]]],[[[-4.322470364999958,42.165986790000034],[-4.322731247999968,42.166189012000075],[-4.3224241669999515,42.16620875600006],[-4.322470364999958,42.165986790000034]]],[[[-4.336201714999959,42.166191242000025],[-4.336508418999927,42.16632047400003],[-4.336224988999959,42.16638398400005],[-4.336201714999959,42.166191242000025]]],[[[-4.34419090199998,42.16646028100007],[-4.344455998999933,42.16663636700008],[-4.344195501999934,42.16667754700006],[-4.34419090199998,42.16646028100007]]],[[[-4.285997545999976,42.168491404000065],[-4.286270557999956,42.16868612300004],[-4.285982433999948,42.168694119000065],[-4.285997545999976,42.168491404000065]]],[[[-4.395013390999964,42.16780182100007],[-4.395314078999945,42.16795829300003],[-4.395059111999956,42.168016677000026],[-4.395013390999964,42.16780182100007]]],[[[-4.281462490999957,42.17056337900004],[-4.281723726999928,42.17074632500004],[-4.2814324049999755,42.17078675300007],[-4.281462490999957,42.17056337900004]]],[[[-4.354144557999973,42.17110317800007],[-4.354420519999962,42.171305801000074],[-4.35410242699993,42.17129049400006],[-4.354144557999973,42.17110317800007]]],[[[-4.265700752999976,42.174130836000074],[-4.265954355999952,42.17427750000007],[-4.265636271999938,42.174303734000034],[-4.265700752999976,42.174130836000074]]],[[[-4.346370986999943,42.17684143900004],[-4.346684055999958,42.17692068800005],[-4.3464172059999555,42.177026762000025],[-4.346370986999943,42.17684143900004]]],[[[-4.31698612699995,42.17834560000006],[-4.317250671999943,42.17854558300007],[-4.316910768999946,42.17853042300004],[-4.31698612699995,42.17834560000006]]],[[[-4.371309180999958,42.179538001000026],[-4.372338390999971,42.179144765000046],[-4.37085990199995,42.17975339800006],[-4.371309180999958,42.179538001000026]]],[[[-4.220095834999938,42.19402916700005],[-4.220242397999925,42.194256118000055],[-4.219966291999981,42.194239269000036],[-4.220095834999938,42.19402916700005]]],[[[-4.223219451999967,42.195547256000054],[-4.223511514999927,42.19571590100003],[-4.223181067999974,42.19573440400006],[-4.223219451999967,42.195547256000054]]],[[[-4.30090833099996,42.19715850700004],[-4.301262346999977,42.19741946700003],[-4.300840450999942,42.19747381700006],[-4.30090833099996,42.19715850700004]]],[[[-4.300077131999956,42.19763116200005],[-4.300395887999969,42.19792302500008],[-4.299994024999933,42.197954269000036],[-4.300077131999956,42.19763116200005]]],[[[-4.218795955999951,42.20514385600006],[-4.219025646999967,42.205354922000026],[-4.2187126069999294,42.20534299800005],[-4.218795955999951,42.20514385600006]]]]}},{"type":"Feature","properties":{"ClaseSuelo":"SUELO URBANO","NuclRural":"0","AreaLamber":76.65002608,"Shape_STAr":0.0000835831685801},"geometry":{"type":"MultiPolygon","coordinates":[[[[-4.295809404999943,42.19732882900007],[-4.283628695999937,42.190381054000056],[-4.295017250999933,42.19010565700006],[-4.300803617999975,42.186007063000034],[-4.301668630999927,42.186898142000075],[-4.299229453999942,42.19245496000008],[-4.303360044999977,42.193155784000055],[-4.3022256449999645,42.19456504600004],[-4.299234054999943,42.19337903600007],[-4.298802268999964,42.19545082700006],[-4.295809404999943,42.19732882900007]]],[[[-4.369736694999972,42.17945373600003],[-4.371223929999928,42.177160369000035],[-4.373946083999954,42.17716424400004],[-4.368196313999931,42.18036052700006],[-4.369736694999972,42.17945373600003]]]]}},{"type":"Feature","properties":{"ClaseSuelo":"SUELO NO URBANIZABLE","NuclRural":"0","AreaLamber":3422.58857163,"Shape_STAr":0.0037195859641},"geometry":{"type":"Polygon","coordinates":[[[-4.5935129199999665,42.02159823000005],[-4.590402199999971,42.01552608000003],[-4.589475129999926,41.99965178000008],[-4.605388929999947,41.98524544000003],[-4.603540979999934,41.98424454000008],[-4.6115118599999505,41.980566460000034],[-4.6045224299999745,41.97190113000005],[-4.616285919999939,41.96316215000007],[-4.621275089999926,41.95623800000004],[-4.631812719999971,41.954026310000074],[-4.64294905099996,41.954948270000045],[-4.653280349999932,41.94945921000004],[-4.6576315299999465,41.948829070000045],[-4.667669119999971,41.95066512000005],[-4.668551559999969,41.95858689000005],[-4.670611059999942,41.96259179000003],[-4.6700484399999596,41.96553603000007],[-4.671414349999964,41.96838918000003],[-4.673933989999966,41.969208070000036],[-4.673104758999955,41.973489150000034],[-4.675743269999941,41.97699015000006],[-4.670055709999929,41.986124360000076],[-4.664687029999925,41.98810266000004],[-4.6664950399999725,41.992156280000074],[-4.660310550999952,41.99574933000008],[-4.657216769999934,42.00121582000003],[-4.652877339999975,42.005232130000024],[-4.650560059999975,42.00387850000004],[-4.646797750999951,42.00548161000006],[-4.633560759999966,42.004923200000064],[-4.624434389999976,42.011663300000066],[-4.618174860999943,42.01865049000003],[-4.608687078999935,42.017910200000074],[-4.608865589999937,42.01924063000007],[-4.607321279999951,42.01930729000003],[-4.605454539999926,42.018081540000026],[-4.600206329999935,42.020712580000065],[-4.5935129199999665,42.02159823000005]],[[-4.637040830999979,41.99752396800005],[-4.637823284999968,41.99680624200005],[-4.634729012999969,41.99421215900003],[-4.63658608999998,41.99181008000005],[-4.635307396999963,41.98962349000004],[-4.632431444999952,41.99008880200006],[-4.632237529999941,41.988902015000065],[-4.62785641499994,41.99246231700005],[-4.637040830999979,41.99752396800005]],[[-4.65135192799994,41.96439530600003],[-4.6493471919999365,41.96520587800006],[-4.651685794999935,41.96589798900004],[-4.65135192799994,41.96439530600003]]]}},{"type":"Feature","properties":{"ClaseSuelo":"SUELO NO URBANIZABLE","NuclRural":"1","AreaLamber":6.46919238,"Shape_STAr":0.00000703007602468},"geometry":{"type":"MultiPolygon","coordinates":[[[[-4.650863550999929,41.96597685000006],[-4.649610648999953,41.96448003100005],[-4.651853812999946,41.96468989300007],[-4.650863550999929,41.96597685000006]]],[[[-4.636447551999936,41.99763394100006],[-4.634729012999969,41.99421215900003],[-4.637875944999962,41.99688725900006],[-4.636447551999936,41.99763394100006]]]]}},{"type":"Feature","properties":{"ClaseSuelo":"SUELO URBANIZABLE DELIMITADO O SECTORIZADO","NuclRural":"0","AreaLamber":1.95667527,"Shape_STAr":0.00000212683158833},"geometry":{"type":"Polygon","coordinates":[[[-4.633387906999928,41.99480367500007],[-4.634785435999959,41.99377024900008],[-4.635504426999944,41.99622561100006],[-4.633387906999928,41.99480367500007]],[[-4.634657415999925,41.993997739000065],[-4.633629263999978,41.99469219800005],[-4.634428286999935,41.99468356800003],[-4.634657415999925,41.993997739000065]]]}},{"type":"Feature","properties":{"ClaseSuelo":"SUELO URBANO","NuclRural":"0","AreaLamber":24.20424543,"Shape_STAr":0.0000263077293836},"geometry":{"type":"Polygon","coordinates":[[[-4.632518820999962,41.99406959800007],[-4.62899712199993,41.99331897500008],[-4.6291331209999385,41.99102609700003],[-4.632237529999941,41.988902015000065],[-4.632431444999952,41.99008880200006],[-4.635307396999963,41.98962349000004],[-4.636385556999926,41.99289955800003],[-4.633283290999941,41.994935045000034],[-4.632518820999962,41.99406959800007]]]}},{"type":"Feature","properties":{"ClaseSuelo":"SUELO URBANO NO CONSOLIDADO","NuclRural":"0","AreaLamber":1.97130584,"Shape_STAr":0.00000214265627944},"geometry":{"type":"MultiPolygon","coordinates":[[[[-4.627711546999933,41.99303182700004],[-4.629813761999969,41.99182360800006],[-4.629321940999944,41.99299105400007],[-4.627711546999933,41.99303182700004]]],[[[-4.634105250999937,41.99407972200004],[-4.634428286999935,41.99468356800003],[-4.633734036999954,41.99476560900007],[-4.634105250999937,41.99407972200004]]]]}},{"type":"Feature","properties":{"ClaseSuelo":"SUELO NO URBANIZABLE","NuclRural":"1","AreaLamber":25.00112993,"Shape_STAr":0.0000272231676947},"geometry":{"type":"MultiPolygon","coordinates":[[[[-4.202384748999975,42.10091588500006],[-4.199965421999934,42.10039075700007],[-4.204501936999975,42.097140972000034],[-4.2095819939999615,42.09839985700006],[-4.209010340999953,42.100652413000034],[-4.202384748999975,42.10091588500006]]],[[[-4.2105340729999625,42.08083272400006],[-4.212181788999942,42.07961855800005],[-4.213825189999966,42.08025172500004],[-4.213719246999972,42.08187055600007],[-4.2105340729999625,42.08083272400006]]]]}},{"type":"Feature","properties":{"ClaseSuelo":"SUELO URBANIZABLE DELIMITADO O SECTORIZADO","NuclRural":"0","AreaLamber":3.30966693,"Shape_STAr":0.00000360300281531},"geometry":{"type":"Polygon","coordinates":[[[-4.203114848999974,42.081748928000025],[-4.201633888999936,42.081198802000074],[-4.203639610999971,42.07966454100006],[-4.2044363729999645,42.081483207000076],[-4.203114848999974,42.081748928000025]]]}},{"type":"Feature","properties":{"ClaseSuelo":"SUELO URBANO","NuclRural":"0","AreaLamber":30.78593931,"Shape_STAr":0.0000335159449177},"geometry":{"type":"MultiPolygon","coordinates":[[[[-4.203277483999955,42.086210308000034],[-4.203290024999944,42.084573300000045],[-4.200715547999948,42.08377661900005],[-4.202337610999962,42.081529052000064],[-4.2096552339999675,42.081324635000044],[-4.208141326999964,42.08398829300006],[-4.209586652999974,42.08299026900005],[-4.2096133389999295,42.085647479000045],[-4.203277483999955,42.086210308000034]]],[[[-4.210246438999945,42.08569539700005],[-4.211140988999944,42.08340553900007],[-4.212238429999957,42.08430050100003],[-4.210246438999945,42.08569539700005]]]]}},{"type":"Feature","properties":{"ClaseSuelo":"SUELO URBANO NO CONSOLIDADO","NuclRural":"0","AreaLamber":4.71636672,"Shape_STAr":0.00000513420010804},"geometry":{"type":"MultiPolygon","coordinates":[[[[-4.209918366999943,42.076238104000026],[-4.211603059999959,42.07655136400007],[-4.210358310999936,42.07837552800004],[-4.208722979999948,42.07693025700007],[-4.209918366999943,42.076238104000026]]],[[[-4.208424718999936,42.083433384000045],[-4.209519723999961,42.08266873300005],[-4.209240397999963,42.08425799200006],[-4.208424718999936,42.083433384000045]]]]}},{"type":"Feature","properties":{"ClaseSuelo":"SUELO NO URBANIZABLE","NuclRural":"0","AreaLamber":2184.92676245,"Shape_STAr":0.00239127210386},"geometry":{"type":"Polygon","coordinates":[[[-4.724070248999965,42.43827109000006],[-4.720188816999951,42.44060770900006],[-4.718119405999971,42.439545613000064],[-4.71427237599994,42.44074757100003],[-4.719769946999975,42.44161602100007],[-4.719764699999928,42.45111463000006],[-4.723424549999947,42.454202630000054],[-4.724000069999931,42.45789526000004],[-4.722553560999927,42.46724672000005],[-4.724245309999958,42.471273790000055],[-4.7223598099999435,42.469942280000055],[-4.7011279279999485,42.47378931000003],[-4.698954662999938,42.464491715000065],[-4.700210984999956,42.46420296900004],[-4.691682449999973,42.45868264000006],[-4.69013125999993,42.45436483000003],[-4.6839837999999645,42.44869169000003],[-4.678996149999932,42.43950707000005],[-4.677219673999957,42.43443558700005],[-4.679446950999932,42.42769402300007],[-4.684635900999979,42.42263791000005],[-4.6803992899999685,42.42102501000005],[-4.678458588999945,42.41387597200003],[-4.6914077099999645,42.417711240000074],[-4.7033619199999634,42.415706200000045],[-4.71051762999997,42.41246575000008],[-4.716909019999946,42.40573310000008],[-4.72559444999996,42.40339638000006],[-4.728789310999957,42.405131390000065],[-4.734293979999961,42.41925019000007],[-4.725690259999965,42.42374769000003],[-4.733998389999954,42.42705354000003],[-4.734342119999951,42.43246972000003],[-4.724070248999965,42.43827109000006]],[[-4.692988144999958,42.45387415300007],[-4.692994553999938,42.45380957200007],[-4.692985439999973,42.45389017600007],[-4.692988144999958,42.45387415300007]],[[-4.692999548999978,42.45375924500007],[-4.693001973999969,42.45367887000003],[-4.692997783999942,42.45377702500008],[-4.692999548999978,42.45375924500007]],[[-4.69300302399995,42.45364405500004],[-4.692968707999967,42.453317887000026],[-4.693002417999935,42.45366415800004],[-4.69300302399995,42.45364405500004]],[[-4.7148034999999595,42.46321091200008],[-4.715785289999928,42.46171076100006],[-4.712476782999943,42.45981777900005],[-4.7148034999999595,42.46321091200008]],[[-4.70995596399996,42.44159671300008],[-4.711706010999933,42.44094321800003],[-4.710757702999956,42.439358095000046],[-4.7080777999999555,42.43962259400007],[-4.70995596399996,42.44159671300008]],[[-4.701123121999956,42.454498029000035],[-4.697466573999975,42.45342905600006],[-4.692569814999956,42.455035519000035],[-4.693793490999951,42.456223452000074],[-4.703558670999939,42.455035182000074],[-4.705657465999934,42.45391757400006],[-4.704617895999945,42.44981979700003],[-4.7007272889999285,42.45270557400005],[-4.701123121999956,42.454498029000035]]]}},{"type":"Feature","properties":{"ClaseSuelo":"SUELO URBANIZABLE DELIMITADO O SECTORIZADO","NuclRural":"0","AreaLamber":11.2166815,"Shape_STAr":0.0000122794630133},"geometry":{"type":"Polygon","coordinates":[[[-4.692569814999956,42.455035519000035],[-4.697466573999975,42.45342905600006],[-4.7009445959999425,42.45453867900005],[-4.693793490999951,42.456223452000074],[-4.692569814999956,42.455035519000035]]]}},{"type":"Feature","properties":{"ClaseSuelo":"SUELO URBANO","NuclRural":"0","AreaLamber":27.69438492,"Shape_STAr":0.0000303158631751},"geometry":{"type":"MultiPolygon","coordinates":[[[[-4.7022637409999675,42.45515893700008],[-4.7006598349999535,42.45478942300008],[-4.7007272889999285,42.45270557400005],[-4.704617895999945,42.44981979700003],[-4.705657465999934,42.45391757400006],[-4.7022637409999675,42.45515893700008]]],[[[-4.70995596399996,42.44159671300008],[-4.7080777999999555,42.43962259400007],[-4.710757702999956,42.439358095000046],[-4.711706010999933,42.44094321800003],[-4.70995596399996,42.44159671300008]]],[[[-4.71873745299996,42.441023709000035],[-4.71427237599994,42.44074757100003],[-4.718119405999971,42.439545613000064],[-4.720188816999951,42.44060770900006],[-4.71873745299996,42.441023709000035]]],[[[-4.7148034999999595,42.46321091200008],[-4.712476782999943,42.45981777900005],[-4.715785289999928,42.46171076100006],[-4.7148034999999595,42.46321091200008]]]]}},{"type":"Feature","properties":{"ClaseSuelo":"SUELO NO URBANIZABLE","NuclRural":"0","AreaLamber":1268.88016531,"Shape_STAr":0.0013783013821},"geometry":{"type":"Polygon","coordinates":[[[-4.421129029999975,41.96298659000007],[-4.403865259999975,41.94670791000004],[-4.383865639999954,41.93401716000005],[-4.384367789999942,41.932696573000044],[-4.3861685299999635,41.934538718000056],[-4.390170269999942,41.93440037000005],[-4.393705016999945,41.93110651200004],[-4.394626409999944,41.93242795000003],[-4.393362709999963,41.93532540000007],[-4.395765379999943,41.93654805300008],[-4.4129917399999385,41.93004196000004],[-4.418723788999955,41.93182647400005],[-4.422776180999961,41.930182400000035],[-4.42396298999995,41.930933260000074],[-4.423279305999927,41.93491342000004],[-4.425531919999969,41.930976850000036],[-4.429313769999965,41.92966904000008],[-4.435724679999964,41.93317362000005],[-4.437942088999932,41.93791935000007],[-4.441321110999979,41.94012864000007],[-4.447047789999942,41.939453220000075],[-4.453676489999964,41.93601010000003],[-4.454803960999925,41.93838255000003],[-4.459224200999927,41.93702956000004],[-4.463060259999963,41.94020510000007],[-4.463267119999955,41.94502995000005],[-4.45794019899995,41.95002424000006],[-4.448657859999969,41.95035783000003],[-4.441898779999974,41.94756078000006],[-4.441829329999962,41.957856090000064],[-4.4354150499999605,41.96237664000006],[-4.4324230299999385,41.967250480000075],[-4.421129029999975,41.96298659000007]],[[-4.441542345999949,41.956728912000074],[-4.437597441999969,41.95982192300005],[-4.4409008679999715,41.958503241000074],[-4.441542345999949,41.956728912000074]],[[-4.4401802359999465,41.956558260000065],[-4.44051568499998,41.955952592000074],[-4.438564905999954,41.95684540700006],[-4.4401802359999465,41.956558260000065]],[[-4.431429226999967,41.95251925600007],[-4.429700110999931,41.95034085700007],[-4.426078916999927,41.953519553000035],[-4.428983281999933,41.955606561000025],[-4.432839121999962,41.95560522900007],[-4.431429226999967,41.95251925600007]],[[-4.422608493999974,41.938642551000044],[-4.420691941999962,41.93857096700003],[-4.42191149699994,41.94002377400005],[-4.422608493999974,41.938642551000044]]]}},{"type":"Feature","properties":{"ClaseSuelo":"SUELO NO URBANIZABLE","NuclRural":"1","AreaLamber":8.01994406,"Shape_STAr":0.00000871270688322},"geometry":{"type":"MultiPolygon","coordinates":[[[[-4.440741096999943,41.956523093000044],[-4.441174864999937,41.95819478200008],[-4.4380286119999255,41.96025498600005],[-4.437366211999972,41.95926071300005],[-4.440741096999943,41.956523093000044]]],[[[-4.420696806999956,41.93879014000004],[-4.4228263109999375,41.93867797900003],[-4.4228338869999675,41.93959294300004],[-4.420696806999956,41.93879014000004]]],[[[-4.439940453999952,41.95621932100005],[-4.4406957159999365,41.95619911500006],[-4.438564905999954,41.95684540700006],[-4.439940453999952,41.95621932100005]]]]}},{"type":"Feature","properties":{"ClaseSuelo":"SUELO URBANIZABLE DELIMITADO O SECTORIZADO","NuclRural":"0","AreaLamber":4.12472998,"Shape_STAr":0.00000448104775308},"geometry":{"type":"MultiPolygon","coordinates":[[[[-4.426143769999953,41.95345011900008],[-4.427655141999935,41.952385004000064],[-4.428983281999933,41.955606561000025],[-4.426143769999953,41.95345011900008]]],[[[-4.429671110999948,41.95513998100006],[-4.430376599999931,41.95442169700004],[-4.431777443999977,41.95510720600004],[-4.429671110999948,41.95513998100006]]]]}},{"type":"Feature","properties":{"ClaseSuelo":"SUELO URBANO","NuclRural":"0","AreaLamber":12.7161895,"Shape_STAr":0.0000138144734599},"geometry":{"type":"Polygon","coordinates":[[[-4.431777443999977,41.95510720600004],[-4.430376599999931,41.95442169700004],[-4.42957449499994,41.95568978000006],[-4.427266059999965,41.95374295100004],[-4.429700110999931,41.95034085700007],[-4.432839121999962,41.95560522900007],[-4.431777443999977,41.95510720600004]]]}},{"type":"Feature","properties":{"ClaseSuelo":"SUELO NO URBANIZABLE","NuclRural":"0","AreaLamber":3367.31609165,"Shape_STAr":0.00370174398265},"geometry":{"type":"Polygon","coordinates":[[[-4.801228124999966,42.741304326000034],[-4.79814225399997,42.737255376000064],[-4.799067093999952,42.73586304600008],[-4.797335310999927,42.72835275600005],[-4.789749148999931,42.71855663800005],[-4.785230248999937,42.71769958800007],[-4.783404406999978,42.71109111900006],[-4.779164365999975,42.708005169000046],[-4.776001004999955,42.70198465900006],[-4.802204435999954,42.707528076000074],[-4.810469216999934,42.71124304500006],[-4.8205669559999365,42.70828242400006],[-4.828810431999955,42.695849972000076],[-4.832675002999963,42.69483368200008],[-4.844595473999959,42.698721800000044],[-4.860506924999925,42.70700149800007],[-4.871684884999979,42.70799010600007],[-4.883827005999933,42.71258186400007],[-4.884899477999966,42.718156444000044],[-4.899422089999973,42.72861478200008],[-4.903705142999968,42.73805319100006],[-4.88899932399994,42.742979373000026],[-4.869480023999927,42.74028286600003],[-4.86173180399993,42.74346183700004],[-4.832099442999947,42.73916680100007],[-4.829212322999979,42.74109482400007],[-4.824464343999978,42.74043233300006],[-4.818381864999935,42.74299648400006],[-4.800823804999936,42.74506539500004],[-4.801228124999966,42.741304326000034]],[[-4.822173005999957,42.72018149100006],[-4.822727224999937,42.724461123000026],[-4.823816880999971,42.72309947600007],[-4.827152909999938,42.72570721900007],[-4.82602720999995,42.72430970500005],[-4.827765240999952,42.72146829700006],[-4.826066255999933,42.72050185300003],[-4.824480477999941,42.72365910800005],[-4.825431639999977,42.72049862200004],[-4.822994862999963,42.71923320600007],[-4.822173005999957,42.72018149100006]]]}},{"type":"Feature","properties":{"ClaseSuelo":"SUELO URBANIZABLE DELIMITADO O SECTORIZADO","NuclRural":"0","AreaLamber":1.33835895,"Shape_STAr":0.00000147126495419},"geometry":{"type":"Polygon","coordinates":[[[-4.821624625999959,42.72247753200003],[-4.822173005999957,42.72018149100006],[-4.82231924499996,42.723262334000026],[-4.821624625999959,42.72247753200003]]]}},{"type":"Feature","properties":{"ClaseSuelo":"SUELO URBANO","NuclRural":"0","AreaLamber":15.6214931,"Shape_STAr":0.0000171729532396},"geometry":{"type":"Polygon","coordinates":[[[-4.82231924499996,42.723262334000026],[-4.822994862999963,42.71923320600007],[-4.825431639999977,42.72049862200004],[-4.824480477999941,42.72365910800005],[-4.826066255999933,42.72050185300003],[-4.827972584999941,42.721751683000036],[-4.826051742999937,42.72606550100005],[-4.825514834999979,42.72379334400006],[-4.823414519999972,42.723129432000064],[-4.822727224999937,42.724461123000026],[-4.82231924499996,42.723262334000026]]]}},{"type":"Feature","properties":{"ClaseSuelo":"SUELO NO URBANIZABLE","NuclRural":"0","AreaLamber":2555.05702009,"Shape_STAr":0.00280014752427},"geometry":{"type":"Polygon","coordinates":[[[-4.79159053799998,42.56577050100003],[-4.785125989999926,42.56534036000005],[-4.782750390999979,42.56277476300005],[-4.779912499999966,42.56322407000005],[-4.775297399999943,42.560287800000026],[-4.774567569999931,42.551293730000054],[-4.762852789999954,42.53794833000006],[-4.761489869999934,42.53147640000003],[-4.7554034099999285,42.52239326000006],[-4.756842229999961,42.516382650000025],[-4.767522309999947,42.507879530000025],[-4.763320759999942,42.50606209000006],[-4.758899179999958,42.507678930000054],[-4.747087104999935,42.50701305100006],[-4.74653193499995,42.51201915100006],[-4.745013419999964,42.512132620000045],[-4.73804746899998,42.50761838300008],[-4.738271280999925,42.500726272000065],[-4.740633002999971,42.50120312200005],[-4.742016139999976,42.49798570000007],[-4.7394936589999475,42.494349760000034],[-4.739172248999978,42.490626141000064],[-4.749556750999943,42.48732515300003],[-4.75431174299996,42.48112909100007],[-4.75859928999995,42.48088332000003],[-4.776546359999941,42.48524448000006],[-4.7755474399999684,42.48649370000004],[-4.78016968999998,42.50233465000008],[-4.774982110999929,42.50610730000005],[-4.777533969999979,42.50639196000003],[-4.787019860999976,42.51809565000008],[-4.790218849999974,42.52312481000007],[-4.791067778999945,42.530261850000045],[-4.799610368999936,42.52881333000005],[-4.803615369999932,42.532595730000025],[-4.810117629999979,42.551584750000075],[-4.81549636099993,42.553516960000024],[-4.815529629999958,42.55676736000004],[-4.813284239999973,42.55746928000008],[-4.813594832999968,42.56483053200003],[-4.79159053799998,42.56577050100003]],[[-4.788260475999948,42.553472303000035],[-4.7882735199999615,42.55470573000008],[-4.790548129999934,42.55419782300004],[-4.788466481999933,42.55002213000006],[-4.790136326999971,42.54867569100003],[-4.7882574579999755,42.54881281300004],[-4.787737234999952,42.54632232600005],[-4.786338731999933,42.54721477700008],[-4.787506081999936,42.54964458500007],[-4.783267916999932,42.549978519000035],[-4.784311313999979,42.55199844800006],[-4.787963266999952,42.55185277500004],[-4.788260475999948,42.553472303000035]],[[-4.785009975999969,42.541967630000045],[-4.78504451799995,42.54050612200007],[-4.7885437389999765,42.54083690400006],[-4.7855998919999365,42.53910815900008],[-4.7817412689999514,42.54066243500006],[-4.782258344999946,42.54210263200008],[-4.785009975999969,42.541967630000045]],[[-4.7684715479999795,42.52811601800005],[-4.768629397999973,42.529445923000026],[-4.770619101999955,42.529201982000075],[-4.768248827999969,42.52718970700005],[-4.7722742139999355,42.52664806700005],[-4.765950454999938,42.52317307000004],[-4.764623670999981,42.520767696000064],[-4.76314169799997,42.52129014800005],[-4.762624684999935,42.52424455200003],[-4.76470597399998,42.52391257800008],[-4.7684715479999795,42.52811601800005]],[[-4.749486694999973,42.49838097600008],[-4.747260542999925,42.50381890500006],[-4.752764484999943,42.49737181100005],[-4.755192141999942,42.49907065100007],[-4.757595596999977,42.49678802900007],[-4.75490117399994,42.494551080000065],[-4.7537723639999285,42.49602972400004],[-4.75187950399993,42.49496016000006],[-4.751386471999979,42.497505896000064],[-4.749486694999973,42.49838097600008]]]}},{"type":"Feature","properties":{"ClaseSuelo":"SUELO URBANO","NuclRural":"0","AreaLamber":75.72674373,"Shape_STAr":0.0000829909708832},"geometry":{"type":"MultiPolygon","coordinates":[[[[-4.7684715479999795,42.52811601800005],[-4.76470597399998,42.52391257800008],[-4.762624684999935,42.52424455200003],[-4.76314169799997,42.52129014800005],[-4.764623670999981,42.520767696000064],[-4.765950454999938,42.52317307000004],[-4.7722742139999355,42.52664806700005],[-4.768248827999969,42.52718970700005],[-4.770619101999955,42.529201982000075],[-4.768629397999973,42.529445923000026],[-4.7684715479999795,42.52811601800005]]],[[[-4.749486694999973,42.49838097600008],[-4.751386471999979,42.497505896000064],[-4.75187950399993,42.49496016000006],[-4.7537723639999285,42.49602972400004],[-4.75490117399994,42.494551080000065],[-4.757595596999977,42.49678802900007],[-4.755192141999942,42.49907065100007],[-4.752764484999943,42.49737181100005],[-4.747260542999925,42.50381890500006],[-4.749486694999973,42.49838097600008]]],[[[-4.785009975999969,42.541967630000045],[-4.782258344999946,42.54210263200008],[-4.7817412689999514,42.54066243500006],[-4.7855998919999365,42.53910815900008],[-4.7885437389999765,42.54083690400006],[-4.78504451799995,42.54050612200007],[-4.785009975999969,42.541967630000045]]],[[[-4.788260475999948,42.553472303000035],[-4.787963266999952,42.55185277500004],[-4.784311313999979,42.55199844800006],[-4.783267916999932,42.549978519000035],[-4.787506081999936,42.54964458500007],[-4.786338731999933,42.54721477700008],[-4.787737234999952,42.54632232600005],[-4.7882574579999755,42.54881281300004],[-4.790136326999971,42.54867569100003],[-4.788466481999933,42.55002213000006],[-4.790548129999934,42.55419782300004],[-4.7882735199999615,42.55470573000008],[-4.788260475999948,42.553472303000035]]]]}},{"type":"Feature","properties":{"ClaseSuelo":"SUELO NO URBANIZABLE","NuclRural":"0","AreaLamber":4134.63767826,"Shape_STAr":0.00449981006482},"geometry":{"type":"Polygon","coordinates":[[[-4.566063591999978,42.08222082200007],[-4.583206709999956,42.08222679000005],[-4.591811919999941,42.07293045000006],[-4.597530549999931,42.069113420000065],[-4.597716059999925,42.06735463000007],[-4.611540079999941,42.06004647000003],[-4.613273268999933,42.06310225000004],[-4.616726029999938,42.06342293000006],[-4.617789869999967,42.05772501000007],[-4.608560119999936,42.04685811000007],[-4.608351038999956,42.03762063000005],[-4.61960167999996,42.03250002000004],[-4.627514689999941,42.03203687000007],[-4.63432180999996,42.03414669000006],[-4.640983019999965,42.03198022000004],[-4.654842579999979,42.035825060000036],[-4.663392639999927,42.041708620000065],[-4.656440729999929,42.04989673000006],[-4.669088529999954,42.053892380000036],[-4.670571479999978,42.054681360000075],[-4.670451809999975,42.05841168000006],[-4.673433179999961,42.058269180000025],[-4.6661675899999295,42.06511152000007],[-4.658964818999948,42.06190157000003],[-4.642639629999962,42.074673000000075],[-4.6344228399999565,42.09174895000007],[-4.627732589999937,42.096338100000025],[-4.615877129999944,42.11042915000007],[-4.607513499999925,42.11115902000006],[-4.601901209999937,42.115479390000075],[-4.59803409999995,42.11514604000007],[-4.594083599999976,42.11100411000007],[-4.566546789999961,42.11069881000003],[-4.563864879999926,42.11279780000007],[-4.556520559999967,42.11270851000006],[-4.558132138999952,42.10887703000003],[-4.56216620999993,42.105201700000066],[-4.557129818999954,42.08128661000006],[-4.566063591999978,42.08222082200007]],[[-4.612401155999976,42.091268600000035],[-4.618516072999967,42.08827158400004],[-4.612964226999964,42.08646888700008],[-4.609361126999943,42.088988536000045],[-4.612401155999976,42.091268600000035]],[[-4.636689068999942,42.059200342000054],[-4.638256040999977,42.06015115300005],[-4.641562231999956,42.05707826200006],[-4.648405346999937,42.05898670600004],[-4.649227279999934,42.056242385000076],[-4.644903475999968,42.05426240700007],[-4.634258586999977,42.054831474000025],[-4.636689068999942,42.059200342000054]]]}},{"type":"Feature","properties":{"ClaseSuelo":"SUELO URBANO","NuclRural":"0","AreaLamber":68.90036784,"Shape_STAr":0.0000749750114578},"geometry":{"type":"MultiPolygon","coordinates":[[[[-4.636689068999942,42.059200342000054],[-4.634258586999977,42.054831474000025],[-4.644903475999968,42.05426240700007],[-4.649227279999934,42.056242385000076],[-4.648405346999937,42.05898670600004],[-4.641562231999956,42.05707826200006],[-4.638256040999977,42.06015115300005],[-4.636689068999942,42.059200342000054]]],[[[-4.612401155999976,42.091268600000035],[-4.609361126999943,42.088988536000045],[-4.612964226999964,42.08646888700008],[-4.618516072999967,42.08827158400004],[-4.612401155999976,42.091268600000035]]]]}},{"type":"Feature","properties":{"ClaseSuelo":"SUELO NO URBANIZABLE","NuclRural":"0","AreaLamber":4015.73454083,"Shape_STAr":0.00438275685889},"geometry":{"type":"Polygon","coordinates":[[[-4.611839799999927,42.29724333000007],[-4.608745179999971,42.29719671000004],[-4.605303979999974,42.294489130000045],[-4.600887729999954,42.294460780000065],[-4.600918129999968,42.292307950000065],[-4.576706609999974,42.29620957000003],[-4.574314779999952,42.29466639000003],[-4.572263758999952,42.29267721000008],[-4.576860659999966,42.28487809000006],[-4.587142309999933,42.27507301000003],[-4.570689949999974,42.25813417000006],[-4.560492609999926,42.254634930000066],[-4.545686969999963,42.24406426000007],[-4.540294459999927,42.24610908000005],[-4.538880269999936,42.24328218000005],[-4.532931162999944,42.242362197000034],[-4.534739146999925,42.23866042000003],[-4.53856253999993,42.23968406000006],[-4.544116517999953,42.23568183800006],[-4.554327369999953,42.23263605000005],[-4.5578608399999325,42.228976740000064],[-4.572865719999925,42.22811458000007],[-4.589538270999981,42.22080612000008],[-4.5917809099999545,42.21843348900006],[-4.60062548999997,42.22083210000005],[-4.606131449999964,42.22963504000006],[-4.604813469999954,42.23596665000008],[-4.6112141899999415,42.241748820000055],[-4.6203862099999355,42.23594274100003],[-4.639011851999953,42.231164447000026],[-4.6398151559999405,42.236871750000034],[-4.646729376999929,42.245661975000075],[-4.645367922999981,42.251428744000066],[-4.646024963999935,42.258555106000074],[-4.653749894999976,42.262811799000076],[-4.650220615999956,42.26873848300005],[-4.646624408999969,42.26808050100004],[-4.632885396999939,42.27357449200008],[-4.629805390999934,42.263811899000075],[-4.622056509999936,42.26045443000004],[-4.615821879999942,42.259866970000076],[-4.613726089999943,42.257554930000026],[-4.603961659999925,42.25831327000003],[-4.605955390999952,42.25900585000005],[-4.607230689999938,42.26291457000008],[-4.613699219999944,42.269335030000036],[-4.619673399999954,42.270133420000036],[-4.624415430999932,42.279135300000064],[-4.622370769999975,42.28027195000004],[-4.621137089999934,42.285134550000066],[-4.623579650999943,42.29051253000006],[-4.620186889999957,42.29301909000003],[-4.61785064999998,42.29273685000004],[-4.614612909999948,42.29705124000003],[-4.611839799999927,42.29724333000007]],[[-4.6134218839999335,42.28496720700008],[-4.614366533999942,42.284118067000065],[-4.612704149999956,42.28295497100004],[-4.609437263999951,42.28438641400004],[-4.612567713999965,42.28591942700007],[-4.6134218839999335,42.28496720700008]],[[-4.624319858999968,42.248313867000036],[-4.619635329999937,42.24830783200008],[-4.623027542999978,42.25041315900006],[-4.624319858999968,42.248313867000036]],[[-4.597610839999959,42.250406706000035],[-4.599440336999976,42.24852350700007],[-4.598462640999969,42.244100468000056],[-4.594552735999969,42.24172684500007],[-4.5953295029999595,42.24274073300006],[-4.5921431589999315,42.24361055700007],[-4.593641376999926,42.24503906600006],[-4.593031265999969,42.246614898000075],[-4.597610839999959,42.250406706000035]]]}},{"type":"Feature","properties":{"ClaseSuelo":"SUELO NO URBANIZABLE","NuclRural":"0","AreaLamber":7768.53744897,"Shape_STAr":0.00845952914277},"geometry":{"type":"MultiPolygon","coordinates":[[[[-4.546852989999934,42.162264890000074],[-4.538945329999933,42.15665234000005],[-4.547567309999977,42.13645273000003],[-4.5441744099999255,42.13077953000004],[-4.553830669999968,42.11994088000006],[-4.553338989999929,42.11813730000006],[-4.556520559999967,42.11270851000006],[-4.563864879999926,42.11279780000007],[-4.566546789999961,42.11069881000003],[-4.594083599999976,42.11100411000007],[-4.59803409999995,42.11514604000007],[-4.601901209999937,42.115479390000075],[-4.607513499999925,42.11115902000006],[-4.615877129999944,42.11042915000007],[-4.627732589999937,42.096338100000025],[-4.6344228399999565,42.09174895000007],[-4.642639629999962,42.074673000000075],[-4.655857969999943,42.064197990000025],[-4.658964818999948,42.06190157000003],[-4.6661675899999295,42.06511152000007],[-4.671705589999931,42.058753670000044],[-4.680470629999945,42.05840953000006],[-4.681396639999946,42.056405590000054],[-4.679349079999952,42.055751100000066],[-4.681795739999927,42.053670870000076],[-4.684191560999977,42.05515778000006],[-4.692195669999933,42.05030282000007],[-4.699105749999944,42.06245817000007],[-4.703315009999926,42.064386160000026],[-4.710330639999938,42.07178398000008],[-4.711909159999948,42.079685880000056],[-4.709103229999926,42.09854154000004],[-4.703110829999957,42.10191785000006],[-4.701110369999981,42.106702760000076],[-4.69478085999998,42.10655323000003],[-4.692391339999972,42.11310892000006],[-4.673916970999926,42.126276620000056],[-4.673837779999928,42.12832216000004],[-4.667699450999976,42.13322979000003],[-4.65940570999993,42.136727300000075],[-4.643197059999977,42.13976143000008],[-4.641256769999927,42.14428324000005],[-4.642112339999926,42.15022402000005],[-4.635755389999929,42.15809606000005],[-4.629711748999966,42.158902530000034],[-4.628730459999929,42.155097890000036],[-4.61095894999994,42.154502180000065],[-4.606149739999978,42.15051686000004],[-4.600231839999935,42.14909551000005],[-4.583575769999925,42.15044332000008],[-4.58472699999993,42.148076840000044],[-4.577886869999929,42.14944996000003],[-4.574947669999972,42.14805837000006],[-4.546852989999934,42.162264890000074]],[[-4.648202367999943,42.132060342000045],[-4.648264092999966,42.132058735000044],[-4.648201409999956,42.13206006300004],[-4.648202367999943,42.132060342000045]],[[-4.648333371999968,42.13205693300006],[-4.648395437999966,42.13205210900003],[-4.648327412999947,42.13205708800007],[-4.648333371999968,42.13205693300006]],[[-4.648463746999937,42.13204680000007],[-4.648525921999976,42.13203870700005],[-4.648458280999932,42.132047225000065],[-4.648463746999937,42.13204680000007]],[[-4.648592871999938,42.13202999200007],[-4.6486548659999585,42.132018591000076],[-4.64858789699997,42.13203064000004],[-4.648592871999938,42.13202999200007]],[[-4.648720128999969,42.13200658900007],[-4.648781557999939,42.131991877000075],[-4.648715681999931,42.13200740700006],[-4.648720128999969,42.13200658900007]],[[-4.648844911999959,42.13197670400007],[-4.64890571799998,42.13195860600007],[-4.648840990999929,42.13197764300003],[-4.648844911999959,42.13197670400007]],[[-4.648966626999936,42.13194047700006],[-4.649026449999951,42.131918996000024],[-4.64896321599997,42.13194149200007],[-4.648966626999936,42.13194047700006]],[[-4.649084690999928,42.13189808300007],[-4.649143381999977,42.13187315400006],[-4.649081808999938,42.131899118000035],[-4.649084690999928,42.13189808300007]],[[-4.649198541999965,42.13184972400006],[-4.649255916999948,42.13182127400006],[-4.649196146999941,42.13185074100005],[-4.649198541999965,42.13184972400006]],[[-4.583279081999933,42.12829870300004],[-4.5833364399999255,42.12826286600006],[-4.5832782279999265,42.128298665000045],[-4.583279081999933,42.12829870300004]],[[-4.583406496999942,42.12821909400003],[-4.583462349999934,42.12818028700008],[-4.583397458999968,42.128224741000054],[-4.583406496999942,42.12821909400003]],[[-4.583528104999971,42.128134601000056],[-4.583582344999968,42.12809272700008],[-4.583520349999958,42.12813998900003],[-4.583528104999971,42.128134601000056]],[[-4.583643568999946,42.128045461000056],[-4.58369601499993,42.12800045300003],[-4.583637009999961,42.12805052400006],[-4.583643568999946,42.128045461000056]],[[-4.583752568999955,42.127951919000054],[-4.583802975999959,42.127903755000034],[-4.583747152999933,42.12795656800006],[-4.583752568999955,42.127951919000054]],[[-4.583854801999962,42.12785423500003],[-4.583903016999955,42.12780279200007],[-4.583850453999958,42.12785839000003],[-4.583854801999962,42.12785423500003]],[[-4.583949983999958,42.12775268000007],[-4.583996045999925,42.12769756100005],[-4.583946614999945,42.127756275000024],[-4.583949983999958,42.12775268000007]],[[-4.584037851999938,42.12764753600004],[-4.584081768999965,42.127588236000065],[-4.584035356999948,42.12765052100008],[-4.584037851999938,42.12764753600004]],[[-4.584118161999925,42.12753909400004],[-4.584160402999942,42.12747419200008],[-4.584116458999972,42.12754139300006],[-4.584118161999925,42.12753909400004]],[[-4.582985417999964,42.126643450000074],[-4.582906154999932,42.126617198000076],[-4.582906270999956,42.12661804900006],[-4.582985417999964,42.126643450000074]],[[-4.582660980999947,42.12654683900007],[-4.582583171999943,42.126528531000076],[-4.582660971999928,42.126547119000065],[-4.582660980999947,42.12654683900007]],[[-4.582504902999972,42.12651011600008],[-4.58242297399994,42.12649397700005],[-4.58251155399995,42.12651168100007],[-4.582504902999972,42.12651011600008]],[[-4.582346660999974,42.12647894300005],[-4.582259897999961,42.126465094000025],[-4.582352076999939,42.12648001100007],[-4.582346660999974,42.12647894300005]],[[-4.582186609999951,42.126453394000066],[-4.582093273999931,42.12644191100003],[-4.5821906999999555,42.12645404700004],[-4.582186609999951,42.126453394000066]],[[-4.55714956099996,42.12512704400007],[-4.562374901999931,42.123913920000064],[-4.56302881299996,42.12238950200003],[-4.558650227999976,42.122014679000074],[-4.5584243999999785,42.11946922800007],[-4.559936892999929,42.11934651000007],[-4.557637614999976,42.117177096000034],[-4.554887298999972,42.11809012200007],[-4.555428380999956,42.125127244000055],[-4.55714956099996,42.12512704400007]],[[-4.6242419959999665,42.117071672000066],[-4.624237378999965,42.11707616500007],[-4.6242425949999415,42.117071545000044],[-4.6242419959999665,42.117071672000066]],[[-4.624231600999963,42.117081787000075],[-4.624226733999933,42.11708824200008],[-4.624233059999938,42.11708036700003],[-4.624231600999963,42.117081787000075]],[[-4.641997190999973,42.11511813800007],[-4.641990156999952,42.115115580000065],[-4.642126954999981,42.11516909000005],[-4.641997190999973,42.11511813800007]],[[-4.641954545999965,42.11510188700004],[-4.64192363899997,42.11509102700006],[-4.641965150999965,42.115105854000035],[-4.641954545999965,42.11510188700004]],[[-4.641945441999951,42.11509932400003],[-4.641893146999962,42.11508031300008],[-4.641864288999955,42.11507017300005],[-4.641945441999951,42.11509932400003]],[[-4.641096974999925,42.112575211000035],[-4.644689236999966,42.10792765600007],[-4.644477990999974,42.109945667000034],[-4.65051694999994,42.108949892000055],[-4.64864126599997,42.10687647900005],[-4.646657438999966,42.107466128000056],[-4.647720341999957,42.106189477000044],[-4.6445061539999415,42.10784724000007],[-4.64283372899996,42.10424177700003],[-4.6363606869999785,42.10433857100003],[-4.631057081999927,42.10684701500003],[-4.6351501069999586,42.11035769100005],[-4.634004792999974,42.112668135000035],[-4.635328001999937,42.113584511000056],[-4.638902162999955,42.112635295000075],[-4.641197686999931,42.11419602900003],[-4.641096974999925,42.112575211000035]],[[-4.651419092999959,42.106092526000054],[-4.6544788879999714,42.108033833000036],[-4.65280828899995,42.10569417200003],[-4.651419092999959,42.106092526000054]],[[-4.65532782899993,42.11174553500007],[-4.655329622999943,42.11174633600007],[-4.655324350999933,42.11174340300005],[-4.65532782899993,42.11174553500007]],[[-4.655718978999971,42.111798462000024],[-4.6557366979999415,42.111805150000066],[-4.655734494999933,42.11180408100006],[-4.655718978999971,42.111798462000024]],[[-4.655741604999946,42.11180753100007],[-4.655753304999962,42.11181383700006],[-4.6557489519999535,42.111811095000064],[-4.655741604999946,42.11180753100007]],[[-4.655623582999965,42.11200115200006],[-4.655633942999941,42.112011480000035],[-4.655621209999936,42.11199812600006],[-4.655623582999965,42.11200115200006]],[[-4.655662052999958,42.11203950000004],[-4.655673235999927,42.11204835800004],[-4.65565720799998,42.11203467100006],[-4.655662052999958,42.11203950000004]],[[-4.655706081999938,42.112074377000056],[-4.655716661999975,42.11208105700007],[-4.655698343999973,42.112068246000035],[-4.655706081999938,42.112074377000056]],[[-4.6557551089999265,42.11210533600007],[-4.655773342999964,42.11211443600007],[-4.65574133399997,42.112096637000036],[-4.6557551089999265,42.11210533600007]],[[-4.6558085089999395,42.112131985000076],[-4.655821407999952,42.11213695500004],[-4.655798862999973,42.112127171000054],[-4.6558085089999395,42.112131985000076]]],[[[-4.596235399999955,42.16487580000006],[-4.598073859999943,42.163850540000055],[-4.599657119999961,42.16807034000004],[-4.588357329999951,42.17175768000004],[-4.582429819999959,42.17195665000003],[-4.596235399999955,42.16487580000006]]]]}},{"type":"Feature","properties":{"ClaseSuelo":"SUELO URBANIZABLE DELIMITADO O SECTORIZADO","NuclRural":"0","AreaLamber":69.53348608,"Shape_STAr":0.0000757204227954},"geometry":{"type":"MultiPolygon","coordinates":[[[[-4.555390941999974,42.12483280600003],[-4.554887298999972,42.11809012200007],[-4.558094767999933,42.117267249000065],[-4.559936892999929,42.11934651000007],[-4.5584243999999785,42.11946922800007],[-4.558650227999976,42.122014679000074],[-4.562809516999948,42.12327253700005],[-4.560047506999979,42.12493889600006],[-4.555390941999974,42.12483280600003]]],[[[-4.646933519999948,42.10649381500008],[-4.648503583999968,42.106721943000025],[-4.645517215999973,42.10765696500005],[-4.646933519999948,42.10649381500008]]],[[[-4.652714652999975,42.10572362900007],[-4.654785025999956,42.107332126000074],[-4.653840548999938,42.10870002000007],[-4.650816452999948,42.10626600300003],[-4.652714652999975,42.10572362900007]]],[[[-4.648575432999962,42.106895733000044],[-4.65051694999994,42.108949892000055],[-4.648534230999928,42.10943268300008],[-4.64733272999996,42.107254014000034],[-4.648575432999962,42.106895733000044]]],[[[-4.635221987999955,42.109968682000044],[-4.631057081999927,42.10684701500003],[-4.6363606869999785,42.10433857100003],[-4.64283372899996,42.10424177700003],[-4.643344774999946,42.10569505400008],[-4.637715713999967,42.10591322400006],[-4.636472588999936,42.110019204000025],[-4.635221987999955,42.109968682000044]]],[[[-4.641495263999957,42.11124273000007],[-4.641197686999931,42.11419602900003],[-4.638902162999955,42.112635295000075],[-4.641495263999957,42.11124273000007]]]]}},{"type":"Feature","properties":{"ClaseSuelo":"SUELO URBANO","NuclRural":"0","AreaLamber":49.76880832,"Shape_STAr":0.0000541921229524},"geometry":{"type":"Polygon","coordinates":[[[-4.637068104999969,42.11317724100007],[-4.635939091999944,42.11259229800004],[-4.637222465999969,42.11172154900004],[-4.633989706999955,42.11198591600004],[-4.6351501069999586,42.11035769100005],[-4.6330208159999415,42.10900532200003],[-4.63636384299997,42.11011283800008],[-4.63793652399994,42.10578534000007],[-4.643344774999946,42.10569505400008],[-4.6445061539999415,42.10784724000007],[-4.648232464999978,42.10830539300008],[-4.646041550999939,42.10935319300006],[-4.644689236999966,42.10792765600007],[-4.642700780999974,42.11068697300004],[-4.637068104999969,42.11317724100007]]]}},{"type":"Feature","properties":{"ClaseSuelo":"SUELO URBANO NO CONSOLIDADO","NuclRural":"0","AreaLamber":5.50801422,"Shape_STAr":0.00000599777990065},"geometry":{"type":"MultiPolygon","coordinates":[[[[-4.635071858999936,42.11326885700004],[-4.634724568999957,42.11177259600004],[-4.637424854999949,42.11187095900004],[-4.635071858999936,42.11326885700004]]],[[[-4.644561027999941,42.109863001000065],[-4.646045084999969,42.10834518400003],[-4.648534230999928,42.10943268300008],[-4.644561027999941,42.109863001000065]]]]}},{"type":"Feature","properties":{"ClaseSuelo":"SUELO NO URBANIZABLE","NuclRural":"0","AreaLamber":6198.02870095,"Shape_STAr":0.00677198644099},"geometry":{"type":"Polygon","coordinates":[[[-4.607075910999981,42.377488620000065],[-4.6073774399999365,42.37359393000003],[-4.595592469999929,42.375370460000056],[-4.596679389999963,42.36697101000004],[-4.591687979999961,42.364563790000034],[-4.580849269999931,42.363344780000034],[-4.574634947999925,42.359098492000044],[-4.577845349999961,42.35248918000008],[-4.571913649999942,42.34930152000004],[-4.566051269999946,42.34350093000006],[-4.559677589999978,42.34496563000005],[-4.550665579999929,42.33541560000003],[-4.5721664699999565,42.32094785000004],[-4.577405899999974,42.309645670000066],[-4.577474399999971,42.295379480000065],[-4.600918129999968,42.292307950000065],[-4.600887729999954,42.294460780000065],[-4.605303979999974,42.294489130000045],[-4.608745179999971,42.29719671000004],[-4.614612909999948,42.29705124000003],[-4.61785064999998,42.29273685000004],[-4.620186889999957,42.29301909000003],[-4.623579650999943,42.29051253000006],[-4.621137089999934,42.285134550000066],[-4.622370769999975,42.28027195000004],[-4.624415430999932,42.279135300000064],[-4.620670679999932,42.27166835000003],[-4.617951518999973,42.26918508000006],[-4.613699219999944,42.269335030000036],[-4.607230689999938,42.26291457000008],[-4.605955390999952,42.25900585000005],[-4.603961659999925,42.25831327000003],[-4.613726089999943,42.257554930000026],[-4.615821879999942,42.259866970000076],[-4.622056509999936,42.26045443000004],[-4.629805390999934,42.263811899000075],[-4.632882510999934,42.27357555000003],[-4.64662451099997,42.26808366000006],[-4.650218827999936,42.26874359300007],[-4.6521738509999295,42.27210156000007],[-4.650659529999928,42.27308698000007],[-4.656369067999947,42.27485999100003],[-4.660201966999978,42.27858695800006],[-4.661789890999955,42.28363427000005],[-4.640913649999959,42.300343430000055],[-4.638317540999935,42.30362264000007],[-4.638633929999969,42.30927378000007],[-4.627952039999968,42.312397790000034],[-4.63010286399998,42.32239076400003],[-4.63359861899994,42.32616845000007],[-4.6322815809999724,42.329681450000066],[-4.6344318619999285,42.33069554200006],[-4.634322194999925,42.33255230000003],[-4.642271279999932,42.34323666300003],[-4.654143472999976,42.34413775300004],[-4.652119309999932,42.34194251000008],[-4.658325243999968,42.33972761900003],[-4.6606902099999274,42.34241312000006],[-4.665386699999942,42.34373192000004],[-4.6767579739999405,42.34266564500007],[-4.690645401999973,42.33131272900005],[-4.690629139999942,42.342038810000076],[-4.671959810999965,42.35218276000006],[-4.671417529999928,42.353712640000026],[-4.678118349999977,42.35867603000003],[-4.666976279999972,42.36530461000007],[-4.660341270999936,42.36652656000007],[-4.653789459999928,42.36491011000004],[-4.633590890999926,42.36714478000005],[-4.626583039999957,42.36383119000004],[-4.620322929999929,42.36643238000005],[-4.623724648999939,42.37025675000007],[-4.618841999999972,42.372135900000046],[-4.612562919999959,42.37688930000007],[-4.612654089999978,42.378554070000064],[-4.607056338999939,42.38053283000005],[-4.607075910999981,42.377488620000065]],[[-4.587578374999964,42.34809054800007],[-4.584223744999974,42.349862649000045],[-4.586609473999943,42.35243638700007],[-4.589938593999932,42.35071337200003],[-4.587578374999964,42.34809054800007]],[[-4.604542952999964,42.34366139000008],[-4.606771188999971,42.33971395400005],[-4.613605929999949,42.34342140500007],[-4.6150509349999425,42.34268594500003],[-4.612729224999953,42.34081319900008],[-4.612565305999965,42.337981177000074],[-4.6082951749999665,42.33785504100007],[-4.608031934999929,42.336045252000076],[-4.604950274999965,42.334124028000076],[-4.603169359999981,42.33527875100003],[-4.605357933999926,42.329247836000036],[-4.604324695999935,42.325451361000034],[-4.6008518319999325,42.32574366700004],[-4.602013910999972,42.32986300500005],[-4.597905493999974,42.332178440000064],[-4.599831971999947,42.333993175000046],[-4.594565488999933,42.33639149600003],[-4.598464695999951,42.33889254400003],[-4.597626241999933,42.34228475300006],[-4.601470300999949,42.34160892800003],[-4.604542952999964,42.34366139000008]],[[-4.595613097999944,42.34171569700004],[-4.5957374269999605,42.341654908000066],[-4.595729443999971,42.341658546000076],[-4.595613097999944,42.34171569700004]],[[-4.595813319999934,42.34162032900008],[-4.59592775699997,42.34156860200005],[-4.595915525999942,42.34157375800004],[-4.595813319999934,42.34162032900008]],[[-4.596010638999928,42.34153366400005],[-4.596122018999949,42.341487259000075],[-4.59610539199997,42.34149372200005],[-4.596010638999928,42.34153366400005]],[[-4.5962094699999625,42.34145326400005],[-4.596320011999978,42.34141096500008],[-4.596298822999927,42.341418530000055],[-4.5962094699999625,42.34145326400005]],[[-4.5964334499999495,42.341370460000064],[-4.596508978999964,42.34134390100007],[-4.596495592999929,42.34134827100007],[-4.5964334499999495,42.341370460000064]],[[-4.596638131999953,42.34130174200004],[-4.59670230699993,42.34128099700007],[-4.596695475999979,42.34128302400006],[-4.596638131999953,42.34130174200004]],[[-4.597704177999958,42.34096814000003],[-4.597783965999952,42.340962630000035],[-4.597739487999945,42.340965389000075],[-4.597704177999958,42.34096814000003]],[[-4.598365359999946,42.34093130700006],[-4.59842733399995,42.34092899500007],[-4.598392331999946,42.34093006000006],[-4.598365359999946,42.34093130700006]],[[-4.616105909999931,42.34337668900008],[-4.615942362999931,42.34341586900007],[-4.615955364999934,42.34341305000004],[-4.616105909999931,42.34337668900008]],[[-4.615888707999943,42.34342750400003],[-4.615776725999979,42.343451137000045],[-4.6158033999999475,42.343446001000075],[-4.615888707999943,42.34342750400003]],[[-4.615713099999937,42.34346339000007],[-4.615596896999932,42.34348466600005],[-4.6156501539999795,42.343475511000065],[-4.615713099999937,42.34346339000007]],[[-4.632646926999939,42.289521395000065],[-4.634038608999958,42.288806624000074],[-4.632853928999964,42.28707039600005],[-4.63083347099996,42.28864528100007],[-4.632646926999939,42.289521395000065]],[[-4.62949391799998,42.288790464000044],[-4.629883760999974,42.288104858000054],[-4.628851507999968,42.28881508100005],[-4.62949391799998,42.288790464000044]],[[-4.628276550999942,42.28813458500008],[-4.628167270999938,42.28632672100008],[-4.626098792999926,42.28718367500005],[-4.628276550999942,42.28813458500008]],[[-4.627784290999955,42.28633586600006],[-4.627940305999971,42.285914277000074],[-4.627588615999969,42.28608964000006],[-4.627784290999955,42.28633586600006]]]}},{"type":"Feature","properties":{"ClaseSuelo":"SUELO URBANIZABLE DELIMITADO O SECTORIZADO","NuclRural":"0","AreaLamber":13.05525039,"Shape_STAr":0.0000142650150209},"geometry":{"type":"Polygon","coordinates":[[[-4.600432092999938,42.33077904700008],[-4.602013910999972,42.32986300500005],[-4.6012577229999465,42.32697144900004],[-4.60445720499996,42.32669555200005],[-4.602283755999963,42.33141217700006],[-4.59905135799994,42.33326369900004],[-4.597905493999974,42.332178440000064],[-4.600432092999938,42.33077904700008]]]}},{"type":"Feature","properties":{"ClaseSuelo":"SUELO URBANO","NuclRural":"0","AreaLamber":108.11183668,"Shape_STAr":0.000118141754255},"geometry":{"type":"MultiPolygon","coordinates":[[[[-4.603479833999927,42.34303113100003],[-4.601470300999949,42.34160892800003],[-4.597626241999933,42.34228475300006],[-4.598464695999951,42.33889254400003],[-4.5956090499999505,42.336989919000075],[-4.602276223999979,42.33420156700004],[-4.600699954999925,42.332726180000066],[-4.602451578999933,42.332439872000066],[-4.601000072999966,42.33211854000007],[-4.604311609999968,42.328272490000074],[-4.605357933999926,42.329247836000036],[-4.6030379389999325,42.33190943100004],[-4.603169359999981,42.33527875100003],[-4.604950274999965,42.334124028000076],[-4.607703666999953,42.33576630400006],[-4.608188268999925,42.33926031800007],[-4.612565305999965,42.337981177000074],[-4.612729224999953,42.34081319900008],[-4.6150509349999425,42.34268594500003],[-4.61361132899998,42.341511120000064],[-4.613605929999949,42.34342140500007],[-4.612024582999936,42.340742756000054],[-4.608232403999978,42.33964519700004],[-4.605898962999959,42.339914375000035],[-4.604571202999978,42.34415716700005],[-4.603479833999927,42.34303113100003]],[[-4.604009203999965,42.341725272000076],[-4.603132913999957,42.34135357800005],[-4.603544059999933,42.34207739000004],[-4.604009203999965,42.341725272000076]],[[-4.600872892999973,42.340145172000064],[-4.601220367999929,42.33866392300007],[-4.600046716999941,42.33783525900003],[-4.600872892999973,42.340145172000064]]],[[[-4.627588615999969,42.28608964000006],[-4.627940305999971,42.285914277000074],[-4.628044578999948,42.286224944000026],[-4.627588615999969,42.28608964000006]]],[[[-4.627619194999966,42.287581001000035],[-4.626098792999926,42.28718367500005],[-4.628167270999938,42.28632672100008],[-4.627619194999966,42.287581001000035]]],[[[-4.629010918999938,42.28872763100003],[-4.629883760999974,42.288104858000054],[-4.630187608999961,42.288449042000025],[-4.629010918999938,42.28872763100003]]],[[[-4.6324304449999545,42.289564151000036],[-4.63083347099996,42.28864528100007],[-4.632853928999964,42.28707039600005],[-4.634038608999958,42.288806624000074],[-4.6324304449999545,42.289564151000036]]],[[[-4.604307178999932,42.32545355900004],[-4.60445720499996,42.32669555200005],[-4.6012577229999465,42.32697144900004],[-4.600720921999937,42.325772193000034],[-4.604307178999932,42.32545355900004]]],[[[-4.58703325099998,42.34835538900006],[-4.589938593999932,42.35071337200003],[-4.586609473999943,42.35243638700007],[-4.584223744999974,42.349862649000045],[-4.58703325099998,42.34835538900006]]]]}},{"type":"Feature","properties":{"ClaseSuelo":"SUELO URBANO NO CONSOLIDADO","NuclRural":"0","AreaLamber":15.85110702,"Shape_STAr":0.0000173217669839},"geometry":{"type":"MultiPolygon","coordinates":[[[[-4.595668547999935,42.33697366300004],[-4.594565488999933,42.33639149600003],[-4.602421529999958,42.332293511000046],[-4.600694594999936,42.33275139400007],[-4.602276223999979,42.33420156700004],[-4.595668547999935,42.33697366300004]]],[[[-4.603602520999971,42.33435131900006],[-4.6030379389999325,42.33190943100004],[-4.604075039999941,42.332120306000036],[-4.603602520999971,42.33435131900006]]],[[[-4.608214097999962,42.337879487000066],[-4.609398970999962,42.338411257000075],[-4.608600373999934,42.33932459000005],[-4.608214097999962,42.337879487000066]]],[[[-4.600033337999946,42.33788065200008],[-4.601220367999929,42.33866392300007],[-4.60059272899997,42.340524868000045],[-4.600033337999946,42.33788065200008]]],[[[-4.603543176999949,42.34204661900003],[-4.603557442999943,42.34118608800003],[-4.6040367699999365,42.34196374800007],[-4.603543176999949,42.34204661900003]]],[[[-4.610457692999944,42.340811675000054],[-4.612111339999956,42.34080706300006],[-4.612882613999943,42.342650985000034],[-4.610457692999944,42.340811675000054]]],[[[-4.6136878749999255,42.34148985500008],[-4.614983060999975,42.342714957000055],[-4.614350075999937,42.343080702000066],[-4.6136878749999255,42.34148985500008]]],[[[-4.603580240999975,42.34341869200006],[-4.603113187999952,42.34322547100004],[-4.604191799999967,42.343821141000035],[-4.603580240999975,42.34341869200006]]]]}},{"type":"Feature","properties":{"ClaseSuelo":"SUELO NO URBANIZABLE","NuclRural":"0","AreaLamber":6002.52237821,"Shape_STAr":0.00653363191846},"geometry":{"type":"Polygon","coordinates":[[[-4.763483642999972,42.11385919000003],[-4.758384259999957,42.10953205000004],[-4.752662379999947,42.10774631000004],[-4.74447951999997,42.11278831000004],[-4.728060299999925,42.106813500000044],[-4.719669089999968,42.106011900000055],[-4.709103229999926,42.09854154000004],[-4.709150739999927,42.094010740000044],[-4.711712259999956,42.07686088000003],[-4.721961389999933,42.07052034000003],[-4.724422199999935,42.067655460000026],[-4.724649749999969,42.06445485000006],[-4.729112799999939,42.062343310000074],[-4.729600889999972,42.05939994000005],[-4.731236919999958,42.059564410000064],[-4.73334983999996,42.05638036000005],[-4.740576399999952,42.05238934000005],[-4.749125899999967,42.05040409000003],[-4.749496239999928,42.048489130000064],[-4.751151490999973,42.04848190000007],[-4.749929748999932,42.047554880000064],[-4.766982299999938,42.04460976000007],[-4.77558025999997,42.04833172000008],[-4.78492891999997,42.04948359000008],[-4.78961610999994,42.05287798000006],[-4.79708600999993,42.05379696000006],[-4.805675339999937,42.065631300000064],[-4.813291319999962,42.07161736000006],[-4.810423449999973,42.07363499000007],[-4.809322359999953,42.07784923000003],[-4.80803267999994,42.100952250000034],[-4.809484189999978,42.10903487000007],[-4.8064882899999475,42.110865260000026],[-4.803921309999964,42.119290300000046],[-4.804671350999968,42.12312409000003],[-4.80970192999996,42.129421120000075],[-4.808588695999958,42.13069050100006],[-4.809865780999928,42.133047970000064],[-4.795435489999932,42.14518966000003],[-4.783612689999927,42.14694109000004],[-4.777092378999953,42.145313110000075],[-4.774900269999932,42.140492780000045],[-4.776689959999942,42.139150210000025],[-4.764593839999975,42.12930412000003],[-4.767541919999928,42.12785381000003],[-4.766269338999962,42.12646846000007],[-4.771275179999975,42.123761530000024],[-4.764326009999934,42.117483280000044],[-4.763483642999972,42.11385919000003]],[[-4.77643341299995,42.08230828400008],[-4.77803752899996,42.085595461000025],[-4.7858143719999475,42.085835469000074],[-4.789706877999947,42.083905479000066],[-4.788229718999958,42.083115719000034],[-4.790349891999938,42.08120596700007],[-4.785593209999945,42.08189755500007],[-4.7818574679999415,42.08005445300006],[-4.77643341299995,42.08230828400008]]]}},{"type":"Feature","properties":{"ClaseSuelo":"SUELO URBANO","NuclRural":"0","AreaLamber":44.28731884,"Shape_STAr":0.00004820014052},"geometry":{"type":"Polygon","coordinates":[[[-4.777428339999972,42.08373007300003],[-4.77855999999997,42.08171823500004],[-4.776384121999968,42.08220565500005],[-4.778088765999939,42.08061279900005],[-4.7818574679999415,42.08005445300006],[-4.788287092999951,42.08224283100003],[-4.790349891999938,42.08120596700007],[-4.788229718999958,42.083115719000034],[-4.789706877999947,42.083905479000066],[-4.7858143719999475,42.085835469000074],[-4.77803752899996,42.085595461000025],[-4.777428339999972,42.08373007300003]]]}},{"type":"Feature","properties":{"ClaseSuelo":"SUELO URBANO NO CONSOLIDADO","NuclRural":"0","AreaLamber":2.54488923,"Shape_STAr":0.00000276972377815},"geometry":{"type":"Polygon","coordinates":[[[-4.77648232599995,42.083432506000065],[-4.77855999999997,42.08171823500004],[-4.778084328999967,42.08348466000007],[-4.77648232599995,42.083432506000065]]]}},{"type":"Feature","properties":{"ClaseSuelo":"SUELO NO URBANIZABLE","NuclRural":"0","AreaLamber":2936.72363128,"Shape_STAr":0.00319418523379},"geometry":{"type":"Polygon","coordinates":[[[-4.876787969999953,42.05108874000007],[-4.870301040999948,42.046223300000065],[-4.873151228999973,42.04494293000005],[-4.8745800099999315,42.03477860000004],[-4.888202339999964,42.02931352000007],[-4.894448039999929,42.02892232000005],[-4.907439839999938,42.02347436000008],[-4.914870049999934,42.01830705000003],[-4.921739469999977,42.01621077000004],[-4.938131129999931,42.019879650000064],[-4.949699788999965,42.05101612000004],[-4.927747409999938,42.07349744000004],[-4.916759270999933,42.07831083000008],[-4.904177109999978,42.07839436000006],[-4.886169019999954,42.07080250000007],[-4.882035519999931,42.066322280000065],[-4.882934089999935,42.06401095000007],[-4.880305259999943,42.05602956000007],[-4.876787969999953,42.05108874000007]],[[-4.902804018999973,42.04674096400004],[-4.899638774999971,42.04904001500006],[-4.9011367339999765,42.050395654000056],[-4.904390295999974,42.04791232200006],[-4.902804018999973,42.04674096400004]],[[-4.912609384999939,42.048408411000025],[-4.918951539999966,42.043827124000074],[-4.917227853999975,42.04207894900003],[-4.919220290999931,42.03934477800004],[-4.913602818999948,42.038424822000025],[-4.908746548999943,42.03966533600004],[-4.906932375999929,42.041700529000025],[-4.903309624999963,42.04147219200007],[-4.906879420999928,42.04307655000008],[-4.905426405999947,42.04426229500007],[-4.913033921999954,42.04654572600003],[-4.912609384999939,42.048408411000025]],[[-4.900476306999963,42.04645934900003],[-4.902407977999928,42.04658442700003],[-4.898693815999934,42.04514145600007],[-4.900476306999963,42.04645934900003]],[[-4.900023782999938,42.04526689900007],[-4.900741169999947,42.04442132600008],[-4.899798508999936,42.04448233100004],[-4.900023782999938,42.04526689900007]],[[-4.901023951999946,42.04128306700005],[-4.900580540999954,42.04255107700004],[-4.901744983999947,42.04274054500007],[-4.901023951999946,42.04128306700005]]]}},{"type":"Feature","properties":{"ClaseSuelo":"SUELO URBANIZABLE DELIMITADO O SECTORIZADO","NuclRural":"0","AreaLamber":8.07571415,"Shape_STAr":0.00000878378952656},"geometry":{"type":"Polygon","coordinates":[[[-4.902804018999973,42.04674096400004],[-4.904390295999974,42.04791232200006],[-4.9011367339999765,42.050395654000056],[-4.899638774999971,42.04904001500006],[-4.902804018999973,42.04674096400004]]]}},{"type":"Feature","properties":{"ClaseSuelo":"SUELO URBANO","NuclRural":"0","AreaLamber":80.92829048,"Shape_STAr":0.000088016190678},"geometry":{"type":"MultiPolygon","coordinates":[[[[-4.912609384999939,42.048408411000025],[-4.913033921999954,42.04654572600003],[-4.905426405999947,42.04426229500007],[-4.906879420999928,42.04307655000008],[-4.903309624999963,42.04147219200007],[-4.906932375999929,42.041700529000025],[-4.908746548999943,42.03966533600004],[-4.913602818999948,42.038424822000025],[-4.919220290999931,42.03934477800004],[-4.917227853999975,42.04207894900003],[-4.918951539999966,42.043827124000074],[-4.912609384999939,42.048408411000025]]],[[[-4.900476306999963,42.04645934900003],[-4.898693815999934,42.04514145600007],[-4.902407977999928,42.04658442700003],[-4.900476306999963,42.04645934900003]]],[[[-4.900023782999938,42.04526689900007],[-4.899798508999936,42.04448233100004],[-4.900741169999947,42.04442132600008],[-4.900023782999938,42.04526689900007]]],[[[-4.901023951999946,42.04128306700005],[-4.901744983999947,42.04274054500007],[-4.900580540999954,42.04255107700004],[-4.901023951999946,42.04128306700005]]]]}},{"type":"Feature","properties":{"ClaseSuelo":"SUELO NO URBANIZABLE","NuclRural":"0","AreaLamber":3089.31878269,"Shape_STAr":0.00338557235455},"geometry":{"type":"Polygon","coordinates":[[[-4.491536700999973,42.52042805000008],[-4.4971173299999805,42.51297981000005],[-4.495918410999934,42.504557231000035],[-4.499920549999956,42.50090275000008],[-4.501442557999951,42.49431779100007],[-4.506872538999971,42.49290477100004],[-4.51259996999994,42.49425228100006],[-4.514130669999929,42.489603231000046],[-4.52414086899995,42.48441856000005],[-4.5338371489999645,42.47640946100006],[-4.536178878999976,42.47565768000004],[-4.542739387999973,42.47926193100005],[-4.553438040999936,42.481909280000025],[-4.555152458999942,42.49267471100006],[-4.563222708999945,42.494726350000064],[-4.56412292899995,42.49666828100004],[-4.565098629999966,42.50407554000003],[-4.5529710699999555,42.508779160000074],[-4.552639537999937,42.51456520100004],[-4.542307479999977,42.51913531100007],[-4.544946609999954,42.52446709000003],[-4.539225380999937,42.53095594100006],[-4.533108037999966,42.53473913100004],[-4.529622329999938,42.542098141000054],[-4.524712549999947,42.544522950000044],[-4.520483728999977,42.55043266000007],[-4.511440279999931,42.55372211100007],[-4.513941318999969,42.55792172100007],[-4.50811269899998,42.564761641000075],[-4.508192808999979,42.566570701000046],[-4.5042171079999775,42.56538915100003],[-4.498049518999949,42.55914799100003],[-4.498841759999948,42.55254561100003],[-4.501086727999962,42.549652501000025],[-4.498890588999927,42.54643924100003],[-4.497911988999931,42.53708628000004],[-4.496073930999955,42.53507502000008],[-4.49702592899996,42.52751596100006],[-4.491536700999973,42.52042805000008]],[[-4.530976281999926,42.517956593000065],[-4.5344710429999395,42.517298089000064],[-4.529900583999961,42.51532731200007],[-4.530976281999926,42.517956593000065]],[[-4.517517167999927,42.508720425000035],[-4.52081166499994,42.50766333000007],[-4.5154463519999695,42.50634973000007],[-4.517517167999927,42.508720425000035]]]}},{"type":"Feature","properties":{"ClaseSuelo":"SUELO URBANO","NuclRural":"0","AreaLamber":13.40400564,"Shape_STAr":0.0000146885375324},"geometry":{"type":"MultiPolygon","coordinates":[[[[-4.517517167999927,42.508720425000035],[-4.5154463519999695,42.50634973000007],[-4.52081166499994,42.50766333000007],[-4.517517167999927,42.508720425000035]]],[[[-4.530976281999926,42.517956593000065],[-4.529900583999961,42.51532731200007],[-4.5344710429999395,42.517298089000064],[-4.530976281999926,42.517956593000065]]]]}},{"type":"Feature","properties":{"ClaseSuelo":"SUELO NO URBANIZABLE","NuclRural":"0","AreaLamber":8796.82151314,"Shape_STAr":0.00962193292109},"geometry":{"type":"Polygon","coordinates":[[[-4.323089307999965,42.44453374500006],[-4.3353424519999635,42.430613193000056],[-4.333275611999966,42.423144570000034],[-4.335018179999963,42.419909216000065],[-4.333292582999945,42.41642975100007],[-4.3309438159999445,42.414902649000055],[-4.325797906999981,42.41548096300005],[-4.322353193999959,42.41228410800005],[-4.31622488499994,42.40998514900008],[-4.328977659999964,42.406393509000054],[-4.33007469599994,42.40442833700007],[-4.328485962999935,42.39547170900005],[-4.33095411599993,42.39094921600008],[-4.321586221999951,42.37989949300004],[-4.334811963999925,42.37462209200004],[-4.334672392999948,42.369751646000054],[-4.346369698999979,42.358447882000064],[-4.338484524999956,42.34850777500003],[-4.330587223999942,42.34476287900003],[-4.35322997399993,42.33520422600003],[-4.357216307999977,42.33035721400006],[-4.382977073999939,42.34000991100004],[-4.388276011999949,42.339738717000046],[-4.393863679999924,42.342102545000046],[-4.407185237999954,42.340661039000054],[-4.411617324999952,42.342885083000056],[-4.430604516999949,42.34558567700003],[-4.444885572999965,42.342578901000024],[-4.4480890799999315,42.346221859000025],[-4.45058572399995,42.35026092100003],[-4.446723007999935,42.35494762900004],[-4.44108343399995,42.35736013600007],[-4.4364217729999496,42.37020672300008],[-4.437086722999936,42.37913205800004],[-4.439310255999942,42.38341788300005],[-4.436615830999926,42.394177488000025],[-4.439076019999959,42.397100453000064],[-4.431123021999952,42.39840677900003],[-4.42388481699993,42.397488198000076],[-4.4244162639999445,42.40111090100004],[-4.413867915999958,42.40917536400008],[-4.403497819999927,42.40572746400005],[-4.395976964999932,42.40578321000004],[-4.393211632999964,42.40437592100005],[-4.392751804999932,42.402265174000036],[-4.390153829999974,42.404025758000046],[-4.393357463999962,42.415910387000054],[-4.390028743999949,42.42533465300005],[-4.382450651999932,42.42842512900006],[-4.388838316999966,42.44024434700003],[-4.399039615999925,42.444091780000065],[-4.382877567999969,42.439001560000065],[-4.371849334999979,42.44232196400003],[-4.37003203699993,42.44485625600004],[-4.358345304999943,42.44985825500004],[-4.352225834999956,42.45482058500005],[-4.3437358099999415,42.45703667500004],[-4.330589922999934,42.463412799000025],[-4.317092170999956,42.45893067900005],[-4.323089307999965,42.44453374500006]],[[-4.351810900999965,42.41946519100003],[-4.350957029999961,42.42081607200004],[-4.354795704999958,42.41845154500004],[-4.353978323999968,42.41746081500003],[-4.351810900999965,42.41946519100003]],[[-4.36836892599996,42.41623219300004],[-4.370503794999934,42.416207351000025],[-4.369027377999942,42.41544950800005],[-4.36836892599996,42.41623219300004]],[[-4.35950179699995,42.413523576000046],[-4.371188010999958,42.41383371200004],[-4.371991247999972,42.411008441000035],[-4.365651929999956,42.40601821200005],[-4.358988608999937,42.40699932200005],[-4.35714306899996,42.41607296900003],[-4.35950179699995,42.413523576000046]],[[-4.373334859999943,42.40787098700008],[-4.370498900999962,42.40861135600005],[-4.3717118739999705,42.40990108400007],[-4.3741026749999605,42.40916289100005],[-4.373334859999943,42.40787098700008]],[[-4.410423231999971,42.39721173100003],[-4.411912806999965,42.39580839300004],[-4.407969565999963,42.393396804000076],[-4.407893754999975,42.39618163100005],[-4.410423231999971,42.39721173100003]],[[-4.381685995999931,42.36716606600004],[-4.3846376689999715,42.36585945600007],[-4.383916076999981,42.36420497000006],[-4.38053322899998,42.36471141700008],[-4.381685995999931,42.36716606600004]],[[-4.381153766999944,42.363701252000055],[-4.38414406499993,42.362657357000046],[-4.382346367999958,42.36217075600007],[-4.381153766999944,42.363701252000055]],[[-4.364036171999942,42.35521421900006],[-4.365496515999951,42.35495041400003],[-4.365059066999947,42.35195108700003],[-4.362091310999972,42.353279024000074],[-4.364036171999942,42.35521421900006]],[[-4.366915174999974,42.350876922000054],[-4.368006417999936,42.35076403000005],[-4.36827958799995,42.349593879000054],[-4.366915174999974,42.350876922000054]]]}},{"type":"Feature","properties":{"ClaseSuelo":"SUELO URBANIZABLE DELIMITADO O SECTORIZADO","NuclRural":"0","AreaLamber":10.86242419,"Shape_STAr":0.000011885240254},"geometry":{"type":"MultiPolygon","coordinates":[[[[-4.367329930999972,42.41156292800008],[-4.36484661999998,42.411284942000066],[-4.369233114999929,42.40892503300006],[-4.369473316999972,42.41148653700003],[-4.367329930999972,42.41156292800008]]],[[[-4.373334859999943,42.40787098700008],[-4.3741026749999605,42.40916289100005],[-4.3717118739999705,42.40990108400007],[-4.370498900999962,42.40861135600005],[-4.373334859999943,42.40787098700008]]]]}},{"type":"Feature","properties":{"ClaseSuelo":"SUELO URBANO","NuclRural":"0","AreaLamber":75.02193869,"Shape_STAr":0.0000820727975148},"geometry":{"type":"MultiPolygon","coordinates":[[[[-4.357161131999931,42.41584315100005],[-4.358988608999937,42.40699932200005],[-4.364692638999941,42.40822627400007],[-4.3661361599999395,42.40693820900003],[-4.364854742999967,42.408260788000064],[-4.36841984199998,42.40844365500004],[-4.364631286999952,42.40828006800007],[-4.363682275999963,42.409665989000075],[-4.36427972499996,42.41122125700008],[-4.366075630999944,42.410418261000075],[-4.36484661999998,42.411284942000066],[-4.366260187999956,42.41348933100005],[-4.3619729589999565,42.414456951000034],[-4.359538407999935,42.41315304800003],[-4.357161131999931,42.41584315100005]]],[[[-4.364036171999942,42.35521421900006],[-4.362091310999972,42.353279024000074],[-4.365059066999947,42.35195108700003],[-4.365496515999951,42.35495041400003],[-4.364036171999942,42.35521421900006]]],[[[-4.381685995999931,42.36716606600004],[-4.38053322899998,42.36471141700008],[-4.383916076999981,42.36420497000006],[-4.3846376689999715,42.36585945600007],[-4.381685995999931,42.36716606600004]]],[[[-4.410423231999971,42.39721173100003],[-4.407893754999975,42.39618163100005],[-4.407969565999963,42.393396804000076],[-4.411912806999965,42.39580839300004],[-4.410423231999971,42.39721173100003]]],[[[-4.370098970999948,42.411554231000025],[-4.3684760239999605,42.41041576300006],[-4.3705396559999485,42.40965008400008],[-4.371991247999972,42.411008441000035],[-4.370614832999934,42.41250739100008],[-4.370098970999948,42.411554231000025]]],[[[-4.367211988999941,42.412083204000055],[-4.371188010999958,42.41383371200004],[-4.367043600999978,42.41356508700005],[-4.367211988999941,42.412083204000055]]],[[[-4.36836892599996,42.41623219300004],[-4.369027377999942,42.41544950800005],[-4.370503794999934,42.416207351000025],[-4.36836892599996,42.41623219300004]]],[[[-4.351810900999965,42.41946519100003],[-4.353978323999968,42.41746081500003],[-4.354795704999958,42.41845154500004],[-4.350957029999961,42.42081607200004],[-4.351810900999965,42.41946519100003]]]]}},{"type":"Feature","properties":{"ClaseSuelo":"SUELO URBANO NO CONSOLIDADO","NuclRural":"0","AreaLamber":24.5958666,"Shape_STAr":0.0000269121307195},"geometry":{"type":"MultiPolygon","coordinates":[[[[-4.363755870999967,42.411027742000044],[-4.364631286999952,42.40828006800007],[-4.368398154999966,42.408505999000056],[-4.363755870999967,42.411027742000044]]],[[[-4.362996566999925,42.40722876700005],[-4.3653235739999445,42.405967789000044],[-4.366147165999962,42.40689256300004],[-4.364692638999941,42.40822627400007],[-4.362996566999925,42.40722876700005]]],[[[-4.365872931999945,42.407186781000064],[-4.369178844999965,42.40839284900005],[-4.364854742999967,42.408260788000064],[-4.365872931999945,42.407186781000064]]],[[[-4.357715182999925,42.409790556000075],[-4.358534214999963,42.41258048000003],[-4.357358457999965,42.413164116000075],[-4.357715182999925,42.409790556000075]]],[[[-4.359306320999963,42.413306918000046],[-4.361270977999936,42.41320480100006],[-4.361246363999953,42.413640730000054],[-4.359306320999963,42.413306918000046]]],[[[-4.367534279999973,42.41196471400008],[-4.367043600999978,42.41356508700005],[-4.365232416999959,42.41235959100004],[-4.370098970999948,42.411554231000025],[-4.371209335999936,42.413743855000064],[-4.367534279999973,42.41196471400008]]],[[[-4.3630583149999325,42.41387892300003],[-4.363275929999929,42.41332097500003],[-4.366466994999939,42.41395034800007],[-4.3630583149999325,42.41387892300003]]]]}},{"type":"Feature","properties":{"ClaseSuelo":"SUELO URBANO NO CONSOLIDADO","NuclRural":"0","AreaLamber":8.03104063,"Shape_STAr":0.00000882862662132},"geometry":{"type":"MultiPolygon","coordinates":[[[[-4.630045276999965,42.716945355000064],[-4.629681784999946,42.71372269600005],[-4.631914594999955,42.71520904400006],[-4.631439879999959,42.71788331600004],[-4.630045276999965,42.716945355000064]]],[[[-4.632494186999963,42.71449161600003],[-4.629818468999929,42.713737793000064],[-4.630738931999929,42.71285854000007],[-4.632494186999963,42.71449161600003]]]]}},{"type":"Feature","properties":{"ClaseSuelo":"SUELO NO URBANIZABLE","NuclRural":"0","AreaLamber":4154.2658714,"Shape_STAr":0.00452062107947},"geometry":{"type":"MultiPolygon","coordinates":[[[[-4.484240808999971,42.094921971000076],[-4.467302938999978,42.09244522600005],[-4.4599142709999455,42.08926116200007],[-4.458151851999958,42.085167702000035],[-4.459080405999941,42.083480733000044],[-4.455764752999926,42.08018150000004],[-4.4452750819999665,42.075036375000025],[-4.436868689999926,42.074286321000045],[-4.434681490999935,42.06949529900004],[-4.427855444999977,42.06425767600007],[-4.432978035999952,42.06094255800008],[-4.442583490999937,42.05068111300005],[-4.442306622999979,42.04699199300006],[-4.438028302999953,42.04106544100006],[-4.438648427999965,42.035888011000054],[-4.442672856999934,42.03274832400007],[-4.441120596999951,42.029813723000075],[-4.4536050949999435,42.03060201000005],[-4.45988964999998,42.03547577300003],[-4.486763565999979,42.041417326000044],[-4.489718117999928,42.04427906800004],[-4.503376144999947,42.04908151500007],[-4.508726843999966,42.04745322800005],[-4.517896795999945,42.03843678700008],[-4.515453123999976,42.043068359000074],[-4.51927428099998,42.044647729000076],[-4.522322796999958,42.03815261400007],[-4.527315766999948,42.04210985700007],[-4.542187634999948,42.04654029500006],[-4.544798605999972,42.050567027000056],[-4.544066961999931,42.053783106000026],[-4.547879787999932,42.05403797800005],[-4.545136888999934,42.05853302600008],[-4.538629464999929,42.06380804300005],[-4.5381630709999286,42.06751586300004],[-4.534058988999959,42.07326273100006],[-4.530002213999978,42.07195692800008],[-4.525517494999974,42.074979677000044],[-4.522677558999931,42.07552173500005],[-4.521692068999926,42.07424690400006],[-4.517795790999969,42.076622102000044],[-4.518224362999945,42.07482419200005],[-4.51360112499998,42.07713681000007],[-4.5138655729999755,42.07910569000006],[-4.51239787999998,42.07991758900005],[-4.5147855809999555,42.08169636100007],[-4.510179581999978,42.084251789000064],[-4.51134127399996,42.08480388900006],[-4.508637742999952,42.09163016800005],[-4.503659005999964,42.09175854500006],[-4.502388030999953,42.094260904000066],[-4.484240808999971,42.094921971000076]],[[-4.500593207999941,42.07789394800005],[-4.503383625999959,42.07679228400008],[-4.503102114999933,42.07329781000004],[-4.507750040999952,42.067113531000075],[-4.49889690699996,42.06825046000006],[-4.498502244999941,42.072625377000065],[-4.49567127499995,42.07377860200006],[-4.499550707999958,42.076710010000056],[-4.497230836999961,42.079099737000035],[-4.5008428269999285,42.07906326900007],[-4.500593207999941,42.07789394800005]],[[-4.513988456999925,42.064576686000066],[-4.518772898999941,42.06274094100007],[-4.5110011889999555,42.06167840400008],[-4.509293176999961,42.06685064700008],[-4.513988456999925,42.064576686000066]],[[-4.517226389999962,42.05464891500003],[-4.5184661869999445,42.051444624000055],[-4.512255326999934,42.05057020300006],[-4.511927493999963,42.054634210000074],[-4.517226389999962,42.05464891500003]],[[-4.514187386999936,42.04571608100008],[-4.5121217439999555,42.04942638700004],[-4.515997181999978,42.049157654000055],[-4.516817239999966,42.04641029900006],[-4.514187386999936,42.04571608100008]]],[[[-4.502057000999969,42.072795050000025],[-4.501973985999939,42.07267659900003],[-4.502204279999944,42.07279031300004],[-4.502057000999969,42.072795050000025]]]]}},{"type":"Feature","properties":{"ClaseSuelo":"SUELO URBANIZABLE DELIMITADO O SECTORIZADO","NuclRural":"0","AreaLamber":76.17913451,"Shape_STAr":0.0000828984183475},"geometry":{"type":"MultiPolygon","coordinates":[[[[-4.5017511299999455,42.072496181000076],[-4.498502244999941,42.072625377000065],[-4.49889690699996,42.06825046000006],[-4.507750040999952,42.067113531000075],[-4.503329662999931,42.073241333000055],[-4.5017511299999455,42.072496181000076]]],[[[-4.512040991999925,42.051857133000055],[-4.512255326999934,42.05057020300006],[-4.5184661869999445,42.051444624000055],[-4.517226389999962,42.05464891500003],[-4.511927493999963,42.054634210000074],[-4.512040991999925,42.051857133000055]]],[[[-4.510145808999937,42.06497738500008],[-4.5110011889999555,42.06167840400008],[-4.518772898999941,42.06274094100007],[-4.509293176999961,42.06685064700008],[-4.510145808999937,42.06497738500008]]],[[[-4.503219721999926,42.07397575700003],[-4.504020224999977,42.07501081000004],[-4.502480846999958,42.07503359200007],[-4.503219721999926,42.07397575700003]]],[[[-4.498429980999958,42.07556831800008],[-4.497163261999958,42.07485163500007],[-4.4979657899999665,42.07382008800005],[-4.498429980999958,42.07556831800008]]],[[[-4.501803744999961,42.07684294300003],[-4.501634124999953,42.07625697700007],[-4.503383625999959,42.07679228400008],[-4.501803744999961,42.07684294300003]]],[[[-4.498231125999951,42.078382531000045],[-4.499609530999976,42.07788893700007],[-4.497230836999961,42.079099737000035],[-4.498231125999951,42.078382531000045]]]]}},{"type":"Feature","properties":{"ClaseSuelo":"SUELO URBANO","NuclRural":"0","AreaLamber":18.96499795,"Shape_STAr":0.0000206412389054},"geometry":{"type":"Polygon","coordinates":[[[-4.498832506999975,42.07766080000005],[-4.4980277289999435,42.07270184500004],[-4.503302546999976,42.073456030000045],[-4.503122858999973,42.07631790700003],[-4.501363885999979,42.07649582600004],[-4.50238595299993,42.077790065000045],[-4.4993195419999665,42.078789750000055],[-4.498832506999975,42.07766080000005]]]}},{"type":"Feature","properties":{"ClaseSuelo":"SUELO URBANO NO CONSOLIDADO","NuclRural":"0","AreaLamber":41.68452506,"Shape_STAr":0.0000453477219016},"geometry":{"type":"MultiPolygon","coordinates":[[[[-4.5185436949999485,42.037505579000026],[-4.519231769999976,42.03649810300004],[-4.522322796999958,42.03815261400007],[-4.51927428099998,42.044647729000076],[-4.515453123999976,42.043068359000074],[-4.5185436949999485,42.037505579000026]]],[[[-4.513042613999971,42.04590555300007],[-4.516817239999966,42.04641029900006],[-4.515997181999978,42.049157654000055],[-4.5121217439999555,42.04942638700004],[-4.513042613999971,42.04590555300007]]],[[[-4.499690682999926,42.07326038900004],[-4.498304264999945,42.072616836000066],[-4.501406892999967,42.07282333200004],[-4.499690682999926,42.07326038900004]]],[[[-4.4972916599999735,42.07413634900007],[-4.495821753999962,42.07324048600003],[-4.49760624299995,42.073139248000075],[-4.4972916599999735,42.07413634900007]]],[[[-4.500512348999962,42.07842174700005],[-4.5008428269999285,42.07906326900007],[-4.499229111999966,42.07919874500004],[-4.500512348999962,42.07842174700005]]]]}},{"type":"Feature","properties":{"ClaseSuelo":"SUELO NO URBANIZABLE","NuclRural":"0","AreaLamber":2618.88582259,"Shape_STAr":0.0028584093022},"geometry":{"type":"Polygon","coordinates":[[[-4.240973209999936,42.26902079000007],[-4.244106348999935,42.259404450000034],[-4.232151740999939,42.25689482000007],[-4.228614240999946,42.24953887000004],[-4.229301748999944,42.24187640000008],[-4.237028839999937,42.23723624000007],[-4.237304619999975,42.235224920000064],[-4.2342204499999525,42.23306070000007],[-4.228067189999933,42.23197402000005],[-4.226929779999978,42.22956358000005],[-4.238912459999938,42.22573322000005],[-4.24125652999993,42.22662647000004],[-4.257397759999947,42.22300118000004],[-4.260277999999971,42.225257070000055],[-4.27311635999996,42.22556545000003],[-4.273918419999973,42.22929403000006],[-4.276290069999959,42.23092475000004],[-4.288774859999933,42.23404518000007],[-4.302808409999955,42.24228008000006],[-4.306076699999949,42.24970884000004],[-4.307912721999969,42.25057045300008],[-4.301899619999972,42.261734270000034],[-4.301512295999942,42.27119490500007],[-4.294035468999937,42.27202705000008],[-4.285153909999963,42.26878583000007],[-4.275293298999941,42.26745508000005],[-4.266637549999928,42.26874890000005],[-4.258781789999944,42.273698710000076],[-4.249017229999936,42.27601205000008],[-4.2464224599999625,42.27848992000003],[-4.246214189999932,42.27407928000008],[-4.24190835099995,42.272180760000026],[-4.240973209999936,42.26902079000007]],[[-4.25820018099995,42.25422358900005],[-4.258786853999936,42.25174934000006],[-4.257208206999962,42.25236279000006],[-4.253768439999931,42.25016851300006],[-4.250145319999945,42.25165566100003],[-4.251266896999937,42.25392501600004],[-4.249718522999956,42.254519981000044],[-4.252576264999959,42.25518631300008],[-4.254210052999952,42.25697918900005],[-4.253378976999954,42.25864986800008],[-4.25500877099995,42.259271150000075],[-4.25820018099995,42.25422358900005]]]}},{"type":"Feature","properties":{"ClaseSuelo":"SUELO NO URBANIZABLE","NuclRural":"1","AreaLamber":0.76214267,"Shape_STAr":8.31909564213e-7},"geometry":{"type":"Polygon","coordinates":[[[-4.25820018099995,42.25422358900005],[-4.259091853999962,42.25288023100006],[-4.259130998999979,42.25388060100005],[-4.25820018099995,42.25422358900005]]]}},{"type":"Feature","properties":{"ClaseSuelo":"SUELO URBANO","NuclRural":"0","AreaLamber":36.76251542,"Shape_STAr":0.000040128014039},"geometry":{"type":"Polygon","coordinates":[[[-4.2585289299999545,42.25311175000007],[-4.25500877099995,42.259271150000075],[-4.253378976999954,42.25864986800008],[-4.254210052999952,42.25697918900005],[-4.252576264999959,42.25518631300008],[-4.249718522999956,42.254519981000044],[-4.251266896999937,42.25392501600004],[-4.250145319999945,42.25165566100003],[-4.253143107999961,42.250206571000035],[-4.257208206999962,42.25236279000006],[-4.258786853999936,42.25174934000006],[-4.2585289299999545,42.25311175000007]]]}},{"type":"Feature","properties":{"ClaseSuelo":"SUELO NO URBANIZABLE","NuclRural":"0","AreaLamber":5161.30931159,"Shape_STAr":0.00566670351205},"geometry":{"type":"Polygon","coordinates":[[[-4.7582762699999535,42.666776850000076],[-4.742918319999944,42.651243081000075],[-4.732544837999967,42.63570405300004],[-4.7374349199999415,42.63526084200004],[-4.74447183999996,42.63131769100005],[-4.750140774999977,42.63687754700004],[-4.766099088999965,42.63664195100006],[-4.771175398999958,42.63801346100007],[-4.77825299999995,42.635994821000054],[-4.780382470999939,42.633683430000076],[-4.776127269999961,42.62343835000007],[-4.771965879999925,42.620747100000074],[-4.769186399999967,42.613882930000045],[-4.771610430999942,42.60735266000006],[-4.76701369999995,42.60430775200007],[-4.764965429999961,42.596954932000074],[-4.76275918999994,42.59479156100008],[-4.767060210999944,42.595598634000055],[-4.769195279999963,42.58575917100006],[-4.7820617699999275,42.59207982100003],[-4.7875684999999635,42.59114762100006],[-4.789275249999946,42.59286803100008],[-4.789358169999957,42.59704520100007],[-4.79668154999996,42.59654347000003],[-4.799124549999931,42.594181810000066],[-4.8021477599999685,42.594197371000064],[-4.806818799999974,42.60020244000003],[-4.812351279999973,42.61066031100006],[-4.807779909999965,42.61278568000006],[-4.806061039999975,42.617432492000034],[-4.801268249999964,42.618669570000066],[-4.80201846999995,42.63072488000006],[-4.80862295999998,42.62927010200008],[-4.822535398999946,42.63127409100008],[-4.822916849999956,42.63514929000007],[-4.85749734999996,42.64141113100004],[-4.8634685399999285,42.642854069000066],[-4.864254649999964,42.64466934100005],[-4.897277849999966,42.643938140000046],[-4.896183039999926,42.65568085800004],[-4.862063417999934,42.655421352000076],[-4.860379749999936,42.65831220100006],[-4.860316199999943,42.66354526100008],[-4.8390597209999555,42.66394236200006],[-4.8272982999999385,42.66648982900006],[-4.811417079999956,42.66587739000005],[-4.79782991899998,42.67160257100005],[-4.785715479999965,42.67258440100005],[-4.769186988999934,42.68188208200007],[-4.7672627099999545,42.67600425100005],[-4.7582762699999535,42.666776850000076]],[[-4.805368446999978,42.648249253000074],[-4.808574799999974,42.647460041000045],[-4.809923846999936,42.64487110700003],[-4.806612300999973,42.64184238800004],[-4.803660891999925,42.643522447000066],[-4.80591196499995,42.64648089900004],[-4.805368446999978,42.648249253000074]],[[-4.80836237799997,42.64276624100006],[-4.810256075999973,42.64324144400007],[-4.808863580999969,42.64229847400003],[-4.80836237799997,42.64276624100006]],[[-4.792860915999938,42.61062379900005],[-4.79428889299993,42.608735452000076],[-4.797070177999956,42.608736287000056],[-4.7941167289999385,42.60501904700004],[-4.792531686999951,42.60571315400006],[-4.793785997999976,42.60756845700007],[-4.791890442999943,42.60850209300003],[-4.792860915999938,42.61062379900005]],[[-4.800289452999948,42.60522614800004],[-4.800995827999941,42.60654754900003],[-4.8022594959999765,42.606097840000075],[-4.800289452999948,42.60522614800004]],[[-4.798900065999931,42.609260103000054],[-4.800518116999967,42.61008480800007],[-4.800327825999943,42.60938574900007],[-4.798900065999931,42.609260103000054]]]}},{"type":"Feature","properties":{"ClaseSuelo":"SUELO URBANO","NuclRural":"0","AreaLamber":33.31217141,"Shape_STAr":0.000036565440715},"geometry":{"type":"MultiPolygon","coordinates":[[[[-4.8050746849999655,42.64813594300006],[-4.80591196499995,42.64648089900004],[-4.803914751999969,42.644804968000074],[-4.806612300999973,42.64184238800004],[-4.809923846999936,42.64487110700003],[-4.807444362999945,42.64597910800006],[-4.808574799999974,42.647460041000045],[-4.8050746849999655,42.64813594300006]]],[[[-4.800450344999945,42.60519831600004],[-4.8022594959999765,42.606097840000075],[-4.800995827999941,42.60654754900003],[-4.800450344999945,42.60519831600004]]],[[[-4.79953250899996,42.60915832000006],[-4.800518116999967,42.61008480800007],[-4.799532083999964,42.61014795800003],[-4.79953250899996,42.60915832000006]]],[[[-4.792619468999931,42.610556098000075],[-4.791890442999943,42.60850209300003],[-4.793785997999976,42.60756845700007],[-4.792531686999951,42.60571315400006],[-4.7941167289999385,42.60501904700004],[-4.797070177999956,42.608736287000056],[-4.79428889299993,42.608735452000076],[-4.792619468999931,42.610556098000075]]],[[[-4.810047162999979,42.643414472000075],[-4.80836237799997,42.64276624100006],[-4.808863580999969,42.64229847400003],[-4.810047162999979,42.643414472000075]]]]}},{"type":"Feature","properties":{"ClaseSuelo":"SUELO URBANO NO CONSOLIDADO","NuclRural":"0","AreaLamber":3.38824061,"Shape_STAr":0.00000372017940952},"geometry":{"type":"MultiPolygon","coordinates":[[[[-4.803831894999973,42.64366435900007],[-4.805161497999961,42.64246077900003],[-4.806254832999969,42.64356987000008],[-4.803831894999973,42.64366435900007]]],[[[-4.808144813999945,42.646823375000054],[-4.807444362999945,42.64597910800006],[-4.808748803999947,42.645374256000025],[-4.808144813999945,42.646823375000054]]]]}},{"type":"Feature","properties":{"ClaseSuelo":"SUELO NO URBANIZABLE","NuclRural":"0","AreaLamber":7934.12272112,"Shape_STAr":0.00873255349085},"geometry":{"type":"MultiPolygon","coordinates":[[[[-4.187579768999967,42.82610937000004],[-4.178565960999947,42.826247470000055],[-4.185429459999966,42.817297060000044],[-4.182703739999965,42.81034581000006],[-4.1788245089999805,42.810881110000025],[-4.1736561499999425,42.80857468000005],[-4.149914680999927,42.789309100000025],[-4.14440062999995,42.79130955000005],[-4.137510159999977,42.790279490000046],[-4.122671378999939,42.79459545000003],[-4.112937199999976,42.79454623000004],[-4.098485668999956,42.79118235000004],[-4.098313219999966,42.786266890000036],[-4.099714109999979,42.78459642000007],[-4.09589571999993,42.78021117000003],[-4.094075129999965,42.773321090000024],[-4.085364269999957,42.77217907000005],[-4.081339629999945,42.76146405000003],[-4.085259479999934,42.764083750000054],[-4.0904233399999725,42.74982337000006],[-4.109554118999938,42.73387920000005],[-4.112796629999934,42.73418096000006],[-4.123985429999948,42.736170110000046],[-4.1200053499999285,42.745107070000074],[-4.125950909999972,42.74822793000004],[-4.124778889999959,42.751652730000046],[-4.125947339999925,42.752073540000026],[-4.13993722999993,42.75333119000004],[-4.1461349899999504,42.75213463000006],[-4.151420409999957,42.74787587000003],[-4.158613849999938,42.74769532000005],[-4.173514319999981,42.75642360000006],[-4.180742219999956,42.75736703000007],[-4.19201561999995,42.75449451000003],[-4.197121648999939,42.75629649000007],[-4.200532769999938,42.755747470000074],[-4.214862079999932,42.77549929000003],[-4.222617659999969,42.76707741000007],[-4.220773639999948,42.75782108000004],[-4.242384990999938,42.74094602000008],[-4.244541228999935,42.73696902000006],[-4.260608589999947,42.739512870000055],[-4.268176319999952,42.74517496000004],[-4.2680436599999325,42.74705865000004],[-4.273265889999948,42.752674340000056],[-4.269888399999957,42.75722379000007],[-4.265431189999958,42.75798463000007],[-4.264180449999969,42.768598300000065],[-4.254769559999943,42.77165577000005],[-4.248019709999937,42.76909088000008],[-4.248432979999961,42.76410617000005],[-4.243212289999974,42.76767526000003],[-4.239289540999948,42.773841720000064],[-4.240314119999937,42.77618114000006],[-4.237102989999926,42.77760275000003],[-4.234440199999938,42.78325108000007],[-4.232283849999931,42.78240074000007],[-4.23241121999996,42.79128804000004],[-4.226443529999926,42.79743997000003],[-4.221730709999974,42.80030012000003],[-4.219627959999968,42.79971014000006],[-4.218960699999968,42.80247300000008],[-4.211474859999953,42.802399310000055],[-4.203895539999962,42.80696406000004],[-4.20452321099998,42.81662059000007],[-4.207995159999939,42.818403180000075],[-4.207264769999938,42.82361617000004],[-4.194280159999948,42.826544030000036],[-4.187579768999967,42.82610937000004]],[[-4.199698760999979,42.82109688200006],[-4.199949297999979,42.819559240000046],[-4.202434564999976,42.82084572900004],[-4.204723701999967,42.81981293100006],[-4.19724632599997,42.81807235000008],[-4.196173686999941,42.82119406600003],[-4.199698760999979,42.82109688200006]],[[-4.217996921999941,42.79673843000006],[-4.218589040999973,42.79579721300007],[-4.214292778999948,42.79387262600005],[-4.21575865799997,42.79675486700006],[-4.217996921999941,42.79673843000006]],[[-4.168968675999963,42.79525765100004],[-4.167661062999969,42.79418256900004],[-4.1668775329999335,42.797295881000025],[-4.1702283909999665,42.79756124200003],[-4.168968675999963,42.79525765100004]],[[-4.230957362999959,42.78505979600004],[-4.231307277999974,42.78389989800007],[-4.228588640999931,42.783589138000025],[-4.22794651199996,42.785973796000064],[-4.230959402999929,42.786387759000036],[-4.230957362999959,42.78505979600004]],[[-4.189913929999932,42.778876326000045],[-4.194389064999939,42.77881329000007],[-4.195211467999968,42.77739759000008],[-4.192315031999954,42.77661451400007],[-4.189913929999932,42.778876326000045]],[[-4.238271073999954,42.76570554300008],[-4.237968763999959,42.76456059600008],[-4.233572967999976,42.765897453000036],[-4.237673382999958,42.76676007800006],[-4.238271073999954,42.76570554300008]],[[-4.254581191999932,42.75940758400003],[-4.253554212999973,42.758216305000076],[-4.246556573999953,42.75821595700006],[-4.254581191999932,42.75940758400003]],[[-4.169722070999967,42.774981782000054],[-4.172855328999958,42.77336349400008],[-4.168081116999929,42.772257884000055],[-4.164555309999969,42.775300567000045],[-4.169722070999967,42.774981782000054]],[[-4.152973519999932,42.77266614000007],[-4.15380272799996,42.771045935000075],[-4.152174903999935,42.769013494000035],[-4.149700335999967,42.76986714200007],[-4.150169453999979,42.77190661000003],[-4.152973519999932,42.77266614000007]],[[-4.185879857999964,42.76686187800004],[-4.186266089999947,42.76511739600005],[-4.184541931999945,42.76512584500006],[-4.184102733999964,42.76629706400007],[-4.185879857999964,42.76686187800004]],[[-4.201367107999943,42.76493582900008],[-4.20260798399994,42.76465998100008],[-4.199703273999944,42.76358780000004],[-4.201367107999943,42.76493582900008]],[[-4.103919322999957,42.74840715000005],[-4.101107615999979,42.747122700000034],[-4.099649188999933,42.74765452300005],[-4.103919322999957,42.74840715000005]]],[[[-4.160564858999976,42.814210530000025],[-4.164455139999973,42.81228886000008],[-4.17455764999994,42.811618370000076],[-4.182343869999954,42.82034585000008],[-4.176419719999956,42.82338771000008],[-4.165031789999944,42.82150482000003],[-4.160733099999959,42.81797320000004],[-4.160564858999976,42.814210530000025]],[[-4.17363411499997,42.813677975000076],[-4.173016227999938,42.812390650000054],[-4.171308419999946,42.81251831000003],[-4.17363411499997,42.813677975000076]]],[[[-4.098008319999963,42.82367036000005],[-4.094870999999955,42.82405157000005],[-4.088522129999944,42.81849247000008],[-4.089043069999946,42.80983309000004],[-4.087709089999976,42.805595080000046],[-4.089064459999975,42.79989063000005],[-4.10104156999995,42.793967620000046],[-4.108919829999934,42.80307751000004],[-4.105315889999929,42.808785870000065],[-4.113077249999947,42.81668983000003],[-4.111741999999936,42.818629990000034],[-4.112444150999977,42.82231550000006],[-4.1070362999999475,42.82776220000005],[-4.098008319999963,42.82367036000005]],[[-4.095451630999946,42.80154302700004],[-4.095024409999951,42.799261675000025],[-4.094029228999943,42.79911869800003],[-4.095451630999946,42.80154302700004]]]]}},{"type":"Feature","properties":{"ClaseSuelo":"SUELO URBANO","NuclRural":"0","AreaLamber":70.43241318,"Shape_STAr":0.0000775271259334},"geometry":{"type":"MultiPolygon","coordinates":[[[[-4.199463887999968,42.821736902000055],[-4.196173686999941,42.82119406600003],[-4.19724632599997,42.81807235000008],[-4.204614521999929,42.81947992200003],[-4.203061946999981,42.820840479000026],[-4.199949297999979,42.819559240000046],[-4.199463887999968,42.821736902000055]]],[[[-4.103467228999932,42.74849705500003],[-4.099649188999933,42.74765452300005],[-4.104237534999925,42.74771380300007],[-4.103467228999932,42.74849705500003]]],[[[-4.254474013999925,42.759612091000065],[-4.246556573999953,42.75821595700006],[-4.253554212999973,42.758216305000076],[-4.254474013999925,42.759612091000065]]],[[[-4.201251043999946,42.76486054700007],[-4.199703273999944,42.76358780000004],[-4.20260798399994,42.76465998100008],[-4.201251043999946,42.76486054700007]]],[[[-4.184823614999971,42.766798066000035],[-4.184471475999942,42.76518558300006],[-4.186266089999947,42.76511739600005],[-4.186324054999943,42.76672939700006],[-4.184823614999971,42.766798066000035]]],[[[-4.236379012999976,42.766546455000025],[-4.234599123999942,42.76589828800007],[-4.238819224999929,42.76476645200006],[-4.236379012999976,42.766546455000025]]],[[[-4.152973519999932,42.77266614000007],[-4.150169453999979,42.77190661000003],[-4.149700335999967,42.76986714200007],[-4.152692102999936,42.77004788900007],[-4.154013508999981,42.77218689600005],[-4.152973519999932,42.77266614000007]]],[[[-4.169081084999959,42.77529568700004],[-4.164555309999969,42.775300567000045],[-4.168081116999929,42.772257884000055],[-4.168916087999946,42.773711304000074],[-4.172855328999958,42.77336349400008],[-4.169081084999959,42.77529568700004]]],[[[-4.189356333999967,42.77857904600006],[-4.192315031999954,42.77661451400007],[-4.195211467999968,42.77739759000008],[-4.194389064999939,42.77881329000007],[-4.189356333999967,42.77857904600006]]],[[[-4.2306698109999274,42.78624516800005],[-4.22794651199996,42.785973796000064],[-4.228330760999938,42.78376643300004],[-4.231307277999974,42.78389989800007],[-4.2306698109999274,42.78624516800005]],[[-4.228933481999945,42.78570011100004],[-4.230671574999974,42.78490184800006],[-4.228622955999981,42.78437893600005],[-4.228933481999945,42.78570011100004]],[[-4.230012810999938,42.784659592000025],[-4.230426258999955,42.78414772800005],[-4.228672151999945,42.78394846500004],[-4.230012810999938,42.784659592000025]]],[[[-4.169746803999942,42.79739055300007],[-4.1668775329999335,42.797295881000025],[-4.167661062999969,42.79418256900004],[-4.169746803999942,42.79739055300007]]],[[[-4.2171124209999675,42.79720814600006],[-4.214292778999948,42.79387262600005],[-4.218904000999942,42.796194607000075],[-4.2171124209999675,42.79720814600006]]],[[[-4.095338829999946,42.801531716000056],[-4.094029228999943,42.79911869800003],[-4.095024409999951,42.799261675000025],[-4.095338829999946,42.801531716000056]]],[[[-4.173255020999932,42.813648975000035],[-4.171396239999979,42.81237381500006],[-4.174192881999943,42.81316720800004],[-4.173255020999932,42.813648975000035]]]]}},{"type":"Feature","properties":{"ClaseSuelo":"SUELO URBANO NO CONSOLIDADO","NuclRural":"0","AreaLamber":7.58175991,"Shape_STAr":0.00000834527741708},"geometry":{"type":"MultiPolygon","coordinates":[[[[-4.228720476999968,42.785868992000076],[-4.228622955999981,42.78437893600005],[-4.230671574999974,42.78490184800006],[-4.228720476999968,42.785868992000076]]],[[[-4.235202526999956,42.76658746500004],[-4.233572967999976,42.765897453000036],[-4.237975560999928,42.76597647500006],[-4.235202526999956,42.76658746500004]]],[[[-4.152039793999961,42.769105929000034],[-4.152483706999931,42.769936065000024],[-4.150715694999974,42.77018897700003],[-4.152039793999961,42.769105929000034]]],[[[-4.169573603999936,42.773782941000036],[-4.168307357999936,42.77297059000006],[-4.170234622999942,42.77286961100003],[-4.169573603999936,42.773782941000036]]],[[[-4.229876479999973,42.78462111400006],[-4.228672151999945,42.78394846500004],[-4.230426258999955,42.78414772800005],[-4.229876479999973,42.78462111400006]]],[[[-4.166660804999935,42.79600373900007],[-4.167923037999969,42.79608084700004],[-4.166696903999934,42.79671805300006],[-4.166660804999935,42.79600373900007]]],[[[-4.196795432999977,42.82125825600008],[-4.197491872999933,42.820897511000055],[-4.198200724999936,42.82157343500006],[-4.196795432999977,42.82125825600008]]]]}},{"type":"Feature","properties":{"ClaseSuelo":"SUELO NO URBANIZABLE","NuclRural":"0","AreaLamber":1102.57966184,"Shape_STAr":0.00120050779713},"geometry":{"type":"Polygon","coordinates":[[[-4.195431139999926,42.101538180000034],[-4.193903749999947,42.09877109000007],[-4.1866439499999615,42.10116104000008],[-4.179828959999952,42.10017757000003],[-4.174441650999938,42.10242772000004],[-4.179632819999938,42.09129561000003],[-4.179626209999981,42.087482340000065],[-4.176345339999955,42.08725844000003],[-4.181457769999952,42.08154084000006],[-4.189256339999929,42.08169446000005],[-4.1934526299999675,42.07839597000003],[-4.190390858999933,42.07286265000005],[-4.193663169999979,42.07047528000004],[-4.210553579999953,42.075747310000054],[-4.212627779999934,42.07865252000005],[-4.21610150999993,42.07506722000005],[-4.218037009999932,42.084611550000034],[-4.232602459999953,42.093156270000065],[-4.2086894999999345,42.115719530000035],[-4.202433429999928,42.10601327000006],[-4.195431139999926,42.101538180000034]],[[-4.20445215999996,42.100786009000046],[-4.2091537879999805,42.10058993000007],[-4.2095819939999615,42.09839985700006],[-4.204501936999975,42.097140972000034],[-4.199965421999934,42.10039075700007],[-4.20445215999996,42.100786009000046]],[[-4.204655404999926,42.08613103500005],[-4.2096133389999295,42.085647479000045],[-4.2096552339999675,42.081324635000044],[-4.205591347999928,42.081988910000064],[-4.203639610999971,42.07966454100006],[-4.202101502999938,42.08044188300005],[-4.2024976739999715,42.08210561200008],[-4.200715547999948,42.08377661900005],[-4.204655404999926,42.08613103500005]],[[-4.211554194999962,42.079920669000046],[-4.210803375999944,42.081514097000024],[-4.213586977999967,42.08206073100007],[-4.213825189999966,42.08025172500004],[-4.211554194999962,42.079920669000046]],[[-4.210542808999946,42.08081500000003],[-4.210563607999973,42.08077735300003],[-4.210550651999938,42.08079908800005],[-4.210542808999946,42.08081500000003]],[[-4.210597600999961,42.08072032500007],[-4.210621415999981,42.08068339700003],[-4.2106097879999425,42.080699879000065],[-4.210597600999961,42.08072032500007]],[[-4.21008470299995,42.085612801000025],[-4.212238429999957,42.08430050100003],[-4.210018968999975,42.083702964000054],[-4.21008470299995,42.085612801000025]],[[-4.211362616999963,42.07642141100007],[-4.208722979999948,42.07693025700007],[-4.210358310999936,42.07837552800004],[-4.211362616999963,42.07642141100007]]]}},{"type":"Feature","properties":{"ClaseSuelo":"SUELO NO URBANIZABLE","NuclRural":"0","AreaLamber":2263.69643263,"Shape_STAr":0.0024838816257},"geometry":{"type":"Polygon","coordinates":[[[-4.382466446999956,42.61143594400005],[-4.376343192999968,42.60687173700006],[-4.361147440999957,42.61108756600004],[-4.351843070999962,42.608739091000075],[-4.349020687999939,42.605062057000055],[-4.342425393999974,42.60846249300005],[-4.340801485999975,42.607779063000066],[-4.339548212999944,42.60618156800007],[-4.340961203999939,42.601014048000025],[-4.339924992999954,42.592470793000075],[-4.346014218999926,42.585447298000076],[-4.349865651999949,42.58377203600003],[-4.363896713999964,42.585091963000025],[-4.375057391999974,42.58997479100003],[-4.380422740999961,42.58844244000005],[-4.397926372999962,42.572731900000065],[-4.407032342999969,42.56912640100006],[-4.412383543999965,42.56978107800006],[-4.4207207619999735,42.56510329300005],[-4.436035803999971,42.56621837900008],[-4.442935319999947,42.56903157700003],[-4.444711011999971,42.57681702700006],[-4.440936186999977,42.57957517800003],[-4.427260297999965,42.58315927000007],[-4.418380664999972,42.59517472400006],[-4.417933218999963,42.59855732400007],[-4.413789805999954,42.59913979800007],[-4.407005940999966,42.603185643000074],[-4.398479096999949,42.604559710000046],[-4.3903825289999645,42.61324042900003],[-4.382466446999956,42.61143594400005]],[[-4.360328393999964,42.60459381900006],[-4.361438790999955,42.60359002000007],[-4.356999765999944,42.60268003600004],[-4.360328393999964,42.60459381900006]],[[-4.398111749999941,42.59620013000006],[-4.400274396999976,42.59549613900003],[-4.398481484999934,42.59523977600003],[-4.398111749999941,42.59620013000006]],[[-4.3991951469999435,42.57730174900007],[-4.3998136339999405,42.57986871700007],[-4.402109794999944,42.577784989000065],[-4.3991951469999435,42.57730174900007]]]}},{"type":"Feature","properties":{"ClaseSuelo":"SUELO URBANO","NuclRural":"0","AreaLamber":11.64967584,"Shape_STAr":0.000012782580325},"geometry":{"type":"MultiPolygon","coordinates":[[[[-4.3991951469999435,42.57730174900007],[-4.402109794999944,42.577784989000065],[-4.3998136339999405,42.57986871700007],[-4.3991951469999435,42.57730174900007]]],[[[-4.398111749999941,42.59620013000006],[-4.398481484999934,42.59523977600003],[-4.400274396999976,42.59549613900003],[-4.398111749999941,42.59620013000006]]],[[[-4.360328393999964,42.60459381900006],[-4.356999765999944,42.60268003600004],[-4.361438790999955,42.60359002000007],[-4.360328393999964,42.60459381900006]]]]}},{"type":"Feature","properties":{"ClaseSuelo":"SUELO NO URBANIZABLE","NuclRural":"0","AreaLamber":12633.3531787,"Shape_STAr":0.0137683576331},"geometry":{"type":"Polygon","coordinates":[[[-4.6194974029999685,42.23863012500004],[-4.615053939999939,42.23679631300007],[-4.606436889999941,42.22814676000007],[-4.598673891999965,42.20857496900004],[-4.618092356999966,42.203538070000036],[-4.623962265999978,42.194909755000026],[-4.6231756979999545,42.19157934700007],[-4.628524592999952,42.17678768500008],[-4.620639261999941,42.18097800600003],[-4.618763445999946,42.17513496200007],[-4.619477316999962,42.171958517000064],[-4.616374257999951,42.17225744800004],[-4.606315432999963,42.16584772300007],[-4.611746421999953,42.159578715000066],[-4.623275980999949,42.159852096000066],[-4.635436206999941,42.15758755600007],[-4.641514517999951,42.15018530300006],[-4.641372738999962,42.14290137300003],[-4.643833167999958,42.13923156900006],[-4.657346202999975,42.136779501000035],[-4.669390595999971,42.13137258300003],[-4.673916048999956,42.12626919500008],[-4.69239035399994,42.11310142100007],[-4.695444910999925,42.106537529000036],[-4.70083490199994,42.10667454600008],[-4.703109931999961,42.10191040600006],[-4.709102260999941,42.098534063000045],[-4.719988741999941,42.10655456400008],[-4.745853529999977,42.111796156000025],[-4.7526603759999375,42.10773869900004],[-4.758382092999966,42.109524400000055],[-4.764589794999949,42.11486873500007],[-4.764323435999927,42.117475580000075],[-4.771274619999929,42.12376104200007],[-4.766800835999959,42.12704245200007],[-4.767539072999966,42.127846152000075],[-4.764231304999953,42.12867535700008],[-4.776387137999961,42.13901855100005],[-4.775217328999929,42.141496509000035],[-4.777089492999949,42.14572554800003],[-4.7755405189999465,42.14898847100005],[-4.786875529999975,42.153781138000056],[-4.783986202999927,42.15864431500006],[-4.777096017999952,42.16459615700006],[-4.763649942999962,42.17025068300006],[-4.752562463999936,42.188747840000076],[-4.7426863549999325,42.194398883000076],[-4.730055245999949,42.205191040000045],[-4.720293528999946,42.20149726900007],[-4.7087425359999315,42.203110974000026],[-4.701845546999948,42.20768107600003],[-4.697824158999936,42.21806091500008],[-4.684648058999926,42.22017866900006],[-4.676880737999966,42.22017716600004],[-4.66742375299998,42.21767682300003],[-4.65604211699997,42.218812023000055],[-4.647545540999943,42.22196940300006],[-4.641995090999956,42.226137685000026],[-4.638798034999979,42.231529554000076],[-4.6194974029999685,42.23863012500004]],[[-4.685903505999931,42.147894404000056],[-4.681996827999967,42.14577904400005],[-4.680354286999943,42.147019896000074],[-4.684189836999963,42.14909711100006],[-4.684696096999971,42.15313291800004],[-4.686774060999937,42.15297949100005],[-4.6899618139999575,42.15694017100003],[-4.694792373999974,42.15731469600007],[-4.69618735399996,42.15434387100004],[-4.699971597999934,42.15453263100005],[-4.6991779359999555,42.15234821800004],[-4.701594270999976,42.15235086200005],[-4.695644288999972,42.147376035000036],[-4.688157238999963,42.14910031800008],[-4.685903505999931,42.147894404000056]],[[-4.696262076999972,42.15642991200008],[-4.695413293999934,42.15720293000004],[-4.696546654999963,42.15696507400003],[-4.696262076999972,42.15642991200008]],[[-4.683165232999954,42.15429443100004],[-4.683832780999978,42.15537050800003],[-4.685383111999954,42.155026871000075],[-4.683165232999954,42.15429443100004]]]}},{"type":"Feature","properties":{"ClaseSuelo":"SUELO URBANIZABLE DELIMITADO O SECTORIZADO","NuclRural":"0","AreaLamber":7.4451596,"Shape_STAr":0.00000811145821044},"geometry":{"type":"Polygon","coordinates":[[[-4.681753124999943,42.14596195300004],[-4.685903505999931,42.147894404000056],[-4.684023588999935,42.14900041400006],[-4.680354286999943,42.147019896000074],[-4.681753124999943,42.14596195300004]]]}},{"type":"Feature","properties":{"ClaseSuelo":"SUELO URBANO","NuclRural":"0","AreaLamber":98.09750319,"Shape_STAr":0.000106885023254},"geometry":{"type":"MultiPolygon","coordinates":[[[[-4.691950266999925,42.157056510000075],[-4.688420634999943,42.15617436300005],[-4.686774060999937,42.15297949100005],[-4.684696096999971,42.15313291800004],[-4.684023588999935,42.14900041400006],[-4.686891953999975,42.14743175900003],[-4.688157238999963,42.14910031800008],[-4.695644288999972,42.147376035000036],[-4.701594270999976,42.15235086200005],[-4.6991779359999555,42.15234821800004],[-4.699971597999934,42.15453263100005],[-4.69618735399996,42.15434387100004],[-4.695119192999925,42.15718079000004],[-4.691950266999925,42.157056510000075]],[[-4.695965143999956,42.15085434900004],[-4.69645042999997,42.14906133900007],[-4.695005910999953,42.14975731900006],[-4.695965143999956,42.15085434900004]]],[[[-4.696262076999972,42.15642991200008],[-4.696546654999963,42.15696507400003],[-4.695413293999934,42.15720293000004],[-4.696262076999972,42.15642991200008]]]]}},{"type":"Feature","properties":{"ClaseSuelo":"SUELO URBANO NO CONSOLIDADO","NuclRural":"0","AreaLamber":4.05337972,"Shape_STAr":0.00000441649740094},"geometry":{"type":"MultiPolygon","coordinates":[[[[-4.683165232999954,42.15429443100004],[-4.685383111999954,42.155026871000075],[-4.683832780999978,42.15537050800003],[-4.683165232999954,42.15429443100004]]],[[[-4.695707862999939,42.15101395700003],[-4.695005910999953,42.14975731900006],[-4.69645042999997,42.14906133900007],[-4.697104293999928,42.15028171100005],[-4.695707862999939,42.15101395700003]]]]}},{"type":"Feature","properties":{"ClaseSuelo":"SUELO NO URBANIZABLE","NuclRural":"0","AreaLamber":2110.44044252,"Shape_STAr":0.002318763043},"geometry":{"type":"MultiPolygon","coordinates":[[[[-4.339640220999968,42.709720883000045],[-4.3245320199999355,42.702956990000075],[-4.324262689999955,42.69947503000003],[-4.321481379999966,42.69555384000006],[-4.322421629999951,42.69038290000003],[-4.326352689999965,42.687527740000064],[-4.325619769999946,42.68578019000006],[-4.327766679999968,42.68284657000004],[-4.3251482639999494,42.677362222000056],[-4.325767189999965,42.67031625000004],[-4.328690149999943,42.66373547000006],[-4.336782089999929,42.65869737000003],[-4.342484259999935,42.65094909000004],[-4.342317829999956,42.64661043000007],[-4.34477918999994,42.64478049000007],[-4.3508129589999385,42.64626745000004],[-4.3493811299999265,42.65113823000007],[-4.350907899999925,42.656298340000035],[-4.363181504999943,42.66301566000004],[-4.363257639999972,42.66592300000008],[-4.370195079999974,42.66955051000008],[-4.369921270999953,42.674866920000056],[-4.366626399999973,42.679895170000066],[-4.3697612999999365,42.68147873000004],[-4.368193509999969,42.68735089000006],[-4.36460115999995,42.68830321000007],[-4.36582016899996,42.69435826000006],[-4.356280058999971,42.69693710800004],[-4.350522749999925,42.704472130000056],[-4.350478109999926,42.70804773000003],[-4.347924769999963,42.70798780000007],[-4.34599142999997,42.71232408000003],[-4.339447590999953,42.71124834900007],[-4.339640220999968,42.709720883000045]],[[-4.345752319999974,42.68304155200008],[-4.352729505999946,42.679556827000056],[-4.344800273999965,42.677651437000065],[-4.345752319999974,42.68304155200008]]],[[[-4.39475566699997,42.637123460000055],[-4.386616099999969,42.636924700000066],[-4.386916979999967,42.63399430000004],[-4.383076089999975,42.62466605000003],[-4.385147049999944,42.61906668000006],[-4.391838739999969,42.61457298000005],[-4.39981690999997,42.618033000000025],[-4.409806059999937,42.626276680000046],[-4.401255370999934,42.630532980000055],[-4.39986037999995,42.63631349000008],[-4.398029829999928,42.63790277000004],[-4.39475566699997,42.637123460000055]]]]}},{"type":"Feature","properties":{"ClaseSuelo":"SUELO URBANO","NuclRural":"0","AreaLamber":15.7430182,"Shape_STAr":0.0000172993946709},"geometry":{"type":"MultiPolygon","coordinates":[[[[-4.34521286699993,42.68316542000008],[-4.346038347999979,42.67912473700005],[-4.344800273999965,42.677651437000065],[-4.347984314999962,42.679807621000066],[-4.352729505999946,42.679556827000056],[-4.34521286699993,42.68316542000008]]],[[[-4.3505903749999675,42.68056646800005],[-4.351459145999968,42.68083634300007],[-4.350826167999969,42.68120691900003],[-4.3505903749999675,42.68056646800005]]]]}},{"type":"Feature","properties":{"ClaseSuelo":"SUELO URBANO NO CONSOLIDADO","NuclRural":"0","AreaLamber":4.25403415,"Shape_STAr":0.00000467459864281},"geometry":{"type":"MultiPolygon","coordinates":[[[[-4.348896966999973,42.681440751000025],[-4.351663857999938,42.68072350700004],[-4.348194769999964,42.682181194000066],[-4.348896966999973,42.681440751000025]]],[[[-4.348156033999942,42.67975902400008],[-4.347479150999959,42.678962830000046],[-4.349089765999963,42.67913827900003],[-4.348156033999942,42.67975902400008]]],[[[-4.345214576999979,42.679742006000026],[-4.345048576999943,42.67848485400003],[-4.346038347999979,42.67912473700005],[-4.345214576999979,42.679742006000026]]],[[[-4.344696127999953,42.68124123800004],[-4.345662757999946,42.68158925500006],[-4.344949425999971,42.68245659400003],[-4.344696127999953,42.68124123800004]]]]}},{"type":"Feature","properties":{"ClaseSuelo":"SUELO NO URBANIZABLE","NuclRural":"0","AreaLamber":1537.97330463,"Shape_STAr":0.00167585122872},"geometry":{"type":"Polygon","coordinates":[[[-4.503466069999945,42.15503325000003],[-4.501510139999937,42.15268124000005],[-4.502755559999969,42.15058452100004],[-4.4954377489999615,42.14615003000006],[-4.497658318999925,42.14486021000005],[-4.490926589999958,42.13905785000003],[-4.485535029999937,42.13721846100003],[-4.4869328999999425,42.12973424000006],[-4.493145539999944,42.13101351100005],[-4.494904578999979,42.13378252000007],[-4.498720799999944,42.13501162000006],[-4.50096599099993,42.13427079100006],[-4.507682849999981,42.136371231000055],[-4.520927618999963,42.135151740000026],[-4.54260107999994,42.12826996100006],[-4.547078558999942,42.13427083100004],[-4.546072608999964,42.14215574000008],[-4.538945329999933,42.15665234000005],[-4.544727029999933,42.16096063100008],[-4.535484587999974,42.16520045900006],[-4.5369564709999395,42.166000463000046],[-4.529987218999963,42.17267689100004],[-4.512369169999943,42.179701031000036],[-4.513113559999965,42.175881650000065],[-4.511559539999951,42.168589190000034],[-4.5056526489999555,42.16302003100003],[-4.501157549999959,42.15568490000004],[-4.503466069999945,42.15503325000003]],[[-4.517363338999928,42.154099734000056],[-4.518835529999933,42.15375738700004],[-4.518021338999972,42.15190695600006],[-4.513386308999941,42.15233221300008],[-4.517363338999928,42.154099734000056]]]}},{"type":"Feature","properties":{"ClaseSuelo":"SUELO URBANO","NuclRural":"0","AreaLamber":9.90363232,"Shape_STAr":0.0000107919163697},"geometry":{"type":"Polygon","coordinates":[[[-4.517363338999928,42.154099734000056],[-4.513386308999941,42.15233221300008],[-4.518021338999972,42.15190695600006],[-4.518835529999933,42.15375738700004],[-4.517363338999928,42.154099734000056]]]}},{"type":"Feature","properties":{"ClaseSuelo":"SUELO NO URBANIZABLE","NuclRural":"0","AreaLamber":12978.7012111,"Shape_STAr":0.0142319248376},"geometry":{"type":"MultiPolygon","coordinates":[[[[-4.761527327999943,42.636590683000065],[-4.750140834999968,42.63687753500005],[-4.74447183999996,42.63131769000006],[-4.7374349199999415,42.63526084000006],[-4.732545131999927,42.63570402000005],[-4.7212674999999535,42.62305044000004],[-4.720495567999933,42.61273286000005],[-4.7157157399999505,42.61182293000007],[-4.706847008999944,42.62009608900007],[-4.703921158999947,42.618338710000046],[-4.690067370999941,42.60110942000006],[-4.679466029999958,42.59171055000007],[-4.676059959999975,42.58376362000007],[-4.672647468999969,42.59378203700004],[-4.651786774999948,42.57366984200007],[-4.645448545999955,42.57264416800007],[-4.649934689999952,42.569508840000026],[-4.65702182299998,42.56982984900003],[-4.65999450399994,42.568444947000046],[-4.660899693999966,42.563992332000055],[-4.648564230999966,42.56418832700007],[-4.637821979999956,42.55870489000006],[-4.636689353999941,42.55498381500007],[-4.62982293999994,42.55090310000003],[-4.6308915099999695,42.54750186000007],[-4.626033510999946,42.54051958000008],[-4.6208157009999695,42.53842313900003],[-4.61261058499997,42.54041194000007],[-4.609598554999934,42.53741046300007],[-4.601566159999948,42.53949508000005],[-4.597928069999966,42.53292680000004],[-4.60051972499997,42.528081788000065],[-4.5952866499999345,42.523868030000074],[-4.600672289999977,42.51259014000004],[-4.606003999999928,42.50974191000006],[-4.6032844999999725,42.50668206000006],[-4.602791970999931,42.503600050000045],[-4.6045056699999805,42.50112659000007],[-4.614539277999938,42.50133702200003],[-4.619243645999973,42.508664176000025],[-4.622076499999935,42.509011420000036],[-4.629526429999942,42.50060274000003],[-4.632916729999977,42.502274570000054],[-4.636652279999964,42.50084348000007],[-4.645023649999928,42.501705310000034],[-4.650563127999931,42.508722040000066],[-4.651982349999969,42.50761194000006],[-4.651837508999961,42.50071588600008],[-4.664451249999956,42.507350590000044],[-4.679351456999939,42.524711731000025],[-4.687483489999977,42.51881111000006],[-4.695915458999934,42.50918600000006],[-4.701689284999929,42.507092373000035],[-4.719290868999963,42.50493860000006],[-4.722803790999933,42.50876721000003],[-4.738047579999943,42.50761865000004],[-4.745013419999964,42.512132620000045],[-4.74653193499995,42.51201915100006],[-4.747087104999935,42.50701305100006],[-4.758899179999958,42.507678930000054],[-4.763320759999942,42.50606209000006],[-4.767522309999947,42.507879530000025],[-4.756842227999925,42.516382650000025],[-4.754763579999974,42.52084512000005],[-4.761489869999934,42.53147640000003],[-4.762852789999954,42.53794833000006],[-4.774567569999931,42.551293730000054],[-4.774399709999955,42.55913099000003],[-4.779912499999966,42.56322407000005],[-4.775989313999958,42.565315902000066],[-4.773250099999927,42.57617790000006],[-4.769529449999936,42.582061820000035],[-4.767060209999954,42.59559863800007],[-4.76275918999994,42.59479156000003],[-4.764965429999961,42.59695493000004],[-4.76701369999995,42.60430775000003],[-4.771610430999942,42.60735266000006],[-4.769186399999967,42.613882930000045],[-4.771965879999925,42.620747100000074],[-4.776127269999961,42.62343835000007],[-4.777824209999949,42.62993190000003],[-4.780526438999971,42.63274465000006],[-4.77825299999995,42.635994820000064],[-4.771175710999955,42.63801336900008],[-4.761527327999943,42.636590683000065]],[[-4.736059076999936,42.594247351000035],[-4.737829812999962,42.59241370700005],[-4.735885922999955,42.592124872000056],[-4.736059076999936,42.594247351000035]],[[-4.699053220999929,42.58104773600007],[-4.697108943999979,42.581768554000064],[-4.699481480999964,42.583092425000075],[-4.699053220999929,42.58104773600007]],[[-4.760731528999941,42.57114290100003],[-4.759148482999933,42.570115361000035],[-4.757711316999973,42.57155586300007],[-4.759122606999938,42.576411509000025],[-4.760630527999979,42.57590749000008],[-4.758820266999976,42.57347275600006],[-4.760731528999941,42.57114290100003]],[[-4.730755242999976,42.57546429000007],[-4.732109641999955,42.57413440600004],[-4.730103371999974,42.574745421000046],[-4.730755242999976,42.57546429000007]],[[-4.728208873999961,42.56565177600004],[-4.728995711999971,42.56347515400006],[-4.72741827699997,42.564633867000055],[-4.728208873999961,42.56565177600004]],[[-4.69509519099995,42.558899902000064],[-4.692092277999961,42.55782002400008],[-4.694513449999931,42.55997358700006],[-4.69509519099995,42.558899902000064]],[[-4.644535570999949,42.54793442600004],[-4.646936609999955,42.54686387700008],[-4.644184530999951,42.546474895000074],[-4.644535570999949,42.54793442600004]],[[-4.681325400999981,42.542386313000065],[-4.678015783999967,42.543168466000054],[-4.6790430979999655,42.54413986700007],[-4.681325400999981,42.542386313000065]],[[-4.717799568999965,42.53934263000008],[-4.717632554999966,42.53781397500006],[-4.715723278999974,42.53815071200006],[-4.717799568999965,42.53934263000008]],[[-4.733125473999962,42.53736585100006],[-4.733626567999977,42.53906968800004],[-4.735373637999942,42.53216949700004],[-4.733155550999925,42.53273061500005],[-4.73249459699997,42.531518660000074],[-4.733125473999962,42.53736585100006]],[[-4.664511824999977,42.53474782300003],[-4.665643812999974,42.533587967000074],[-4.663174915999946,42.53359867100005],[-4.664511824999977,42.53474782300003]],[[-4.733267559999945,42.528942173000075],[-4.735241821999978,42.526445816000034],[-4.736304179999934,42.52778216200005],[-4.738280568999926,42.52381040500006],[-4.740847791999954,42.52522950100007],[-4.740483781999956,42.52388011000005],[-4.742871371999968,42.52308237900007],[-4.747243427999933,42.525094617000036],[-4.745763609999926,42.52299914800005],[-4.74691258799993,42.52081067600005],[-4.750858381999933,42.52610792200005],[-4.756808246999981,42.52556554600005],[-4.7504406859999335,42.51894942600006],[-4.74709876299994,42.518575619000046],[-4.750104569999962,42.51885616800007],[-4.747010407999937,42.516270433000045],[-4.745528269999966,42.517575607000026],[-4.738692071999935,42.51355151100006],[-4.736508664999974,42.518023940000035],[-4.731490252999947,42.51739046800003],[-4.735025066999981,42.520119237000074],[-4.732612218999975,42.520520616000056],[-4.733459940999978,42.52163189500004],[-4.731627385999957,42.52204838600005],[-4.732779013999959,42.52302262300003],[-4.730751809999958,42.523927773000025],[-4.728862794999941,42.52785115300003],[-4.733267559999945,42.528942173000075]],[[-4.641454593999981,42.52628853300007],[-4.6445135779999305,42.523709807000046],[-4.6435929959999385,42.52271986100004],[-4.640563876999977,42.52479764800006],[-4.641454593999981,42.52628853300007]],[[-4.706075978999934,42.523730854000064],[-4.705039547999945,42.52157758100003],[-4.703331901999945,42.52259268000006],[-4.706075978999934,42.523730854000064]],[[-4.754596491999962,42.513966950000054],[-4.752996042999939,42.51633677700005],[-4.750307981999981,42.516590044000054],[-4.752423574999966,42.516652417000046],[-4.753736406999963,42.51942073400005],[-4.752778226999965,42.51700973900006],[-4.755497767999941,42.51760087200006],[-4.754596491999962,42.513966950000054]]],[[[-4.740530201999945,42.52328973700003],[-4.740196275999949,42.52096098700008],[-4.743826685999977,42.52252308000004],[-4.740530201999945,42.52328973700003]]]]}},{"type":"Feature","properties":{"ClaseSuelo":"SUELO URBANIZABLE DELIMITADO O SECTORIZADO","NuclRural":"0","AreaLamber":41.47933814,"Shape_STAr":0.0000454562987834},"geometry":{"type":"MultiPolygon","coordinates":[[[[-4.7504525099999455,42.52523442700004],[-4.745914766999931,42.51901489800008],[-4.7504406859999335,42.51894942600006],[-4.756808246999981,42.52556554600005],[-4.7504525099999455,42.52523442700004]]],[[[-4.745484492999935,42.51766355400008],[-4.747010407999937,42.516270433000045],[-4.750104569999962,42.51885616800007],[-4.745484492999935,42.51766355400008]]]]}},{"type":"Feature","properties":{"ClaseSuelo":"SUELO URBANO","NuclRural":"0","AreaLamber":162.89815397,"Shape_STAr":0.000178540991841},"geometry":{"type":"MultiPolygon","coordinates":[[[[-4.7306398469999635,42.52744682700006],[-4.728862794999941,42.52785115300003],[-4.730433263999942,42.526093038000056],[-4.7295056649999765,42.52559723200005],[-4.732696270999952,42.523790715000075],[-4.730751809999958,42.523927773000025],[-4.732779013999959,42.52302262300003],[-4.731627385999957,42.52204838600005],[-4.735025066999981,42.520119237000074],[-4.731472958999973,42.51780232600004],[-4.732567226999947,42.51677439400004],[-4.736508664999974,42.518023940000035],[-4.738692071999935,42.51355151100006],[-4.747167726999976,42.51849943600007],[-4.745914766999931,42.51901489800008],[-4.74722096499994,42.52092852100003],[-4.745763609999926,42.52299914800005],[-4.747243427999933,42.525094617000036],[-4.742871371999968,42.52308237900007],[-4.740483781999956,42.52388011000005],[-4.740847791999954,42.52522950100007],[-4.738280568999926,42.52381040500006],[-4.736304179999934,42.52778216200005],[-4.735241821999978,42.526445816000034],[-4.733496695999975,42.529119164000065],[-4.730296880999958,42.528488278000054],[-4.732592582999928,42.52761130700003],[-4.731530694999947,42.526016980000065],[-4.7306398469999635,42.52744682700006]],[[-4.734566436999955,42.52553838500006],[-4.734172532999935,42.52446738300006],[-4.733967028999928,42.52544444900008],[-4.734566436999955,42.52553838500006]],[[-4.73345799599997,42.52762597100008],[-4.733819430999972,42.52858255500007],[-4.734975992999978,42.52655766500004],[-4.731911706999938,42.526036747000035],[-4.73345799599997,42.52762597100008]],[[-4.741311733999964,42.52361694600006],[-4.740481531999933,42.52299870100006],[-4.743826685999977,42.52252308000004],[-4.740196275999949,42.52096098700008],[-4.741311733999964,42.52361694600006]]],[[[-4.733245961999955,42.534665467000025],[-4.732010295999942,42.53168393900006],[-4.735301429999936,42.532054654000035],[-4.734075574999963,42.53435072800005],[-4.735383400999979,42.536150099000054],[-4.733626567999977,42.53906968800004],[-4.733245961999955,42.534665467000025]]],[[[-4.758366437999939,42.573352105000026],[-4.757711316999973,42.57155586300007],[-4.7599855549999575,42.57008719400005],[-4.760731528999941,42.57114290100003],[-4.758820266999976,42.57347275600006],[-4.760630527999979,42.57590749000008],[-4.759122606999938,42.576411509000025],[-4.758366437999939,42.573352105000026]]],[[[-4.752544126999965,42.51866062100004],[-4.752423574999966,42.516652417000046],[-4.750307981999981,42.516590044000054],[-4.752996042999939,42.51633677700005],[-4.754596491999962,42.513966950000054],[-4.755497767999941,42.51760087200006],[-4.752877471999966,42.51693710200004],[-4.753982217999976,42.51901244800007],[-4.752544126999965,42.51866062100004]]],[[[-4.641738733999944,42.52596593900006],[-4.640563876999977,42.52479764800006],[-4.6435929959999385,42.52271986100004],[-4.6445135779999305,42.523709807000046],[-4.641738733999944,42.52596593900006]]],[[[-4.705418838999947,42.52403007500004],[-4.703457457999946,42.52316617500003],[-4.704517599999974,42.52161403500003],[-4.706597747999979,42.52272119200006],[-4.705418838999947,42.52403007500004]]],[[[-4.699895922999929,42.58274093700004],[-4.697407049999981,42.58101101500006],[-4.699055600999941,42.580920769000045],[-4.699895922999929,42.58274093700004]]],[[[-4.694419924999977,42.559542383000064],[-4.692092277999961,42.55782002400008],[-4.694280732999971,42.55763768800006],[-4.694419924999977,42.559542383000064]]],[[[-4.678021340999976,42.543044019000035],[-4.681325400999981,42.542386313000065],[-4.6790430979999655,42.54413986700007],[-4.678021340999976,42.543044019000035]]],[[[-4.735545477999949,42.59424793000005],[-4.735885922999955,42.592124872000056],[-4.737829812999962,42.59241370700005],[-4.735545477999949,42.59424793000005]]],[[[-4.717179560999966,42.53949740200005],[-4.715723278999974,42.53815071200006],[-4.717632554999966,42.53781397500006],[-4.717179560999966,42.53949740200005]]],[[[-4.664511824999977,42.53474782300003],[-4.663174915999946,42.53359867100005],[-4.665643812999974,42.533587967000074],[-4.664511824999977,42.53474782300003]]],[[[-4.728208873999961,42.56565177600004],[-4.72741827699997,42.564633867000055],[-4.728995711999971,42.56347515400006],[-4.728208873999961,42.56565177600004]]],[[[-4.644483144999981,42.54787594600003],[-4.644184530999951,42.546474895000074],[-4.646936609999955,42.54686387700008],[-4.644483144999981,42.54787594600003]]],[[[-4.73072693499995,42.57552451300006],[-4.730103371999974,42.574745421000046],[-4.732109641999955,42.57413440600004],[-4.73072693499995,42.57552451300006]]]]}},{"type":"Feature","properties":{"ClaseSuelo":"SUELO URBANO NO CONSOLIDADO","NuclRural":"0","AreaLamber":7.91520726,"Shape_STAr":0.0000086747989364},"geometry":{"type":"MultiPolygon","coordinates":[[[[-4.7319512339999505,42.52612738500005],[-4.734975992999978,42.52655766500004],[-4.73411011099995,42.528358765000064],[-4.7319512339999505,42.52612738500005]]],[[[-4.730901532999951,42.52540587000004],[-4.7303730619999556,42.524491958000056],[-4.732696270999952,42.523790715000075],[-4.730901532999951,42.52540587000004]]],[[[-4.734521280999957,42.52557401000007],[-4.734172532999935,42.52446738300006],[-4.734834851999949,42.52484621200006],[-4.734521280999957,42.52557401000007]]],[[[-4.731094826999936,42.52640057600007],[-4.732592582999928,42.52761130700003],[-4.730466178999961,42.52763709300007],[-4.731094826999936,42.52640057600007]]]]}},{"type":"Feature","properties":{"ClaseSuelo":"SUELO NO URBANIZABLE","NuclRural":"0","AreaLamber":4074.88013589,"Shape_STAr":0.00449394834803},"geometry":{"type":"Polygon","coordinates":[[[-4.351764299999957,42.93188449000007],[-4.342670569999939,42.929028860000074],[-4.33054233699994,42.928026877000036],[-4.32892290999996,42.91996805000008],[-4.32392563999997,42.91603668000005],[-4.322048888999973,42.90904333000003],[-4.335276189999945,42.89583215000005],[-4.334615195999959,42.88958133300008],[-4.344129529999975,42.89349517000005],[-4.345615349999946,42.891982840000026],[-4.347989428999938,42.89415217000004],[-4.368165640999962,42.89435387100008],[-4.3724103799999625,42.89247506000004],[-4.37733941099998,42.88169963900003],[-4.391254759999981,42.88848329000007],[-4.392138599999953,42.88694163000008],[-4.39619614999998,42.89038625000006],[-4.409969589999946,42.88966805000007],[-4.4097013799999445,42.888644750000026],[-4.41676420999994,42.885819930000025],[-4.423313919999941,42.88520736000004],[-4.425663288999942,42.882467510000026],[-4.42992092999998,42.88336897000005],[-4.430533369999978,42.88655823000005],[-4.441565428999979,42.88438461000004],[-4.442764279999949,42.88822380000005],[-4.4572922199999425,42.89442449000006],[-4.458561279999969,42.897866340000064],[-4.457878420999975,42.90840216000004],[-4.45403301999994,42.91054029000003],[-4.435306650999962,42.91075862000008],[-4.4314710799999375,42.909122670000045],[-4.428803169999981,42.91242491000003],[-4.423642290999965,42.91335371000008],[-4.4163895599999705,42.91871174000005],[-4.403584709999961,42.91704142000003],[-4.390481859999966,42.93097935000003],[-4.3754200089999244,42.93315152000008],[-4.372465089999935,42.94082339000005],[-4.371408199999962,42.950093320000065],[-4.377455988999941,42.95853951000004],[-4.366652729999942,42.95013220000004],[-4.363430969999968,42.944119200000046],[-4.365073799999948,42.93857945000008],[-4.3640419489999545,42.93625041000007],[-4.351764299999957,42.93188449000007]],[[-4.369293701999936,42.91749977400008],[-4.3670484479999345,42.91664494400004],[-4.36778559499993,42.917729148000035],[-4.369293701999936,42.91749977400008]],[[-4.3695435229999475,42.90560271500004],[-4.366334368999958,42.90558031100005],[-4.368205196999952,42.90729844700007],[-4.3695435229999475,42.90560271500004]],[[-4.3438555519999795,42.90547808300005],[-4.347301680999976,42.90358391500007],[-4.344430900999953,42.904213318000075],[-4.3438555519999795,42.90547808300005]],[[-4.430536743999937,42.89986722000003],[-4.427374012999962,42.900791240000046],[-4.431606519999946,42.90163185200004],[-4.430536743999937,42.89986722000003]],[[-4.386638848999951,42.89657396800004],[-4.386999145999937,42.89382884300005],[-4.389798695999957,42.89184622700003],[-4.387869988999967,42.89075960100007],[-4.384812694999937,42.893232159000036],[-4.386215254999968,42.894939779000026],[-4.384780531999979,42.89644157600003],[-4.386150804999943,42.89774205900005],[-4.386638848999951,42.89657396800004]]]}},{"type":"Feature","properties":{"ClaseSuelo":"SUELO URBANO","NuclRural":"0","AreaLamber":21.23394608,"Shape_STAr":0.0000234145639055},"geometry":{"type":"MultiPolygon","coordinates":[[[[-4.386150804999943,42.89774205900005],[-4.3847844189999705,42.89631336700006],[-4.38671798699994,42.89377834800007],[-4.384812694999937,42.893232159000036],[-4.38813463799994,42.891040763000035],[-4.387852452999937,42.89253768300006],[-4.389798695999957,42.89184622700003],[-4.386999145999937,42.89382884300005],[-4.386150804999943,42.89774205900005]]],[[[-4.429664180999964,42.90102474300005],[-4.427379846999941,42.90069288600006],[-4.43040522299998,42.899785474000055],[-4.431685778999963,42.901380688000074],[-4.429664180999964,42.90102474300005]]],[[[-4.343722940999953,42.90534144900005],[-4.347301680999976,42.90358391500007],[-4.345538919999967,42.905386830000054],[-4.343722940999953,42.90534144900005]]],[[[-4.367557654999928,42.90681656300006],[-4.366638493999972,42.90482259000004],[-4.369487210999978,42.90547472900005],[-4.367557654999928,42.90681656300006]]],[[[-4.369122575999938,42.91771912000007],[-4.36778559499993,42.917729148000035],[-4.3670793429999435,42.91657607500008],[-4.3691343849999384,42.91697144200003],[-4.369122575999938,42.91771912000007]]]]}},{"type":"Feature","properties":{"ClaseSuelo":"SUELO URBANO NO CONSOLIDADO","NuclRural":"0","AreaLamber":2.98554243,"Shape_STAr":0.0000032917754557},"geometry":{"type":"MultiPolygon","coordinates":[[[[-4.385914165999964,42.89481744200003],[-4.385841270999947,42.89322071600003],[-4.386744907999969,42.89402533500004],[-4.385914165999964,42.89481744200003]]],[[[-4.387166063999928,42.890949008000064],[-4.38813463799994,42.891040763000035],[-4.387508459999935,42.89158486400004],[-4.387166063999928,42.890949008000064]]],[[[-4.3880580819999295,42.891220599000064],[-4.3889531779999515,42.89173825900008],[-4.387852452999937,42.89253768300006],[-4.3880580819999295,42.891220599000064]]],[[[-4.387323265999953,42.89583159800003],[-4.386321994999946,42.89585090000003],[-4.3865299799999775,42.89521889500003],[-4.387323265999953,42.89583159800003]]]]}},{"type":"Feature","properties":{"ClaseSuelo":"SUELO NO URBANIZABLE","NuclRural":"0","AreaLamber":11061.4286201,"Shape_STAr":0.0121769233863},"geometry":{"type":"Polygon","coordinates":[[[-4.687188159999948,42.86328885000006],[-4.677769029999979,42.86308502000003],[-4.654187309999941,42.85785381000005],[-4.6492324799999665,42.86530956000007],[-4.645380689999968,42.85671093000008],[-4.648846029999959,42.84019047000004],[-4.645539869999936,42.83733832000007],[-4.646906828999931,42.83351845000004],[-4.645526409999945,42.831755240000064],[-4.646361909999939,42.82727661000007],[-4.64518886999997,42.82502413000003],[-4.648604079999927,42.82279574000006],[-4.648294679999935,42.820819020000044],[-4.654282909999949,42.81921980000004],[-4.6507310299999745,42.80847366000006],[-4.653975869999954,42.80218615000007],[-4.653866319999963,42.797153750000064],[-4.659931580999967,42.80173078000007],[-4.662886829999934,42.80203012000004],[-4.660249619999945,42.79441383000005],[-4.668222789999959,42.79307326000003],[-4.669319580999968,42.791571400000066],[-4.6705678289999355,42.785699720000025],[-4.669595569999956,42.778635680000036],[-4.687032409999972,42.78150505000008],[-4.70556057999994,42.77819581000006],[-4.720132960999933,42.76541540000005],[-4.731163849999973,42.76389838000006],[-4.730441260999953,42.76164895000005],[-4.735148839999965,42.756480690000046],[-4.745827059999954,42.751176360000045],[-4.757460929999979,42.741272680000066],[-4.76387619999997,42.745622740000044],[-4.770376900999963,42.74650404000005],[-4.773068609999939,42.74449024000006],[-4.773529639999936,42.738377480000054],[-4.778204650999953,42.73866523000004],[-4.791177139999945,42.73181720000008],[-4.7962914899999305,42.727027330000055],[-4.798789719999945,42.733589050000035],[-4.798126099999934,42.73725563000005],[-4.801123019999977,42.74034241000004],[-4.801063928999952,42.746475960000055],[-4.784704149999925,42.78676963000004],[-4.789464949999967,42.787784980000026],[-4.789394498999968,42.79085689000004],[-4.791916710999942,42.79351905000004],[-4.791266079999957,42.798941410000054],[-4.793898709999951,42.80371803000003],[-4.78959343899993,42.808369080000034],[-4.786618669999939,42.81464719000007],[-4.7853015799999525,42.822862530000066],[-4.783497089999969,42.82264750000007],[-4.7818588159999535,42.82864329100005],[-4.7734116809999705,42.82931496000003],[-4.756026439999971,42.83623781000006],[-4.756709608999927,42.840054560000056],[-4.755340669999953,42.843137340000055],[-4.7469948899999395,42.846182690000035],[-4.739888339999936,42.854602740000075],[-4.724816469999951,42.855308010000044],[-4.718634139999949,42.858795920000034],[-4.7022254899999325,42.85945523000004],[-4.693117349999966,42.86613705000008],[-4.687188159999948,42.86328885000006]],[[-4.713557164999941,42.829079120000074],[-4.711830360999954,42.828701273000036],[-4.710509803999969,42.831441064000046],[-4.713557164999941,42.829079120000074]],[[-4.665638015999946,42.83136962400005],[-4.664889653999978,42.82992616000007],[-4.666322013999945,42.82924927200003],[-4.66171604699997,42.82837607500005],[-4.660992882999949,42.83055232700008],[-4.665638015999946,42.83136962400005]],[[-4.6741188419999276,42.82826008700005],[-4.678425297999979,42.828418845000044],[-4.678978418999975,42.82988373300003],[-4.6823755999999435,42.82929721600004],[-4.680265788999975,42.82704729300008],[-4.6741188419999276,42.82826008700005]],[[-4.711108428999978,42.81713801300003],[-4.709507663999943,42.817465424000034],[-4.709930456999928,42.82110976900003],[-4.712402709999935,42.81857562600004],[-4.711108428999978,42.81713801300003]],[[-4.6696627929999295,42.81955620800005],[-4.669698226999969,42.817722092000054],[-4.666836344999979,42.818532901000026],[-4.666527433999931,42.82018996800008],[-4.668738083999926,42.82079434700006],[-4.6696627929999295,42.81955620800005]],[[-4.729404471999942,42.81181568000005],[-4.732363770999939,42.80692053100006],[-4.727793346999931,42.81024526200008],[-4.729404471999942,42.81181568000005]],[[-4.737094769999942,42.80412530800004],[-4.745065637999971,42.80047063000006],[-4.749693921999949,42.801994394000076],[-4.75191351899997,42.79873447600005],[-4.746233889999928,42.80042565600007],[-4.738259323999955,42.79847925000007],[-4.735503985999969,42.80277697200006],[-4.7354954069999735,42.804873936000035],[-4.737094769999942,42.80412530800004]],[[-4.781771233999962,42.793046021000066],[-4.781558101999963,42.78964750500006],[-4.775483528999928,42.79280636000004],[-4.781771233999962,42.793046021000066]],[[-4.678486762999967,42.791737899000054],[-4.679114463999952,42.789074526000036],[-4.677428661999954,42.78852487900008],[-4.676892030999966,42.79040124100004],[-4.678486762999967,42.791737899000054]],[[-4.716321314999959,42.78894959300004],[-4.717347340999936,42.790394958000036],[-4.719891437999934,42.78953937800003],[-4.716321314999959,42.78894959300004]],[[-4.754648743999951,42.78511279400004],[-4.757193829999949,42.784064957000055],[-4.755612775999964,42.78359743400006],[-4.754648743999951,42.78511279400004]],[[-4.723644462999971,42.78491621300003],[-4.727934998999956,42.78349054800003],[-4.725850108999964,42.782524280000075],[-4.723644462999971,42.78491621300003]],[[-4.74932266899998,42.76537328900008],[-4.7476029109999445,42.765560063000066],[-4.74748466099993,42.76768000900006],[-4.749720367999942,42.76699761700007],[-4.74932266899998,42.76537328900008]]]}},{"type":"Feature","properties":{"ClaseSuelo":"SUELO URBANIZABLE DELIMITADO O SECTORIZADO","NuclRural":"0","AreaLamber":3.11009202,"Shape_STAr":0.00000342349284313},"geometry":{"type":"Polygon","coordinates":[[[-4.736206208999931,42.80328293000008],[-4.737296477999962,42.800653914000065],[-4.7388999859999785,42.802542764000066],[-4.736206208999931,42.80328293000008]]]}},{"type":"Feature","properties":{"ClaseSuelo":"SUELO URBANO","NuclRural":"0","AreaLamber":106.16004281,"Shape_STAr":0.000116865256832},"geometry":{"type":"MultiPolygon","coordinates":[[[[-4.735898113999951,42.80359358900006],[-4.7388999859999785,42.802542764000066],[-4.7365377859999285,42.800062353000044],[-4.739736624999978,42.79799483600004],[-4.741005594999933,42.79971447100007],[-4.746233889999928,42.80042565600007],[-4.75191351899997,42.79873447600005],[-4.749693921999949,42.801994394000076],[-4.745065637999971,42.80047063000006],[-4.735818408999933,42.80505952400006],[-4.735898113999951,42.80359358900006]]],[[[-4.748925698999926,42.76759609900006],[-4.74748466099993,42.76768000900006],[-4.7476029109999445,42.765560063000066],[-4.749931618999938,42.76614992900005],[-4.748925698999926,42.76759609900006]]],[[[-4.723415244999956,42.78486833200003],[-4.726180454999962,42.78241544300005],[-4.727934998999956,42.78349054800003],[-4.723415244999956,42.78486833200003]]],[[[-4.753876656999978,42.78519941900004],[-4.755612775999964,42.78359743400006],[-4.757193829999949,42.784064957000055],[-4.753876656999978,42.78519941900004]]],[[[-4.716688742999963,42.790140706000045],[-4.715983116999951,42.788412805000064],[-4.719744797999965,42.788512999000034],[-4.716688742999963,42.790140706000045]]],[[[-4.678243922999968,42.79162043900004],[-4.677428661999954,42.78852487900008],[-4.679546228999925,42.790502152000045],[-4.678243922999968,42.79162043900004]]],[[[-4.781133575999945,42.793410797000035],[-4.775483528999928,42.79280636000004],[-4.781558101999963,42.78964750500006],[-4.782598771999972,42.79302548600003],[-4.781133575999945,42.793410797000035]]],[[[-4.7291102399999545,42.81157909900003],[-4.727793346999931,42.81024526200008],[-4.732363770999939,42.80692053100006],[-4.730367788999956,42.81162660800004],[-4.7291102399999545,42.81157909900003]]],[[[-4.667284348999942,42.82029397700006],[-4.666836344999979,42.818532901000026],[-4.670296536999956,42.81809076700006],[-4.669644712999968,42.820331631000045],[-4.667284348999942,42.82029397700006]]],[[[-4.709650278999959,42.817764530000034],[-4.711108428999978,42.81713801300003],[-4.712402709999935,42.81857562600004],[-4.710298686999977,42.82108282400003],[-4.709650278999959,42.817764530000034]]],[[[-4.680549226999972,42.82983367700007],[-4.6740814079999495,42.82812300200004],[-4.680265788999975,42.82704729300008],[-4.6823755999999435,42.82929721600004],[-4.680549226999972,42.82983367700007]]],[[[-4.664855680999949,42.831906727000046],[-4.660992882999949,42.83055232700008],[-4.66171604699997,42.82837607500005],[-4.666322013999945,42.82924927200003],[-4.664855680999949,42.831906727000046]]],[[[-4.711192490999963,42.83147144800006],[-4.711830360999954,42.828701273000036],[-4.713526145999936,42.82903805500007],[-4.711192490999963,42.83147144800006]]]]}},{"type":"Feature","properties":{"ClaseSuelo":"SUELO NO URBANIZABLE","NuclRural":"0","AreaLamber":2796.58818236,"Shape_STAr":0.00304302973821},"geometry":{"type":"MultiPolygon","coordinates":[[[[-4.303130273999955,42.09440045000008],[-4.294935167999938,42.096022352000034],[-4.286659136999958,42.093101887000046],[-4.2826119809999454,42.089908964000074],[-4.2825022529999615,42.085026148000054],[-4.276027416999966,42.083574052000074],[-4.278748385999961,42.081200971000044],[-4.274838799999941,42.08091071000007],[-4.273534533999964,42.08308810800003],[-4.273700361999943,42.080542156000035],[-4.269693740999969,42.079244936000066],[-4.273736070999973,42.08039661400005],[-4.277674699999977,42.07476281000004],[-4.283014984999966,42.071546245000036],[-4.287569471999973,42.06604112000008],[-4.269953187999931,42.07727922200007],[-4.292497953999941,42.06256860900004],[-4.301490607999938,42.05120273800003],[-4.307392078999953,42.04772516400004],[-4.309138804999975,42.04338990600007],[-4.268338232999952,42.07701197400007],[-4.3151990769999315,42.036522707000074],[-4.314240344999973,42.04030386200003],[-4.308657690999951,42.04563754800006],[-4.308411999999976,42.04820792700008],[-4.302477585999952,42.051722863000066],[-4.293907057999945,42.06166703000008],[-4.328500228999928,42.03912661100003],[-4.32993907599996,42.03626476200003],[-4.333957862999966,42.03556810400005],[-4.325411976999931,42.033398953000074],[-4.326636798999971,42.031963389000055],[-4.329484394999952,42.03201779600005],[-4.327944764999927,42.03379366000007],[-4.334429313999976,42.03526067700005],[-4.338565993999964,42.02909345300003],[-4.341598408999971,42.03058519600006],[-4.3503496779999296,42.02487634000005],[-4.34438804399997,42.02895701600005],[-4.346873455999969,42.03009095600004],[-4.345016857999951,42.030548287000045],[-4.346425660999955,42.03238757400004],[-4.344588702999943,42.03334059200006],[-4.346334378999927,42.03455882600008],[-4.34427693899994,42.03748769600003],[-4.347813387999963,42.03883736500006],[-4.3427381219999575,42.03755381900004],[-4.339545954999949,42.04313981000007],[-4.338046305999967,42.03989805600003],[-4.331021692999968,42.04211951100007],[-4.3338082249999275,42.04493219900007],[-4.338386714999956,42.04494900900005],[-4.336539302999938,42.048112023000044],[-4.340983888999972,42.05207998800006],[-4.343383784999958,42.05128433800007],[-4.343041452999955,42.05276229800006],[-4.345553109999969,42.05279061500005],[-4.343411961999948,42.05535651800005],[-4.3479858399999785,42.05510370700006],[-4.346509132999927,42.058482936000075],[-4.342680777999931,42.05936799500006],[-4.343553998999937,42.061236112000074],[-4.338020157999949,42.06190482000005],[-4.33471906099993,42.07060994600005],[-4.3283712079999646,42.074790661000065],[-4.329768161999937,42.077238617000035],[-4.329100825999944,42.08027974500004],[-4.3312623499999745,42.08305304000004],[-4.321097135999935,42.09116626000008],[-4.320650957999931,42.09697170700008],[-4.303130273999955,42.09440045000008]],[[-4.335651545999951,42.03595120400007],[-4.334175817999949,42.03561740600003],[-4.33384418299994,42.03583366000004],[-4.335651545999951,42.03595120400007]],[[-4.342390338999962,42.030476312000076],[-4.342653263999978,42.03008859600004],[-4.34173014199996,42.03069071200008],[-4.342390338999962,42.030476312000076]],[[-4.3132111349999604,42.03978273600006],[-4.313463773999956,42.038997153000025],[-4.311640671999953,42.040926667000065],[-4.3132111349999604,42.03978273600006]],[[-4.336349982999934,42.03429247400004],[-4.334647267999969,42.035309977000054],[-4.336315828999943,42.03568738600006],[-4.336349982999934,42.03429247400004]],[[-4.278677784999957,42.07662221700008],[-4.281347928999935,42.074689603000024],[-4.28176681399998,42.076540987000044],[-4.284980813999937,42.074697653000044],[-4.284405321999941,42.07250583500007],[-4.290926327999955,42.070230252000044],[-4.290513675999932,42.06889005600004],[-4.29258092699996,42.07002933800004],[-4.295190052999942,42.06917340800004],[-4.295351263999976,42.06708256400003],[-4.300170217999948,42.06927491700003],[-4.299851409999974,42.06676380000005],[-4.3038635839999415,42.06747612200007],[-4.304914321999945,42.06475509100005],[-4.3073771249999595,42.06627082600005],[-4.307591401999957,42.063803258000064],[-4.310711623999964,42.06040233500005],[-4.308084994999945,42.05834363500003],[-4.310784303999981,42.05733719700004],[-4.310534063999967,42.05577903300008],[-4.315245887999936,42.056047514000056],[-4.314833788999977,42.05914527200008],[-4.316354110999953,42.059459005000065],[-4.317824231999964,42.06297819300005],[-4.318186626999932,42.06036895200003],[-4.323997599999927,42.055289593000055],[-4.338258267999947,42.05990214800005],[-4.340293239999937,42.05856288800004],[-4.338564239999926,42.05710109100005],[-4.341023126999971,42.055499000000054],[-4.3346061729999406,42.04943812500005],[-4.335152666999932,42.04819510800007],[-4.327939065999942,42.046397296000066],[-4.3230988229999525,42.04283921900003],[-4.2938613509999755,42.06188814400008],[-4.283945458999938,42.07212100100003],[-4.278644568999937,42.075300249000065],[-4.274874506999936,42.08076516800003],[-4.2789001739999435,42.08106395600004],[-4.278677784999957,42.07662221700008]]],[[[-4.3144857279999655,42.03473790600003],[-4.301078814999926,42.03241313400008],[-4.300768534999975,42.04397637400007],[-4.289804137999965,42.046753874000046],[-4.286031583999943,42.05469783400008],[-4.280682076999938,42.059213518000035],[-4.276213066999958,42.05747995300004],[-4.261729497999966,42.06249354300007],[-4.263902716999951,42.06097122300008],[-4.263078574999952,42.06025098600003],[-4.26673483899998,42.058902190000026],[-4.275951998999972,42.05647223100004],[-4.280491494999978,42.05811946400007],[-4.282379204999927,42.05696231400003],[-4.288311273999966,42.046428785000046],[-4.290522556999974,42.04518691700008],[-4.287229869999976,42.04257067100008],[-4.28709861699997,42.03966166200007],[-4.284189398999956,42.03816725000007],[-4.28309070499995,42.03835062500008],[-4.283550060999971,42.04587290200004],[-4.279204737999976,42.04864046200004],[-4.27565296399996,42.047708001000046],[-4.272040858999958,42.04250416700006],[-4.265577515999951,42.042270434000045],[-4.257373990999952,42.05165806600007],[-4.254965203999973,42.059992246000036],[-4.241728873999932,42.05611307600003],[-4.2385614859999805,42.05700935700003],[-4.2500964129999375,42.05091868200003],[-4.262970675999952,42.04124504300006],[-4.296455923999929,42.03179961500007],[-4.2975173859999245,42.031044724000026],[-4.2919385619999275,42.02622934900006],[-4.278341498999964,42.03490405400004],[-4.276747336999961,42.03350852600005],[-4.266091870999958,42.040338973000075],[-4.263940289999937,42.038567072000035],[-4.244685935999939,42.05088650500005],[-4.2638912789999495,42.038483459000076],[-4.266105827999979,42.040213195000035],[-4.276754808999954,42.03337186300007],[-4.278356426999949,42.034776528000066],[-4.303693000999942,42.01860671700007],[-4.2999716789999525,42.01534207200007],[-4.244377483999926,42.05075537700003],[-4.287852662999967,42.02278199500006],[-4.270969062999939,42.031027649000066],[-4.243793920999963,42.047336278000046],[-4.2862125809999725,42.02270505300004],[-4.283253741999943,42.02256618300004],[-4.2436205839999275,42.046130332000075],[-4.282966663999957,42.022552706000056],[-4.272037689999934,42.02146426400003],[-4.251020938999943,42.02323116100007],[-4.244908104999979,42.02101321400005],[-4.242511289999925,42.01850340000004],[-4.251070310999978,42.022872695000046],[-4.272063367999976,42.021103432000075],[-4.283546024999964,42.02221897600003],[-4.298648517999936,42.01331530500005],[-4.297736347999944,42.01189412900004],[-4.299559083999952,42.01274924300003],[-4.338374379999948,41.98849925800005],[-4.299709319999977,42.013606338000045],[-4.300617946999978,42.01461239100007],[-4.314468308999949,42.009469643000045],[-4.32713266899998,42.00920450000007],[-4.329481176999934,41.99936063500007],[-4.343118575999938,41.99516641300005],[-4.329556415999946,41.99941116300005],[-4.32721539299996,42.00920815100005],[-4.342410164999933,41.99739552400007],[-4.358146937999948,41.99702488400004],[-4.360231727999974,41.995712378000064],[-4.358492315999968,41.99765548100004],[-4.34629038099996,41.99718038700007],[-4.3328784389999555,42.00539809300005],[-4.330073536999976,42.009313236000025],[-4.340912507999974,42.00856557800006],[-4.363834987999951,42.00079978700006],[-4.341305198999976,42.008694855000044],[-4.330047256999933,42.00952631100006],[-4.332022670999947,42.012702717000025],[-4.331620843999929,42.01634470800008],[-4.321589463999942,42.02808831600004],[-4.329980731999967,42.02472234700008],[-4.33041250499997,42.020278923000035],[-4.3433302479999725,42.016105123000045],[-4.345670249999955,42.010224288000074],[-4.348815581999929,42.008847166000066],[-4.356792607999978,42.00917497200004],[-4.366467129999933,42.00445737900003],[-4.355703590999951,42.01012739000004],[-4.348775049999972,42.01489230200008],[-4.3485505299999545,42.01661448800007],[-4.340921716999958,42.018828936000034],[-4.328080187999944,42.02781635900004],[-4.3203258899999355,42.02934110500007],[-4.31868955799996,42.03178515500008],[-4.315713599999981,42.03257145500004],[-4.3092149409999365,42.03172614600004],[-4.312009753999973,42.033759358000054],[-4.316604963999964,42.03407901400004],[-4.3144857279999655,42.03473790600003]],[[-4.287832246999926,42.02190791900006],[-4.2870331929999566,42.02240283800006],[-4.2911621939999804,42.020345991000056],[-4.287832246999926,42.02190791900006]],[[-4.313027285999965,42.02861603300005],[-4.311994154999979,42.02751279900008],[-4.3104892049999535,42.02873243700003],[-4.313027285999965,42.02861603300005]],[[-4.3372955339999635,42.01948397800004],[-4.340543325999931,42.017638807000026],[-4.339368893999961,42.01739093200007],[-4.3372955339999635,42.01948397800004]],[[-4.336998539999968,42.01992047500005],[-4.3311053309999465,42.02101900300005],[-4.331135715999949,42.02415316500003],[-4.336998539999968,42.01992047500005]],[[-4.352206025999976,42.009669451000036],[-4.346403688999942,42.01097209300008],[-4.3445967539999515,42.01563864000008],[-4.354682167999954,42.01026961300005],[-4.352206025999976,42.009669451000036]],[[-4.299474002999943,42.014953123000055],[-4.298719477999953,42.01345714900003],[-4.283832041999972,42.02223406100006],[-4.2867972169999575,42.022364468000035],[-4.299474002999943,42.014953123000055]],[[-4.2917644899999345,42.04220534700005],[-4.290405170999975,42.04353098000007],[-4.292576981999957,42.04484855100003],[-4.299509488999945,42.04312297600006],[-4.300042265999934,42.038247100000035],[-4.29852567699993,42.03446061400007],[-4.29709522099995,42.037364453000066],[-4.29090367799995,42.041666177000025],[-4.2917644899999345,42.04220534700005]],[[-4.2869492139999466,42.03810268600006],[-4.290318538999941,42.04346802100008],[-4.291642443999933,42.042338663000066],[-4.290744398999948,42.041643097000076],[-4.297058063999941,42.03724632900003],[-4.299460340999929,42.03200726800003],[-4.284506086999954,42.037143068000034],[-4.2869492139999466,42.03810268600006]],[[-4.270584830999951,42.041262043000074],[-4.273157883999943,42.04184747900007],[-4.276971109999977,42.04724602500005],[-4.279808362999972,42.047474771000054],[-4.282242161999932,42.04547447500005],[-4.2817593389999615,42.03820409600007],[-4.2687454129999765,42.04096902100008],[-4.270584830999951,42.041262043000074]],[[-4.262508009999976,42.04292471300005],[-4.253300650999961,42.05166184800004],[-4.242363682999951,42.05565594500007],[-4.254894938999939,42.05947336300005],[-4.255731381999965,42.051890730000025],[-4.264119558999937,42.042055008000034],[-4.262508009999976,42.04292471300005]],[[-4.297783054999968,42.03085578100007],[-4.311736286999974,42.02723742400008],[-4.3037605819999385,42.018679709000025],[-4.292030904999933,42.026171196000064],[-4.297783054999968,42.03085578100007]],[[-4.312323469999967,42.02746084300003],[-4.313704804999929,42.02858556500007],[-4.320132222999973,42.02708985800007],[-4.329532977999975,42.01691344200003],[-4.330353253999931,42.01347330900006],[-4.328625188999979,42.01026684100003],[-4.327007668999954,42.01027798600006],[-4.325732401999971,42.015414616000044],[-4.321757625999965,42.01953252800007],[-4.325641205999943,42.015385277000064],[-4.327087137999968,42.00940596100003],[-4.312304582999957,42.01009097800005],[-4.300788845999932,42.014801043000034],[-4.304085542999928,42.01839448000004],[-4.30968108999997,42.01557213800004],[-4.315231213999937,42.021440322000046],[-4.309711427999957,42.015675929000054],[-4.304160680999928,42.01847563500007],[-4.312323469999967,42.02746084300003]]],[[[-4.266994008999973,42.019714785000076],[-4.262762504999955,42.01883340000006],[-4.2644589729999325,42.01593150100007],[-4.263268535999941,42.01460913900007],[-4.257426316999954,42.01348855600003],[-4.256991887999959,42.01481675300005],[-4.253152343999943,42.012818322000044],[-4.250210950999929,42.013637999000025],[-4.253278623999961,42.01251010800007],[-4.251822398999934,42.010428672000046],[-4.252739442999939,42.00603857400006],[-4.261576111999943,41.99860824000007],[-4.261836353999968,41.99981924300005],[-4.274235869999927,42.001178089000064],[-4.261825815999941,41.99999980600006],[-4.256978464999975,42.006474973000024],[-4.257341947999976,42.00981696800005],[-4.269448122999961,42.00757661000006],[-4.266650694999953,42.00389775900004],[-4.273631982999973,42.00630834100008],[-4.278778386999932,42.003581944000075],[-4.281411213999945,42.00405741800006],[-4.282571687999962,42.01050507700006],[-4.285168005999935,42.011510884000074],[-4.284057257999962,42.01483353100008],[-4.280111922999936,42.01590775600005],[-4.279023575999929,42.01667660800007],[-4.279872664999971,42.018527325000036],[-4.276604598999938,42.01927477900006],[-4.2760695549999355,42.01370603400005],[-4.272056536999969,42.016129696000064],[-4.273459357999968,42.01193835600003],[-4.27253800699998,42.01037684600004],[-4.270394201999977,42.018415375000075],[-4.266994008999973,42.019714785000076]],[[-4.275715760999958,42.01024664200003],[-4.2820464439999455,42.01250263600008],[-4.277178995999975,42.00714125700006],[-4.277170294999962,42.00543570100007],[-4.279858211999965,42.00507344000005],[-4.273769976999972,42.006422042000054],[-4.276322609999966,42.00859829500007],[-4.275715760999958,42.01024664200003]],[[-4.266044724999972,42.01368412200003],[-4.269649390999973,42.011421701000074],[-4.269931073999942,42.00786154100007],[-4.261207816999956,42.010288278000075],[-4.266044724999972,42.01368412200003]]],[[[-4.229968822999979,42.03536143300005],[-4.234050833999959,42.03348409000006],[-4.236728917999926,42.02922937000005],[-4.231901652999966,42.03360850200005],[-4.2285229439999625,42.034081350000065],[-4.2268674279999345,42.02840575400006],[-4.219224265999969,42.02919367800007],[-4.221082666999962,42.02646856600006],[-4.230593925999926,42.02624511800008],[-4.231176002999973,42.02810896500006],[-4.228947951999942,42.02977372200007],[-4.2287491819999445,42.03316387800004],[-4.230131277999931,42.03094953000004],[-4.231485577999933,42.03180574400005],[-4.230610679999927,42.030294938000054],[-4.232686906999959,42.02997152800003],[-4.231545528999959,42.02939832000004],[-4.232279236999943,42.02800841200008],[-4.234335082999962,42.02783126300005],[-4.234631350999962,42.026632532000065],[-4.23146184899997,42.02495195100005],[-4.234289345999969,42.02185359900005],[-4.236162472999979,42.022275164000064],[-4.236956910999936,42.02445111900005],[-4.2428561789999435,42.02435969800007],[-4.240087446999951,42.02810137300003],[-4.242573989999926,42.03216608400004],[-4.239854108999964,42.03345773400008],[-4.243753567999931,42.03284005100005],[-4.244089179999946,42.03431073400003],[-4.23984269999994,42.03540289000006],[-4.240237629999967,42.03826905900007],[-4.2383836179999435,42.039034154000035],[-4.234588934999977,42.035301557000025],[-4.2325875859999655,42.037446146000036],[-4.233096078999949,42.040213255000026],[-4.2301461309999695,42.041021399000044],[-4.229968822999979,42.03536143300005]]],[[[-4.318306403999941,41.99272558600006],[-4.3105010539999284,41.99422641500007],[-4.320679792999954,41.99197884600005],[-4.3143900259999555,41.99149453700005],[-4.311247338999976,41.99337528800004],[-4.312722616999963,41.98766228900007],[-4.31347870899998,41.98877295900007],[-4.321678885999972,41.987225280000075],[-4.319948441999941,41.98567735900008],[-4.313473392999981,41.985787885000036],[-4.31089388099997,41.98407209000004],[-4.319735066999954,41.985196690000066],[-4.324153009999975,41.98222638300007],[-4.332719156999929,41.98579206800008],[-4.324236980999956,41.98264599500004],[-4.323214969999981,41.984762845000034],[-4.32516345099998,41.98551377900003],[-4.325308966999955,41.98729390200003],[-4.324239992999935,41.99006694800005],[-4.326008480999974,41.99037977300003],[-4.336340699999937,41.987433589000034],[-4.32675966599993,41.99053019100006],[-4.337506990999941,41.98811345800004],[-4.309875950999981,41.995435963000034],[-4.318306403999941,41.99272558600006]]],[[[-4.321503716999928,42.04068536600005],[-4.321305157999973,42.03864314900005],[-4.325423482999952,42.03706422500005],[-4.324677514999962,42.04007831200005],[-4.321503716999928,42.04068536600005]]],[[[-4.262836919999927,42.06756659100006],[-4.266213685999958,42.07033476200007],[-4.266782444999933,42.073625622000066],[-4.266193303999955,42.07086915100007],[-4.262836919999927,42.06756659100006]]],[[[-4.261576403999925,42.06269910700007],[-4.261514069999976,42.06435589000006],[-4.261313578999932,42.063477943000066],[-4.261576403999925,42.06269910700007]]]]}},{"type":"Feature","properties":{"ClaseSuelo":"SUELO URBANIZABLE DELIMITADO O SECTORIZADO","NuclRural":"0","AreaLamber":91.263824,"Shape_STAr":0.0000992689039842},"geometry":{"type":"MultiPolygon","coordinates":[[[[-4.316652411999939,42.03945122500005],[-4.313932345999945,42.03950633300008],[-4.314754354999934,42.03778898200005],[-4.322255565999967,42.03534056900003],[-4.322292759999925,42.03193128300006],[-4.328298544999939,42.027306304000035],[-4.322824761999925,42.032718517000035],[-4.326082981999946,42.03050495000008],[-4.327636266999946,42.03198271400004],[-4.3255219099999636,42.03307638900003],[-4.327773554999965,42.03394080900006],[-4.325277196999934,42.03442131700007],[-4.325877074999937,42.03640673800004],[-4.319990200999939,42.04035454500007],[-4.3173219149999795,42.04094850600006],[-4.316652411999939,42.03945122500005]]],[[[-4.31207091999994,42.027197460000025],[-4.314267056999938,42.02701791100003],[-4.317325776999951,42.023905366000065],[-4.315166697999928,42.02147331700007],[-4.320845756999972,42.01856864700005],[-4.324537736999957,42.02126930900005],[-4.317706052999938,42.02834347700008],[-4.313409124999964,42.028598516000045],[-4.31207091999994,42.027197460000025]]]]}},{"type":"Feature","properties":{"ClaseSuelo":"SUELO URBANIZABLE NO DELIMITADO O SECTORIZADO","NuclRural":"0","AreaLamber":5397.61047925,"Shape_STAr":0.00587132700895},"geometry":{"type":"MultiPolygon","coordinates":[[[[-4.242149831999939,42.04102359500007],[-4.238295860999926,42.042436286000054],[-4.229661720999957,42.04073136100004],[-4.233096078999949,42.040213255000026],[-4.2325875859999655,42.037446146000036],[-4.234588934999977,42.035301557000025],[-4.238439557999925,42.03904529700003],[-4.240237629999967,42.03826905900007],[-4.23984269999994,42.03540289000006],[-4.243911985999944,42.03476929900006],[-4.243753567999931,42.03284005100005],[-4.239856464999946,42.033473823000065],[-4.242573989999926,42.03216608400004],[-4.240136695999979,42.02890115000008],[-4.2428561789999435,42.02435969800007],[-4.241873489999932,42.02359867300004],[-4.237006325999971,42.024463952000076],[-4.234289345999969,42.02185359900005],[-4.23146184899997,42.02495195100005],[-4.234631350999962,42.026632532000065],[-4.234335082999962,42.02783126300005],[-4.232279236999943,42.02800841200008],[-4.231545528999959,42.02939832000004],[-4.232686906999959,42.02997152800003],[-4.230610679999927,42.030294938000054],[-4.231485577999933,42.03180574400005],[-4.230131277999931,42.03094953000004],[-4.2287491819999445,42.03316387800004],[-4.228947951999942,42.02977372200007],[-4.231176002999973,42.02810896500006],[-4.230593925999926,42.02624511800008],[-4.221082666999962,42.02646856600006],[-4.229739521999932,42.02505370600005],[-4.23416915599995,42.02150376000003],[-4.242237232999969,42.01865442600007],[-4.251020938999943,42.02323116100007],[-4.272037689999934,42.02146426400003],[-4.282966663999957,42.022552706000056],[-4.243623413999956,42.045944329000065],[-4.242149831999939,42.04102359500007]]],[[[-4.312738945999968,41.98781070800004],[-4.31089388099997,41.98407209000004],[-4.313473392999981,41.985787885000036],[-4.319948441999941,41.98567735900008],[-4.321678885999972,41.987225280000075],[-4.31347870899998,41.98877295900007],[-4.312738945999968,41.98781070800004]]],[[[-4.3250140739999665,41.98630293600007],[-4.323214969999981,41.984762845000034],[-4.324236980999956,41.98264599500004],[-4.33616484199996,41.98733107400005],[-4.326008480999974,41.99037977300003],[-4.324239992999935,41.99006694800005],[-4.3250140739999665,41.98630293600007]]],[[[-4.335879908999971,41.98757193400007],[-4.337322913999969,41.98800615500005],[-4.326318870999955,41.99044192700006],[-4.335879908999971,41.98757193400007]]],[[[-4.312373817999969,41.99289631200003],[-4.314477785999941,41.991482364000035],[-4.320679792999954,41.99197884600005],[-4.310623520999968,41.994106319000025],[-4.312373817999969,41.99289631200003]]],[[[-4.3102416629999425,41.99442978800005],[-4.318306403999941,41.99272558600006],[-4.309901286999946,41.995272767000074],[-4.3102416629999425,41.99442978800005]]],[[[-4.261836353999968,41.99981924300005],[-4.26445765099993,41.99788795500007],[-4.273874215999967,42.00096221100006],[-4.261836353999968,41.99981924300005]]],[[[-4.280828809999946,42.00412626900004],[-4.280052613999942,42.00370759800006],[-4.2809532339999805,42.003796402000035],[-4.280828809999946,42.00412626900004]]],[[[-4.262635538999973,42.00894782600005],[-4.257415929999979,42.00984533800005],[-4.25646373099994,42.00879075700004],[-4.261825815999941,41.99999980600006],[-4.274235869999927,42.001178089000064],[-4.278744735999965,42.00315577400005],[-4.278321614999925,42.004886516000056],[-4.273631982999973,42.00630834100008],[-4.266650694999953,42.00389775900004],[-4.269448122999961,42.00757661000006],[-4.2616659099999765,42.00993512300005],[-4.262635538999973,42.00894782600005]]],[[[-4.342936074999955,41.995395521000034],[-4.34431940199994,41.99661797200008],[-4.3317666709999685,42.004421043000036],[-4.328569278999964,42.009261122000055],[-4.32721539299996,42.00920815100005],[-4.329556415999946,41.99941116300005],[-4.342936074999955,41.995395521000034]]],[[[-4.344893685999978,41.99785141900003],[-4.358547163999958,41.997649343000035],[-4.360315245999971,41.995860436000044],[-4.363711642999931,42.00058127800003],[-4.341208175999952,42.00848995900003],[-4.330073536999976,42.009313236000025],[-4.3328784389999555,42.00539809300005],[-4.344893685999978,41.99785141900003]]],[[[-4.27991708299993,42.01181678700004],[-4.275914707999959,42.01078688600006],[-4.276322609999966,42.00859829500007],[-4.273769976999972,42.006422042000054],[-4.279976509999926,42.005131653000035],[-4.276957789999926,42.00623064800004],[-4.2820464439999455,42.01250263600008],[-4.27991708299993,42.01181678700004]]],[[[-4.299253424999961,42.01259607900005],[-4.297956332999945,42.011795720000066],[-4.308135267999944,42.00650235100005],[-4.312003025999957,42.001800322000065],[-4.309892751999939,42.000767016000054],[-4.311815359999969,41.999280344000056],[-4.309875950999981,41.995435963000034],[-4.338374379999948,41.98849925800005],[-4.299253424999961,42.01259607900005]]],[[[-4.2518126089999555,42.01048336100007],[-4.253423899999973,42.011052094000036],[-4.253234511999949,42.01263084500005],[-4.250231971999938,42.013479489000076],[-4.2518126089999555,42.01048336100007]]],[[[-4.265189303999932,42.01370202100003],[-4.264557714999967,42.01177764600004],[-4.2635320089999595,42.012825131000056],[-4.261271318999945,42.010210217000065],[-4.269977801999971,42.00789555000006],[-4.2686944379999545,42.01271516500003],[-4.265189303999932,42.01370202100003]]],[[[-4.3018097099999295,42.011537632000056],[-4.338512273999925,41.988601035000045],[-4.343118575999938,41.99516641300005],[-4.329481176999934,41.99936063500007],[-4.32713266899998,42.00920450000007],[-4.312232940999934,42.00989501500004],[-4.300617946999978,42.01461239100007],[-4.299651669999946,42.01287926800006],[-4.3018097099999295,42.011537632000056]]],[[[-4.350653295999962,42.00961746300004],[-4.354682167999954,42.01026961300005],[-4.3445967539999515,42.01563864000008],[-4.346403688999942,42.01097209300008],[-4.350653295999962,42.00961746300004]]],[[[-4.339146108999955,42.017539498000076],[-4.340543325999931,42.017638807000026],[-4.337239826999962,42.019701127000076],[-4.339146108999955,42.017539498000076]]],[[[-4.326998827999944,42.010331723000036],[-4.328625188999979,42.01026684100003],[-4.33034975299995,42.01488846400008],[-4.324537736999957,42.02126930900005],[-4.321622737999974,42.01966619500007],[-4.325732401999971,42.015414616000044],[-4.326998827999944,42.010331723000036]]],[[[-4.312739267999973,42.01880160400003],[-4.30968108999997,42.01557213800004],[-4.304085542999928,42.01839448000004],[-4.300788845999932,42.014801043000034],[-4.312304582999957,42.01009097800005],[-4.327087137999968,42.00940596100003],[-4.325641205999943,42.015385277000064],[-4.321696060999955,42.01946838100008],[-4.320845756999972,42.01856864700005],[-4.315231213999937,42.021440322000046],[-4.312739267999973,42.01880160400003]]],[[[-4.283832041999972,42.02223406100006],[-4.298719477999953,42.01345714900003],[-4.299474002999943,42.014953123000055],[-4.291963532999944,42.01970995000005],[-4.286769040999957,42.02237517200007],[-4.283832041999972,42.02223406100006]]],[[[-4.289011065999944,42.021287922000056],[-4.2911621939999804,42.020345991000056],[-4.2870331929999566,42.02240283800006],[-4.289011065999944,42.021287922000056]]],[[[-4.250542512999971,42.02272861000006],[-4.242919054999959,42.01871007700004],[-4.253152343999943,42.012818322000044],[-4.256991887999959,42.01481675300005],[-4.257426316999954,42.01348855600003],[-4.263268535999941,42.01460913900007],[-4.2644589729999325,42.01593150100007],[-4.262762504999955,42.01883340000006],[-4.26686673599994,42.01973456300004],[-4.270394201999977,42.018415375000075],[-4.272982282999976,42.01044159300005],[-4.2721335529999465,42.016235804000075],[-4.2759463569999525,42.01362688700004],[-4.276306649999981,42.019245399000056],[-4.279872664999971,42.018527325000036],[-4.279042211999979,42.01664830100003],[-4.28397853599995,42.01490060900005],[-4.285175731999971,42.01166066400003],[-4.282571687999962,42.01050507700006],[-4.281417906999934,42.004103169000075],[-4.28801260299997,42.01356767100003],[-4.298648517999936,42.01331530500005],[-4.283546024999964,42.02221897600003],[-4.272063367999976,42.021103432000075],[-4.250542512999971,42.02272861000006]]],[[[-4.331042174999936,42.02109765800003],[-4.336998539999968,42.01992047500005],[-4.331135715999949,42.02415316500003],[-4.331042174999936,42.02109765800003]]],[[[-4.31279607099998,42.02698602600003],[-4.304160680999928,42.01847563500007],[-4.309711427999957,42.015675929000054],[-4.317332229999977,42.02384936300007],[-4.31279607099998,42.02698602600003]]],[[[-4.322167705999959,42.02669680900004],[-4.331620843999929,42.01634470800008],[-4.332022670999947,42.012702717000025],[-4.330047256999933,42.00952631100006],[-4.341305198999976,42.008694855000044],[-4.36286492399995,42.00102104100006],[-4.36636488299996,42.00434668200006],[-4.356792607999978,42.00917497200004],[-4.348815581999929,42.008847166000066],[-4.345698436999953,42.01021002400006],[-4.3433302479999725,42.016105123000045],[-4.330334633999939,42.020325024000044],[-4.329980731999967,42.02472234700008],[-4.327932210999961,42.02617816700007],[-4.32144438399996,42.02809785100004],[-4.322167705999959,42.02669680900004]]],[[[-4.3240094269999645,42.021863532000054],[-4.3200402159999385,42.027185581000026],[-4.317706052999938,42.02834347700008],[-4.3240094269999645,42.021863532000054]]],[[[-4.311977204999948,42.02752235300005],[-4.313027285999965,42.02861603300005],[-4.3104892049999535,42.02873243700003],[-4.311977204999948,42.02752235300005]]],[[[-4.297604916999944,42.03098247300005],[-4.292030904999933,42.026171196000064],[-4.3037605819999385,42.018679709000025],[-4.311736286999974,42.02723742400008],[-4.297604916999944,42.03098247300005]]],[[[-4.34173014199996,42.03069071200008],[-4.342653263999978,42.03008859600004],[-4.342185989999962,42.031019839000066],[-4.34173014199996,42.03069071200008]]],[[[-4.2261923929999625,42.03176109700007],[-4.2209563219999495,42.02994358500007],[-4.223824088999947,42.027953352000054],[-4.2268674279999345,42.02840575400006],[-4.227450200999954,42.033206731000064],[-4.2261923929999625,42.03176109700007]]],[[[-4.329484394999952,42.03201779600005],[-4.3283839319999515,42.03285951500004],[-4.326082981999946,42.03050495000008],[-4.322824761999925,42.032718517000035],[-4.340921716999958,42.018828936000034],[-4.3484651549999285,42.01666329400007],[-4.348775049999972,42.01489230200008],[-4.355915775999961,42.01114367000008],[-4.358019684999931,42.012609532000056],[-4.35366016699993,42.015602708000074],[-4.3545450509999455,42.02027368600005],[-4.350196177999976,42.02145151000008],[-4.3503496779999296,42.02487634000005],[-4.341598408999971,42.03058519600006],[-4.338565993999964,42.02909345300003],[-4.334429313999976,42.03526067700005],[-4.327944764999927,42.03379366000007],[-4.329484394999952,42.03201779600005]]],[[[-4.228205401999958,42.03468155200005],[-4.2370521939999435,42.02975969500005],[-4.232266957999968,42.03488321800006],[-4.229079967999951,42.036635259000036],[-4.228205401999958,42.03468155200005]]],[[[-4.334647267999969,42.035309977000054],[-4.3363298989999635,42.03421270900003],[-4.336315828999943,42.03568738600006],[-4.334647267999969,42.035309977000054]]],[[[-4.33384418299994,42.03583366000004],[-4.334175817999949,42.03561740600003],[-4.335651545999951,42.03595120400007],[-4.33384418299994,42.03583366000004]]],[[[-4.344588702999943,42.03334059200006],[-4.346425660999955,42.03238757400004],[-4.345016857999951,42.030548287000045],[-4.346873455999969,42.03009095600004],[-4.34438804399997,42.02895701600005],[-4.350330481999947,42.025080322000065],[-4.349616158999936,42.02721686900003],[-4.352188049999938,42.03050559500008],[-4.351112877999981,42.03134203400003],[-4.352518568999926,42.03368649500004],[-4.348000995999939,42.03857930800007],[-4.34427693899994,42.03748769600003],[-4.346334378999927,42.03455882600008],[-4.344588702999943,42.03334059200006]]],[[[-4.311640671999953,42.040926667000065],[-4.313463773999956,42.038997153000025],[-4.313186236999968,42.039837619000025],[-4.311640671999953,42.040926667000065]]],[[[-4.284549095999978,42.03712645400003],[-4.299460340999929,42.03200726800003],[-4.297058063999941,42.03724632900003],[-4.290744398999948,42.041643097000076],[-4.291642443999933,42.042338663000066],[-4.290318538999941,42.04346802100008],[-4.288502385999948,42.04212228600005],[-4.289386471999933,42.04043864300007],[-4.28809832099995,42.038919296000074],[-4.284549095999978,42.03712645400003]]],[[[-4.298424471999965,42.034462552000036],[-4.300042265999934,42.038247100000035],[-4.299509488999945,42.04312297600006],[-4.292676770999947,42.04485241300006],[-4.290405170999975,42.04353098000007],[-4.298424471999965,42.034462552000036]]],[[[-4.256044182999972,42.038756498000055],[-4.283253741999943,42.02256618300004],[-4.2862125809999725,42.02270505300004],[-4.243742759999975,42.04718172300005],[-4.256044182999972,42.038756498000055]]],[[[-4.271476385999961,42.04116413300005],[-4.2687454129999765,42.04096902100008],[-4.2817593389999615,42.03820409600007],[-4.2822382899999525,42.04548496800004],[-4.279808362999972,42.047474771000054],[-4.27693463199995,42.04723236700005],[-4.271476385999961,42.04116413300005]]],[[[-4.279013716999941,42.02717003200007],[-4.287852662999967,42.02278199500006],[-4.244520052999974,42.050528549000035],[-4.243793920999963,42.047336278000046],[-4.279013716999941,42.02717003200007]]],[[[-4.244588021999959,42.051082766000036],[-4.2999716789999525,42.01534207200007],[-4.303693000999942,42.01860671700007],[-4.278356426999949,42.034776528000066],[-4.276754808999954,42.03337186300007],[-4.266105827999979,42.040213195000035],[-4.2638912789999495,42.038483459000076],[-4.244685935999939,42.05088650500005],[-4.263940289999937,42.038567072000035],[-4.266091870999958,42.040338973000075],[-4.276747336999961,42.03350852600005],[-4.278341498999964,42.03490405400004],[-4.2919385619999275,42.02622934900006],[-4.2975173859999245,42.031044724000026],[-4.296455923999929,42.03179961500007],[-4.263449840999954,42.04104589000008],[-4.248254689999953,42.05201162900005],[-4.24524050499997,42.05330221400004],[-4.244588021999959,42.051082766000036]]],[[[-4.249648653999941,42.05812393300005],[-4.242363682999951,42.05565594500007],[-4.253300650999961,42.05166184800004],[-4.264119558999937,42.042055008000034],[-4.255731381999965,42.051890730000025],[-4.254983700999958,42.05939832300004],[-4.249648653999941,42.05812393300005]]],[[[-4.26118641599993,42.058785998000076],[-4.256877962999965,42.055097862000025],[-4.257203845999925,42.05205348000004],[-4.265704169999935,42.04220150700007],[-4.272040858999958,42.04250416700006],[-4.27565296399996,42.047708001000046],[-4.279204737999976,42.04864046200004],[-4.283550060999971,42.04587290200004],[-4.28309070499995,42.03835062500008],[-4.284144620999939,42.03816087700005],[-4.28709861699997,42.03966166200007],[-4.287229869999976,42.04257067100008],[-4.290522556999974,42.04518691700008],[-4.288362951999943,42.04635667600007],[-4.284605625999973,42.054237724000075],[-4.280913404999978,42.05796609600003],[-4.2759854219999625,42.056469711000034],[-4.263078574999952,42.06025098600003],[-4.26118641599993,42.058785998000076]]],[[[-4.31168826499993,42.04213229700008],[-4.314532360999976,42.039634310000054],[-4.316702240999973,42.039462110000045],[-4.3173219149999795,42.04094850600006],[-4.321203174999937,42.03904007800003],[-4.321541961999969,42.04073518100006],[-4.323731674999976,42.04086683400004],[-4.325474878999955,42.03730284000005],[-4.324447283999973,42.03702433300003],[-4.325923371999977,42.03635052800007],[-4.325296994999974,42.03440855900004],[-4.333957862999966,42.03556810400005],[-4.32993907599996,42.03626476200003],[-4.328500228999928,42.03912661100003],[-4.293907057999945,42.06166703000008],[-4.302477585999952,42.051722863000066],[-4.308384925999974,42.048238543000025],[-4.31168826499993,42.04213229700008]]],[[[-4.266708716999972,42.07547334700007],[-4.266610380999964,42.070962390000034],[-4.2621410349999564,42.066891474000045],[-4.261729497999966,42.06249354300007],[-4.276190219999933,42.05748415800008],[-4.280071590999967,42.05927107200006],[-4.282873796999979,42.05813408700004],[-4.289804137999965,42.046753874000046],[-4.3007915349999735,42.04394567400004],[-4.301746070999968,42.03879772600004],[-4.3003680469999495,42.03352678400006],[-4.301993633999928,42.031776180000065],[-4.316013167999927,42.03520388700008],[-4.309087806999969,42.04289047200007],[-4.268338232999952,42.07701197400007],[-4.266708716999972,42.07547334700007]]],[[[-4.280279494999945,42.06757952500004],[-4.309138804999975,42.04338990600007],[-4.307392078999953,42.04772516400004],[-4.301490607999938,42.05120273800003],[-4.292497953999941,42.06256860900004],[-4.268891787999962,42.07709081100006],[-4.280279494999945,42.06757952500004]]],[[[-4.285181145999957,42.06752473200004],[-4.287569471999973,42.06604112000008],[-4.283014984999966,42.071546245000036],[-4.277674699999977,42.07476281000004],[-4.273736070999973,42.08039661400005],[-4.269747936999977,42.079105378000065],[-4.270183891999977,42.07732017300003],[-4.285181145999957,42.06752473200004]]],[[[-4.280240643999946,42.07470929500005],[-4.2938613509999755,42.06188814400008],[-4.3230988229999525,42.04283921900003],[-4.327939065999942,42.046397296000066],[-4.335152666999932,42.04819510800007],[-4.3346061729999406,42.04943812500005],[-4.341023126999971,42.055499000000054],[-4.338564239999926,42.05710109100005],[-4.340293239999937,42.05856288800004],[-4.338258267999947,42.05990214800005],[-4.323997599999927,42.055289593000055],[-4.318186626999932,42.06036895200003],[-4.317824231999964,42.06297819300005],[-4.316354110999953,42.059459005000065],[-4.314833788999977,42.05914527200008],[-4.315245887999936,42.056047514000056],[-4.310534063999967,42.05577903300008],[-4.310784303999981,42.05733719700004],[-4.308084994999945,42.05834363500003],[-4.310711623999964,42.06040233500005],[-4.307591401999957,42.063803258000064],[-4.3073771249999595,42.06627082600005],[-4.304914321999945,42.06475509100005],[-4.3038635839999415,42.06747612200007],[-4.299851409999974,42.06676380000005],[-4.300170217999948,42.06927491700003],[-4.296932634999962,42.06708184100006],[-4.295351263999976,42.06708256400003],[-4.2938343929999405,42.06986741800006],[-4.290513675999932,42.06889005600004],[-4.290926327999955,42.070230252000044],[-4.284405321999941,42.07250583500007],[-4.284952051999937,42.07471607800005],[-4.2819094139999265,42.07651453700004],[-4.281347928999935,42.074689603000024],[-4.278937308999957,42.07618105500006],[-4.277894645999936,42.078596997000034],[-4.2795981239999605,42.08005543000007],[-4.2789001739999435,42.08106395600004],[-4.274874506999936,42.08076516800003],[-4.280240643999946,42.07470929500005]]],[[[-4.274682227999961,42.08154887500007],[-4.278748385999961,42.081200971000044],[-4.277121086999955,42.082209574000046],[-4.274682227999961,42.08154887500007]]],[[[-4.273199090999981,42.08258510300004],[-4.2695609319999335,42.081194792000076],[-4.269693740999969,42.079244936000066],[-4.273700361999943,42.080542156000035],[-4.273199090999981,42.08258510300004]]],[[[-4.328798798999969,42.078517109000074],[-4.329768161999937,42.077238617000035],[-4.328355568999939,42.07481750100004],[-4.33471906099993,42.07060994600005],[-4.338020157999949,42.06190482000005],[-4.343553998999937,42.061236112000074],[-4.342680777999931,42.05936799500006],[-4.346509132999927,42.058482936000075],[-4.347971549999954,42.05563534700008],[-4.3462101069999335,42.05437455100008],[-4.343399448999946,42.055346633000056],[-4.345521484999949,42.05274212900008],[-4.343041452999955,42.05276229800006],[-4.3433802619999256,42.05128379100006],[-4.340983888999972,42.05207998800006],[-4.336539302999938,42.048112023000044],[-4.338386714999956,42.04494900900005],[-4.3338082249999275,42.04493219900007],[-4.331240439999931,42.041589438000074],[-4.334453986999961,42.041938248000065],[-4.338046305999967,42.03989805600003],[-4.339545954999949,42.04313981000007],[-4.3427381219999575,42.03755381900004],[-4.347082544999978,42.03864826700004],[-4.344079229999977,42.044401383000036],[-4.347003968999957,42.04643370200006],[-4.348804135999956,42.05388862900003],[-4.346939667999948,42.06388247500007],[-4.338977363999959,42.07093224100004],[-4.334357718999968,42.07812648100003],[-4.331966837999971,42.078511382000045],[-4.331729621999955,42.08215527800007],[-4.329756531999976,42.081846176000056],[-4.328798798999969,42.078517109000074]]]]}},{"type":"Feature","properties":{"ClaseSuelo":"SUELO URBANO","NuclRural":"0","AreaLamber":51.79891696,"Shape_STAr":0.0000563454034855},"geometry":{"type":"MultiPolygon","coordinates":[[[[-4.315403770999978,42.035056076000046],[-4.316435144999957,42.03377235800008],[-4.312036759999955,42.03376754300007],[-4.3092149409999365,42.03172614600004],[-4.315713599999981,42.03257145500004],[-4.326151014999937,42.02870960400003],[-4.32585348899994,42.03041207500007],[-4.322292759999925,42.03193128300006],[-4.3220512799999256,42.03549557500003],[-4.314754354999934,42.03778898200005],[-4.315403770999978,42.035056076000046]]],[[[-4.314201073999925,42.03420066700005],[-4.314749252999945,42.03467221600005],[-4.314264184999956,42.034728948000065],[-4.314201073999925,42.03420066700005]]]]}},{"type":"Feature","properties":{"ClaseSuelo":"SUELO URBANO NO CONSOLIDADO","NuclRural":"0","AreaLamber":2.88292441,"Shape_STAr":0.00000313579486648},"geometry":{"type":"Polygon","coordinates":[[[-4.319565900999976,42.030129514000066],[-4.323203950999925,42.02903874500004],[-4.319808472999966,42.03089218400004],[-4.319565900999976,42.030129514000066]]]}},{"type":"Feature","properties":{"ClaseSuelo":"SUELO NO URBANIZABLE","NuclRural":"0","AreaLamber":6396.53569577,"Shape_STAr":0.00698109200777},"geometry":{"type":"Polygon","coordinates":[[[-4.919161627999927,42.31728932200008],[-4.907932330999927,42.31036863000003],[-4.899612280999975,42.30966926200006],[-4.905601468999976,42.30027598000004],[-4.905998989999944,42.29053419000007],[-4.904516415999979,42.28842456600006],[-4.9086531999999465,42.28363666000007],[-4.915944329999945,42.27970558000004],[-4.919246347999945,42.27342740600005],[-4.919589910999946,42.26397460000004],[-4.921218503999967,42.26093025200004],[-4.91908882499996,42.25984925200004],[-4.91503677999998,42.24654355000007],[-4.916535468999939,42.23639601000008],[-4.923364549999974,42.23420130100004],[-4.925152399999945,42.22684058100003],[-4.952217889999929,42.226301841000065],[-4.957353678999937,42.22702479000003],[-4.96871047999997,42.232963221000034],[-4.976979318999952,42.231542070000046],[-4.98862553999993,42.233492960000035],[-5.010340759999963,42.22811595100006],[-5.008971800999973,42.24225192000006],[-5.015504939999971,42.24835114000007],[-5.01880800899994,42.25385852000005],[-5.016546459999972,42.25896854000007],[-5.0086604599999305,42.26145752000008],[-5.00991407999993,42.26656877000005],[-5.002141179999967,42.28912905000004],[-4.994783767999934,42.293129831000044],[-4.989927997999928,42.29185439100007],[-4.986679519999939,42.29385600000006],[-4.973502517999975,42.28868927100007],[-4.97026190899993,42.292122180000035],[-4.95344799999998,42.29715603100004],[-4.953985158999956,42.29922719000007],[-4.950629049999975,42.30839813000006],[-4.947987679999926,42.310874600000034],[-4.947114639999938,42.316400920000035],[-4.949192468999968,42.31885117000007],[-4.9461975199999415,42.32404431100008],[-4.919161627999927,42.31728932200008]],[[-4.92655082899995,42.31673796100006],[-4.929038152999965,42.314868226000044],[-4.927638012999978,42.31438440200003],[-4.92655082899995,42.31673796100006]],[[-4.935885897999981,42.29939871400006],[-4.937870360999966,42.298727479000036],[-4.9357778249999456,42.29735314700008],[-4.934457102999943,42.29862967500003],[-4.935885897999981,42.29939871400006]],[[-4.9792802129999245,42.268449288000056],[-4.982002730999966,42.268252534000055],[-4.98156832899997,42.26631369800003],[-4.97798106099998,42.26683940800007],[-4.9792802129999245,42.268449288000056]],[[-4.971060726999951,42.24919359000006],[-4.973807659999977,42.24615650000004],[-4.96900760099993,42.243019263000065],[-4.96516687899998,42.24276950900003],[-4.963055404999977,42.250641923000046],[-4.964180101999943,42.25617935900004],[-4.968488689999958,42.255780549000065],[-4.967960336999965,42.25326818100007],[-4.9697897329999705,42.252764299000034],[-4.971060726999951,42.24919359000006]]]}},{"type":"Feature","properties":{"ClaseSuelo":"SUELO NO URBANIZABLE","NuclRural":"0","AreaLamber":22989.8216213,"Shape_STAr":0.0253083822077},"geometry":{"type":"Polygon","coordinates":[[[-4.223946522999938,42.861607054000046],[-4.225699864999967,42.85888420300006],[-4.224678969999957,42.856769910000025],[-4.219497029999957,42.85094458000003],[-4.208986008999943,42.84477913000006],[-4.1996935399999415,42.844570600000054],[-4.193496359999926,42.85067798000006],[-4.185600411999928,42.854443538000055],[-4.18120203999996,42.858694110000044],[-4.172011269999928,42.85814006000004],[-4.16761895999997,42.85954471000008],[-4.14990131899998,42.87113363000003],[-4.144260256999928,42.86861451000004],[-4.148993516999951,42.86575738500005],[-4.145255840999937,42.86221979000004],[-4.141222299999924,42.86188179000004],[-4.139094099999966,42.859309420000045],[-4.126119508999977,42.85663670400004],[-4.125501769999971,42.85429259000006],[-4.127777569999978,42.852901200000076],[-4.128476968999962,42.84626659000003],[-4.137028438999948,42.83942785900007],[-4.137372690999939,42.833480516000066],[-4.140961599999969,42.83039241100005],[-4.140446883999971,42.829001756000025],[-4.148567579999963,42.83017240000004],[-4.150547659999972,42.83138631000003],[-4.15195953999995,42.83560470000003],[-4.1577502499999355,42.83774366000006],[-4.161818557999936,42.83608092900005],[-4.163211538999974,42.83010552300004],[-4.165451398999949,42.82820977000006],[-4.178565960999947,42.826247470000055],[-4.194280159999948,42.826544030000036],[-4.207264799999962,42.82361605500006],[-4.207994916999951,42.818402701000025],[-4.20452321099998,42.81662059000007],[-4.203895539999962,42.80696406000004],[-4.211474859999953,42.802399310000055],[-4.218960699999968,42.80247300000008],[-4.219627959999968,42.79971014000006],[-4.221730709999974,42.80030012000003],[-4.225503950999951,42.79816148000003],[-4.232411313999933,42.79128762800008],[-4.2320843949999585,42.78484301900005],[-4.2335864849999325,42.785455865000074],[-4.23352148999993,42.78774097200005],[-4.235386634999941,42.783156107000025],[-4.243810845999974,42.77824340600006],[-4.2450948489999405,42.78910165100007],[-4.248214074999964,42.79050989400008],[-4.252590903999931,42.784454899000025],[-4.255256866999957,42.78505741300006],[-4.257882418999941,42.778866451000056],[-4.255641060999949,42.77764550900008],[-4.254255654999952,42.77244407100005],[-4.2517549479999275,42.773201662000076],[-4.264180449999969,42.768598300000065],[-4.265431189999958,42.75798463000007],[-4.269888399999957,42.75722379000007],[-4.273265889999948,42.752674340000056],[-4.268043832999979,42.74705880400006],[-4.268176260999951,42.745175291000066],[-4.260608589999947,42.739512870000055],[-4.244541228999935,42.73696902000006],[-4.242384990999938,42.74094602000008],[-4.220773639999948,42.75782108000004],[-4.222617659999969,42.76707741000007],[-4.2148621899999625,42.775499162000074],[-4.200532769999938,42.755747470000074],[-4.197121648999939,42.75629649000007],[-4.19201561999995,42.75449451000003],[-4.180742219999956,42.75736703000007],[-4.173514319999981,42.75642360000006],[-4.158613849999938,42.74769532000005],[-4.1646420999999805,42.745977150000044],[-4.167093589999979,42.74379079000005],[-4.166814459999955,42.741938410000046],[-4.173894350999944,42.73707499000005],[-4.180506959999946,42.737898690000065],[-4.185385409999981,42.73618227000003],[-4.1957120599999485,42.72429529000004],[-4.201084269999967,42.72102403000008],[-4.201433409999936,42.71759827000005],[-4.215139258999955,42.71399568000004],[-4.216551659999936,42.71127903000007],[-4.21518563099994,42.708862020000026],[-4.21857186099993,42.70468352000006],[-4.226964599999974,42.70303602000007],[-4.2300952899999515,42.700192730000026],[-4.237065659999928,42.69766819000006],[-4.246100959999978,42.697092920000046],[-4.248922489999927,42.698376980000035],[-4.247677999999951,42.69414892000003],[-4.257041999999956,42.68811179000005],[-4.263916709999933,42.694240910000076],[-4.267640829999948,42.69427177000006],[-4.2666932659999475,42.70529595800008],[-4.269233799999938,42.704754560000026],[-4.279832959999965,42.70954450000005],[-4.279629979999925,42.71809298000005],[-4.277057228999979,42.72127365000006],[-4.277660877999949,42.72635067900006],[-4.2858029399999396,42.730190580000055],[-4.293194609999944,42.729674970000076],[-4.297782759999961,42.73179342000003],[-4.306606429999931,42.729081190000045],[-4.3162450899999385,42.735490940000034],[-4.322377309999979,42.73720336000008],[-4.325201509999943,42.73960228000004],[-4.32023049999998,42.74311807000004],[-4.331253679999975,42.748393890000045],[-4.33614493999994,42.74857102000004],[-4.3547791099999245,42.741867580000076],[-4.367966530999979,42.739864830000045],[-4.372782029999939,42.74272522000007],[-4.380852399999981,42.74413232000006],[-4.384157339999945,42.74001281000005],[-4.390598029999978,42.73847596000007],[-4.398314639999967,42.732843580000065],[-4.408356789999971,42.733963550000055],[-4.415622159999941,42.73812485000008],[-4.429932067999971,42.73992372500004],[-4.425086389999933,42.75130009000003],[-4.398201149999977,42.772920750000026],[-4.393627889999948,42.783206980000045],[-4.38075884999995,42.78945975000005],[-4.369205379999926,42.78894109000004],[-4.368031121999934,42.79001793200007],[-4.425561390999974,42.82213236000007],[-4.408312019999926,42.82156233000006],[-4.39625338999997,42.83257981000003],[-4.381054859999949,42.82477627000003],[-4.369646149999937,42.82834452000003],[-4.366911671999958,42.83026815200003],[-4.36885626399993,42.83246950100005],[-4.358955269999967,42.82899430000003],[-4.357897083999944,42.82256788500007],[-4.346940342999972,42.824453403000064],[-4.335292344999971,42.82323905900006],[-4.33522365999994,42.82516706000007],[-4.33186442899995,42.82825006200005],[-4.328135119999956,42.827203766000025],[-4.3324576999999636,42.834231930000044],[-4.335976761999973,42.83514563700004],[-4.338279529999966,42.83866673000006],[-4.346696685999973,42.83692002600003],[-4.3449342499999375,42.84253311000003],[-4.352061994999929,42.84785237400007],[-4.352364096999963,42.84992004900005],[-4.342020579999939,42.852095090000034],[-4.33657532999996,42.85498654000003],[-4.335832726999968,42.85800261600008],[-4.325902249999956,42.85955941000003],[-4.318274789999975,42.85602735000003],[-4.3078135999999745,42.854472283000064],[-4.29494125399998,42.849989992000076],[-4.290407659999971,42.85028431000006],[-4.277084554999931,42.841599435000035],[-4.27768655999995,42.846473640000056],[-4.275421609999967,42.851190780000024],[-4.262233109999954,42.860459580000054],[-4.264946339999938,42.86085288000004],[-4.262936279999963,42.864333190000025],[-4.2441826999999535,42.87228337000005],[-4.243103029999929,42.88071523000008],[-4.245066890999965,42.887042730000076],[-4.25453155799994,42.899681599000075],[-4.254865345999974,42.90345983800006],[-4.247468279999964,42.90353207000004],[-4.2306120899999655,42.896690360000036],[-4.224274113999968,42.88089972600005],[-4.222845469999925,42.865587840000046],[-4.223946522999938,42.861607054000046]],[[-4.237259020999943,42.858665580000036],[-4.238984676999962,42.85684584200004],[-4.235305930999971,42.85846870700004],[-4.237259020999943,42.858665580000036]],[[-4.258658013999934,42.853406739000036],[-4.2595464049999805,42.85241787100006],[-4.257788851999976,42.85156165500007],[-4.257641473999968,42.85438759300007],[-4.26009315999994,42.85476545300003],[-4.258658013999934,42.853406739000036]],[[-4.238275595999937,42.843323284000064],[-4.238639837999926,42.84206155000004],[-4.240555643999926,42.84319511100006],[-4.241744683999968,42.842067719000056],[-4.240673426999933,42.84043146400006],[-4.236232014999928,42.840662605000034],[-4.236850616999959,42.84347402100008],[-4.238275595999937,42.843323284000064]],[[-4.309584407999978,42.84121829600008],[-4.3081938729999365,42.84457357300005],[-4.309270849999962,42.84275950600005],[-4.311529754999981,42.84410147500006],[-4.313647079999953,42.84299237300007],[-4.309584407999978,42.84121829600008]],[[-4.289668597999935,42.83713471200008],[-4.2890845559999775,42.83755890500004],[-4.28979180999994,42.83796855400004],[-4.289668597999935,42.83713471200008]],[[-4.262622123999961,42.83741757000007],[-4.26211981299997,42.834703655000055],[-4.261924487999977,42.83721039100004],[-4.262622123999961,42.83741757000007]],[[-4.190965369999958,42.835179124000035],[-4.192879907999952,42.833581657000025],[-4.191473620999943,42.831976592000046],[-4.190965369999958,42.835179124000035]],[[-4.186206132999928,42.834974241000054],[-4.189140947999931,42.83431471400007],[-4.184467254999959,42.83343761400005],[-4.186206132999928,42.834974241000054]],[[-4.183506094999927,42.83455387200007],[-4.183052755999938,42.83396562900003],[-4.182077710999977,42.834672546000036],[-4.183506094999927,42.83455387200007]],[[-4.213454212999977,42.831883438000034],[-4.216638108999973,42.83077063300004],[-4.213952653999968,42.82988557300007],[-4.213454212999977,42.831883438000034]],[[-4.279512858999965,42.82316180000004],[-4.280426422999938,42.820597683000074],[-4.278567940999949,42.82120220300004],[-4.279512858999965,42.82316180000004]],[[-4.37896501299997,42.814143890000025],[-4.3810822609999605,42.81318460600005],[-4.380198453999981,42.811362505000034],[-4.378224816999932,42.81331837700003],[-4.37896501299997,42.814143890000025]],[[-4.246400053999935,42.81472065000003],[-4.245587258999933,42.81254539300005],[-4.244678312999952,42.81331839300003],[-4.246400053999935,42.81472065000003]],[[-4.222285692999947,42.807729549000044],[-4.224792494999974,42.80671509100006],[-4.221937036999975,42.805336831000034],[-4.222285692999947,42.807729549000044]],[[-4.3709325899999385,42.80387786500006],[-4.373186282999939,42.80346391000006],[-4.371329537999941,42.802427984000076],[-4.3709325899999385,42.80387786500006]],[[-4.269655069999942,42.797357445000046],[-4.2746950429999515,42.79688826200004],[-4.272960541999964,42.79643252300008],[-4.273562559999959,42.79492533500007],[-4.266200880999975,42.79275943500005],[-4.2691062839999745,42.79281027400003],[-4.269586186999959,42.79055789700004],[-4.271492830999932,42.79006330000004],[-4.26720525099995,42.78556581000004],[-4.26375027499995,42.787244549000036],[-4.254681686999959,42.785213069000065],[-4.255528702999925,42.788380138000036],[-4.251535943999954,42.78627184900006],[-4.249472055999945,42.78821782600005],[-4.250346264999962,42.79393735900004],[-4.249065250999934,42.79436015200008],[-4.250433662999967,42.796146614000065],[-4.253488846999971,42.79385995800004],[-4.255134373999965,42.79489210700007],[-4.254480026999943,42.79663809200008],[-4.258143382999947,42.79827597800005],[-4.262204857999961,42.79829200800003],[-4.2613040119999255,42.795676514000036],[-4.263369743999931,42.79491957400006],[-4.267674825999961,42.79597628500005],[-4.2682623929999295,42.79899118000003],[-4.269655069999942,42.797357445000046]],[[-4.244247615999939,42.796495148000076],[-4.247848489999967,42.79108045600003],[-4.238465608999945,42.78570020600006],[-4.237466100999939,42.789724798000066],[-4.240629936999937,42.79104849500004],[-4.242271587999937,42.79618523800008],[-4.244247615999939,42.796495148000076]],[[-4.24124008299998,42.786914643000046],[-4.244534365999925,42.78858926700008],[-4.243317506999972,42.78196357600007],[-4.240598974999955,42.78236255400003],[-4.2389012219999245,42.78486009900007],[-4.24124008299998,42.786914643000046]],[[-4.330084623999937,42.78462375000004],[-4.328754759999981,42.78662772600006],[-4.332926832999931,42.786238721000075],[-4.330084623999937,42.78462375000004]],[[-4.351146922999931,42.78684486000003],[-4.353223983999953,42.787234151000064],[-4.352054261999967,42.78570554800007],[-4.351146922999931,42.78684486000003]],[[-4.364189661999944,42.77499308800003],[-4.367295967999951,42.77423174300003],[-4.36631966799996,42.772870528000055],[-4.364148572999966,42.77325648600004],[-4.364189661999944,42.77499308800003]],[[-4.275184769999953,42.768810657000074],[-4.277246720999926,42.76723337000004],[-4.274178279999944,42.76696779500003],[-4.275184769999953,42.768810657000074]],[[-4.298048618999928,42.76435240500007],[-4.301778175999971,42.76273945200006],[-4.297446879999939,42.762183994000054],[-4.296835385999941,42.76406731800006],[-4.298048618999928,42.76435240500007]],[[-4.392813639999929,42.75571426800008],[-4.398095584999965,42.75370576000006],[-4.391476983999951,42.75379572800006],[-4.392813639999929,42.75571426800008]],[[-4.2898336729999755,42.74463903600008],[-4.285314939999978,42.74288536500006],[-4.28679559099993,42.745283425000025],[-4.289018880999947,42.74584247800004],[-4.2898336729999755,42.74463903600008]],[[-4.2607389199999375,42.73870991000007],[-4.263149649999946,42.73047898000004],[-4.251331799999946,42.72654723000005],[-4.245059609999942,42.735972642000036],[-4.2607389199999375,42.73870991000007]],[[-4.240051130999973,42.72752299800004],[-4.241452977999927,42.72735142400006],[-4.238865586999964,42.72657308400005],[-4.240051130999973,42.72752299800004]],[[-4.273208216999933,42.72654692700007],[-4.2742046799999684,42.72885264300004],[-4.27569591799994,42.72867515200005],[-4.275311105999947,42.726402861000054],[-4.273208216999933,42.72654692700007]],[[-4.273915804999945,42.737714899000025],[-4.27628458099997,42.736513939000076],[-4.2758884029999535,42.735271856000054],[-4.272202757999935,42.735682016000055],[-4.2715643189999355,42.73690204500008],[-4.273915804999945,42.737714899000025]],[[-4.218665086999977,42.72497601200007],[-4.2162302259999365,42.724724869000056],[-4.217591270999947,42.725883226000064],[-4.218665086999977,42.72497601200007]],[[-4.275437379999971,42.72384529300007],[-4.276674530999969,42.72375143200003],[-4.2737849269999515,42.72289564100004],[-4.275437379999971,42.72384529300007]],[[-4.229999665999969,42.71435085600007],[-4.227463068999953,42.71312233100008],[-4.226146519999929,42.714451731000054],[-4.229999665999969,42.71435085600007]],[[-4.170325273999936,42.74558829100005],[-4.168586795999943,42.74590955600007],[-4.1721272539999745,42.746651463000035],[-4.170325273999936,42.74558829100005]],[[-4.207588169999951,42.74753479200007],[-4.206261339999969,42.74763781000007],[-4.210689977999948,42.74897604800003],[-4.207588169999951,42.74753479200007]],[[-4.2140482079999515,42.76093976800007],[-4.216041064999956,42.761420129000044],[-4.214731874999927,42.76010144900005],[-4.2140482079999515,42.76093976800007]],[[-4.144693762999964,42.837030248000076],[-4.147715691999963,42.836118112000065],[-4.144318552999948,42.83494745400003],[-4.144693762999964,42.837030248000076]],[[-4.15979576999996,42.84729063000003],[-4.159103730999959,42.84943546200003],[-4.162308487999951,42.84928325300007],[-4.162635335999937,42.84750126500006],[-4.15979576999996,42.84729063000003]],[[-4.153173856999956,42.860649081000076],[-4.150424635999968,42.86217359800003],[-4.151881716999981,42.862950934000025],[-4.153173856999956,42.860649081000076]]]}},{"type":"Feature","properties":{"ClaseSuelo":"SUELO URBANO","NuclRural":"0","AreaLamber":36.64620841,"Shape_STAr":0.0000403585919728},"geometry":{"type":"MultiPolygon","coordinates":[[[[-4.508064765999961,42.821898668000074],[-4.508939683999927,42.82019887700005],[-4.5075624809999795,42.819333322000034],[-4.5095348689999355,42.81721514000003],[-4.51239101699997,42.82115322400006],[-4.508064765999961,42.821898668000074]]],[[[-4.5192166439999255,42.79594309000004],[-4.520449409999969,42.79484122000008],[-4.519198284999959,42.79327769300005],[-4.524613035999948,42.79543527200008],[-4.520709369999963,42.79589324800003],[-4.519640825999943,42.79749985800004],[-4.5192166439999255,42.79594309000004]]],[[[-4.496551653999973,42.84138636000006],[-4.492587047999962,42.83889114200008],[-4.496076648999974,42.83707905000006],[-4.497643101999927,42.84139616600004],[-4.496551653999973,42.84138636000006]]],[[[-4.484233910999933,42.85524591600006],[-4.480112710999947,42.85494125300005],[-4.480227421999928,42.853473423000025],[-4.483559369999966,42.85323727000008],[-4.485641643999941,42.85505034000005],[-4.484233910999933,42.85524591600006]]]]}},{"type":"Feature","properties":{"ClaseSuelo":"SUELO NO URBANIZABLE","NuclRural":"0","AreaLamber":5897.06969697,"Shape_STAr":0.00648923894302},"geometry":{"type":"Polygon","coordinates":[[[-4.802286255999945,42.831036693000044],[-4.798317451999935,42.82877314400008],[-4.791381061999971,42.82794532300005],[-4.781858598999975,42.82864314300008],[-4.783496682999953,42.82264727100005],[-4.785301162999929,42.82286229400006],[-4.7895771919999675,42.80796122100003],[-4.793892553999967,42.80390126800006],[-4.7913126689999785,42.79911915200006],[-4.791889237999953,42.79395525500007],[-4.789266660999942,42.79059176100003],[-4.78941767799995,42.78776884000007],[-4.784689715999946,42.78672140800006],[-4.784791345999963,42.785559800000044],[-4.793737310999973,42.76679489900005],[-4.80039338399996,42.74764737800007],[-4.807908937999969,42.75355470800008],[-4.815315386999941,42.77035843900006],[-4.843014077999953,42.767934952000076],[-4.848746648999963,42.76998580600008],[-4.851776358999928,42.76871218300005],[-4.86660534899994,42.77328524400008],[-4.859018060999972,42.773349747000054],[-4.861070093999956,42.77731191200007],[-4.854079530999968,42.77796709200004],[-4.852374083999962,42.77942673300004],[-4.852028846999929,42.78613281200006],[-4.849714719999952,42.788517640000066],[-4.844182726999975,42.78758493400005],[-4.84423424199997,42.78398136100003],[-4.842904416999943,42.78669764000006],[-4.83896114199996,42.786852639000074],[-4.837080614999934,42.78856227600005],[-4.822447634999946,42.789035245000036],[-4.822547734999944,42.79078369300004],[-4.836367636999967,42.78994546500007],[-4.840995178999947,42.79115611900005],[-4.836158335999926,42.79355532900007],[-4.834967352999968,42.796903420000035],[-4.837475533999964,42.793772045000026],[-4.84361503599996,42.791085320000036],[-4.84900117199993,42.803194663000056],[-4.848655247999943,42.800627501000065],[-4.850720044999946,42.800004975000036],[-4.851859248999972,42.795907717000034],[-4.854026231999967,42.79386396900003],[-4.855772151999929,42.794798194000066],[-4.854819715999952,42.79341896500006],[-4.856983893999939,42.79177744100008],[-4.85993524099996,42.792777932000035],[-4.863122349999969,42.787881309000056],[-4.863555038999948,42.78581654900006],[-4.859869124999932,42.78329425700008],[-4.861135633999936,42.78151845100007],[-4.859698204999972,42.77883497900007],[-4.871726295999963,42.77875791200006],[-4.873528348999969,42.77425629500004],[-4.869450552999979,42.773550285000056],[-4.886191114999974,42.77480017600004],[-4.902001771999949,42.778350164000074],[-4.905363018999935,42.77208495100007],[-4.892824034999933,42.75778765300004],[-4.903799943999957,42.74931591400008],[-4.905155982999929,42.73780318400003],[-4.903510401999938,42.73805779000003],[-4.899367952999967,42.728712968000025],[-4.891798014999949,42.723581445000036],[-4.897338237999975,42.72433677600003],[-4.910900725999966,42.718615499000066],[-4.915844238999966,42.720610675000046],[-4.918061484999953,42.73358161600004],[-4.92879465599998,42.736709001000065],[-4.935541128999944,42.74313341900006],[-4.920943480999938,42.75226373300006],[-4.915242431999957,42.751907929000026],[-4.916647219999959,42.75271997100003],[-4.914403362999963,42.75519329100007],[-4.921937517999936,42.752470807000066],[-4.924633462999964,42.75404943900003],[-4.9355497509999395,42.748143549000076],[-4.933332122999957,42.75327495500005],[-4.935531424999965,42.75652920300007],[-4.928575147999936,42.75546777300008],[-4.924953083999981,42.75926448600006],[-4.9206397739999375,42.75766569500007],[-4.9096479319999276,42.774148205000074],[-4.908954006999977,42.77955642000006],[-4.902736587999925,42.78446242700005],[-4.9015719799999715,42.783096072000035],[-4.8961839419999365,42.784321275000025],[-4.897281745999976,42.788839566000036],[-4.895862179999938,42.796160403000044],[-4.8983459739999375,42.80121960500003],[-4.898342273999958,42.80546640100005],[-4.902809485999967,42.810773908000044],[-4.897472390999951,42.81648634900006],[-4.896089505999953,42.82808042900007],[-4.892407992999949,42.831640124000046],[-4.881622980999964,42.82167711900007],[-4.880768135999972,42.81741578100008],[-4.878554722999979,42.81583146500003],[-4.856203495999978,42.811568557000044],[-4.84843693199997,42.806831026000054],[-4.838494493999974,42.810169891000044],[-4.832142107999971,42.81000153900004],[-4.831574271999955,42.81315342500005],[-4.825788086999978,42.816442652000035],[-4.8271940009999526,42.81766294100004],[-4.8266447279999625,42.821859102000076],[-4.8208893969999735,42.82166259400003],[-4.809402527999964,42.83300205100005],[-4.802286255999945,42.831036693000044]],[[-4.8612830629999735,42.78381927800007],[-4.861862909999957,42.78351736500008],[-4.860528552999938,42.78390637500007],[-4.8612830629999735,42.78381927800007]],[[-4.842538002999959,42.79273774200004],[-4.841984761999925,42.792693695000025],[-4.84223527599994,42.793096873000025],[-4.842538002999959,42.79273774200004]],[[-4.803162567999948,42.791735076000066],[-4.798704946999976,42.792353314000025],[-4.80304234099998,42.79378248900008],[-4.803162567999948,42.791735076000066]],[[-4.850835908999954,42.78501523500006],[-4.851192724999976,42.785034050000036],[-4.851142975999949,42.784410894000075],[-4.850835908999954,42.78501523500006]],[[-4.850573450999946,42.78567675700003],[-4.850806982999927,42.786095860000046],[-4.851067705999981,42.78544183900004],[-4.850573450999946,42.78567675700003]],[[-4.79900870299997,42.784502915000076],[-4.801057484999944,42.781721926000046],[-4.797595186999956,42.78192028900003],[-4.79900870299997,42.784502915000076]],[[-4.848127587999954,42.781881103000046],[-4.848991741999953,42.78168208400007],[-4.847285971999952,42.78012099700004],[-4.848127587999954,42.781881103000046]]]}},{"type":"Feature","properties":{"ClaseSuelo":"SUELO URBANIZABLE DELIMITADO O SECTORIZADO","NuclRural":"0","AreaLamber":68.91144906,"Shape_STAr":0.0000758338945789},"geometry":{"type":"MultiPolygon","coordinates":[[[[-4.85779255999995,42.78317250100008],[-4.855842121999956,42.78319927500007],[-4.854649275999975,42.77818148100005],[-4.859753265999927,42.77875907300006],[-4.861010680999925,42.78213003500008],[-4.859046252999974,42.78404840200005],[-4.85779255999995,42.78317250100008]]],[[[-4.849735229999965,42.788440216000026],[-4.850462893999975,42.787207641000066],[-4.852650489999974,42.78835935500007],[-4.849735229999965,42.788440216000026]]],[[[-4.849714073999962,42.78868102700005],[-4.851627847999964,42.78915425000008],[-4.849919031999946,42.789330232000054],[-4.849714073999962,42.78868102700005]]],[[[-4.85488500699995,42.788309396000045],[-4.855497570999944,42.78983663100007],[-4.852255168999932,42.789651443000025],[-4.85488500699995,42.788309396000045]]],[[[-4.822497909999925,42.78991340600004],[-4.825551677999954,42.78929418400003],[-4.825526464999939,42.79062255400004],[-4.822497909999925,42.78991340600004]]],[[[-4.831839784999943,42.79086198700003],[-4.828407990999949,42.79060119700006],[-4.828426039999954,42.789348965000045],[-4.835262216999979,42.79032269900006],[-4.831839784999943,42.79086198700003]]],[[[-4.850469508999936,42.790562401000045],[-4.851578379999978,42.79014843700003],[-4.851478532999977,42.79079744400008],[-4.850469508999936,42.790562401000045]]],[[[-4.798913772999981,42.79211279200007],[-4.799215560999926,42.79127846400007],[-4.800136023999926,42.79137488600003],[-4.798913772999981,42.79211279200007]]],[[[-4.847587208999926,42.791015912000034],[-4.8489315719999695,42.79419082000004],[-4.8468852639999795,42.79476066900003],[-4.845336818999954,42.79173857500007],[-4.847587208999926,42.791015912000034]]],[[[-4.834338106999951,42.796606928000074],[-4.837634824999952,42.79298940700005],[-4.836315750999972,42.79601556600005],[-4.834338106999951,42.796606928000074]]],[[[-4.849469666999937,42.79379968300003],[-4.850121362999971,42.79185752500007],[-4.854563387999974,42.79283462800004],[-4.849732891999963,42.79734882100007],[-4.849469666999937,42.79379968300003]]],[[[-4.85144685299997,42.79629345800004],[-4.85010458499994,42.80002026500006],[-4.849623257999951,42.797462661000054],[-4.85144685299997,42.79629345800004]]]]}},{"type":"Feature","properties":{"ClaseSuelo":"SUELO URBANIZABLE NO DELIMITADO O SECTORIZADO","NuclRural":"0","AreaLamber":0.2201228,"Shape_STAr":2.42222556265e-7},"geometry":{"type":"MultiPolygon","coordinates":[[[[-4.800152018999938,42.78184723600003],[-4.801057484999944,42.781721926000046],[-4.801088213999947,42.78201082100003],[-4.800152018999938,42.78184723600003]]],[[[-4.802918262999981,42.793388022000045],[-4.803133549999927,42.793380453000054],[-4.803085840999927,42.79363864100003],[-4.802918262999981,42.793388022000045]]]]}},{"type":"Feature","properties":{"ClaseSuelo":"SUELO URBANO","NuclRural":"0","AreaLamber":253.08285903,"Shape_STAr":0.000278492420447},"geometry":{"type":"MultiPolygon","coordinates":[[[[-4.848298464999971,42.80264736600003],[-4.848416904999965,42.79960714900005],[-4.84361503599996,42.791085320000036],[-4.837987878999968,42.793503817000044],[-4.840995178999947,42.79115611900005],[-4.831862076999926,42.78938531500006],[-4.822547734999944,42.79078369300004],[-4.825526464999939,42.79062255400004],[-4.825551677999954,42.78929418400003],[-4.822447634999946,42.789035245000036],[-4.837080614999934,42.78856227600005],[-4.83896114199996,42.786852639000074],[-4.842904416999943,42.78669764000006],[-4.84423424199997,42.78398136100003],[-4.844182726999975,42.78758493400005],[-4.852181487999928,42.78898028100008],[-4.850707237999927,42.78729029100003],[-4.852031686999965,42.786118540000075],[-4.8513774949999515,42.78085300200007],[-4.854604719999941,42.77788596800008],[-4.855842121999956,42.78319927500007],[-4.859869124999932,42.78329425700008],[-4.863555038999948,42.78581654900006],[-4.863122349999969,42.787881309000056],[-4.85993524099996,42.792777932000035],[-4.855525671999942,42.792352367000035],[-4.85599532699996,42.79461810500004],[-4.854026231999967,42.79386396900003],[-4.849623257999951,42.797462661000054],[-4.850339421999934,42.80008831200007],[-4.848298464999971,42.80264736600003]],[[-4.851396037999962,42.79619270300003],[-4.854563387999974,42.79283462800004],[-4.850121362999971,42.79185752500007],[-4.849732891999963,42.79734882100007],[-4.851396037999962,42.79619270300003]],[[-4.848776417999943,42.79382988200007],[-4.848221530999979,42.791149250000046],[-4.84533816499993,42.791734501000064],[-4.8468852639999795,42.79476066900003],[-4.848776417999943,42.79382988200007]],[[-4.851820441999962,42.79167403000008],[-4.853195098999947,42.79322567100007],[-4.855138106999959,42.791848069000025],[-4.851820441999962,42.79167403000008]],[[-4.8507305429999406,42.79007444800004],[-4.850390610999966,42.79084605700007],[-4.851478532999977,42.79079744400008],[-4.8507305429999406,42.79007444800004]],[[-4.854904691999934,42.788309437000066],[-4.852255168999932,42.789651443000025],[-4.855497570999944,42.78983663100007],[-4.854904691999934,42.788309437000066]],[[-4.851627847999964,42.78915425000008],[-4.849713185999974,42.78868405800006],[-4.849919031999946,42.789330232000054],[-4.851627847999964,42.78915425000008]]],[[[-4.915522019999969,42.75562325300007],[-4.914403362999963,42.75519329100007],[-4.916106232999937,42.75282894600008],[-4.91784202499997,42.75335523500007],[-4.915522019999969,42.75562325300007]]],[[[-4.860850465999931,42.77826043500005],[-4.8584248359999265,42.77842800800005],[-4.861107951999941,42.777243713000075],[-4.859018060999972,42.773349747000054],[-4.8600968109999485,42.77281196700005],[-4.873528348999969,42.77425629500004],[-4.871703210999954,42.778766664000045],[-4.860850465999931,42.77826043500005]]],[[[-4.847252242999957,42.78014518700007],[-4.848991741999953,42.78168208400007],[-4.846889030999932,42.781198465000045],[-4.847252242999957,42.78014518700007]]],[[[-4.7984482069999785,42.78411439800004],[-4.797595186999956,42.78192028900003],[-4.801088213999947,42.78201082100003],[-4.800176662999945,42.78444742600004],[-4.7984482069999785,42.78411439800004]]],[[[-4.861091536999936,42.783616806000055],[-4.861862909999957,42.78351736500008],[-4.860528552999938,42.78390637500007],[-4.861091536999936,42.783616806000055]]],[[[-4.850890966999941,42.78442361300006],[-4.851192724999976,42.785034050000036],[-4.8508404579999365,42.78505712500004],[-4.850890966999941,42.78442361300006]]],[[[-4.850427244999935,42.78598907500003],[-4.851067705999981,42.78544183900004],[-4.850806982999927,42.786095860000046],[-4.850427244999935,42.78598907500003]]],[[[-4.842374770999925,42.79256882300007],[-4.84267101599994,42.79295136200005],[-4.84223527599994,42.793096873000025],[-4.842374770999925,42.79256882300007]]],[[[-4.80304234099998,42.79378248900008],[-4.799306785999931,42.79246081300005],[-4.802576094999949,42.79097874400003],[-4.80304234099998,42.79378248900008]],[[-4.8031273249999344,42.79340989800005],[-4.802918262999981,42.793388022000045],[-4.803050714999927,42.79364297600006],[-4.8031273249999344,42.79340989800005]]]]}},{"type":"Feature","properties":{"ClaseSuelo":"SUELO URBANO NO CONSOLIDADO","NuclRural":"0","AreaLamber":4.16461219,"Shape_STAr":0.00000458324706563},"geometry":{"type":"Polygon","coordinates":[[[-4.851765050999973,42.79203468800006],[-4.855138106999959,42.791848069000025],[-4.853410653999958,42.79322438600008],[-4.851765050999973,42.79203468800006]]]}},{"type":"Feature","properties":{"ClaseSuelo":"SUELO NO URBANIZABLE","NuclRural":"0","AreaLamber":9705.5591194,"Shape_STAr":0.010642913716},"geometry":{"type":"Polygon","coordinates":[[[-4.324942524999926,42.64976447300006],[-4.320689349999952,42.647762310000076],[-4.327052718999937,42.64236615400006],[-4.3289623599999345,42.63811189000006],[-4.323809320999942,42.635532940000076],[-4.322409919999927,42.626462590000074],[-4.316353009999943,42.62085887000006],[-4.313162819999945,42.61469068000008],[-4.306837519999931,42.60956679000003],[-4.292596411999966,42.60596394100003],[-4.294459880999966,42.602935020000075],[-4.288746969999977,42.598415560000035],[-4.287934499999949,42.59329148000006],[-4.285310799999934,42.59135771000007],[-4.286146149999979,42.589304060000075],[-4.282436208999968,42.58668897000007],[-4.286059879999925,42.58391964000003],[-4.285435119999931,42.58198143000004],[-4.2813152299999615,42.58134314000006],[-4.275075738999931,42.58313282000006],[-4.270811665999929,42.58138806300008],[-4.2757502499999305,42.58035157000006],[-4.282568369999979,42.575889690000054],[-4.29379328999994,42.57423255000003],[-4.299305799999956,42.57036083000003],[-4.305346148999945,42.57080557000006],[-4.297636829999931,42.560374410000065],[-4.303103629999953,42.559060670000065],[-4.303331129999947,42.555356750000044],[-4.299788220999972,42.552506090000065],[-4.277691399999981,42.544685220000076],[-4.27894317099998,42.542762020000055],[-4.277417249999928,42.53541224000003],[-4.279613259999962,42.53382073000006],[-4.275357828999972,42.528752790000055],[-4.27214811999994,42.51998067000005],[-4.274000550999972,42.51827601000008],[-4.273682239999971,42.516388300000074],[-4.276650749999931,42.51450009000007],[-4.286203719999946,42.51197080000003],[-4.273073779999947,42.51039712000005],[-4.262646469999936,42.51183622000008],[-4.252285779999966,42.50321400000007],[-4.247041698999965,42.49471561000007],[-4.24610729099993,42.492393320000076],[-4.250818128999981,42.48022952000008],[-4.244853900999942,42.472108320000075],[-4.252649098999939,42.470753640000055],[-4.25439291999993,42.46791581000008],[-4.252237729999933,42.465976140000066],[-4.247468139999967,42.467135830000075],[-4.245622159999925,42.463598680000075],[-4.247199129999956,42.45970011000003],[-4.243705286999955,42.458918536000056],[-4.24259410999997,42.45623793000004],[-4.253317269999968,42.45666151000006],[-4.268845149999947,42.45349175000007],[-4.277152170999955,42.45532670000006],[-4.282367659999977,42.45523243000008],[-4.284776509999972,42.45348535000005],[-4.306724911999936,42.455101365000075],[-4.307028989999935,42.45335120000004],[-4.314211719999946,42.45779022000005],[-4.326855509999973,42.46217488000008],[-4.329878149999956,42.47282076000005],[-4.326107863999937,42.475737442000025],[-4.328122409999935,42.47954132000007],[-4.320126449999975,42.479993670000056],[-4.307833890999973,42.48504232000005],[-4.303192469999942,42.492398680000065],[-4.301103049999938,42.50256286000007],[-4.2928252399999565,42.50603354000003],[-4.2901039599999535,42.51339496000003],[-4.293425869999965,42.51451031000005],[-4.301775039999939,42.51266883000005],[-4.305606519999969,42.51369704000007],[-4.310585749999973,42.51313602000005],[-4.312895960999981,42.51126345000006],[-4.3180666899999665,42.51751731000007],[-4.322602229999973,42.517267050000044],[-4.326088979999952,42.52096424000007],[-4.331368139999938,42.52075007000008],[-4.332943989999933,42.522722060000035],[-4.338275059999944,42.52379478000006],[-4.335156679999955,42.52829792000006],[-4.335534549999977,42.54662015000008],[-4.328058849999934,42.551335840000036],[-4.338711349999926,42.55736292000006],[-4.340279199999941,42.56061365000005],[-4.347945250999942,42.56077617200003],[-4.345777209999937,42.56873537000007],[-4.352688719999946,42.57114861000008],[-4.349865832999967,42.583771703000025],[-4.342623469999978,42.588719852000054],[-4.339925096999934,42.592470595000066],[-4.340203034999945,42.596983401000045],[-4.330995332999976,42.587929376000034],[-4.326909353999952,42.58681677100003],[-4.328213873999971,42.583215824000035],[-4.325860165999927,42.58366440300006],[-4.327791020999939,42.588274125000055],[-4.326949275999937,42.59188839600006],[-4.329047105999962,42.592587062000064],[-4.327304960999925,42.595598934000066],[-4.330807503999949,42.59812546400008],[-4.329185139999936,42.60026147100007],[-4.330635327999971,42.60087699800005],[-4.329940712999928,42.60183663200007],[-4.33115550399998,42.60217707000004],[-4.33395913399994,42.59840943800003],[-4.337321691999932,42.59910649200003],[-4.335051733999933,42.60197106600003],[-4.33648107099998,42.60504167400006],[-4.340801559999932,42.60777869000003],[-4.3424254699999665,42.60846212000007],[-4.349020819999964,42.60506165000004],[-4.3511276999999495,42.60835087000004],[-4.357084979999968,42.61096415000003],[-4.362617838999938,42.61086251000006],[-4.373073429999977,42.60674835000003],[-4.376343309999925,42.60687124000003],[-4.38320878899998,42.61192175000008],[-4.391991350999945,42.61376063000006],[-4.396379429999968,42.616985260000035],[-4.391838739999969,42.61457298000005],[-4.383842589999972,42.62073043000004],[-4.383076089999975,42.62466605000003],[-4.386916979999967,42.63399430000004],[-4.386616099999969,42.636924700000066],[-4.379362569999955,42.63653490000007],[-4.349668949999966,42.64864935000003],[-4.3508129589999385,42.64626745000004],[-4.34477918999994,42.64478049000007],[-4.334978509999928,42.649667960000045],[-4.324942524999926,42.64976447300006]],[[-4.359597633999954,42.61894567100006],[-4.3609053989999325,42.61525538600006],[-4.355796806999933,42.614674086000036],[-4.359597633999954,42.61894567100006]],[[-4.300976591999927,42.542385713000044],[-4.301555980999979,42.53891677300004],[-4.297358284999973,42.539591442000074],[-4.298872229999972,42.542060234000076],[-4.300976591999927,42.542385713000044]],[[-4.25737638399994,42.503292015000056],[-4.264146806999975,42.502467110000055],[-4.264077578999945,42.50096704600003],[-4.262284346999934,42.501015676000065],[-4.2620345209999755,42.498290962000056],[-4.25853776699995,42.49896438500008],[-4.255814516999976,42.495415362000074],[-4.252160648999961,42.49505127700007],[-4.2537178539999445,42.49588568300004],[-4.254157600999974,42.500325634000035],[-4.256333990999963,42.50090789700005],[-4.25737638399994,42.503292015000056]],[[-4.270323873999928,42.485404936000066],[-4.271907745999954,42.48232689100007],[-4.267307997999978,42.48366948700004],[-4.268728855999939,42.48581232300006],[-4.270323873999928,42.485404936000066]],[[-4.266354805999981,42.47344362100006],[-4.2618021459999795,42.470541721000075],[-4.261740435999968,42.47357434600008],[-4.266354805999981,42.47344362100006]]]}},{"type":"Feature","properties":{"ClaseSuelo":"SUELO URBANIZABLE DELIMITADO O SECTORIZADO","NuclRural":"0","AreaLamber":25.27200196,"Shape_STAr":0.0000277361917508},"geometry":{"type":"MultiPolygon","coordinates":[[[[-4.33633810799995,42.601034266000056],[-4.340687532999937,42.59996537100005],[-4.34027528699994,42.60710821600003],[-4.33648107099998,42.60504167400006],[-4.335051733999933,42.60197106600003],[-4.33633810799995,42.601034266000056]]],[[[-4.33170102899993,42.59806365800006],[-4.333621793999953,42.60006292600008],[-4.3315203349999365,42.60020786500007],[-4.33170102899993,42.59806365800006]]]]}},{"type":"Feature","properties":{"ClaseSuelo":"SUELO URBANO","NuclRural":"0","AreaLamber":127.55930246,"Shape_STAr":0.000139945694128},"geometry":{"type":"MultiPolygon","coordinates":[[[[-4.329305232999957,42.600158443000055],[-4.330807503999949,42.59812546400008],[-4.327233578999937,42.59529807900003],[-4.329083369999978,42.59304425000005],[-4.326949275999937,42.59188839600006],[-4.327791020999939,42.588274125000055],[-4.325860165999927,42.58366440300006],[-4.32736306299995,42.58309286800005],[-4.326909353999952,42.58681677100003],[-4.330995332999976,42.587929376000034],[-4.336613150999938,42.59302711600003],[-4.340687532999937,42.59996537100005],[-4.339402236999945,42.60092878700004],[-4.33395913399994,42.59840943800003],[-4.333422097999971,42.59980439200007],[-4.331888525999943,42.59788752600008],[-4.33115550399998,42.60217707000004],[-4.329305232999957,42.600158443000055]]],[[[-4.264471427999979,42.472951015000035],[-4.261740435999968,42.47357434600008],[-4.262027502999956,42.47029117500006],[-4.266616712999962,42.47368841500003],[-4.2651973789999715,42.47446792800008],[-4.264471427999979,42.472951015000035]]],[[[-4.269789695999975,42.48545221400008],[-4.267307997999978,42.48366948700004],[-4.271907745999954,42.48232689100007],[-4.269789695999975,42.48545221400008]]],[[[-4.300734517999956,42.54254133200004],[-4.298872229999972,42.542060234000076],[-4.2980083509999645,42.53896853800006],[-4.301966233999963,42.53942073300004],[-4.300734517999956,42.54254133200004]]],[[[-4.359256753999944,42.618812425000044],[-4.355796806999933,42.614674086000036],[-4.3609053989999325,42.61525538600006],[-4.359256753999944,42.618812425000044]]]]}},{"type":"Feature","properties":{"ClaseSuelo":"SUELO URBANO NO CONSOLIDADO","NuclRural":"0","AreaLamber":2.48863735,"Shape_STAr":0.00000273106983923},"geometry":{"type":"Polygon","coordinates":[[[-4.338185550999981,42.59659962000006],[-4.340271146999953,42.597757397000066],[-4.3389082929999745,42.598385359000076],[-4.338185550999981,42.59659962000006]]]}},{"type":"Feature","properties":{"ClaseSuelo":"SUELO NO URBANIZABLE","NuclRural":"0","AreaLamber":3523.63939304,"Shape_STAr":0.00383070459769},"geometry":{"type":"Polygon","coordinates":[[[-4.214927018999958,42.02616531800004],[-4.20942561399994,42.02334132200008],[-4.20461053799994,42.01589853200005],[-4.20671981299995,42.006086252000046],[-4.208451944999979,42.003816451000034],[-4.214848088999929,42.001713421000034],[-4.217125073999966,41.99320520400005],[-4.222926375999975,41.98595634000003],[-4.231105665999962,41.978780785000026],[-4.235962522999955,41.979638272000045],[-4.247151397999971,41.96537698600008],[-4.248890883999934,41.96670005900006],[-4.260318734999942,41.96360302700003],[-4.280557390999945,41.97089957900005],[-4.28227775199997,41.96942135200004],[-4.2881360219999465,41.97146330800007],[-4.289782557999956,41.97231843800006],[-4.288786863999974,41.973815699000056],[-4.29361327099997,41.975535716000024],[-4.2958523019999575,41.97405140700005],[-4.300560321999967,41.977654839000024],[-4.307375719999925,41.979216638000025],[-4.308670992999964,41.97822017100003],[-4.310446132999971,41.980613678000054],[-4.311383700999954,41.98277355000005],[-4.31023178099997,41.98487621400005],[-4.312505992999945,41.98863298200007],[-4.309974444999966,41.99646153400005],[-4.312221337999972,42.00415445300007],[-4.309753832999945,42.00689358100004],[-4.308446255999968,42.00612509700005],[-4.2956585769999265,42.013295001000074],[-4.288399866999953,42.01387204300005],[-4.281671423999967,42.00477873500006],[-4.264817698999934,41.997643338000046],[-4.2616235979999715,41.99853409800005],[-4.253565575999971,42.00568346800003],[-4.248959094999975,42.015884001000074],[-4.228800026999977,42.02520709200007],[-4.221914302999949,42.02581196500006],[-4.219310337999957,42.029244101000074],[-4.214927018999958,42.02616531800004]],[[-4.270830382999975,41.98792764600006],[-4.2734105809999505,41.98956079800007],[-4.276724440999942,41.98812775600004],[-4.2758064799999715,41.986322709000035],[-4.273105376999979,41.98786806600003],[-4.2714365289999705,41.98599199800003],[-4.270830382999975,41.98792764600006]]]}},{"type":"Feature","properties":{"ClaseSuelo":"SUELO URBANO","NuclRural":"0","AreaLamber":10.10160896,"Shape_STAr":0.000010980733604},"geometry":{"type":"Polygon","coordinates":[[[-4.270830382999975,41.98792764600006],[-4.2714365289999705,41.98599199800003],[-4.273105376999979,41.98786806600003],[-4.2758064799999715,41.986322709000035],[-4.276724440999942,41.98812775600004],[-4.2734105809999505,41.98956079800007],[-4.270830382999975,41.98792764600006]]]}},{"type":"Feature","properties":{"ClaseSuelo":"SUELO NO URBANIZABLE","NuclRural":"0","AreaLamber":1446.86933682,"Shape_STAr":0.00157514445226},"geometry":{"type":"Polygon","coordinates":[[[-4.553830669999968,42.11994088000006],[-4.540291069999967,42.11932185000006],[-4.538915269999961,42.117458010000064],[-4.539235820999977,42.11321181000005],[-4.537520749999942,42.11131648000003],[-4.532746808999946,42.11197474000005],[-4.526003769999932,42.10568821000004],[-4.523545699999943,42.106576450000034],[-4.516992999999957,42.100602070000036],[-4.515295119999962,42.09431113000005],[-4.508699449999938,42.091534040000056],[-4.511402970999939,42.08470776000007],[-4.510241279999946,42.08415566000008],[-4.5148472699999616,42.08160023000005],[-4.512459570999965,42.07982146000006],[-4.513927259999946,42.07900956000003],[-4.513662809999971,42.07704068000004],[-4.518286039999964,42.07472806000004],[-4.517857469999967,42.076525970000034],[-4.5217537399999514,42.074150770000074],[-4.5227392299999565,42.075425600000074],[-4.52557915999995,42.07488354000003],[-4.530063869999935,42.07186079000007],[-4.535126529999957,42.072270530000026],[-4.538691100999927,42.063711900000044],[-4.548207789999935,42.05446060000003],[-4.544128579999949,42.05368696000005],[-4.544823909999934,42.050966720000076],[-4.550344539999969,42.05436872000007],[-4.541966589999959,42.06471267000006],[-4.54726347999997,42.07328740000003],[-4.547687900999961,42.07682113000004],[-4.541983402999961,42.08219920500005],[-4.524639886999978,42.09028060500003],[-4.525758209999935,42.09394924600008],[-4.529180809999957,42.09644869200008],[-4.539286981999965,42.08598865400006],[-4.541324352999936,42.086302991000025],[-4.540348804999951,42.08521012800003],[-4.545497811999951,42.082921946000056],[-4.547889450999946,42.08452810700004],[-4.550657254999976,42.07903289700005],[-4.553374271999928,42.08111196500005],[-4.554638433999969,42.08962009500004],[-4.556022579999933,42.08136113900008],[-4.557129818999954,42.08128661000006],[-4.56216620999993,42.105201700000066],[-4.558132138999952,42.10887703000003],[-4.553338989999929,42.11813730000006],[-4.553830669999968,42.11994088000006]],[[-4.534625597999934,42.110078772000065],[-4.534398326999963,42.10777731600007],[-4.531571554999971,42.108832060000054],[-4.534625597999934,42.110078772000065]],[[-4.539586496999959,42.10850260500007],[-4.542005085999961,42.10730940600007],[-4.548808823999934,42.10801632700003],[-4.544656601999975,42.10499895700008],[-4.538258585999927,42.107114195000065],[-4.539586496999959,42.10850260500007]],[[-4.550083842999925,42.107837516000075],[-4.549969887999964,42.10984406000006],[-4.551817433999929,42.109822389000044],[-4.550083842999925,42.107837516000075]],[[-4.557493780999948,42.09119177400004],[-4.558602253999936,42.089158575000056],[-4.557134853999969,42.082465048000074],[-4.555855955999959,42.090483137000035],[-4.5512548059999745,42.10198906800008],[-4.557493780999948,42.09119177400004]],[[-4.554695710999965,42.089663630000075],[-4.547598406999953,42.08805777300006],[-4.54609008999995,42.089657439000064],[-4.55419607999994,42.091371493000054],[-4.554695710999965,42.089663630000075]],[[-4.516695807999952,42.08345912800007],[-4.517925174999959,42.080447320000076],[-4.514478340999972,42.082709918000035],[-4.516695807999952,42.08345912800007]]]}},{"type":"Feature","properties":{"ClaseSuelo":"SUELO URBANIZABLE DELIMITADO O SECTORIZADO","NuclRural":"0","AreaLamber":136.06758625,"Shape_STAr":0.000148124078041},"geometry":{"type":"MultiPolygon","coordinates":[[[[-4.527194281999925,42.094597349000026],[-4.525369630999933,42.09233276400005],[-4.530770943999926,42.092407739000066],[-4.5301240699999425,42.09021941200007],[-4.528004636999981,42.09118554600008],[-4.528028368999969,42.08834630000007],[-4.538014121999936,42.083934320000026],[-4.538824777999935,42.08482088900007],[-4.546876263999934,42.080138367000075],[-4.547521180999979,42.076654821000034],[-4.550657254999976,42.07903289700005],[-4.547889450999946,42.08452810700004],[-4.545497811999951,42.082921946000056],[-4.540348804999951,42.08521012800003],[-4.541324352999936,42.086302991000025],[-4.537918068999943,42.087174299000026],[-4.531108121999978,42.095224691000055],[-4.529180809999957,42.09644869200008],[-4.527194281999925,42.094597349000026]]],[[[-4.553524463999963,42.08157429100004],[-4.552707045999966,42.08003619500005],[-4.556235145999949,42.08190770300007],[-4.554638433999969,42.08962009500004],[-4.553524463999963,42.08157429100004]]],[[[-4.551235546999976,42.10176812000003],[-4.556028308999942,42.087126725000076],[-4.558224447999976,42.08677765200008],[-4.5579198839999435,42.09084573500007],[-4.551235546999976,42.10176812000003]]],[[[-4.5451414989999535,42.10841170500004],[-4.54116685799994,42.107006624000064],[-4.544656601999975,42.10499895700008],[-4.548808823999934,42.10801632700003],[-4.5451414989999535,42.10841170500004]]]]}},{"type":"Feature","properties":{"ClaseSuelo":"SUELO URBANO","NuclRural":"0","AreaLamber":37.62133152,"Shape_STAr":0.0000409545875888},"geometry":{"type":"MultiPolygon","coordinates":[[[[-4.528903217999925,42.09226539800005],[-4.525284650999936,42.09237696000008],[-4.524639886999978,42.09028060500003],[-4.528271821999965,42.08788401800007],[-4.5279641519999245,42.091237153000066],[-4.53095695199994,42.09094660900007],[-4.530731528999979,42.09247216800003],[-4.528903217999925,42.09226539800005]]],[[[-4.539720971999941,42.08311174200003],[-4.544670642999961,42.079907985000034],[-4.546876263999934,42.080138367000075],[-4.538824777999935,42.08482088900007],[-4.537991939999927,42.08390078100007],[-4.539720971999941,42.08311174200003]]],[[[-4.557120119999979,42.082544952000035],[-4.557829421999941,42.08747593500004],[-4.556042581999975,42.087097707000055],[-4.557120119999979,42.082544952000035]]],[[[-4.547756381999932,42.09001740700006],[-4.54609008999995,42.089657439000064],[-4.547598406999953,42.08805777300006],[-4.554695710999965,42.089663630000075],[-4.55419607999994,42.091371493000054],[-4.547756381999932,42.09001740700006]]],[[[-4.549908309999978,42.10836750400006],[-4.551817433999929,42.109822389000044],[-4.549969887999964,42.10984406000006],[-4.549908309999978,42.10836750400006]]]]}},{"type":"Feature","properties":{"ClaseSuelo":"SUELO URBANO NO CONSOLIDADO","NuclRural":"0","AreaLamber":0.56016638,"Shape_STAr":6.09826298849e-7},"geometry":{"type":"Polygon","coordinates":[[[-4.528387098999929,42.09100403300005],[-4.529480620999948,42.09195490600007],[-4.5279641519999245,42.091237153000066],[-4.528387098999929,42.09100403300005]]]}},{"type":"Feature","properties":{"ClaseSuelo":"SUELO NO URBANIZABLE","NuclRural":"0","AreaLamber":2862.73556721,"Shape_STAr":0.00312855354101},"geometry":{"type":"Polygon","coordinates":[[[-4.274245639999947,42.35857796000005],[-4.269468668999934,42.35712703100006],[-4.264822778999928,42.352513540000075],[-4.266379720999964,42.34721014100006],[-4.270039698999938,42.343270260000054],[-4.269703487999948,42.33923051200003],[-4.267155478999939,42.33807899000004],[-4.2673609909999755,42.33561822200005],[-4.2633487599999285,42.32862010100007],[-4.256883408999954,42.32453953000004],[-4.256776879999961,42.32284761000005],[-4.258662999999956,42.322493690000044],[-4.258912570999939,42.32466135000004],[-4.262209698999925,42.325678750000066],[-4.265124068999967,42.323341121000055],[-4.263574367999979,42.31989099000003],[-4.261302698999941,42.31977192100004],[-4.2649264189999485,42.318327070000066],[-4.263154560999965,42.31225868000007],[-4.267651009999952,42.31320867100004],[-4.284901669999954,42.31123334200004],[-4.294489978999934,42.307820262000064],[-4.302738788999932,42.30244938100003],[-4.3130760899999245,42.31590322100004],[-4.3160480099999745,42.31759825100005],[-4.329089658999976,42.316286020000064],[-4.33673110899997,42.31784522100003],[-4.355954537999935,42.32752581400007],[-4.357216653999956,42.33035696400003],[-4.353230347999954,42.335203972000045],[-4.335636084999976,42.34294798900004],[-4.329054859999928,42.34402406100003],[-4.320493509999949,42.34969747100007],[-4.274245639999947,42.35857796000005]],[[-4.275501062999979,42.34364887900006],[-4.279808338999942,42.34320516300005],[-4.280830624999965,42.340516629000035],[-4.283026004999954,42.339793979000035],[-4.27739854999993,42.336491522000074],[-4.2774845739999705,42.338523845000054],[-4.274489393999943,42.33794798100007],[-4.275501062999979,42.34364887900006]]]}},{"type":"Feature","properties":{"ClaseSuelo":"SUELO URBANO","NuclRural":"0","AreaLamber":30.2314128,"Shape_STAr":0.0000330433861702},"geometry":{"type":"Polygon","coordinates":[[[-4.275501062999979,42.34364887900006],[-4.274489393999943,42.33794798100007],[-4.2774845739999705,42.338523845000054],[-4.27739854999993,42.336491522000074],[-4.283026004999954,42.339793979000035],[-4.280830624999965,42.340516629000035],[-4.279808338999942,42.34320516300005],[-4.275501062999979,42.34364887900006]]]}},{"type":"Feature","properties":{"ClaseSuelo":"SUELO NO URBANIZABLE","NuclRural":"0","AreaLamber":2369.83703487,"Shape_STAr":0.00257593387045},"geometry":{"type":"MultiPolygon","coordinates":[[[[-4.42732800999994,42.00711349000005],[-4.403309739999941,41.99284608000005],[-4.399209923999933,41.980286920000026],[-4.409514169999966,41.97419871000005],[-4.418387399999972,41.977016580000054],[-4.430413948999956,41.97669630000007],[-4.432105819999947,41.973558980000064],[-4.428768929999933,41.97114176000008],[-4.428417969999941,41.968939540000065],[-4.4324230299999385,41.967250480000075],[-4.4354150499999605,41.96237664000006],[-4.441953169999977,41.956926870000075],[-4.454226969999979,41.960221630000035],[-4.457119635999959,41.96199443200004],[-4.457294839999975,41.964648467000075],[-4.451548943999967,41.97315834400007],[-4.4367949429999385,41.980510217000074],[-4.4634439369999654,41.97633955800006],[-4.46953320199998,41.97397939500007],[-4.479758638999954,41.97839478000003],[-4.475923666999961,41.98219097900005],[-4.479699789999927,41.985231430000056],[-4.4819093089999456,41.99201180000006],[-4.484450318999961,41.99225817000007],[-4.48706128799995,41.989288300000055],[-4.492655130999935,41.99051267400006],[-4.493742929999939,41.98643660000005],[-4.496627869999941,41.98848853000004],[-4.495612900999959,41.990510190000066],[-4.4967101669999465,41.991999907000036],[-4.491697989999977,41.99759512000003],[-4.492400839999959,42.00389948000003],[-4.481968669999958,42.00756510000008],[-4.454753979999964,42.00667924000004],[-4.436244059999979,42.011055200000044],[-4.42732800999994,42.00711349000005]],[[-4.426065840999968,41.99041828600008],[-4.427433656999938,41.988807877000056],[-4.424621461999948,41.989816320000045],[-4.426065840999968,41.99041828600008]],[[-4.429026336999925,41.99033334200004],[-4.444163729999957,41.98473583600003],[-4.438582688999929,41.981050347000064],[-4.435138451999933,41.98227725400005],[-4.43509101799998,41.98357549200006],[-4.43195153299996,41.98312625900007],[-4.43264415799996,41.97886289100006],[-4.4392305949999695,41.97292076000008],[-4.437847993999981,41.97124569700003],[-4.436199836999947,41.970809114000076],[-4.431279981999978,41.978526757000054],[-4.4223035839999625,41.98430104800008],[-4.423365978999925,41.98471967900008],[-4.41858217999993,41.98612743800004],[-4.41987648099996,41.98767175300003],[-4.42439430099995,41.98737748000008],[-4.428045270999974,41.98641176900003],[-4.427156744999934,41.98498900000004],[-4.428350660999968,41.98606244300004],[-4.434314934999975,41.98357910400006],[-4.428894300999957,41.98669092800003],[-4.429026336999925,41.99033334200004]],[[-4.432931032999932,41.97898079200007],[-4.438441222999927,41.97716111900007],[-4.436537899999962,41.975343413000076],[-4.432931032999932,41.97898079200007]],[[-4.444007320999958,41.980964984000025],[-4.446833647999938,41.984952047000036],[-4.458897173999958,41.98664548100004],[-4.46032895899998,41.97676514600005],[-4.444007320999958,41.980964984000025]],[[-4.451236832999939,41.95967282400005],[-4.450357370999939,41.960198657000035],[-4.453549314999975,41.961062655000035],[-4.451236832999939,41.95967282400005]]],[[[-4.44980237599998,41.97541796300004],[-4.451037956999926,41.97603859700007],[-4.449339534999979,41.97634243500005],[-4.44980237599998,41.97541796300004]]]]}},{"type":"Feature","properties":{"ClaseSuelo":"SUELO URBANIZABLE DELIMITADO O SECTORIZADO","NuclRural":"0","AreaLamber":336.73232737,"Shape_STAr":0.00036594500295},"geometry":{"type":"MultiPolygon","coordinates":[[[[-4.444328374999941,41.97672972500004],[-4.454391686999941,41.970535907000055],[-4.456962293999936,41.96608436500003],[-4.457119635999959,41.96199443200004],[-4.461331679999944,41.96327472000007],[-4.46953320199998,41.97397939500007],[-4.4634439369999654,41.97633955800006],[-4.436700740999925,41.98041131300005],[-4.444328374999941,41.97672972500004]],[[-4.4504866859999765,41.97538787000008],[-4.449236861999964,41.976250796000045],[-4.4509580989999336,41.97613992500004],[-4.4504866859999765,41.97538787000008]]],[[[-4.432490187999974,41.97874829400007],[-4.431279981999978,41.978526757000054],[-4.435357779999947,41.97185628700004],[-4.437847993999981,41.97124569700003],[-4.4392305949999695,41.97292076000008],[-4.432490187999974,41.97874829400007]]],[[[-4.434984205999967,41.97688984100006],[-4.436558011999978,41.97534316100007],[-4.438441222999927,41.97716111900007],[-4.432877026999961,41.97896502400005],[-4.434984205999967,41.97688984100006]]],[[[-4.444428414999948,41.98052003300006],[-4.46032895899998,41.97676514600005],[-4.458897173999958,41.98664548100004],[-4.446833647999938,41.984952047000036],[-4.443053108999948,41.98113783400004],[-4.444428414999948,41.98052003300006]]],[[[-4.419483634999949,41.98720113600007],[-4.41858217999993,41.98612743800004],[-4.427868780999972,41.98444153400004],[-4.431386778999979,41.98168943500008],[-4.43195153299996,41.98312625900007],[-4.43509101799998,41.98357549200006],[-4.435138451999933,41.98227725400005],[-4.438582688999929,41.981050347000064],[-4.437842321999938,41.98451645800003],[-4.433362192999937,41.98518093500007],[-4.434314934999975,41.98357910400006],[-4.432523195999977,41.983306861000074],[-4.428350660999968,41.98606244300004],[-4.427156744999934,41.98498900000004],[-4.428045270999974,41.98641176900003],[-4.426889133999964,41.98694609000006],[-4.419483634999949,41.98720113600007]]]]}},{"type":"Feature","properties":{"ClaseSuelo":"SUELO URBANIZABLE NO DELIMITADO O SECTORIZADO","NuclRural":"0","AreaLamber":21.6518551,"Shape_STAr":0.0000235343021303},"geometry":{"type":"Polygon","coordinates":[[[-4.431970916999944,41.984576624000056],[-4.435725450999939,41.987777065000046],[-4.429027477999966,41.99033648100004],[-4.428894300999957,41.98669092800003],[-4.431970916999944,41.984576624000056]]]}},{"type":"Feature","properties":{"ClaseSuelo":"SUELO URBANO","NuclRural":"0","AreaLamber":47.41364746,"Shape_STAr":0.0000515320037881},"geometry":{"type":"MultiPolygon","coordinates":[[[[-4.434551882999926,41.98458104500003],[-4.437842321999938,41.98451645800003],[-4.43933451099997,41.98159892000007],[-4.444242482999925,41.98445457300005],[-4.435905993999938,41.987978396000074],[-4.433362192999937,41.98518093500007],[-4.434551882999926,41.98458104500003]]],[[[-4.4509968579999395,41.95967776400005],[-4.453811792999943,41.96025118800003],[-4.453549314999975,41.961062655000035],[-4.4509968579999395,41.95967776400005]]],[[[-4.423687430999962,41.98470662200003],[-4.4223035839999625,41.98430104800008],[-4.430724290999933,41.97837145600005],[-4.432790945999955,41.97897702800003],[-4.430165830999954,41.98321557400004],[-4.423687430999962,41.98470662200003]],[[-4.426850460999958,41.984376326000074],[-4.426100615999928,41.98365288200006],[-4.422684593999975,41.98447177700007],[-4.426850460999958,41.984376326000074]],[[-4.429934902999946,41.98151623600006],[-4.4313158259999454,41.97995536600007],[-4.430458212999952,41.97919948400005],[-4.428978626999935,41.98093759400007],[-4.429934902999946,41.98151623600006]]]]}},{"type":"Feature","properties":{"ClaseSuelo":"SUELO URBANO NO CONSOLIDADO","NuclRural":"0","AreaLamber":3.71236624,"Shape_STAr":0.00000403481469829},"geometry":{"type":"MultiPolygon","coordinates":[[[[-4.4297790659999805,41.98160779700004],[-4.428978626999935,41.98093759400007],[-4.430721968999933,41.979286081000055],[-4.4297790659999805,41.98160779700004]]],[[[-4.424666946999935,41.98454469400008],[-4.422684593999975,41.98447177700007],[-4.426850460999958,41.984376326000074],[-4.424666946999935,41.98454469400008]]]]}},{"type":"Feature","properties":{"ClaseSuelo":"SUELO NO URBANIZABLE","NuclRural":"0","AreaLamber":2535.35683441,"Shape_STAr":0.00278861425851},"geometry":{"type":"Polygon","coordinates":[[[-4.8518400729999485,42.76873291100003],[-4.848747851999974,42.769985234000046],[-4.836908609999966,42.767690490000064],[-4.815316009999947,42.770358130000034],[-4.807908883999971,42.75355452100007],[-4.802554699999973,42.749694420000026],[-4.800807749999933,42.74506615000007],[-4.818365709999966,42.74299674000008],[-4.824448189999941,42.74043259000007],[-4.829195718999927,42.74109531000005],[-4.832083289999957,42.73916706000006],[-4.861715648999962,42.743462100000045],[-4.869463869999947,42.74028313000008],[-4.888983168999971,42.742979640000044],[-4.904743578999955,42.73778378000003],[-4.905321639999954,42.74189855000003],[-4.903407259999938,42.74441582000003],[-4.903439429999935,42.74945819000004],[-4.892920369999956,42.75753008000004],[-4.905045558999973,42.77196244000004],[-4.9020405989999745,42.77841507000005],[-4.887608729999954,42.77497074000007],[-4.861573409999949,42.77257830000008],[-4.8518400729999485,42.76873291100003]],[[-4.839392078999936,42.75814219200004],[-4.8399245389999805,42.76312295500003],[-4.8407903679999436,42.76295049200007],[-4.839392078999936,42.75814219200004]],[[-4.837883614999953,42.74847622600004],[-4.836207646999981,42.74962854300003],[-4.839683622999928,42.74943998500004],[-4.840850644999932,42.75551176000005],[-4.844008677999966,42.754987595000046],[-4.840307119999977,42.74860561300005],[-4.837883614999953,42.74847622600004]]]}},{"type":"Feature","properties":{"ClaseSuelo":"SUELO URBANIZABLE DELIMITADO O SECTORIZADO","NuclRural":"0","AreaLamber":5.84309635,"Shape_STAr":0.00000642690418352},"geometry":{"type":"MultiPolygon","coordinates":[[[[-4.839392078999936,42.75814219200004],[-4.8407903679999436,42.76295049200007],[-4.8399245389999805,42.76312295500003],[-4.839392078999936,42.75814219200004]]],[[[-4.8376259549999645,42.748477079000054],[-4.837371745999974,42.750184671000056],[-4.836207646999981,42.74962854300003],[-4.8376259549999645,42.748477079000054]]]]}},{"type":"Feature","properties":{"ClaseSuelo":"SUELO URBANO","NuclRural":"0","AreaLamber":11.03433223,"Shape_STAr":0.0000121359596877},"geometry":{"type":"Polygon","coordinates":[[[-4.837815919999969,42.748569442000075],[-4.840307119999977,42.74860561300005],[-4.844008677999966,42.754987595000046],[-4.840850644999932,42.75551176000005],[-4.839800989999958,42.74963706200003],[-4.837815919999969,42.748569442000075]]]}},{"type":"Feature","properties":{"ClaseSuelo":"SUELO NO URBANIZABLE","NuclRural":"0","AreaLamber":2499.61783122,"Shape_STAr":0.00271883430348},"geometry":{"type":"MultiPolygon","coordinates":[[[[-4.698069849999968,42.06123065000003],[-4.692195669999933,42.05030282000007],[-4.683644139999956,42.05502172000007],[-4.666680579999934,42.040382040000054],[-4.673605129999942,42.036759860000075],[-4.6843209599999796,42.02531834000007],[-4.692645939999977,42.023133460000054],[-4.6996888999999555,42.019093670000075],[-4.723366680999959,42.01569654000008],[-4.735025900999972,42.01586314000008],[-4.7371575399999415,42.01785730000006],[-4.739406548999966,42.03787108000006],[-4.7413991999999325,42.04270421000007],[-4.739374379999958,42.049084280000045],[-4.7398543099999415,42.05294066000005],[-4.73334983999996,42.05638036000005],[-4.731236919999958,42.059564410000064],[-4.729600889999972,42.05939994000005],[-4.729112799999939,42.062343310000074],[-4.724649749999969,42.06445485000006],[-4.724422199999935,42.067655460000026],[-4.721961389999933,42.07052034000003],[-4.711712259999956,42.07686088000003],[-4.710330639999938,42.07178398000008],[-4.703315009999926,42.064386160000026],[-4.698069849999968,42.06123065000003]],[[-4.716000404999932,42.030030845000056],[-4.717465901999958,42.02690755300006],[-4.720195241999932,42.02572225100005],[-4.712014436999937,42.02432049600003],[-4.712121277999927,42.02728372900003],[-4.714961498999969,42.03057747400004],[-4.716000404999932,42.030030845000056]]],[[[-4.677314689999946,42.05834762000006],[-4.670451809999975,42.05841168000006],[-4.670571479999978,42.054681360000075],[-4.669088529999954,42.053892380000036],[-4.672875369999929,42.05129751000004],[-4.681396639999946,42.056405590000054],[-4.680470629999945,42.05840953000006],[-4.677314689999946,42.05834762000006]]]]}},{"type":"Feature","properties":{"ClaseSuelo":"SUELO URBANO","NuclRural":"0","AreaLamber":22.74211408,"Shape_STAr":0.0000247308300369},"geometry":{"type":"Polygon","coordinates":[[[-4.712686909999945,42.02575634900006],[-4.713866153999959,42.02512653600007],[-4.712014436999937,42.02432049600003],[-4.720220101999928,42.02576643800006],[-4.717465901999958,42.02690755300006],[-4.715639679999981,42.03073628400006],[-4.712121277999927,42.02728372900003],[-4.712686909999945,42.02575634900006]]]}},{"type":"Feature","properties":{"ClaseSuelo":"SUELO URBANO NO CONSOLIDADO","NuclRural":"0","AreaLamber":1.39763012,"Shape_STAr":0.00000151980322215},"geometry":{"type":"Polygon","coordinates":[[[-4.712686909999945,42.02575634900006],[-4.711865523999961,42.024479308000025],[-4.713865261999956,42.02512475000003],[-4.712686909999945,42.02575634900006]]]}},{"type":"Feature","properties":{"ClaseSuelo":"SUELO NO URBANIZABLE","NuclRural":"0","AreaLamber":1371.97067825,"Shape_STAr":0.00150047395258},"geometry":{"type":"Polygon","coordinates":[[[-4.617283939999936,42.39567176000003],[-4.617604149999977,42.39394715900005],[-4.613940898999942,42.38991018000007],[-4.6078569299999685,42.38953632000005],[-4.602334028999962,42.38638054100005],[-4.604792078999935,42.38177128900003],[-4.612654088999932,42.37855407100005],[-4.61256291899997,42.37688930100006],[-4.618841999999972,42.372135901000036],[-4.62372464799995,42.37025675000007],[-4.6203229279999505,42.36643238100004],[-4.626583038999968,42.36383119000004],[-4.633590888999947,42.367144781000036],[-4.641468208999925,42.38190077100006],[-4.6505201709999255,42.382446310000034],[-4.662230249999936,42.37875598100004],[-4.663941927999929,42.38101862100007],[-4.661489150999955,42.38612438100006],[-4.658325748999971,42.38870976100003],[-4.660454908999952,42.39205608900005],[-4.659807709999939,42.39377654100008],[-4.66244255099997,42.39601678300005],[-4.660662183999932,42.398537135000026],[-4.641830820999928,42.40794000000005],[-4.631349359999945,42.411457651000035],[-4.626879428999928,42.41107986000003],[-4.624247748999949,42.40893777900004],[-4.6200114089999715,42.40345920000004],[-4.617283939999936,42.39567176000003]],[[-4.643007248999936,42.39356597800003],[-4.643441511999981,42.392123370000036],[-4.640096637999932,42.39087684900005],[-4.643007248999936,42.39356597800003]],[[-4.629608952999945,42.38165562100005],[-4.62929350099995,42.37809660400006],[-4.628273510999975,42.38017006100006],[-4.629608952999945,42.38165562100005]]]}},{"type":"Feature","properties":{"ClaseSuelo":"SUELO URBANO","NuclRural":"0","AreaLamber":7.78945133,"Shape_STAr":0.00000851866954825},"geometry":{"type":"MultiPolygon","coordinates":[[[[-4.643007248999936,42.39356597800003],[-4.640096637999932,42.39087684900005],[-4.643441511999981,42.392123370000036],[-4.643007248999936,42.39356597800003]]],[[[-4.629608952999945,42.38165562100005],[-4.628273510999975,42.38017006100006],[-4.62929350099995,42.37809660400006],[-4.629608952999945,42.38165562100005]]]]}},{"type":"Feature","properties":{"ClaseSuelo":"SUELO NO URBANIZABLE","NuclRural":"0","AreaLamber":10328.0992539,"Shape_STAr":0.0113580870125},"geometry":{"type":"MultiPolygon","coordinates":[[[[-4.477095259999942,42.81221571400005],[-4.477917709999929,42.79993660000008],[-4.462418699999944,42.78569957000008],[-4.460226298999942,42.78865434000005],[-4.446003379999979,42.785358580000036],[-4.428754079999976,42.77106692000007],[-4.422485549999976,42.759932820000074],[-4.429932529999974,42.73991961000007],[-4.415622159999941,42.73812485000008],[-4.408356789999971,42.733963550000055],[-4.398314639999967,42.732843580000065],[-4.403443479999964,42.73114190000007],[-4.399776409999959,42.723423670000045],[-4.397675779999929,42.72234155000007],[-4.40229924099998,42.71938538000006],[-4.398157119999951,42.718211170000075],[-4.392021098999976,42.71196400000008],[-4.394901209999944,42.70915540000004],[-4.392999249999946,42.70273068000006],[-4.390426959999957,42.70345528000007],[-4.385469119999925,42.69683329000003],[-4.379777100999945,42.68622157000004],[-4.378367349999962,42.67655778000005],[-4.394941579999966,42.67111625000007],[-4.403523299999961,42.67177700000008],[-4.405316609999943,42.67066538000006],[-4.40861893999994,42.67207474000003],[-4.416812019999952,42.66796644000004],[-4.424535469999967,42.66685318000003],[-4.4283989399999655,42.66397745000006],[-4.432376309999938,42.66448619000005],[-4.435389167999972,42.66123403800003],[-4.441814309999927,42.66684445000004],[-4.439769289999958,42.67182314000007],[-4.437600799999927,42.67251673000004],[-4.440013660999966,42.677124280000044],[-4.445053979999955,42.68132949000005],[-4.445101329999943,42.686534040000026],[-4.4386560709999685,42.69975394000005],[-4.44491237099993,42.70577199000007],[-4.445139319999953,42.70871390000008],[-4.4563153099999795,42.71302129000003],[-4.463384588999929,42.72180170000007],[-4.473987179999938,42.72752859000008],[-4.485912499999927,42.72973417000003],[-4.502445669999929,42.75023149000003],[-4.506855799999926,42.75220886000005],[-4.520921339999973,42.76473886000008],[-4.524937598999941,42.766045494000025],[-4.517961689999936,42.77317118000008],[-4.51737916999997,42.77634881000006],[-4.513863489999949,42.77705270000007],[-4.510876019999955,42.78390028000007],[-4.5033168509999655,42.790825840000025],[-4.5010165599999254,42.79480941000003],[-4.500570589999938,42.79963318000006],[-4.488877249999973,42.810241080000026],[-4.477095259999942,42.81221571400005]],[[-4.49265042199994,42.78494265000006],[-4.493277807999959,42.78372406400007],[-4.490815272999953,42.78422552600006],[-4.492488316999925,42.786005060000036],[-4.49265042199994,42.78494265000006]],[[-4.475896856999952,42.772588505000044],[-4.475949421999928,42.77150282400004],[-4.47444782499997,42.77094502600005],[-4.475896856999952,42.772588505000044]],[[-4.442976382999973,42.768363779000026],[-4.443618235999963,42.76452907300006],[-4.442260286999954,42.76621168300005],[-4.442976382999973,42.768363779000026]],[[-4.468664376999925,42.75205267500007],[-4.465179999999975,42.74838264400006],[-4.465694156999973,42.750858848000064],[-4.468664376999925,42.75205267500007]],[[-4.46521041099993,42.74695725000004],[-4.465740333999975,42.74667169600008],[-4.464500339999972,42.746868636000045],[-4.46521041099993,42.74695725000004]],[[-4.45745613899993,42.73548234100008],[-4.459474273999945,42.73443209200008],[-4.455996012999947,42.73372101500007],[-4.45745613899993,42.73548234100008]],[[-4.4574579449999305,42.73390258000006],[-4.456937253999968,42.731264388000056],[-4.455257152999934,42.73280828800006],[-4.4574579449999305,42.73390258000006]],[[-4.423659354999927,42.724405768000054],[-4.425737714999968,42.72301225100006],[-4.425001438999971,42.72119862300008],[-4.42697424399995,42.720704685000044],[-4.423063016999947,42.72150148600008],[-4.423659354999927,42.724405768000054]],[[-4.413010412999938,42.704319198000064],[-4.410170887999925,42.703041288000065],[-4.410269998999979,42.70542278500005],[-4.413010412999938,42.704319198000064]],[[-4.405345787999977,42.69270788600005],[-4.406897680999975,42.691056683000056],[-4.402954227999942,42.69149816700008],[-4.405345787999977,42.69270788600005]],[[-4.429889508999963,42.68594286600006],[-4.4301110039999685,42.684052988000076],[-4.428234344999964,42.68573237500004],[-4.429889508999963,42.68594286600006]]],[[[-4.474617879999926,42.669021040000075],[-4.481534579999959,42.66840059000003],[-4.4876974899999595,42.67302168000003],[-4.463296749999927,42.676973770000075],[-4.462628939999945,42.67555942000007],[-4.474617879999926,42.669021040000075]]],[[[-4.515771299999926,42.72692994000005],[-4.51107352899993,42.718571790000055],[-4.491891929999952,42.70347766000003],[-4.494688579999945,42.70095575000005],[-4.493233939999925,42.69833611000007],[-4.4967008309999414,42.697300330000076],[-4.503394989999947,42.69036865000004],[-4.512425494999945,42.68521617500005],[-4.539200599999958,42.70426636000008],[-4.541208068999936,42.70891327800007],[-4.538550523999959,42.714028022000036],[-4.541624344999946,42.71487850200003],[-4.541098665999925,42.72620511400004],[-4.562213129999975,42.72457759000008],[-4.568047947999958,42.72686651600003],[-4.5602197399999795,42.740076120000026],[-4.558021758999928,42.74890434000008],[-4.550121889999957,42.75158699000008],[-4.539859269999965,42.76300913000006],[-4.527985780999927,42.76573456700004],[-4.529139354999927,42.75747935900006],[-4.52710740699996,42.75435443400005],[-4.526477449999959,42.74461882000003],[-4.530325639999944,42.73764230000006],[-4.5310689849999335,42.732103306000056],[-4.51832724999997,42.72956177000003],[-4.515771299999926,42.72692994000005]]]]}},{"type":"Feature","properties":{"ClaseSuelo":"SUELO URBANO","NuclRural":"0","AreaLamber":27.29040788,"Shape_STAr":0.0000300122397777},"geometry":{"type":"MultiPolygon","coordinates":[[[[-4.423470321999957,42.724477214000046],[-4.423063016999947,42.72150148600008],[-4.42697424399995,42.720704685000044],[-4.425001438999971,42.72119862300008],[-4.425737714999968,42.72301225100006],[-4.423470321999957,42.724477214000046]]],[[[-4.429887624999935,42.686424199000044],[-4.428234344999964,42.68573237500004],[-4.4301110039999685,42.684052988000076],[-4.429887624999935,42.686424199000044]]],[[[-4.405007852999972,42.69290502900003],[-4.402954227999942,42.69149816700008],[-4.406953917999942,42.69111556100006],[-4.405007852999972,42.69290502900003]]],[[[-4.410806950999927,42.70559488200007],[-4.4103854399999705,42.702957636000065],[-4.413010412999938,42.704319198000064],[-4.410806950999927,42.70559488200007]]],[[[-4.456846022999969,42.733028757000056],[-4.455257152999934,42.73280828800006],[-4.456937253999968,42.731264388000056],[-4.458075548999943,42.73405198300003],[-4.456846022999969,42.733028757000056]]],[[[-4.457235018999938,42.735287388000074],[-4.455996012999947,42.73372101500007],[-4.459474273999945,42.73443209200008],[-4.457235018999938,42.735287388000074]]],[[[-4.464518517999977,42.746954180000046],[-4.465577563999943,42.746623741000064],[-4.4657788779999805,42.74693568400005],[-4.464518517999977,42.746954180000046]]],[[[-4.4674385429999575,42.75189444200004],[-4.465179999999975,42.74838264400006],[-4.468620949999945,42.75062361000005],[-4.468459378999967,42.75240794300004],[-4.4674385429999575,42.75189444200004]]],[[[-4.442784586999949,42.76832092300003],[-4.442300299999943,42.76598482400004],[-4.443618235999963,42.76452907300006],[-4.442784586999949,42.76832092300003]]],[[[-4.475605154999926,42.77284042900004],[-4.47444782499997,42.77094502600005],[-4.475949421999928,42.77150282400004],[-4.475605154999926,42.77284042900004]]],[[[-4.492494100999977,42.78570714800003],[-4.490815272999953,42.78422552600006],[-4.492269010999962,42.78347273000003],[-4.493496411999956,42.78487920400005],[-4.492494100999977,42.78570714800003]]]]}},{"type":"Feature","properties":{"ClaseSuelo":"SUELO URBANIZABLE DELIMITADO O SECTORIZADO","NuclRural":"0","AreaLamber":18.61043487,"Shape_STAr":0.000020304013418},"geometry":{"type":"MultiPolygon","coordinates":[[[[-4.9652838849999625,42.245792582000036],[-4.96516687899998,42.24276950900003],[-4.969644979999941,42.24483401900005],[-4.969265936999932,42.24597758400006],[-4.965541473999963,42.245514065000066],[-4.969161285999974,42.24625460300007],[-4.968829103999951,42.24724185400004],[-4.965262520999943,42.24691102400004],[-4.9652838849999625,42.245792582000036]]],[[[-4.967579390999958,42.248184852000065],[-4.967461236999952,42.24710576000007],[-4.969243610999968,42.24741311200006],[-4.967579390999958,42.248184852000065]]],[[[-4.970767738999939,42.249125252000056],[-4.9695349919999785,42.248615640000025],[-4.971442608999951,42.24777491400005],[-4.970767738999939,42.249125252000056]]],[[[-4.963055404999977,42.250641923000046],[-4.964642345999948,42.25359236600008],[-4.962944172999926,42.25356295000006],[-4.963055404999977,42.250641923000046]]]]}},{"type":"Feature","properties":{"ClaseSuelo":"SUELO URBANIZABLE NO DELIMITADO O SECTORIZADO","NuclRural":"0","AreaLamber":1.53302597,"Shape_STAr":0.00000167252748778},"geometry":{"type":"MultiPolygon","coordinates":[[[[-4.965514196999948,42.24561349900006],[-4.969265936999932,42.24597758400006],[-4.969161285999974,42.24625460300007],[-4.965514196999948,42.24561349900006]]],[[[-4.964244303999976,42.24565654100007],[-4.965364714999964,42.24551629500007],[-4.9652838849999625,42.245792582000036],[-4.964244303999976,42.24565654100007]]],[[[-4.967148728999973,42.247500933000026],[-4.965262520999943,42.24691102400004],[-4.9692605399999366,42.247322530000076],[-4.967148728999973,42.247500933000026]]]]}},{"type":"Feature","properties":{"ClaseSuelo":"SUELO URBANO","NuclRural":"0","AreaLamber":69.10151855,"Shape_STAr":0.0000754016035283},"geometry":{"type":"MultiPolygon","coordinates":[[[[-4.964180101999943,42.25617935900004],[-4.963075954999965,42.25058484500005],[-4.964244303999976,42.24565654100007],[-4.9691438809999795,42.247946712000044],[-4.969644979999941,42.24483401900005],[-4.967327913999952,42.24353222900004],[-4.96900760099993,42.243019263000065],[-4.973807659999977,42.24615650000004],[-4.9695349919999785,42.248615640000025],[-4.971168673999955,42.25015078600006],[-4.967960336999965,42.25326818100007],[-4.968488689999958,42.255780549000065],[-4.964180101999943,42.25617935900004]]],[[[-4.9792802129999245,42.268449288000056],[-4.97798106099998,42.26683940800007],[-4.98156832899997,42.26631369800003],[-4.982002730999966,42.268252534000055],[-4.9792802129999245,42.268449288000056]]],[[[-4.935885897999981,42.29939871400006],[-4.934457102999943,42.29862967500003],[-4.9357778249999456,42.29735314700008],[-4.937870360999966,42.298727479000036],[-4.935885897999981,42.29939871400006]]],[[[-4.92655082899995,42.31673796100006],[-4.927638012999978,42.31438440200003],[-4.929038152999965,42.314868226000044],[-4.92655082899995,42.31673796100006]]]]}},{"type":"Feature","properties":{"ClaseSuelo":"SUELO NO URBANIZABLE","NuclRural":"0","AreaLamber":1688.97155768,"Shape_STAr":0.00183683509177},"geometry":{"type":"Polygon","coordinates":[[[-4.483782229999974,42.04081409400004],[-4.457517899999971,42.03409566000005],[-4.44721956099994,42.023742510000034],[-4.446407769999951,42.02096976000007],[-4.44369439999997,42.02115702000003],[-4.447130932999926,42.01824973600003],[-4.4440522859999305,42.01882880100004],[-4.443280689999938,42.01782085000008],[-4.444571659999951,42.017228200000034],[-4.441108159999942,42.013074740000036],[-4.43746656999997,42.012787150000065],[-4.436244059999979,42.011055200000044],[-4.454753979999964,42.00667924000004],[-4.481968669999958,42.00756510000008],[-4.4965018999999415,42.01451866000008],[-4.5078789109999775,42.01760310000003],[-4.51101086999995,42.01980451000003],[-4.513922539999953,42.025944510000045],[-4.518911679999974,42.02979292300006],[-4.518913554999926,42.032500259000074],[-4.520943351999961,42.03209742100006],[-4.516235909999978,42.04042318000006],[-4.508788509999931,42.047357100000056],[-4.503437820999977,42.04898539000004],[-4.483782229999974,42.04081409400004]],[[-4.517705880999927,42.032924853000054],[-4.51631383299997,42.03045111300003],[-4.511896398999966,42.03178664200004],[-4.512989243999925,42.03968197100005],[-4.5109432349999565,42.03933659200004],[-4.50723540499996,42.03620950000004],[-4.508671338999932,42.03425886300005],[-4.504936680999947,42.03275840400005],[-4.508020209999927,42.02797049800006],[-4.501452361999952,42.024691018000055],[-4.494088986999941,42.02343472800004],[-4.49103346499993,42.035032167000054],[-4.504745220999951,42.03506322800007],[-4.504105644999925,42.03972415900006],[-4.508863538999947,42.03799646500005],[-4.5159763639999255,42.04031964700005],[-4.518571597999937,42.03605301500005],[-4.517705880999927,42.032924853000054]],[[-4.507196311999962,42.02328954300003],[-4.510270795999929,42.023635514000034],[-4.511751139999944,42.02158448400007],[-4.507869103999951,42.01970894100003],[-4.506044158999941,42.02243596000005],[-4.507196311999962,42.02328954300003]],[[-4.507487319999939,42.03037127500005],[-4.507433842999944,42.030392634000066],[-4.507542912999952,42.030351119000045],[-4.507487319999939,42.03037127500005]],[[-4.507088539999927,42.03058690700004],[-4.507046831999958,42.030619166000065],[-4.507133015999955,42.03055513500004],[-4.507088539999927,42.03058690700004]],[[-4.508714883999971,42.03149887200004],[-4.508628298999952,42.03156320800008],[-4.5086727749999795,42.03153143600008],[-4.508714883999971,42.03149887200004]],[[-4.508328151999933,42.031725444000074],[-4.50821839799994,42.031767229000025],[-4.508273991999943,42.03174707200003],[-4.508328151999933,42.031725444000074]]]}},{"type":"Feature","properties":{"ClaseSuelo":"SUELO URBANIZABLE DELIMITADO O SECTORIZADO","NuclRural":"0","AreaLamber":163.67745339,"Shape_STAr":0.000178022972497},"geometry":{"type":"MultiPolygon","coordinates":[[[[-4.4959619199999565,42.03499626400003],[-4.49103346499993,42.035032167000054],[-4.494088986999941,42.02343472800004],[-4.504393506999975,42.026253917000076],[-4.5015032919999385,42.029433554000036],[-4.500196095999968,42.035488265000026],[-4.4959619199999565,42.03499626400003]],[[-4.493581567999968,42.03170357800008],[-4.4930130839999265,42.033617622000065],[-4.495075720999978,42.03195548900004],[-4.493581567999968,42.03170357800008]]],[[[-4.50772707699997,42.01991572000003],[-4.509129304999931,42.02082113200004],[-4.506488888999968,42.021718357000054],[-4.50772707699997,42.01991572000003]]],[[[-4.505855288999953,42.02760540100007],[-4.508020209999927,42.02797049800006],[-4.505719124999928,42.03054723900004],[-4.504457110999965,42.029182467000055],[-4.505855288999953,42.02760540100007]]],[[[-4.511896398999966,42.03178664200004],[-4.51631383299997,42.03045111300003],[-4.518578427999955,42.035665109000035],[-4.517727842999932,42.03764649300007],[-4.513236423999956,42.037103743000046],[-4.511896398999966,42.03178664200004]]],[[[-4.509168650999925,42.03810176500008],[-4.504105644999925,42.03972415900006],[-4.504882743999929,42.03492221500005],[-4.500553813999943,42.03538247500006],[-4.501098707999972,42.03247321400005],[-4.506207581999945,42.03285548100007],[-4.508671338999932,42.03425886300005],[-4.50723540499996,42.03620950000004],[-4.508656499999972,42.037693872000034],[-4.516070108999941,42.04020114900004],[-4.509168650999925,42.03810176500008]]]]}},{"type":"Feature","properties":{"ClaseSuelo":"SUELO URBANIZABLE NO DELIMITADO O SECTORIZADO","NuclRural":"0","AreaLamber":1.27777564,"Shape_STAr":0.00000138982718395},"geometry":{"type":"Polygon","coordinates":[[[-4.501049264999949,42.035634548000075],[-4.501003339999954,42.032103790000065],[-4.500553813999943,42.03538247500006],[-4.504882743999929,42.03492221500005],[-4.501049264999949,42.035634548000075]]]}},{"type":"Feature","properties":{"ClaseSuelo":"SUELO URBANO","NuclRural":"0","AreaLamber":10.77775888,"Shape_STAr":0.00001172221281},"geometry":{"type":"Polygon","coordinates":[[[-4.5026841829999285,42.03338368500005],[-4.501351588999967,42.03009632700008],[-4.502676003999966,42.028072665000025],[-4.505719124999928,42.03054723900004],[-4.504535073999932,42.03312551100004],[-4.5026841829999285,42.03338368500005]],[[-4.504506971999945,42.031165747000045],[-4.503056754999932,42.03133003200003],[-4.504087851999941,42.03188030500007],[-4.504506971999945,42.031165747000045]]]}},{"type":"Feature","properties":{"ClaseSuelo":"SUELO URBANO NO CONSOLIDADO","NuclRural":"0","AreaLamber":32.23548605,"Shape_STAr":0.0000350599850836},"geometry":{"type":"MultiPolygon","coordinates":[[[[-4.508280126999978,42.02341306500006],[-4.506488888999968,42.021718357000054],[-4.509943290999956,42.020258099000046],[-4.511751139999944,42.02158448400007],[-4.510462201999928,42.02354923400003],[-4.508280126999978,42.02341306500006]]],[[[-4.502676003999966,42.028072665000025],[-4.504393506999975,42.026253917000076],[-4.506394090999947,42.02725137600004],[-4.504508373999954,42.029037569000025],[-4.502676003999966,42.028072665000025]]],[[[-4.503056754999932,42.03133003200003],[-4.504665855999974,42.03087519300004],[-4.504087851999941,42.03188030500007],[-4.503056754999932,42.03133003200003]]],[[[-4.501136229999929,42.03209995900005],[-4.501351588999967,42.03009632700008],[-4.502845453999953,42.031430398000055],[-4.501136229999929,42.03209995900005]]],[[[-4.504519434999963,42.031606201000045],[-4.505719124999928,42.03054723900004],[-4.504936680999947,42.03275840400005],[-4.504519434999963,42.031606201000045]]],[[[-4.518483148999962,42.029974964000075],[-4.520866488999957,42.03144567000004],[-4.520517248999965,42.03264246100008],[-4.518913554999926,42.032500259000074],[-4.518483148999962,42.029974964000075]]],[[[-4.512989243999925,42.03968197100005],[-4.513236423999956,42.037103743000046],[-4.517727842999932,42.03764649300007],[-4.516070108999941,42.04020114900004],[-4.512989243999925,42.03968197100005]]]]}},{"type":"Feature","properties":{"ClaseSuelo":"SUELO NO URBANIZABLE","NuclRural":"0","AreaLamber":3520.65016188,"Shape_STAr":0.00382756910599},"geometry":{"type":"Polygon","coordinates":[[[-4.673323107999977,42.05163793000003],[-4.669088529999954,42.053892380000036],[-4.656440729999929,42.04989673000006],[-4.663392639999927,42.041708620000065],[-4.654842579999979,42.035825060000036],[-4.656543659999954,42.03294555000008],[-4.6490380699999605,42.02720857000003],[-4.643429159999926,42.02752317000005],[-4.63723564999998,42.03047565000003],[-4.628631050999957,42.02324895000004],[-4.618174860999943,42.01865049000003],[-4.624434389999976,42.011663300000066],[-4.633560759999966,42.004923200000064],[-4.646797750999951,42.00548161000006],[-4.650560059999975,42.00387850000004],[-4.652877339999975,42.005232130000024],[-4.660310550999952,41.99574933000008],[-4.6664950399999725,41.992156280000074],[-4.664687029999925,41.98810266000004],[-4.670055709999929,41.986124360000076],[-4.675743269999941,41.97699015000006],[-4.68042590999994,41.978344710000044],[-4.685426469999925,41.977559910000025],[-4.684400269999969,41.97846659000004],[-4.685575979999953,41.97956612000007],[-4.69091721999996,41.97979378000008],[-4.692519499999946,41.979220790000056],[-4.692561898999941,41.97626609000008],[-4.701019699999961,41.97569076000008],[-4.706631498999968,41.97747177000008],[-4.705135119999966,41.98697764000008],[-4.716882789999943,41.99332309000005],[-4.724133449999954,41.999383720000026],[-4.744417389999967,42.00641735000005],[-4.735025900999972,42.01586314000008],[-4.723366680999959,42.01569654000008],[-4.6996888999999555,42.019093670000075],[-4.692645939999977,42.023133460000054],[-4.6843209599999796,42.02531834000007],[-4.673605129999942,42.036759860000075],[-4.666680579999934,42.040382040000054],[-4.681795739999927,42.053670870000076],[-4.679349079999952,42.055751100000066],[-4.673323107999977,42.05163793000003]],[[-4.658025234999968,42.02450607500003],[-4.6601026639999645,42.02292592900005],[-4.654459829999951,42.022262115000046],[-4.653659351999977,42.024213177000036],[-4.658025234999968,42.02450607500003]],[[-4.65404844699998,42.02235798800007],[-4.648212482999952,42.02162556800005],[-4.647868417999973,42.02387625600005],[-4.653426396999976,42.02417832500004],[-4.65404844699998,42.02235798800007]],[[-4.662936872999978,42.02187599600006],[-4.659710271999927,42.02447509600006],[-4.662630281999952,42.02395099200004],[-4.664198941999928,42.02183374400005],[-4.662936872999978,42.02187599600006]],[[-4.659404930999926,42.01998948100004],[-4.659058622999964,42.01895532800006],[-4.6613028889999555,42.01982709200007],[-4.665017797999951,42.01832510100007],[-4.665369238999972,42.01312700200003],[-4.660737061999953,42.01540870900004],[-4.659343685999943,42.01849452300007],[-4.651942940999959,42.01998729300004],[-4.659404930999926,42.01998948100004]],[[-4.712885872999948,42.00623478000006],[-4.711570740999946,42.00505584200005],[-4.709828527999946,42.00587455400006],[-4.711131923999972,42.00813009600006],[-4.712885872999948,42.00623478000006]]]}},{"type":"Feature","properties":{"ClaseSuelo":"SUELO URBANIZABLE DELIMITADO O SECTORIZADO","NuclRural":"0","AreaLamber":25.556258,"Shape_STAr":0.0000277903181873},"geometry":{"type":"MultiPolygon","coordinates":[[[[-4.654248268999936,42.02258790600007],[-4.6601026639999645,42.02292592900005],[-4.659545279999975,42.024452616000076],[-4.655228676999968,42.02450435000003],[-4.653659351999977,42.024213177000036],[-4.654248268999936,42.02258790600007]]],[[[-4.649087623999947,42.02361996800005],[-4.647868417999973,42.02387625600005],[-4.648212482999952,42.02162556800005],[-4.654125096999962,42.022213805000035],[-4.653426396999976,42.02417832500004],[-4.649087623999947,42.02361996800005]]],[[[-4.662936872999978,42.02187599600006],[-4.664198941999928,42.02183374400005],[-4.662630281999952,42.02395099200004],[-4.659710271999927,42.02447509600006],[-4.662936872999978,42.02187599600006]]]]}},{"type":"Feature","properties":{"ClaseSuelo":"SUELO URBANO","NuclRural":"0","AreaLamber":24.66260892,"Shape_STAr":0.0000268146796216},"geometry":{"type":"MultiPolygon","coordinates":[[[[-4.657368066999936,42.019080786000075],[-4.665369238999972,42.01312700200003],[-4.66432059899995,42.014171678000025],[-4.666156680999961,42.015230993000046],[-4.664147093999929,42.01897818400005],[-4.657368066999936,42.019080786000075]]],[[[-4.710794586999953,42.006335601000046],[-4.709828527999946,42.00587455400006],[-4.711570740999946,42.00505584200005],[-4.713373517999969,42.00702950700003],[-4.711131923999972,42.00813009600006],[-4.710794586999953,42.006335601000046]]]]}},{"type":"Feature","properties":{"ClaseSuelo":"SUELO URBANO NO CONSOLIDADO","NuclRural":"0","AreaLamber":10.00545931,"Shape_STAr":0.0000108794873831},"geometry":{"type":"MultiPolygon","coordinates":[[[[-4.656770280999979,42.01918194600006],[-4.659407485999964,42.020001716000024],[-4.651942940999959,42.01998729300004],[-4.656770280999979,42.01918194600006]]],[[[-4.661194153999929,42.01982390100005],[-4.659549519999928,42.018810021000036],[-4.663482249999959,42.018490618000044],[-4.661194153999929,42.01982390100005]]]]}},{"type":"Feature","properties":{"ClaseSuelo":"SUELO NO URBANIZABLE","NuclRural":"1","AreaLamber":12.96577611,"Shape_STAr":0.0000142768901015},"geometry":{"type":"MultiPolygon","coordinates":[[[[-4.329002189999926,42.785195574000056],[-4.331110552999974,42.784111334000045],[-4.332926832999931,42.786238721000075],[-4.328754759999981,42.78662772600006],[-4.329002189999926,42.785195574000056]]],[[[-4.144196716999943,42.83683347900006],[-4.144150113999956,42.83515663900005],[-4.1458380029999375,42.834528781000074],[-4.147715691999963,42.836118112000065],[-4.144196716999943,42.83683347900006]]],[[[-4.2890845559999775,42.83755890500004],[-4.289574743999935,42.83710148700004],[-4.290265384999941,42.837526903000025],[-4.2890845559999775,42.83755890500004]]]]}},{"type":"Feature","properties":{"ClaseSuelo":"SUELO NO URBANIZABLE","NuclRural":"1","AreaLamber":49.9701779,"Shape_STAr":0.0000542885208691},"geometry":{"type":"MultiPolygon","coordinates":[[[[-4.237649593999947,41.94122988600003],[-4.2357145619999415,41.93523365200008],[-4.242108450999979,41.93598451300005],[-4.24642509499995,41.94005663400003],[-4.237649593999947,41.94122988600003]]],[[[-4.185921723999968,41.992517864000035],[-4.187199594999925,41.98925312400007],[-4.190348265999944,41.98938137700003],[-4.190148012999941,41.99149239700006],[-4.185921723999968,41.992517864000035]]],[[[-4.1924578269999415,41.99004163800004],[-4.194654741999955,41.99154415300006],[-4.192466432999936,41.99288536900008],[-4.1924578269999415,41.99004163800004]]]]}},{"type":"Feature","properties":{"ClaseSuelo":"SUELO NO URBANIZABLE","NuclRural":"1","AreaLamber":41.8859953,"Shape_STAr":0.0000458971198684},"geometry":{"type":"Polygon","coordinates":[[[-4.25737638399994,42.503292015000056],[-4.256333990999963,42.50090789700005],[-4.254157600999974,42.500325634000035],[-4.2537178539999445,42.49588568300004],[-4.252160648999961,42.49505127700007],[-4.255814516999976,42.495415362000074],[-4.25853776699995,42.49896438500008],[-4.2620345209999755,42.498290962000056],[-4.262284346999934,42.501015676000065],[-4.264077578999945,42.50096704600003],[-4.264146806999975,42.502467110000055],[-4.25737638399994,42.503292015000056]]]}},{"type":"Feature","properties":{"ClaseSuelo":"SUELO NO URBANIZABLE","NuclRural":"1","AreaLamber":13.05531769,"Shape_STAr":0.0000142139757038},"geometry":{"type":"MultiPolygon","coordinates":[[[[-4.5156175059999555,42.08369378700007],[-4.514502472999936,42.08264859700006],[-4.517925174999959,42.080447320000076],[-4.5156175059999555,42.08369378700007]]],[[[-4.538258585999927,42.107114195000065],[-4.542005085999961,42.10730940600007],[-4.5396561919999385,42.10860291400007],[-4.538258585999927,42.107114195000065]]],[[[-4.53431613999993,42.107804445000056],[-4.534682586999963,42.110631167000065],[-4.531603164999979,42.10892944600005],[-4.53431613999993,42.107804445000056]]]]}},{"type":"Feature","properties":{"ClaseSuelo":"SUELO NO URBANIZABLE","NuclRural":"1","AreaLamber":2.49080631,"Shape_STAr":0.00000270746396532},"geometry":{"type":"Polygon","coordinates":[[[-4.425676543999941,41.99039862600006],[-4.424621461999948,41.989816320000045],[-4.427433656999938,41.988807877000056],[-4.425676543999941,41.99039862600006]]]}},{"type":"Feature","properties":{"ClaseSuelo":"SUELO NO URBANIZABLE","NuclRural":"1","AreaLamber":2.49314859,"Shape_STAr":0.00000271171838478},"geometry":{"type":"Polygon","coordinates":[[[-4.493499397999926,42.03172877900005],[-4.495075720999978,42.03195548900004],[-4.4930130839999265,42.033617622000065],[-4.493499397999926,42.03172877900005]]]}},{"type":"Feature","properties":{"ClaseSuelo":"SUELO NO URBANIZABLE","NuclRural":"1","AreaLamber":4.21952608,"Shape_STAr":0.00000461310973386},"geometry":{"type":"MultiPolygon","coordinates":[[[[-4.381153766999944,42.363701252000055],[-4.382346367999958,42.36217075600007],[-4.38414406499993,42.362657357000046],[-4.381153766999944,42.363701252000055]]],[[[-4.366915174999974,42.350876922000054],[-4.36827958799995,42.349593879000054],[-4.368006417999936,42.35076403000005],[-4.366915174999974,42.350876922000054]]]]}},{"type":"Feature","properties":{"ClaseSuelo":"SUELO NO URBANIZABLE","NuclRural":"1","AreaLamber":20.58027078,"Shape_STAr":0.0000223319775451},"geometry":{"type":"MultiPolygon","coordinates":[[[[-4.515738318999979,41.89721319600005],[-4.519259636999948,41.89479079800003],[-4.520408242999963,41.89569913500003],[-4.516278381999939,41.89995903500005],[-4.514935288999936,41.89969516200006],[-4.515738318999979,41.89721319600005]]],[[[-4.546097890999931,41.881056396000076],[-4.549704511999948,41.878715353000075],[-4.55179484599995,41.88152003400006],[-4.546097890999931,41.881056396000076]]],[[[-4.544042068999943,41.881539746000044],[-4.544653143999938,41.88013561200006],[-4.544940207999957,41.88095575300008],[-4.544042068999943,41.881539746000044]]],[[[-4.473445654999978,41.851995491000025],[-4.472175504999939,41.850478320000036],[-4.475790484999948,41.84998962700007],[-4.475715236999974,41.85174209300004],[-4.473445654999978,41.851995491000025]]]]}},{"type":"Feature","properties":{"ClaseSuelo":"SUELO NO URBANIZABLE","NuclRural":"1","AreaLamber":1.78024593,"Shape_STAr":0.00000193867217274},"geometry":{"type":"MultiPolygon","coordinates":[[[[-4.491394991999925,42.11491111600003],[-4.49002878999994,42.114714605000074],[-4.492401589999929,42.11465797100004],[-4.491394991999925,42.11491111600003]]],[[[-4.435810570999934,42.08677055600003],[-4.435727042999929,42.08620723100006],[-4.436727406999978,42.086598356000025],[-4.435810570999934,42.08677055600003]]],[[[-4.4892602799999395,42.11564655800004],[-4.489455138999972,42.11569567600003],[-4.489321830999927,42.11574146600003],[-4.4892602799999395,42.11564655800004]]],[[[-4.4898486659999435,42.11770210200007],[-4.489749906999975,42.11747494200006],[-4.4903675849999445,42.117323087000045],[-4.4898486659999435,42.11770210200007]]],[[[-4.48896358199994,42.11919401800003],[-4.4885671499999376,42.118462657000066],[-4.48917304899993,42.11853426300007],[-4.48896358199994,42.11919401800003]]]]}},{"type":"Feature","properties":{"ClaseSuelo":"SUELO NO URBANIZABLE","NuclRural":"1","AreaLamber":1.63657082,"Shape_STAr":0.00000177860851671},"geometry":{"type":"MultiPolygon","coordinates":[[[[-4.381791195999938,41.97625483100006],[-4.382669232999945,41.976274913000054],[-4.381398651999973,41.97774413700006],[-4.381791195999938,41.97625483100006]]],[[[-4.383740993999936,41.97783951300005],[-4.384367539999971,41.977497250000056],[-4.384653822999951,41.97789471100003],[-4.383740993999936,41.97783951300005]]]]}},{"type":"Feature","properties":{"ClaseSuelo":"SUELO NO URBANIZABLE","NuclRural":"1","AreaLamber":10.4275353,"Shape_STAr":0.0000113272583064},"geometry":{"type":"MultiPolygon","coordinates":[[[[-4.521271570999943,41.95289425000004],[-4.522891637999976,41.95073957500006],[-4.524976023999955,41.95119032000008],[-4.520404288999941,41.95407054800006],[-4.521271570999943,41.95289425000004]]],[[[-4.521618012999966,41.948192412000026],[-4.522357574999944,41.94902800800003],[-4.520727527999952,41.94940521900003],[-4.521618012999966,41.948192412000026]]],[[[-4.518209157999934,41.94969152600004],[-4.517758115999925,41.94856927300003],[-4.519373078999934,41.95048321100006],[-4.518209157999934,41.94969152600004]]],[[[-4.518750040999976,41.95243637300007],[-4.518555087999971,41.95064451700006],[-4.5218702929999495,41.95044810300004],[-4.518750040999976,41.95243637300007]]]]}},{"type":"Feature","properties":{"ClaseSuelo":"SUELO NO URBANIZABLE","NuclRural":"0","AreaLamber":940.19043457,"Shape_STAr":0.00102100769529},"geometry":{"type":"MultiPolygon","coordinates":[[[[-4.452120628999978,41.959818444000064],[-4.442012563999981,41.956957945000056],[-4.443134106999935,41.952240233000055],[-4.4418617969999445,41.947559385000034],[-4.45826238799998,41.94990710400003],[-4.462557278999952,41.94613853800007],[-4.463394451999932,41.94044289000004],[-4.4609620059999315,41.93749680800005],[-4.456747083999971,41.93602981300006],[-4.453672524999945,41.93872395500006],[-4.441214094999964,41.939901571000064],[-4.438235976999977,41.93792215000008],[-4.436058300999946,41.93175539100008],[-4.442728732999967,41.928084872000056],[-4.44756872499994,41.92887127300003],[-4.449246310999968,41.93169086200004],[-4.455361809999943,41.929623985000035],[-4.459566611999946,41.91772657700005],[-4.4579612369999495,41.91216577800003],[-4.458877791999953,41.911145228000066],[-4.4724954139999795,41.91041294200005],[-4.478305076999959,41.906376066000064],[-4.488052871999969,41.91228172700005],[-4.499107222999953,41.91017969400008],[-4.48559587799997,41.915129715000035],[-4.484063075999927,41.91149289600003],[-4.476323971999932,41.91963518600005],[-4.468259233999959,41.92049443600007],[-4.47538837899998,41.92241760300004],[-4.480727259999981,41.921324570000024],[-4.484257475999925,41.92323081300003],[-4.485053721999975,41.921491788000026],[-4.48077649399994,41.92073859800007],[-4.4869851139999355,41.92144951700004],[-4.484385116999931,41.92334757900005],[-4.486265689999925,41.924972043000025],[-4.4892525449999425,41.92348388500005],[-4.472093062999932,41.93888722200006],[-4.47076237899995,41.94406948400007],[-4.468240452999964,41.94246960300006],[-4.455883731999961,41.95140251300006],[-4.455395352999972,41.95391930200003],[-4.458269410999947,41.95860445300008],[-4.458535410999957,41.962333785000055],[-4.46155848799998,41.963176590000046],[-4.452120628999978,41.959818444000064]],[[-4.452218190999929,41.95882456700008],[-4.451203565999947,41.959494963000054],[-4.452187974999958,41.95973499400003],[-4.452218190999929,41.95882456700008]],[[-4.450102956999956,41.959248460000026],[-4.451996564999945,41.957577109000056],[-4.450072735999925,41.95861597000004],[-4.450102956999956,41.959248460000026]],[[-4.451113564999957,41.95747676700006],[-4.449278208999942,41.95580812900005],[-4.44606423099998,41.958380427000066],[-4.449630404999937,41.959016047000034],[-4.451113564999957,41.95747676700006]],[[-4.467368295999961,41.94255596800008],[-4.470016702999942,41.94025662700005],[-4.465897436999967,41.93864136000008],[-4.466897984999946,41.93695420000006],[-4.464491069999951,41.93735006000003],[-4.46342855599994,41.94568433500007],[-4.467368295999961,41.94255596800008]],[[-4.476964172999942,41.93084419200005],[-4.481761052999957,41.928170152000064],[-4.48030373499995,41.926022629000045],[-4.4767611389999615,41.92711223300006],[-4.476964172999942,41.93084419200005]]],[[[-4.493406117999939,41.93164944700004],[-4.494752276999975,41.93144216300004],[-4.493464484999947,41.92833357000006],[-4.496138938999934,41.92919439600007],[-4.503655834999961,41.91614120200006],[-4.495211264999966,41.931329883000046],[-4.489542350999955,41.935836048000056],[-4.489508313999977,41.93370804400007],[-4.493406117999939,41.93164944700004]]]]}},{"type":"Feature","properties":{"ClaseSuelo":"SUELO URBANIZABLE DELIMITADO O SECTORIZADO","NuclRural":"0","AreaLamber":143.65105481,"Shape_STAr":0.000155987486531},"geometry":{"type":"MultiPolygon","coordinates":[[[[-4.470561471999929,41.94403735800006],[-4.471044205999931,41.94176306900005],[-4.486775752999961,41.93578676000004],[-4.48942268199994,41.93889236500007],[-4.470561471999929,41.94403735800006]]],[[[-4.495913852999934,41.91694938000006],[-4.496682671999963,41.91619418600004],[-4.494696092999959,41.91567887200006],[-4.493313611999952,41.91261853900005],[-4.491147659999967,41.91566349900006],[-4.488480109999955,41.91625181000006],[-4.48715096799998,41.91477619800003],[-4.499262089999945,41.91074103300008],[-4.4999494659999755,41.91321725900008],[-4.495913852999934,41.91694938000006]],[[-4.49648260999993,41.911543693000056],[-4.495111366999936,41.91304691600004],[-4.496492351999962,41.91267288700004],[-4.49648260999993,41.911543693000056]]],[[[-4.485431303999974,41.92126754900005],[-4.477694292999956,41.92025364400007],[-4.4807560509999576,41.91855498000007],[-4.47872799299995,41.91739718500003],[-4.48057573799997,41.91515421400004],[-4.4851624849999325,41.91829015500008],[-4.4869851139999355,41.92144951700004],[-4.485431303999974,41.92126754900005]],[[-4.4830305289999615,41.91864566900006],[-4.482244925999964,41.917897019000065],[-4.48147400299996,41.918699539000045],[-4.4830305289999615,41.91864566900006]]],[[[-4.482027610999978,41.921693729000026],[-4.480413496999972,41.921486413000025],[-4.485370785999976,41.92233272000004],[-4.484257475999925,41.92323081300003],[-4.482027610999978,41.921693729000026]]],[[[-4.498863985999947,41.92301288700003],[-4.501095038999949,41.91738933000005],[-4.502834036999957,41.91707914400007],[-4.498863985999947,41.92301288700003]]],[[[-4.485617512999966,41.924405027000034],[-4.484385116999931,41.92334757900005],[-4.486239317999946,41.92150468700004],[-4.488319930999978,41.92330626100005],[-4.485617512999966,41.924405027000034]]],[[[-4.495653782999966,41.92919229300003],[-4.4935999099999435,41.92909914000006],[-4.492125077999958,41.92448595700006],[-4.495335865999948,41.92231397300003],[-4.498952249999945,41.924245763000044],[-4.495653782999966,41.92919229300003]]],[[[-4.476850157999934,41.930915337000044],[-4.4767611389999615,41.92711223300006],[-4.48030373499995,41.926022629000045],[-4.481761052999957,41.928170152000064],[-4.476850157999934,41.930915337000044]]]]}},{"type":"Feature","properties":{"ClaseSuelo":"SUELO URBANIZABLE NO DELIMITADO O SECTORIZADO","NuclRural":"0","AreaLamber":10.55612038,"Shape_STAr":0.0000114691075926},"geometry":{"type":"Polygon","coordinates":[[[-4.458246590999977,41.95868315200005],[-4.463311297999951,41.96242199300008],[-4.458631533999949,41.962447875000066],[-4.458246590999977,41.95868315200005]]]}},{"type":"Feature","properties":{"ClaseSuelo":"SUELO URBANO","NuclRural":"0","AreaLamber":329.99062492,"Shape_STAr":0.000358339913708},"geometry":{"type":"MultiPolygon","coordinates":[[[[-4.471139133999941,41.94157453100007],[-4.472093062999932,41.93888722200006],[-4.482902713999977,41.93092998800006],[-4.483364258999927,41.928356535000034],[-4.4892525449999425,41.92348388500005],[-4.484687408999946,41.918801220000034],[-4.485918339999955,41.91794653200003],[-4.48524852099996,41.91642830100005],[-4.48360413599994,41.917228098000066],[-4.48057573799997,41.91515421400004],[-4.484048264999956,41.91150407500004],[-4.48559587799997,41.915129715000035],[-4.488480109999955,41.91625181000006],[-4.491147659999967,41.91566349900006],[-4.493313611999952,41.91261853900005],[-4.494696092999959,41.91567887200006],[-4.496682671999963,41.91619418600004],[-4.495874694999941,41.916959992000045],[-4.4999494659999755,41.91321725900008],[-4.500628580999944,41.91561024300006],[-4.503576841999973,41.91613152100007],[-4.499584229999925,41.918838176000065],[-4.500501275999966,41.921434231000035],[-4.498469129999933,41.92212568200006],[-4.498952249999945,41.924245763000044],[-4.495335865999948,41.92231397300003],[-4.492125077999958,41.92448595700006],[-4.494752276999975,41.93144216300004],[-4.489555539999969,41.93366218800003],[-4.489542350999955,41.935836048000056],[-4.471139133999941,41.94157453100007]],[[-4.492315235999968,41.922591682000075],[-4.496255436999945,41.91819321200006],[-4.492827260999945,41.920754110000075],[-4.492064181999979,41.92355476000006],[-4.492315235999968,41.922591682000075]],[[-4.498856003999947,41.91870475400003],[-4.499354796999967,41.91843336000005],[-4.498841646999949,41.91844690700003],[-4.498856003999947,41.91870475400003]],[[-4.497402673999943,41.91802250300003],[-4.499239996999961,41.91682117200003],[-4.49843887399993,41.91637482300007],[-4.497402673999943,41.91802250300003]]],[[[-4.4956763749999595,41.91175111600006],[-4.496492351999962,41.91267288700004],[-4.495111366999936,41.91304691600004],[-4.4956763749999595,41.91175111600006]]],[[[-4.4815345759999445,41.91865426600003],[-4.482244925999964,41.917897019000065],[-4.483100551999939,41.91870645800003],[-4.4815345759999445,41.91865426600003]]],[[[-4.476389843999925,41.92219729800007],[-4.468259233999959,41.92049443600007],[-4.476245416999973,41.91967657400005],[-4.47872799299995,41.91739718500003],[-4.4807560509999576,41.91855498000007],[-4.477694292999956,41.92025364400007],[-4.48097764399995,41.91998833400004],[-4.480526926999971,41.92180962000003],[-4.476389843999925,41.92219729800007]]],[[[-4.464235363999933,41.942279486000075],[-4.464491069999951,41.93735006000003],[-4.466897984999946,41.93695420000006],[-4.465897436999967,41.93864136000008],[-4.470016702999942,41.94025662700005],[-4.463766216999943,41.945931494000035],[-4.464235363999933,41.942279486000075]]],[[[-4.4493534089999685,41.958981282000025],[-4.44606423099998,41.958380427000066],[-4.449278208999942,41.95580812900005],[-4.45142739399995,41.95720494700004],[-4.4493534089999685,41.958981282000025]]],[[[-4.4515565259999335,41.95749972600004],[-4.451996564999945,41.957577109000056],[-4.449785730999963,41.959184520000065],[-4.4515565259999335,41.95749972600004]]],[[[-4.451604219999979,41.95880216300003],[-4.45258163099993,41.95894659900006],[-4.452187974999958,41.95973499400003],[-4.451604219999979,41.95880216300003]]]]}},{"type":"Feature","properties":{"ClaseSuelo":"SUELO URBANO NO CONSOLIDADO","NuclRural":"0","AreaLamber":15.36062516,"Shape_STAr":0.0000166798537793},"geometry":{"type":"MultiPolygon","coordinates":[[[[-4.4828565859999685,41.928897809000034],[-4.482902713999977,41.93092998800006],[-4.47603681399994,41.93507278200008],[-4.4828565859999685,41.928897809000034]]],[[[-4.497542292999981,41.917804087000036],[-4.49843887399993,41.91637482300007],[-4.499239996999961,41.91682117200003],[-4.497542292999981,41.917804087000036]]],[[[-4.485096584999951,41.918219254000064],[-4.484117460999926,41.917166562000034],[-4.48524852099996,41.91642830100005],[-4.485096584999951,41.918219254000064]]],[[[-4.499196873999949,41.91843028900007],[-4.499379741999974,41.918679901000075],[-4.498847999999953,41.91869774300005],[-4.499196873999949,41.91843028900007]]],[[[-4.4999048909999715,41.91976030100005],[-4.500636923999934,41.918537299000036],[-4.500855531999946,41.91983536600003],[-4.4999048909999715,41.91976030100005]]],[[[-4.487460583999962,41.92265563500007],[-4.486239317999946,41.92150468700004],[-4.487715611999931,41.921695432000035],[-4.487460583999962,41.92265563500007]]],[[[-4.492827260999945,41.920754110000075],[-4.496255436999945,41.91819321200006],[-4.492064181999979,41.92355476000006],[-4.492827260999945,41.920754110000075]]]]}},{"type":"Feature","properties":{"ClaseSuelo":"SUELO NO URBANIZABLE","NuclRural":"0","AreaLamber":32376.1778544,"Shape_STAr":0.0357008091332},"geometry":{"type":"Polygon","coordinates":[[[-4.695755799999972,43.025900980000074],[-4.68242048999997,43.02567460000006],[-4.673172109999939,43.02137078000004],[-4.651435439999943,43.02084910000008],[-4.640378630999976,43.01719004000006],[-4.646259830999952,43.007650400000045],[-4.638158939999926,43.004777010000055],[-4.628163289999975,42.99841807000007],[-4.6276108599999475,42.996543890000055],[-4.619242089999943,42.99505972000003],[-4.618982579999965,42.992181800000026],[-4.61481294999993,42.99081792000004],[-4.601442729999974,42.99178021000006],[-4.596942939999963,42.98806999000004],[-4.591430699999933,42.99074020000006],[-4.581021379999925,42.98087990000005],[-4.584801009999978,42.97474923000004],[-4.584640399999955,42.965143080000075],[-4.5791708799999356,42.96366980000005],[-4.584348930999965,42.95281920000008],[-4.581374859999926,42.94917725000005],[-4.578494299999932,42.948703710000075],[-4.571762459999945,42.93994433000006],[-4.561527498999965,42.931178310000064],[-4.562202329999934,42.92490152000005],[-4.540740758999959,42.926155910000034],[-4.53836562999993,42.92426974000006],[-4.532037359999947,42.92454371000008],[-4.527142999999967,42.926815360000035],[-4.513695869999935,42.92763331000003],[-4.516979039999967,42.93309202000006],[-4.5131805999999415,42.93662728000004],[-4.514322079999943,42.94070053000007],[-4.5200210499999685,42.94816229000003],[-4.5136393499999485,42.94785963000004],[-4.511624069999925,42.95016455000007],[-4.500289279999947,42.94580210000004],[-4.4941422389999275,42.948602040000026],[-4.490976429999932,42.947454640000046],[-4.486997799999926,42.95582711000003],[-4.480623179999952,42.95584670000005],[-4.4753851699999245,42.95314976000003],[-4.471133369999961,42.95324050000005],[-4.463711899999964,42.964952210000035],[-4.457481879999932,42.96646351000004],[-4.442914479999956,42.974851700000045],[-4.4367564899999365,42.97636097000003],[-4.426051779999966,42.97590049000007],[-4.423540269999933,42.971222100000034],[-4.417091999999968,42.970239510000056],[-4.410109529999943,42.966795750000074],[-4.401542439999957,42.97021484000004],[-4.395609520999926,42.96922474000007],[-4.386472529999935,42.96423892000007],[-4.3723940799999355,42.974620350000066],[-4.365398669999934,42.97771170000004],[-4.367042668999943,42.96721019000006],[-4.376209648999975,42.96148116000006],[-4.377455988999941,42.95853951000004],[-4.371408199999962,42.950093320000065],[-4.372465089999935,42.94082339000005],[-4.3754200089999244,42.93315152000008],[-4.390481859999966,42.93097935000003],[-4.403584709999961,42.91704142000003],[-4.4163895599999705,42.91871174000005],[-4.423642290999965,42.91335371000008],[-4.428803169999981,42.91242491000003],[-4.4314710799999375,42.909122670000045],[-4.435306650999962,42.91075862000008],[-4.45403301999994,42.91054029000003],[-4.457878420999975,42.90840216000004],[-4.458953049999934,42.89941926000006],[-4.4572922199999425,42.89442449000006],[-4.442764279999949,42.88822380000005],[-4.441565428999979,42.88438461000004],[-4.430533369999978,42.88655823000005],[-4.42992092999998,42.88336897000005],[-4.418832309999971,42.880409100000065],[-4.41115340999994,42.87389407000006],[-4.408449609999934,42.874521720000075],[-4.405013329999974,42.86498221000005],[-4.407643049999933,42.86326588000003],[-4.406952148999949,42.86141025000006],[-4.400994606999973,42.862654020000036],[-4.398650529999941,42.860224250000044],[-4.399011779999967,42.85344775000004],[-4.401227824999978,42.85131339900005],[-4.396758539999951,42.851214947000074],[-4.39151757999997,42.84728035000006],[-4.398747122999964,42.84279758300005],[-4.389264788999981,42.83849139000006],[-4.390629149999938,42.83439535000008],[-4.396253342999955,42.83257982500004],[-4.408312019999926,42.82156233000006],[-4.425561390999974,42.82213236000007],[-4.368031121999934,42.79001793200007],[-4.369205379999926,42.78894109000004],[-4.38075884999995,42.78945975000005],[-4.393627889999948,42.783206980000045],[-4.398201149999977,42.772920750000026],[-4.425086389999933,42.75130009000003],[-4.422485549999976,42.759932820000074],[-4.428754079999976,42.77106692000007],[-4.446003379999979,42.785358580000036],[-4.460226298999942,42.78865434000005],[-4.462418699999944,42.78569957000008],[-4.477917709999929,42.79993660000008],[-4.477033270999925,42.81314106000008],[-4.469026258999975,42.815405320000025],[-4.465793559999952,42.82095809000003],[-4.467144839999946,42.82844237000006],[-4.452462060999949,42.83099798000006],[-4.4665244999999345,42.83687941000005],[-4.463530180999953,42.84169958000007],[-4.469560919999935,42.85245585000007],[-4.468671249999943,42.85985168000008],[-4.472370668999929,42.85584181000007],[-4.487303919999931,42.856882590000055],[-4.498990879999951,42.84614891000007],[-4.503738579999947,42.839053480000075],[-4.508351059999939,42.83600304000004],[-4.51212161899997,42.83808760000005],[-4.516860559999941,42.83772777000007],[-4.522714199999939,42.84240493000004],[-4.527206519999936,42.84195790000007],[-4.528861689999928,42.847050860000024],[-4.53893335999993,42.84111655000004],[-4.548095299999943,42.84342453000005],[-4.550446299999976,42.84250121000008],[-4.566036159999953,42.84975453000004],[-4.5588847199999805,42.85397652000006],[-4.5689773899999295,42.85813424000003],[-4.572088379999968,42.85724508000004],[-4.573971889999939,42.844647810000026],[-4.590480480999929,42.850372280000045],[-4.596342819999961,42.85464928000005],[-4.611306309999975,42.85113482000003],[-4.618432009999935,42.85545594000007],[-4.62006348999995,42.85980943000004],[-4.623228290999975,42.86240316000004],[-4.632610659999955,42.86679944000008],[-4.6487207299999795,42.86862185000007],[-4.650084079999942,42.87108766000006],[-4.6569536099999596,42.87479768000003],[-4.669867849999946,42.89468264000004],[-4.683441099999925,42.90515495000005],[-4.6830405789999645,42.910248710000076],[-4.668038089999925,42.90359735000004],[-4.654950029999952,42.90750636000007],[-4.650404729999934,42.913920560000065],[-4.6453810409999505,42.91297529000008],[-4.6345907899999474,42.924224120000076],[-4.632868480999946,42.927679640000065],[-4.632419939999977,42.93622286000004],[-4.626159109999946,42.93442989000005],[-4.627301379999949,42.948497590000045],[-4.6345592399999305,42.96058700000003],[-4.646532569999977,42.96544919000007],[-4.646874709999963,42.96770453000005],[-4.65114172899996,42.96907485000003],[-4.655708640999933,42.967901260000076],[-4.659787629999926,42.97184940000005],[-4.667131189999964,42.97268820000005],[-4.674015589999954,42.97648687000003],[-4.687592679999966,42.97563013000007],[-4.6963013589999605,42.97836496000008],[-4.704921249999927,42.97696719000004],[-4.714819509999927,42.97878239000005],[-4.715632079999978,42.981543730000055],[-4.712947479999968,42.98601435000006],[-4.714832799999954,42.98809326000003],[-4.7150846199999705,42.99803989000003],[-4.737583249999943,43.015422140000055],[-4.737003799999968,43.020986950000065],[-4.731087000999935,43.02224725000008],[-4.728705980999962,43.01874432000005],[-4.719705609999949,43.01725005000003],[-4.714483249999944,43.01965168000004],[-4.708815079999965,43.02502234000008],[-4.699507790999974,43.02665576000004],[-4.695755799999972,43.025900980000074]],[[-4.448143324999933,42.92453700400006],[-4.444834361999938,42.92567428700005],[-4.447474507999971,42.925949993000074],[-4.448143324999933,42.92453700400006]],[[-4.413918227999943,42.926763237000046],[-4.409721863999948,42.92919068800006],[-4.414755113999945,42.927467748000026],[-4.413918227999943,42.926763237000046]],[[-4.474229135999963,42.92668218000006],[-4.474480912999979,42.92862430800005],[-4.476667627999973,42.92721398500004],[-4.474229135999963,42.92668218000006]],[[-4.446395419999931,42.92431739400007],[-4.443033466999964,42.92426863400004],[-4.445634469999959,42.925269670000034],[-4.446395419999931,42.92431739400007]],[[-4.48890188799993,42.917418593000036],[-4.491263520999951,42.91688909700008],[-4.488462052999978,42.91326521000008],[-4.48890188799993,42.917418593000036]],[[-4.607376230999932,42.90946829500007],[-4.609282075999943,42.90804677800003],[-4.608460475999948,42.90545009600004],[-4.6063420849999375,42.91000691100004],[-4.607376230999932,42.90946829500007]],[[-4.560007371999973,42.903545432000044],[-4.561587556999939,42.90263444000004],[-4.558439638999971,42.901642354000046],[-4.559542035999925,42.90113557400008],[-4.556842945999961,42.902095806000034],[-4.560007371999973,42.903545432000044]],[[-4.476016809999976,42.89629189800007],[-4.4765295929999525,42.89503184600005],[-4.473928278999949,42.89520189500007],[-4.474159737999969,42.89647050000008],[-4.476016809999976,42.89629189800007]],[[-4.626387023999939,42.891749582000045],[-4.6291722949999325,42.89138611100003],[-4.623212163999938,42.89076132800005],[-4.626387023999939,42.891749582000045]],[[-4.591982037999969,42.89195964400005],[-4.595646509999938,42.89106776600005],[-4.591020064999952,42.890922540000076],[-4.591982037999969,42.89195964400005]],[[-4.594530729999974,42.890588826000055],[-4.595234672999936,42.88928765900005],[-4.5935592599999495,42.88995810600005],[-4.594530729999974,42.890588826000055]],[[-4.513038309999956,42.88665069800004],[-4.512296641999967,42.88241874200003],[-4.507990854999946,42.88025414300006],[-4.509776401999943,42.88286336600004],[-4.509432422999964,42.88674137400005],[-4.512169897999968,42.88689823100003],[-4.513174348999939,42.888624598000035],[-4.513038309999956,42.88665069800004]],[[-4.453989910999951,42.88429643500007],[-4.4559956129999705,42.883835641000076],[-4.45288867499994,42.88331225400003],[-4.453989910999951,42.88429643500007]],[[-4.47345463399995,42.88071306300003],[-4.4756610559999785,42.88006679400007],[-4.475122688999932,42.87841120100006],[-4.473436296999978,42.878836885000055],[-4.47345463399995,42.88071306300003]],[[-4.559206462999953,42.878458925000075],[-4.556947726999965,42.87877959800005],[-4.557539403999954,42.88022659400008],[-4.560963538999943,42.88128213300007],[-4.560183907999942,42.87812797500004],[-4.559206462999953,42.878458925000075]],[[-4.561849979999977,42.87996015600004],[-4.562087633999965,42.87918608600006],[-4.560851356999933,42.878594201000055],[-4.561849979999977,42.87996015600004]],[[-4.428146339999955,42.87558054300007],[-4.4288087579999456,42.87455184200007],[-4.42687564299996,42.87360282100008],[-4.428146339999955,42.87558054300007]],[[-4.426641496999935,42.87506914000005],[-4.426435418999972,42.87489825500006],[-4.426470661999929,42.87531897700006],[-4.426641496999935,42.87506914000005]],[[-4.498957716999939,42.87279039200007],[-4.50140880999993,42.87460418400008],[-4.501492733999953,42.872414150000054],[-4.498951222999949,42.869967417000055],[-4.498957716999939,42.87279039200007]],[[-4.500571049999962,42.870767597000054],[-4.500798422999935,42.86958591400003],[-4.504169625999964,42.86967696200003],[-4.505422661999944,42.866590374000054],[-4.5016994089999685,42.86664483900006],[-4.499337181999977,42.86427495400005],[-4.499791198999958,42.86246641900004],[-4.507476806999932,42.86141216800007],[-4.496639153999979,42.85696609400003],[-4.491821211999934,42.86143143100003],[-4.49576088699996,42.86409585800004],[-4.500571049999962,42.870767597000054]],[[-4.492030872999976,42.86457560800005],[-4.495125422999934,42.864232644000026],[-4.491784141999972,42.86223919500003],[-4.492030872999976,42.86457560800005]],[[-4.491060823999931,42.86271678700007],[-4.487367566999978,42.85943592600006],[-4.486714009999957,42.85990145000005],[-4.491060823999931,42.86271678700007]],[[-4.48797564399996,42.85968027400003],[-4.491380912999944,42.86199836600008],[-4.487560970999937,42.858203924000065],[-4.483436961999928,42.85741424200006],[-4.48797564399996,42.85968027400003]],[[-4.499047735999966,42.85686428900004],[-4.498325168999941,42.85564255400004],[-4.498047549999967,42.85661685900004],[-4.499047735999966,42.85686428900004]],[[-4.523583536999979,42.86396390400006],[-4.523000850999949,42.86542970100004],[-4.526211039999964,42.86412035200004],[-4.523583536999979,42.86396390400006]],[[-4.458639741999946,42.85885637000007],[-4.461489007999944,42.85598810100004],[-4.4543956109999385,42.85812893600007],[-4.458639741999946,42.85885637000007]],[[-4.416865857999937,42.85819378600007],[-4.4190454389999445,42.85753159800004],[-4.416550047999976,42.85543615000006],[-4.414204871999971,42.85851544600007],[-4.416865857999937,42.85819378600007]],[[-4.423486642999933,42.85548368800005],[-4.424268305999931,42.85376370200004],[-4.425734356999953,42.85401921400006],[-4.424981961999947,42.85257263700004],[-4.421101189999945,42.85198394300005],[-4.423486642999933,42.85548368800005]],[[-4.422246753999957,42.856745698000054],[-4.419905061999941,42.85728769600007],[-4.422761172999969,42.85713374300008],[-4.422246753999957,42.856745698000054]],[[-4.414146536999965,42.848913905000074],[-4.414126765999981,42.84719581100006],[-4.409779880999963,42.84666523800007],[-4.415109379999933,42.84992772000004],[-4.414146536999965,42.848913905000074]],[[-4.436734747999935,42.84135791600005],[-4.436704737999946,42.84133749700004],[-4.436833609999951,42.84142963900007],[-4.436734747999935,42.84135791600005]],[[-4.436632782999936,42.841288546000044],[-4.436585126999944,42.84125837700003],[-4.436669877999975,42.841313780000064],[-4.436632782999936,42.841288546000044]],[[-4.435962533999941,42.840926022000076],[-4.4358989219999785,42.84089912300004],[-4.435988474999931,42.84093811100007],[-4.435962533999941,42.840926022000076]],[[-4.435595019999937,42.84078198100008],[-4.43555121199995,42.84076747700004],[-4.435636495999972,42.84079722000007],[-4.435595019999937,42.84078198100008]],[[-4.435072496999965,42.840630143000055],[-4.4349462159999575,42.84060172400007],[-4.435117617999936,42.840641306000066],[-4.435072496999965,42.840630143000055]],[[-4.436131069999931,42.80209196000004],[-4.4346738829999595,42.80119024900006],[-4.436793293999926,42.80352704500007],[-4.436131069999931,42.80209196000004]],[[-4.423241349999955,42.78600161400004],[-4.422963581999966,42.782982427000036],[-4.42027159099996,42.78361908900007],[-4.421318118999977,42.78584911300004],[-4.423787618999938,42.78685030100007],[-4.423241349999955,42.78600161400004]],[[-4.421038711999927,42.78627661000007],[-4.421510298999976,42.786158500000056],[-4.421126202999972,42.78578084900005],[-4.421038711999927,42.78627661000007]],[[-4.420484702999943,42.78501602500006],[-4.420348639999929,42.78458831100005],[-4.42007605799995,42.78447000400007],[-4.420484702999943,42.78501602500006]],[[-4.42071018799993,42.78335438200003],[-4.420148397999981,42.781783364000034],[-4.419472736999978,42.78382060300004],[-4.42071018799993,42.78335438200003]],[[-4.460322608999945,42.94197080400005],[-4.460544505999962,42.94366126500006],[-4.463484441999981,42.94306633400004],[-4.461279504999936,42.941130172000044],[-4.460322608999945,42.94197080400005]],[[-4.433865775999948,42.94409625600008],[-4.428677101999938,42.943468239000026],[-4.432263519999935,42.94675210200006],[-4.433804050999925,42.94619238200005],[-4.432755276999956,42.94523699000007],[-4.435007611999936,42.945509765000054],[-4.433865775999948,42.94409625600008]]]}},{"type":"Feature","properties":{"ClaseSuelo":"SUELO URBANIZABLE DELIMITADO O SECTORIZADO","NuclRural":"0","AreaLamber":35.05502122,"Shape_STAr":0.0000386319208335},"geometry":{"type":"MultiPolygon","coordinates":[[[[-4.493946980999965,42.861949322000044],[-4.491821211999934,42.86143143100003],[-4.493282074999968,42.858899560000054],[-4.496245137999949,42.86160443800003],[-4.493946980999965,42.861949322000044]]],[[[-4.496753959999978,42.85977607700005],[-4.49776406899997,42.856941246000076],[-4.499579594999943,42.857508546000076],[-4.49859112799993,42.86039657600003],[-4.496753959999978,42.85977607700005]]],[[[-4.503155397999933,42.86112751500008],[-4.500353769999947,42.85889518700003],[-4.505453218999946,42.860707038000044],[-4.503155397999933,42.86112751500008]]],[[[-4.505114976999948,42.86256976000004],[-4.502746767999952,42.86158056000005],[-4.507525156999975,42.86164556800003],[-4.505114976999948,42.86256976000004]]],[[[-4.486714009999957,42.85990145000005],[-4.487367566999978,42.85943592600006],[-4.49105994699994,42.86279884100003],[-4.486714009999957,42.85990145000005]]],[[[-4.491765341999951,42.86224394000004],[-4.4925451249999355,42.86292752500003],[-4.491757647999975,42.862569980000046],[-4.491765341999951,42.86224394000004]]],[[[-4.491420054999935,42.86275378900007],[-4.492245203999971,42.863002824000034],[-4.491497973999969,42.86308443100006],[-4.491420054999935,42.86275378900007]]],[[[-4.5035568979999425,42.867154062000054],[-4.5049767209999345,42.867860637000035],[-4.503918575999933,42.86804278300008],[-4.5035568979999425,42.867154062000054]]],[[[-4.4998142059999395,42.869287548000045],[-4.501113842999928,42.86884095700003],[-4.501451311999972,42.86944637400006],[-4.4998142059999395,42.869287548000045]]],[[[-4.4986901839999405,42.87189433300006],[-4.5013765259999445,42.87346597900006],[-4.50140880999993,42.87460418400008],[-4.4986901839999405,42.87189433300006]]],[[[-4.511762340999951,42.884306095000056],[-4.508762366999974,42.881138742000076],[-4.512241236999955,42.88235185700006],[-4.511762340999951,42.884306095000056]]],[[[-4.5086191269999745,42.88488478700003],[-4.509873702999926,42.88325632900006],[-4.510757983999952,42.884442627000055],[-4.5086191269999745,42.88488478700003]]]]}},{"type":"Feature","properties":{"ClaseSuelo":"SUELO URBANO","NuclRural":"0","AreaLamber":198.22393034,"Shape_STAr":0.0002184818493},"geometry":{"type":"MultiPolygon","coordinates":[[[[-4.4998019519999275,42.86994977900008],[-4.49576088699996,42.86409585800004],[-4.492119892999938,42.861730127000044],[-4.496245137999949,42.86160443800003],[-4.493885132999935,42.85886025600007],[-4.496639153999979,42.85696609400003],[-4.497061475999942,42.86137675700007],[-4.499515938999934,42.860875527000076],[-4.499897335999947,42.857658859000026],[-4.501754806999941,42.861149828000066],[-4.507476806999932,42.86141216800007],[-4.499858691999975,42.862384930000076],[-4.499337181999977,42.86427495400005],[-4.5016994089999685,42.86664483900006],[-4.505422661999944,42.866590374000054],[-4.5035568979999425,42.867154062000054],[-4.504169625999964,42.86967696200003],[-4.49992586299993,42.868873208000025],[-4.501168907999954,42.870485915000074],[-4.4998019519999275,42.86994977900008]]],[[[-4.419568267999978,42.78343796900003],[-4.420699896999963,42.78172199000005],[-4.420859281999981,42.783279238000034],[-4.419568267999978,42.78343796900003]]],[[[-4.420326798999952,42.78503470100003],[-4.42007605799995,42.78447000400007],[-4.420482602999925,42.784806813000046],[-4.420326798999952,42.78503470100003]]],[[[-4.420814693999944,42.78618270800007],[-4.421126202999972,42.78578084900005],[-4.421510298999976,42.786158500000056],[-4.420814693999944,42.78618270800007]]],[[[-4.4224568049999675,42.78600707700008],[-4.42027159099996,42.78361908900007],[-4.423684747999971,42.78357442400005],[-4.422189635999928,42.78533420300005],[-4.423787618999938,42.78685030100007],[-4.4224568049999675,42.78600707700008]]],[[[-4.436579312999925,42.80344003400006],[-4.4346738829999595,42.80119024900006],[-4.435895202999973,42.80131258900008],[-4.436579312999925,42.80344003400006]]],[[[-4.414143312999954,42.849989906000076],[-4.409858713999938,42.84655368600005],[-4.414565438999944,42.847462009000026],[-4.414143312999954,42.849989906000076]]],[[[-4.423448339999936,42.85482034300003],[-4.421101189999945,42.85198394300005],[-4.424783746999935,42.852308426000036],[-4.425734356999953,42.85401921400006],[-4.423448339999936,42.85482034300003]]],[[[-4.419965695999963,42.85743603900005],[-4.421448661999932,42.85676002100007],[-4.422761172999969,42.85713374300008],[-4.419965695999963,42.85743603900005]]],[[[-4.498047549999967,42.85661685900004],[-4.498829412999953,42.85564747700005],[-4.499173891999931,42.85683084300007],[-4.498047549999967,42.85661685900004]]],[[[-4.415685310999947,42.85808572900004],[-4.414204871999971,42.85851544600007],[-4.416550047999976,42.85543615000006],[-4.41891063099996,42.85692361000008],[-4.415685310999947,42.85808572900004]]],[[[-4.458271389999936,42.85887565100006],[-4.4543956109999385,42.85812893600007],[-4.461489007999944,42.85598810100004],[-4.458271389999936,42.85887565100006]]],[[[-4.490387282999961,42.86166462300008],[-4.483436961999928,42.85741424200006],[-4.488266366999937,42.858628639000074],[-4.491385397999977,42.861990175000074],[-4.490387282999961,42.86166462300008]]],[[[-4.491592915999945,42.86444822000004],[-4.49248532699994,42.86268772600005],[-4.495125422999934,42.864232644000026],[-4.491592915999945,42.86444822000004]]],[[[-4.523000850999949,42.86542970100004],[-4.5235300999999595,42.86349858700004],[-4.526140700999974,42.86362918900005],[-4.523000850999949,42.86542970100004]]],[[[-4.499701371999947,42.872206547000076],[-4.4984909949999405,42.871916448000036],[-4.498951222999949,42.869967417000055],[-4.501492733999953,42.872414150000054],[-4.499701371999947,42.872206547000076]]],[[[-4.426494655999932,42.87488226900007],[-4.426669343999947,42.87524281200007],[-4.426470661999929,42.87531897700006],[-4.426494655999932,42.87488226900007]]],[[[-4.42782421499993,42.875565463000044],[-4.42687564299996,42.87360282100008],[-4.428817584999933,42.874568897000074],[-4.42782421499993,42.875565463000044]]],[[[-4.473485068999935,42.88017577100004],[-4.475122688999932,42.87841120100006],[-4.475628470999936,42.88010214900004],[-4.473485068999935,42.88017577100004]]],[[[-4.560906409999973,42.87942854600004],[-4.56120819399996,42.87854883000006],[-4.562179407999963,42.87948504000008],[-4.560906409999973,42.87942854600004]]],[[[-4.560412549999967,42.88088545000005],[-4.556947726999965,42.87877959800005],[-4.560183907999942,42.87812797500004],[-4.560412549999967,42.88088545000005]]],[[[-4.45367519499996,42.88463637800004],[-4.45288867499994,42.88331225400003],[-4.4559956129999705,42.883835641000076],[-4.45367519499996,42.88463637800004]]],[[[-4.51279341399993,42.88819873300008],[-4.509432422999964,42.88674137400005],[-4.508841527999948,42.884944346000054],[-4.510757983999952,42.884442627000055],[-4.507990854999946,42.88025414300006],[-4.511350118999928,42.88432374000007],[-4.512777618999962,42.88416923500006],[-4.51279341399993,42.88819873300008]]],[[[-4.593683109999972,42.89003643600006],[-4.595234672999936,42.88928765900005],[-4.594727008999939,42.890610870000046],[-4.593683109999972,42.89003643600006]]],[[[-4.591982037999969,42.89195964400005],[-4.591020064999952,42.890922540000076],[-4.595646509999938,42.89106776600005],[-4.591982037999969,42.89195964400005]]],[[[-4.626026887999956,42.89207729900005],[-4.623212163999938,42.89076132800005],[-4.6291722949999325,42.89138611100003],[-4.626026887999956,42.89207729900005]]],[[[-4.473921872999938,42.89632060200006],[-4.474803506999933,42.89472458700004],[-4.4765295929999525,42.89503184600005],[-4.476022188999934,42.89686821600003],[-4.473921872999938,42.89632060200006]]],[[[-4.558978832999969,42.90345941500004],[-4.556842945999961,42.902095806000034],[-4.559542035999925,42.90113557400008],[-4.558439638999971,42.901642354000046],[-4.561587556999939,42.90263444000004],[-4.558978832999969,42.90345941500004]]],[[[-4.6064393519999385,42.90975203600004],[-4.608460475999948,42.90545009600004],[-4.609282075999943,42.90804677800003],[-4.6064393519999385,42.90975203600004]]],[[[-4.488660339999967,42.91717958800007],[-4.488462052999978,42.91326521000008],[-4.491263520999951,42.91688909700008],[-4.488660339999967,42.91717958800007]]],[[[-4.445509724999965,42.924413412000035],[-4.443033466999964,42.92426863400004],[-4.446563138999977,42.924169461000076],[-4.445509724999965,42.924413412000035]]],[[[-4.445556249999925,42.92620415600004],[-4.44650539099996,42.92430077900008],[-4.448666980999974,42.924678097000026],[-4.445556249999925,42.92620415600004]]],[[[-4.409916490999933,42.929300366000064],[-4.412795781999932,42.926377831000025],[-4.414687436999941,42.92706068700005],[-4.409916490999933,42.929300366000064]]],[[[-4.474308071999928,42.92845703000006],[-4.474373772999968,42.92653187700006],[-4.476598431999946,42.92692325100006],[-4.474308071999928,42.92845703000006]]],[[[-4.462053088999937,42.943651430000045],[-4.460544505999962,42.94366126500006],[-4.460393267999962,42.94146170100004],[-4.463484441999981,42.94306633400004],[-4.462053088999937,42.943651430000045]]],[[[-4.43286061799995,42.94622872800005],[-4.428748804999941,42.943329393000056],[-4.433316528999967,42.94466679800007],[-4.43335362199997,42.943611831000055],[-4.435007611999936,42.945509765000054],[-4.43286061799995,42.94622872800005]]]]}},{"type":"Feature","properties":{"ClaseSuelo":"SUELO URBANO NO CONSOLIDADO","NuclRural":"0","AreaLamber":4.46259307,"Shape_STAr":0.00000491745999715},"geometry":{"type":"MultiPolygon","coordinates":[[[[-4.499677804999976,42.858301564000044],[-4.499639209999941,42.86070174300005],[-4.498211424999965,42.86067486200005],[-4.499677804999976,42.858301564000044]]],[[[-4.501641287999973,42.860571048000054],[-4.502544979999925,42.86019474100004],[-4.502631109999925,42.860809034000056],[-4.501641287999973,42.860571048000054]]],[[[-4.497035857999947,42.861360887000046],[-4.496818656999949,42.86011098100005],[-4.498044513999957,42.86082185300006],[-4.497035857999947,42.861360887000046]]]]}},{"type":"Feature","properties":{"ClaseSuelo":"SUELO NO URBANIZABLE","NuclRural":"0","AreaLamber":11912.9195863,"Shape_STAr":0.0129255534493},"geometry":{"type":"Polygon","coordinates":[[[-4.604285467999944,41.92580627800004],[-4.59506093899995,41.924055750000036],[-4.591913139999974,41.92599076000005],[-4.576136499999961,41.92739711000007],[-4.5736286909999535,41.92644978000004],[-4.574447359999965,41.92443012000007],[-4.572785279999948,41.92304787000006],[-4.569582729999979,41.92621691000005],[-4.552106047999928,41.927661181000076],[-4.550009139999929,41.925239720000036],[-4.546059239999977,41.925482070000044],[-4.547424199999966,41.92307697000007],[-4.537657709999962,41.91663330000006],[-4.533894329999953,41.918097630000034],[-4.526063888999943,41.91539184000004],[-4.5239471699999285,41.918157920000056],[-4.51715833999998,41.91969781000006],[-4.510794488999977,41.92545583000003],[-4.505546869999932,41.92692976100005],[-4.5030975489999605,41.916613331000065],[-4.4998070799999255,41.91616099000004],[-4.499503779999941,41.910418770000035],[-4.505568579999931,41.90221549000006],[-4.506606309999938,41.896617810000066],[-4.504126819999954,41.89164265000005],[-4.499481399999979,41.88731719000003],[-4.491784799999948,41.87302489000007],[-4.48735243699997,41.870515469000054],[-4.476023849999933,41.856287020000025],[-4.473445654999978,41.851995491000025],[-4.475715236999974,41.85174209300004],[-4.475790484999948,41.84998962700007],[-4.472044278999931,41.850330650000046],[-4.469444449999969,41.845158070000025],[-4.468964769999957,41.83787780000006],[-4.473335410999937,41.832048550000025],[-4.474138749999952,41.83347031000005],[-4.471962699999949,41.836785650000024],[-4.471808129999943,41.84055242000005],[-4.473298169999964,41.843028170000025],[-4.4784120599999255,41.84333175000006],[-4.479377769999928,41.83819453000007],[-4.491884138999978,41.83841109000008],[-4.499434540999971,41.833206020000034],[-4.508590129999959,41.832311600000025],[-4.505308260999925,41.829985900000054],[-4.50558357999995,41.82682997000006],[-4.509074339999927,41.826261790000046],[-4.509665619999964,41.82426355000007],[-4.512123509999981,41.82330354000004],[-4.52095860999998,41.82317793000004],[-4.529472429999942,41.827766430000054],[-4.549154989999977,41.83101541000008],[-4.550149809999937,41.82882239000003],[-4.545433419999938,41.82498602000004],[-4.54807059999996,41.81898811000008],[-4.550989299999969,41.81669709000005],[-4.564647219999927,41.81837635000005],[-4.567291979999936,41.81623275000004],[-4.566083209999931,41.81257450000004],[-4.5720987909999735,41.81586087000005],[-4.583809119999955,41.82399522000003],[-4.591050029999963,41.83681076000005],[-4.603789789999951,41.838642150000055],[-4.6136112899999375,41.84845701000006],[-4.624062289999927,41.85398397000006],[-4.626974639999958,41.85719417000007],[-4.626410979999946,41.858246920000056],[-4.632800870999972,41.863163960000065],[-4.629532779999977,41.86827209000006],[-4.631965719999926,41.868228540000075],[-4.635001349999925,41.87103145000003],[-4.633712069999945,41.875769250000076],[-4.636497118999955,41.87912508000005],[-4.634719919999952,41.882689990000074],[-4.637304939999979,41.888111140000035],[-4.642339528999969,41.89078622000005],[-4.649879289999944,41.89102038000004],[-4.658216679999953,41.89459294000005],[-4.660880749999933,41.902498140000034],[-4.644637380999939,41.89906631000008],[-4.642204378999963,41.90149657000006],[-4.637398990999941,41.91394892200003],[-4.637503429999981,41.919928120000066],[-4.633402519999947,41.91942813000003],[-4.627135159999966,41.92146248000006],[-4.61141712999995,41.931347910000056],[-4.604285467999944,41.92580627800004]],[[-4.520739100999947,41.90565265600003],[-4.517622785999947,41.904034817000024],[-4.516064037999968,41.90521353300005],[-4.509108742999956,41.91926982000007],[-4.51585622999994,41.91754240000006],[-4.517517495999925,41.91933322300008],[-4.525681483999961,41.91525185300003],[-4.520739100999947,41.90565265600003]],[[-4.519843750999939,41.89496188700008],[-4.515738318999979,41.89721319600005],[-4.514935288999936,41.89969516200006],[-4.516638729999954,41.89965364400007],[-4.519843750999939,41.89496188700008]],[[-4.538622894999946,41.88457780500005],[-4.543822542999976,41.88090912300004],[-4.544389223999929,41.882307481000055],[-4.5478417839999565,41.88029230800004],[-4.5515226099999495,41.881655253000076],[-4.552546444999962,41.88002590700006],[-4.554708842999958,41.880151064000074],[-4.551215667999941,41.87827394200008],[-4.552632544999938,41.87604405800005],[-4.549777848999952,41.87435995700008],[-4.5513657479999665,41.87121321800004],[-4.548618426999951,41.87032737800007],[-4.549439183999937,41.86853452500003],[-4.538862395999956,41.87013332600003],[-4.537855605999937,41.87256939700006],[-4.541181305999942,41.872553045000075],[-4.54423681399993,41.87995155400006],[-4.537117918999968,41.88528366300005],[-4.538622894999946,41.88457780500005]],[[-4.5610831969999595,41.83677785800006],[-4.573924946999966,41.817800042000044],[-4.567998637999949,41.81611184900004],[-4.5635287029999745,41.81971612600006],[-4.564316649999967,41.82201600700006],[-4.559787834999952,41.82179647000004],[-4.5548672879999685,41.824438437000026],[-4.559173421999958,41.827625341000044],[-4.561409873999935,41.83165926400005],[-4.56132600199993,41.83579689800007],[-4.557323457999928,41.838724600000035],[-4.555834537999942,41.843901903000074],[-4.551391037999963,41.84659444000005],[-4.551046389999954,41.85077384900006],[-4.545723005999946,41.85310881700008],[-4.543920635999939,41.85790091800004],[-4.545577710999964,41.86127332900003],[-4.547740971999929,41.85982484200008],[-4.5610831969999595,41.83677785800006]],[[-4.532576198999948,41.853068542000074],[-4.533884884999964,41.85032591400005],[-4.530054460999963,41.849573357000054],[-4.529995868999947,41.85284345100007],[-4.532576198999948,41.853068542000074]],[[-4.562915029999942,41.83599312300004],[-4.564834583999925,41.836634813000046],[-4.573730520999959,41.82355901500006],[-4.571044962999963,41.822942356000055],[-4.562915029999942,41.83599312300004]]]}},{"type":"Feature","properties":{"ClaseSuelo":"SUELO URBANIZABLE DELIMITADO O SECTORIZADO","NuclRural":"0","AreaLamber":340.61262726,"Shape_STAr":0.000369514661875},"geometry":{"type":"MultiPolygon","coordinates":[[[[-4.509431951999943,41.91832587300007],[-4.516064037999968,41.90521353300005],[-4.518449695999948,41.904119679000075],[-4.520868030999964,41.90572074000005],[-4.525681483999961,41.91525185300003],[-4.517517495999925,41.91933322300008],[-4.51585622999994,41.91754240000006],[-4.511022349999962,41.91980512200007],[-4.509431951999943,41.91832587300007]]],[[[-4.570576627999969,41.82369622300007],[-4.573730520999959,41.82355901500006],[-4.565890852999928,41.83510982000007],[-4.563924902999929,41.83437083200005],[-4.570576627999969,41.82369622300007]]],[[[-4.561171449999961,41.83617745300006],[-4.561384681999925,41.83156667000003],[-4.55851787499995,41.82836998700003],[-4.564889581999978,41.821408580000025],[-4.5635287029999745,41.81971612600006],[-4.567998637999949,41.81611184900004],[-4.573924946999966,41.817800042000044],[-4.562512358999925,41.83617686800005],[-4.561171449999961,41.83617745300006]]],[[[-4.530964701999949,41.85313996900004],[-4.530054460999963,41.849573357000054],[-4.533884884999964,41.85032591400005],[-4.532812484999965,41.853566768000064],[-4.530964701999949,41.85313996900004]]],[[[-4.546951712999942,41.85264981100005],[-4.54743409699995,41.85590478600005],[-4.549740850999967,41.85658345600007],[-4.5457009069999685,41.86130598600005],[-4.543920635999939,41.85790091800004],[-4.546951712999942,41.85264981100005]]],[[[-4.54585033099994,41.87472973900003],[-4.544664711999928,41.87304040300006],[-4.5454724939999664,41.86981168800003],[-4.549439183999937,41.86853452500003],[-4.548618426999951,41.87032737800007],[-4.5513657479999665,41.87121321800004],[-4.550004127999955,41.87400429400003],[-4.548617007999951,41.874618241000064],[-4.547915291999971,41.872231842000076],[-4.54765357499997,41.874654202000045],[-4.54585033099994,41.87472973900003]]],[[[-4.550106719999974,41.87775405300005],[-4.549720727999954,41.87432991500003],[-4.552632544999938,41.87604405800005],[-4.551215667999941,41.87827394200008],[-4.554708842999958,41.880151064000074],[-4.550106719999974,41.87775405300005]]]]}},{"type":"Feature","properties":{"ClaseSuelo":"SUELO URBANO","NuclRural":"0","AreaLamber":148.8277536,"Shape_STAr":0.000161427021207},"geometry":{"type":"MultiPolygon","coordinates":[[[[-4.538013411999941,41.88456094900005],[-4.544236158999979,41.879977300000064],[-4.541181305999942,41.872553045000075],[-4.537855605999937,41.87256939700006],[-4.538862395999956,41.87013332600003],[-4.540766284999961,41.86904117300003],[-4.542692952999971,41.87033070700005],[-4.543583516999945,41.869023352000056],[-4.543069058999947,41.87081869900004],[-4.544203790999973,41.870938359000036],[-4.544822366999938,41.86934436100006],[-4.545757295999977,41.87469451700008],[-4.548425104999978,41.87302966300007],[-4.547796451999943,41.875007313000026],[-4.550099533999969,41.875202030000025],[-4.549280038999939,41.87691902100005],[-4.552546444999962,41.88002590700006],[-4.547938478999981,41.879069224000034],[-4.544389223999929,41.882307481000055],[-4.544343340999944,41.88018759900007],[-4.5410705279999775,41.883835443000066],[-4.537133589999939,41.88530549600006],[-4.538013411999941,41.88456094900005]]],[[[-4.549958665999952,41.85084842600003],[-4.5515072889999715,41.849528586000076],[-4.551391037999963,41.84659444000005],[-4.556438329999935,41.84309494400003],[-4.557323457999928,41.838724600000035],[-4.561084981999954,41.83647918200006],[-4.549740850999967,41.85658345600007],[-4.546581228999969,41.85462276100003],[-4.549958665999952,41.85084842600003]]],[[[-4.559144683999932,41.821996212000045],[-4.564316649999967,41.82201600700006],[-4.559173421999958,41.827625341000044],[-4.554520375999971,41.824995787000034],[-4.559144683999932,41.821996212000045]]]]}},{"type":"Feature","properties":{"ClaseSuelo":"SUELO URBANO NO CONSOLIDADO","NuclRural":"0","AreaLamber":7.28675426,"Shape_STAr":0.00000790373057519},"geometry":{"type":"MultiPolygon","coordinates":[[[[-4.563713476999965,41.83470947400008],[-4.565436300999977,41.83494385800003],[-4.564834583999925,41.836634813000046],[-4.562915029999942,41.83599312300004],[-4.563713476999965,41.83470947400008]]],[[[-4.543922251999959,41.86915913200005],[-4.5442713759999265,41.870928148000075],[-4.543069058999947,41.87081869900004],[-4.543922251999959,41.86915913200005]]],[[[-4.547908015999951,41.87224991200003],[-4.549020467999981,41.87248350200008],[-4.548727564999979,41.87332549200005],[-4.547908015999951,41.87224991200003]]],[[[-4.547760174999951,41.87492710200007],[-4.5498391729999526,41.87425464900008],[-4.54900117699998,41.87516070100003],[-4.547760174999951,41.87492710200007]]],[[[-4.549515737999968,41.87608525700006],[-4.550682415999972,41.876576112000066],[-4.549669758999926,41.87725034700003],[-4.549515737999968,41.87608525700006]]]]}},{"type":"Feature","properties":{"ClaseSuelo":"SUELO NO URBANIZABLE","NuclRural":"0","AreaLamber":2195.21754999,"Shape_STAr":0.00238813019964},"geometry":{"type":"MultiPolygon","coordinates":[[[[-4.57040025699996,42.082466304000036],[-4.567019239999979,42.078830003000064],[-4.5692658329999745,42.07708557500007],[-4.571034663999967,42.07905425100006],[-4.573808776999954,42.075501907000046],[-4.566383262999977,42.07154776600004],[-4.567090256999961,42.07060605100003],[-4.564730681999947,42.06912310900003],[-4.567963335999934,42.06646766600005],[-4.571748277999973,42.06783563500005],[-4.5727426299999365,42.06605136600007],[-4.5634901689999765,42.06610864900006],[-4.564629135999951,42.064274228000045],[-4.5626648029999615,42.06247858900008],[-4.562876410999934,42.059546073000035],[-4.570611059999976,42.05831414700003],[-4.571370890999958,42.05673971900006],[-4.562907171999939,42.05715121000003],[-4.562021743999935,42.05352888300007],[-4.566328925999926,42.04744438600005],[-4.573753675999967,42.04909968100003],[-4.5733434139999645,42.051368093000065],[-4.57601458299996,42.05304497600008],[-4.574698679999926,42.054128354000056],[-4.576053940999941,42.05386131600005],[-4.577030467999975,42.05729377000006],[-4.579611979999925,42.05632615300004],[-4.577615851999951,42.052240346000076],[-4.578977577999979,42.052814495000064],[-4.586177871999951,42.06640931600003],[-4.588532162999968,42.06828474200006],[-4.592139348999979,42.06123986400007],[-4.594654527999978,42.06117692600003],[-4.596275858999945,42.05923753800005],[-4.587976168999944,42.051884244000064],[-4.567248260999975,42.038419916000066],[-4.560832570999935,42.040494918000036],[-4.560506980999946,42.06649880000003],[-4.558190869999976,42.07893419800007],[-4.557284958999958,42.08128194300008],[-4.55585431399993,42.081038920000026],[-4.557496764999939,42.07446160500007],[-4.551323971999977,42.07788628800006],[-4.5528800109999565,42.080306276000044],[-4.5471458669999265,42.07721476100005],[-4.545219911999936,42.06968142800008],[-4.546237901999973,42.066384226000025],[-4.559256126999969,42.05869398300007],[-4.558493597999927,42.05377946500005],[-4.554701853999973,42.05126241500005],[-4.5554112579999355,42.04885389800006],[-4.558324381999967,42.04721909700004],[-4.558502423999926,42.04216394800005],[-4.571097152999926,42.03338751600006],[-4.57509461099994,42.03801239300003],[-4.593034846999956,42.021344603000045],[-4.618222146999926,42.018496679000066],[-4.628246617999935,42.02289612000004],[-4.637523384999952,42.030950173000065],[-4.647152048999942,42.02680185400004],[-4.656545535999953,42.032938158000036],[-4.654844429999969,42.03581767400004],[-4.640620025999965,42.03187393600007],[-4.634876017999943,42.03431825400003],[-4.627517225999952,42.03202953500005],[-4.620600670999977,42.03255421800003],[-4.6111733599999525,42.03588959900003],[-4.6082309899999245,42.03766363200003],[-4.608220381999956,42.046424943000034],[-4.617791763999946,42.05771770600006],[-4.616766841999947,42.062629352000044],[-4.613010847999931,42.06262909000003],[-4.611542025999938,42.06003919200003],[-4.597717956999929,42.06734732900003],[-4.597532144999946,42.069106300000044],[-4.591813799999954,42.07292317100007],[-4.5832084199999485,42.082219543000065],[-4.57040025699996,42.082466304000036]],[[-4.593123924999929,42.06254749800007],[-4.594960412999967,42.062176056000055],[-4.593067951999956,42.06140155300005],[-4.593123924999929,42.06254749800007]],[[-4.58726717899998,42.04539211000008],[-4.585796667999944,42.04698412000005],[-4.589102001999947,42.048913008000056],[-4.589917286999935,42.04821293800006],[-4.58726717899998,42.04539211000008]],[[-4.590815127999974,42.03319566300007],[-4.5917772889999355,42.03101391800004],[-4.595855924999967,42.03202904900007],[-4.597508859999948,42.02832043300003],[-4.588166241999943,42.03009525400006],[-4.587498603999961,42.036561713000026],[-4.589526918999979,42.03620725300004],[-4.590815127999974,42.03319566300007]],[[-4.590181402999974,42.02844325700005],[-4.5918675639999265,42.02454683600007],[-4.590157346999945,42.02471320800004],[-4.590226723999933,42.02815806000007],[-4.587683970999933,42.029774306000036],[-4.590181402999974,42.02844325700005]],[[-4.5593302499999595,42.06061927600007],[-4.559413494999944,42.063982046000035],[-4.559606971999926,42.05974255600006],[-4.5593302499999595,42.06061927600007]],[[-4.556711016999941,42.060754762000045],[-4.551183349999974,42.06544708300004],[-4.552413269999931,42.06652699000006],[-4.551485528999933,42.069538298000055],[-4.547367270999928,42.072050098000034],[-4.547481607999941,42.073355194000044],[-4.550621726999964,42.07249835500005],[-4.553120087999957,42.07501217500004],[-4.554874638999934,42.073112415000026],[-4.55310276199998,42.071709534000036],[-4.555614436999974,42.06931054700004],[-4.558435767999981,42.07087334000005],[-4.559282039999971,42.065921124000056],[-4.556711016999941,42.060754762000045]]],[[[-4.562531329999956,42.08183132100004],[-4.560911401999931,42.08158390600005],[-4.565198373999976,42.08108780800006],[-4.566073947999939,42.08245292000004],[-4.562531329999956,42.08183132100004]]]]}},{"type":"Feature","properties":{"ClaseSuelo":"SUELO URBANIZABLE DELIMITADO O SECTORIZADO","NuclRural":"0","AreaLamber":532.28524652,"Shape_STAr":0.00057917824171},"geometry":{"type":"MultiPolygon","coordinates":[[[[-4.562876410999934,42.059546073000035],[-4.562738263999961,42.062871881000035],[-4.564634109999929,42.064304511000046],[-4.5634901689999765,42.06610864900006],[-4.5727426299999365,42.06605136600007],[-4.571748277999973,42.06783563500005],[-4.567963335999934,42.06646766600005],[-4.564730681999947,42.06912310900003],[-4.567090256999961,42.07060605100003],[-4.566383262999977,42.07154776600004],[-4.573808776999954,42.075501907000046],[-4.571034663999967,42.07905425100006],[-4.5692658329999745,42.07708557500007],[-4.567019239999979,42.078830003000064],[-4.5697572679999325,42.08251691300006],[-4.557283449999943,42.081289439000045],[-4.559752941999932,42.07463581500008],[-4.5599851469999635,42.05956407300005],[-4.562876410999934,42.059546073000035]]],[[[-4.576016525999933,42.05397071500005],[-4.574727077999967,42.05422598200005],[-4.57601458299996,42.05304497600008],[-4.5733434139999645,42.051368093000065],[-4.573753675999967,42.04909968100003],[-4.566328925999926,42.04744438600005],[-4.562021743999935,42.05352888300007],[-4.5630088909999245,42.05685974900007],[-4.560075495999968,42.057273433000034],[-4.561099278999961,42.04171138300006],[-4.5659064989999365,42.040786850000075],[-4.568351462999942,42.042905301000076],[-4.566528239999968,42.044113819000074],[-4.568200310999941,42.045647003000056],[-4.571864636999976,42.041488281000056],[-4.580905930999961,42.04736174800007],[-4.577870583999925,42.05047810700006],[-4.575278922999928,42.048505685000066],[-4.579611979999925,42.05632615300004],[-4.577030467999975,42.05729377000006],[-4.576016525999933,42.05397071500005]]],[[[-4.583811073999925,42.06214722000004],[-4.580045181999935,42.05462799800006],[-4.588242591999972,42.061155867000025],[-4.590103946999932,42.05952439600003],[-4.587403440999935,42.05755475300003],[-4.590081938999958,42.05703663200006],[-4.588858921999929,42.055383789000075],[-4.58996794799998,42.05437895800003],[-4.596275858999945,42.05923753800005],[-4.594654527999978,42.06117692600003],[-4.592139348999979,42.06123986400007],[-4.588532162999968,42.06828474200006],[-4.583811073999925,42.06214722000004]]],[[[-4.551366585999972,42.072780290000026],[-4.547481607999941,42.073355194000044],[-4.547367270999928,42.072050098000034],[-4.5509323629999585,42.070378221000055],[-4.552413269999931,42.06652699000006],[-4.551183349999974,42.06544708300004],[-4.5566903999999795,42.06072216900003],[-4.559282039999971,42.065921124000056],[-4.55870217599994,42.070394014000044],[-4.555614436999974,42.06931054700004],[-4.55310276199998,42.071709534000036],[-4.554874638999934,42.073112415000026],[-4.553120087999957,42.07501217500004],[-4.551366585999972,42.072780290000026]]],[[[-4.58856846499998,42.03135084100006],[-4.588166241999943,42.03009525400006],[-4.591112386999953,42.02902953900008],[-4.597508859999948,42.02832043300003],[-4.595855924999967,42.03202904900007],[-4.5917772889999355,42.03101391800004],[-4.589526918999979,42.03620725300004],[-4.587498603999961,42.036561713000026],[-4.58856846499998,42.03135084100006]]],[[[-4.55731401099996,42.07445568400004],[-4.556342180999934,42.08111184300003],[-4.5528800109999565,42.080306276000044],[-4.551323971999977,42.07788628800006],[-4.55731401099996,42.07445568400004]]],[[[-4.562931765999963,42.05954126600005],[-4.562907171999939,42.05715121000003],[-4.571370890999958,42.05673971900006],[-4.570611059999976,42.05831414700003],[-4.562931765999963,42.05954126600005]]],[[[-4.566584062999937,42.03869876500005],[-4.569752828999981,42.04008069300005],[-4.567631578999965,42.041721274000054],[-4.565012948999936,42.03949756000003],[-4.566584062999937,42.03869876500005]]],[[[-4.559463621999953,42.05983166300007],[-4.559413494999944,42.063982046000035],[-4.558648880999954,42.06305387200007],[-4.559463621999953,42.05983166300007]]],[[[-4.588087577999943,42.02964932500004],[-4.590243656999974,42.028121534000036],[-4.590157346999945,42.02471320800004],[-4.5918675639999265,42.02454683600007],[-4.588087577999943,42.02964932500004]]]]}},{"type":"Feature","properties":{"ClaseSuelo":"SUELO URBANO","NuclRural":"0","AreaLamber":85.53080365,"Shape_STAr":0.0000930513108238},"geometry":{"type":"MultiPolygon","coordinates":[[[[-4.577762267999958,42.05205307500006],[-4.578439948999971,42.05096057900005],[-4.57676857499996,42.049627980000025],[-4.577870583999925,42.05047810700006],[-4.580905930999961,42.04736174800007],[-4.5816955149999785,42.04919833200006],[-4.5827524009999365,42.048478947000035],[-4.586634213999957,42.051120182000034],[-4.58589817099994,42.052292789000035],[-4.587865593999936,42.05371900500006],[-4.58862821699995,42.05237507800007],[-4.591236937999952,42.05470609300005],[-4.587122743999942,42.055846375000044],[-4.587356475999968,42.05370842200006],[-4.585349522999934,42.054390355000066],[-4.58585138199993,42.05871950900007],[-4.577762267999958,42.05205307500006]]],[[[-4.567011744999945,42.044634701000064],[-4.568351462999942,42.042905301000076],[-4.5659064989999365,42.040786850000075],[-4.561099278999961,42.04171138300006],[-4.560832570999935,42.040494918000036],[-4.565004131999956,42.03942343800003],[-4.567631578999965,42.041721274000054],[-4.569752828999981,42.04008069300005],[-4.571864636999976,42.041488281000056],[-4.5693419779999545,42.04317536600007],[-4.570501794999927,42.04440511100006],[-4.568200310999941,42.045647003000056],[-4.567011744999945,42.044634701000064]]],[[[-4.560571003999939,42.05959168100003],[-4.560075495999968,42.057273433000034],[-4.5630088909999245,42.05685974900007],[-4.562876410999934,42.059546073000035],[-4.560571003999939,42.05959168100003]]],[[[-4.586504915999967,42.04609784300004],[-4.587176489999933,42.045243794000044],[-4.589917286999935,42.04821293800006],[-4.587679875999925,42.04824759100006],[-4.585796667999944,42.04698412000005],[-4.586504915999967,42.04609784300004]]],[[[-4.592622326999958,42.062565809000034],[-4.593345306999936,42.06135689300004],[-4.594967643999951,42.06221387200003],[-4.592622326999958,42.062565809000034]]],[[[-4.577741608999929,42.05204027900004],[-4.576895579999928,42.05139303300007],[-4.576297647999979,42.05018862000003],[-4.577741608999929,42.05204027900004]]]]}},{"type":"Feature","properties":{"ClaseSuelo":"SUELO URBANO NO CONSOLIDADO","NuclRural":"0","AreaLamber":26.71277138,"Shape_STAr":0.0000290636912906},"geometry":{"type":"MultiPolygon","coordinates":[[[[-4.586443742999961,42.059753114000046],[-4.584470697999961,42.058393960000046],[-4.58592631099998,42.05861792700006],[-4.585219147999965,42.05478532600006],[-4.587291064999931,42.05368161300004],[-4.587122743999942,42.055846375000044],[-4.588804612999979,42.055309514000044],[-4.590081938999958,42.05703663200006],[-4.587403440999935,42.05755475300003],[-4.590103946999932,42.05952439600003],[-4.588242591999972,42.061155867000025],[-4.586443742999961,42.059753114000046]]],[[[-4.580794840999943,42.04853522500008],[-4.5814337619999606,42.04768349600005],[-4.582874581999931,42.04905258600007],[-4.580794840999943,42.04853522500008]]],[[[-4.575278922999928,42.048505685000066],[-4.578439948999971,42.05096057900005],[-4.577741608999929,42.05204027900004],[-4.575278922999928,42.048505685000066]]],[[[-4.58660466799995,42.05123685900003],[-4.58862821699995,42.05237507800007],[-4.588387295999951,42.05390489200005],[-4.58589817099994,42.052292789000035],[-4.58660466799995,42.05123685900003]]]]}},{"type":"Feature","properties":{"ClaseSuelo":"SUELO NO URBANIZABLE","NuclRural":"0","AreaLamber":4473.27996602,"Shape_STAr":0.00487093746695},"geometry":{"type":"Polygon","coordinates":[[[-4.479813199999967,42.13365390000007],[-4.464006907999931,42.133478370000034],[-4.461962848999974,42.13088363000003],[-4.461951649999946,42.12776763000005],[-4.463509488999932,42.12711734100003],[-4.462125950999962,42.11851604000003],[-4.45224806899995,42.10709550100006],[-4.444151708999925,42.10208211100007],[-4.427803019999942,42.10001709100004],[-4.414506339999946,42.11007063100004],[-4.410502268999949,42.10404969000007],[-4.402704858999925,42.10858536000006],[-4.4010529999999335,42.107173540000076],[-4.396380148999981,42.11028363100007],[-4.389930290999928,42.10240038000006],[-4.390023420999967,42.10002159100003],[-4.398914308999963,42.09792316000005],[-4.403377678999959,42.09906650100004],[-4.407791699999962,42.095788180000056],[-4.40838808999996,42.09323208100005],[-4.400743329999955,42.08927281100006],[-4.389380260999928,42.09050971000005],[-4.389459227999964,42.08526708100004],[-4.399839988999929,42.07569330000007],[-4.40414667899995,42.07364129600006],[-4.408868045999952,42.075591830000064],[-4.416651980999973,42.07065064000005],[-4.417680469999937,42.06961122100006],[-4.415703998999959,42.068789020000054],[-4.416487128999961,42.068130901000075],[-4.421548223999935,42.06743790400003],[-4.426136335999956,42.062895886000035],[-4.434743289999972,42.06939921000003],[-4.436930488999963,42.074190231000046],[-4.445336869999949,42.07494028000008],[-4.455826528999978,42.08008540000003],[-4.459142178999969,42.08338463000007],[-4.458213628999943,42.08507160000005],[-4.459976049999966,42.089165061000074],[-4.464356298999974,42.09140585100005],[-4.488168649999977,42.095188420000056],[-4.502449748999936,42.094164781000075],[-4.5037207189999435,42.091662420000034],[-4.508699447999959,42.091534041000045],[-4.515295118999973,42.09431113000005],[-4.516992999999957,42.100602071000026],[-4.523545699999943,42.106576450000034],[-4.526003769999932,42.10568821100003],[-4.532746808999946,42.11197474100004],[-4.5375207489999525,42.11131648000003],[-4.539235820999977,42.11321181000005],[-4.538915269999961,42.117458010000064],[-4.540291067999931,42.11932185100005],[-4.552972059999945,42.11995250000007],[-4.544174410999972,42.13077953000004],[-4.54260107999994,42.12826996100006],[-4.520927618999963,42.135151740000026],[-4.502537329999939,42.13573624000003],[-4.50096599099993,42.13427079100006],[-4.495321973999978,42.13381429700007],[-4.493145539999944,42.13101351100005],[-4.487986108999962,42.12924326000007],[-4.485535029999937,42.13721846100003],[-4.479813199999967,42.13365390000007]],[[-4.489126885999951,42.118516414000055],[-4.4883407829999555,42.11897078900006],[-4.489050026999962,42.119222697000055],[-4.489126885999951,42.118516414000055]],[[-4.493443783999965,42.11824483400005],[-4.497432389999972,42.115178806000074],[-4.500304188999962,42.10915200000005],[-4.506427230999975,42.10925983100003],[-4.511411431999932,42.105498709000074],[-4.513366341999927,42.10566918000006],[-4.512359014999959,42.104134729000066],[-4.510265639999943,42.10523146400004],[-4.511886469999979,42.10286991800007],[-4.508852565999973,42.102739661000044],[-4.507575292999945,42.10491186200005],[-4.503628441999979,42.10166438200008],[-4.5042768749999595,42.10006841300003],[-4.501416232999929,42.10233768100005],[-4.49929085399998,42.10166127700006],[-4.498030951999965,42.108962046000045],[-4.495868657999949,42.10965454300003],[-4.497755615999949,42.11011459400004],[-4.497054398999978,42.11124396900004],[-4.488298974999964,42.11832309700003],[-4.49054020899996,42.11722487600008],[-4.493443783999965,42.11824483400005]],[[-4.489948740999978,42.11771584400003],[-4.4903675849999445,42.117323087000045],[-4.489749906999975,42.11747494200006],[-4.489948740999978,42.11771584400003]],[[-4.488941694999937,42.11625807100006],[-4.489119923999965,42.11563488200005],[-4.48838320599998,42.11591438800008],[-4.488941694999937,42.11625807100006]],[[-4.489258832999951,42.11565516600007],[-4.489455138999972,42.11569567600003],[-4.4893844569999715,42.11560077300004],[-4.489258832999951,42.11565516600007]],[[-4.4922406479999495,42.11461245100003],[-4.49002878999994,42.114714605000074],[-4.491567366999959,42.115103298000065],[-4.4922406479999495,42.11461245100003]],[[-4.506457952999938,42.09928867700006],[-4.508216686999958,42.097931826000035],[-4.505960757999958,42.09741569700003],[-4.505013375999965,42.09896116900006],[-4.506457952999938,42.09928867700006]],[[-4.435982858999978,42.08674140800008],[-4.436727406999978,42.086598356000025],[-4.435381913999947,42.08653299500003],[-4.435982858999978,42.08674140800008]],[[-4.434663058999945,42.08570733000005],[-4.43452801799998,42.084036586000025],[-4.432108085999971,42.084640481000065],[-4.43229501299993,42.08606989100008],[-4.434663058999945,42.08570733000005]]]}},{"type":"Feature","properties":{"ClaseSuelo":"SUELO URBANO","NuclRural":"0","AreaLamber":110.54495684,"Shape_STAr":0.000120375594656},"geometry":{"type":"MultiPolygon","coordinates":[[[[-4.492758821999928,42.11810264600007],[-4.488298974999964,42.11832309700003],[-4.497054398999978,42.11124396900004],[-4.497755615999949,42.11011459400004],[-4.495868657999949,42.10965454300003],[-4.498030951999965,42.108962046000045],[-4.49929085399998,42.10166127700006],[-4.501416232999929,42.10233768100005],[-4.5042768749999595,42.10006841300003],[-4.503628441999979,42.10166438200008],[-4.507575292999945,42.10491186200005],[-4.508852565999973,42.102739661000044],[-4.511886469999979,42.10286991800007],[-4.510265639999943,42.10523146400004],[-4.512359014999959,42.104134729000066],[-4.513366341999927,42.10566918000006],[-4.511411431999932,42.105498709000074],[-4.506427230999975,42.10925983100003],[-4.500304188999962,42.10915200000005],[-4.497359694999943,42.11526951700006],[-4.492758821999928,42.11810264600007]],[[-4.500409954999952,42.10675552400005],[-4.498932434999972,42.10837107400005],[-4.5001717189999795,42.10847417600007],[-4.500409954999952,42.10675552400005]],[[-4.501467869999942,42.105691841000066],[-4.501154192999934,42.104347854000025],[-4.50035519599993,42.105792294000025],[-4.501467869999942,42.105691841000066]]],[[[-4.433506479999949,42.08588827400007],[-4.432108085999971,42.084640481000065],[-4.43452801799998,42.084036586000025],[-4.435314081999934,42.08553854200005],[-4.433506479999949,42.08588827400007]]],[[[-4.506104165999943,42.09947422000005],[-4.505013375999965,42.09896116900006],[-4.505960757999958,42.09741569700003],[-4.508216686999958,42.097931826000035],[-4.506104165999943,42.09947422000005]]],[[[-4.488941694999937,42.11625807100006],[-4.48838320599998,42.11591438800008],[-4.489119923999965,42.11563488200005],[-4.488941694999937,42.11625807100006]]]]}},{"type":"Feature","properties":{"ClaseSuelo":"SUELO URBANO NO CONSOLIDADO","NuclRural":"0","AreaLamber":3.31138446,"Shape_STAr":0.00000360583025579},"geometry":{"type":"MultiPolygon","coordinates":[[[[-4.499097095999957,42.10842380100007],[-4.499885413999948,42.10665978500003],[-4.5009229799999275,42.10690629000004],[-4.499097095999957,42.10842380100007]]],[[[-4.5008198239999615,42.105793375000076],[-4.501154192999934,42.104347854000025],[-4.502048487999957,42.104634399000076],[-4.5008198239999615,42.105793375000076]]]]}},{"type":"Feature","properties":{"ClaseSuelo":"SUELO NO URBANIZABLE","NuclRural":"0","AreaLamber":2301.5878976,"Shape_STAr":0.00250069681086},"geometry":{"type":"Polygon","coordinates":[[[-4.379214329999968,41.97897979000004],[-4.378493869999943,41.97691694000008],[-4.375997380999934,41.977009930000065],[-4.364741809999941,41.98180061000005],[-4.3556067899999675,41.974532460000034],[-4.3440392099999485,41.974299160000044],[-4.346170379999933,41.970617540000035],[-4.347241939999947,41.97164072000004],[-4.350590499999953,41.967899690000024],[-4.35519974999994,41.96046002000003],[-4.363664139999969,41.956757210000035],[-4.36272710999998,41.95412040000008],[-4.363947779999933,41.951953340000046],[-4.362480889999972,41.94992625000003],[-4.364723518999938,41.945900710000046],[-4.363529119999953,41.943068820000065],[-4.35785242999998,41.942748780000045],[-4.356704259999958,41.94492393000007],[-4.355440509999937,41.942786270000056],[-4.365133208999964,41.93004420700004],[-4.370971339999926,41.93063217000008],[-4.370175729999971,41.93346974000008],[-4.37300916199996,41.935678394000035],[-4.374078620999967,41.933792390000065],[-4.383865639999954,41.93401716000005],[-4.403865259999975,41.94670791000004],[-4.422196619999966,41.96378396000006],[-4.431649069999935,41.96717907000004],[-4.428317839999977,41.96931906000003],[-4.432105819999947,41.973558980000064],[-4.430066439999962,41.97680871000006],[-4.418387399999972,41.977016580000054],[-4.409514169999966,41.97419871000005],[-4.402556239999967,41.978877210000064],[-4.389625059999958,41.98314138000006],[-4.379214329999968,41.97897979000004]],[[-4.382075671999928,41.975583708000045],[-4.381398651999973,41.97774413700006],[-4.385951895999938,41.97832517400008],[-4.384414051999954,41.97470734500007],[-4.382075671999928,41.975583708000045]]]}},{"type":"Feature","properties":{"ClaseSuelo":"SUELO URBANO","NuclRural":"0","AreaLamber":8.67870053,"Shape_STAr":0.00000943186397778},"geometry":{"type":"Polygon","coordinates":[[[-4.384367539999971,41.977497250000056],[-4.3815307419999385,41.97767788400006],[-4.383303592999937,41.97445145800003],[-4.385632824999959,41.97598181700005],[-4.385951895999938,41.97832517400008],[-4.384367539999971,41.977497250000056]]]}},{"type":"Feature","properties":{"ClaseSuelo":"SUELO NO URBANIZABLE","NuclRural":"0","AreaLamber":2645.71326069,"Shape_STAr":0.00287393064124},"geometry":{"type":"MultiPolygon","coordinates":[[[[-4.480339289999961,41.98938416100003],[-4.479699789999927,41.985231430000056],[-4.475923666999961,41.98219097900005],[-4.479758638999954,41.97839478000003],[-4.469032542999969,41.97337471600008],[-4.4785100099999795,41.97064088700006],[-4.472181979999959,41.96677136200003],[-4.462618923999969,41.96505105500006],[-4.472053722999931,41.966479943000024],[-4.480364596999948,41.97007124900006],[-4.48399786899995,41.967362897000044],[-4.480928258999938,41.96121272400006],[-4.497039840999946,41.95815976700004],[-4.501372969999977,41.955220060000045],[-4.495344541999941,41.936872566000034],[-4.465986683999972,41.950595743000065],[-4.4605481979999695,41.95479646700005],[-4.45846813299994,41.958982201000026],[-4.455486298999972,41.954585621000035],[-4.456504778999943,41.95109621100005],[-4.468324349999932,41.94251570600005],[-4.465266138999937,41.94544263600005],[-4.4689359829999376,41.94309624400006],[-4.469821539999941,41.94414467000007],[-4.489345988999958,41.93920074000005],[-4.487243628999977,41.93697636100006],[-4.495761804999972,41.930634645000055],[-4.5030975489999605,41.916613331000065],[-4.505546869999932,41.92692976100005],[-4.510794488999977,41.92545583000003],[-4.51715833999998,41.91969781000006],[-4.5239471699999285,41.918157920000056],[-4.526063888999943,41.91539184000004],[-4.533894329999953,41.918097630000034],[-4.537657709999962,41.91663330000006],[-4.547424199999966,41.92307697000007],[-4.546059239999977,41.925482070000044],[-4.550429518999977,41.925666361000026],[-4.552060128999926,41.92875159100004],[-4.549454607999962,41.92973243000006],[-4.548686809999936,41.93189534100003],[-4.552604739999936,41.93578731100007],[-4.552276769999935,41.938178461000064],[-4.556016378999971,41.94264913000006],[-4.554781609999964,41.94544884100003],[-4.547001148999925,41.95096675100007],[-4.5432449599999245,41.95579969100004],[-4.540573570999925,41.95660109000005],[-4.539798509999969,41.95998890100003],[-4.545516488999965,41.96141619000008],[-4.545564677999948,41.964405670000076],[-4.543789379999964,41.96534820000005],[-4.545562728999926,41.970809271000064],[-4.510949599999947,41.97744822000004],[-4.498992448999957,41.98173889000003],[-4.495137668999973,41.98052824100006],[-4.491411829999947,41.991033161000075],[-4.48706128799995,41.989288300000055],[-4.484450318999961,41.99225817000007],[-4.48241934999993,41.992140310000025],[-4.480339289999961,41.98938416100003]],[[-4.494492907999927,41.98073465700003],[-4.495962300999963,41.97966658900003],[-4.482688089999954,41.97331861600003],[-4.478541388999929,41.97273844800003],[-4.477274152999939,41.974832692000064],[-4.482313555999951,41.976769395000076],[-4.484390821999966,41.976008603000025],[-4.491041229999951,41.98172319300005],[-4.494492907999927,41.98073465700003]],[[-4.508669573999953,41.97592335500008],[-4.509384023999928,41.977697567000064],[-4.507531900999936,41.968919166000035],[-4.506455459999927,41.96912997100003],[-4.508669573999953,41.97592335500008]],[[-4.490221961999964,41.97084098100004],[-4.501117129999955,41.96643177400006],[-4.502194618999965,41.97050343800004],[-4.503553760999978,41.969491695000045],[-4.504324072999964,41.965155569000046],[-4.501560048999977,41.95677042600005],[-4.4811414319999585,41.96146953300007],[-4.484704148999981,41.96769657600004],[-4.483379877999937,41.96839067600007],[-4.484158488999981,41.96926977900006],[-4.490221961999964,41.97084098100004]],[[-4.479891729999963,41.97018931000008],[-4.472522069999968,41.96689927500006],[-4.477570997999976,41.970015140000044],[-4.479891729999963,41.97018931000008]],[[-4.503376015999947,41.95634430000007],[-4.506212747999939,41.968590332000076],[-4.5069519289999675,41.96523010800007],[-4.505102643999976,41.95454222800004],[-4.503376015999947,41.95634430000007]],[[-4.501790658999937,41.954475312000056],[-4.5032187419999445,41.94186830500007],[-4.499166084999956,41.93763124900005],[-4.49665357899994,41.93799853100006],[-4.501790658999937,41.954475312000056]],[[-4.503103658999976,41.937753445000055],[-4.505444144999956,41.939073637000035],[-4.505239621999976,41.932413573000076],[-4.503208904999951,41.93248221300007],[-4.503103658999976,41.937753445000055]],[[-4.510631329999967,41.941013465000026],[-4.511467541999934,41.947113873000035],[-4.510368047999975,41.94732444300007],[-4.5082693869999275,41.943976415000066],[-4.505543880999937,41.94412657500004],[-4.505337405999967,41.94145560800007],[-4.503789452999968,41.941714122000064],[-4.505526001999954,41.95159632300005],[-4.507395620999944,41.95322006200007],[-4.506172147999962,41.955705514000044],[-4.507754659999932,41.965588997000054],[-4.50930273299997,41.967211398000074],[-4.508239193999941,41.96870005400007],[-4.509084236999968,41.97421463300003],[-4.51088735899998,41.97105972700007],[-4.517506173999948,41.96739799800008],[-4.518321854999954,41.965442729000074],[-4.516935445999934,41.961915239000064],[-4.5182386009999504,41.95821722300008],[-4.510540221999975,41.95535755600008],[-4.520094146999952,41.95795066200003],[-4.517846457999951,41.950593586000025],[-4.519027153999957,41.95278340900006],[-4.5218702929999495,41.95044810300004],[-4.517758115999925,41.94856927300003],[-4.517670904999932,41.95045854000006],[-4.51594997899997,41.94524142200004],[-4.512146067999936,41.94488243200004],[-4.510631329999967,41.941013465000026]],[[-4.5210768539999435,41.94852366500004],[-4.520727527999952,41.94940521900003],[-4.522357574999944,41.94902800800003],[-4.5210768539999435,41.94852366500004]],[[-4.522891637999976,41.95073957500006],[-4.520404288999941,41.95407054800006],[-4.525081407999949,41.95153976800003],[-4.522891637999976,41.95073957500006]],[[-4.45921470299993,41.95148014000006],[-4.465593389999981,41.94930521900005],[-4.463071167999942,41.94768663900004],[-4.45921470299993,41.95148014000006]]],[[[-4.5112528399999405,41.94722496400004],[-4.512141398999972,41.949461677000045],[-4.511098772999958,41.949453051000035],[-4.5112528399999405,41.94722496400004]]],[[[-4.511144031999947,41.94968075500003],[-4.513008806999949,41.95246248500007],[-4.511115063999966,41.952130855000064],[-4.511144031999947,41.94968075500003]]],[[[-4.51081058799997,41.954473439000026],[-4.511123452999925,41.95222336100005],[-4.513118615999929,41.95264627100005],[-4.51131599699994,41.955383693000044],[-4.51081058799997,41.954473439000026]]]]}},{"type":"Feature","properties":{"ClaseSuelo":"SUELO URBANIZABLE DELIMITADO O SECTORIZADO","NuclRural":"0","AreaLamber":914.78880685,"Shape_STAr":0.000993825715286},"geometry":{"type":"MultiPolygon","coordinates":[[[[-4.494993225999963,41.93707042400007],[-4.501372969999977,41.955220060000045],[-4.497039840999946,41.95815976700004],[-4.480928258999938,41.96121272400006],[-4.48399786899995,41.967362897000044],[-4.480364596999948,41.97007124900006],[-4.472053722999931,41.966479943000024],[-4.462618923999969,41.96505105500006],[-4.461331679999944,41.96327472000007],[-4.463422839999964,41.962374461000024],[-4.45846813299994,41.958982201000026],[-4.463199829999951,41.95233057000007],[-4.494993225999963,41.93707042400007]]],[[[-4.504612921999978,41.93242446700003],[-4.505496094999955,41.93517682300006],[-4.503118079999979,41.93508258400004],[-4.503208904999951,41.93248221300007],[-4.504612921999978,41.93242446700003]]],[[[-4.508164975999932,41.95179686600005],[-4.5074966069999505,41.948536932000025],[-4.510197464999976,41.94670587000007],[-4.511118721999935,41.95217119100005],[-4.508164975999932,41.95179686600005]]],[[[-4.506534941999973,41.951598998000065],[-4.507118481999953,41.95312043900003],[-4.505616390999933,41.951767258000075],[-4.506534941999973,41.951598998000065]]],[[[-4.502787047999959,41.94886926800007],[-4.501773208999964,41.95501671400007],[-4.4997519479999255,41.949116427000035],[-4.502787047999959,41.94886926800007]]],[[[-4.504807217999939,41.95443202700005],[-4.506166524999969,41.96002323100004],[-4.503897786999971,41.96119631800008],[-4.503276766999932,41.956801760000076],[-4.504807217999939,41.95443202700005]]],[[[-4.5135923069999535,41.968350558000054],[-4.509972447999928,41.96854153600003],[-4.508556072999966,41.96344609500005],[-4.509340319999978,41.957524601000046],[-4.5061920749999445,41.95551366500007],[-4.506873971999937,41.953742729000055],[-4.5182386009999504,41.95821722300008],[-4.516935445999934,41.961915239000064],[-4.518014361999974,41.96661205500004],[-4.5135923069999535,41.968350558000054]]],[[[-4.47263892899997,41.96698354000006],[-4.480011383999965,41.97039360000008],[-4.476941745999966,41.96973013600007],[-4.47263892899997,41.96698354000006]]],[[[-4.468749524999964,41.97294086200003],[-4.462799872999938,41.96526737700003],[-4.472181979999959,41.96677136200003],[-4.478626356999939,41.970864575000064],[-4.468749524999964,41.97294086200003]]],[[[-4.488384881999934,41.97964171500007],[-4.484390821999966,41.976008603000025],[-4.482313555999951,41.976769395000076],[-4.477274152999939,41.974832692000064],[-4.478541388999929,41.97273844800003],[-4.482688089999954,41.97331861600003],[-4.486843034999936,41.97538610600003],[-4.487459230999946,41.97905591600005],[-4.490870967999967,41.97955572400008],[-4.492318574999956,41.97771498600008],[-4.495962300999963,41.97966658900003],[-4.491041229999951,41.98172319300005],[-4.488384881999934,41.97964171500007]]]]}},{"type":"Feature","properties":{"ClaseSuelo":"SUELO URBANO","NuclRural":"0","AreaLamber":417.02379768,"Shape_STAr":0.000453058317942},"geometry":{"type":"MultiPolygon","coordinates":[[[[-4.487405536999972,41.969904460000066],[-4.483381283999961,41.968451284000025],[-4.484704148999981,41.96769657600004],[-4.481186291999961,41.96142312300003],[-4.501560048999977,41.95677042600005],[-4.504324072999964,41.965155569000046],[-4.502470192999965,41.97066700900007],[-4.501117129999955,41.96643177400006],[-4.493120364999925,41.97066033800007],[-4.487405536999972,41.969904460000066]]],[[[-4.503021978999925,41.93551533100003],[-4.505496094999955,41.93517682300006],[-4.505444144999956,41.939073637000035],[-4.503251872999954,41.93848521700005],[-4.503021978999925,41.93551533100003]]],[[[-4.468127101999926,41.942762275000064],[-4.468847115999949,41.94376863700006],[-4.465266138999937,41.94544263600005],[-4.468127101999926,41.942762275000064]]],[[[-4.50070117599995,41.94596112800008],[-4.4992259969999395,41.94757459900006],[-4.49665357899994,41.93799853100006],[-4.499166084999956,41.93763124900005],[-4.5032187419999445,41.94186830500007],[-4.502915935999965,41.94883854200003],[-4.501671318999968,41.94894381200004],[-4.50070117599995,41.94596112800008]]],[[[-4.462447190999967,41.94821650600005],[-4.465593389999981,41.94930521900005],[-4.459127753999951,41.95140297800003],[-4.462447190999967,41.94821650600005]]],[[[-4.519922869999959,41.95795083400003],[-4.507376868999927,41.95429870800007],[-4.506971351999937,41.951559161000034],[-4.505526001999954,41.95159632300005],[-4.503827569999942,41.941669767000064],[-4.505337405999967,41.94145560800007],[-4.505543880999937,41.94412657500004],[-4.5082693869999275,41.943976415000066],[-4.510197464999976,41.94670587000007],[-4.507402321999962,41.94879554000005],[-4.508567470999935,41.952809976000026],[-4.513008806999949,41.95246248500007],[-4.511102667999978,41.949505327000054],[-4.512141398999972,41.949461677000045],[-4.511496859999966,41.947182929000064],[-4.510368047999975,41.94732444300007],[-4.511467541999934,41.947113873000035],[-4.510632346999955,41.940993424000055],[-4.512146067999936,41.94488243200004],[-4.51594997899997,41.94524142200004],[-4.517670904999932,41.95045854000006],[-4.52168560299998,41.949954449000074],[-4.51853732099994,41.95177073600007],[-4.517846457999951,41.950593586000025],[-4.519922869999959,41.95795083400003]],[[-4.5113574069999345,41.95503583500005],[-4.513118615999929,41.95264627100005],[-4.511123452999925,41.95222336100005],[-4.5113574069999345,41.95503583500005]],[[-4.511811295999962,41.954383531000076],[-4.515084603999981,41.95416444400007],[-4.514567703999944,41.95243821500003],[-4.511811295999962,41.954383531000076]],[[-4.5151772479999295,41.951862031000076],[-4.5162189979999425,41.95159091000005],[-4.514297907999946,41.95165848200003],[-4.5151772479999295,41.951862031000076]]],[[[-4.506057373999965,41.96003756700003],[-4.506212747999939,41.968590332000076],[-4.503797448999933,41.961219881000034],[-4.506057373999965,41.96003756700003]]],[[[-4.509656149999955,41.96866712900004],[-4.507754659999932,41.965588997000054],[-4.5061920749999445,41.95551366500007],[-4.509340319999978,41.957524601000046],[-4.508556072999966,41.96344609500005],[-4.509972447999928,41.96854153600003],[-4.514256084999943,41.968736712000066],[-4.509084236999968,41.97421463300003],[-4.508363250999935,41.96949194300004],[-4.509656149999955,41.96866712900004]]],[[[-4.507377461999965,41.968921195000064],[-4.509384023999928,41.977697567000064],[-4.506455459999927,41.96912997100003],[-4.507377461999965,41.968921195000064]]],[[[-4.490257140999972,41.97897816300008],[-4.487459230999946,41.97905591600005],[-4.486629526999934,41.97514783200006],[-4.492318574999956,41.97771498600008],[-4.490257140999972,41.97897816300008]]]]}},{"type":"Feature","properties":{"ClaseSuelo":"SUELO URBANO NO CONSOLIDADO","NuclRural":"0","AreaLamber":11.91420737,"Shape_STAr":0.0000129432116682},"geometry":{"type":"MultiPolygon","coordinates":[[[[-4.513032788999965,41.95289466100007],[-4.514567703999944,41.95243821500003],[-4.515084603999981,41.95416444400007],[-4.511720542999967,41.954797479000035],[-4.513032788999965,41.95289466100007]]],[[[-4.500192467999966,41.945910586000025],[-4.501666127999954,41.94895219600005],[-4.499690465999947,41.94900545200005],[-4.500192467999966,41.945910586000025]]],[[[-4.51441035299996,41.95189620800005],[-4.5149398409999435,41.95117159400007],[-4.5162189979999425,41.95159091000005],[-4.51441035299996,41.95189620800005]]],[[[-4.508239193999941,41.96870005400007],[-4.5090485849999595,41.96808891400008],[-4.509679902999949,41.96926731700006],[-4.508239193999941,41.96870005400007]]],[[[-4.490772560999972,41.97745086800006],[-4.489142966999964,41.976809831000025],[-4.491733029999978,41.977428048000036],[-4.490772560999972,41.97745086800006]]]]}},{"type":"Feature","properties":{"ClaseSuelo":"SUELO NO URBANIZABLE","NuclRural":"0","AreaLamber":6255.52342491,"Shape_STAr":0.00679438285018},"geometry":{"type":"Polygon","coordinates":[[[-4.083092559999955,41.977191230000074],[-4.069344800999943,41.97866209000006],[-4.065103620999935,41.97260392000004],[-4.054162179999935,41.96415747000003],[-4.049180659999934,41.964311200000054],[-4.050836139999944,41.96003583000004],[-4.040363509999963,41.95048491000006],[-4.04036315999997,41.94600851000007],[-4.043466329999944,41.94024298000005],[-4.042295159999981,41.93498462000008],[-4.065981079999972,41.931821900000045],[-4.0690888199999335,41.93012673000004],[-4.071623189999968,41.91723232000004],[-4.073723609999945,41.91376307000007],[-4.0733405009999615,41.91104657000005],[-4.065621209999961,41.903642760000025],[-4.036720869999954,41.909509600000035],[-4.033209089999957,41.88382659000007],[-4.033311559999959,41.87819646000003],[-4.035217179999961,41.87379302000005],[-4.037574659999962,41.872772000000055],[-4.0474234899999715,41.873745420000034],[-4.060195279999959,41.88315735000003],[-4.063172599999973,41.88756112000004],[-4.074274739999964,41.89699612000004],[-4.09339620999998,41.89426700000007],[-4.093776140999978,41.89604674000003],[-4.0953137799999695,41.89502334000008],[-4.104079159999969,41.896506730000056],[-4.126862388999939,41.89575436000007],[-4.132068398999934,41.90521441000004],[-4.136755689999973,41.907095620000064],[-4.147170139999957,41.90760465000005],[-4.154876549999926,41.91038265000003],[-4.1503033699999605,41.90952781000004],[-4.140729229999977,41.91221715000006],[-4.132663319999949,41.92182605000005],[-4.138404689999959,41.92458846000005],[-4.139617370999929,41.93038579000006],[-4.130342889999952,41.931801360000065],[-4.129645978999974,41.93332134000008],[-4.135038759999929,41.94018539000007],[-4.138246850999963,41.94692673000003],[-4.138604879999946,41.95145358000008],[-4.1297491199999286,41.96787019000004],[-4.104848519999962,41.96700455000007],[-4.097473879999939,41.97610001000004],[-4.0906173199999785,41.976768770000035],[-4.088924519999978,41.97872128000006],[-4.083092559999955,41.977191230000074]],[[-4.1197139589999665,41.94752820700006],[-4.125604288999966,41.94485410000004],[-4.122942025999976,41.943606929000055],[-4.1196434019999515,41.94514916700007],[-4.121236324999927,41.94396857900006],[-4.117045106999967,41.942332521000026],[-4.117240865999975,41.94378410400003],[-4.114005430999953,41.94416645300004],[-4.1169618849999665,41.945671221000055],[-4.114545656999951,41.94769641900007],[-4.117842395999958,41.94728906700004],[-4.119987779999974,41.94894819900003],[-4.1197139589999665,41.94752820700006]]]}},{"type":"Feature","properties":{"ClaseSuelo":"SUELO URBANO","NuclRural":"0","AreaLamber":24.28491062,"Shape_STAr":0.0000263827968963},"geometry":{"type":"Polygon","coordinates":[[[-4.119987779999974,41.94894819900003],[-4.117842395999958,41.94728906700004],[-4.114545656999951,41.94769641900007],[-4.1169618849999665,41.945671221000055],[-4.114005430999953,41.94416645300004],[-4.117240865999975,41.94378410400003],[-4.117045106999967,41.942332521000026],[-4.121236324999927,41.94396857900006],[-4.1196434019999515,41.94514916700007],[-4.122942025999976,41.943606929000055],[-4.125604288999966,41.94485410000004],[-4.120242934999965,41.94628984000008],[-4.119987779999974,41.94894819900003]]]}},{"type":"Feature","properties":{"ClaseSuelo":"SUELO NO URBANIZABLE","NuclRural":"0","AreaLamber":1440.97991762,"Shape_STAr":0.00157848323019},"geometry":{"type":"Polygon","coordinates":[[[-4.483035069999971,42.51355896000007],[-4.476790489999928,42.51200950000003],[-4.480369619999976,42.50015706000005],[-4.478161339999929,42.49992437000003],[-4.472800329999927,42.48669208000007],[-4.477925589999927,42.48163708000004],[-4.499236579999945,42.46868973000005],[-4.520924449999939,42.460119140000074],[-4.5245946099999514,42.46651844000007],[-4.524301009999931,42.469458160000045],[-4.531232968999973,42.47787613000003],[-4.52414086899995,42.48441856000005],[-4.514130669999929,42.489603231000046],[-4.51259996999994,42.49425228100006],[-4.506872538999971,42.49290477100004],[-4.501442557999951,42.49431779100007],[-4.499920549999956,42.50090275000008],[-4.495918410999934,42.504557231000035],[-4.4971173299999805,42.51297981000005],[-4.492318889999979,42.51850870000004],[-4.48731147999996,42.517312950000075],[-4.485388149999949,42.51423095000007],[-4.483035069999971,42.51355896000007]],[[-4.499394841999958,42.48639349600006],[-4.501354558999935,42.48487610600006],[-4.500254587999962,42.48281855100004],[-4.49722907499995,42.48160712600003],[-4.495489459999931,42.48254211600005],[-4.499394841999958,42.48639349600006]]]}},{"type":"Feature","properties":{"ClaseSuelo":"SUELO URBANO","NuclRural":"0","AreaLamber":12.20129865,"Shape_STAr":0.0000133649281464},"geometry":{"type":"Polygon","coordinates":[[[-4.499394841999958,42.48639349600006],[-4.495489459999931,42.48254211600005],[-4.49722907499995,42.48160712600003],[-4.500254587999962,42.48281855100004],[-4.501354558999935,42.48487610600006],[-4.499394841999958,42.48639349600006]]]}},{"type":"Feature","properties":{"ClaseSuelo":"SUELO NO URBANIZABLE","NuclRural":"0","AreaLamber":6219.92341862,"Shape_STAr":0.00686321522745},"geometry":{"type":"MultiPolygon","coordinates":[[[[-4.254531588999953,42.89968162900004],[-4.261727863999965,42.90840089300008],[-4.277335119999975,42.92032141000004],[-4.291384119999975,42.91892104000004],[-4.3066040589999375,42.92485377000003],[-4.313852109999971,42.92457266000008],[-4.342670569999939,42.929028860000074],[-4.3640419489999545,42.93625041000007],[-4.365073799999948,42.93857945000008],[-4.363430969999968,42.944119200000046],[-4.366652729999942,42.95013220000004],[-4.377455988999941,42.95853951000004],[-4.376209648999975,42.96148116000006],[-4.367042668999943,42.96721019000006],[-4.365382499999953,42.97809011000004],[-4.367217929999981,42.980670660000044],[-4.3664154189999635,42.98209403000004],[-4.362884329999929,42.98492770000007],[-4.3473228889999405,42.97215367000007],[-4.315472899999975,42.96968762000006],[-4.301907229999927,42.96660994000007],[-4.29071756999997,42.969213050000064],[-4.27803444999995,42.96546515000006],[-4.262225359999945,42.965271320000056],[-4.240249109999979,42.956533480000076],[-4.237828699999966,42.952597430000026],[-4.23917167999997,42.93151106000005],[-4.236702689999959,42.91711152000005],[-4.222565270999951,42.91097755000004],[-4.225127009999937,42.90608743000007],[-4.2308164399999555,42.90327993000005],[-4.229664489999948,42.900167510000074],[-4.2306120899999655,42.896690360000036],[-4.247468279999964,42.90353207000004],[-4.254865345999974,42.90345983800006],[-4.254531588999953,42.89968162900004]],[[-4.24678135299996,42.91531948700003],[-4.246207325999933,42.91630355500007],[-4.247201300999961,42.91582574000006],[-4.24678135299996,42.91531948700003]],[[-4.243114372999969,42.91264607000005],[-4.239918058999933,42.912983550000035],[-4.241657123999971,42.91465326100007],[-4.243114372999969,42.91264607000005]],[[-4.274571475999949,42.93979628500006],[-4.271945906999974,42.94079758700008],[-4.272244693999937,42.94192122800007],[-4.275504222999928,42.94137174100007],[-4.274571475999949,42.93979628500006]],[[-4.303641517999949,42.934304775000044],[-4.303131664999967,42.935221682000076],[-4.306215741999949,42.93645233900003],[-4.300829553999961,42.93618726100004],[-4.300860726999929,42.93728289500007],[-4.312101133999931,42.93701002700004],[-4.303641517999949,42.934304775000044]]],[[[-4.254912938999951,42.89915521000006],[-4.245644079999977,42.88834222000003],[-4.243059672999948,42.87976981200006],[-4.245222899999931,42.875306900000055],[-4.262280499999974,42.869401510000046],[-4.267161859999931,42.874624760000074],[-4.265722069999981,42.87786466000006],[-4.265950129999965,42.884832360000075],[-4.260769959999948,42.89324646000006],[-4.254912938999951,42.89915521000006]],[[-4.263314463999961,42.88458081200008],[-4.263020534999953,42.88478419300003],[-4.263430313999947,42.884792177000065],[-4.263314463999961,42.88458081200008]],[[-4.26340128399994,42.88534228700007],[-4.2637344929999585,42.885763137000026],[-4.263551536999955,42.88524294200005],[-4.26340128399994,42.88534228700007]],[[-4.26260278999996,42.88268186300007],[-4.262884257999929,42.88361512200004],[-4.263382306999972,42.88261846300003],[-4.26260278999996,42.88268186300007]],[[-4.262018915999931,42.886236094000026],[-4.2616493599999785,42.88259369900004],[-4.2618172189999655,42.88525075700005],[-4.260121927999933,42.885372360000076],[-4.262018915999931,42.886236094000026]],[[-4.261624369999936,42.88869701800007],[-4.264023380999959,42.88844182200006],[-4.264634455999953,42.88647418900007],[-4.261929337999959,42.88680901600003],[-4.261624369999936,42.88869701800007]]]]}},{"type":"Feature","properties":{"ClaseSuelo":"SUELO URBANIZABLE NO DELIMITADO O SECTORIZADO","NuclRural":"0","AreaLamber":2.39933997,"Shape_STAr":0.00000264738173841},"geometry":{"type":"Polygon","coordinates":[[[-4.306215741999949,42.93645233900003],[-4.300860726999929,42.93728289500007],[-4.300829553999961,42.93618726100004],[-4.306215741999949,42.93645233900003]]]}},{"type":"Feature","properties":{"ClaseSuelo":"SUELO URBANO","NuclRural":"0","AreaLamber":22.98936815,"Shape_STAr":0.0000253600393443},"geometry":{"type":"MultiPolygon","coordinates":[[[[-4.307645448999949,42.937407327000074],[-4.303359817999933,42.934231742000065],[-4.312101133999931,42.93701002700004],[-4.307645448999949,42.937407327000074]]],[[[-4.262841158999947,42.88293179000004],[-4.263382306999972,42.88261846300003],[-4.262884257999929,42.88361512200004],[-4.262841158999947,42.88293179000004]]],[[[-4.26331308999994,42.88483100000008],[-4.263020534999953,42.88478419300003],[-4.26302809799995,42.884519641000054],[-4.26331308999994,42.88483100000008]]],[[[-4.2634928779999655,42.885543797000025],[-4.263551536999955,42.88524294200005],[-4.2637344929999585,42.885763137000026],[-4.2634928779999655,42.885543797000025]]],[[[-4.261279591999937,42.885706517000074],[-4.260121927999933,42.885372360000076],[-4.2618172189999655,42.88525075700005],[-4.262085429999956,42.882624632000045],[-4.26269825199995,42.88473021100003],[-4.261279591999937,42.885706517000074]]],[[[-4.261624369999936,42.88869701800007],[-4.261929337999959,42.88680901600003],[-4.264634455999953,42.88647418900007],[-4.264023380999959,42.88844182200006],[-4.261624369999936,42.88869701800007]]],[[[-4.241657123999971,42.91465326100007],[-4.240049456999941,42.91279028400004],[-4.243114372999969,42.91264607000005],[-4.241657123999971,42.91465326100007]]],[[[-4.246283054999935,42.91581477600005],[-4.247219945999973,42.91559299600004],[-4.246207325999933,42.91630355500007],[-4.246283054999935,42.91581477600005]]],[[[-4.272259928999972,42.94171615600004],[-4.2754254729999275,42.939379349000035],[-4.275504222999928,42.94137174100007],[-4.272259928999972,42.94171615600004]]]]}},{"type":"Feature","properties":{"ClaseSuelo":"SUELO NO URBANIZABLE","NuclRural":"0","AreaLamber":2740.71474745,"Shape_STAr":0.00298183348968},"geometry":{"type":"Polygon","coordinates":[[[-4.211370919999979,42.076134970000055],[-4.196193819999962,42.07198904000006],[-4.193663168999933,42.07047528000004],[-4.194417581999971,42.06817072500007],[-4.185641983999972,42.06296585600006],[-4.184438959999966,42.05871827000004],[-4.1857246499999405,42.04792419000006],[-4.19184447899994,42.04433927000008],[-4.192926308999972,42.04145495000006],[-4.176547397999968,42.027970020000055],[-4.161850242999947,42.022229390000064],[-4.1600692829999275,42.01063788000005],[-4.1665744899999595,42.011733830000026],[-4.185322018999955,42.007407810000075],[-4.2051743939999255,42.011857607000024],[-4.204610618999936,42.015898460000074],[-4.209425710999938,42.02334131400005],[-4.2261475899999255,42.03174720000004],[-4.230674869999973,42.04098448000008],[-4.23879564899994,42.04230217000003],[-4.241864278999969,42.041044130000046],[-4.244831569999974,42.053783200000055],[-4.2384132589999695,42.05744620100006],[-4.2344868379999525,42.06499988100006],[-4.227278308999928,42.06851765000005],[-4.229371349999951,42.07550227000007],[-4.2178979299999355,42.07418355100003],[-4.212627779999934,42.07865252000005],[-4.211370919999979,42.076134970000055]],[[-4.199291983999956,42.04625670900003],[-4.196950245999972,42.04855986300004],[-4.199036336999939,42.05085250500008],[-4.201637623999943,42.05027602700005],[-4.202564325999958,42.047368661000064],[-4.199291983999956,42.04625670900003]]]}},{"type":"Feature","properties":{"ClaseSuelo":"SUELO NO URBANIZABLE","NuclRural":"1","AreaLamber":2.65274503,"Shape_STAr":0.00000288637406882},"geometry":{"type":"Polygon","coordinates":[[[-4.199291985999935,42.04625670900003],[-4.198788891999925,42.04866039900003],[-4.196950245999972,42.04855986300004],[-4.199291985999935,42.04625670900003]]]}},{"type":"Feature","properties":{"ClaseSuelo":"SUELO URBANO","NuclRural":"0","AreaLamber":11.49491402,"Shape_STAr":0.0000125074107154},"geometry":{"type":"Polygon","coordinates":[[[-4.198002585999973,42.04875558800006],[-4.199519478999946,42.04585876200008],[-4.202564327999937,42.047368661000064],[-4.2016376249999325,42.05027602700005],[-4.199036337999928,42.05085250500008],[-4.198002585999973,42.04875558800006]]]}},{"type":"Feature","properties":{"ClaseSuelo":"SUELO NO URBANIZABLE","NuclRural":"0","AreaLamber":2075.99707309,"Shape_STAr":0.00226730997819},"geometry":{"type":"Polygon","coordinates":[[[-4.260907388999954,42.30969635900004],[-4.251886089999971,42.310004830000025],[-4.252482100999941,42.30518921000004],[-4.2496766399999615,42.29524138000005],[-4.252750359999936,42.290587810000034],[-4.246511729999952,42.28485609000006],[-4.249249439999971,42.28039538000007],[-4.2464224599999625,42.27848992000003],[-4.249017229999936,42.27601205000008],[-4.258781789999944,42.273698710000076],[-4.266637549999928,42.26874890000005],[-4.276359529999979,42.267416180000055],[-4.294035468999937,42.27202705000008],[-4.301512295999942,42.27119490500007],[-4.315150579999965,42.290834190000055],[-4.314736670999935,42.294846610000036],[-4.2893644899999686,42.30993139100008],[-4.267651009999952,42.31320867100004],[-4.262714959999926,42.31211944000006],[-4.260907388999954,42.30969635900004]],[[-4.25729542199997,42.28957765800004],[-4.260329541999965,42.28903270200004],[-4.261139321999963,42.28680113300004],[-4.259175291999952,42.285505654000076],[-4.255411902999981,42.28624146400006],[-4.255241227999932,42.28875723300007],[-4.25729542199997,42.28957765800004]]]}},{"type":"Feature","properties":{"ClaseSuelo":"SUELO URBANO","NuclRural":"0","AreaLamber":15.91571054,"Shape_STAr":0.0000173818705555},"geometry":{"type":"Polygon","coordinates":[[[-4.25729542199997,42.28957765800004],[-4.255241227999932,42.28875723300007],[-4.255411902999981,42.28624146400006],[-4.259175291999952,42.285505654000076],[-4.261139321999963,42.28680113300004],[-4.260329541999965,42.28903270200004],[-4.25729542199997,42.28957765800004]]]}},{"type":"Feature","properties":{"ClaseSuelo":"SUELO NO URBANIZABLE","NuclRural":"0","AreaLamber":808.40685293,"Shape_STAr":0.000887261854331},"geometry":{"type":"Polygon","coordinates":[[[-4.444086439999978,42.61997867000008],[-4.441471809999939,42.62028172000004],[-4.439907339999934,42.61747366000003],[-4.43207136999996,42.61659017000005],[-4.430742229999964,42.60912322000007],[-4.437763928999971,42.60379424000007],[-4.4594568789999585,42.59935973000006],[-4.469964829999981,42.60561042000006],[-4.4982658999999785,42.59620275000003],[-4.512330709999958,42.59615325000004],[-4.50691551999995,42.60158276000004],[-4.501072639999961,42.60446908000006],[-4.49019973999998,42.60502511000004],[-4.481408549999969,42.610614300000066],[-4.471796409999968,42.61091816000004],[-4.471657979999975,42.61228877000008],[-4.468257689999973,42.61286367000008],[-4.465997219999963,42.61161380000004],[-4.460772319999933,42.61863269000003],[-4.455100509999966,42.62221691000008],[-4.456246519999979,42.62377832000004],[-4.444086439999978,42.61997867000008]],[[-4.450389334999954,42.61046926200004],[-4.452503788999934,42.607622443000025],[-4.451047414999948,42.60921513900007],[-4.448472529999947,42.60867377000005],[-4.450389334999954,42.61046926200004]]]}},{"type":"Feature","properties":{"ClaseSuelo":"SUELO URBANO","NuclRural":"0","AreaLamber":5.32736589,"Shape_STAr":0.00000584714216433},"geometry":{"type":"Polygon","coordinates":[[[-4.450389334999954,42.61046926200004],[-4.448472529999947,42.60867377000005],[-4.451047414999948,42.60921513900007],[-4.452503788999934,42.607622443000025],[-4.450389334999954,42.61046926200004]]]}},{"type":"Feature","properties":{"ClaseSuelo":"SUELO NO URBANIZABLE","NuclRural":"0","AreaLamber":3220.34089216,"Shape_STAr":0.00349892996397},"geometry":{"type":"Polygon","coordinates":[[[-4.727326011999935,42.00045523700004],[-4.705135119999966,41.98697764000008],[-4.706631498999968,41.97747177000008],[-4.701019699999961,41.97569076000008],[-4.692561898999941,41.97626609000008],[-4.692519499999946,41.979220790000056],[-4.69091721999996,41.97979378000008],[-4.685575979999953,41.97956612000007],[-4.684400269999969,41.97846659000004],[-4.685426469999925,41.977559910000025],[-4.68042590999994,41.978344710000044],[-4.675105709999968,41.976612190000026],[-4.673104758999955,41.973489150000034],[-4.673933989999966,41.969208070000036],[-4.671414349999964,41.96838918000003],[-4.6700484399999596,41.96553603000007],[-4.670611059999942,41.96259179000003],[-4.668551559999969,41.95858689000005],[-4.667669119999971,41.95066512000005],[-4.677249979999942,41.94932773000005],[-4.683585889999961,41.94206594000008],[-4.6903436599999395,41.93940882000004],[-4.700802289999956,41.93940745000003],[-4.707534119999934,41.944855450000034],[-4.7098828599999365,41.94832395000003],[-4.709197419999953,41.951567440000076],[-4.723758779999969,41.95016988000003],[-4.742563609999934,41.95619940000006],[-4.747920018999935,41.966313100000036],[-4.75601125999998,41.97310643000003],[-4.75342878999993,41.97575775000007],[-4.765410759999952,41.99092078000007],[-4.765018899999973,41.99334049000004],[-4.755302739999934,42.00265789000008],[-4.75151306999993,42.000085960000035],[-4.744417389999967,42.00641735000005],[-4.727326011999935,42.00045523700004]],[[-4.7326305829999455,41.984738750000076],[-4.732324070999937,41.98629808000004],[-4.734130627999946,41.98700235500007],[-4.738163821999933,41.98266256000005],[-4.73433575599995,41.982261433000076],[-4.7326305829999455,41.984738750000076]]]}},{"type":"Feature","properties":{"ClaseSuelo":"SUELO URBANO","NuclRural":"0","AreaLamber":16.7853131,"Shape_STAr":0.0000182408353566},"geometry":{"type":"Polygon","coordinates":[[[-4.7326305829999455,41.984738750000076],[-4.73433575599995,41.982261433000076],[-4.738163821999933,41.98266256000005],[-4.734130627999946,41.98700235500007],[-4.732324070999937,41.98629808000004],[-4.7326305829999455,41.984738750000076]]]}},{"type":"Feature","properties":{"ClaseSuelo":"SUELO NO URBANIZABLE","NuclRural":"0","AreaLamber":1475.35916649,"Shape_STAr":0.00162782884784},"geometry":{"type":"Polygon","coordinates":[[[-4.559910049999928,42.955964410000036],[-4.556751819999931,42.95323384000005],[-4.542292809999935,42.95449215000008],[-4.53724614999993,42.95170542000005],[-4.52846317999996,42.95247139000003],[-4.5200013999999555,42.94803422000007],[-4.514322079999943,42.94070053000007],[-4.5131805999999415,42.93662728000004],[-4.516979039999967,42.93309202000006],[-4.513695869999935,42.92763331000003],[-4.527142999999967,42.926815360000035],[-4.532037359999947,42.92454371000008],[-4.53836562999993,42.92426974000006],[-4.540740758999959,42.926155910000034],[-4.562202329999934,42.92490152000005],[-4.561527498999965,42.931178310000064],[-4.571762459999945,42.93994433000006],[-4.578494299999932,42.948703710000075],[-4.581374859999926,42.94917725000005],[-4.584348930999965,42.95281920000008],[-4.5791708799999356,42.96366980000005],[-4.569346259999975,42.96160768000004],[-4.559910049999928,42.955964410000036]],[[-4.529386704999979,42.939967480000064],[-4.5321974649999675,42.940260769000076],[-4.525246347999939,42.93695968900005],[-4.5232262019999325,42.937870528000076],[-4.52480376699998,42.93948976200005],[-4.529386704999979,42.939967480000064]]]}},{"type":"Feature","properties":{"ClaseSuelo":"SUELO URBANO","NuclRural":"0","AreaLamber":11.03332332,"Shape_STAr":0.0000121730915821},"geometry":{"type":"Polygon","coordinates":[[[-4.529386704999979,42.939967480000064],[-4.52480376699998,42.93948976200005],[-4.5232262019999325,42.937870528000076],[-4.525246347999939,42.93695968900005],[-4.5321974649999675,42.940260769000076],[-4.529386704999979,42.939967480000064]]]}},{"type":"Feature","properties":{"ClaseSuelo":"SUELO NO URBANIZABLE","NuclRural":"0","AreaLamber":6299.36075841,"Shape_STAr":0.00694875830473},"geometry":{"type":"Polygon","coordinates":[[[-4.70632042099993,42.97745062000007],[-4.6963013589999605,42.97836496000008],[-4.6865367199999355,42.975582650000035],[-4.674015589999954,42.97648687000003],[-4.667131189999964,42.97268820000005],[-4.659787629999926,42.97184940000005],[-4.655708640999933,42.967901260000076],[-4.65114172899996,42.96907485000003],[-4.646874709999963,42.96770453000005],[-4.646532569999977,42.96544919000007],[-4.6345592399999305,42.96058700000003],[-4.627301379999949,42.948497590000045],[-4.626159109999946,42.93442989000005],[-4.632419939999977,42.93622286000004],[-4.632868480999946,42.927679640000065],[-4.6345907899999474,42.924224120000076],[-4.6453810409999505,42.91297529000008],[-4.650404729999934,42.913920560000065],[-4.654950029999952,42.90750636000007],[-4.668038089999925,42.90359735000004],[-4.6830405789999645,42.910248710000076],[-4.683441099999925,42.90515495000005],[-4.669867849999946,42.89468264000004],[-4.6569536099999596,42.87479768000003],[-4.648840879999966,42.869916870000054],[-4.6492324799999665,42.86530956000007],[-4.654187309999941,42.85785381000005],[-4.677769029999979,42.86308502000003],[-4.688979099999926,42.86342454000004],[-4.693117349999966,42.86613705000008],[-4.699292749999927,42.87615843000003],[-4.695848819999981,42.87961345000008],[-4.696317059999956,42.88195687000007],[-4.692246369999964,42.88310672000006],[-4.6896139199999425,42.885811130000036],[-4.689677699999947,42.897129620000044],[-4.685798599999941,42.89905985000007],[-4.689487659999941,42.903183840000054],[-4.689563069999963,42.90909006000004],[-4.692652679999981,42.90962977000004],[-4.696577739999952,42.91383108000008],[-4.698595759999932,42.91727711000004],[-4.69837605999993,42.92266540000003],[-4.703080929999942,42.926215540000044],[-4.715686959999971,42.930079610000064],[-4.719713269999943,42.92944288000007],[-4.7372413899999515,42.93963308000008],[-4.735710869999934,42.94274501000007],[-4.729364059999966,42.947649700000056],[-4.727589308999939,42.95169269000007],[-4.733310350999943,42.95680205000008],[-4.732923748999951,42.96094116000006],[-4.729375768999944,42.96646980000003],[-4.733025399999974,42.96806250000003],[-4.728953038999975,42.97283365000004],[-4.720232329999931,42.975414380000075],[-4.71752276999996,42.97896698000005],[-4.70632042099993,42.97745062000007]],[[-4.66357447799993,42.943714691000025],[-4.662720670999931,42.94308586000005],[-4.666311306999944,42.943517470000074],[-4.66623354799998,42.94154100900005],[-4.66009732699996,42.94001493900004],[-4.661358753999934,42.943238747000066],[-4.66357447799993,42.943714691000025]],[[-4.678842102999965,42.925969562000034],[-4.681755446999944,42.92553356900004],[-4.683842054999957,42.92226162600008],[-4.679431769999951,42.92288462700003],[-4.678842102999965,42.925969562000034]],[[-4.684545259999936,42.92170757300005],[-4.685139754999966,42.92234160900006],[-4.686039772999948,42.92074413600005],[-4.684545259999936,42.92170757300005]],[[-4.667444888999967,42.91647618200005],[-4.671292578999953,42.91424385200003],[-4.668298762999939,42.91475301200006],[-4.667444888999967,42.91647618200005]]]}},{"type":"Feature","properties":{"ClaseSuelo":"SUELO URBANO","NuclRural":"0","AreaLamber":28.05391324,"Shape_STAr":0.0000309451037245},"geometry":{"type":"MultiPolygon","coordinates":[[[[-4.66357447799993,42.943714691000025],[-4.661358753999934,42.943238747000066],[-4.66009732699996,42.94001493900004],[-4.66623354799998,42.94154100900005],[-4.666311306999944,42.943517470000074],[-4.662720670999931,42.94308586000005],[-4.66357447799993,42.943714691000025]]],[[[-4.678842102999965,42.925969562000034],[-4.679431769999951,42.92288462700003],[-4.683842054999957,42.92226162600008],[-4.681755446999944,42.92553356900004],[-4.678842102999965,42.925969562000034]]],[[[-4.684545259999936,42.92170757300005],[-4.686039772999948,42.92074413600005],[-4.685139754999966,42.92234160900006],[-4.684545259999936,42.92170757300005]]],[[[-4.667444888999967,42.91647618200005],[-4.668298762999939,42.91475301200006],[-4.671292578999953,42.91424385200003],[-4.667444888999967,42.91647618200005]]]]}},{"type":"Feature","properties":{"ClaseSuelo":"SUELO NO URBANIZABLE","NuclRural":"0","AreaLamber":5717.28260938,"Shape_STAr":0.00619848862065},"geometry":{"type":"Polygon","coordinates":[[[-4.341728031999935,41.84944342000006],[-4.339629179999974,41.84778914000003],[-4.336422359999972,41.848817250000025],[-4.330660429999966,41.85501773000004],[-4.325139769999964,41.85136178000005],[-4.3223878909999485,41.84583634000006],[-4.310890388999951,41.84257260000004],[-4.305588559999933,41.836535430000026],[-4.293244909999942,41.837179450000065],[-4.291024448999963,41.835159900000065],[-4.283492259999946,41.83429859000006],[-4.281734589999928,41.83191341000003],[-4.257760769999948,41.836996990000046],[-4.24716688999996,41.83660811000004],[-4.243751879999934,41.83377198000005],[-4.242165279999938,41.83455472000003],[-4.235983959999942,41.82122846000004],[-4.230339529999981,41.821370080000065],[-4.238221557999964,41.81800721500008],[-4.2392324699999335,41.81609572000008],[-4.236104629999943,41.81434609000007],[-4.236337829999968,41.811443430000054],[-4.247441229999936,41.80292922000007],[-4.256235379999964,41.80637303000003],[-4.260234179999941,41.80525744000005],[-4.269678609999971,41.79339975000005],[-4.278742189999946,41.788597750000065],[-4.286579470999925,41.774883325000076],[-4.306789945999981,41.77592503900007],[-4.307987479999952,41.78274744000004],[-4.314313059999961,41.78196372000008],[-4.3284914499999445,41.78679033000003],[-4.332823108999946,41.79373833000005],[-4.336553859999981,41.79430744000007],[-4.347993679999945,41.801496160000056],[-4.346355049999943,41.80774796000003],[-4.3508146989999545,41.817188560000034],[-4.351781219999964,41.82307652000003],[-4.374219736999976,41.83913955500003],[-4.373436559999959,41.84531854000005],[-4.368026019999945,41.85312884000007],[-4.359602928999948,41.85699358000005],[-4.36069410999994,41.85902519000007],[-4.352875178999966,41.86131512000003],[-4.347313509999935,41.86784730000005],[-4.341728031999935,41.84944342000006]],[[-4.32657551799997,41.834529959000065],[-4.331360114999939,41.83375344600006],[-4.322393258999966,41.83080216700006],[-4.3233476949999385,41.83233667300004],[-4.322218849999956,41.83330690500003],[-4.32657551799997,41.834529959000065]]]}},{"type":"Feature","properties":{"ClaseSuelo":"SUELO URBANO","NuclRural":"0","AreaLamber":15.41738488,"Shape_STAr":0.0000167187262347},"geometry":{"type":"Polygon","coordinates":[[[-4.32657551799997,41.834529959000065],[-4.322218849999956,41.83330690500003],[-4.3233476949999385,41.83233667300004],[-4.322393258999966,41.83080216700006],[-4.331360114999939,41.83375344600006],[-4.32657551799997,41.834529959000065]]]}},{"type":"Feature","properties":{"ClaseSuelo":"SUELO NO URBANIZABLE","NuclRural":"0","AreaLamber":876.39693125,"Shape_STAr":0.000955138634555},"geometry":{"type":"Polygon","coordinates":[[[-4.071987809999939,42.16534346000003],[-4.068984499999942,42.16312884000007],[-4.065637500999969,42.163502160000064],[-4.067562749999979,42.157053750000046],[-4.074482920999969,42.15612464000003],[-4.072775710999963,42.151799520000054],[-4.064530468999976,42.14297790000006],[-4.063869059999945,42.13889513000004],[-4.059794459999978,42.13620387000003],[-4.06213723999997,42.13157996000007],[-4.06775278899994,42.133095000000026],[-4.070041208999953,42.136775330000035],[-4.083477099999925,42.141269600000044],[-4.090060649999941,42.141990820000046],[-4.102733369999953,42.137240460000044],[-4.110037299999931,42.14318634000006],[-4.111843829999941,42.15857882000006],[-4.094228549999968,42.15772137000005],[-4.076291889999936,42.16786100000007],[-4.071987809999939,42.16534346000003]],[[-4.0992990449999525,42.15832337300003],[-4.104152936999981,42.15656056200004],[-4.099648645999935,42.156661016000044],[-4.0992990449999525,42.15832337300003]],[[-4.096593802999962,42.145829982000066],[-4.100434781999979,42.144913313000075],[-4.101121414999966,42.14333161800005],[-4.097881251999979,42.14426817900005],[-4.092095917999927,42.14230034900004],[-4.0897307329999535,42.14417908400003],[-4.096593802999962,42.145829982000066]]]}},{"type":"Feature","properties":{"ClaseSuelo":"SUELO NO URBANIZABLE","NuclRural":"1","AreaLamber":5.36723143,"Shape_STAr":0.00000585012547008},"geometry":{"type":"Polygon","coordinates":[[[-4.0992990449999525,42.15832337300003],[-4.099648645999935,42.156661016000044],[-4.104152936999981,42.15656056200004],[-4.0992990449999525,42.15832337300003]]]}},{"type":"Feature","properties":{"ClaseSuelo":"SUELO URBANO","NuclRural":"0","AreaLamber":20.57488597,"Shape_STAr":0.0000224214862326},"geometry":{"type":"Polygon","coordinates":[[[-4.096593802999962,42.145829982000066],[-4.0897307329999535,42.14417908400003],[-4.092095917999927,42.14230034900004],[-4.097881251999979,42.14426817900005],[-4.101121414999966,42.14333161800005],[-4.100434781999979,42.144913313000075],[-4.096593802999962,42.145829982000066]]]}},{"type":"Feature","properties":{"ClaseSuelo":"SUELO NO URBANIZABLE","NuclRural":"0","AreaLamber":16469.7273951,"Shape_STAr":0.0181894719601},"geometry":{"type":"Polygon","coordinates":[[[-4.45676267999994,43.05704500000007],[-4.447551049999959,43.058539610000025],[-4.442478919999928,43.055902150000065],[-4.431865110999979,43.04568873000005],[-4.413952949999953,43.04198522000007],[-4.398113869999975,43.03486773000003],[-4.392272328999979,43.02732974000003],[-4.38916796999996,43.02573756000004],[-4.38618835099993,43.01603931000005],[-4.374357170999929,43.00606938000004],[-4.374833119999948,42.99879664000008],[-4.362884329999929,42.98492770000007],[-4.367217929999981,42.980670660000044],[-4.365398669999934,42.97771170000004],[-4.3723940799999355,42.974620350000066],[-4.386472529999935,42.96423892000007],[-4.395609520999926,42.96922474000007],[-4.401542439999957,42.97021484000004],[-4.410109529999943,42.966795750000074],[-4.417091999999968,42.970239510000056],[-4.423540269999933,42.971222100000034],[-4.426051779999966,42.97590049000007],[-4.4367564899999365,42.97636097000003],[-4.442914479999956,42.974851700000045],[-4.457481879999932,42.96646351000004],[-4.463385548999952,42.96478441000005],[-4.4711269399999765,42.95307623000008],[-4.475063329999955,42.953031260000046],[-4.480689269999971,42.95581752000004],[-4.486897319999969,42.955617680000046],[-4.491013069999951,42.94742075000005],[-4.4956280599999445,42.948402470000076],[-4.500707129999967,42.94571927000004],[-4.51221352999994,42.95023734000006],[-4.5200013999999555,42.94803422000007],[-4.52846317999996,42.95247139000003],[-4.53724614999993,42.95170542000005],[-4.542292809999935,42.95449215000008],[-4.556751819999931,42.95323384000005],[-4.569346259999975,42.96160768000004],[-4.584640399999955,42.965143080000075],[-4.584801009999978,42.97474923000004],[-4.581021379999925,42.98087990000005],[-4.591430699999933,42.99074020000006],[-4.596942939999963,42.98806999000004],[-4.601442729999974,42.99178021000006],[-4.616009919999954,42.991089180000074],[-4.618982579999965,42.992181800000026],[-4.619242089999943,42.99505972000003],[-4.6276108599999475,42.996543890000055],[-4.628163289999975,42.99841807000007],[-4.638158939999926,43.004777010000055],[-4.646259830999952,43.007650400000045],[-4.640378630999976,43.01719004000006],[-4.638131409999971,43.016672940000035],[-4.629562319999934,43.023972220000076],[-4.612549119999926,43.02997638000005],[-4.6060841199999345,43.03576742000007],[-4.590606869999931,43.025871050000035],[-4.5743098199999395,43.02692487000007],[-4.5584487099999365,43.01951475000004],[-4.55210816999994,43.02553518000008],[-4.520931909999945,43.047367500000064],[-4.495851540999979,43.03841392000004],[-4.4939787899999715,43.03965405000008],[-4.475713159999941,43.038702330000035],[-4.476462549999951,43.041286100000036],[-4.4711496599999805,43.05169218000003],[-4.462752239999929,43.06053458000008],[-4.4610616599999275,43.06070925000006],[-4.45676267999994,43.05704500000007]],[[-4.458725096999956,43.03747199000003],[-4.45972379899996,43.03701753200005],[-4.455497260999948,43.03587915400004],[-4.458725096999956,43.03747199000003]],[[-4.512402462999944,43.022908554000026],[-4.516201275999947,43.02124173300007],[-4.511919515999978,43.02069560600006],[-4.512402462999944,43.022908554000026]],[[-4.488544517999969,43.01780934400006],[-4.489485479999928,43.01283951500005],[-4.48588908499994,43.015409856000076],[-4.488544517999969,43.01780934400006]],[[-4.532601219999947,42.99757526500008],[-4.533948958999929,42.996481251000034],[-4.532064357999957,42.99493687900008],[-4.530261171999939,42.996407687000044],[-4.5280499539999255,42.99477707900007],[-4.529380432999972,42.99617930000005],[-4.528287445999979,42.997863589000076],[-4.532601219999947,42.99757526500008]],[[-4.491979778999962,42.994171220000055],[-4.49005578799995,42.99112579600006],[-4.487592652999979,42.991942891000065],[-4.491979778999962,42.994171220000055]],[[-4.47748897699995,42.992143740000074],[-4.4790743559999555,42.991395391000026],[-4.475760951999973,42.99073055200006],[-4.47748897699995,42.992143740000074]],[[-4.435455867999963,42.99229227600006],[-4.437575944999935,42.990859957000055],[-4.438793656999962,42.99220866400003],[-4.4393465359999595,42.99086629100003],[-4.434990421999942,42.98923653400004],[-4.430746780999925,42.990696566000054],[-4.435455867999963,42.99229227600006]],[[-4.4450230239999655,42.98955171100005],[-4.44885530199997,42.99104476700006],[-4.451899007999941,42.99019135800006],[-4.453036272999952,42.986391050000066],[-4.4450230239999655,42.98955171100005]],[[-4.462666259999935,42.98028463500003],[-4.463417725999932,42.97937871200003],[-4.459502991999955,42.980144901000074],[-4.460341720999963,42.98226563400004],[-4.462666259999935,42.98028463500003]],[[-4.508579243999975,42.97852262200007],[-4.510107432999973,42.977720989000034],[-4.506574012999977,42.97513841500006],[-4.508579243999975,42.97852262200007]],[[-4.492708949999951,42.97119262500007],[-4.496293303999948,42.96955307800005],[-4.495665201999941,42.96692975500008],[-4.50127151199996,42.96553760200004],[-4.4999857369999745,42.963758014000064],[-4.494655074999969,42.963465609000025],[-4.4964287159999685,42.966239554000026],[-4.491614192999975,42.967646169000034],[-4.493770867999956,42.970160226000075],[-4.492708949999951,42.97119262500007]],[[-4.528460310999947,42.96773061700003],[-4.52437163299993,42.969272818000036],[-4.52636899099997,42.97064141800007],[-4.528970093999931,42.968874104000065],[-4.528460310999947,42.96773061700003]]]}},{"type":"Feature","properties":{"ClaseSuelo":"SUELO URBANO","NuclRural":"0","AreaLamber":88.75716394,"Shape_STAr":0.0000980047395856},"geometry":{"type":"MultiPolygon","coordinates":[[[[-4.4926861879999365,42.97119053900008],[-4.493770867999956,42.970160226000075],[-4.491614192999975,42.967646169000034],[-4.492971795999949,42.96885491200004],[-4.4964287159999685,42.966239554000026],[-4.494655074999969,42.963465609000025],[-4.4999857369999745,42.963758014000064],[-4.50127151199996,42.96553760200004],[-4.495665201999941,42.96692975500008],[-4.496293303999948,42.96955307800005],[-4.4926861879999365,42.97119053900008]]],[[[-4.525722018999943,42.96972180400007],[-4.52437163299993,42.969272818000036],[-4.52521470399995,42.96836098000006],[-4.529096859999925,42.96786220700005],[-4.526777780999964,42.97043106600006],[-4.525722018999943,42.96972180400007]]],[[[-4.508579243999975,42.97852262200007],[-4.506574012999977,42.97513841500006],[-4.510107432999973,42.977720989000034],[-4.508579243999975,42.97852262200007]]],[[[-4.460436224999967,42.98050038500003],[-4.460007072999929,42.97939654400005],[-4.463557808999951,42.97970285400004],[-4.460341720999963,42.98226563400004],[-4.460436224999967,42.98050038500003]]],[[[-4.448501025999974,42.99074666800004],[-4.4450230239999655,42.98955171100005],[-4.45294587099994,42.98627307000004],[-4.452902500999926,42.989510954000025],[-4.448501025999974,42.99074666800004]]],[[[-4.435252269999978,42.99135372200004],[-4.430746780999925,42.990696566000054],[-4.434990421999942,42.98923653400004],[-4.4393465359999595,42.99086629100003],[-4.438721179999959,42.992232209000065],[-4.437780854999971,42.99087882600003],[-4.435252269999978,42.99135372200004]]],[[[-4.477268910999953,42.99210250400006],[-4.475901657999941,42.99057506200006],[-4.4790743559999555,42.991395391000026],[-4.477268910999953,42.99210250400006]]],[[[-4.491860721999956,42.99413218900003],[-4.487592652999979,42.991942891000065],[-4.49005578799995,42.99112579600006],[-4.491860721999956,42.99413218900003]]],[[[-4.531831201999978,42.99762369600006],[-4.528053909999926,42.99766085600004],[-4.529380432999972,42.99617930000005],[-4.528307397999981,42.99442579000004],[-4.530261171999939,42.996407687000044],[-4.532064357999957,42.99493687900008],[-4.533948958999929,42.996481251000034],[-4.531831201999978,42.99762369600006]]],[[[-4.488196658999925,43.01787200200005],[-4.48588908499994,43.015409856000076],[-4.489485479999928,43.01283951500005],[-4.488196658999925,43.01787200200005]]],[[[-4.511836589999973,43.02307208800005],[-4.511919515999978,43.02069560600006],[-4.516201275999947,43.02124173300007],[-4.511836589999973,43.02307208800005]]],[[[-4.4580322639999395,43.037429358000054],[-4.455497260999948,43.03587915400004],[-4.459789207999961,43.037228267000046],[-4.4580322639999395,43.037429358000054]]]]}},{"type":"Feature","properties":{"ClaseSuelo":"SUELO URBANO NO CONSOLIDADO","NuclRural":"0","AreaLamber":1.78334193,"Shape_STAr":0.00000196850866269},"geometry":{"type":"Polygon","coordinates":[[[-4.492266475999941,42.967183789000046],[-4.493900826999948,42.967427550000025],[-4.492971795999949,42.96885491200004],[-4.492266475999941,42.967183789000046]]]}},{"type":"Feature","properties":{"ClaseSuelo":"SUELO NO URBANIZABLE","NuclRural":"0","AreaLamber":1129.96422266,"Shape_STAr":0.00122929030206},"geometry":{"type":"Polygon","coordinates":[[[-4.804439139999943,42.06338119000003],[-4.804108289999931,42.062368700000036],[-4.80970470099993,42.060686470000064],[-4.826382889999934,42.057729350000045],[-4.829254779999928,42.05336964000003],[-4.836264349999965,42.05045674000007],[-4.864409419999959,42.043500280000046],[-4.870301040999948,42.046223300000065],[-4.879280608999977,42.05365972000004],[-4.8829338559999655,42.064010530000076],[-4.8663902209999605,42.06409223000003],[-4.857404059999965,42.06844399000005],[-4.8490256199999635,42.06754365000006],[-4.838036699999975,42.07041306000008],[-4.813290947999974,42.071617152000044],[-4.804439139999943,42.06338119000003]],[[-4.844766893999974,42.06356665100003],[-4.842681673999948,42.06142528700008],[-4.83904700599993,42.06268242300007],[-4.846452891999945,42.063738614000044],[-4.844766893999974,42.06356665100003]]]}},{"type":"Feature","properties":{"ClaseSuelo":"SUELO URBANO","NuclRural":"0","AreaLamber":6.89592012,"Shape_STAr":0.00000750252652451},"geometry":{"type":"Polygon","coordinates":[[[-4.842838021999967,42.06167910100004],[-4.841461688999971,42.06372472400005],[-4.846413491999954,42.06382426400006],[-4.83904700599993,42.06268242300007],[-4.842838021999967,42.06167910100004]]]}},{"type":"Feature","properties":{"ClaseSuelo":"SUELO URBANO NO CONSOLIDADO","NuclRural":"0","AreaLamber":2.37503935,"Shape_STAr":0.00000258397301533},"geometry":{"type":"Polygon","coordinates":[[[-4.8425578319999545,42.06342564900007],[-4.841283316999977,42.063286909000055],[-4.842838021999967,42.06167910100004],[-4.844766334999974,42.06392163600003],[-4.8425578319999545,42.06342564900007]]]}},{"type":"Feature","properties":{"ClaseSuelo":"SUELO NO URBANIZABLE","NuclRural":"0","AreaLamber":5678.68511824,"Shape_STAr":0.00623945333691},"geometry":{"type":"Polygon","coordinates":[[[-4.292593134999947,42.605945260000055],[-4.306834163999952,42.60954809500004],[-4.313159513999949,42.614671857000076],[-4.31634971699998,42.62084003200005],[-4.322406677999936,42.62644373300003],[-4.32380612299994,42.635514029000035],[-4.328959160999943,42.63809295800007],[-4.327049281999962,42.64234763600007],[-4.3206862779999256,42.64774334900005],[-4.328026973999954,42.64989189900007],[-4.334975436999969,42.64964899900008],[-4.342179026999929,42.64708841700008],[-4.3424811989999625,42.65093015200006],[-4.336779133999926,42.658678448000046],[-4.328687223999964,42.663716495000074],[-4.325769291999961,42.670288510000034],[-4.325145281999937,42.67734664000005],[-4.327763920999928,42.68282755000007],[-4.32561702299995,42.68576117900005],[-4.326349974999971,42.68750871300006],[-4.322418880999976,42.69036388400008],[-4.3214786929999605,42.695534714000075],[-4.3242600359999415,42.69945598400005],[-4.3245293879999736,42.70293796200008],[-4.339644102999955,42.709705288000066],[-4.3394448719999446,42.71122952300004],[-4.352003550999939,42.71428786600006],[-4.3549769919999335,42.71736856900003],[-4.3472635899999545,42.718161932000044],[-4.352432474999944,42.72391843500003],[-4.352144920999933,42.72642531300005],[-4.340859677999958,42.721361914000056],[-4.332428487999948,42.728025098000046],[-4.327897880999956,42.73895611100005],[-4.325199078999958,42.73958169200006],[-4.32237484999996,42.73718297200003],[-4.316242559999978,42.735470494000026],[-4.30660385799996,42.72906105800007],[-4.297780103999969,42.73177289600005],[-4.293191944999933,42.72965452400007],[-4.285800301999927,42.73017000200008],[-4.278226687999961,42.72658960500007],[-4.277054562999979,42.72125344600005],[-4.279627301999938,42.71807288700006],[-4.279830260999972,42.70952458900007],[-4.269231121999951,42.70473463700006],[-4.2805005629999755,42.69995345800004],[-4.284061959999974,42.69562706100004],[-4.29316855299993,42.69087786500006],[-4.286750115999951,42.68687718800004],[-4.285961489999977,42.68354758900006],[-4.28806588499998,42.68437939900008],[-4.290170530999944,42.68286090400005],[-4.289392576999944,42.678294907000065],[-4.282361428999934,42.67408728000004],[-4.276030697999943,42.67305031200004],[-4.275830224999936,42.66682980200005],[-4.2729374279999774,42.66200810000004],[-4.274055758999964,42.660005451000075],[-4.271749019999959,42.656978234000064],[-4.277300340999943,42.65220664700007],[-4.274247834999926,42.65268191300004],[-4.273281536999946,42.64538024500007],[-4.27719024299995,42.64324748900003],[-4.274264496999933,42.63676016100004],[-4.270791241999973,42.63570008600004],[-4.267516418999946,42.63179192200005],[-4.270502710999949,42.623311742000055],[-4.263870074999943,42.617936824000026],[-4.273921230999974,42.61693395100008],[-4.2824665229999255,42.60970626000005],[-4.292593134999947,42.605945260000055]],[[-4.303509560999942,42.63118168300008],[-4.304550187999951,42.63080584100004],[-4.303597618999959,42.62898861600007],[-4.301731269999948,42.62831167600007],[-4.298412286999962,42.62980614400004],[-4.303509560999942,42.63118168300008]],[[-4.305434351999963,42.64001683300006],[-4.3064793839999425,42.637910730000044],[-4.305173189999948,42.63741209600005],[-4.305434351999963,42.64001683300006]],[[-4.311840367999935,42.65296594900008],[-4.311724380999976,42.65673493300005],[-4.30556499599993,42.65565754200003],[-4.306826479999927,42.659664167000074],[-4.305208468999979,42.66082730200003],[-4.307134263999956,42.661248053000065],[-4.306098104999933,42.66257864000005],[-4.307286574999978,42.663519730000075],[-4.3130508239999585,42.66170001000006],[-4.313819968999951,42.66786020700005],[-4.3155538489999685,42.66999391000007],[-4.317077652999956,42.669428949000064],[-4.3139442279999685,42.66473365300004],[-4.314598523999962,42.66140835500005],[-4.312312228999929,42.66124028000007],[-4.315534687999957,42.65594208400006],[-4.315179781999973,42.654853530000025],[-4.312160697999957,42.65528452500007],[-4.314799402999938,42.654747615000076],[-4.315726301999973,42.65189931100008],[-4.311665295999944,42.65162038100004],[-4.311840367999935,42.65296594900008]],[[-4.307833879999976,42.67487936600003],[-4.3087807419999535,42.67574973200004],[-4.312090683999941,42.67399594600005],[-4.307285538999963,42.67005484400005],[-4.307964537999965,42.66915928600008],[-4.303574124999955,42.66843138200005],[-4.302702594999971,42.67271710700004],[-4.304593856999929,42.673727617000054],[-4.305871073999981,42.67203498400005],[-4.304250941999953,42.67080959000003],[-4.305943054999943,42.670598582000025],[-4.308597575999954,42.67316125800005],[-4.306393358999969,42.67571027400004],[-4.307833879999976,42.67487936600003]],[[-4.301849306999941,42.71265898100006],[-4.303469002999975,42.71004678600008],[-4.3019546849999415,42.71036166700003],[-4.302177708999977,42.71184241100008],[-4.30005200599993,42.71128980300006],[-4.301849306999941,42.71265898100006]],[[-4.290891071999965,42.71598535700008],[-4.292122934999952,42.71891373500006],[-4.292013250999958,42.71153599000007],[-4.290891071999965,42.71598535700008]],[[-4.306097564999959,42.71698508500003],[-4.307584629999951,42.71678491500006],[-4.3039268609999795,42.71578035700003],[-4.306097564999959,42.71698508500003]]]}},{"type":"Feature","properties":{"ClaseSuelo":"SUELO URBANIZABLE DELIMITADO O SECTORIZADO","NuclRural":"0","AreaLamber":8.78185713,"Shape_STAr":0.0000096459603968},"geometry":{"type":"Polygon","coordinates":[[[-4.31201970799998,42.65422523700005],[-4.311665295999944,42.65162038100004],[-4.315726301999973,42.65189931100008],[-4.314799402999938,42.654747615000076],[-4.312062181999977,42.65529405700005],[-4.31201970799998,42.65422523700005]]]}},{"type":"Feature","properties":{"ClaseSuelo":"SUELO URBANO","NuclRural":"0","AreaLamber":100.86396062,"Shape_STAr":0.000110812543645},"geometry":{"type":"MultiPolygon","coordinates":[[[[-4.315176522999934,42.67005832700005],[-4.3130508239999585,42.66170001000006],[-4.3062358929999505,42.66304579700005],[-4.306068136999954,42.66111802800003],[-4.307134263999956,42.661248053000065],[-4.305208468999979,42.66082730200003],[-4.306826479999927,42.659664167000074],[-4.30556499599993,42.65565754200003],[-4.309985792999953,42.65717500100004],[-4.315249215999927,42.65489469800008],[-4.312312228999929,42.66124028000007],[-4.314598523999962,42.66140835500005],[-4.3139442279999685,42.66473365300004],[-4.317077652999956,42.669428949000064],[-4.315176522999934,42.67005832700005]]],[[[-4.303509560999942,42.63118168300008],[-4.298412286999962,42.62980614400004],[-4.301731269999948,42.62831167600007],[-4.303597618999959,42.62898861600007],[-4.304550187999951,42.63080584100004],[-4.303509560999942,42.63118168300008]]],[[[-4.305434351999963,42.64001683300006],[-4.305173189999948,42.63741209600005],[-4.3064793839999425,42.637910730000044],[-4.305434351999963,42.64001683300006]]],[[[-4.307833879999976,42.67487936600003],[-4.306393358999969,42.67571027400004],[-4.308597575999954,42.67316125800005],[-4.305943054999943,42.670598582000025],[-4.304250941999953,42.67080959000003],[-4.305871073999981,42.67203498400005],[-4.304593856999929,42.673727617000054],[-4.302702594999971,42.67271710700004],[-4.303574124999955,42.66843138200005],[-4.307964537999965,42.66915928600008],[-4.307285538999963,42.67005484400005],[-4.312090683999941,42.67399594600005],[-4.3087807419999535,42.67574973200004],[-4.307833879999976,42.67487936600003]]],[[[-4.301849306999941,42.71265898100006],[-4.30005200599993,42.71128980300006],[-4.302177708999977,42.71184241100008],[-4.3019546849999415,42.71036166700003],[-4.303469002999975,42.71004678600008],[-4.301849306999941,42.71265898100006]]],[[[-4.306097564999959,42.71698508500003],[-4.3039268609999795,42.71578035700003],[-4.307584629999951,42.71678491500006],[-4.306097564999959,42.71698508500003]]],[[[-4.290891071999965,42.71598535700008],[-4.292013250999958,42.71153599000007],[-4.292122934999952,42.71891373500006],[-4.290891071999965,42.71598535700008]]]]}},{"type":"Feature","properties":{"ClaseSuelo":"SUELO NO URBANIZABLE","NuclRural":"0","AreaLamber":7780.22615311,"Shape_STAr":0.0084547801417},"geometry":{"type":"MultiPolygon","coordinates":[[[[-4.529588039999965,42.04181273800003],[-4.527239701999974,42.04179538600005],[-4.519297222999967,42.03639508600003],[-4.520964685999957,42.03368051000007],[-4.524814040999956,42.03720750100007],[-4.527931237999951,42.03287949200006],[-4.534006330999944,42.03316668200006],[-4.529754096999966,42.038374727000075],[-4.550911676999931,42.040680612000074],[-4.543975122999939,42.035614329000055],[-4.541491982999958,42.030887258000064],[-4.54650937599996,42.02588798600004],[-4.545314099999928,42.02487539900005],[-4.554315084999928,42.03106004400007],[-4.5493030159999535,42.02672794600005],[-4.553406785999925,42.02367020600008],[-4.551741639999932,42.02233355900006],[-4.558409714999925,42.01774156600004],[-4.5515670559999535,42.02209119300005],[-4.544949761999931,42.018274389000055],[-4.543529080999974,42.01074525800004],[-4.545949650999944,42.01844780400006],[-4.547711355999979,42.01801643400006],[-4.544302340999934,42.01082858800004],[-4.5476316809999275,42.01073719800007],[-4.541751788999932,42.008249394000075],[-4.548020393999934,42.00741428300006],[-4.551176297999973,42.00456021600007],[-4.548237229999927,42.00205614200007],[-4.543185815999948,42.004511679000075],[-4.544004563999977,42.001714338000056],[-4.542649448999953,41.99931103100005],[-4.538324268999929,42.00034508200008],[-4.541237771999931,42.00551844600005],[-4.536175145999948,42.00759623700003],[-4.5347197049999295,42.00148888900003],[-4.530654437999942,42.00372487100003],[-4.532831937999958,41.99679453300007],[-4.527161250999939,41.99176659600005],[-4.528257120999967,41.99006029900005],[-4.523119052999959,41.98748676500003],[-4.520263460999956,41.987921269000026],[-4.522665065999945,41.98728362700007],[-4.518946309999933,41.98493721300008],[-4.518675157999951,41.98332916600003],[-4.520411252999963,41.982700462000025],[-4.516981647999955,41.978173025000046],[-4.509966572999929,41.97721003300006],[-4.51372717199996,41.98420818200003],[-4.508887670999968,41.97744089500003],[-4.5454044909999425,41.97105507300006],[-4.543618247999973,41.965595834000055],[-4.545609922999972,41.96451831300004],[-4.545521792999978,41.961409341000035],[-4.53975461999994,41.96019733400004],[-4.540507375999937,41.95690794700005],[-4.5551052509999295,41.944871427000066],[-4.556022217999953,41.94264227200006],[-4.552306360999978,41.938502655000036],[-4.552610664999975,41.935780554000075],[-4.548692794999965,41.93188857800004],[-4.549246770999957,41.92978927200005],[-4.551745127999936,41.92733268500007],[-4.569337270999938,41.92618220700007],[-4.572723048999933,41.92295349200003],[-4.575322120999942,41.92724474200003],[-4.590905616999976,41.92610768800006],[-4.594831647999968,41.92381764700008],[-4.601240635999943,41.92465575800003],[-4.611582648999956,41.93155753100007],[-4.626748029999931,41.92165976500007],[-4.633213042999955,41.919492896000065],[-4.637272044999975,41.92011207100006],[-4.638260868999964,41.93018732500008],[-4.641554493999934,41.938341491000074],[-4.647612146999961,41.944572238000035],[-4.653964535999933,41.94102463200005],[-4.655520476999925,41.94290671700003],[-4.653746910999928,41.94914333400004],[-4.641932138999948,41.95473678600007],[-4.631050860999949,41.95363357000008],[-4.621117023999943,41.956038007000075],[-4.614890946999935,41.96469089000004],[-4.604526930999953,41.97189390400007],[-4.61167855399998,41.980190840000034],[-4.6033846799999765,41.98409849400008],[-4.6050074699999755,41.98557141200007],[-4.58947911599995,41.999644604000025],[-4.5904056949999585,42.015518858000064],[-4.592732081999941,42.021628871000075],[-4.589508171999967,42.02312357900007],[-4.581941514999926,42.03118967300003],[-4.577726879999943,42.03222037300003],[-4.5758647539999515,42.035082930000044],[-4.573128481999959,42.03630930000003],[-4.5701044309999475,42.032721105000064],[-4.5589141229999655,42.04146564100006],[-4.5587399549999645,42.046766913000056],[-4.555694290999952,42.05009533600003],[-4.559330803999956,42.05371490200008],[-4.558762755999965,42.058638958000074],[-4.547774825999966,42.065870233000055],[-4.545327045999954,42.06905616600005],[-4.542792064999958,42.06291850300005],[-4.547840123999947,42.05806290900006],[-4.549426063999931,42.05370900300005],[-4.546195541999964,42.05197723900005],[-4.5448067719999585,42.04900504100004],[-4.541535548999946,42.04818760100005],[-4.541105179999931,42.045579435000036],[-4.529588039999965,42.04181273800003]],[[-4.554297992999977,42.001147237000055],[-4.559498197999972,41.99720687100006],[-4.557920730999967,41.99633954400008],[-4.5506450379999706,42.00079694800007],[-4.554297992999977,42.001147237000055]],[[-4.5375055999999745,41.999415182000064],[-4.536495313999978,41.99508114100007],[-4.534215677999953,41.99602163000003],[-4.537538129999973,41.997591956000065],[-4.536444526999958,42.002589863000026],[-4.5375055999999745,41.999415182000064]],[[-4.535026605999974,41.99535958200005],[-4.536342197999943,41.994602377000035],[-4.535503171999949,41.99276495100003],[-4.533427243999938,41.99501514200006],[-4.535026605999974,41.99535958200005]],[[-4.638403557999936,41.95099066600005],[-4.640392144999964,41.948282092000056],[-4.634410609999975,41.95058790500008],[-4.637822008999933,41.952209751000055],[-4.638403557999936,41.95099066600005]]],[[[-4.49744452799996,41.99915101600004],[-4.501691385999948,41.998603323000054],[-4.501463436999927,42.00012562200004],[-4.49744452799996,41.99915101600004]]],[[[-4.500981661999958,42.00911264000007],[-4.500216486999932,42.006666266000025],[-4.495565386999942,42.014147139000045],[-4.501793672999952,41.99935928800005],[-4.5022141379999425,41.990949353000076],[-4.499276346999977,41.99077779500004],[-4.494715079999935,41.99998800900005],[-4.495172142999934,42.00364350800004],[-4.491387584999927,42.00615088700005],[-4.489269070999967,42.01036520300005],[-4.4817711689999555,42.00823635200004],[-4.492970236999952,42.00275955200004],[-4.491702441999962,41.997588294000025],[-4.4967147689999365,41.99199323000005],[-4.495617480999954,41.99050338300003],[-4.496632493999925,41.98848173400006],[-4.493747569999925,41.986429841000074],[-4.493573076999951,41.98206402500006],[-4.495142532999978,41.98052151500008],[-4.503724919999968,41.98171860600007],[-4.502758011999958,41.98325631600005],[-4.511322892999942,41.99089176200005],[-4.513131009999938,41.99014044200004],[-4.511521305999963,41.984423796000044],[-4.51437336999993,41.99358726600008],[-4.513214866999931,41.99038456900007],[-4.5109442259999355,41.99136190000007],[-4.502470940999956,41.98473066200006],[-4.50326666199993,41.99635426800006],[-4.501636591999954,42.00883533100006],[-4.51082103899995,42.00843381000004],[-4.506824663999964,42.01520796600005],[-4.508025793999934,42.016375709000044],[-4.507164237999973,42.01741572700007],[-4.5034843459999365,42.01483811500003],[-4.500981661999958,42.00911264000007]]],[[[-4.512480578999941,42.01728113900003],[-4.516312262999975,42.015727549000076],[-4.51026356899996,42.019269579000024],[-4.512480578999941,42.01728113900003]]],[[[-4.518208323999943,42.01753262300008],[-4.521935347999943,42.01767389500003],[-4.522017980999976,42.02047899200005],[-4.521761229999925,42.01779920400003],[-4.518208323999943,42.01753262300008]]],[[[-4.518958962999932,42.02981580900007],[-4.5139262349999285,42.02593755800007],[-4.511601740999936,42.021141183000054],[-4.512527005999971,42.01764229100007],[-4.518024981999929,42.01777351000004],[-4.512582238999926,42.01800172500003],[-4.511867142999961,42.02130522200008],[-4.513040611999941,42.02246049300004],[-4.514332255999932,42.018731021000065],[-4.518792510999958,42.01842902100003],[-4.522652377999975,42.028156170000045],[-4.523883384999976,42.02604017600004],[-4.525498121999931,42.026602472000036],[-4.521005212999967,42.03278941200006],[-4.518958962999932,42.02981580900007]]]]}},{"type":"Feature","properties":{"ClaseSuelo":"SUELO URBANIZABLE DELIMITADO O SECTORIZADO","NuclRural":"0","AreaLamber":751.61837798,"Shape_STAr":0.000817193514149},"geometry":{"type":"MultiPolygon","coordinates":[[[[-4.5378953909999495,42.03846125300004],[-4.529754096999966,42.038374727000075],[-4.534052243999952,42.03317776600005],[-4.527931237999951,42.03287949200006],[-4.524814040999956,42.03720750100007],[-4.520964685999957,42.03368051000007],[-4.523763026999973,42.02900931900007],[-4.525912903999938,42.031889772000056],[-4.53106175399995,42.032947232000026],[-4.53186741899998,42.02915603500003],[-4.538836619999927,42.030388292000055],[-4.540622298999949,42.02897924900003],[-4.538896989999955,42.02764762000004],[-4.54098946299996,42.02633548700004],[-4.538695799999971,42.02582397900005],[-4.536081957999954,42.01990092800003],[-4.538602999999966,42.01983449900007],[-4.538941215999955,42.02236626200005],[-4.541061106999962,42.02350718100007],[-4.540659818999927,42.021717049000074],[-4.54650937599996,42.02588798600004],[-4.541491982999958,42.030887258000064],[-4.541951114999961,42.03257806000005],[-4.550911676999931,42.040680612000074],[-4.5378953909999495,42.03846125300004]]],[[[-4.634983845999955,41.95112375000008],[-4.635676418999935,41.94993842800005],[-4.638060206999967,41.95134414300003],[-4.634983845999955,41.95112375000008]]],[[[-4.511120007999978,41.99082874100003],[-4.502758011999958,41.98325631600005],[-4.503724919999968,41.98171860600007],[-4.501389648999975,41.98093313600003],[-4.508887670999968,41.97744089500003],[-4.509857365999949,41.97840086000008],[-4.51520534399998,41.98640687300008],[-4.513802934999944,41.986945225000056],[-4.516047667999942,41.98762712600006],[-4.512930061999953,41.98887214200005],[-4.51132804599996,41.98435241300007],[-4.513131009999938,41.99014044200004],[-4.511120007999978,41.99082874100003]]],[[[-4.509783753999955,41.996620680000035],[-4.503217094999968,41.99668331500004],[-4.502663268999925,41.98455090600004],[-4.5109442259999355,41.99136190000007],[-4.513214866999931,41.99038456900007],[-4.514222174999929,41.99354471500004],[-4.509783753999955,41.996620680000035]],[[-4.507852495999941,41.99374866800008],[-4.507343781999964,41.99095070100003],[-4.504861461999951,41.990822243000025],[-4.505287199999941,41.99485899600006],[-4.507818937999957,41.99572990900003],[-4.507852495999941,41.99374866800008]]],[[[-4.52849015299995,41.995721063000076],[-4.52235111899995,41.992460848000064],[-4.51970040599997,41.98749151700008],[-4.515395759999933,41.98365433200007],[-4.514107114999945,41.984088136000025],[-4.512989617999949,41.982432327000026],[-4.514689754999949,41.98178986100004],[-4.513747483999964,41.98031944600007],[-4.511943825999936,41.98093916400006],[-4.509966572999929,41.97721003300006],[-4.516981647999955,41.978173025000046],[-4.520411252999963,41.982700462000025],[-4.518675157999951,41.98332916600003],[-4.518946309999933,41.98493721300008],[-4.522665065999945,41.98728362700007],[-4.520263460999956,41.987921269000026],[-4.523119052999959,41.98748676500003],[-4.528257120999967,41.99006029900005],[-4.527161250999939,41.99176659600005],[-4.532831937999958,41.99679453300007],[-4.531617317999974,42.000085295000076],[-4.52849015299995,41.995721063000076]]],[[[-4.544427483999925,42.00700792500004],[-4.5453005789999565,42.00461105100004],[-4.543185815999948,42.004511679000075],[-4.548237229999927,42.00205614200007],[-4.551444009999955,42.005293135000045],[-4.548020393999934,42.00741428300006],[-4.544427483999925,42.00700792500004]]],[[[-4.545496141999934,42.01044425200007],[-4.543091064999942,42.009424581000076],[-4.544558760999962,42.00874585300005],[-4.5476316809999275,42.01073719800007],[-4.545496141999934,42.01044425200007]]],[[[-4.494714429999931,42.00046621300004],[-4.499276346999977,41.99077779500004],[-4.5022141379999425,41.990949353000076],[-4.501543438999931,42.00054613000003],[-4.495565386999942,42.014147139000045],[-4.48877209099993,42.00924747300007],[-4.495172142999934,42.00364350800004],[-4.494714429999931,42.00046621300004]],[[-4.501691385999948,41.998603323000054],[-4.500205194999978,41.997857020000026],[-4.497152046999929,41.99950464600005],[-4.501463436999927,42.00012562200004],[-4.501691385999948,41.998603323000054]]],[[[-4.4996666899999695,42.00746970300003],[-4.50505912999995,42.016886992000025],[-4.4961965609999766,42.014352442000074],[-4.4996666899999695,42.00746970300003]]],[[[-4.506824663999964,42.01520796600005],[-4.51082103899995,42.00843381000004],[-4.513505750999968,42.011259239000026],[-4.51801254399993,42.00961995600005],[-4.521004688999938,42.013273036000044],[-4.516832113999953,42.01442866900004],[-4.51026356899996,42.019269579000024],[-4.507164237999973,42.01741572700007],[-4.508025793999934,42.016375709000044],[-4.506824663999964,42.01520796600005]]],[[[-4.512690605999978,42.01740375500003],[-4.51688926199995,42.01548565100006],[-4.518208323999943,42.01753262300008],[-4.512527005999971,42.01764229100007],[-4.511619531999941,42.02115797100004],[-4.510515924999936,42.019446938000044],[-4.512690605999978,42.01740375500003]]],[[[-4.545897267999976,42.02141352600006],[-4.547691955999937,42.02065094300008],[-4.54709556499995,42.019155245000036],[-4.553406785999925,42.02367020600008],[-4.55010555399997,42.02614428100003],[-4.545897267999976,42.02141352600006]]],[[[-4.522446136999974,42.026292374000036],[-4.519662812999968,42.01999110100007],[-4.522017980999976,42.02047899200005],[-4.522211127999981,42.016901189000066],[-4.520397496999976,42.014531903000034],[-4.5216963019999525,42.014003357000036],[-4.527315517999966,42.01870542700004],[-4.529654068999946,42.02618296500003],[-4.523883384999976,42.02604017600004],[-4.522938378999925,42.02822735800004],[-4.522446136999974,42.026292374000036]]]]}},{"type":"Feature","properties":{"ClaseSuelo":"SUELO URBANIZABLE NO DELIMITADO O SECTORIZADO","NuclRural":"0","AreaLamber":73.3415923,"Shape_STAr":0.000079752283613},"geometry":{"type":"MultiPolygon","coordinates":[[[[-4.526453745999959,42.03190360700006],[-4.524114861999976,42.02800365100006],[-4.529654068999946,42.02618296500003],[-4.527724988999978,42.02838260000004],[-4.532383036999931,42.02976320700003],[-4.53106175399995,42.032947232000026],[-4.526453745999959,42.03190360700006]]],[[[-4.53384282899998,41.99323842000007],[-4.535503171999949,41.99276495100003],[-4.536263688999952,41.99481931200006],[-4.534225202999949,41.995737666000025],[-4.53384282899998,41.99323842000007]]],[[[-4.537346162999938,41.99947908100006],[-4.5373679529999436,41.997353857000064],[-4.534215677999953,41.99602163000003],[-4.536495313999978,41.99508114100007],[-4.5376727029999415,41.99773029100004],[-4.536444526999958,42.002589863000026],[-4.537346162999938,41.99947908100006]]],[[[-4.533405294999966,42.003375360000064],[-4.531482617999927,42.002717923000034],[-4.534703184999955,42.00147974300006],[-4.535624895999945,42.00258743000006],[-4.533405294999966,42.003375360000064]]],[[[-4.538940579999974,42.00178860700004],[-4.540926733999925,42.00149740200004],[-4.541565657999968,42.00337931900003],[-4.540162147999979,42.00437310600006],[-4.538940579999974,42.00178860700004]]],[[[-4.543975281999963,42.01399915600007],[-4.543764225999951,42.01072568300003],[-4.547711355999979,42.01801643400006],[-4.544790440999975,42.01758521100004],[-4.543975281999963,42.01399915600007]]],[[[-4.512365189999969,42.01839356800008],[-4.5216937429999575,42.01777911100004],[-4.521809044999941,42.01940207800004],[-4.514845029999947,42.01852408800005],[-4.513040611999941,42.02246049300004],[-4.512365189999969,42.01839356800008]]],[[[-4.557324109999968,42.018188430000066],[-4.558409714999925,42.01774156600004],[-4.551697192999939,42.02228643800004],[-4.557324109999968,42.018188430000066]]]]}},{"type":"Feature","properties":{"ClaseSuelo":"SUELO URBANO","NuclRural":"0","AreaLamber":801.86950732,"Shape_STAr":0.000871806657364},"geometry":{"type":"MultiPolygon","coordinates":[[[[-4.53186741899998,42.02915603500003],[-4.529682738999952,42.02989690900006],[-4.527724988999978,42.02838260000004],[-4.529787333999934,42.02667390400006],[-4.527315517999966,42.01870542700004],[-4.5216963019999525,42.014003357000036],[-4.516204253999945,42.01562721100004],[-4.521004688999938,42.013273036000044],[-4.51801254399993,42.00961995600005],[-4.514197767999974,42.01133708700007],[-4.511382259999948,42.008429970000066],[-4.501636591999954,42.00883533100006],[-4.503043349999928,41.99668784100004],[-4.510113409999974,41.99679070500008],[-4.51437336999993,41.99358726600008],[-4.512930061999953,41.98887214200005],[-4.516047667999942,41.98762712600006],[-4.513802934999944,41.986945225000056],[-4.51520534399998,41.98640687300008],[-4.51372717199996,41.98420818200003],[-4.515395759999933,41.98365433200007],[-4.52235111899995,41.992460848000064],[-4.528468522999958,41.99568454200005],[-4.531674763999945,42.000147783000045],[-4.531123739999941,42.00429054800003],[-4.535995223999976,42.00272129800004],[-4.536175145999948,42.00759623700003],[-4.541237771999931,42.00551844600005],[-4.540196239999943,42.00450544700004],[-4.543340283999953,42.00206811600003],[-4.543134600999963,42.00447260400006],[-4.5453005789999565,42.00461105100004],[-4.53820374999998,42.00794259000003],[-4.545989629999951,42.00740428100005],[-4.541751788999932,42.008249394000075],[-4.545868746999929,42.01100686500007],[-4.543529080999974,42.01074525800004],[-4.543472668999925,42.01683921800003],[-4.547691955999937,42.02065094300008],[-4.544974768999964,42.02166366600005],[-4.546628621999957,42.02325186200005],[-4.5456947189999255,42.02363444700006],[-4.53383594099995,42.01415790600004],[-4.531245537999951,42.013913357000035],[-4.527638664999927,42.01045208200003],[-4.528559593999944,42.00959203700006],[-4.525668165999946,42.009521644000074],[-4.518161943999928,42.00256325600003],[-4.520996507999939,42.00764268300003],[-4.5257704239999725,42.010623586000065],[-4.524651370999948,42.01197675100008],[-4.52683445699995,42.011102176000065],[-4.538525697999944,42.01989050200007],[-4.5358952709999585,42.019967706000045],[-4.538695799999971,42.02582397900005],[-4.54098946299996,42.02633548700004],[-4.538896989999955,42.02764762000004],[-4.540622298999949,42.02897924900003],[-4.538066568999966,42.02683825300005],[-4.536327043999961,42.02941109600005],[-4.533033964999959,42.03026481200004],[-4.53186741899998,42.02915603500003]],[[-4.5361603059999425,42.02613059600003],[-4.53725577299997,42.02494825000008],[-4.535630988999969,42.02551618200005],[-4.5361603059999425,42.02613059600003]],[[-4.527845031999959,42.01520644800007],[-4.5265556699999365,42.01541823300005],[-4.5267971329999455,42.016146873000025],[-4.527845031999959,42.01520644800007]],[[-4.539548037999964,42.00890092000003],[-4.544044331999942,42.01006651400007],[-4.541248007999968,42.008479916000056],[-4.539548037999964,42.00890092000003]],[[-4.517885254999953,41.998944496000036],[-4.516067388999943,41.998398648000034],[-4.516904727999929,42.00009930200008],[-4.517885254999953,41.998944496000036]],[[-4.519603292999932,41.98831097100003],[-4.5175027749999686,41.98913147800005],[-4.519759670999974,41.988929736000046],[-4.519603292999932,41.98831097100003]]],[[[-4.6382961489999275,41.95045479700008],[-4.635676418999935,41.94993842800005],[-4.640392144999964,41.948282092000056],[-4.6404771079999705,41.94984021600004],[-4.6382961489999275,41.95045479700008]]],[[[-4.513145175999966,41.98052444000007],[-4.514689754999949,41.98178986100004],[-4.512989617999949,41.982432327000026],[-4.511943825999936,41.98093916400006],[-4.513145175999966,41.98052444000007]]],[[[-4.5054281729999275,41.991563057000064],[-4.507343781999964,41.99095070100003],[-4.5078993169999535,41.99568467700004],[-4.505287199999941,41.99485899600006],[-4.5054281729999275,41.991563057000064]]],[[[-4.540195702999938,42.00153189300005],[-4.538324268999929,42.00034508200008],[-4.542649448999953,41.99931103100005],[-4.54301124899996,42.00065613600003],[-4.540195702999938,42.00153189300005]]],[[[-4.551403638999943,42.000427794000075],[-4.557920730999967,41.99633954400008],[-4.559498197999972,41.99720687100006],[-4.553376530999969,42.00205845000005],[-4.551403638999943,42.000427794000075]]],[[[-4.545777198999929,42.02376533100005],[-4.545906470999967,42.02379928200003],[-4.545657763999941,42.023852014000056],[-4.545777198999929,42.02376533100005]]],[[[-4.551074079999978,42.02828376700006],[-4.549534148999953,42.028971789000025],[-4.540289836999932,42.02121237700004],[-4.541646064999952,42.02308225400003],[-4.538941215999955,42.02236626200005],[-4.539296841999942,42.02045731100003],[-4.547541808999938,42.025328149000075],[-4.548909370999979,42.02450091800006],[-4.5493030159999535,42.02672794600005],[-4.554315084999928,42.03106004400007],[-4.551074079999978,42.02828376700006]]]]}},{"type":"Feature","properties":{"ClaseSuelo":"SUELO URBANO NO CONSOLIDADO","NuclRural":"0","AreaLamber":81.6060913,"Shape_STAr":0.0000887308652056},"geometry":{"type":"MultiPolygon","coordinates":[[[[-4.546258919999957,42.02449302700006],[-4.52683445699995,42.011102176000065],[-4.524651370999948,42.01197675100008],[-4.5257704239999725,42.010623586000065],[-4.520996507999939,42.00764268300003],[-4.518178668999951,42.002539487000035],[-4.525668165999946,42.009521644000074],[-4.528559593999944,42.00959203700006],[-4.527638664999927,42.01045208200003],[-4.5316300619999765,42.01420628900007],[-4.53383594099995,42.01415790600004],[-4.5456947189999255,42.02363444700006],[-4.546628621999957,42.02325186200005],[-4.544974768999964,42.02166366600005],[-4.54606833899993,42.02144263000008],[-4.548909370999979,42.02450091800006],[-4.546258919999957,42.02449302700006]],[[-4.545906470999967,42.02379928200003],[-4.54588674799993,42.02369926500006],[-4.545657763999941,42.023852014000056],[-4.545906470999967,42.02379928200003]]],[[[-4.636996132999968,41.94943435500005],[-4.637926664999952,41.951314737000075],[-4.6362781769999515,41.950211627000044],[-4.636996132999968,41.94943435500005]]],[[[-4.518379737999965,41.988502769000036],[-4.519759670999974,41.988929736000046],[-4.517761158999974,41.98951826600006],[-4.518379737999965,41.988502769000036]]],[[[-4.516232516999935,41.99823086600003],[-4.518398126999955,41.99961437600007],[-4.516904727999929,42.00009930200008],[-4.516232516999935,41.99823086600003]]],[[[-4.541369650999968,42.00306494800003],[-4.540926733999925,42.00149740200004],[-4.544004563999977,42.001714338000056],[-4.540245039999945,42.004463057000066],[-4.541369650999968,42.00306494800003]]],[[[-4.538429247999943,42.00725822100003],[-4.544797613999947,42.005232180000064],[-4.544129982999948,42.006950182000026],[-4.538429247999943,42.00725822100003]]],[[[-4.540663367999969,42.009333549000075],[-4.539069950999931,42.00917844300005],[-4.541248007999968,42.008479916000056],[-4.544044331999942,42.01006651400007],[-4.540663367999969,42.009333549000075]]],[[[-4.527425785999981,42.015153938000026],[-4.527575079999963,42.01625981600006],[-4.5267971329999455,42.016146873000025],[-4.527425785999981,42.015153938000026]]],[[[-4.520723207999936,42.01750533400008],[-4.518208323999943,42.01753262300008],[-4.51688926199995,42.01548565100006],[-4.520090985999957,42.01409415900008],[-4.522211127999981,42.016901189000066],[-4.520723207999936,42.01750533400008]]],[[[-4.546299923999925,42.01970427200007],[-4.543472668999925,42.01683921800003],[-4.54709556499995,42.019155245000036],[-4.546299923999925,42.01970427200007]]],[[[-4.542936470999962,42.02375345100006],[-4.540289836999932,42.02121237700004],[-4.543813053999941,42.02369149700007],[-4.542936470999962,42.02375345100006]]],[[[-4.536840661999975,42.02501415300003],[-4.537173404999976,42.02582639600007],[-4.535630988999969,42.02551618200005],[-4.536840661999975,42.02501415300003]]],[[[-4.537925862999941,42.026864095000064],[-4.540586280999946,42.029007480000075],[-4.538836619999927,42.030388292000055],[-4.53643819399997,42.029247361000046],[-4.537925862999941,42.026864095000064]]]]}},{"type":"Feature","properties":{"ClaseSuelo":"SUELO NO URBANIZABLE","NuclRural":"0","AreaLamber":3690.72582131,"Shape_STAr":0.00400982745416},"geometry":{"type":"Polygon","coordinates":[[[-4.35425601999998,41.99678551000005],[-4.344176869999956,41.996903950000046],[-4.33966744199995,41.98943624900005],[-4.324178829999937,41.982167470000036],[-4.319382849999954,41.98549205000006],[-4.313703809999936,41.98523293000005],[-4.311269159999938,41.984243020000065],[-4.308671093999976,41.978220296000075],[-4.307375793999938,41.979216681000025],[-4.300560406999978,41.977654888000075],[-4.295063859999971,41.97385324000004],[-4.293613317999927,41.97553576000007],[-4.288786969999933,41.97381573400003],[-4.289782600999956,41.97231847200004],[-4.288136065999936,41.97146333000006],[-4.290023099999928,41.96748827000005],[-4.293980929999975,41.965075031000026],[-4.292443018999961,41.96481314000005],[-4.296887589999926,41.96082717000007],[-4.304802818999974,41.948371450000025],[-4.296005578999939,41.94588618000006],[-4.293029789999935,41.949072020000074],[-4.286574799999926,41.950855740000065],[-4.285692850999965,41.94959568100006],[-4.288707659999943,41.94713012100004],[-4.288513379999927,41.93927852000007],[-4.295184100999961,41.93688880000008],[-4.301188340999943,41.92903017000003],[-4.304353879999951,41.929894930000046],[-4.3059215999999765,41.92396874000008],[-4.315941580999947,41.92622312000003],[-4.318801109999981,41.92335321100006],[-4.320690629999945,41.91790048000007],[-4.326403616999926,41.91310623900006],[-4.347343250999927,41.923751450000054],[-4.3474454099999775,41.92574072000008],[-4.349528860999953,41.92674301000005],[-4.348435759999973,41.92809784000008],[-4.349883549999959,41.92869328000006],[-4.348000309999975,41.93204786000007],[-4.355754048999927,41.93254211000004],[-4.354838489999963,41.93372370000003],[-4.360179212999981,41.932471787000054],[-4.361076311999966,41.934379421000074],[-4.355440509999937,41.942786270000056],[-4.356704259999958,41.94492393000007],[-4.35785242999998,41.942748780000045],[-4.363529119999953,41.943068820000065],[-4.364723518999938,41.945900710000046],[-4.362480889999972,41.94992625000003],[-4.363947779999933,41.951953340000046],[-4.36272710999998,41.95412040000008],[-4.363664139999969,41.956757210000035],[-4.35519974999994,41.96046002000003],[-4.350590499999953,41.967899690000024],[-4.347241939999947,41.97164072000004],[-4.346170379999933,41.970617540000035],[-4.3440392099999485,41.974299160000044],[-4.3556067899999675,41.974532460000034],[-4.364741809999941,41.98180061000005],[-4.374226519999979,41.97829204000004],[-4.3659017999999605,41.98298469000008],[-4.364623389999963,41.98981782000004],[-4.358987759999934,41.99616220000007],[-4.35425601999998,41.99678551000005]],[[-4.343558328999961,41.96257827300008],[-4.347918633999939,41.96252715500003],[-4.348917402999973,41.961048127000026],[-4.34605131099994,41.961336138000036],[-4.34201233999994,41.958743104000064],[-4.340176930999974,41.96089253500003],[-4.335028357999931,41.96187235300005],[-4.34070264099995,41.963581529000066],[-4.341987486999926,41.96597051700007],[-4.344446825999967,41.96413755100008],[-4.343558328999961,41.96257827300008]]]}},{"type":"Feature","properties":{"ClaseSuelo":"SUELO URBANO","NuclRural":"0","AreaLamber":24.49328838,"Shape_STAr":0.0000266133545778},"geometry":{"type":"Polygon","coordinates":[[[-4.341611560999979,41.96482150700007],[-4.3351096669999265,41.961637877000044],[-4.340176930999974,41.96089253500003],[-4.34201233999994,41.958743104000064],[-4.34605131099994,41.961336138000036],[-4.348917402999973,41.961048127000026],[-4.347918633999939,41.96252715500003],[-4.343922144999965,41.961658956000065],[-4.343616752999935,41.96409850800006],[-4.341780276999941,41.96399996000008],[-4.342430266999941,41.96563525900007],[-4.341611560999979,41.96482150700007]]]}},{"type":"Feature","properties":{"ClaseSuelo":"SUELO URBANO NO CONSOLIDADO","NuclRural":"0","AreaLamber":3.18848859,"Shape_STAr":0.00000346462546178},"geometry":{"type":"MultiPolygon","coordinates":[[[[-4.342092384999944,41.964676637000025],[-4.3424663329999476,41.96352307500007],[-4.344446825999967,41.96413755100008],[-4.342092384999944,41.964676637000025]]],[[[-4.3411030679999385,41.965138774000025],[-4.3420028899999465,41.964788800000065],[-4.342390266999928,41.96564510400003],[-4.3411030679999385,41.965138774000025]]]]}}]}