{"type":"FeatureCollection","features":[{"type":"Feature","properties":{"ClaseSuelo":"SUELO NO URBANIZABLE","NuclRural":"0","AreaLamber":2503.00082647,"Shape_STAr":0.00262014717569},"geometry":{"type":"Polygon","coordinates":[[[-1.6345821369999385,39.45124138600005],[-1.6126367089999576,39.45224551800004],[-1.59598120499993,39.445031295000035],[-1.5894921019999515,39.44400222400003],[-1.5848831879999352,39.44571673100006],[-1.5765669209999373,39.44339877900006],[-1.5794214029999694,39.439888213000074],[-1.5832595389999256,39.438889852000045],[-1.5828040049999572,39.43757333800005],[-1.5899936009999465,39.43847611600006],[-1.593487075999974,39.43676594600004],[-1.595848918999934,39.43860100100005],[-1.6002073629999245,39.43702720600004],[-1.6011658479999369,39.43518265800003],[-1.609176988999934,39.43362986300008],[-1.6104950839999788,39.43172646200003],[-1.6115355739999586,39.434401370000046],[-1.6641995209999436,39.42489506000004],[-1.6919829789999312,39.42645413300005],[-1.6945831799999382,39.43715137400005],[-1.6804087729999537,39.46783328600003],[-1.6609036729999502,39.46231238900003],[-1.6434162089999518,39.45360417300003],[-1.6345821369999385,39.45124138600005]],[[-1.6539847499999496,39.443805945000065],[-1.6557401569999683,39.44124324000006],[-1.6544090469999446,39.438633914000036],[-1.6556068819999723,39.43823112600006],[-1.6536344249999502,39.43597084900006],[-1.6512889669999709,39.43789693700006],[-1.65320077399997,39.43909853800005],[-1.6465589149999573,39.43991986300006],[-1.6485974419999252,39.44506643700004],[-1.6520191709999494,39.445726930000035],[-1.6539847499999496,39.443805945000065]]]}},{"type":"Feature","properties":{"ClaseSuelo":"SUELO URBANIZABLE DELIMITADO O SECTORIZADO","NuclRural":"0","AreaLamber":16.9814003,"Shape_STAr":0.0000177758495907},"geometry":{"type":"MultiPolygon","coordinates":[[[[-1.6518721749999372,39.44361480800006],[-1.6525617709999665,39.44207692900005],[-1.6540977759999578,39.44240280900004],[-1.6538866499999472,39.440174623000075],[-1.6557401569999683,39.44124324000006],[-1.6548041229999626,39.44332790800007],[-1.6518721749999372,39.44361480800006]]],[[[-1.6545886799999607,39.437244288000045],[-1.6519371069999806,39.43690465000003],[-1.6536344249999502,39.43597084900006],[-1.6555914759999268,39.43863264400005],[-1.6545886799999607,39.437244288000045]]],[[[-1.6548316389999513,39.439742384000056],[-1.6544040549999295,39.43872258600004],[-1.6554994409999608,39.43872383900003],[-1.6548316389999513,39.439742384000056]]],[[[-1.6479486279999378,39.443749393000076],[-1.6465589149999573,39.43991986300006],[-1.6481588459999443,39.439921767000044],[-1.6479486279999378,39.443749393000076]]],[[[-1.6497805109999604,39.44413384400008],[-1.6520191709999494,39.445726930000035],[-1.6485974419999252,39.44506643700004],[-1.6497805109999604,39.44413384400008]]]]}},{"type":"Feature","properties":{"ClaseSuelo":"SUELO URBANO","NuclRural":"0","AreaLamber":31.96876678,"Shape_STAr":0.0000334641642482},"geometry":{"type":"Polygon","coordinates":[[[-1.6497805109999604,39.44413384400008],[-1.6485282429999302,39.444210842000075],[-1.647427122999943,39.44035678300003],[-1.6508226729999365,39.43841790500005],[-1.65320077399997,39.43909853800005],[-1.6512889669999709,39.43789693700006],[-1.6545796699999755,39.43716932800004],[-1.6540977759999578,39.44240280900004],[-1.6523139789999277,39.44227167400004],[-1.6519855939999388,39.44536570400004],[-1.6497805109999604,39.44413384400008]]]}},{"type":"Feature","properties":{"ClaseSuelo":"SUELO NO URBANIZABLE","NuclRural":"0","AreaLamber":12326.2671465,"Shape_STAr":0.012953978459},"geometry":{"type":"Polygon","coordinates":[[[-1.8044654529999775,39.778704409000056],[-1.794914485999925,39.775308024000026],[-1.793416972999978,39.77814855500003],[-1.7915816489999656,39.77759787700006],[-1.7795822609999732,39.769417555000075],[-1.768217515999936,39.76443219200007],[-1.765212068999972,39.76079634300004],[-1.7639048559999537,39.74772726300006],[-1.7458483299999443,39.73809128200003],[-1.7335123879999514,39.73939888700005],[-1.7163710589999255,39.73801227100006],[-1.7115458199999694,39.73392243100005],[-1.6909927909999283,39.73779188300006],[-1.6865178029999583,39.735002363000035],[-1.6697844009999585,39.73374867100006],[-1.6676680159999364,39.72609315500006],[-1.668910306999976,39.72217014700004],[-1.6658145959999615,39.71510702000006],[-1.667166401999964,39.710942025000065],[-1.6777697979999289,39.70730619300008],[-1.6896103439999592,39.70850358800004],[-1.6942378059999328,39.70560052500008],[-1.6904120609999609,39.69201573200007],[-1.6934093189999544,39.68335504400005],[-1.6980817359999492,39.67982162100003],[-1.7104880499999808,39.67544613200005],[-1.7286801339999442,39.66255539500003],[-1.7411074069999586,39.658032655000056],[-1.7929071829999543,39.668223210000065],[-1.8210644099999627,39.69072195000007],[-1.8294659469999601,39.70700676400003],[-1.8523780459999557,39.72095760900004],[-1.8488231919999407,39.746681616000046],[-1.8456013499999244,39.75439807300006],[-1.8295890389999272,39.76111216600003],[-1.8069530099999724,39.77936070000004],[-1.8044654529999775,39.778704409000056]],[[-1.7901059909999617,39.718757132000064],[-1.7932782979999615,39.71673618700004],[-1.7883430049999447,39.71590270200005],[-1.7846609069999317,39.717110012000035],[-1.785165215999939,39.718859671000075],[-1.7901059909999617,39.718757132000064]]]}},{"type":"Feature","properties":{"ClaseSuelo":"SUELO URBANIZABLE DELIMITADO O SECTORIZADO","NuclRural":"0","AreaLamber":3.20530486,"Shape_STAr":0.00000336864265978},"geometry":{"type":"MultiPolygon","coordinates":[[[[-1.7850830519999477,39.71684809900006],[-1.7856522669999322,39.716100623000045],[-1.7887074899999789,39.71629292600005],[-1.7850830519999477,39.71684809900006]]],[[[-1.792734705999976,39.71699241400006],[-1.7910217679999505,39.71699219300007],[-1.7932782979999615,39.71673618700004],[-1.792734705999976,39.71699241400006]]],[[[-1.7847997579999628,39.71747910600004],[-1.7849818599999594,39.717642226000066],[-1.7848260919999461,39.717670018000035],[-1.7847997579999628,39.71747910600004]]],[[[-1.7876385289999348,39.71900012800006],[-1.7850332339999682,39.718474134000076],[-1.7883556429999317,39.718891728000074],[-1.7876385289999348,39.71900012800006]]]]}},{"type":"Feature","properties":{"ClaseSuelo":"SUELO URBANO","NuclRural":"0","AreaLamber":11.62434782,"Shape_STAr":0.0000122167973789},"geometry":{"type":"Polygon","coordinates":[[[-1.7883556429999317,39.718891728000074],[-1.7846609069999317,39.717110012000035],[-1.7928352479999603,39.71704366700004],[-1.7883556429999317,39.718891728000074]]]}},{"type":"Feature","properties":{"ClaseSuelo":"SUELO NO URBANIZABLE","NuclRural":"0","AreaLamber":8518.13941618,"Shape_STAr":0.00892391660029},"geometry":{"type":"Polygon","coordinates":[[[-1.8386753239999507,39.53206394600005],[-1.8338898089999702,39.52639105900005],[-1.8292632359999743,39.51229767800004],[-1.8304948739999531,39.50821944300003],[-1.8301656579999417,39.47791477700008],[-1.8354441619999307,39.466065223000044],[-1.8351350829999546,39.43231868200007],[-1.8585737889999336,39.43639842300007],[-1.894196764999947,39.458628574000045],[-1.9252622459999316,39.46795718100003],[-1.9437659619999295,39.47970498800004],[-1.949635164999961,39.491453516000036],[-1.956751014999952,39.496968809000066],[-1.9531336919999376,39.52566103500004],[-1.9560003719999486,39.52768709500003],[-1.9342228749999322,39.52671456100006],[-1.8816397929999766,39.53212220800003],[-1.8386753239999507,39.53206394600005]],[[-1.899532825999927,39.50090874000006],[-1.9018527959999574,39.495313140000064],[-1.900986067999952,39.49386668000005],[-1.8994775469999468,39.49553093500003],[-1.8967476619999388,39.494586052000045],[-1.8942371409999623,39.49587696100008],[-1.8929340579999803,39.49804728600003],[-1.8901547729999493,39.49758547400006],[-1.8901249079999616,39.49917291300005],[-1.8922901839999327,39.498909156000025],[-1.8923852859999784,39.50265125900006],[-1.8970084439999368,39.502812316000075],[-1.8982447369999704,39.505264443000044],[-1.899532825999927,39.50090874000006]],[[-1.9025402919999692,39.49649148000003],[-1.9035255009999332,39.495601359000034],[-1.9019254519999436,39.49554970400004],[-1.9025402919999692,39.49649148000003]],[[-1.9004530109999678,39.50028424100003],[-1.9015322069999456,39.500296726000045],[-1.9000806209999723,39.499315109000065],[-1.9004530109999678,39.50028424100003]]]}},{"type":"Feature","properties":{"ClaseSuelo":"SUELO URBANIZABLE DELIMITADO O SECTORIZADO","NuclRural":"0","AreaLamber":16.10784177,"Shape_STAr":0.0000168768370572},"geometry":{"type":"MultiPolygon","coordinates":[[[[-1.8937503289999427,39.49676192000004],[-1.8967476619999388,39.494586052000045],[-1.9019032029999607,39.49472513200004],[-1.8998784679999403,39.496311803000026],[-1.8937503289999427,39.49676192000004]]],[[[-1.8957979269999328,39.50277030900003],[-1.8935368289999701,39.50179420200004],[-1.8990147629999683,39.50217660100003],[-1.8980913029999442,39.50350853200007],[-1.8957979269999328,39.50277030900003]]],[[[-1.8929081649999375,39.498799699000074],[-1.8943427129999577,39.50060950400007],[-1.8927066009999294,39.50144442100003],[-1.8929081649999375,39.498799699000074]]]]}},{"type":"Feature","properties":{"ClaseSuelo":"SUELO URBANO","NuclRural":"0","AreaLamber":45.10844854,"Shape_STAr":0.0000472624517201},"geometry":{"type":"MultiPolygon","coordinates":[[[[-1.897828681999954,39.50477057300003],[-1.8990147629999683,39.50217660100003],[-1.8923852859999784,39.50265125900006],[-1.8940255309999543,39.499035165000066],[-1.8901249079999616,39.49917291300005],[-1.8901547729999493,39.49758547400006],[-1.9018196929999363,39.49546609300006],[-1.897828681999954,39.50477057300003]]],[[[-1.9003139869999472,39.50024668300006],[-1.9000806209999723,39.499315109000065],[-1.9015322069999456,39.500296726000045],[-1.9003139869999472,39.50024668300006]]],[[[-1.9025402919999692,39.49649148000003],[-1.9019254519999436,39.49554970400004],[-1.9035255009999332,39.495601359000034],[-1.9025402919999692,39.49649148000003]]]]}},{"type":"Feature","properties":{"ClaseSuelo":"SUELO NO URBANIZABLE","NuclRural":"0","AreaLamber":4119.4546487,"Shape_STAr":0.00438565620074},"geometry":{"type":"Polygon","coordinates":[[[-2.237017519999938,40.626881645000026],[-2.2354550419999555,40.62703346500007],[-2.2328192679999574,40.623853920000045],[-2.231724490999966,40.61312626800003],[-2.233767160999946,40.60920303200004],[-2.2275220339999464,40.60132381300008],[-2.227544158999933,40.59632411000007],[-2.2346840779999297,40.59035832100005],[-2.2374356959999773,40.58584061700003],[-2.2382734829999436,40.57774726200006],[-2.2439442919999806,40.567298306000055],[-2.247929210999928,40.56484690900004],[-2.2533192579999763,40.56454405800008],[-2.26608394699997,40.55094600800004],[-2.2712443969999754,40.54774452100003],[-2.272330687999954,40.54231003700005],[-2.278279055999974,40.550320181000075],[-2.2877052399999798,40.55574796800005],[-2.291615925999963,40.56460066900007],[-2.297660589999964,40.57284462000007],[-2.2927238969999735,40.57829183600006],[-2.28998151899998,40.58657660200004],[-2.286570703999928,40.588402375000044],[-2.286041857999976,40.59222333100007],[-2.2870012559999395,40.59758046700006],[-2.294215853999958,40.61168746300007],[-2.29424479599993,40.624651209000035],[-2.2904020719999494,40.63024008300005],[-2.2799703329999375,40.63377896700007],[-2.2768580789999646,40.63727290500003],[-2.274601091999955,40.64475397600006],[-2.255404058999943,40.63255558000003],[-2.237017519999938,40.626881645000026]],[[-2.2774331739999525,40.621570709000025],[-2.2781877129999657,40.619046766000054],[-2.2752644639999744,40.61794665000008],[-2.273559023999951,40.619141641000056],[-2.2774331739999525,40.621570709000025]]]}},{"type":"Feature","properties":{"ClaseSuelo":"SUELO URBANIZABLE DELIMITADO O SECTORIZADO","NuclRural":"0","AreaLamber":3.2341752,"Shape_STAr":0.00000344435490111},"geometry":{"type":"MultiPolygon","coordinates":[[[[-2.2783082549999563,40.61964050800003],[-2.274545964999959,40.618155744000035],[-2.278900172999954,40.619974599000045],[-2.2783082549999563,40.61964050800003]]],[[[-2.278042359999972,40.62092966300003],[-2.277500252999971,40.62053002000005],[-2.2781935379999254,40.62083660500008],[-2.278042359999972,40.62092966300003]]],[[[-2.2772451129999354,40.621605285000044],[-2.2743093479999743,40.61943725500004],[-2.2780135059999793,40.62136172500004],[-2.2772451129999354,40.621605285000044]]]]}},{"type":"Feature","properties":{"ClaseSuelo":"SUELO URBANO","NuclRural":"0","AreaLamber":6.53980759,"Shape_STAr":0.00000696482127061},"geometry":{"type":"Polygon","coordinates":[[[-2.2743093479999743,40.61943725500004],[-2.275458126999979,40.61843550900005],[-2.278397479999967,40.62085218000004],[-2.2743093479999743,40.61943725500004]]]}},{"type":"Feature","properties":{"ClaseSuelo":"SUELO NO URBANIZABLE","NuclRural":"0","AreaLamber":27350.1969278,"Shape_STAr":0.0286241156884},"geometry":{"type":"MultiPolygon","coordinates":[[[[-2.3380582859999777,39.51231619600003],[-2.3229712959999347,39.51043155200006],[-2.2974680849999345,39.503314817000046],[-2.298074632999942,39.498736620000045],[-2.290260104999959,39.488327050000066],[-2.290466667999965,39.48516561400004],[-2.2866761089999272,39.48172743200007],[-2.279801566999936,39.48282489600007],[-2.2754212099999336,39.479702572000065],[-2.306113279999977,39.47982678900007],[-2.3346478659999548,39.48218344700007],[-2.340118246999964,39.48062432000006],[-2.3410532179999564,39.486202655000056],[-2.352866550999977,39.48257480900003],[-2.360562055999935,39.47821130900007],[-2.3748778369999286,39.47685663500005],[-2.3785597599999733,39.47116372000005],[-2.379284155999926,39.45113708800005],[-2.3703545009999516,39.442483862000074],[-2.365153090999968,39.440662434000046],[-2.3615343729999267,39.43353330700006],[-2.349306234999972,39.427734722000025],[-2.358757197999978,39.41580334900004],[-2.344187275999957,39.39747566400007],[-2.3299477439999805,39.383031654000035],[-2.3596099929999355,39.367052139000066],[-2.370266626999978,39.36319983000004],[-2.3888169219999327,39.34583645200007],[-2.400375960999952,39.34038219800004],[-2.3960941729999377,39.324186034000036],[-2.418411702999947,39.30087224600004],[-2.4246314019999318,39.29905601000007],[-2.4351519949999556,39.291637766000065],[-2.441620754999974,39.28896580900005],[-2.4411769549999462,39.283530245000065],[-2.4525314809999372,39.290576534000024],[-2.466772576999972,39.306001396000056],[-2.4832192879999297,39.315189959000065],[-2.494300627999962,39.32763734700006],[-2.510930630999951,39.34226072300004],[-2.52277989199996,39.403284823000035],[-2.5315299679999725,39.420008092000046],[-2.532481367999935,39.44798078200006],[-2.5055218349999677,39.43428112400005],[-2.4801754329999426,39.45658870600005],[-2.4661092829999802,39.464391094000064],[-2.443520183999965,39.48503627100007],[-2.4229871739999567,39.495257553000044],[-2.40983584199995,39.489663465000035],[-2.402837166999973,39.49536736400006],[-2.393419526999935,39.49664306200003],[-2.385072353999931,39.51390388300007],[-2.373091390999946,39.520403961000056],[-2.361171206999927,39.52439370600007],[-2.3380582859999777,39.51231619600003]],[[-2.418303628999979,39.41563181500004],[-2.4198611349999624,39.411871320000046],[-2.421017110999969,39.41331368300007],[-2.4242682899999295,39.412985485000036],[-2.4268248869999525,39.41562865900005],[-2.4261466329999735,39.41450045600004],[-2.4285590229999343,39.41318705100008],[-2.4235724639999603,39.41065567000004],[-2.434415010999942,39.40760371500005],[-2.43773185699996,39.40491231400006],[-2.4392334419999315,39.401217762000044],[-2.43628758899996,39.39627499100004],[-2.4324039459999653,39.398489073000064],[-2.429854377999959,39.39804065000004],[-2.422692794999932,39.402838358000054],[-2.4186038859999712,39.40771069500005],[-2.4120256669999662,39.408784655000034],[-2.4041124619999437,39.40354135300004],[-2.3946568969999475,39.40916136100003],[-2.395225479999965,39.41107528900005],[-2.4000867789999347,39.41184891800003],[-2.4011933699999304,39.410535250000066],[-2.416195479999942,39.40920983900003],[-2.4143264059999296,39.41103436800006],[-2.416743449999956,39.41230962700007],[-2.415703346999976,39.41469535700003],[-2.418303628999979,39.41563181500004]],[[-2.429674931999955,39.39804193100008],[-2.4352306829999293,39.39691960700003],[-2.435084784999958,39.39412448400003],[-2.441905710999947,39.39072817400006],[-2.4458903979999604,39.38670978500005],[-2.4391117459999805,39.38846218500004],[-2.433491642999968,39.39234804700004],[-2.434247652999943,39.393909492000034],[-2.431985761999954,39.39542416000006],[-2.4256763319999664,39.396759118000034],[-2.426543282999944,39.39953884300007],[-2.425359567999976,39.39671372000004],[-2.422485890999951,39.39528778600004],[-2.4210277949999295,39.39719361400006],[-2.422679903999949,39.40040092700008],[-2.421242923999955,39.40088710800006],[-2.424618963999933,39.402289444000075],[-2.429674931999955,39.39804193100008]],[[-2.4257221609999533,39.39662898600005],[-2.4247209689999636,39.393770147000055],[-2.42265253599993,39.39519978200008],[-2.4257221609999533,39.39662898600005]],[[-2.430854168999929,39.39524926400003],[-2.4262837759999343,39.395701006000024],[-2.4259464959999377,39.39667565600007],[-2.430854168999929,39.39524926400003]]],[[[-2.561593332999962,39.45009473700003],[-2.5594977959999596,39.435331948000055],[-2.5555810369999676,39.426662348000036],[-2.5574483749999786,39.42190287300008],[-2.5636716699999624,39.42066494200003],[-2.567579888999944,39.41803044200003],[-2.5869203159999756,39.420371542000055],[-2.593073697999955,39.423042398000064],[-2.600423039999953,39.42998808500005],[-2.604290745999947,39.43845328700007],[-2.6038584069999615,39.44335357800003],[-2.5912775699999315,39.44805855000004],[-2.581344079999951,39.45111378000007],[-2.5692005959999733,39.45004663100008],[-2.5678958449999527,39.45522739100005],[-2.5649143809999373,39.457333746000074],[-2.5607061709999357,39.454398457000025],[-2.5623191319999705,39.45297186400006],[-2.561593332999962,39.45009473700003]]]]}},{"type":"Feature","properties":{"ClaseSuelo":"SUELO URBANIZABLE DELIMITADO O SECTORIZADO","NuclRural":"0","AreaLamber":133.81867088,"Shape_STAr":0.000140040543487},"geometry":{"type":"MultiPolygon","coordinates":[[[[-2.395072470999935,39.41089028500005],[-2.3947391409999454,39.40903957300003],[-2.4034069709999244,39.40391860700004],[-2.404881123999928,39.40922138800005],[-2.419164372999944,39.407444654000074],[-2.4197077019999256,39.40899334200003],[-2.4011933699999304,39.410535250000066],[-2.4001219189999574,39.41184733700004],[-2.395072470999935,39.41089028500005]]],[[[-2.425192357999947,39.39532043500003],[-2.422746487999973,39.39508226500004],[-2.4247209689999636,39.393770147000055],[-2.425192357999947,39.39532043500003]]],[[[-2.430115315999956,39.397887129000026],[-2.429185812999947,39.39673754900008],[-2.434247652999943,39.393909492000034],[-2.433491642999968,39.39234804700004],[-2.439167114999975,39.388432145000024],[-2.4458903979999604,39.38670978500005],[-2.441905710999947,39.39072817400006],[-2.435084784999958,39.39412448400003],[-2.4352306829999293,39.39691960700003],[-2.430115315999956,39.397887129000026]]],[[[-2.436429913999973,39.403878389000056],[-2.437574205999965,39.40012252400004],[-2.4364294349999795,39.39678355600006],[-2.4392372149999346,39.40135918800007],[-2.435652156999936,39.40676372100006],[-2.434564378999937,39.406088674000046],[-2.436429913999973,39.403878389000056]]],[[[-2.420717295999964,39.41206830800007],[-2.4205030049999436,39.41016206200004],[-2.423387022999975,39.412003768000034],[-2.420717295999964,39.41206830800007]]],[[[-2.4240006269999412,39.41232415200005],[-2.4224983609999526,39.41071307300007],[-2.4285590229999343,39.41318705100008],[-2.4261466329999735,39.41450045600004],[-2.426751832999969,39.41566887000005],[-2.4240006269999412,39.41232415200005]]]]}},{"type":"Feature","properties":{"ClaseSuelo":"SUELO URBANO","NuclRural":"0","AreaLamber":222.61166136,"Shape_STAr":0.00023296799073},"geometry":{"type":"MultiPolygon","coordinates":[[[[-2.415517526999963,39.410310425000034],[-2.4161941339999657,39.40902145300004],[-2.4197077019999256,39.40899334200003],[-2.419164372999944,39.407444654000074],[-2.422877544999949,39.40269244600006],[-2.427194892999978,39.40157547800004],[-2.4294304459999694,39.398359225000036],[-2.4316314249999778,39.39902746200005],[-2.4363928999999303,39.39639687300007],[-2.4373783499999604,39.40207348700005],[-2.434590838999952,39.40751684600008],[-2.422539600999926,39.41068129300004],[-2.424253258999954,39.413013429000046],[-2.421017110999969,39.41331368300007],[-2.420715735999977,39.41225662100004],[-2.423387022999975,39.412003768000034],[-2.4205030049999436,39.41016206200004],[-2.418272409999929,39.415725691000034],[-2.415703346999976,39.41469535700003],[-2.416743449999956,39.41230962700007],[-2.4143264059999296,39.41103436800006],[-2.415517526999963,39.410310425000034]],[[-2.4226072059999524,39.406327728000065],[-2.4229862159999698,39.40605870100006],[-2.4222037959999625,39.40587184700007],[-2.4226072059999524,39.406327728000065]]],[[[-2.4258488239999565,39.396662003000074],[-2.42265253599993,39.39519978200008],[-2.4262411059999636,39.395590800000036],[-2.4258488239999565,39.396662003000074]]],[[[-2.4263500149999686,39.39568832300006],[-2.4309118019999687,39.39541492400008],[-2.4259464959999377,39.39667565600007],[-2.4263500149999686,39.39568832300006]]],[[[-2.423291133999953,39.40089973200003],[-2.421242923999955,39.40088710800006],[-2.422679903999949,39.40040092700008],[-2.4210277949999295,39.39719361400006],[-2.422485890999951,39.39528778600004],[-2.425359567999976,39.39671372000004],[-2.426543282999944,39.39953884300007],[-2.4256564769999613,39.39677280500007],[-2.431295896999927,39.395557643000075],[-2.424315536999927,39.40230433600004],[-2.423291133999953,39.40089973200003]]],[[[-2.4048550799999475,39.40909659700003],[-2.4041124619999437,39.40354135300004],[-2.4127945459999296,39.40906517900004],[-2.4048550799999475,39.40909659700003]]]]}},{"type":"Feature","properties":{"ClaseSuelo":"SUELO URBANO NO CONSOLIDADO","NuclRural":"0","AreaLamber":5.68978462,"Shape_STAr":0.00000595416237118},"geometry":{"type":"MultiPolygon","coordinates":[[[[-2.425630362999925,39.40023787700005],[-2.426811412999939,39.400249461000044],[-2.4235969599999407,39.40245996500005],[-2.425630362999925,39.40023787700005]]],[[[-2.430179300999953,39.39902917400008],[-2.429963405999956,39.39798157700005],[-2.4317930479999745,39.39856087600003],[-2.430179300999953,39.39902917400008]]],[[[-2.4250347159999706,39.40208362900006],[-2.4270887589999575,39.401031422000074],[-2.427194892999978,39.40157547800004],[-2.4250347159999706,39.40208362900006]]],[[[-2.4220413379999286,39.40628308400005],[-2.4222037959999625,39.40587184700007],[-2.4229862159999698,39.40605870100006],[-2.4220413379999286,39.40628308400005]]]]}},{"type":"Feature","properties":{"ClaseSuelo":"SUELO NO URBANIZABLE","NuclRural":"0","AreaLamber":9451.72268395,"Shape_STAr":0.0100266238238},"geometry":{"type":"Polygon","coordinates":[[[-2.6923471119999363,40.396490225000036],[-2.6906683029999385,40.39513438700004],[-2.68754402899998,40.39629266900005],[-2.6807697139999505,40.40271115200005],[-2.6741380319999735,40.39964758800005],[-2.661756215999958,40.39899941500005],[-2.6500868069999797,40.38829794600008],[-2.638467137999953,40.384379297000066],[-2.6112957669999446,40.384966803000054],[-2.6017057799999748,40.38095214500004],[-2.5880484239999646,40.387282689000074],[-2.580858884999941,40.38201356600007],[-2.583024190999936,40.374787113000025],[-2.602431468999953,40.35580127000003],[-2.6094783139999436,40.34282514000006],[-2.6221297929999423,40.32915529100006],[-2.633887364999964,40.31226490300003],[-2.635650048999935,40.308396522000066],[-2.6362905679999358,40.29217297400004],[-2.6618531299999404,40.29526862600005],[-2.6802370649999716,40.304041819000076],[-2.6976803039999595,40.29792635700005],[-2.7032785479999575,40.29315692900008],[-2.706834565999941,40.28709376100005],[-2.7215758689999348,40.28699494700004],[-2.721867397999972,40.29047320800004],[-2.7189060279999353,40.295295010000075],[-2.718820705999974,40.30446617700005],[-2.7239569059999553,40.31459584400005],[-2.7328416489999654,40.32376098000003],[-2.7225848449999717,40.32768290300004],[-2.7141329659999656,40.33875263900006],[-2.710131910999962,40.341040031000034],[-2.713817596999945,40.35200430900005],[-2.710484884999971,40.35477984800008],[-2.7055224339999313,40.36391159100003],[-2.7030141379999577,40.38515763200007],[-2.704058353999926,40.39952980700008],[-2.7135328289999734,40.410571763000064],[-2.7119865329999584,40.41386524300003],[-2.7179497499999457,40.41686194300007],[-2.7182578729999705,40.41927712300003],[-2.7050937959999715,40.41600103800005],[-2.6923471119999363,40.396490225000036]],[[-2.6389454979999414,40.34872137900004],[-2.6456113959999357,40.34597375100003],[-2.6455555479999475,40.34396198400003],[-2.6421537479999415,40.344581205000054],[-2.6440699319999794,40.342908254000065],[-2.6420508469999504,40.342191514000035],[-2.642202104999967,40.34077589000003],[-2.6334751229999256,40.34471543700005],[-2.6358664399999725,40.34617286400004],[-2.63482787199996,40.34733836400005],[-2.6389454979999414,40.34872137900004]]]}},{"type":"Feature","properties":{"ClaseSuelo":"SUELO URBANIZABLE DELIMITADO O SECTORIZADO","NuclRural":"0","AreaLamber":10.60277381,"Shape_STAr":0.0000112472020304},"geometry":{"type":"MultiPolygon","coordinates":[[[[-2.6450606339999467,40.344517462000056],[-2.6450277859999574,40.34690795000006],[-2.6440770319999274,40.34622574400004],[-2.6450606339999467,40.344517462000056]]],[[[-2.640220898999928,40.34223656100005],[-2.6396575429999416,40.34184156600003],[-2.6417731679999292,40.34126648700004],[-2.640220898999928,40.34223656100005]]],[[[-2.636013658999957,40.344304204000025],[-2.6352873969999564,40.34377293500006],[-2.6377631359999327,40.34300738500008],[-2.636013658999957,40.344304204000025]]],[[[-2.642720886999939,40.34362553300008],[-2.6423358049999592,40.34226676700007],[-2.6437154329999544,40.34215713200007],[-2.6420817999999713,40.34459986100006],[-2.642720886999939,40.34362553300008]]],[[[-2.6426101159999575,40.344339113000046],[-2.6438827519999677,40.34385573900005],[-2.642263410999931,40.34471038300006],[-2.6426101159999575,40.344339113000046]]],[[[-2.6335493319999728,40.34489038000004],[-2.634694723999928,40.344645067000044],[-2.633790860999966,40.34518139700003],[-2.6335493319999728,40.34489038000004]]],[[[-2.643202535999933,40.347068240000056],[-2.643133106999926,40.34644494400004],[-2.643760502999953,40.34689261200003],[-2.643202535999933,40.347068240000056]]],[[[-2.640902836999942,40.34632882100004],[-2.6425148639999634,40.346185320000075],[-2.640151732999925,40.347300663000055],[-2.640902836999942,40.34632882100004]]],[[[-2.6348215569999525,40.34726160800005],[-2.6347528669999747,40.346426792000045],[-2.6368028919999347,40.347104467000065],[-2.6348215569999525,40.34726160800005]]],[[[-2.6370347209999636,40.34763612100005],[-2.638113014999931,40.34740988900006],[-2.636775373999967,40.34816262900006],[-2.6370347209999636,40.34763612100005]]]]}},{"type":"Feature","properties":{"ClaseSuelo":"SUELO URBANO","NuclRural":"0","AreaLamber":37.17872487,"Shape_STAr":0.0000394384762961},"geometry":{"type":"Polygon","coordinates":[[[-2.638588137999932,40.348657564000064],[-2.633705647999932,40.34484760400005],[-2.6375482209999745,40.344182260000025],[-2.642202104999967,40.34077589000003],[-2.6419387729999357,40.34442922300008],[-2.6450292269999522,40.344179706000034],[-2.6452842019999707,40.34594665000003],[-2.6417800519999446,40.345830241000044],[-2.638588137999932,40.348657564000064]]]}},{"type":"Feature","properties":{"ClaseSuelo":"SUELO NO URBANIZABLE","NuclRural":"0","AreaLamber":3056.56003548,"Shape_STAr":0.00320085451891},"geometry":{"type":"Polygon","coordinates":[[[-1.6402282419999779,39.49474320100006],[-1.6277159499999243,39.49481695400004],[-1.6241665039999589,39.491297117000045],[-1.6226732329999436,39.491540730000054],[-1.6226667309999243,39.490139586000055],[-1.6183720339999468,39.48981833100004],[-1.6143351649999431,39.485445457000026],[-1.6089823469999374,39.486052795000035],[-1.6049541609999665,39.48412143300004],[-1.6023047429999338,39.482044331000054],[-1.6026280539999789,39.48023268800006],[-1.5990852219999283,39.47937915400007],[-1.599668734999966,39.47724178500005],[-1.595176796999965,39.46954255900005],[-1.5895389529999306,39.46787503100006],[-1.587416229999974,39.45999698300005],[-1.5825397299999509,39.457085963000054],[-1.5822662349999632,39.45155494200003],[-1.5787551699999653,39.451615709000066],[-1.5680091269999252,39.44687073500006],[-1.5689235659999667,39.44421050100004],[-1.5654546929999356,39.442622537000034],[-1.5787919199999578,39.44077252000005],[-1.576643780999973,39.44304832600005],[-1.5773550399999294,39.44464280300008],[-1.5848831869999458,39.44571673100006],[-1.589492102999941,39.44400222400003],[-1.5950617339999553,39.444812961000025],[-1.6126367089999576,39.45224551800004],[-1.6345480829999701,39.451238871000044],[-1.6434162099999412,39.45360417300003],[-1.6609036719999608,39.46231238900003],[-1.6804087729999537,39.46783328600003],[-1.679284551999956,39.46888372600006],[-1.6808473949999438,39.47269023800004],[-1.6873298149999414,39.479584282000076],[-1.682753246999937,39.49267383500006],[-1.672061221999968,39.48988522600007],[-1.6402282419999779,39.49474320100006]],[[-1.6229224139999587,39.47672009100006],[-1.6236447719999774,39.475217411000074],[-1.626507862999972,39.476382372000046],[-1.6265975449999246,39.47460697300005],[-1.629154243999949,39.47522590800003],[-1.629921766999928,39.46744978100003],[-1.6315640869999584,39.46579605900007],[-1.6296987539999463,39.46495246600006],[-1.6278315829999315,39.46766619400006],[-1.626376028999971,39.467059504000076],[-1.6210978849999265,39.46980293100006],[-1.6201119559999597,39.47473457800004],[-1.6208752599999343,39.47660344900004],[-1.6229224139999587,39.47672009100006]],[[-1.6067251519999672,39.452404615000034],[-1.6020979849999435,39.44899733500006],[-1.5942670569999677,39.44658736200006],[-1.5876676189999444,39.447669724000036],[-1.5859873119999293,39.449730643000066],[-1.5964546679999785,39.45338938000003],[-1.5994321929999273,39.452118806000044],[-1.6051168269999607,39.45357467400004],[-1.6067251519999672,39.452404615000034]]]}},{"type":"Feature","properties":{"ClaseSuelo":"SUELO URBANIZABLE DELIMITADO O SECTORIZADO","NuclRural":"0","AreaLamber":31.02250318,"Shape_STAr":0.0000324869405436},"geometry":{"type":"MultiPolygon","coordinates":[[[[-1.62748638599993,39.473595627000066],[-1.6293235129999744,39.47173217100004],[-1.6291510109999763,39.469715671000074],[-1.6275316799999473,39.46934723800007],[-1.6294981879999568,39.46705790900006],[-1.6271966979999775,39.46734044500005],[-1.6296987539999463,39.46495246600006],[-1.6317167099999779,39.46598082200006],[-1.629921766999928,39.46744978100003],[-1.629154243999949,39.47522590800003],[-1.6270179649999363,39.47469195300005],[-1.62748638599993,39.473595627000066]]],[[[-1.6208752599999343,39.47660344900004],[-1.6198733419999485,39.47182873000003],[-1.6210978849999265,39.46980293100006],[-1.6275857279999286,39.46750240000006],[-1.6222635289999516,39.47006333300004],[-1.6206933729999378,39.47509726900006],[-1.6242937369999595,39.47522151600003],[-1.6208752599999343,39.47660344900004]]]]}},{"type":"Feature","properties":{"ClaseSuelo":"SUELO URBANO","NuclRural":"0","AreaLamber":42.05154304,"Shape_STAr":0.0000440371863324},"geometry":{"type":"Polygon","coordinates":[[[-1.6259580899999264,39.47564083200007],[-1.62278177099995,39.47448254200003],[-1.6208947039999657,39.47559238400004],[-1.6209662569999637,39.472090801000036],[-1.6237988099999257,39.46879875600007],[-1.624697615999935,39.46965749900005],[-1.6289511169999287,39.46662382900007],[-1.6275246359999755,39.469964498000024],[-1.6291510109999763,39.469715671000074],[-1.6293235129999744,39.47173217100004],[-1.627240257999972,39.47284181400005],[-1.626776495999934,39.47628398900008],[-1.6259580899999264,39.47564083200007]]]}},{"type":"Feature","properties":{"ClaseSuelo":"SUELO NO URBANIZABLE","NuclRural":"0","AreaLamber":15413.9345836,"Shape_STAr":0.0161329852508},"geometry":{"type":"MultiPolygon","coordinates":[[[[-1.8791559879999795,39.44924556500007],[-1.8585737889999336,39.43639842300007],[-1.8351350829999546,39.43231868200007],[-1.8381785259999788,39.431664339000065],[-1.8413285249999376,39.428082639000024],[-1.847076053999956,39.39164800700007],[-1.8611790829999677,39.37273909600003],[-1.9046626979999246,39.36634471200006],[-1.9300943239999242,39.374068976000046],[-1.9385641009999404,39.379003141000055],[-1.9680755299999646,39.37441209700006],[-1.975714226999969,39.37572752700004],[-1.9786362699999245,39.37309065000005],[-1.988161555999966,39.37029055000005],[-1.9946346049999306,39.394061985000064],[-1.9996558899999286,39.399430419000055],[-2.002851294999971,39.40827902800004],[-2.017657300999929,39.41430680900004],[-2.0664192659999685,39.411905999000055],[-2.093486337999934,39.41442210100007],[-2.091410332999942,39.418302924000045],[-2.0960832849999633,39.42217323400007],[-2.0955092799999306,39.42568283600008],[-2.0874064859999635,39.436463607000064],[-2.0872777519999772,39.44342762500003],[-2.0845365319999587,39.44953318700004],[-2.071443065999972,39.449952058000065],[-2.0710353759999407,39.438658771000064],[-2.0742227429999502,39.42436666400005],[-2.051932158999932,39.42149307400007],[-2.0418484109999326,39.42148256100006],[-2.03828440999996,39.42383190000004],[-2.0341383809999343,39.422040534000075],[-2.0310652329999357,39.423321489000045],[-2.0141246889999707,39.42098965500003],[-2.010934190999933,39.444497625000054],[-2.014034224999932,39.461166107000054],[-2.017070943999954,39.46922004100003],[-1.9981199509999783,39.47987069900006],[-1.9794689409999364,39.48313241000005],[-1.9498878479999462,39.491663035000045],[-1.9437659619999295,39.47970498800004],[-1.9252622459999316,39.46795718100003],[-1.894196764999947,39.458628574000045],[-1.8791559879999795,39.44924556500007]],[[-1.939522439999962,39.445869205000065],[-1.9427932849999365,39.443993970000065],[-1.9432812209999497,39.44153522800008],[-1.9380265889999464,39.44151412200006],[-1.93986745899997,39.443489277000026],[-1.939522439999962,39.445869205000065]],[[-1.950719817999925,39.44203326600007],[-1.9508906099999308,39.44208978700004],[-1.9480607369999348,39.440364068000065],[-1.950719817999925,39.44203326600007]],[[-1.9429908159999627,39.44102801300005],[-1.9453288619999398,39.438392548000024],[-1.9472130749999792,39.44059751700007],[-1.9482328089999328,39.44009572200008],[-1.9471802429999343,39.43909322600007],[-1.9529686169999536,39.44271393100007],[-1.9572482799999307,39.44279813600008],[-1.9596990579999556,39.43896826300005],[-1.9614273839999328,39.439725225000075],[-1.9598766399999477,39.43980148800006],[-1.9589424019999342,39.44220067600003],[-1.9611861559999397,39.44304396000007],[-1.9615293039999528,39.44587240000004],[-1.9636873199999627,39.44312575600003],[-1.9638111229999708,39.440037535000044],[-1.9619825499999592,39.43969137200003],[-1.9646229629999539,39.43846547100003],[-1.9525562519999653,39.43459952100005],[-1.950867111999969,39.437164144000064],[-1.94324480399996,39.437903808000044],[-1.9406405799999789,39.44010578500007],[-1.940768377999973,39.441273901000045],[-1.9429908159999627,39.44102801300005]],[[-1.9583761989999289,39.44501451000008],[-1.9569142039999292,39.443649278000066],[-1.9553003249999392,39.443822847000035],[-1.9583761989999289,39.44501451000008]],[[-1.9549775409999484,39.443627786000036],[-1.9558539149999774,39.44330759600007],[-1.9541808599999513,39.44330408700006],[-1.9549775409999484,39.443627786000036]],[[-1.9356422329999532,39.42216994000006],[-1.9290180899999427,39.41512497600007],[-1.926219840999977,39.41666994500008],[-1.9329994849999252,39.42376419900006],[-1.9356422329999532,39.42216994000006]],[[-1.8459871419999558,39.40156422100006],[-1.8488326769999617,39.39989387400004],[-1.8452746819999675,39.39927713600008],[-1.8459871419999558,39.40156422100006]],[[-1.9293518879999283,39.38045688100004],[-1.9323534839999752,39.37901758100003],[-1.9305125269999621,39.377723211000045],[-1.9313068699999576,39.375428783000075],[-1.929075313999931,39.375674966000076],[-1.9240976569999475,39.387404977000074],[-1.9260291549999806,39.387992842000074],[-1.9293518879999283,39.38045688100004]]],[[[-1.9432890189999625,39.43997236800004],[-1.943349201999979,39.43989167700005],[-1.943369726999947,39.43990071600007],[-1.9432890189999625,39.43997236800004]]],[[[-1.959544593999965,39.44203480500005],[-1.9598672409999267,39.44194593200007],[-1.959818448999954,39.44211410300005],[-1.959544593999965,39.44203480500005]]]]}},{"type":"Feature","properties":{"ClaseSuelo":"SUELO URBANIZABLE DELIMITADO O SECTORIZADO","NuclRural":"0","AreaLamber":112.28040273,"Shape_STAr":0.000117513271937},"geometry":{"type":"MultiPolygon","coordinates":[[[[-1.95918349599998,39.44262521400003],[-1.9614273839999328,39.439725225000075],[-1.9523055289999434,39.43471312600008],[-1.9645651529999668,39.43832072500004],[-1.9619825499999592,39.43969137200003],[-1.9638111229999708,39.440037535000044],[-1.9628546969999547,39.445173159000035],[-1.9612217179999334,39.445811029000026],[-1.9611861559999397,39.44304396000007],[-1.95918349599998,39.44262521400003]]],[[[-1.9274836379999556,39.37949949000006],[-1.929075313999931,39.375674966000076],[-1.9313068699999576,39.375428783000075],[-1.9305125269999621,39.377723211000045],[-1.9323534839999752,39.37901758100003],[-1.929818030999968,39.379244253000024],[-1.9260291549999806,39.387992842000074],[-1.9240976569999475,39.387404977000074],[-1.9274836379999556,39.37949949000006]]],[[[-1.9285921529999541,39.41536014400003],[-1.9356422329999532,39.42216994000006],[-1.9329994849999252,39.42376419900006],[-1.9300600789999294,39.421431994000045],[-1.926219840999977,39.41666994500008],[-1.9285921529999541,39.41536014400003]]],[[[-1.9425478489999364,39.43989281100005],[-1.9448761139999533,39.43759194300003],[-1.9461239439999645,39.43858238400003],[-1.95172933799995,39.43598342200005],[-1.9481412199999681,39.43925042500007],[-1.9453288619999398,39.438392548000024],[-1.9410008559999596,39.44126902800008],[-1.9425478489999364,39.43989281100005]]],[[[-1.9424814829999377,39.44139474100007],[-1.9427932849999365,39.443993970000065],[-1.939320994999946,39.44577081600005],[-1.9405219869999542,39.44173581000007],[-1.9424814829999377,39.44139474100007]]]]}},{"type":"Feature","properties":{"ClaseSuelo":"SUELO URBANO","NuclRural":"0","AreaLamber":77.51900985,"Shape_STAr":0.000081151452338},"geometry":{"type":"MultiPolygon","coordinates":[[[[-1.9570044629999757,39.445123402000036],[-1.9569142039999292,39.443649278000066],[-1.9533139259999643,39.44394635100008],[-1.9482411989999378,39.44081857100008],[-1.943045427999948,39.44029896400008],[-1.9482328089999328,39.44009572200008],[-1.9469220739999287,39.439266856000074],[-1.9507221329999425,39.43791022900007],[-1.9519059779999566,39.43550710200003],[-1.9547260239999673,39.43753319000007],[-1.9559596349999424,39.43657168400006],[-1.9614273839999328,39.439725225000075],[-1.95904922699998,39.44168692100004],[-1.9611861559999397,39.44304396000007],[-1.960560568999938,39.44530201500004],[-1.9570044629999757,39.445123402000036]],[[-1.9593912229999546,39.439737240000056],[-1.9590652869999303,39.43973069700007],[-1.9591884749999622,39.44040273000007],[-1.9593912229999546,39.439737240000056]]],[[[-1.8459871419999558,39.40156422100006],[-1.8448658279999677,39.40079299400003],[-1.8458061229999316,39.39860242900005],[-1.8488326769999617,39.39989387400004],[-1.8459871419999558,39.40156422100006]]]]}},{"type":"Feature","properties":{"ClaseSuelo":"SUELO URBANO NO CONSOLIDADO","NuclRural":"0","AreaLamber":11.55629532,"Shape_STAr":0.0000120982471561},"geometry":{"type":"MultiPolygon","coordinates":[[[[-1.9405910649999782,39.440289378000045],[-1.9448761139999533,39.43759194300003],[-1.9410008559999596,39.44126902800008],[-1.9405910649999782,39.440289378000045]]],[[[-1.9528508419999753,39.43683456000008],[-1.9530710329999579,39.435954363000064],[-1.9559596349999424,39.43657168400006],[-1.9547260239999673,39.43753319000007],[-1.9528508419999753,39.43683456000008]]],[[[-1.9590575549999585,39.439775507000036],[-1.9595152679999615,39.43973973000004],[-1.9592419019999738,39.44040749900006],[-1.9590575549999585,39.439775507000036]]],[[[-1.946428902999969,39.43909056000007],[-1.9482328089999328,39.44009572200008],[-1.9472130749999792,39.44059751700007],[-1.946428902999969,39.43909056000007]]],[[[-1.9391906949999793,39.443471087000034],[-1.9380265889999464,39.44151412200006],[-1.9407090849999804,39.44155304700007],[-1.9391906949999793,39.443471087000034]]],[[[-1.9559047409999266,39.44411606500006],[-1.9557644869999535,39.443387735000044],[-1.9575549259999434,39.44409880100005],[-1.9559047409999266,39.44411606500006]]]]}},{"type":"Feature","properties":{"ClaseSuelo":"SUELO NO URBANIZABLE","NuclRural":"0","AreaLamber":6897.56661676,"Shape_STAr":0.00728089559505},"geometry":{"type":"Polygon","coordinates":[[[-1.4758202599999777,40.07264083800004],[-1.457594882999956,40.06252144100006],[-1.455495462999977,40.05891685800003],[-1.4620615379999435,40.04222030100004],[-1.4653581999999687,40.038957692000054],[-1.4646990399999709,40.03594892600006],[-1.4669412229999352,40.03474438000006],[-1.4717545319999772,40.020222225000055],[-1.4703735399999687,40.01333003000008],[-1.4681781959999398,40.010382062000076],[-1.4692714769999498,40.00340541600008],[-1.4712050959999488,40.000460677000035],[-1.4817298229999665,40.00791008900006],[-1.4711829219999686,39.99964680900007],[-1.4825988919999418,39.98244521400005],[-1.4900306849999652,39.982136884000056],[-1.520839781999939,40.00182297900005],[-1.5244846089999555,40.00681551100007],[-1.52659525699994,40.00666219000004],[-1.5279318159999775,40.008490032000054],[-1.531355228999928,40.00520458400007],[-1.533529117999933,40.00866012500006],[-1.5368006249999553,40.003390565000075],[-1.539935972999956,40.00348868400005],[-1.5418870379999703,40.00085103300006],[-1.5428536069999268,40.00229115700006],[-1.5571339519999583,40.00563213600003],[-1.5626692209999646,40.00369188700006],[-1.5775882469999374,40.003984143000025],[-1.5851314329999582,40.008590156000025],[-1.5822718329999361,40.01372649700005],[-1.5829576189999557,40.01625747600008],[-1.5698848869999438,40.03234041800005],[-1.5679242919999297,40.04201909100004],[-1.568967645999976,40.04817624900005],[-1.5492688269999348,40.05170599000007],[-1.5477390329999707,40.05363279200003],[-1.540221262999978,40.056240993000074],[-1.5396040989999733,40.05029278300003],[-1.5402207089999251,40.056241198000066],[-1.526410202999955,40.064129266000066],[-1.5249838439999621,40.06284982600005],[-1.5208442029999674,40.06613039800004],[-1.5178770949999603,40.07210154100005],[-1.515966548999927,40.07205905300003],[-1.5172745089999466,40.07393168500005],[-1.4949750219999487,40.076878270000066],[-1.4758202599999777,40.07264083800004]],[[-1.4935149369999294,40.016483134000055],[-1.4935096039999394,40.01648491200007],[-1.4935093839999354,40.01648500400006],[-1.4935149369999294,40.016483134000055]],[[-1.5080347869999287,40.028222354000036],[-1.508035346999975,40.02822216000004],[-1.5080324399999654,40.02822283300003],[-1.5080347869999287,40.028222354000036]],[[-1.4975136929999735,40.039152080000065],[-1.4975134629999616,40.03915132100008],[-1.4975129179999271,40.039151556000036],[-1.4975131469999496,40.039152313000045],[-1.4975136929999735,40.039152080000065]],[[-1.5007501149999598,40.02823826200006],[-1.500718377999931,40.02824893700006],[-1.5007418199999734,40.028241096000045],[-1.5007501149999598,40.02823826200006]],[[-1.523219044999962,40.01889185500005],[-1.523219595999933,40.01889164500005],[-1.523185491999925,40.01890320200005],[-1.523219044999962,40.01889185500005]],[[-1.532628324999962,40.02016361900007],[-1.5326139179999245,40.02016715800005],[-1.5326139619999708,40.02016721600006],[-1.5326282599999672,40.020163704000026],[-1.532628324999962,40.02016361900007]],[[-1.4996317769999337,40.02665093500008],[-1.4996148659999449,40.02665787400008],[-1.499593488999949,40.02666724900007],[-1.4996317769999337,40.02665093500008]],[[-1.492559038999957,40.014834059000066],[-1.4925672049999434,40.014830765000056],[-1.4925190879999377,40.01485076500006],[-1.492559038999957,40.014834059000066]],[[-1.492141991999972,40.01701803100008],[-1.4922423239999603,40.01698382700005],[-1.4920905949999792,40.01703568100004],[-1.492141991999972,40.01701803100008]],[[-1.49240545899994,40.022762198000066],[-1.49242180899995,40.02275546800007],[-1.4923730369999362,40.02277644800006],[-1.49240545899994,40.022762198000066]],[[-1.537934302999929,40.01159807300007],[-1.5379139429999782,40.01160432900008],[-1.5379718119999666,40.01158577000007],[-1.537934302999929,40.01159807300007]],[[-1.4950694819999626,40.03124660800006],[-1.4950695139999652,40.03124657300003],[-1.4950072739999314,40.031266825000046],[-1.4950694819999626,40.03124660800006]],[[-1.5189099259999352,40.03603215100003],[-1.5188579709999317,40.03604895700005],[-1.5189093789999788,40.036032367000075],[-1.5189099259999352,40.03603215100003]],[[-1.541077988999973,40.047559282000066],[-1.5410809909999443,40.04755794400006],[-1.5410536979999279,40.04757167900004],[-1.541077988999973,40.047559282000066]],[[-1.4998624759999757,40.02851899700005],[-1.4997899419999499,40.028542437000056],[-1.499886407999952,40.02851083100006],[-1.4998624759999757,40.02851899700005]],[[-1.542180908999967,40.04492408300007],[-1.5421849379999344,40.044922143000065],[-1.5421627589999503,40.044934570000066],[-1.542180908999967,40.04492408300007]],[[-1.492432077999979,40.014884239000025],[-1.492448870999965,40.014877322000075],[-1.492355689999954,40.01491637100003],[-1.492432077999979,40.014884239000025]],[[-1.5030929549999428,40.00917183000007],[-1.5030909739999743,40.00916733500003],[-1.5030902889999425,40.009167244000025],[-1.5030922679999321,40.00917173400006],[-1.5030929549999428,40.00917183000007]],[[-1.5017284079999627,40.009364910000045],[-1.501744753999958,40.00935817900006],[-1.5016510309999376,40.009399503000054],[-1.5017284079999627,40.009364910000045]],[[-1.4910937879999437,40.017387142000075],[-1.4911182699999586,40.017378773000075],[-1.4909643779999442,40.01742854400004],[-1.4910937879999437,40.017387142000075]],[[-1.5241635089999477,40.02925336800007],[-1.5240719769999487,40.02928034700005],[-1.5241302299999688,40.02926480900004],[-1.5241635089999477,40.02925336800007]],[[-1.5235701269999709,40.02565597100005],[-1.5235695689999602,40.02565617000005],[-1.5234591229999523,40.02570489800007],[-1.5235701269999709,40.02565597100005]],[[-1.5012599649999743,40.00952758300008],[-1.5012267259999703,40.009541762000026],[-1.5011565279999672,40.00957506300006],[-1.5012599649999743,40.00952758300008]],[[-1.4942226859999437,40.03352832000007],[-1.4941545569999448,40.03354298600004],[-1.494154579999929,40.03354306600005],[-1.4942226859999437,40.03352832000007]],[[-1.4970543529999532,40.052714888000025],[-1.497070722999979,40.05270815200004],[-1.4969255589999761,40.05277289300005],[-1.4970543529999532,40.052714888000025]],[[-1.489664611999956,40.03544738900007],[-1.489680979999946,40.03544065600005],[-1.4895624009999437,40.03549662700004],[-1.489664611999956,40.03544738900007]],[[-1.5254835259999595,40.03205791800008],[-1.525497578999932,40.03205222500003],[-1.5252289459999702,40.03216426700004],[-1.5254835259999595,40.03205791800008]],[[-1.4884462759999337,40.03781463400003],[-1.4888217769999414,40.03766220700004],[-1.4884461659999602,40.03781465800006],[-1.4884462759999337,40.03781463400003]],[[-1.4988973539999506,40.026869816000044],[-1.4988515579999557,40.026891299000056],[-1.4990559119999602,40.02680243400005],[-1.4988973539999506,40.026869816000044]],[[-1.4938082039999472,40.01638273200007],[-1.4938433779999514,40.016371021000054],[-1.493656782999949,40.01642583700004],[-1.4938082039999472,40.01638273200007]],[[-1.523820088999969,40.03812464400005],[-1.5238828709999552,40.03809514300008],[-1.523788561999936,40.038143889000025],[-1.523820088999969,40.03812464400005]],[[-1.533909039999969,40.03198429100007],[-1.5339375939999513,40.03197461700006],[-1.5336452549999535,40.03206744100004],[-1.533909039999969,40.03198429100007]],[[-1.4898032509999553,40.02343281000003],[-1.4898898899999722,40.02339811500008],[-1.4896417299999598,40.02350728600004],[-1.4898032509999553,40.02343281000003]],[[-1.491533239999967,40.01517074700007],[-1.491481098999941,40.01519807400007],[-1.4916528159999416,40.01511653700004],[-1.491533239999967,40.01517074700007]],[[-1.5320827369999392,40.04472650200006],[-1.5320152339999709,40.04476952600004],[-1.5320152839999537,40.04476964300005],[-1.5320827369999392,40.04472650200006]],[[-1.4908797099999447,40.015492325000025],[-1.49067615499996,40.01558096700006],[-1.491012970999975,40.01543521000008],[-1.4908797099999447,40.015492325000025]],[[-1.4736078819999534,40.002696971000034],[-1.4736077379999415,40.002696954000044],[-1.4734700099999714,40.002771248000045],[-1.4736078819999534,40.002696971000034]],[[-1.4957205149999595,40.02522014700003],[-1.495720581999933,40.02522007500005],[-1.4954714069999682,40.02528829600004],[-1.4957205149999595,40.02522014700003]],[[-1.537492853999936,40.03453414100005],[-1.5375092099999392,40.03452740400007],[-1.5373213729999406,40.03462353900005],[-1.537492853999936,40.03453414100005]],[[-1.5318866839999714,40.01105939300004],[-1.5318073279999567,40.01106950500008],[-1.5319570109999745,40.011042813000074],[-1.5318866839999714,40.01105939300004]],[[-1.4910460589999275,40.01979565900007],[-1.491108836999956,40.01976617500003],[-1.490971351999974,40.01984437700003],[-1.4910460589999275,40.01979565900007]],[[-1.5424404059999688,40.04490692500008],[-1.542440959999965,40.04490672000003],[-1.5422119039999416,40.04496252300004],[-1.5424404059999688,40.04490692500008]],[[-1.50266179099998,40.05124361000003],[-1.5025662069999726,40.05130832700007],[-1.502666119999958,40.05124181800005],[-1.50266179099998,40.05124361000003]],[[-1.490320919999931,40.03517086800008],[-1.4902298049999558,40.035171680000076],[-1.4902298109999492,40.035171880000064],[-1.490320919999931,40.03517086800008]],[[-1.5678125789999626,40.008939541000075],[-1.56781301999996,40.00893935900007],[-1.5676120589999414,40.00897970900007],[-1.5678125789999626,40.008939541000075]],[[-1.4914336779999644,40.01729464700003],[-1.4914937769999597,40.01727490800005],[-1.49115179599994,40.01736663600008],[-1.4914336779999644,40.01729464700003]],[[-1.4800140919999762,40.00783201100006],[-1.4800138059999313,40.00783173700006],[-1.479988781999964,40.00787660800006],[-1.4800140919999762,40.00783201100006]],[[-1.4895027369999525,40.005365717000075],[-1.489503119999938,40.00536555900004],[-1.4891077519999385,40.005472713000074],[-1.4895027369999525,40.005365717000075]],[[-1.5015690619999305,40.04844901600006],[-1.5015854239999271,40.04844228200005],[-1.5013042709999809,40.04858933300005],[-1.5015690619999305,40.04844901600006]],[[-1.482840653999972,40.01006455800007],[-1.482840825999972,40.010064474000046],[-1.4820173069999782,40.01032417600004],[-1.482840653999972,40.01006455800007]],[[-1.5416551289999347,40.006299081000066],[-1.5421718449999275,40.00613102500006],[-1.541020165999953,40.006510769000045],[-1.5416551289999347,40.006299081000066]],[[-1.4781938919999789,40.00292395300005],[-1.4778761279999344,40.00299466900003],[-1.478188887999977,40.00292547400005],[-1.4781938919999789,40.00292395300005]],[[-1.5037975109999593,40.02349064800006],[-1.503819673999942,40.02348165300003],[-1.5034670269999424,40.02366048300007],[-1.5037975109999593,40.02349064800006]],[[-1.5387706919999573,40.00844563100003],[-1.5386812539999255,40.00842931400007],[-1.538681037999936,40.00842958000004],[-1.5387703619999797,40.00844587700004],[-1.5387706919999573,40.00844563100003]],[[-1.538715065999952,40.05665122400006],[-1.5387181539999801,40.056649839000045],[-1.538536014999977,40.056768860000034],[-1.538715065999952,40.05665122400006]],[[-1.5238866899999266,40.02555634500004],[-1.5239042609999274,40.025554526000064],[-1.523793702999967,40.02554369000006],[-1.5238866899999266,40.02555634500004]],[[-1.4776708329999337,40.003067645000044],[-1.477850071999967,40.00295377500004],[-1.4776429639999265,40.00308299900007],[-1.4776708329999337,40.003067645000044]],[[-1.4979175249999344,40.00841862800007],[-1.4979070289999754,40.008425620000025],[-1.4983176509999794,40.00821997400004],[-1.4979175249999344,40.00841862800007]],[[-1.4882438719999413,40.02684327900005],[-1.488350546999925,40.026748792000035],[-1.488243845999932,40.026843014000065],[-1.4882438719999413,40.02684327900005]],[[-1.4933285489999548,40.016555777000065],[-1.4930587539999465,40.016642184000034],[-1.4927803859999358,40.01670209400004],[-1.4930581999999504,40.01664238800004],[-1.4933285489999548,40.016555777000065]],[[-1.4895117849999338,40.02615669800008],[-1.4892743459999451,40.026184441000055],[-1.4893683849999775,40.026183110000034],[-1.4895117849999338,40.02615669800008]],[[-1.5065562129999535,40.02332873300003],[-1.5063956849999727,40.02340551700007],[-1.5062507809999488,40.02350252600007],[-1.5065562129999535,40.02332873300003]],[[-1.4946319629999607,40.03138880300003],[-1.4949234489999412,40.03130816000004],[-1.4943436959999303,40.03145860700005],[-1.4946319629999607,40.03138880300003]],[[-1.5000798479999276,40.028432096000074],[-1.50006295299994,40.02843442400007],[-1.5005288249999467,40.028327114000035],[-1.5000798479999276,40.028432096000074]],[[-1.5711037369999303,40.00951032300003],[-1.5708522449999691,40.00966811100005],[-1.57085245199994,40.009668125000076],[-1.5711037369999303,40.00951032300003]],[[-1.4901009679999788,40.035242760000074],[-1.4901637609999625,40.03521327800007],[-1.4899515849999716,40.03535976400008],[-1.4901009679999788,40.035242760000074]],[[-1.500056185999938,40.00758630400003],[-1.4994956409999531,40.00772553300004],[-1.4997381389999305,40.007671575000074],[-1.500056185999938,40.00758630400003]],[[-1.5018523139999616,40.01182029300003],[-1.5018874879999657,40.011808581000025],[-1.5014386099999797,40.01189920500008],[-1.5018523139999616,40.01182029300003]],[[-1.5471297109999682,40.008005162000075],[-1.5471292769999536,40.00800522700007],[-1.5470325969999408,40.00811683100005],[-1.5470329909999805,40.008116811000036],[-1.5471297109999682,40.008005162000075]],[[-1.5145799479999482,40.04073538200004],[-1.5142843709999738,40.04076519500006],[-1.5144977369999424,40.04075046500003],[-1.5145799479999482,40.04073538200004]],[[-1.556914292999977,40.00847939500005],[-1.5569139279999717,40.00847941500007],[-1.556780225999944,40.00860991400003],[-1.5567805359999625,40.008609947000025],[-1.556914292999977,40.00847939500005]],[[-1.540780634999976,40.006629186000055],[-1.5407809979999456,40.00662900700007],[-1.5403658689999702,40.00668454000004],[-1.540780634999976,40.006629186000055]],[[-1.542026802999942,40.00653200800008],[-1.5417725419999329,40.00666563500005],[-1.5416408259999343,40.00677252300005],[-1.541773095999929,40.006665430000055],[-1.542026802999942,40.00653200800008]],[[-1.5072441509999521,40.02889327100007],[-1.506916667999974,40.02891157000005],[-1.5071013109999285,40.028919511000026],[-1.5072441509999521,40.02889327100007]],[[-1.5415371739999273,40.04751284300005],[-1.5411055439999473,40.04759930200004],[-1.5417670019999719,40.047457724000026],[-1.5415371739999273,40.04751284300005]],[[-1.4903796569999486,40.025463726000055],[-1.4903749619999758,40.02538030800008],[-1.4903300689999242,40.02550224000004],[-1.4903796569999486,40.025463726000055]],[[-1.5253423559999533,40.01791462800003],[-1.5241890839999428,40.01823293600006],[-1.5247628819999477,40.01809141200005],[-1.5253423559999533,40.01791462800003]],[[-1.4778287839999393,40.00601528900006],[-1.4778293379999354,40.00601508400007],[-1.4775188069999672,40.00602074900007],[-1.4778287839999393,40.00601528900006]],[[-1.490942420999943,40.03464149900003],[-1.4906947059999425,40.03462169100004],[-1.4909421269999257,40.03464172500003],[-1.490942420999943,40.03464149900003]],[[-1.4938685789999795,40.00787599900008],[-1.4937903409999649,40.00794393600006],[-1.4942777299999648,40.00763971600003],[-1.4938685789999795,40.00787599900008]],[[-1.4930846899999324,40.01432927600007],[-1.4933851019999338,40.01412611600006],[-1.493632330999958,40.01400982000007],[-1.4933845479999377,40.01412632000006],[-1.4930846899999324,40.01432927600007]],[[-1.514214666999976,40.049225197000055],[-1.514208931999974,40.04918917900005],[-1.5142313799999556,40.04930867200005],[-1.514214666999976,40.049225197000055]],[[-1.4885205929999756,40.037669306000055],[-1.489066495999964,40.037570061000054],[-1.4884227269999428,40.037680658000056],[-1.4885205929999756,40.037669306000055]],[[-1.477119307999942,40.003585376000046],[-1.476695356999926,40.00360853600006],[-1.4768022749999545,40.00360812400004],[-1.477119307999942,40.003585376000046]],[[-1.4875620109999659,40.03482138500004],[-1.4875621569999566,40.03482117500005],[-1.487214033999976,40.034816841000065],[-1.4875620109999659,40.03482138500004]],[[-1.4955271999999695,40.05194951800007],[-1.4953652499999635,40.05200441200003],[-1.4949585169999295,40.05201968100005],[-1.4953646959999674,40.05200461700008],[-1.4955271999999695,40.05194951800007]],[[-1.5384591099999625,40.056848881000064],[-1.5373778669999751,40.05710793900005],[-1.5375329039999315,40.05707289700007],[-1.5384591099999625,40.056848881000064]],[[-1.49555808599996,40.01566672000007],[-1.4955932599999642,40.01565500800007],[-1.4948613129999444,40.01576793400005],[-1.49555808599996,40.01566672000007]],[[-1.5305368059999296,40.02455842900008],[-1.5304158109999548,40.02458641000004],[-1.530291899999952,40.024589553000055],[-1.5297147989999758,40.024698527000055],[-1.5305368059999296,40.02455842900008]],[[-1.504249465999976,40.02544158100005],[-1.5042846469999631,40.02542986900005],[-1.5034453239999266,40.02557066900005],[-1.504249465999976,40.02544158100005]],[[-1.5001854589999652,40.05075423900007],[-1.5002206529999285,40.05074252900005],[-1.4993796139999631,40.05088295100006],[-1.5001854589999652,40.05075423900007]],[[-1.5082610999999702,40.028210984000054],[-1.5081185259999756,40.02832889100006],[-1.508256021999955,40.028107705000025],[-1.5082610999999702,40.028210984000054]],[[-1.4955290829999512,39.999516475000064],[-1.4952897699999426,39.99966079500007],[-1.4952055359999576,39.99980970000007],[-1.4955290829999512,39.999516475000064]],[[-1.495545573999948,40.02168175600008],[-1.4959611159999326,40.021405059000074],[-1.4954703159999667,40.02176600900003],[-1.495545573999948,40.02168175600008]],[[-1.488400507999927,40.001388622000036],[-1.4881614029999355,40.00154090400008],[-1.4878647699999306,40.00176989500005],[-1.488400507999927,40.001388622000036]],[[-1.5227006699999492,40.01861868000003],[-1.5224301159999527,40.01860644000004],[-1.5227001159999531,40.01861888500008],[-1.52240631199993,40.01880854400008],[-1.5227006699999492,40.01861868000003]],[[-1.4912985049999747,40.02061049900004],[-1.491588715999967,40.02058599500003],[-1.4911166159999425,40.02056534900004],[-1.4912985049999747,40.02061049900004]],[[-1.52950562999996,40.02478001900005],[-1.5287909829999649,40.024884704000044],[-1.5281269989999373,40.025091684000074],[-1.5287904289999688,40.02488490800005],[-1.52950562999996,40.02478001900005]],[[-1.5444783669999538,40.02065745800007],[-1.5442079599999374,40.02055450900008],[-1.5442078999999467,40.02055490200007],[-1.544477838999967,40.02065767200003],[-1.5444783669999538,40.02065745800007]],[[-1.472061392999933,40.00015878800008],[-1.4720611159999635,40.00015858800003],[-1.4714952889999608,40.00016135200008],[-1.4714955529999543,40.000161552000066],[-1.472061392999933,40.00015878800008]],[[-1.4942718779999495,40.03332197300006],[-1.4944884119999529,40.03335431900007],[-1.4940905779999412,40.03329258500003],[-1.4942718779999495,40.03332197300006]],[[-1.5365922069999556,40.048485321000044],[-1.5364351799999554,40.04855796000004],[-1.5363824219999742,40.048774700000024],[-1.5365922069999556,40.048485321000044]],[[-1.5429779759999747,40.051730993000035],[-1.5432914499999697,40.05159533300008],[-1.5427109239999481,40.052025779000076],[-1.5429779759999747,40.051730993000035]],[[-1.4905564389999313,40.000026658000024],[-1.490340195999977,40.00017741600004],[-1.4902520089999598,40.00035443000007],[-1.490340749999973,40.00017721200004],[-1.4905564389999313,40.000026658000024]],[[-1.500538436999932,40.03864861300008],[-1.5007865979999337,40.03852126000004],[-1.5003918449999674,40.038884143000075],[-1.500538436999932,40.03864861300008]],[[-1.5209807649999334,40.03409833500007],[-1.5205620659999681,40.03411155600003],[-1.5214083919999553,40.034019224000076],[-1.5209807649999334,40.03409833500007]],[[-1.57466934699994,40.007994014000076],[-1.5741853339999352,40.007996684000034],[-1.5746742899999617,40.00798516200007],[-1.5746010049999768,40.008082659000024],[-1.57466934699994,40.007994014000076]],[[-1.4953299509999738,40.01339917100006],[-1.495002971999952,40.013578851000034],[-1.4947080569999684,40.013871282000025],[-1.4950035259999481,40.01357864600004],[-1.4953299509999738,40.01339917100006]],[[-1.4947251739999388,40.05230361200006],[-1.4946077979999473,40.05221030800004],[-1.4944684469999743,40.05215490900008],[-1.4947251739999388,40.05230361200006]],[[-1.4910356209999804,40.00084667400006],[-1.490746607999938,40.000870779000024],[-1.4904893589999801,40.00079122200003],[-1.490746053999942,40.00087098300003],[-1.4910356209999804,40.00084667400006]],[[-1.5439623099999267,40.03334418500003],[-1.543962975999932,40.03334429200004],[-1.5438793219999525,40.03311420800003],[-1.5439623099999267,40.03334418500003]],[[-1.5188100039999313,40.05708445300007],[-1.5183113349999644,40.05718546800006],[-1.5191635899999483,40.057135354000025],[-1.5188100039999313,40.05708445300007]],[[-1.4969795429999522,40.039349368000046],[-1.4960812799999417,40.03942465200004],[-1.4972549619999427,40.039262370000074],[-1.4969795429999522,40.039349368000046]],[[-1.5312445749999597,40.02397093600007],[-1.5307172039999273,40.024428914000055],[-1.5305114179999464,40.024517735000074],[-1.5307177579999802,40.02442870900006],[-1.5312445749999597,40.02397093600007]],[[-1.4900409649999347,40.02532392900008],[-1.4904139609999447,40.02524062200007],[-1.4895874949999666,40.02534069100005],[-1.4900409649999347,40.02532392900008]],[[-1.502829151999947,40.03847837700005],[-1.5026902939999331,40.03854981000006],[-1.5025752649999617,40.038776047000056],[-1.5023763609999605,40.03892896800005],[-1.502829151999947,40.03847837700005]],[[-1.5440204589999666,40.05362305700004],[-1.5432916069999578,40.05409013700006],[-1.5431027659999472,40.054248363000056],[-1.543292160999954,40.05408993300006],[-1.5440204589999666,40.05362305700004]],[[-1.4956939229999762,40.01561589500005],[-1.4956933359999312,40.01561613800004],[-1.4953456939999796,40.01603449900006],[-1.4953459569999268,40.01603464400006],[-1.4956939229999762,40.01561589500005]],[[-1.4977980339999704,40.01487094000004],[-1.4972338079999759,40.01501114000007],[-1.4965663729999505,40.01503351700006],[-1.4972332539999798,40.01501134500006],[-1.4977980339999704,40.01487094000004]],[[-1.4995325979999734,40.052397357000075],[-1.499664819999964,40.05217762400008],[-1.4994805879999262,40.05218432700008],[-1.4996642649999785,40.052177828000026],[-1.4995325979999734,40.052397357000075]],[[-1.5148893809999322,40.01325043400004],[-1.5142529319999767,40.01324993500003],[-1.5154293419999476,40.01313157800007],[-1.5148893809999322,40.01325043400004]],[[-1.4896604339999726,40.04117165900004],[-1.4895865519999347,40.04091052700005],[-1.489570811999954,40.04088266800005],[-1.4896604339999726,40.04117165900004]],[[-1.4932889299999488,40.000134917000025],[-1.4932883949999791,40.000135053000065],[-1.4931912789999728,40.00049263000005],[-1.4931918069999597,40.000492519000034],[-1.4932889299999488,40.000134917000025]],[[-1.5440813689999686,40.02496688300005],[-1.5431901949999656,40.02496893500006],[-1.5436324729999455,40.02503565300003],[-1.5440813689999686,40.02496688300005]],[[-1.497281361999967,40.027811471000064],[-1.4976664859999573,40.02748563700004],[-1.4985732249999728,40.02699308000007],[-1.4976659319999612,40.02748584100004],[-1.497281361999967,40.027811471000064]],[[-1.4890463219999788,40.03752694900004],[-1.4889294819999463,40.03727575000005],[-1.4887966429999437,40.037263676000066],[-1.4890463219999788,40.03752694900004]],[[-1.5609877279999296,40.00842236600005],[-1.561165477999964,40.008644117000074],[-1.5608546599999613,40.00839800700004],[-1.5609877279999296,40.00842236600005]],[[-1.5465676039999607,40.00849317500007],[-1.5467152289999717,40.00818275900008],[-1.546411667999962,40.00866526000004],[-1.5465676039999607,40.00849317500007]],[[-1.496372201999975,40.05191259000003],[-1.496123091999948,40.05166238900006],[-1.4957751739999594,40.05174582600006],[-1.4961225379999519,40.05166259400005],[-1.496372201999975,40.05191259000003]],[[-1.4942873769999778,40.043562149000024],[-1.4938991429999646,40.04359111700006],[-1.4950609229999259,40.04357220300005],[-1.4942873769999778,40.043562149000024]],[[-1.5001392439999677,40.052170905000025],[-1.4997307229999706,40.052175410000075],[-1.5008362759999727,40.052193283000065],[-1.5001392439999677,40.052170905000025]],[[-1.5020938349999255,40.05033298600006],[-1.5008276769999611,40.05037275300003],[-1.501487213999951,40.05044269500007],[-1.5020938349999255,40.05033298600006]],[[-1.4916923909999582,40.01978324300006],[-1.491672201999961,40.01972038800005],[-1.49153457999995,40.01939982400006],[-1.4916923909999582,40.01978324300006]],[[-1.4767288419999431,40.07230102600005],[-1.4761743629999273,40.07206307700005],[-1.4761746159999802,40.07206362800008],[-1.4767288419999431,40.07230102600005]],[[-1.5081291629999782,40.02838454400006],[-1.5079758589999415,40.02823616500007],[-1.5074977169999784,40.02817175000007],[-1.5081291629999782,40.02838454400006]],[[-1.487379897999972,40.02089948400004],[-1.4891610199999263,40.02043781500004],[-1.4860848859999578,40.02112692500003],[-1.487379897999972,40.02089948400004]],[[-1.4955400829999803,40.01736240900004],[-1.4952901289999545,40.01700518000007],[-1.4952896179999584,40.01700544500005],[-1.4955395249999697,40.01736260800004],[-1.4955400829999803,40.01736240900004]],[[-1.5082158989999357,40.027463676000025],[-1.5082238969999366,40.02700978800004],[-1.508204199999966,40.02719317000003],[-1.5082158989999357,40.027463676000025]],[[-1.481662738999944,39.997094709000066],[-1.4818383269999345,39.99663583300003],[-1.48162427099993,39.997174879000056],[-1.481662738999944,39.997094709000066]],[[-1.4893428489999678,40.038154011000074],[-1.4886636739999517,40.03819230100004],[-1.4893755409999585,40.038089435000074],[-1.4888786009999535,40.03859939700004],[-1.4893428489999678,40.038154011000074]],[[-1.5340191079999386,40.04967037000006],[-1.533817178999925,40.04925657300004],[-1.5338167679999515,40.049257072000046],[-1.5340184419999332,40.04967034500004],[-1.5340191079999386,40.04967037000006]],[[-1.4925671799999805,40.03885152600003],[-1.4923206399999458,40.03877236300008],[-1.4930539529999578,40.03899131900005],[-1.4925671799999805,40.03885152600003]],[[-1.4861596139999733,40.00015450500007],[-1.4861594619999323,40.000154302000055],[-1.4848044049999771,40.000156566000044],[-1.4861596139999733,40.00015450500007]],[[-1.5389788059999319,40.009199513000056],[-1.5386053929999548,40.009459965000076],[-1.5384638519999498,40.009886632000075],[-1.5389788059999319,40.009199513000056]],[[-1.5088948759999425,40.022730713000044],[-1.5096610939999664,40.02214069300004],[-1.5081927429999382,40.02324837100008],[-1.5088948759999425,40.022730713000044]],[[-1.539040775999979,40.04849957500005],[-1.5388094339999725,40.048625075000075],[-1.539041329999975,40.04849937100005],[-1.538301401999945,40.048238569000034],[-1.539040775999979,40.04849957500005]],[[-1.5155482379999512,40.04090998000004],[-1.5149531969999543,40.04068070200003],[-1.5147647479999478,40.04061585100004],[-1.5155482379999512,40.04090998000004]],[[-1.4884166929999765,40.035000215000025],[-1.4878103239999518,40.03473614400008],[-1.4876481579999563,40.034698562000074],[-1.4884166929999765,40.035000215000025]],[[-1.4952854669999738,40.01623561300005],[-1.4952777249999372,40.016228614000056],[-1.4946235039999465,40.01586909100007],[-1.4952854669999738,40.01623561300005]],[[-1.5042225799999756,40.038674951000075],[-1.5036164169999324,40.03874544100006],[-1.5028474709999387,40.03852276200007],[-1.5036158629999363,40.03874564500006],[-1.5042225799999756,40.038674951000075]],[[-1.518638697999961,40.04737066100006],[-1.5188872589999391,40.04699245000006],[-1.5182655969999246,40.047901041000046],[-1.518638697999961,40.04737066100006]],[[-1.570046207999951,40.00879820400007],[-1.5681791309999653,40.00878813500003],[-1.569578346999947,40.00894836400005],[-1.570046207999951,40.00879820400007]],[[-1.5342962089999332,40.02205520100006],[-1.5337750519999531,40.02174183400007],[-1.53419348999995,40.02229895900007],[-1.5342962089999332,40.02205520100006]],[[-1.5452448899999354,40.02034618000005],[-1.5452404239999282,40.02057326800008],[-1.544943266999951,40.02120075100004],[-1.5452409779999243,40.02057306300003],[-1.5452448899999354,40.02034618000005]],[[-1.5056810249999444,40.03949643200008],[-1.5056171319999407,40.03923663300003],[-1.5054667939999717,40.04003918400008],[-1.5056810249999444,40.03949643200008]],[[-1.5386205439999685,40.00841854200007],[-1.5381545069999447,40.008991792000074],[-1.5386210979999646,40.00841833700008],[-1.5379650039999433,40.00831445000006],[-1.5386205439999685,40.00841854200007]],[[-1.546193614999936,40.02515651300007],[-1.5461932009999373,40.02515651600004],[-1.545491297999945,40.026164375000064],[-1.5454917239999304,40.02616435400006],[-1.546193614999936,40.02515651300007]],[[-1.4972147179999524,40.02962593700005],[-1.4984097269999666,40.029475544000036],[-1.4953780349999306,40.02984458200007],[-1.4972147179999524,40.02962593700005]],[[-1.4932898449999357,40.02252430400006],[-1.493391949999932,40.021760561000065],[-1.493268268999941,40.022594248000075],[-1.4932898449999357,40.02252430400006]],[[-1.5333102999999255,40.01538883000006],[-1.5336541049999255,40.014624714000036],[-1.5329141829999458,40.01571151700006],[-1.5333102999999255,40.01538883000006]],[[-1.5278884969999353,40.04549043000003],[-1.5272200619999694,40.04543189200007],[-1.5263684179999473,40.04522113200005],[-1.527219506999927,40.04543209700006],[-1.5278884969999353,40.04549043000003]],[[-1.527499281999951,40.02985761800005],[-1.527454564999971,40.02902773400007],[-1.527498722999951,40.029857735000064],[-1.527499281999951,40.02985761800005]],[[-1.5245459719999417,40.04074314600007],[-1.5244244229999708,40.04039215900008],[-1.5240965249999476,40.04137359500004],[-1.5245459719999417,40.04074314600007]],[[-1.564947158999928,40.008611485000074],[-1.564111923999974,40.00852285700006],[-1.5650762949999262,40.00903770100007],[-1.564947158999928,40.008611485000074]],[[-1.5300432639999713,40.047559043000035],[-1.5302130019999254,40.04659865100007],[-1.5299151929999653,40.04687494900003],[-1.5300432639999713,40.047559043000035]],[[-1.543693153999925,40.00584580000003],[-1.5425881379999282,40.00631012600007],[-1.5439954049999756,40.00483570100005],[-1.543693153999925,40.00584580000003]],[[-1.5166885709999747,40.01374862800003],[-1.517022868999959,40.01422479200005],[-1.516334391999976,40.014708358000064],[-1.517023422999955,40.01422458700006],[-1.5166885709999747,40.01374862800003]],[[-1.4906223969999246,40.02069108100005],[-1.4909126079999737,40.02066657800003],[-1.4902485709999382,40.02052622400004],[-1.4902527489999784,40.01996041700005],[-1.4906223969999246,40.02069108100005]],[[-1.489744848999976,40.03522641200004],[-1.4901712179999436,40.035172411000076],[-1.4887546759999282,40.034784425000055],[-1.489744848999976,40.03522641200004]],[[-1.5070841389999714,40.02523040300008],[-1.5061847669999793,40.02532264000007],[-1.504903388999935,40.02508549700008],[-1.5061842129999263,40.02532284400007],[-1.5070841389999714,40.02523040300008]],[[-1.4825032369999462,39.99587561900006],[-1.4821356739999487,39.99572848400004],[-1.4823245969999448,39.99661815800005],[-1.4825032369999462,39.99587561900006]],[[-1.5079542559999481,40.02929085400007],[-1.5079867599999375,40.02879522600006],[-1.5082638009999414,40.02827515600006],[-1.5079862059999414,40.02879543100005],[-1.5079542559999481,40.02929085400007]],[[-1.4909895359999723,40.02312608200003],[-1.4901375859999462,40.02275651000008],[-1.4904914059999328,40.022317746000056],[-1.4901137069999777,40.02254902900006],[-1.4909895359999723,40.02312608200003]],[[-1.5024042209999493,40.03896886100006],[-1.5019847459999482,40.038988963000065],[-1.5013894919999302,40.03857133500003],[-1.5008085899999628,40.03856379400003],[-1.5024042209999493,40.03896886100006]],[[-1.5403411589999791,40.046470311000064],[-1.539677322999978,40.04633004000004],[-1.5396890219999477,40.04575613000003],[-1.5396344929999373,40.04628394700006],[-1.5403411589999791,40.046470311000064]],[[-1.5029637679999723,40.05140049000005],[-1.5030419759999631,40.051153215000056],[-1.502959447999956,40.05221462700007],[-1.5029637679999723,40.05140049000005]],[[-1.4940134349999425,40.00243707900006],[-1.4930592969999452,40.00242483300008],[-1.4948560249999332,40.00279462100008],[-1.4940134349999425,40.00243707900006]],[[-1.5141453869999282,40.048269462000064],[-1.5142088989999252,40.04918892200004],[-1.5143447259999334,40.04854666400007],[-1.5141453869999282,40.048269462000064]],[[-1.5064077029999794,40.00849674400007],[-1.5058192009999516,40.00926872500003],[-1.5061222259999454,40.00809221000003],[-1.5064077029999794,40.00849674400007]],[[-1.4862923309999587,39.99897968300007],[-1.4867453749999413,39.999506792000034],[-1.4854914169999347,39.99888979800005],[-1.4862923309999587,39.99897968300007]],[[-1.5342432819999772,40.01408833000005],[-1.5342635589999531,40.01480428800005],[-1.534428393999974,40.01366083200003],[-1.5342432819999772,40.01408833000005]],[[-1.5720625559999348,40.00916701600005],[-1.5703724839999609,40.008900607000044],[-1.5701528209999651,40.00871230300004],[-1.5703719299999648,40.008900812000036],[-1.5720625559999348,40.00916701600005]],[[-1.4894081909999386,39.99870297500007],[-1.4896745199999373,39.99898981900003],[-1.4878570049999666,39.998552397000026],[-1.4894081909999386,39.99870297500007]],[[-1.5183420149999733,40.03609818600006],[-1.5187664579999591,40.03608613200004],[-1.5172051069999384,40.03554646200007],[-1.5183420149999733,40.03609818600006]],[[-1.5027232459999595,40.05063172400003],[-1.503060846999972,40.051093551000065],[-1.502289520999966,40.050253938000026],[-1.5027232459999595,40.05063172400003]],[[-1.495665803999941,40.005178740000076],[-1.4968838549999646,40.005820268000036],[-1.4967198419999477,40.00588954500006],[-1.4968844089999607,40.005820063000044],[-1.495665803999941,40.005178740000076]],[[-1.533490110999935,40.03450277200005],[-1.5331833669999355,40.033472397000025],[-1.5333730629999422,40.03419549700004],[-1.533490110999935,40.03450277200005]],[[-1.531328086999963,40.02060724900008],[-1.5294468049999637,40.020593947000066],[-1.5315638969999554,40.020425113000044],[-1.5287679039999489,40.02200815400005],[-1.531328086999963,40.02060724900008]],[[-1.541308884999978,40.039166195000064],[-1.5413053199999354,40.03881044100007],[-1.5414429419999465,40.03952156300005],[-1.542164692999961,40.03966021000008],[-1.541308884999978,40.039166195000064]],[[-1.475972297999931,39.99997147000005],[-1.4754017569999291,39.99975855500003],[-1.4740578529999766,39.999481280000055],[-1.475401202999933,39.99975876000008],[-1.475972297999931,39.99997147000005]],[[-1.5017152609999584,40.05149441200007],[-1.5016691459999265,40.05062452800007],[-1.500814863999949,40.05215080700003],[-1.5017152609999584,40.05149441200007]],[[-1.519878925999933,40.04539091200007],[-1.5204224069999555,40.044773218000046],[-1.5208224089999476,40.04382343900005],[-1.5204218529999594,40.04477342300004],[-1.519878925999933,40.04539091200007]],[[-1.495263553999962,39.99884151100008],[-1.495869867999943,39.999444254000025],[-1.4947010399999385,39.99862456000005],[-1.495263553999962,39.99884151100008]],[[-1.4890650579999374,40.018038345000036],[-1.488402174999976,40.01795464800006],[-1.4859329999999318,40.017909435000036],[-1.48840162099998,40.01795485200006],[-1.4890650579999374,40.018038345000036]],[[-1.4959979019999423,40.03897358900008],[-1.4956685969999626,40.03824190100005],[-1.4960405509999646,40.03939029800006],[-1.4959979019999423,40.03897358900008]],[[-1.5333035509999604,40.02119374200004],[-1.5325569039999323,40.02018116100004],[-1.5324767669999346,40.020200912000064],[-1.5333035509999604,40.02119374200004]],[[-1.5035082199999579,40.007821697000054],[-1.5027121759999318,40.00795799200006],[-1.5035076659999618,40.00782190100006],[-1.5030739489999405,40.00912611200005],[-1.5035082199999579,40.007821697000054]],[[-1.497231046999957,40.03922122900008],[-1.4970346829999244,40.03848733500007],[-1.4960486669999682,40.03834596100006],[-1.4970341289999283,40.03848753900007],[-1.497231046999957,40.03922122900008]],[[-1.523735611999939,40.02553550400006],[-1.521233021999933,40.02519488900003],[-1.523735057999943,40.02553570900005],[-1.5236978979999662,40.02562957600003],[-1.523735611999939,40.02553550400006]],[[-1.4926842229999693,40.00059826100005],[-1.4918161079999663,40.00229625400004],[-1.4922360209999397,40.00209452800004],[-1.4926842229999693,40.00059826100005]],[[-1.5398093539999422,40.00827479800006],[-1.5392104919999383,40.00910825300008],[-1.541580521999947,40.006828530000064],[-1.5398093539999422,40.00827479800006]],[[-1.5431645619999586,40.02270372900006],[-1.542995479999945,40.022995209000044],[-1.5429484199999592,40.02217557500006],[-1.542024031999972,40.02186186800003],[-1.5431645619999586,40.02270372900006]],[[-1.506117394999933,40.038282579000054],[-1.5058326019999413,40.039314123000054],[-1.5050454869999612,40.038081411000064],[-1.506117394999933,40.038282579000054]],[[-1.5254259479999632,40.01680029500005],[-1.5225554689999399,40.01641378100004],[-1.5254253939999671,40.016800499000055],[-1.5248409389999438,40.01709890400008],[-1.5254259479999632,40.01680029500005]],[[-1.4886384269999553,40.00034058600005],[-1.4889383629999315,40.000034173000074],[-1.4887536879999743,40.000713845000064],[-1.4901184219999664,40.00114202100008],[-1.4886384269999553,40.00034058600005]],[[-1.5449125859999526,40.051223503000074],[-1.546457453999949,40.051172474000055],[-1.5429932919999487,40.050900168000055],[-1.5449125859999526,40.051223503000074]],[[-1.5186959749999573,40.058357916000034],[-1.5180796509999368,40.05902793300004],[-1.5179487429999767,40.05748307700003],[-1.5186959749999573,40.058357916000034]],[[-1.543073928999945,40.05287729400004],[-1.5430430369999613,40.05428300600005],[-1.542737089999946,40.054440218000025],[-1.5430435909999574,40.054282801000056],[-1.543073928999945,40.05287729400004]],[[-1.5346433569999363,40.00922983900006],[-1.5357162349999385,40.00973634600007],[-1.5352953309999293,40.01055380100007],[-1.5357167889999346,40.009736141000076],[-1.5346433569999363,40.00922983900006]],[[-1.5785347039999351,40.00769236600007],[-1.5747402999999736,40.00798360700003],[-1.5789762449999785,40.00805643700005],[-1.5785347039999351,40.00769236600007]],[[-1.5396200439999461,40.04954637000003],[-1.54027530999997,40.050278637000076],[-1.5382341739999674,40.04938703000005],[-1.5396200439999461,40.04954637000003]],[[-1.5358801899999435,40.036676870000065],[-1.5379204599999525,40.03703834100003],[-1.5347265449999554,40.03656784400005],[-1.5358801899999435,40.036676870000065]],[[-1.5203714589999322,40.03410437500003],[-1.5182000559999551,40.03416107400005],[-1.5208497359999456,40.03485421100004],[-1.5203714589999322,40.03410437500003]],[[-1.4971604579999394,40.01850541400006],[-1.4967664639999612,40.01724459300004],[-1.496595536999962,40.01698692700006],[-1.496765909999965,40.017244798000036],[-1.4971604579999394,40.01850541400006]],[[-1.5440881709999417,40.03418924300007],[-1.54406548999998,40.035229238000056],[-1.5436932789999673,40.03606057200005],[-1.544066043999976,40.035229034000054],[-1.5440881709999417,40.03418924300007]],[[-1.5024360579999438,40.052954578000026],[-1.5015355859999318,40.05186644400004],[-1.5022642679999763,40.05341585900004],[-1.5024360579999438,40.052954578000026]],[[-1.5413533769999503,40.01844669700006],[-1.5409355079999614,40.01835276600008],[-1.5422813259999657,40.01977371600003],[-1.5413533769999503,40.01844669700006]],[[-1.476016579999964,40.068357209000055],[-1.4787570029999415,40.06907155700003],[-1.4785123819999626,40.069321083000034],[-1.478757557999927,40.06907135200004],[-1.476016579999964,40.068357209000055]],[[-1.5374605749999546,40.04798454200005],[-1.5372938629999453,40.048856356000044],[-1.5364560749999328,40.04714440400005],[-1.5374605749999546,40.04798454200005]],[[-1.5262231849999353,40.03151951500007],[-1.5255488759999594,40.02997604500007],[-1.5262587789999316,40.031824388000075],[-1.5262231849999353,40.03151951500007]],[[-1.5433531009999797,40.03352982000007],[-1.5408280979999631,40.033280080000054],[-1.5440436029999773,40.034204696000074],[-1.5433531009999797,40.03352982000007]],[[-1.5052097759999583,40.02776185400006],[-1.505630541999949,40.02624171800005],[-1.5078059339999754,40.025088577000076],[-1.5056299879999528,40.026241922000054],[-1.5052097759999583,40.02776185400006]],[[-1.50284376999997,40.01178256800006],[-1.5059049469999763,40.012135244000035],[-1.5035723259999259,40.012344592000034],[-1.5026588859999492,40.01112932500007],[-1.50284376999997,40.01178256800006]],[[-1.5474400049999417,40.051159505000044],[-1.54331614299997,40.05163633700005],[-1.5474904569999808,40.05116315300006],[-1.5444635119999361,40.053485685000055],[-1.5474400049999417,40.051159505000044]],[[-1.5282248029999437,40.022150873000044],[-1.5286887219999699,40.02010243800004],[-1.5273558369999591,40.02292212800006],[-1.5282248029999437,40.022150873000044]],[[-1.4890034369999512,40.026945769000065],[-1.4889813319999803,40.02536061200004],[-1.487286997999945,40.025363180000056],[-1.4889807779999273,40.025360816000045],[-1.4890034369999512,40.026945769000065]],[[-1.5239373089999617,40.03437702700006],[-1.52217941899994,40.03397580400008],[-1.5241365809999365,40.03399743400007],[-1.523566012999936,40.03579397900006],[-1.5239373089999617,40.03437702700006]],[[-1.4970642929999372,40.04405160500005],[-1.4966321229999267,40.04273908000005],[-1.4956756539999674,40.04282984100007],[-1.4966315689999306,40.04273928500004],[-1.4970642929999372,40.04405160500005]],[[-1.5415939369999592,40.02574867200008],[-1.5424727369999687,40.024009963000026],[-1.5410848259999739,40.023938808000025],[-1.5424721829999726,40.02401016700003],[-1.5415939369999592,40.02574867200008]],[[-1.4924620559999653,40.00660403300003],[-1.4915800129999752,40.00639404100008],[-1.4904276049999794,40.00519626000005],[-1.4898880109999482,40.005206704000045],[-1.4904270509999265,40.00519646500004],[-1.4915794589999791,40.006394245000024],[-1.4924620559999653,40.00660403300003]],[[-1.489051227999937,40.020269280000036],[-1.491448906999949,40.01922070200004],[-1.4905059789999768,40.017545392000045],[-1.4894008659999258,40.01778191900007],[-1.491448352999953,40.019220906000044],[-1.489051227999937,40.020269280000036]],[[-1.4819163239999398,39.99584164500004],[-1.480149638999933,39.99509390600008],[-1.477070595999976,39.99526268300008],[-1.4801490849999368,39.995094110000025],[-1.4819163239999398,39.99584164500004]],[[-1.5242230699999482,40.037492737000036],[-1.5234549999999558,40.03605682800003],[-1.524395072999937,40.038082587000076],[-1.5242230699999482,40.037492737000036]],[[-1.4977587279999511,40.01899415300005],[-1.4975578639999299,40.01754514800007],[-1.4968555359999414,40.01689450900005],[-1.4975573099999338,40.01754535300006],[-1.4977587279999511,40.01899415300005]],[[-1.5435901149999722,40.03609132500003],[-1.5433710159999805,40.03631039900006],[-1.5435405489999425,40.03722988700008],[-1.5431761609999626,40.038693128000034],[-1.5435411029999386,40.03722968200003],[-1.5433715699999766,40.036310194000066],[-1.5435901149999722,40.03609132500003]],[[-1.5007502989999466,40.007287448000056],[-1.5026107029999594,40.00796330800006],[-1.501282352999965,40.00951874900005],[-1.5026112569999555,40.007963104000055],[-1.5007502989999466,40.007287448000056]],[[-1.4925446649999685,40.02251662400005],[-1.4926001729999712,40.02269609000007],[-1.4918885469999736,40.02038935200005],[-1.4925446649999685,40.02251662400005]],[[-1.5332776349999335,40.02848929800007],[-1.533644360999972,40.02619009600005],[-1.5330349839999258,40.02686681400007],[-1.5332776349999335,40.02848929800007]],[[-1.49896083699997,40.05257480600005],[-1.498822777999976,40.050872828000024],[-1.4972606049999513,40.05052017700007],[-1.4988222229999337,40.05087303300007],[-1.49896083699997,40.05257480600005]],[[-1.5594296839999515,40.00817630000006],[-1.5562756359999526,40.00739069000008],[-1.5607445119999284,40.00844294900003],[-1.5594296839999515,40.00817630000006]],[[-1.5177349069999764,40.04950323000003],[-1.5176667849999603,40.04799467500004],[-1.5172744629999784,40.05084339700005],[-1.5177349069999764,40.04950323000003]],[[-1.5346207589999494,40.017278687000044],[-1.5340602439999316,40.01806037700004],[-1.5342480309999473,40.015253708000046],[-1.5346207589999494,40.017278687000044]],[[-1.5002801969999382,40.03674524100006],[-1.4997699289999673,40.03815221100007],[-1.5031952739999497,40.03852476600008],[-1.4997704829999634,40.038152007000065],[-1.5002801969999382,40.03674524100006]],[[-1.4961412599999449,40.002646232000075],[-1.498638380999978,40.00413881000003],[-1.4952245039999639,40.002456893000044],[-1.4961412599999449,40.002646232000075]],[[-1.4961725949999618,40.00609708400003],[-1.4961563819999242,40.00683582000005],[-1.4986379829999805,40.00811715900005],[-1.4961569359999771,40.00683561500006],[-1.4961725949999618,40.00609708400003]],[[-1.5467604329999745,40.00816608200006],[-1.5460157489999347,40.00739772800006],[-1.5422791509999456,40.00685750800005],[-1.5460151949999386,40.00739793300005],[-1.5467604329999745,40.00816608200006]],[[-1.523958256999947,40.024841895000066],[-1.523753087999978,40.025492143000065],[-1.5228059909999274,40.02286048500008],[-1.523958256999947,40.024841895000066]],[[-1.5352341179999485,40.017234313000074],[-1.5350895119999564,40.01686615800003],[-1.5355245579999632,40.019697810000025],[-1.5352341179999485,40.017234313000074]],[[-1.4977770059999784,40.01922199000006],[-1.4974989919999757,40.01883282700004],[-1.4990153689999488,40.02127981700005],[-1.4977770059999784,40.01922199000006]],[[-1.5354552129999774,40.019885259000034],[-1.53437564099994,40.02186670100008],[-1.5354557669999735,40.01988505400004],[-1.533667133999927,40.01907879200007],[-1.5354552129999774,40.019885259000034]],[[-1.5333910219999325,40.029225207000025],[-1.5292994419999673,40.02824383500007],[-1.5279389589999255,40.02835972100007],[-1.5333910219999325,40.029225207000025]],[[-1.5457439119999776,40.00889045300005],[-1.5459617409999282,40.00869552300003],[-1.542217394999966,40.01316352600003],[-1.5457439119999776,40.00889045300005]],[[-1.536962674999927,40.02881501100006],[-1.537457227999937,40.02956742600003],[-1.5354036429999383,40.027233084000045],[-1.536962674999927,40.02881501100006]],[[-1.534024378999959,40.02609354100008],[-1.5324176739999302,40.024232417000064],[-1.53137630599997,40.023971980000056],[-1.534024378999959,40.02609354100008]],[[-1.5365989689999537,40.02183867400004],[-1.536538031999953,40.022941401000026],[-1.5358484689999727,40.02006216500007],[-1.5365989689999537,40.02183867400004]],[[-1.4895306049999704,40.041056929000035],[-1.488753843999973,40.03873237100004],[-1.4876264469999683,40.038619521000044],[-1.488753289999977,40.03873257500004],[-1.4895306049999704,40.041056929000035]],[[-1.5327996869999652,40.01560260200006],[-1.5336197889999426,40.01434540900004],[-1.5322823369999696,40.012632394000036],[-1.5336192349999465,40.014345614000035],[-1.5327996869999652,40.01560260200006]],[[-1.4911744959999282,40.02832570500004],[-1.4918144309999661,40.02782519700003],[-1.4898759979999454,40.02563691000006],[-1.4911744959999282,40.02832570500004]],[[-1.5250074239999662,40.03591224100006],[-1.5244911629999365,40.03744483100007],[-1.5257795929999247,40.033937352000066],[-1.5241990079999255,40.033999755000025],[-1.5257790389999286,40.03393755600007],[-1.5250074239999662,40.03591224100006]],[[-1.4926960949999284,39.998643781000055],[-1.4943500679999602,39.99884080800007],[-1.4899121619999391,39.99690163400004],[-1.4926960949999284,39.998643781000055]],[[-1.4941856249999432,40.03518954500004],[-1.4936868329999697,40.03362747600005],[-1.4921227399999566,40.033137503000034],[-1.4936862789999736,40.03362768000005],[-1.4941856249999432,40.03518954500004]],[[-1.5180400029999532,40.05910253700006],[-1.5162910459999352,40.05834649800005],[-1.5145554309999625,40.05863174800004],[-1.5125463769999783,40.057569286000046],[-1.5145548769999664,40.05863195300003],[-1.5162904909999497,40.05834670300004],[-1.5180400029999532,40.05910253700006]],[[-1.5007849159999296,40.021743454000045],[-1.5007859189999522,40.02174364800004],[-1.4978278139999475,40.019124039000076],[-1.5007849159999296,40.021743454000045]],[[-1.5409859419999634,40.02254872300006],[-1.5425327639999296,40.02382384500004],[-1.5389899519999517,40.021403357000054],[-1.5409859419999634,40.02254872300006]],[[-1.4789249819999668,40.001874144000055],[-1.475908019999963,39.99997900200003],[-1.4791182359999766,40.00171124600007],[-1.4781625489999328,40.00288435300007],[-1.4789249819999668,40.001874144000055]],[[-1.546643066999934,40.02265287700004],[-1.5471441989999448,40.025148493000074],[-1.5455337499999473,40.02193392600003],[-1.546643066999934,40.02265287700004]],[[-1.5063772459999427,40.03341367400003],[-1.5079040159999408,40.02955927900007],[-1.5066443029999732,40.029324433000056],[-1.5078931669999633,40.03002952700007],[-1.5063772459999427,40.03341367400003]],[[-1.543546671999934,40.033392750000075],[-1.540962694999962,40.03030656300007],[-1.543546117999938,40.03339295500007],[-1.543431347999956,40.03345874900003],[-1.543546671999934,40.033392750000075]],[[-1.5201386319999415,40.046495949000075],[-1.5221078349999289,40.04502263300003],[-1.5232348249999745,40.04156788700004],[-1.5221072809999328,40.04502283800008],[-1.5201386319999415,40.046495949000075]],[[-1.534524051999938,40.05081210600008],[-1.5334731299999476,40.049729083000045],[-1.5357954609999638,40.05304784800006],[-1.534524051999938,40.05081210600008]],[[-1.5390859359999354,40.014674752000076],[-1.5392041259999587,40.017426088000036],[-1.5390864899999315,40.01467454800007],[-1.537088067999946,40.01395655500005],[-1.5390859359999354,40.014674752000076]],[[-1.4951932209999654,40.00974181500004],[-1.4993481359999805,40.01077382300008],[-1.4968129999999746,40.013233752000076],[-1.4994043249999436,40.010893821000025],[-1.4951932209999654,40.00974181500004]],[[-1.5406345449999321,40.03833068700004],[-1.5381433099999526,40.03631148800008],[-1.5406281149999472,40.03769744900006],[-1.539421567999966,40.04019701300007],[-1.5406345449999321,40.03833068700004]],[[-1.500125437999941,40.02546204500004],[-1.4997032889999673,40.02662386000003],[-1.500666965999926,40.02361350700005],[-1.4970428409999386,40.02319605200006],[-1.50066641199993,40.02361371100005],[-1.500125437999941,40.02546204500004]],[[-1.538151341999935,40.030133928000055],[-1.5399741789999553,40.03161273300003],[-1.5399502839999286,40.03339258700004],[-1.5399747329999514,40.03161252800004],[-1.538151341999935,40.030133928000055]],[[-1.5003748119999614,40.03670271400006],[-1.4998307639999666,40.035020916000065],[-1.5020622199999707,40.031464382000024],[-1.4998302099999705,40.03502112000007],[-1.5003748119999614,40.03670271400006]],[[-1.498303577999934,40.047850270000026],[-1.4972530429999438,40.04462935300006],[-1.4951133479999612,40.044529374000035],[-1.4972524879999582,40.044629557000064],[-1.498303577999934,40.047850270000026]],[[-1.5318125649999388,40.044899145000045],[-1.5306254649999573,40.04644317800006],[-1.5318131189999349,40.04489894000005],[-1.5299704969999652,40.04201857900006],[-1.5318125649999388,40.044899145000045]],[[-1.5341707789999646,40.022352855000065],[-1.5330650439999545,40.02115570900003],[-1.5338830129999792,40.025576923000074],[-1.5341707789999646,40.022352855000065]],[[-1.5487418109999567,40.00680499900005],[-1.548098624999966,40.007858043000056],[-1.5487092519999806,40.00551170500006],[-1.5451304049999521,40.00420498500006],[-1.5466488379999532,40.00380922000005],[-1.5487418109999567,40.00680499900005]],[[-1.5087621909999598,40.01236673500006],[-1.5067034919999287,40.01169884900003],[-1.5134858759999474,40.01400756900006],[-1.5087621909999598,40.01236673500006]],[[-1.5029440439999462,40.04570047100003],[-1.4977480729999684,40.04462835100003],[-1.50294348999995,40.04570067600008],[-1.502146014999937,40.048321257000055],[-1.5029440439999462,40.04570047100003]],[[-1.542412838999951,40.04078612700005],[-1.5422694389999378,40.03961104000007],[-1.5431512809999504,40.04471154600003],[-1.542412838999951,40.04078612700005]],[[-1.5023243809999371,40.03135993500007],[-1.5050816369999325,40.02826979300005],[-1.5031982669999593,40.025595803000044],[-1.5050810829999364,40.02826999800004],[-1.5023243809999371,40.03135993500007]],[[-1.5354542919999403,40.01168104200008],[-1.5320997229999307,40.00910552800008],[-1.5354537379999442,40.01168124700007],[-1.5339781359999733,40.01413563700004],[-1.5354542919999403,40.01168104200008]],[[-1.5431502899999714,40.04475808900003],[-1.5430538809999348,40.04669217800006],[-1.545836402999953,40.04941139500005],[-1.543054434999931,40.046691974000055],[-1.5431502899999714,40.04475808900003]],[[-1.4964706859999524,40.042244495000034],[-1.4951474149999626,40.038161830000035],[-1.4931926769999677,40.03753547000008],[-1.495146859999977,40.03816203400004],[-1.4964706859999524,40.042244495000034]],[[-1.51493389999996,40.05119217600003],[-1.5140099879999411,40.04624994000005],[-1.5133059929999604,40.045616031000066],[-1.5140094329999556,40.046250144000055],[-1.51493389999996,40.05119217600003]],[[-1.477427324999951,40.003202713000064],[-1.4739650429999642,39.99946213100003],[-1.4722795439999459,39.99911435200005],[-1.4739644889999681,39.99946233600008],[-1.477427324999951,40.003202713000064]],[[-1.5385216589999686,40.01916293000005],[-1.5378492269999242,40.01900641100008],[-1.5427879649999454,40.023452629000076],[-1.5385216589999686,40.01916293000005]],[[-1.5450159459999782,40.026188181000066],[-1.5432947059999265,40.03041169900007],[-1.5446655819999364,40.03299558000003],[-1.5432952599999794,40.03041149400008],[-1.5450159459999782,40.026188181000066]],[[-1.5261466759999394,40.02281802400006],[-1.523880399999939,40.02550946900004],[-1.528644991999954,40.02007183000006],[-1.5260695099999566,40.01755370600006],[-1.5286444389999474,40.020072035000055],[-1.5261466759999394,40.02281802400006]],[[-1.5385848529999748,40.03104782300005],[-1.5357333109999445,40.029121340000074],[-1.538321572999962,40.03063536700006],[-1.5403342359999783,40.035073014000034],[-1.5385848529999748,40.03104782300005]],[[-1.5139140549999297,40.01704563800007],[-1.5126408299999525,40.022158638000064],[-1.5160367019999512,40.012769347000074],[-1.5161066099999516,40.01491376800004],[-1.5139140549999297,40.01704563800007]],[[-1.4857520839999552,40.00188046400007],[-1.4842750429999683,40.00015744700005],[-1.48085823699995,40.00016307100003],[-1.4842744889999722,40.00015765100005],[-1.48602507399994,40.001694308000026],[-1.4852263329999573,40.00430841300005],[-1.487551296999925,40.005891715000075],[-1.4852268869999534,40.004308209000044],[-1.4857520839999552,40.00188046400007]],[[-1.5234815919999392,40.03787840900003],[-1.5235359309999694,40.04148149900004],[-1.5242629889999648,40.03893540100006],[-1.521636133999948,40.033928081000056],[-1.5234815919999392,40.03787840900003]],[[-1.4904778299999748,40.00938193600007],[-1.494694534999951,40.00976935500006],[-1.4876947769999447,40.00857436900003],[-1.483491737999941,40.00553693200004],[-1.4904778299999748,40.00938193600007]],[[-1.5031422959999645,40.044233371000075],[-1.5030358229999479,40.045641818000036],[-1.5020962179999628,40.04496767200004],[-1.5039227049999795,40.04204695400006],[-1.4975193099999728,40.03917131800006],[-1.5039221509999265,40.04204715800006],[-1.5031422959999645,40.044233371000075]],[[-1.5414260099999524,40.040283603000034],[-1.5411121209999692,40.03910781500008],[-1.5417424699999742,40.04741676700007],[-1.5414260099999524,40.040283603000034]],[[-1.537616747999948,40.02411376400005],[-1.5346707549999792,40.02226532100008],[-1.5392467379999744,40.02512622200004],[-1.5402790159999427,40.02941074800003],[-1.5392472919999705,40.02512601700005],[-1.537616747999948,40.02411376400005]],[[-1.4895547789999455,40.015884683000024],[-1.4851336779999542,40.011000168000066],[-1.4818072219999294,40.007967464000046],[-1.4851331239999581,40.01100037200007],[-1.4895547789999455,40.015884683000024]],[[-1.534961945999953,40.02323197100003],[-1.5402958269999658,40.02951455300007],[-1.5399720149999325,40.031549512000026],[-1.540296380999962,40.02951434800008],[-1.534961945999953,40.02323197100003]],[[-1.5369791659999805,40.040181707000045],[-1.534259322999958,40.036542894000036],[-1.5320007719999467,40.036035036000044],[-1.5342587689999618,40.03654309900003],[-1.5358789309999565,40.03957644400003],[-1.5393239299999664,40.040372854000054],[-1.5379881289999275,40.04550864000004],[-1.5393244839999625,40.04037265000005],[-1.5369791659999805,40.040181707000045]],[[-1.5295709609999335,40.03495113400004],[-1.5265551399999708,40.03366070900006],[-1.5295847829999616,40.03492341000003],[-1.5322079559999793,40.04244395300003],[-1.535012882999979,40.04550354500003],[-1.5337067479999291,40.046547092000026],[-1.535013436999975,40.04550334100003],[-1.5326924099999246,40.043382327000074],[-1.5295709609999335,40.03495113400004]],[[-1.4912548379999748,40.01533368200006],[-1.4797535389999439,40.005719792000036],[-1.4776306379999369,40.003145473000075],[-1.4797529849999478,40.00571999700003],[-1.4912548379999748,40.01533368200006]],[[-1.4921114469999566,40.01373253600008],[-1.479190044999939,40.00172052400006],[-1.4927334919999566,40.01476891300007],[-1.4921114469999566,40.01373253600008]],[[-1.4912019629999804,40.01790566600005],[-1.4933808499999373,40.02029324600005],[-1.4932038349999743,40.02259647300008],[-1.4933814039999334,40.02029304100006],[-1.4950781099999517,40.02200406500003],[-1.4938000269999634,40.020253410000066],[-1.4952944549999643,40.01747014000006],[-1.498987528999976,40.02159863800006],[-1.4949109529999305,40.016373722000026],[-1.4912019629999804,40.01790566600005]],[[-1.523951135999937,40.02828243700003],[-1.525715244999958,40.029994989000045],[-1.5246174229999383,40.02884326600008],[-1.5275643549999245,40.02873051000006],[-1.5277961609999693,40.02412397900008],[-1.5255095679999613,40.025441613000055],[-1.5271774669999445,40.02298873500007],[-1.5228771609999399,40.02660726600004],[-1.523951135999937,40.02828243700003]]]}},{"type":"Feature","properties":{"ClaseSuelo":"SUELO URBANIZABLE DELIMITADO O SECTORIZADO","NuclRural":"0","AreaLamber":6.07672709,"Shape_STAr":0.0000064136556223},"geometry":{"type":"MultiPolygon","coordinates":[[[[-1.5270330789999775,40.026224917000036],[-1.5276721819999466,40.024006556000074],[-1.5273875969999722,40.02825506500005],[-1.5270330789999775,40.026224917000036]]],[[[-1.4948231609999425,40.017867798000054],[-1.495119104999958,40.01703731300006],[-1.4954658929999596,40.017856263000056],[-1.4948231609999425,40.017867798000054]]],[[[-1.4914750449999588,40.01851325000007],[-1.491282774999945,40.01778371900008],[-1.4922738449999429,40.017479421000075],[-1.4914750449999588,40.01851325000007]]],[[[-1.492554302999963,40.02026931100005],[-1.492157223999925,40.01968827300004],[-1.4946522549999486,40.01931207000007],[-1.492554302999963,40.02026931100005]]],[[[-1.5247032049999802,40.026069171000074],[-1.5244367799999736,40.025869243000045],[-1.5253093579999586,40.025607181000055],[-1.5247032049999802,40.026069171000074]]]]}},{"type":"Feature","properties":{"ClaseSuelo":"SUELO URBANO","NuclRural":"0","AreaLamber":17.14174536,"Shape_STAr":0.0000180922468747},"geometry":{"type":"MultiPolygon","coordinates":[[[[-1.52566414599994,40.028406319000055],[-1.5244882289999282,40.028867802000036],[-1.5228771609999399,40.02660726600004],[-1.5269216359999405,40.02412326000007],[-1.5264089179999587,40.02943667200003],[-1.52566414599994,40.028406319000055]]],[[[-1.4920149209999636,40.01971365900005],[-1.4923566449999726,40.01724647000003],[-1.495310846999928,40.01791125400007],[-1.4949446469999543,40.01952047900005],[-1.4920149209999636,40.01971365900005]]]]}},{"type":"Feature","properties":{"ClaseSuelo":"SUELO NO URBANIZABLE","NuclRural":"0","AreaLamber":5735.79314705,"Shape_STAr":0.00606401891217},"geometry":{"type":"Polygon","coordinates":[[[-1.936057069999947,40.13746963600005],[-1.930482493999932,40.13207385100003],[-1.9270452539999496,40.11704156400003],[-1.9237990129999503,40.11379511100006],[-1.927084327999978,40.104852308000034],[-1.9368897239999683,40.10505086300003],[-1.9573253179999597,40.09677689500006],[-1.9643346209999777,40.09639833800003],[-1.9639567189999525,40.09501652300003],[-1.97649804699995,40.090253964000055],[-1.9840360789999636,40.096861156000045],[-1.9952851649999275,40.09694128000007],[-1.9998698739999554,40.10029642100005],[-2.019264845999942,40.10095781900003],[-2.030192169999964,40.098139812000056],[-2.037806272999944,40.09977997400006],[-2.042700950999972,40.102946805000045],[-2.043352044999949,40.10588024100008],[-2.0480369449999785,40.108153181000034],[-2.050357920999943,40.11505541300005],[-2.0540194549999455,40.12010360900007],[-2.0404203549999806,40.12746046700005],[-2.031920662999937,40.14002982000005],[-1.9964718649999327,40.15583660300007],[-1.9578551709999488,40.160396426000034],[-1.9339049939999313,40.151142021000055],[-1.9376039669999727,40.14281542700007],[-1.936057069999947,40.13746963600005]],[[-2.0005674849999764,40.13695981400008],[-2.0009117959999685,40.13534092000003],[-2.003118153999935,40.13692694000008],[-2.0031414379999433,40.134347287000026],[-1.9978803409999273,40.13397876500005],[-2.0005674849999764,40.13695981400008]]]}},{"type":"Feature","properties":{"ClaseSuelo":"SUELO URBANIZABLE DELIMITADO O SECTORIZADO","NuclRural":"0","AreaLamber":2.32295331,"Shape_STAr":0.00000245627482996},"geometry":{"type":"MultiPolygon","coordinates":[[[[-1.9993601119999767,40.13610207700003],[-1.999767254999938,40.13561682300008],[-2.0006242939999765,40.13730536600008],[-1.9993601119999767,40.13610207700003]]],[[[-1.9981177309999794,40.13450497300005],[-1.9978803409999273,40.13397876500005],[-1.9997447699999498,40.13419827700005],[-1.9981177309999794,40.13450497300005]]],[[[-2.002929424999934,40.134297788000026],[-2.0032379009999772,40.13465323600008],[-2.0026452089999793,40.13480871200005],[-2.002929424999934,40.134297788000026]]],[[[-2.0022190639999735,40.136716515000046],[-2.00255554499995,40.13582566200006],[-2.002714525999977,40.13687626600006],[-2.0022190639999735,40.136716515000046]]]]}},{"type":"Feature","properties":{"ClaseSuelo":"SUELO URBANO","NuclRural":"0","AreaLamber":6.032294,"Shape_STAr":0.00000637844219658},"geometry":{"type":"Polygon","coordinates":[[[-2.0027143219999743,40.13689021400006],[-1.9981177309999794,40.13450497300005],[-2.0028008709999767,40.13426799700005],[-2.0027143219999743,40.13689021400006]]]}},{"type":"Feature","properties":{"ClaseSuelo":"SUELO NO URBANIZABLE","NuclRural":"0","AreaLamber":4013.14979052,"Shape_STAr":0.00426271311425},"geometry":{"type":"Polygon","coordinates":[[[-2.2298279709999633,40.47547685300003],[-2.2222491409999634,40.47591255200007],[-2.1932353229999535,40.432903072000045],[-2.2048090119999415,40.428226583000026],[-2.2142812929999423,40.420642773000054],[-2.220496594999929,40.41934253900007],[-2.258921581999971,40.395892702000026],[-2.2698192259999246,40.40261074800003],[-2.2724228379999545,40.40268122800006],[-2.270493556999952,40.406732129000034],[-2.2763441709999483,40.41724639700004],[-2.278093209999952,40.42563570200008],[-2.2773950879999347,40.42918087600003],[-2.2713826919999747,40.43135932300004],[-2.2600898139999686,40.44412532700005],[-2.260445036999954,40.44721767800007],[-2.2640553729999624,40.44812361100003],[-2.2667428379999706,40.46124873100007],[-2.260690411999974,40.48613785200007],[-2.253431129999967,40.487460516000056],[-2.247326561999955,40.48045701500007],[-2.2298279709999633,40.47547685300003]],[[-2.236457886999972,40.45408042400004],[-2.241829622999944,40.452807266000036],[-2.2432508659999257,40.449648645000025],[-2.2377152639999736,40.44827556300004],[-2.236679871999968,40.45070945300006],[-2.233659217999957,40.449801955000055],[-2.230800922999947,40.45109653700007],[-2.235829151999951,40.45256915400006],[-2.236457886999972,40.45408042400004]]]}},{"type":"Feature","properties":{"ClaseSuelo":"SUELO URBANIZABLE DELIMITADO O SECTORIZADO","NuclRural":"0","AreaLamber":10.8031526,"Shape_STAr":0.0000114766509809},"geometry":{"type":"Polygon","coordinates":[[[-2.23570299499994,40.45279353300003],[-2.2306826649999607,40.451381309000055],[-2.233659217999957,40.449801955000055],[-2.236679871999968,40.45070945300006],[-2.2377152639999736,40.44827556300004],[-2.2364483429999495,40.451428011000075],[-2.2316583939999646,40.45172323000003],[-2.2332705309999596,40.45074140600008],[-2.237284494999926,40.45213411300006],[-2.23570299499994,40.45279353300003]]]}},{"type":"Feature","properties":{"ClaseSuelo":"SUELO URBANO","NuclRural":"0","AreaLamber":25.07731704,"Shape_STAr":0.000026640764399},"geometry":{"type":"Polygon","coordinates":[[[-2.2362459979999585,40.453993738000065],[-2.236337373999959,40.45145005100005],[-2.2316583939999646,40.45172323000003],[-2.2364483429999495,40.451428011000075],[-2.2389854719999676,40.44813090400004],[-2.2432508659999257,40.449648645000025],[-2.240385407999952,40.453726827000025],[-2.2362459979999585,40.453993738000065]]]}},{"type":"Feature","properties":{"ClaseSuelo":"SUELO URBANO NO CONSOLIDADO","NuclRural":"0","AreaLamber":178.28729952,"Shape_STAr":0.00018832013609},"geometry":{"type":"MultiPolygon","coordinates":[[[[-2.1344060649999506,40.06047459000007],[-2.133472296999969,40.05855580700006],[-2.130479685999944,40.05967813900003],[-2.1263087729999484,40.05477949400006],[-2.1285513499999524,40.055237856000076],[-2.1274564509999436,40.05262430100004],[-2.1305761649999795,40.05141694400004],[-2.1346915769999555,40.05666381100008],[-2.1361418619999313,40.067654694000055],[-2.1337825629999543,40.063002176000055],[-2.1344060649999506,40.06047459000007]],[[-2.133271185999945,40.055278961000056],[-2.1313292549999687,40.055471572000044],[-2.133104249999974,40.056677809000064],[-2.133271185999945,40.055278961000056]]],[[[-2.1379704089999336,40.05501946900006],[-2.135693390999961,40.052811821000034],[-2.13974498999994,40.049556137000025],[-2.142775770999947,40.05014059600006],[-2.142851958999927,40.05318817800003],[-2.140237064999951,40.056445644000064],[-2.1379704089999336,40.05501946900006]]],[[[-2.127136200999928,40.06578955400005],[-2.120625023999935,40.057010502000026],[-2.1229550329999256,40.055979197000056],[-2.128985502999967,40.06247646500003],[-2.127136200999928,40.06578955400005]]],[[[-2.139069605999964,40.061553995000054],[-2.1390550549999716,40.05917290600007],[-2.1352785969999672,40.05831093200004],[-2.137609654999949,40.06882920900006],[-2.135132576999979,40.063142981000055],[-2.1350349769999752,40.057082757000046],[-2.139855299999965,40.05675621300003],[-2.1441929119999372,40.06113415400006],[-2.143409510999959,40.06221352600005],[-2.139958247999971,40.06018061100008],[-2.139069605999964,40.061553995000054]]],[[[-2.1196059149999655,40.050080716000025],[-2.115933962999975,40.04589926300008],[-2.1182421669999485,40.04516128200004],[-2.122546174999968,40.05055923300006],[-2.1196059149999655,40.050080716000025]]],[[[-2.1598766729999284,40.063483279000025],[-2.1536102619999724,40.06257932500006],[-2.1598438139999416,40.06007826600006],[-2.160977500999934,40.06261566100005],[-2.1598766729999284,40.063483279000025]]],[[[-2.1600694249999606,40.07699422700006],[-2.15807217899993,40.07588747800003],[-2.163170518999948,40.07499014100006],[-2.1625258899999267,40.077768631000026],[-2.1600694249999606,40.07699422700006]]],[[[-2.167061935999925,40.07466176500003],[-2.163191326999936,40.073502939000036],[-2.16903306699993,40.073957293000035],[-2.167061935999925,40.07466176500003]]],[[[-2.1422387709999384,40.06946504700005],[-2.141396886999928,40.067732817000035],[-2.143580227999962,40.067602642000054],[-2.144124647999945,40.06887793400006],[-2.1422387709999384,40.06946504700005]]],[[[-2.173245963999932,40.07544491700003],[-2.1726416359999803,40.074007350000045],[-2.174864809999974,40.074310540000056],[-2.173245963999932,40.07544491700003]]],[[[-2.145632058999979,40.073600928000076],[-2.143755642999963,40.071783192000055],[-2.145740931999967,40.07197419500005],[-2.145632058999979,40.073600928000076]]],[[[-2.1635590239999374,40.073157654000056],[-2.161287283999968,40.073288354000056],[-2.161421834999942,40.07172004700004],[-2.1635590239999374,40.073157654000056]]],[[[-2.143883960999972,40.063900955000065],[-2.1431034729999396,40.06458765900004],[-2.1420103429999244,40.06303889600008],[-2.143883960999972,40.063900955000065]]],[[[-2.1423393449999253,40.076523405000046],[-2.143372514999953,40.07526657100004],[-2.1435534379999694,40.07674461900007],[-2.1411578949999353,40.07814496800006],[-2.1423393449999253,40.076523405000046]]],[[[-2.130942604999973,40.067394302000025],[-2.1324031199999354,40.06920172100007],[-2.131582769999966,40.06987037700003],[-2.130942604999973,40.067394302000025]]],[[[-2.0931261629999653,40.02608335000008],[-2.093910542999936,40.025054312000066],[-2.0946562829999493,40.025524103000066],[-2.0931261629999653,40.02608335000008]]],[[[-2.1309266939999247,40.06163453800008],[-2.1315733349999277,40.06210314200007],[-2.1302878539999597,40.062629714000025],[-2.1309266939999247,40.06163453800008]]],[[[-2.1479050759999723,40.07751843400007],[-2.147725199999968,40.07702858400006],[-2.1498282139999674,40.07754528000004],[-2.1479050759999723,40.07751843400007]]],[[[-2.1298811839999416,40.05952926400005],[-2.1290869879999264,40.05993082900005],[-2.128492405999964,40.05921731700005],[-2.1298811839999416,40.05952926400005]]],[[[-2.130170651999947,40.06090328100004],[-2.1299380839999458,40.05980840600006],[-2.1308660989999453,40.06104378800006],[-2.130170651999947,40.06090328100004]]],[[[-2.1316830959999606,40.066183839000075],[-2.1303270149999776,40.06668059800006],[-2.130064688999937,40.06628434900006],[-2.1316830959999606,40.066183839000075]]],[[[-2.1431053369999518,40.064960685000074],[-2.1447246589999622,40.06360650000005],[-2.1445335219999606,40.064306669000075],[-2.1431053369999518,40.064960685000074]]],[[[-2.1400725139999395,40.06988377700003],[-2.14104561299996,40.06961611600008],[-2.1409419029999412,40.07010014300005],[-2.1400725139999395,40.06988377700003]]],[[[-2.146064100999979,40.07374428300005],[-2.145632058999979,40.073600928000076],[-2.1464432379999607,40.073392152000054],[-2.1467657909999502,40.07397710300006],[-2.146064100999979,40.07374428300005]]],[[[-2.1393722679999314,40.066008099000044],[-2.1387243179999587,40.06554692700007],[-2.1392827029999353,40.065490606000026],[-2.1393722679999314,40.066008099000044]]],[[[-2.130110836999961,40.070320637000066],[-2.130031993999978,40.07066852200006],[-2.129726810999955,40.07042392900007],[-2.130110836999961,40.070320637000066]]],[[[-2.1395798199999376,40.070703483000045],[-2.1389538979999543,40.07025508100003],[-2.1390918509999324,40.07018067200005],[-2.1395798199999376,40.070703483000045]]],[[[-2.1349213649999683,40.06783286600006],[-2.135014569999953,40.06743668400003],[-2.135174117999952,40.06777183300005],[-2.1349213649999683,40.06783286600006]]],[[[-2.139305942999954,40.063242382000055],[-2.139083803999938,40.06347030500007],[-2.13900265999996,40.06302536600003],[-2.139305942999954,40.063242382000055]]],[[[-2.134374912999931,40.07119312300006],[-2.1342258449999463,40.07137310000007],[-2.134015874999932,40.07127008500004],[-2.134374912999931,40.07119312300006]]],[[[-2.138967617999924,40.061696977000054],[-2.138796167999942,40.06202896900004],[-2.1387272309999616,40.06171755500003],[-2.138967617999924,40.061696977000054]]],[[[-2.1357146479999756,40.069187827000064],[-2.1358004299999607,40.06932664300007],[-2.1356184199999575,40.06937175000007],[-2.1357146479999756,40.069187827000064]]]]}},{"type":"Feature","properties":{"ClaseSuelo":"SUELO NO URBANIZABLE","NuclRural":"0","AreaLamber":9381.40770772,"Shape_STAr":0.00988050239988},"geometry":{"type":"Polygon","coordinates":[[[-3.0104611829999612,39.77877063100004],[-3.0211069429999498,39.77087619100007],[-3.0391938999999297,39.78588707600005],[-3.0405039869999655,39.787544507000064],[-3.037725850999948,39.79028003900004],[-3.0518386179999766,39.81256130500003],[-3.055691397999965,39.823723106000045],[-3.0557166909999296,39.828836351000064],[-3.0596575929999403,39.837461561000055],[-3.076162933999967,39.85566123700005],[-3.082299156999966,39.857909584000026],[-3.0962548589999415,39.86914793100004],[-3.106852367999977,39.87110739000008],[-3.1120621169999367,39.87496779500003],[-3.118563053999935,39.874474819000056],[-3.1221207939999545,39.87607492600006],[-3.1272285209999495,39.87468191600004],[-3.122185037999941,39.88593180700008],[-3.112924057999976,39.89430239600006],[-3.113283494999962,39.89948276200005],[-3.106878657999971,39.90313783400006],[-3.10702294999993,39.91317475400007],[-3.1017306259999486,39.90270996300006],[-3.1020723899999325,39.89651082900008],[-3.09442936399995,39.89319260100007],[-3.0617517089999637,39.897259965000046],[-3.051854240999944,39.89561599100006],[-3.0372442969999724,39.895792785000026],[-3.0217559909999636,39.892886512000075],[-3.0112289119999787,39.893843067000034],[-3.003192849999948,39.89041079300006],[-2.9990172599999596,39.885887842000045],[-2.9928551099999368,39.87139956500005],[-2.975485613999979,39.852521257000035],[-2.962409976999936,39.83028100200005],[-2.965885003999972,39.825533705000055],[-2.981872715999941,39.814130360000036],[-2.9928579459999582,39.79938633100005],[-2.995668789999968,39.79258375000006],[-3.002501269999925,39.78429888000005],[-3.0104611829999612,39.77877063100004]],[[-2.9985663279999244,39.834811572000035],[-2.993415281999944,39.83643970600008],[-2.9910313329999667,39.83892997100003],[-2.992005659999961,39.845867044000045],[-2.9873619079999685,39.846270108000056],[-2.9910501599999293,39.84834576500003],[-2.9978962289999345,39.84854438100007],[-2.993944289999945,39.85317980700006],[-2.997601875999976,39.850591730000076],[-2.9953779669999676,39.852246096000044],[-2.997253268999941,39.85928106800003],[-2.999718004999977,39.859494221000034],[-2.999702041999967,39.85314928400004],[-3.001918650999926,39.85312863200005],[-3.002521687999945,39.85035374900008],[-3.0039289409999697,39.85012723800003],[-3.003682458999947,39.84690303100007],[-3.006789246999972,39.84629350100005],[-3.005968505999931,39.845410607000076],[-3.008423147999963,39.84404268500003],[-3.009680820999961,39.840096376000076],[-3.0057407219999277,39.83972725000007],[-3.0088103389999787,39.83797201900006],[-3.005768001999968,39.83667744400003],[-3.0031454999999596,39.838301053000066],[-3.001163556999927,39.835091068000054],[-2.999072915999932,39.83501406900007],[-2.999762791999956,39.83362734800005],[-2.9985663279999244,39.834811572000035]]]}},{"type":"Feature","properties":{"ClaseSuelo":"SUELO URBANIZABLE DELIMITADO O SECTORIZADO","NuclRural":"0","AreaLamber":81.84641443,"Shape_STAr":0.0000861987638987},"geometry":{"type":"MultiPolygon","coordinates":[[[[-2.9992335959999536,39.85928395800005],[-2.997253268999941,39.85928106800003],[-2.9953779669999676,39.852246096000044],[-2.997601875999976,39.850591730000076],[-2.9978152289999684,39.85240112100007],[-2.9995906049999803,39.85214844600006],[-2.9992335959999536,39.85928395800005]]],[[[-2.998702160999926,39.835007629000074],[-2.9983373009999355,39.83419232500006],[-2.999762791999956,39.83362734800005],[-2.998702160999926,39.835007629000074]]],[[[-2.999115278999966,39.835049113000025],[-3.001163556999927,39.835091068000054],[-3.001796884999976,39.83676170800004],[-2.999115278999966,39.835049113000025]]],[[[-2.9962699919999523,39.83779008300007],[-2.9926903799999423,39.83713767300003],[-2.9983332729999574,39.83448507000003],[-2.9994315959999653,39.83691286100003],[-2.9962699919999523,39.83779008300007]]],[[[-3.000523184999963,39.838267719000044],[-2.999357366999959,39.838503726000056],[-3.0011076239999284,39.837287926000045],[-3.0031516899999247,39.83840832900006],[-3.000523184999963,39.838267719000044]]],[[[-2.9918754159999708,39.83903845000003],[-2.9928850489999377,39.83854538800006],[-2.992252273999952,39.839237636000064],[-2.9918754159999708,39.83903845000003]]],[[[-3.004451306999954,39.83810481000006],[-3.0088103389999787,39.83797201900006],[-3.0057407219999277,39.83972725000007],[-3.004451306999954,39.83810481000006]]],[[[-3.007311500999947,39.84105202200004],[-3.0062998459999335,39.839778987000045],[-3.009680820999961,39.840096376000076],[-3.0095270479999385,39.84176131300006],[-3.007311500999947,39.84105202200004]]],[[[-2.992447444999925,39.843101854000054],[-2.9911338939999723,39.84176009400005],[-2.9918930449999266,39.83964180400005],[-2.9940710499999454,39.84302041900003],[-2.992447444999925,39.843101854000054]]],[[[-3.005968505999931,39.845410607000076],[-3.0044634689999725,39.844785398000056],[-3.0053144859999747,39.84336652200005],[-3.0093661659999498,39.842370893000066],[-3.005968505999931,39.845410607000076]]],[[[-2.9912990609999497,39.84522107200007],[-2.991367984999954,39.84309415100006],[-2.992530846999955,39.844090169000026],[-2.9912990609999497,39.84522107200007]]],[[[-3.0020561359999647,39.84604979000005],[-3.002499645999933,39.84497450200007],[-3.004361122999967,39.84607981900007],[-3.0020561359999647,39.84604979000005]]],[[[-2.990377187999968,39.847076755000046],[-2.988356461999956,39.84754953800007],[-2.987382023999942,39.84619740100004],[-2.9920705989999306,39.845932606000076],[-2.990377187999968,39.847076755000046]]],[[[-2.996053741999958,39.847567697000045],[-2.994426416999943,39.84645052900004],[-2.998690650999947,39.84681682400003],[-2.9980838169999515,39.84821283400004],[-2.996053741999958,39.847567697000045]]],[[[-2.9910501599999293,39.84834576500003],[-2.9923072519999323,39.84676103100003],[-2.9945586999999705,39.847529732000055],[-2.9910501599999293,39.84834576500003]]],[[[-3.003601039999978,39.849040186000025],[-3.0015103699999486,39.85295938000007],[-3.00184431699995,39.84932629600007],[-3.003601039999978,39.849040186000025]]],[[[-2.9974983179999413,39.849099876000025],[-2.9981307759999254,39.85010113000004],[-2.993944289999945,39.85317980700006],[-2.9974983179999413,39.849099876000025]]]]}},{"type":"Feature","properties":{"ClaseSuelo":"SUELO URBANO","NuclRural":"0","AreaLamber":137.30533461,"Shape_STAr":0.000144601059028},"geometry":{"type":"Polygon","coordinates":[[[-2.997601875999976,39.850591730000076],[-2.9978962289999345,39.84854438100007],[-2.9907528979999256,39.84751304100007],[-2.9924439689999645,39.84518396300007],[-2.991454782999938,39.84267268000008],[-2.9940710499999454,39.84302041900003],[-2.9910313329999667,39.83892997100003],[-2.9928850489999377,39.83854538800006],[-2.992015042999981,39.837396709000075],[-2.999255952999931,39.83711310800004],[-2.9985663279999244,39.834811572000035],[-3.000557335999929,39.837427208000065],[-3.0021171039999786,39.83674324500004],[-2.999614031999954,39.838785029000064],[-3.002694043999952,39.83897809600006],[-3.005768001999968,39.83667744400003],[-3.003507360999947,39.838116823000064],[-3.0082375259999594,39.839618751000046],[-3.0062998459999335,39.839778987000045],[-3.0093661659999498,39.842370893000066],[-3.0053144859999747,39.84336652200005],[-3.0044634689999725,39.844785398000056],[-3.0064572549999298,39.84593637200004],[-3.004390970999964,39.84598757200007],[-3.005207390999942,39.84717682200005],[-3.002112140999941,39.845342982000034],[-3.0018951919999495,39.847451669000066],[-3.0042431749999423,39.848840593000034],[-2.9999851649999414,39.848894478000034],[-3.0026083369999697,39.851633907000064],[-2.999650147999944,39.85136514200008],[-2.999702041999967,39.85314928400004],[-2.997601875999976,39.850591730000076]],[[-2.99684861999998,39.84671217300007],[-2.9966077569999356,39.84525164200005],[-2.994426416999943,39.84645052900004],[-2.9980838169999515,39.84821283400004],[-2.9985180849999438,39.84639629900005],[-2.99684861999998,39.84671217300007]],[[-3.0040618129999643,39.842937722000045],[-3.00217172899994,39.843949698000074],[-3.0049302969999303,39.84342872800005],[-3.0040618129999643,39.842937722000045]],[[-3.00053933199996,39.840133836000064],[-3.001232371999947,39.84159588500006],[-3.0017293159999667,39.84074792000007],[-3.00053933199996,39.840133836000064]]]}},{"type":"Feature","properties":{"ClaseSuelo":"SUELO URBANO NO CONSOLIDADO","NuclRural":"0","AreaLamber":15.10599547,"Shape_STAr":0.0000159091339173},"geometry":{"type":"MultiPolygon","coordinates":[[[[-3.000470393999933,39.85127360000007],[-3.001410719999967,39.852292470000066],[-2.9998337089999723,39.85309509800004],[-3.000470393999933,39.85127360000007]]],[[[-3.0000008739999657,39.836998820000076],[-3.00040977499998,39.836671651000074],[-3.000998572999947,39.83714327800004],[-3.0000008739999657,39.836998820000076]]],[[[-3.005277555999953,39.83706200900008],[-3.006340742999953,39.83737953900004],[-3.005157226999927,39.838019436000025],[-3.005277555999953,39.83706200900008]]],[[[-3.00405313899995,39.83776184100003],[-3.0048747689999686,39.83865572000008],[-3.0042842179999525,39.83908562000005],[-3.00405313899995,39.83776184100003]]],[[[-3.00053933199996,39.840133836000064],[-3.0017293159999667,39.84074792000007],[-3.001232371999947,39.84159588500006],[-3.00053933199996,39.840133836000064]]],[[[-3.0066088549999677,39.84229906100006],[-3.00831865899994,39.84252480400005],[-3.0064858409999715,39.84308279000004],[-3.0066088549999677,39.84229906100006]]],[[[-3.0030977889999804,39.844206212000074],[-3.002154692999966,39.84309387300004],[-3.004907097999933,39.843370323000045],[-3.0030977889999804,39.844206212000074]]],[[[-2.995137144999944,39.84614589600005],[-2.996785582999962,39.84531005300005],[-2.99684861999998,39.84671217300007],[-2.995137144999944,39.84614589600005]]],[[[-3.0049357769999574,39.846687022000026],[-3.004856891999964,39.84563341300003],[-3.006789246999972,39.84629350100005],[-3.0049357769999574,39.846687022000026]]],[[[-3.0025694479999743,39.84836707800008],[-3.002779503999932,39.846525658000076],[-3.0038414059999354,39.84813649200004],[-3.0025694479999743,39.84836707800008]]],[[[-3.000160919999928,39.849126796000064],[-3.001692405999961,39.84889446500006],[-3.0021654969999645,39.85012146400004],[-3.000160919999928,39.849126796000064]]]]}},{"type":"Feature","properties":{"ClaseSuelo":"SUELO NO URBANIZABLE","NuclRural":"0","AreaLamber":23072.6258457,"Shape_STAr":0.0241584290631},"geometry":{"type":"MultiPolygon","coordinates":[[[[-1.7199991939999677,39.55407523500003],[-1.7118291229999727,39.54284360200006],[-1.7155669349999698,39.54272277700005],[-1.719008128999974,39.54986970600004],[-1.7432062609999548,39.54913370400004],[-1.7673587259999408,39.552266538000026],[-1.7917683389999297,39.544062299000075],[-1.7905560589999254,39.52205593300005],[-1.7664285599999516,39.507521343000064],[-1.709586895999962,39.51499551000006],[-1.708690206999961,39.51065168000008],[-1.7130771369999707,39.50362735300007],[-1.682753246999937,39.49267383500006],[-1.6873298149999414,39.479584283000065],[-1.6826467669999374,39.475715524000066],[-1.679284551999956,39.46888372700005],[-1.6945831799999382,39.43715137400005],[-1.6919829789999312,39.42645413300005],[-1.6641995209999436,39.42489506000004],[-1.611535574999948,39.434401370000046],[-1.6104950859999576,39.43172646200003],[-1.609176988999934,39.43362986200003],[-1.6011658479999369,39.43518265700004],[-1.6002073629999245,39.43702720600004],[-1.5958489199999804,39.43860100000006],[-1.593487075999974,39.43676594600004],[-1.5892584649999435,39.43852126300004],[-1.5848587719999614,39.43705774800003],[-1.579091261999963,39.44069508600006],[-1.567452661999937,39.44177319000005],[-1.565454693999925,39.44262253800008],[-1.5689235659999667,39.44421050100004],[-1.5680091269999252,39.44687073500006],[-1.5657838339999444,39.44941118600008],[-1.560775074999981,39.45109726000004],[-1.541857461999939,39.45269055000006],[-1.5280494309999426,39.45220133400005],[-1.5266919029999713,39.45064793300003],[-1.5189568859999554,39.44934684300006],[-1.518405783999924,39.44704226700003],[-1.5243982379999466,39.44314052400006],[-1.522144017999949,39.44045395100005],[-1.5154849769999714,39.43888249100007],[-1.5158072549999702,39.43728282400008],[-1.5214453989999583,39.43451198100007],[-1.521282226999972,39.43206368800003],[-1.5191457609999475,39.43038767400003],[-1.5130488399999535,39.428381743000045],[-1.513790609999944,39.43294127900003],[-1.5116884909999726,39.434878576000074],[-1.508123626999975,39.43273357000004],[-1.5064215529999387,39.42861668000006],[-1.4970729199999369,39.429280119000055],[-1.4962748999999462,39.427422756000055],[-1.50157779999995,39.42521617300008],[-1.5053963859999726,39.41811135800003],[-1.5156452329999297,39.416246873000034],[-1.5347616989999437,39.407470156000045],[-1.5556794469999318,39.40184812900003],[-1.5604427309999664,39.39894283700005],[-1.5464834429999428,39.41069863900003],[-1.5523798439999723,39.41314180900008],[-1.5524819539999726,39.41887348600005],[-1.5552526689999695,39.423926538000046],[-1.5611259239999526,39.423116348000065],[-1.5653417909999803,39.42048341700007],[-1.5646214799999711,39.41751471900005],[-1.578472943999941,39.414274473000035],[-1.5843411079999328,39.43518636300007],[-1.5922843689999695,39.43539988600003],[-1.6171551209999393,39.42866128900005],[-1.6218806119999272,39.417616888000055],[-1.6329402409999716,39.409250787000076],[-1.6521448269999723,39.41924183300006],[-1.6717280389999587,39.418876864000026],[-1.672641720999934,39.409025659000065],[-1.6691742409999506,39.40125982300003],[-1.6613032479999674,39.395101182000076],[-1.654897860999938,39.37883151400007],[-1.6456207159999394,39.37016424800004],[-1.6129198369999358,39.368170801000076],[-1.624930476999964,39.361708856000064],[-1.647410880999928,39.35342157900004],[-1.6839437889999544,39.41037941400003],[-1.6984078889999523,39.41583112100005],[-1.7563272069999698,39.39420941900005],[-1.7612157299999467,39.38504406800007],[-1.7612124339999582,39.37386681400005],[-1.7693751189999603,39.35726638800003],[-1.7952056439999637,39.37063312200007],[-1.8351350829999546,39.43231868200007],[-1.8354441619999307,39.466065223000044],[-1.8301656579999417,39.47791477700008],[-1.8304948739999531,39.50821944300003],[-1.8292632359999743,39.51229767800004],[-1.8338898089999702,39.52639105900005],[-1.838681734999966,39.53207038800008],[-1.843362802999934,39.54517278700007],[-1.8428433669999436,39.54771749100007],[-1.8502353379999477,39.558188553000036],[-1.8490670509999632,39.56337583800007],[-1.8503596179999704,39.56757834000007],[-1.809907869999961,39.54767327700006],[-1.7783164599999282,39.55991464900006],[-1.7437149389999718,39.56867301800003],[-1.7333871889999273,39.57451656500007],[-1.7199991939999677,39.55407523500003]],[[-1.7523535809999657,39.45004027300007],[-1.7545879869999794,39.44812378700004],[-1.753567946999965,39.44658607700006],[-1.756013778999943,39.44619888600005],[-1.7541254929999468,39.444213029000025],[-1.7613825769999494,39.44514621600007],[-1.767820244999939,39.44473277700007],[-1.767822467999963,39.44363380300007],[-1.7557223119999321,39.443497818000026],[-1.7547157129999391,39.440153216000056],[-1.7515396279999322,39.43826443700004],[-1.7507383429999663,39.43940490500006],[-1.7421198199999708,39.437741162000066],[-1.738021023999977,39.43998279200008],[-1.738991652999971,39.44071566300005],[-1.7379144049999695,39.441631339000025],[-1.7428696279999372,39.441859039000065],[-1.742254480999975,39.44358076300006],[-1.7394529019999254,39.443781675000025],[-1.7435203049999473,39.446712673000036],[-1.7425706979999518,39.44805173300006],[-1.7470911729999443,39.44802900500008],[-1.7508329419999313,39.45022529800008],[-1.750243108999939,39.45214529900005],[-1.7524486629999387,39.45189720900004],[-1.7523535809999657,39.45004027300007]]],[[[-1.6038838359999659,39.453262547000065],[-1.5994321929999273,39.452118806000044],[-1.5964546669999322,39.45338938000003],[-1.585987313999965,39.449730643000066],[-1.5876676189999444,39.447669724000036],[-1.5953325029999519,39.446771425000065],[-1.6020979849999435,39.44899733500006],[-1.606725153999946,39.45240461600008],[-1.6038838359999659,39.453262547000065]]]]}},{"type":"Feature","properties":{"ClaseSuelo":"SUELO URBANO","NuclRural":"0","AreaLamber":120.33647115,"Shape_STAr":0.000125975849078},"geometry":{"type":"Polygon","coordinates":[[[-1.7508329419999313,39.45022529800008],[-1.7470911729999443,39.44802900500008],[-1.7425706979999518,39.44805173300006],[-1.7454123529999492,39.44438291600005],[-1.7430228519999673,39.44291657400004],[-1.7416467969999303,39.44555745200006],[-1.7394529019999254,39.443781675000025],[-1.742254480999975,39.44358076300006],[-1.7436545009999804,39.44175086400003],[-1.74011980399996,39.44025697400008],[-1.7396787309999695,39.442170178000026],[-1.7379144049999695,39.441631339000025],[-1.738991652999971,39.44071566300005],[-1.738021023999977,39.43998279200008],[-1.7455387159999418,39.437556191000056],[-1.7509929999999372,39.440309840000054],[-1.7539181249999274,39.439362731000074],[-1.7555890779999572,39.442801548000034],[-1.7538806909999494,39.44391252300005],[-1.7678215959999761,39.44406458900005],[-1.7538837389999458,39.44407918100006],[-1.756013778999943,39.44619888600005],[-1.753567946999965,39.44658607700006],[-1.7545879869999794,39.44812378700004],[-1.7508329419999313,39.45022529800008]],[[-1.7518655999999737,39.44832721900008],[-1.7527394799999456,39.448668369000075],[-1.7530965229999538,39.448307525000075],[-1.7518655999999737,39.44832721900008]],[[-1.751266715999975,39.44040476600003],[-1.7530187219999789,39.442614467000055],[-1.7540915839999798,39.442162214000064],[-1.751266715999975,39.44040476600003]]]}},{"type":"Feature","properties":{"ClaseSuelo":"SUELO URBANO NO CONSOLIDADO","NuclRural":"0","AreaLamber":35.49387498,"Shape_STAr":0.0000371575472447},"geometry":{"type":"MultiPolygon","coordinates":[[[[-1.759845200999962,39.44507690800003],[-1.7538837389999458,39.44407918100006],[-1.7678212639999629,39.44422924500003],[-1.759845200999962,39.44507690800003]]],[[[-1.7512015409999435,39.43897186600003],[-1.753662730999963,39.43929928000006],[-1.7509929999999372,39.440309840000054],[-1.7512015409999435,39.43897186600003]]],[[[-1.7418758089999642,39.441557448000026],[-1.739073666999957,39.44061070400005],[-1.7436545009999804,39.44175086400003],[-1.7418758089999642,39.441557448000026]]],[[[-1.751266715999975,39.44040476600003],[-1.7540915839999798,39.442162214000064],[-1.7530187219999789,39.442614467000055],[-1.751266715999975,39.44040476600003]]],[[[-1.7538806909999494,39.44391252300005],[-1.7555890779999572,39.442801548000034],[-1.767822467999963,39.44363380300007],[-1.7538806909999494,39.44391252300005]]],[[[-1.7429509379999786,39.443154193000055],[-1.7454123529999492,39.44438291600005],[-1.7433526659999643,39.446635128000025],[-1.7415625749999322,39.44580705300007],[-1.7429509379999786,39.443154193000055]]],[[[-1.7518655999999737,39.44832721900008],[-1.7530965229999538,39.448307525000075],[-1.7527394799999456,39.448668369000075],[-1.7518655999999737,39.44832721900008]]],[[[-1.7501987559999748,39.451272291000066],[-1.7528859839999313,39.45055019200004],[-1.7524486629999387,39.45189720900004],[-1.7501987559999748,39.451272291000066]]]]}},{"type":"Feature","properties":{"ClaseSuelo":"SUELO NO URBANIZABLE","NuclRural":"0","AreaLamber":3947.19410482,"Shape_STAr":0.00417617847567},"geometry":{"type":"Polygon","coordinates":[[[-2.07617387199997,40.20076282800005],[-2.0768858349999277,40.188119484000026],[-2.0801955459999704,40.17877617400006],[-2.08195223499996,40.16608699000005],[-2.0846684329999334,40.163207502000034],[-2.085096695999937,40.160174744000074],[-2.0939292929999738,40.154703486000074],[-2.103904803999967,40.15416851600003],[-2.109266285999979,40.151804404000075],[-2.11508538399994,40.14491182800003],[-2.11976905399996,40.14676743600006],[-2.126200456999925,40.145104385000025],[-2.1323233589999404,40.14828571600003],[-2.151535257999967,40.14886062100004],[-2.166960690999929,40.15187371800005],[-2.175259000999972,40.15014929900008],[-2.179325338999945,40.156637946000046],[-2.1794094529999484,40.17012558700003],[-2.1828212699999767,40.17745633200008],[-2.151057378999951,40.18532700800006],[-2.134235381999929,40.19276115800005],[-2.1228945139999382,40.19307214500003],[-2.119312238999953,40.194819765000034],[-2.113622290999956,40.205028887000026],[-2.07617387199997,40.20076282800005]],[[-2.138637729999971,40.16820233800007],[-2.1423606059999543,40.16740649700006],[-2.1439386669999294,40.16916258900005],[-2.1504041519999646,40.16945966000003],[-2.1476573619999613,40.16504064700007],[-2.1452236889999767,40.164920196000025],[-2.1430270289999385,40.16673743900003],[-2.1387341719999426,40.167066232000025],[-2.1378844089999802,40.16571190600007],[-2.1376766459999317,40.167029756000034],[-2.1289961159999393,40.169027897000035],[-2.133430159999932,40.17073812500007],[-2.138637729999971,40.16820233800007]]]}},{"type":"Feature","properties":{"ClaseSuelo":"SUELO URBANIZABLE DELIMITADO O SECTORIZADO","NuclRural":"0","AreaLamber":31.63348397,"Shape_STAr":0.0000334663689262},"geometry":{"type":"MultiPolygon","coordinates":[[[[-2.131781802999967,40.16987835900005],[-2.1289961159999393,40.169027897000035],[-2.138677095999981,40.16568205000004],[-2.1387341719999426,40.167066232000025],[-2.1430401759999427,40.16673704800007],[-2.1442413639999245,40.16863242900007],[-2.1484510339999474,40.16924426600008],[-2.147894133999955,40.16660492900007],[-2.1504041519999646,40.16945966000003],[-2.1439386669999294,40.16916258900005],[-2.1423606059999543,40.16740649700006],[-2.1336637779999705,40.17069339100004],[-2.131781802999967,40.16987835900005]]],[[[-2.1469180269999697,40.16639393100007],[-2.1476573619999613,40.16504064700007],[-2.148259199999927,40.16648246900007],[-2.1469180269999697,40.16639393100007]]]]}},{"type":"Feature","properties":{"ClaseSuelo":"SUELO URBANO","NuclRural":"0","AreaLamber":12.53698224,"Shape_STAr":0.0000132631384769},"geometry":{"type":"Polygon","coordinates":[[[-2.144400677999954,40.16792622500003],[-2.1430714819999253,40.16711221200006],[-2.1438604989999703,40.165201893000074],[-2.1469757679999475,40.16513216900006],[-2.1488660509999704,40.16865535100004],[-2.144400677999954,40.16792622500003]]]}},{"type":"Feature","properties":{"ClaseSuelo":"SUELO URBANO NO CONSOLIDADO","NuclRural":"0","AreaLamber":2.36476528,"Shape_STAr":0.00000250179857035},"geometry":{"type":"Polygon","coordinates":[[[-2.1463486629999693,40.16893466100004],[-2.144400677999954,40.16792622500003],[-2.1486885199999506,40.16888115200004],[-2.1463486629999693,40.16893466100004]]]}},{"type":"Feature","properties":{"ClaseSuelo":"SUELO NO URBANIZABLE","NuclRural":"0","AreaLamber":10856.5112606,"Shape_STAr":0.0113745531773},"geometry":{"type":"Polygon","coordinates":[[[-1.5280494309999426,39.45220133400005],[-1.5534444329999246,39.45208751400003],[-1.5657838339999444,39.44941118600008],[-1.5680091269999252,39.44687073500006],[-1.5787551699999653,39.451615710000056],[-1.582266236999942,39.45155494200003],[-1.5825397319999297,39.457085963000054],[-1.5874162309999633,39.45999698300005],[-1.5895389559999558,39.46787503000007],[-1.5951767979999545,39.46954255900005],[-1.5996687379999344,39.47724178500005],[-1.599085223999964,39.479379153000025],[-1.6026280569999471,39.48023268800006],[-1.60230474399998,39.482044331000054],[-1.6049541619999559,39.48412143300004],[-1.608982348999973,39.486052795000035],[-1.6143351659999325,39.485445457000026],[-1.6183720359999256,39.48981833100004],[-1.6226667339999494,39.490139586000055],[-1.622673233999933,39.491540730000054],[-1.6241665049999483,39.491297117000045],[-1.62771595199996,39.494816953000054],[-1.6379354889999718,39.49435145800004],[-1.645451259999959,39.49668727200003],[-1.6390392429999565,39.532652693000045],[-1.636372190999964,39.53586505000004],[-1.6365754439999591,39.54372418300005],[-1.6338649249999548,39.55709474400004],[-1.6253347139999619,39.56843229300006],[-1.6191542419999791,39.569620404000034],[-1.6096857439999326,39.567480260000025],[-1.5924058359999549,39.547540422000054],[-1.5492380319999484,39.54375692600007],[-1.5300678079999557,39.54778672000003],[-1.524048615999959,39.54680041900008],[-1.5208510439999259,39.54885907200003],[-1.5158206019999625,39.54874987100004],[-1.510814944999936,39.54550981600005],[-1.5034657219999303,39.54737502900008],[-1.5026624249999259,39.544377893000046],[-1.5060774119999678,39.539997990000074],[-1.50095728499997,39.534219747000066],[-1.5059275179999645,39.53193217900008],[-1.5038607639999668,39.52634645400008],[-1.5051468889999455,39.52154268900006],[-1.5069443519999481,39.52096213400006],[-1.5012336229999619,39.51495105500004],[-1.5069217579999759,39.51285288500003],[-1.5074564829999417,39.50736818200005],[-1.5032050939999522,39.50514209600004],[-1.499086899999952,39.499678492000044],[-1.5014936849999572,39.49703359800003],[-1.5005246019999277,39.494912774000056],[-1.5037559579999424,39.491143270000066],[-1.5111499079999362,39.496481963000065],[-1.512538180999968,39.49552666500006],[-1.5105314719999683,39.49276644500003],[-1.510947511999973,39.48985705600006],[-1.5048021399999243,39.48767884100005],[-1.5112750509999273,39.484928300000036],[-1.5119036429999255,39.48213425000006],[-1.5103942679999705,39.48050213200003],[-1.5035826809999548,39.480018200000075],[-1.5031067429999325,39.47832270500004],[-1.5088520889999586,39.47727931400004],[-1.513198989999978,39.47109558400007],[-1.513256227999932,39.45779305900004],[-1.5185926349999477,39.455496047000054],[-1.5236176509999382,39.457812457000045],[-1.5268429999999285,39.45733078100005],[-1.5288869439999644,39.45468518400003],[-1.5280494309999426,39.45220133400005]],[[-1.5667658559999609,39.53438872600003],[-1.5704189699999347,39.53857875800003],[-1.5740430449999394,39.53816281700006],[-1.5668003909999584,39.532708496000055],[-1.5666748499999699,39.53114182200005],[-1.5595084579999252,39.52995992500007],[-1.5667658559999609,39.53438872600003]],[[-1.597505354999953,39.53338083800003],[-1.598981068999933,39.53370635500005],[-1.601780251999969,39.53100515500006],[-1.5977068509999413,39.530967056000065],[-1.59656161099997,39.53265360900008],[-1.597505354999953,39.53338083800003]],[[-1.5927521079999565,39.53178538700007],[-1.58884689599995,39.53379471900007],[-1.5891073049999704,39.53552904500003],[-1.5857264239999722,39.53480023700007],[-1.5848222249999253,39.53752902400004],[-1.5972442939999496,39.54030312700007],[-1.596874077999928,39.54224456600008],[-1.598392055999966,39.54265017900008],[-1.5982885929999497,39.54051623600003],[-1.6028770189999477,39.540510684000026],[-1.601287789999958,39.53641459100004],[-1.6030520589999355,39.534010497000054],[-1.6017027369999255,39.532803741000066],[-1.6040759189999676,39.53175871500008],[-1.5984908989999553,39.53418362100007],[-1.5927521079999565,39.53178538700007]],[[-1.6055560209999271,39.53209054300004],[-1.607527536999953,39.532638690000056],[-1.6050128999999629,39.53171404900007],[-1.6055560209999271,39.53209054300004]]]}},{"type":"Feature","properties":{"ClaseSuelo":"SUELO URBANIZABLE DELIMITADO O SECTORIZADO","NuclRural":"0","AreaLamber":66.97796508,"Shape_STAr":0.0000702019367681},"geometry":{"type":"MultiPolygon","coordinates":[[[[-1.569596588999957,39.53756010600006],[-1.5660816719999389,39.53361316000007],[-1.5595084579999252,39.52995992500007],[-1.5666748499999699,39.53114182200005],[-1.5668003909999584,39.532708496000055],[-1.5740430449999394,39.53816281700006],[-1.569596588999957,39.53756010600006]]],[[[-1.5972934099999634,39.53321608400006],[-1.5977068509999413,39.530967056000065],[-1.601780251999969,39.53100515500006],[-1.598981068999933,39.53370635500005],[-1.5972934099999634,39.53321608400006]]],[[[-1.6013923769999678,39.53443769300003],[-1.6020937909999589,39.53317763900003],[-1.6030520589999355,39.534010497000054],[-1.6013923769999678,39.53443769300003]]],[[[-1.5933533439999792,39.539268683000046],[-1.5848222249999253,39.53752902400004],[-1.5857264239999722,39.53480023700007],[-1.5891073049999704,39.53552904500003],[-1.58884689599995,39.53379471900007],[-1.5926301989999274,39.53157179500005],[-1.5934241139999585,39.53307381400003],[-1.587214094999979,39.536536202000036],[-1.5947582939999734,39.53884209200004],[-1.5933533439999792,39.539268683000046]]],[[[-1.5984677169999486,39.540532658000075],[-1.6020636949999698,39.537595761000034],[-1.6018979949999448,39.54039917000006],[-1.5984677169999486,39.540532658000075]]]]}},{"type":"Feature","properties":{"ClaseSuelo":"SUELO URBANO","NuclRural":"0","AreaLamber":68.53086254,"Shape_STAr":0.0000718314970898},"geometry":{"type":"MultiPolygon","coordinates":[[[[-1.5971489579999343,39.54053661700004],[-1.587317708999933,39.53622778000005],[-1.5934241139999585,39.53307381400003],[-1.5927521079999565,39.53178538700007],[-1.598008881999931,39.53410945600007],[-1.6030070029999592,39.53403645600008],[-1.601287789999958,39.53641459100004],[-1.6015632439999763,39.53927296400008],[-1.598047853999958,39.53987698800006],[-1.5984923689999277,39.54261545500003],[-1.596874077999928,39.54224456600008],[-1.5971489579999343,39.54053661700004]]],[[[-1.6055560209999271,39.53209054300004],[-1.6050128999999629,39.53171404900007],[-1.607527536999953,39.532638690000056],[-1.6055560209999271,39.53209054300004]]],[[[-1.6017390869999417,39.53982546700007],[-1.6030807309999773,39.53960655600008],[-1.6027470669999389,39.540560234000054],[-1.6017390869999417,39.53982546700007]]]]}},{"type":"Feature","properties":{"ClaseSuelo":"SUELO URBANO NO CONSOLIDADO","NuclRural":"0","AreaLamber":2.85432127,"Shape_STAr":0.00000299165689611},"geometry":{"type":"Polygon","coordinates":[[[-1.600374755999951,39.533157403000075],[-1.6040759189999676,39.53175871500008],[-1.6001751239999749,39.53448581500004],[-1.600374755999951,39.533157403000075]]]}},{"type":"Feature","properties":{"ClaseSuelo":"SUELO NO URBANIZABLE","NuclRural":"0","AreaLamber":7123.86268357,"Shape_STAr":0.00750447335203},"geometry":{"type":"Polygon","coordinates":[[[-2.6178508029999534,39.911772520000056],[-2.619654495999953,39.898750033000056],[-2.6184037529999387,39.89225872700007],[-2.6059098959999574,39.86191633800007],[-2.6089704949999373,39.85825963600007],[-2.607769651999945,39.851516090000075],[-2.6180113639999263,39.83229586600004],[-2.6338964289999467,39.81854376800004],[-2.65529848999995,39.81223933800004],[-2.665607394999938,39.811350539000046],[-2.6790076109999745,39.816425095000056],[-2.6947268859999554,39.812295962000064],[-2.6988368469999386,39.82407389200006],[-2.6858484849999513,39.84335691100006],[-2.6833906219999335,39.85424334800007],[-2.687691840999946,39.86215683200004],[-2.694635967999943,39.867590395000036],[-2.69489490899997,39.869843581000055],[-2.703751762999957,39.87863334200006],[-2.7214297789999478,39.88224074000004],[-2.7258928689999493,39.88454445100007],[-2.7224401089999333,39.88808614800007],[-2.7110589259999642,39.89386970900006],[-2.704392956999925,39.89627654700007],[-2.6995981569999685,39.89601191000003],[-2.692446615999927,39.899615125000025],[-2.6847249919999285,39.907469056000025],[-2.679553321999947,39.91009476600004],[-2.6699651919999496,39.91133821400007],[-2.6451930429999493,39.90968815100007],[-2.6352239809999674,39.91426124600008],[-2.6211595749999788,39.91432420000007],[-2.6178508029999534,39.911772520000056]],[[-2.6573539429999755,39.894634679000035],[-2.6631191759999524,39.89094701200003],[-2.65630459099998,39.88909619300006],[-2.6543398319999483,39.89026322600006],[-2.6535698599999478,39.891926470000044],[-2.6563158699999576,39.89514096500005],[-2.6573539429999755,39.894634679000035]],[[-2.651555210999959,39.888446000000044],[-2.6503509939999503,39.88965529700005],[-2.6529251479999516,39.891000390000045],[-2.6548863699999288,39.88869625600006],[-2.651555210999959,39.888446000000044]],[[-2.6527709309999636,39.88476368000005],[-2.651846930999966,39.887578665000035],[-2.6559356039999784,39.88866361500004],[-2.659236294999971,39.88579124000006],[-2.6527709309999636,39.88476368000005]],[[-2.6593687789999763,39.887117071000034],[-2.656676973999936,39.88888989700007],[-2.6633526059999326,39.890675927000075],[-2.6641557369999305,39.88971278100007],[-2.6593687789999763,39.887117071000034]],[[-2.676030105999928,39.880125527000075],[-2.6736319439999647,39.87644801600004],[-2.6681193969999413,39.87746108500005],[-2.6667737239999383,39.87631970500007],[-2.668451895999965,39.873938069000076],[-2.666387191999945,39.87060920000005],[-2.6612488169999438,39.87366952900004],[-2.6608524789999706,39.87895769100004],[-2.6647898669999677,39.88032046700005],[-2.6622551319999275,39.881632437000064],[-2.6635875749999514,39.88424609900005],[-2.665281130999972,39.88278490700003],[-2.6750600929999564,39.88240923300003],[-2.676278839999952,39.88068809500004],[-2.675971507999975,39.882098245000066],[-2.680231246999938,39.884339004000026],[-2.68191008499997,39.88263914000004],[-2.678102813999942,39.879595134000056],[-2.676030105999928,39.880125527000075]],[[-2.658441332999928,39.88180842100007],[-2.6612496539999597,39.88254213700003],[-2.6607993039999656,39.88162540700006],[-2.658441332999928,39.88180842100007]],[[-2.6574269829999366,39.877011019000065],[-2.6538293169999747,39.876398435000056],[-2.655538978999971,39.87030684000007],[-2.6599513419999425,39.87381768700004],[-2.6621304239999404,39.871101648000035],[-2.65903557799993,39.866310499000065],[-2.6559179189999327,39.86617256100004],[-2.6539851039999576,39.869461569000066],[-2.650426172999971,39.868849287000046],[-2.649760055999934,39.87512287700008],[-2.652914126999974,39.87624813800005],[-2.653075347999959,39.878024620000076],[-2.6592859479999333,39.878197983000064],[-2.6574269829999366,39.877011019000065]],[[-2.6588741229999755,39.87544933800007],[-2.659414574999971,39.87721500500004],[-2.6599571039999432,39.87386722900004],[-2.6588741229999755,39.87544933800007]]]}},{"type":"Feature","properties":{"ClaseSuelo":"SUELO URBANIZABLE DELIMITADO O SECTORIZADO","NuclRural":"0","AreaLamber":210.54034072,"Shape_STAr":0.000221837721091},"geometry":{"type":"MultiPolygon","coordinates":[[[[-2.6505132909999247,39.870977175000064],[-2.650426172999971,39.868849287000046],[-2.6539851039999576,39.869461569000066],[-2.6559179189999327,39.86617256100004],[-2.65903557799993,39.866310499000065],[-2.6621304239999404,39.871101648000035],[-2.6599513419999425,39.87381768700004],[-2.655538978999971,39.87030684000007],[-2.6538293169999747,39.876398435000056],[-2.6592859479999333,39.878197983000064],[-2.653075347999959,39.878024620000076],[-2.652914126999974,39.87624813800005],[-2.6500197999999386,39.87576135100005],[-2.6505132909999247,39.870977175000064]]],[[[-2.67316479699997,39.87703677600007],[-2.669900026999926,39.87649830600003],[-2.6736319439999647,39.87644801600004],[-2.67316479699997,39.87703677600007]]],[[[-2.6588741229999755,39.87544933800007],[-2.6599571039999432,39.87386722900004],[-2.659414574999971,39.87721500500004],[-2.6588741229999755,39.87544933800007]]],[[[-2.6608566659999724,39.87583581900003],[-2.6620249499999318,39.872498918000076],[-2.666387191999945,39.87060920000005],[-2.668451895999965,39.873938069000076],[-2.666645871999947,39.87614812500004],[-2.667887243999928,39.87796203100004],[-2.6606125779999275,39.87741174900003],[-2.6608566659999724,39.87583581900003]]],[[[-2.6606151899999304,39.87813455500003],[-2.6613980489999562,39.877656208000076],[-2.6616576259999647,39.87898240900006],[-2.6606151899999304,39.87813455500003]]],[[[-2.6651642399999673,39.87835353600008],[-2.667267605999939,39.879128395000066],[-2.666742926999973,39.88013169800007],[-2.663713239999936,39.878929448000065],[-2.6651642399999673,39.87835353600008]]],[[[-2.664174525999954,39.88061076900004],[-2.664805155999943,39.88054845900007],[-2.6648447579999583,39.881390872000054],[-2.664174525999954,39.88061076900004]]],[[[-2.6657082759999753,39.88039093900005],[-2.666707017999954,39.880215021000026],[-2.664968445999932,39.88140791700005],[-2.6657082759999753,39.88039093900005]]],[[[-2.658441332999928,39.88180842100007],[-2.6607993039999656,39.88162540700006],[-2.6612496539999597,39.88254213700003],[-2.658441332999928,39.88180842100007]]],[[[-2.662289957999974,39.881709382000054],[-2.663371879999943,39.88164605000003],[-2.663486207999938,39.882702806000054],[-2.662289957999974,39.881709382000054]]],[[[-2.6762048399999685,39.88183070800005],[-2.676904767999929,39.88104001700003],[-2.6741811069999244,39.87852817700008],[-2.68191008499997,39.88263914000004],[-2.680231246999938,39.884339004000026],[-2.6762048399999685,39.88183070800005]]],[[[-2.6527709309999636,39.88476368000005],[-2.659236294999971,39.88579124000006],[-2.6559356039999784,39.88866361500004],[-2.651846930999966,39.887578665000035],[-2.6527709309999636,39.88476368000005]]],[[[-2.6593687789999763,39.887117071000034],[-2.6641557369999305,39.88971278100007],[-2.6633526059999326,39.890675927000075],[-2.656676973999936,39.88888989700007],[-2.6593687789999763,39.887117071000034]]],[[[-2.651555210999959,39.888446000000044],[-2.6548863699999288,39.88869625600006],[-2.6529251479999516,39.891000390000045],[-2.6503509939999503,39.88965529700005],[-2.651555210999959,39.888446000000044]]],[[[-2.655047665999973,39.88981477900006],[-2.6631191759999524,39.89094701200003],[-2.6563158699999576,39.89514096500005],[-2.6535698599999478,39.891926470000044],[-2.655047665999973,39.88981477900006]]]]}},{"type":"Feature","properties":{"ClaseSuelo":"SUELO URBANO","NuclRural":"0","AreaLamber":50.31476313,"Shape_STAr":0.0000530150236926},"geometry":{"type":"Polygon","coordinates":[[[-2.665281130999972,39.88278490700003],[-2.665992845999938,39.88169176100007],[-2.664256790999957,39.88150735100004],[-2.664197298999966,39.879500602000064],[-2.6606125779999275,39.87741174900003],[-2.667887243999928,39.87796203100004],[-2.66801197999996,39.87647722300005],[-2.6699940129999504,39.87625541600005],[-2.6745995759999346,39.87722198600005],[-2.673922804999961,39.87884212500006],[-2.676278839999952,39.88068809500004],[-2.6731058989999497,39.88292482000003],[-2.665281130999972,39.88278490700003]],[[-2.6657082759999753,39.88039093900005],[-2.664968445999932,39.88140791700005],[-2.666707017999954,39.880215021000026],[-2.6657082759999753,39.88039093900005]],[[-2.666115834999971,39.880237169000054],[-2.667267605999939,39.879128395000066],[-2.663713239999936,39.878929448000065],[-2.666115834999971,39.880237169000054]]]}},{"type":"Feature","properties":{"ClaseSuelo":"SUELO URBANO NO CONSOLIDADO","NuclRural":"0","AreaLamber":4.26636503,"Shape_STAr":0.00000449550053453},"geometry":{"type":"Polygon","coordinates":[[[-2.663371879999943,39.88164605000003],[-2.665992845999938,39.88169176100007],[-2.6635875749999514,39.88424609900005],[-2.663371879999943,39.88164605000003]]]}},{"type":"Feature","properties":{"ClaseSuelo":"SUELO NO URBANIZABLE","NuclRural":"0","AreaLamber":17329.8783197,"Shape_STAr":0.0181508721752},"geometry":{"type":"Polygon","coordinates":[[[-2.8926372809999634,39.55875390700004],[-2.8665035039999793,39.55500916400007],[-2.8517468339999255,39.55049952300004],[-2.8377274009999383,39.54105128700007],[-2.8336888779999754,39.53631506700003],[-2.830494147999957,39.52934534800005],[-2.8317005139999765,39.526085323000075],[-2.8298686809999367,39.52105480100005],[-2.8373515459999794,39.50774808500006],[-2.8369205679999254,39.503043999000056],[-2.8406635279999364,39.498967469000036],[-2.833152491999954,39.48831544700005],[-2.832084692999956,39.48264627900005],[-2.836284252999974,39.47981850000008],[-2.834340544999975,39.472846075000064],[-2.8291260339999553,39.46581024400007],[-2.8244036529999335,39.46224398500004],[-2.8212414879999415,39.448777333000066],[-2.818504020999967,39.44671864600008],[-2.8193113629999402,39.444620445000055],[-2.816637923999963,39.43596604800007],[-2.806170512999927,39.426794157000074],[-2.8034600089999344,39.419743260000075],[-2.7918355799999404,39.41079784400006],[-2.7939162249999754,39.409950071000026],[-2.794349673999932,39.40672953400008],[-2.7918927309999617,39.40257572200005],[-2.7939606199999503,39.39451938600007],[-2.7989609889999656,39.392180918000065],[-2.8032839929999795,39.38734962500007],[-2.808345797999948,39.387317591000055],[-2.8097443539999745,39.385833139000056],[-2.8080661519999808,39.38422645600008],[-2.809300561999976,39.38210648000006],[-2.8144633059999364,39.38108316600005],[-2.8156087079999566,39.37684546000003],[-2.8137859569999364,39.37423393100005],[-2.81828356799997,39.36615847100006],[-2.825866266999981,39.36140347300005],[-2.8266904589999626,39.358597864000046],[-2.8305687889999263,39.355116457000065],[-2.846899718999964,39.34795318300007],[-2.854234258999952,39.34974230600005],[-2.8598788849999437,39.34653694700006],[-2.8595464929999252,39.348442324000075],[-2.8646889439999654,39.356828492000034],[-2.882376264999948,39.350882744000046],[-2.8828029829999764,39.35249611000006],[-2.8868516159999444,39.35368958000004],[-2.8887956579999354,39.35735886500004],[-2.8934360509999806,39.35894014000007],[-2.8972103279999715,39.36627384500008],[-2.8875547039999674,39.37840231400003],[-2.88767422199993,39.38282670900003],[-2.8854885159999526,39.38519888600007],[-2.8705923049999456,39.38439917000005],[-2.870161826999947,39.39111166200007],[-2.8731639199999677,39.39417863700004],[-2.8775919629999294,39.39552151500004],[-2.8796804289999614,39.40001553400003],[-2.885879399999965,39.40559043500008],[-2.8895275019999644,39.42170952600003],[-2.8926838839999505,39.420996168000045],[-2.9001387299999806,39.42504865600006],[-2.8981039489999603,39.426885036000044],[-2.8975720479999723,39.43034013500005],[-2.9026908859999594,39.42963274400006],[-2.901925000999938,39.43256054100004],[-2.9043421899999657,39.43416646700007],[-2.903924553999957,39.42840383400005],[-2.9013863819999415,39.427257335000036],[-2.9028724989999546,39.42593404100006],[-2.9073629049999568,39.430379979000065],[-2.912790627999925,39.43840364600004],[-2.91448541099993,39.44756867000007],[-2.921376365999947,39.45028574500003],[-2.9219672409999475,39.45195309700006],[-2.9250583409999535,39.45245973700003],[-2.9270360689999393,39.45069493800003],[-2.9264162549999355,39.45430777200005],[-2.929381740999929,39.45274179200004],[-2.932286374999933,39.453851831000065],[-2.929284296999981,39.45712986400008],[-2.9313388699999336,39.459969423000075],[-2.9315020839999306,39.463172762000056],[-2.9296707559999504,39.46469894300003],[-2.9306983729999274,39.466979226000035],[-2.9275732099999345,39.470617556000036],[-2.9295854369999574,39.46967269700008],[-2.9313740029999735,39.47148488700003],[-2.9346191879999424,39.48220926800008],[-2.933918892999941,39.50482516300008],[-2.9358871579999573,39.51151202800003],[-2.9313952309999536,39.51838892300003],[-2.9352218489999586,39.525572443000044],[-2.9290959709999242,39.529880340000034],[-2.927502605999962,39.549675215000036],[-2.924564820999933,39.555696786000055],[-2.911300113999971,39.55921497200006],[-2.8926372809999634,39.55875390700004]],[[-2.872742356999936,39.51329606400003],[-2.8725532689999795,39.51215479500007],[-2.8702627209999605,39.51249556500005],[-2.871587225999974,39.51528160200007],[-2.872742356999936,39.51329606400003]],[[-2.87546244899994,39.50762206200005],[-2.87819791499993,39.50608325500008],[-2.8820559219999495,39.50869684400004],[-2.881499842999972,39.505400329000054],[-2.879487329999961,39.50528382600004],[-2.8816658959999586,39.50188976600003],[-2.8773409289999563,39.49335846900004],[-2.875925631999962,39.49372218800005],[-2.876142718999972,39.489121183000066],[-2.8797996649999504,39.488331136000056],[-2.879157060999944,39.486295676000054],[-2.8761865689999695,39.48799476900007],[-2.8766146079999544,39.486046256000066],[-2.8744734019999783,39.485950986000034],[-2.8715138379999416,39.48777742200008],[-2.87131244699998,39.49187539500008],[-2.865364109999973,39.493415725000034],[-2.8659401339999704,39.49446892200007],[-2.8617124269999294,39.49705735500004],[-2.860669661999964,39.50109708000008],[-2.864173811999933,39.504394139000055],[-2.861013919999948,39.503888086000075],[-2.8605785589999755,39.50514610500005],[-2.8650427679999666,39.508359350000035],[-2.8673431369999776,39.50765155100004],[-2.8674018849999356,39.509127345000024],[-2.87546244899994,39.50762206200005]]]}},{"type":"Feature","properties":{"ClaseSuelo":"SUELO URBANIZABLE DELIMITADO O SECTORIZADO","NuclRural":"0","AreaLamber":62.94167568,"Shape_STAr":0.0000659624025493},"geometry":{"type":"MultiPolygon","coordinates":[[[[-2.8645051549999607,39.494977575000064],[-2.8684802639999702,39.49225422300003],[-2.8677607129999387,39.49457672800003],[-2.8698894069999596,39.49491766600005],[-2.8622315509999794,39.498437841000055],[-2.862693733999947,39.50008934400006],[-2.860669661999964,39.50109708000008],[-2.860651627999971,39.49856996200003],[-2.8645051549999607,39.494977575000064]]],[[[-2.8773564509999687,39.48934419400007],[-2.8761865689999695,39.48799476900007],[-2.879157060999944,39.486295676000054],[-2.8797996649999504,39.488331136000056],[-2.8773564509999687,39.48934419400007]]],[[[-2.878898688999925,39.50221292300006],[-2.8777794099999596,39.50170156400003],[-2.8796999079999637,39.50011395900003],[-2.8783230789999266,39.49699601300006],[-2.876192747999937,39.497518256000035],[-2.875925631999962,39.49372218800005],[-2.8773409289999563,39.49335846900004],[-2.8816658959999586,39.50188976600003],[-2.8800353179999547,39.504074151000054],[-2.87845120399993,39.50361953600003],[-2.878898688999925,39.50221292300006]]],[[[-2.8673066759999415,39.50902233800008],[-2.8742519079999624,39.50682765600004],[-2.8733530929999347,39.50527811500007],[-2.8752025979999303,39.50447132600004],[-2.878208165999979,39.50610979900006],[-2.8761657349999723,39.507895887000075],[-2.8673066759999415,39.50902233800008]]],[[[-2.8723778159999256,39.51218089900004],[-2.871587225999974,39.51528160200007],[-2.8702627209999605,39.51249556500005],[-2.8723778159999256,39.51218089900004]]]]}},{"type":"Feature","properties":{"ClaseSuelo":"SUELO URBANO","NuclRural":"0","AreaLamber":225.84636333,"Shape_STAr":0.000236684845537},"geometry":{"type":"Polygon","coordinates":[[[-2.87819791499993,39.50608325500008],[-2.8752025979999303,39.50447132600004],[-2.8733530929999347,39.50527811500007],[-2.8742519079999624,39.50682765600004],[-2.8673168129999453,39.508641236000074],[-2.8605785589999755,39.50514610500005],[-2.861013919999948,39.503888086000075],[-2.864173811999933,39.504394139000055],[-2.8607816569999613,39.50106860600005],[-2.862693733999947,39.50008934400006],[-2.8613916449999692,39.49912225800006],[-2.869679453999936,39.495298880000064],[-2.8677607129999387,39.49457672800003],[-2.868459820999931,39.49261782700006],[-2.87131244699998,39.49187539500008],[-2.8715138379999416,39.48777742200008],[-2.8744734019999783,39.485950986000034],[-2.8766146079999544,39.486046256000066],[-2.876192747999937,39.497518256000035],[-2.8783230789999266,39.49699601300006],[-2.8797065559999737,39.50044242200005],[-2.8777794099999596,39.50170156400003],[-2.8793928609999284,39.50230461700005],[-2.87845120399993,39.50361953600003],[-2.8810708649999697,39.50429845900004],[-2.879487329999961,39.50528382600004],[-2.881499842999972,39.505400329000054],[-2.8820559219999495,39.50869684400004],[-2.87819791499993,39.50608325500008]]]}},{"type":"Feature","properties":{"ClaseSuelo":"SUELO NO URBANIZABLE","NuclRural":"0","AreaLamber":7130.44249058,"Shape_STAr":0.00758967582909},"geometry":{"type":"Polygon","coordinates":[[[-2.169687617999955,40.63015555100003],[-2.1446769439999684,40.61643287800007],[-2.1298223929999267,40.59306138800008],[-2.1310580489999325,40.58816094200006],[-2.1508092209999745,40.56710132100005],[-2.151104491999945,40.557878509000034],[-2.1531372679999663,40.55684841800007],[-2.150765701999944,40.555713911000055],[-2.1506543059999785,40.55237984000007],[-2.1524482369999305,40.55060928200004],[-2.1517625109999585,40.543180998000025],[-2.1573111329999506,40.545194552000055],[-2.1691565809999247,40.54496508400007],[-2.1663473409999483,40.54663849100007],[-2.1719895059999317,40.55100331300008],[-2.1790175479999334,40.55274715100006],[-2.1805046159999506,40.555982863000054],[-2.184089020999977,40.558319002000076],[-2.1859686069999498,40.55782777600007],[-2.192813178999927,40.56129015700003],[-2.2016632929999673,40.55876165700005],[-2.2228445739999643,40.54308218500006],[-2.2305839959999503,40.54056199200005],[-2.237231857999973,40.54150697800003],[-2.2611787739999727,40.53840146500005],[-2.272330687999954,40.54231003700005],[-2.271244397999965,40.54774452100003],[-2.2660839479999595,40.55094600700005],[-2.2533192589999658,40.56454405800008],[-2.247929210999928,40.56484690900004],[-2.2439442919999806,40.567298306000055],[-2.2382734829999436,40.57774726100007],[-2.2374356969999667,40.58584061700003],[-2.2346840779999297,40.590358320000064],[-2.2275441599999795,40.59632411000007],[-2.2275220339999464,40.60132381300008],[-2.233767160999946,40.60920303200004],[-2.231724490999966,40.61312626800003],[-2.2328192679999574,40.623853920000045],[-2.2256706669999744,40.61937390200006],[-2.2138150159999554,40.61917665100003],[-2.1897756149999736,40.63028930300004],[-2.184955850999927,40.62894010300005],[-2.169687617999955,40.63015555100003]],[[-2.1594604229999277,40.59339565600004],[-2.159461980999936,40.59337033300005],[-2.1594603789999383,40.59339609600005],[-2.1594604229999277,40.59339565600004]],[[-2.1646957049999287,40.59216231900007],[-2.165909236999937,40.59065183300004],[-2.1597092849999626,40.589800009000044],[-2.1612842319999572,40.592377741000064],[-2.1646957049999287,40.59216231900007]],[[-2.156863112999929,40.59205996900005],[-2.156864713999937,40.592034255000044],[-2.156864667999969,40.59203472100006],[-2.156863112999929,40.59205996900005]]]}},{"type":"Feature","properties":{"ClaseSuelo":"SUELO URBANIZABLE DELIMITADO O SECTORIZADO","NuclRural":"0","AreaLamber":2.78054239,"Shape_STAr":0.00000295990847674},"geometry":{"type":"MultiPolygon","coordinates":[[[[-2.1598648269999785,40.590468945000055],[-2.161836968999978,40.591888287000074],[-2.160117783999965,40.591707747000044],[-2.1598648269999785,40.590468945000055]]],[[[-2.16037462099996,40.589915114000064],[-2.159705734999932,40.589807620000045],[-2.1611299299999587,40.589882583000076],[-2.16037462099996,40.589915114000064]]],[[[-2.1647829659999616,40.591543252000065],[-2.165909236999937,40.59065183300004],[-2.165942389999941,40.592010791000064],[-2.1647829659999616,40.591543252000065]]],[[[-2.163676672999941,40.59237717800005],[-2.1642634149999367,40.59237533000004],[-2.1639586819999295,40.59252986100006],[-2.163676672999941,40.59237717800005]]]]}},{"type":"Feature","properties":{"ClaseSuelo":"SUELO URBANO","NuclRural":"0","AreaLamber":7.71710465,"Shape_STAr":0.00000821490776718},"geometry":{"type":"Polygon","coordinates":[[[-2.1642368029999375,40.59235108300004],[-2.159705734999932,40.589807620000045],[-2.165082548999976,40.59048525500003],[-2.1642368029999375,40.59235108300004]]]}},{"type":"Feature","properties":{"ClaseSuelo":"SUELO NO URBANIZABLE","NuclRural":"0","AreaLamber":2744.96575501,"Shape_STAr":0.00287648253452},"geometry":{"type":"Polygon","coordinates":[[[-1.7097458129999268,39.54249978000007],[-1.6854168519999462,39.54014225000003],[-1.6751672639999242,39.53756612300003],[-1.6683119439999246,39.53399187200006],[-1.6601624639999386,39.53422258000006],[-1.651608587999931,39.53189817800006],[-1.6390392429999565,39.532652693000045],[-1.6455254629999558,39.497282804000065],[-1.6420089499999335,39.49519199100007],[-1.6720612209999786,39.48988522700006],[-1.7130771369999707,39.50362735300007],[-1.7086734059999458,39.51093080800007],[-1.7155669349999698,39.54272277700005],[-1.7097458129999268,39.54249978000007]],[[-1.67407018199998,39.51797353100005],[-1.6756495839999275,39.51688868700006],[-1.6698266959999728,39.514132139000026],[-1.6566472739999654,39.51623135400007],[-1.6514874389999363,39.51912792500008],[-1.6643936879999615,39.51757240400008],[-1.6701155179999319,39.52011260300003],[-1.669299070999955,39.52171654400007],[-1.6713718159999758,39.52061876400006],[-1.674056868999969,39.52191496000006],[-1.675545627999952,39.52147112200004],[-1.67407018199998,39.51797353100005]]]}},{"type":"Feature","properties":{"ClaseSuelo":"SUELO URBANIZABLE DELIMITADO O SECTORIZADO","NuclRural":"0","AreaLamber":36.9759689,"Shape_STAr":0.0000387479738066},"geometry":{"type":"MultiPolygon","coordinates":[[[[-1.6522538669999562,39.51829292000008],[-1.6654411289999302,39.51513348300006],[-1.6643936879999615,39.51757240400008],[-1.6516545029999747,39.51938525400004],[-1.6522538669999562,39.51829292000008]]],[[[-1.6712924289999478,39.51515386900007],[-1.6702849219999507,39.51547464200007],[-1.671119939999926,39.51422460400005],[-1.6749004159999572,39.51656368700003],[-1.6712924289999478,39.51515386900007]]],[[[-1.670674690999931,39.521019900000056],[-1.6648524889999408,39.517903389000026],[-1.6674961599999278,39.517367473000036],[-1.671330035999972,39.52023531400005],[-1.670674690999931,39.521019900000056]]],[[[-1.6729912019999347,39.52140052800007],[-1.6714197989999775,39.52029072900007],[-1.6743803679999587,39.52100392600005],[-1.6744340629999783,39.519816571000035],[-1.675545627999952,39.52147112200004],[-1.6729912019999347,39.52140052800007]]]]}},{"type":"Feature","properties":{"ClaseSuelo":"SUELO URBANO","NuclRural":"0","AreaLamber":28.44233214,"Shape_STAr":0.0000298053602384},"geometry":{"type":"Polygon","coordinates":[[[-1.6693106349999312,39.52148627100007],[-1.6716254009999716,39.518968218000055],[-1.6645204739999713,39.517939056000046],[-1.6652813099999548,39.51613555100005],[-1.665160913999955,39.51726759200005],[-1.669057787999975,39.51666295800004],[-1.6682771669999283,39.514702612000065],[-1.6701346409999474,39.514442271000064],[-1.6719056499999283,39.516326787000025],[-1.6756495839999275,39.51688868700006],[-1.67407018199998,39.51797353100005],[-1.6743803679999587,39.52100392600005],[-1.6723816739999506,39.51895534100004],[-1.6693106349999312,39.52148627100007]]]}},{"type":"Feature","properties":{"ClaseSuelo":"SUELO URBANO NO CONSOLIDADO","NuclRural":"0","AreaLamber":9.58465616,"Shape_STAr":0.000010043794195},"geometry":{"type":"MultiPolygon","coordinates":[[[[-1.6643745079999803,39.517320780000034],[-1.6654411289999302,39.51513348300006],[-1.671119939999926,39.51422460400005],[-1.6682771669999283,39.514702612000065],[-1.6691532889999507,39.51662004900004],[-1.665160913999955,39.51726759200005],[-1.6652813099999548,39.51613555100005],[-1.6643745079999803,39.517320780000034]]],[[[-1.6723145119999572,39.51947090400006],[-1.6728081449999763,39.51914620100007],[-1.6725098209999487,39.52001818300005],[-1.6723145119999572,39.51947090400006]]],[[[-1.671330035999972,39.52023531400005],[-1.668887060999964,39.51853067500008],[-1.6710046699999452,39.51843924000008],[-1.671330035999972,39.52023531400005]]],[[[-1.6714197989999775,39.52029072900007],[-1.6716407719999324,39.519855637000035],[-1.6719569059999344,39.520193231000064],[-1.6714197989999775,39.52029072900007]]]]}},{"type":"Feature","properties":{"ClaseSuelo":"SUELO NO URBANIZABLE","NuclRural":"0","AreaLamber":9936.14390039,"Shape_STAr":0.0104122323554},"geometry":{"type":"Polygon","coordinates":[[[-2.5649143819999267,39.457333746000074],[-2.5525349749999577,39.49426608300007],[-2.5448512479999295,39.51150941900005],[-2.5307884159999503,39.526870408000036],[-2.533024171999955,39.545675334000066],[-2.529517240999951,39.55139182800008],[-2.5222926019999363,39.55597565800008],[-2.5186336239999605,39.561695686000064],[-2.5158979989999466,39.563256626000054],[-2.5076108079999244,39.56469045100005],[-2.5035403129999736,39.56106441800006],[-2.500510849999955,39.55264465800008],[-2.491952398999956,39.55449519000007],[-2.4762587849999704,39.552961210000035],[-2.465795734999972,39.54174502800004],[-2.4564659769999366,39.53725953500003],[-2.4478725059999533,39.52940236500007],[-2.4416556489999266,39.520389142000056],[-2.4303889479999725,39.51109860100007],[-2.42292436799994,39.49511757700003],[-2.443520183999965,39.48503627000008],[-2.4661092839999696,39.464391094000064],[-2.4801754329999426,39.45658870600005],[-2.505521835999957,39.43428112400005],[-2.537533648999954,39.450244661000056],[-2.5425308729999756,39.450318526000046],[-2.547888913999941,39.44560443800003],[-2.5649143819999267,39.457333746000074]],[[-2.487621985999965,39.51912194800008],[-2.483620981999934,39.521670233000066],[-2.4809426099999428,39.52026364900007],[-2.4794160969999552,39.52105308800003],[-2.482451727999944,39.524094356000035],[-2.487962985999957,39.52009448700005],[-2.4870484569999576,39.52093128000007],[-2.4882024309999338,39.52139886700007],[-2.488682578999942,39.51972739300004],[-2.5006429349999735,39.51665657900003],[-2.5005497669999386,39.51160700300005],[-2.4969592739999484,39.50886657400008],[-2.4975811209999392,39.50482784800005],[-2.4947547539999277,39.50499678700004],[-2.495908288999942,39.50719987300005],[-2.493267914999933,39.51140813300003],[-2.489150026999937,39.510541396000065],[-2.4849977209999565,39.51268300900006],[-2.487621985999965,39.51912194800008]]]}},{"type":"Feature","properties":{"ClaseSuelo":"SUELO URBANO","NuclRural":"0","AreaLamber":122.35642627,"Shape_STAr":0.000128248700552},"geometry":{"type":"Polygon","coordinates":[[[-2.487962985999957,39.52009448700005],[-2.4849977209999565,39.51268300900006],[-2.489150026999937,39.510541396000065],[-2.493267914999933,39.51140813300003],[-2.495908288999942,39.50719987300005],[-2.4947547539999277,39.50499678700004],[-2.4975811209999392,39.50482784800005],[-2.4969592739999484,39.50886657400008],[-2.5005497669999386,39.51160700300005],[-2.5006429349999735,39.51665657900003],[-2.488682578999942,39.51972739300004],[-2.4882024309999338,39.52139886700007],[-2.4870484569999576,39.52093128000007],[-2.487962985999957,39.52009448700005]]]}},{"type":"Feature","properties":{"ClaseSuelo":"SUELO URBANO NO CONSOLIDADO","NuclRural":"0","AreaLamber":15.3466121,"Shape_STAr":0.0000160873866742},"geometry":{"type":"Polygon","coordinates":[[[-2.479646306999939,39.52175979000003],[-2.4809426099999428,39.52026364900007],[-2.483620981999934,39.521670233000066],[-2.4875047059999247,39.519164344000046],[-2.487962985999957,39.52009448700005],[-2.482451727999944,39.524094356000035],[-2.479646306999939,39.52175979000003]]]}},{"type":"Feature","properties":{"ClaseSuelo":"SUELO NO URBANIZABLE","NuclRural":"0","AreaLamber":13275.6168205,"Shape_STAr":0.014036100918},"geometry":{"type":"MultiPolygon","coordinates":[[[[-3.0607897649999245,40.167536950000056],[-3.038366979999978,40.16082547100007],[-3.0334767889999625,40.15757006500007],[-3.020100688999946,40.15535231100006],[-3.0114917389999505,40.14793871400008],[-3.005562207999958,40.13871797000007],[-3.006407054999954,40.133690631000036],[-3.004176718999929,40.131276195000055],[-2.9872982749999437,40.12948273100005],[-2.9753595419999783,40.132328244000064],[-2.9749240529999383,40.12975346400003],[-2.965508608999926,40.125704549000034],[-2.965540510999972,40.12402398200004],[-2.9623519679999504,40.12535592800003],[-2.9578702889999704,40.12439689300004],[-2.9578995599999303,40.127287257000035],[-2.966636297999969,40.13748082200004],[-2.969934394999939,40.13462276800004],[-2.9680188979999684,40.138416482000025],[-2.964493713999957,40.140149790000066],[-2.952490108999939,40.13898782900003],[-2.950285583999971,40.136807386000044],[-2.946092764999946,40.13848053300006],[-2.941079378999973,40.13697353400005],[-2.919886002999931,40.143096392000075],[-2.9173990419999427,40.145464153000034],[-2.9140861919999566,40.14512841000004],[-2.9113781639999274,40.149387869000066],[-2.913799904999962,40.15609273000007],[-2.9188064739999504,40.159042414000055],[-2.9128909449999583,40.15698849700004],[-2.9046234809999305,40.157720812000036],[-2.887323257999981,40.164494036000065],[-2.883449018999954,40.161751355000035],[-2.8841987459999245,40.155968022000025],[-2.88139584299995,40.154028168000025],[-2.879644649999932,40.14839544800003],[-2.8711487819999775,40.13997149900007],[-2.8661771369999656,40.137064836000036],[-2.863181976999954,40.13795780300006],[-2.858368071999962,40.136681708000026],[-2.8533649999999398,40.13238698600003],[-2.839470538999933,40.132616419000044],[-2.832014828999945,40.13067785700008],[-2.8344161129999748,40.12112218300007],[-2.8379627509999636,40.12011810700005],[-2.83876743899998,40.117317256000035],[-2.8550266469999315,40.116275520000045],[-2.8578848819999507,40.10489546700006],[-2.862856542999964,40.093580890000055],[-2.8653455409999538,40.08980427200004],[-2.87016144699993,40.08703929500007],[-2.871767873999943,40.08327506300003],[-2.8851219129999777,40.08451882300005],[-2.890354782999964,40.082257956000035],[-2.89815391999997,40.08206682800005],[-2.901254824999967,40.06848301200006],[-2.909982725999953,40.06726027800005],[-2.9152272239999775,40.062205316000075],[-2.9236487789999615,40.064292366000075],[-2.9452726499999358,40.06559290300004],[-2.950504897999963,40.07892944100007],[-2.9652272499999413,40.08334042900003],[-2.9694740469999488,40.09053125200006],[-3.003705338999964,40.081079601000056],[-3.013825610999959,40.08249331700006],[-3.018994488999965,40.08906955700007],[-3.0228794659999494,40.090190549000056],[-3.045637537999937,40.08942704200007],[-3.0507723799999553,40.09166828900004],[-3.051266918999943,40.098632448000046],[-3.0563136969999505,40.10422052500007],[-3.053385902999935,40.10656888900007],[-3.057749997999963,40.111400409000055],[-3.0561229199999502,40.11180663600004],[-3.0560962179999365,40.11373018200004],[-3.0614869239999507,40.113398604000054],[-3.0619240539999737,40.115493085000026],[-3.064742181999975,40.116171766000036],[-3.063950686999931,40.11685692800006],[-3.0678989519999504,40.11959808300003],[-3.0653024249999703,40.120383401000026],[-3.0648602609999784,40.122108971000046],[-3.066967672999965,40.122918629000026],[-3.06265338999998,40.126876320000065],[-3.0595662819999347,40.132995849000054],[-3.0609104519999732,40.13423472200003],[-3.0654564179999397,40.13000696700004],[-3.0852331279999703,40.146712818000026],[-3.0894194739999534,40.14073815200004],[-3.0911491419999493,40.141691553000044],[-3.0930451579999385,40.139018745000044],[-3.0942300999999475,40.14283331200005],[-3.0967642699999374,40.14256094900003],[-3.0964677459999734,40.147386254000025],[-3.0931905329999267,40.15051011000003],[-3.097322371999951,40.15239018800003],[-3.097560441999974,40.15391572600004],[-3.089385834999973,40.162909187000025],[-3.0855094179999583,40.16379049300008],[-3.082643121999979,40.16174844600005],[-3.082582072999969,40.15907658500004],[-3.0715609549999385,40.15600753100006],[-3.0680421719999345,40.15732537900004],[-3.067877416999977,40.161667874000045],[-3.0645166129999666,40.16551231900007],[-3.0641621499999587,40.16838652900003],[-3.0607897649999245,40.167536950000056]],[[-3.0924516419999577,40.14587265200004],[-3.096037588999934,40.144324150000045],[-3.0963305469999796,40.14281616000005],[-3.0917562779999344,40.14243251000005],[-3.0887738449999347,40.147953303000065],[-3.0928833019999615,40.148915514000066],[-3.091328214999976,40.14750435700006],[-3.0924516419999577,40.14587265200004]],[[-2.9438658999999348,40.124109786000076],[-2.9423523929999646,40.12374432100006],[-2.94277828099996,40.12688756800003],[-2.9469276289999584,40.12725189500003],[-2.9473074269999415,40.12496117500007],[-2.9438658999999348,40.124109786000076]],[[-2.9106442949999405,40.125536397000076],[-2.9193173619999584,40.125107006000064],[-2.9282498509999755,40.122452373000044],[-2.9238943579999273,40.12188862100004],[-2.923537526999951,40.12048816300006],[-2.911282435999965,40.121716615000025],[-2.9043865419999406,40.123466793000034],[-2.9036791299999436,40.12503498400008],[-2.908857697999963,40.12398458400003],[-2.9106442949999405,40.125536397000076]]],[[[-2.9726791529999446,40.132655225000065],[-2.973564129999943,40.13300077100007],[-2.9711528149999253,40.134125889000074],[-2.9726791529999446,40.132655225000065]]]]}},{"type":"Feature","properties":{"ClaseSuelo":"SUELO URBANIZABLE DELIMITADO O SECTORIZADO","NuclRural":"0","AreaLamber":194.82070007,"Shape_STAr":0.000206018498459},"geometry":{"type":"MultiPolygon","coordinates":[[[[-2.9664500989999283,40.13717087600003],[-2.9578995599999303,40.127287257000035],[-2.9578702889999704,40.12439689300004],[-2.9599661819999596,40.124683693000065],[-2.9587844459999246,40.12754383400005],[-2.961866820999944,40.12710388700003],[-2.96202858099997,40.12939238400003],[-2.962798634999956,40.12674662100005],[-2.964709918999972,40.12639958200003],[-2.963630213999977,40.12507822800006],[-2.965540510999972,40.12402398200004],[-2.965508608999926,40.125704549000034],[-2.9749240529999383,40.12975346400003],[-2.9753595419999783,40.132328244000064],[-2.96892831699995,40.13432293400007],[-2.9664500989999283,40.13717087600003]]],[[[-2.9229707039999653,40.12156590400008],[-2.9199342839999645,40.12162101100006],[-2.923537526999951,40.12048816300006],[-2.9231498699999747,40.12154792700005],[-2.928163984999969,40.12340778200007],[-2.9229707039999653,40.12156590400008]]],[[[-2.906623741999965,40.12377573500004],[-2.9118831859999545,40.121792163000066],[-2.9117933359999597,40.12283977300007],[-2.906623741999965,40.12377573500004]]],[[[-2.9041466209999385,40.12402439300007],[-2.904922279999937,40.123406448000026],[-2.906463366999958,40.12388684600006],[-2.9041466209999385,40.12402439300007]]],[[[-2.946509146999972,40.12721831500005],[-2.94277828099996,40.12688756800003],[-2.9423523929999646,40.12374432100006],[-2.9473074269999415,40.12496117500007],[-2.946509146999972,40.12721831500005]]],[[[-3.061188462999951,40.12951954000005],[-3.067677572999969,40.12276956100004],[-3.0704371299999593,40.12283999400006],[-3.0728246689999423,40.125599934000036],[-3.0713892799999485,40.12683512900003],[-3.0742797009999663,40.12874783800004],[-3.0705916859999434,40.13101893100003],[-3.0630849119999652,40.128699063000056],[-3.0613936699999726,40.13180299800007],[-3.060038492999979,40.13140144300007],[-3.061188462999951,40.12951954000005]]],[[[-3.0753216589999397,40.13540022300003],[-3.072364679999964,40.13220901900007],[-3.077125975999934,40.132723689000045],[-3.076861532999942,40.13534429900005],[-3.0753216589999397,40.13540022300003]]]]}},{"type":"Feature","properties":{"ClaseSuelo":"SUELO URBANO","NuclRural":"0","AreaLamber":197.81256803,"Shape_STAr":0.000209200320064},"geometry":{"type":"MultiPolygon","coordinates":[[[[-3.0765150459999404,40.139547278000066],[-3.0654564179999397,40.13000696700004],[-3.0609104519999732,40.13423472200003],[-3.060038492999979,40.13140144300007],[-3.0615915769999447,40.131719460000056],[-3.0630849119999652,40.128699063000056],[-3.0644555629999672,40.12990331700007],[-3.0657586599999718,40.12863321400005],[-3.068541897999978,40.13091289100004],[-3.074170957999968,40.13134714700004],[-3.0751913039999295,40.13236004700008],[-3.0734169949999455,40.13175066800005],[-3.0723236329999395,40.133038604000035],[-3.0741407519999484,40.13331635900005],[-3.07411431099996,40.13470731900003],[-3.0824566779999714,40.135386863000065],[-3.0849227469999505,40.138921322000044],[-3.0884981819999666,40.13877451800005],[-3.0899599869999292,40.14130757800007],[-3.0852331279999703,40.146712818000026],[-3.0765150459999404,40.139547278000066]]],[[[-2.910186325999973,40.12537985500006],[-2.908857697999963,40.12398458400003],[-2.9036791299999436,40.12503498400008],[-2.9118831859999545,40.121792163000066],[-2.922861009999963,40.121512747000054],[-2.925246483999956,40.122711054000035],[-2.9193173619999584,40.125107006000064],[-2.910186325999973,40.12537985500006]]],[[[-2.9613533999999504,40.12892136100004],[-2.961866820999944,40.12710388700003],[-2.9587844459999246,40.12754383400005],[-2.959950246999938,40.12472155900008],[-2.9636699319999593,40.12510429800005],[-2.964709918999972,40.12639958200003],[-2.9613533999999504,40.12892136100004]]],[[[-3.089214027999958,40.14606381400006],[-3.0917562779999344,40.14243251000005],[-3.0963305469999796,40.14281616000005],[-3.091328214999976,40.14750435700006],[-3.0928833019999615,40.148915514000066],[-3.0887738449999347,40.147953303000065],[-3.089214027999958,40.14606381400006]]]]}},{"type":"Feature","properties":{"ClaseSuelo":"SUELO NO URBANIZABLE","NuclRural":"0","AreaLamber":7659.27228656,"Shape_STAr":0.00809044349197},"geometry":{"type":"MultiPolygon","coordinates":[[[[-3.035069703999966,40.08909835600008],[-3.0228794659999494,40.090190549000056],[-3.018994488999965,40.08906955700007],[-3.013825610999959,40.08249331700006],[-3.003705338999964,40.081079601000056],[-2.9694740469999488,40.09053125200006],[-2.9652272499999413,40.08334042900003],[-2.950504897999963,40.07892944100007],[-2.9448545699999613,40.06420072100008],[-2.9538965599999756,40.057253727000045],[-2.976172030999976,40.04957969600008],[-2.9872336069999506,40.04244128900007],[-2.9939586739999413,40.04205441100004],[-3.0145095579999293,40.04944153500003],[-3.0311103329999582,40.03165775700006],[-3.0320451419999586,40.02789597100008],[-3.0378538809999327,40.020596401000034],[-3.053504635999957,40.00839565900003],[-3.0573206139999343,40.008420870000066],[-3.0611669859999324,39.99731895900004],[-3.076421059999973,39.99440881400005],[-3.0965962669999385,39.986938321000025],[-3.099058538999941,40.00165366400006],[-3.0984460889999355,40.00960974000003],[-3.0957365289999643,40.015351158000044],[-3.0966859559999307,40.017638833000035],[-3.0944855339999435,40.01819022300003],[-3.092162145999964,40.022102275000066],[-3.089696827999944,40.030555253000045],[-3.092487235999954,40.034260551000045],[-3.0993221319999407,40.05406712000007],[-3.0965814309999473,40.06757479200007],[-3.088801979999971,40.07059421500003],[-3.0621980879999455,40.08940583900005],[-3.0529393379999306,40.09941102200003],[-3.051266918999943,40.098632448000046],[-3.0514700439999274,40.092713090000075],[-3.05021744499993,40.09127661500003],[-3.045637537999937,40.08942704200007],[-3.035069703999966,40.08909835600008]],[[-3.0712710559999437,40.04971140300006],[-3.0706875749999654,40.04950039200003],[-3.0715202089999707,40.04986996000008],[-3.0712710559999437,40.04971140300006]],[[-3.0624109879999537,40.04410767600007],[-3.0629460119999408,40.04578560300007],[-3.0656114409999304,40.043657748000044],[-3.0624109879999537,40.04410767600007]],[[-3.059802415999968,40.05109128600003],[-3.0642108009999447,40.04864913200004],[-3.060892879999926,40.04546553200004],[-3.056783037999935,40.04450386600007],[-3.055773131999956,40.04525383200007],[-3.0573685179999757,40.045111434000034],[-3.0572710179999376,40.04646597400006],[-3.0543715189999716,40.04881448900005],[-3.0530972799999745,40.04783233200004],[-3.0563081009999564,40.04403567500003],[-3.0545932729999663,40.042558521000046],[-3.0551993289999473,40.04411070300006],[-3.0524975179999387,40.044743674000074],[-3.0522378099999514,40.04908331300004],[-3.059802415999968,40.05109128600003]],[[-3.067004491999967,40.047896251000054],[-3.070572244999937,40.04944920200006],[-3.0714183899999625,40.04822022800005],[-3.0720718809999426,40.050114816000075],[-3.0942112159999624,40.06169593300007],[-3.092262114999926,40.05811399100003],[-3.094689192999965,40.052188227000045],[-3.093207323999934,40.05339862500006],[-3.09301920799993,40.05193272300005],[-3.086240972999974,40.05161615000003],[-3.0825616599999535,40.04873439900007],[-3.0794783919999418,40.05137068400006],[-3.076606710999954,40.04925538200007],[-3.067004491999967,40.047896251000054]],[[-3.0882730779999292,40.06628546500008],[-3.0859186449999356,40.06358020700003],[-3.0883504759999596,40.06316359300007],[-3.0905693359999304,40.065941415000054],[-3.0942377619999775,40.06176379000004],[-3.0669948439999644,40.047943230000044],[-3.070578907999959,40.05441542800003],[-3.0789669879999337,40.06254104000004],[-3.0846377049999774,40.063704931000075],[-3.085715289999939,40.065314786000044],[-3.0843386699999655,40.06606908400005],[-3.086264015999973,40.06743121200003],[-3.0882730779999292,40.06628546500008]]],[[[-3.0710222899999735,40.052107302000024],[-3.069611790999943,40.051475253000035],[-3.071062458999961,40.05046243700008],[-3.0721056559999624,40.05136645500005],[-3.0710222899999735,40.052107302000024]]],[[[-3.077799162999952,40.059933880000074],[-3.0793160629999647,40.05816809800007],[-3.0801359389999448,40.058632627000065],[-3.077799162999952,40.059933880000074]]]]}},{"type":"Feature","properties":{"ClaseSuelo":"SUELO URBANIZABLE DELIMITADO O SECTORIZADO","NuclRural":"0","AreaLamber":280.81086649,"Shape_STAr":0.000296636667674},"geometry":{"type":"MultiPolygon","coordinates":[[[[-3.0846377049999774,40.063704931000075],[-3.0789669879999337,40.06254104000004],[-3.070578907999959,40.05441542800003],[-3.0669948439999644,40.047943230000044],[-3.094449084999951,40.062515150000024],[-3.0920731709999245,40.062941382000076],[-3.092274983999971,40.06535364900003],[-3.0905693359999304,40.065941415000054],[-3.0883504759999596,40.06316359300007],[-3.0859186449999356,40.06358020700003],[-3.0882730779999292,40.06628546500008],[-3.086264015999973,40.06743121200003],[-3.0843386699999655,40.06606908400005],[-3.085715289999939,40.065314786000044],[-3.0846377049999774,40.063704931000075]],[[-3.0782204389999492,40.05995355500005],[-3.0800531989999627,40.05851028100005],[-3.0793160629999647,40.05816809800007],[-3.0782204389999492,40.05995355500005]],[[-3.07147355099994,40.05203193400007],[-3.071062458999961,40.05046243700008],[-3.069611790999943,40.051475253000035],[-3.07147355099994,40.05203193400007]]],[[[-3.079732920999959,40.05408906000008],[-3.0720718809999426,40.050114816000075],[-3.0714183899999625,40.04822022800005],[-3.070572244999937,40.04944920200006],[-3.066924098999948,40.04752356900008],[-3.076606710999954,40.04925538200007],[-3.0794783919999418,40.05137068400006],[-3.0825616599999535,40.04873439900007],[-3.086240972999974,40.05161615000003],[-3.09301920799993,40.05193272300005],[-3.093207323999934,40.05339862500006],[-3.094689192999965,40.052188227000045],[-3.092262114999926,40.05811399100003],[-3.0942112159999624,40.06169593300007],[-3.079732920999959,40.05408906000008]]],[[[-3.0546714689999703,40.04338090500005],[-3.056292679999956,40.04414295500004],[-3.0523373429999765,40.048224137000034],[-3.0524975179999387,40.044743674000074],[-3.0546714689999703,40.04338090500005]]],[[[-3.0616356229999724,40.04792346200003],[-3.06046788499998,40.04714933300005],[-3.0642108009999447,40.04864913200004],[-3.063257844999953,40.049579349000055],[-3.0616356229999724,40.04792346200003]]],[[[-3.0604864589999465,40.04623154900003],[-3.0576060939999365,40.04666210600004],[-3.059474904999945,40.04488854700003],[-3.0615955689999623,40.04649914600003],[-3.0604864589999465,40.04623154900003]]],[[[-3.0592159149999247,40.051094514000056],[-3.0604623359999437,40.04911933200003],[-3.0618808459999514,40.05018177000005],[-3.0592159149999247,40.051094514000056]]],[[[-3.061139123999965,40.04907773600007],[-3.0629838219999783,40.04944004400005],[-3.063064580999935,40.05023381400008],[-3.061139123999965,40.04907773600007]]],[[[-3.071160149999969,40.04971014700004],[-3.0706875749999654,40.04950039200003],[-3.070875272999956,40.04942916200008],[-3.071160149999969,40.04971014700004]]],[[[-3.0715202089999707,40.04986996000008],[-3.071160149999969,40.04971014700004],[-3.0713967269999785,40.04975423500008],[-3.0715202089999707,40.04986996000008]]]]}},{"type":"Feature","properties":{"ClaseSuelo":"SUELO URBANO","NuclRural":"0","AreaLamber":26.92683758,"Shape_STAr":0.0000284410303575},"geometry":{"type":"MultiPolygon","coordinates":[[[[-3.056988538999974,40.05029682600008],[-3.052230005999945,40.04901776200006],[-3.0532056959999636,40.04782383500003],[-3.0552521169999522,40.04918022800007],[-3.0542908289999673,40.04798066400008],[-3.0572710179999376,40.04646597400006],[-3.0573685179999757,40.045111434000034],[-3.055773131999956,40.04525383200007],[-3.056783037999935,40.04450386600007],[-3.059430296999949,40.04495308200006],[-3.0576060939999365,40.04666210600004],[-3.0615955689999623,40.04649914600003],[-3.0604719669999554,40.04738175400007],[-3.063257844999953,40.049579349000055],[-3.061203902999978,40.04867435800003],[-3.061972030999925,40.05017004100006],[-3.0604623359999437,40.04911933200003],[-3.0577261339999495,40.05135428500006],[-3.056988538999974,40.05029682600008]]],[[[-3.0626713339999583,40.04389775800007],[-3.0656114409999304,40.043657748000044],[-3.0629460119999408,40.04578560300007],[-3.0626713339999583,40.04389775800007]]]]}},{"type":"Feature","properties":{"ClaseSuelo":"SUELO NO URBANIZABLE","NuclRural":"0","AreaLamber":17084.8630319,"Shape_STAr":0.0179297185528},"geometry":{"type":"Polygon","coordinates":[[[-1.7333871889999273,39.57451656500007],[-1.7437149389999718,39.56867301800003],[-1.7783164599999282,39.55991464900006],[-1.809907869999961,39.54767327700006],[-1.8503596179999704,39.56757834000007],[-1.878170713999964,39.59144766600008],[-1.8799222159999545,39.60055575800004],[-1.8874566229999346,39.60645768400008],[-1.887342462999925,39.609222688000045],[-1.893358697999929,39.62203842400004],[-1.8986365249999722,39.627179273000024],[-1.8982895429999758,39.63362718500008],[-1.8875125309999703,39.64442660900005],[-1.8405679749999422,39.67024955800008],[-1.8320745719999536,39.67682279200005],[-1.8210644099999627,39.69072195000007],[-1.7917590179999365,39.66787790200004],[-1.7411074069999586,39.658032655000056],[-1.7286801339999442,39.66255539500003],[-1.7202742979999357,39.660706152000046],[-1.717324633999965,39.65548843400006],[-1.7055440399999497,39.64368544900003],[-1.7023459049999587,39.633270379000066],[-1.699365729999954,39.63086294500005],[-1.6985430169999631,39.624672943000064],[-1.6840052979999314,39.60496218600008],[-1.6897408839999457,39.60593700700008],[-1.7333871889999273,39.57451656500007]],[[-1.8073805309999784,39.594024895000075],[-1.8125139669999726,39.59384862100006],[-1.8130331659999683,39.58891134600003],[-1.810814971999946,39.58833154200005],[-1.8073805309999784,39.594024895000075]],[[-1.7890994199999568,39.606118113000036],[-1.7913579719999575,39.606959791000065],[-1.7890061699999364,39.61081727100003],[-1.7848824419999687,39.612516001000074],[-1.7869960689999402,39.611922089000075],[-1.7952917749999528,39.61486037700007],[-1.7946438829999352,39.613652166000065],[-1.7985560779999332,39.61582986700006],[-1.8031849889999307,39.612918028000024],[-1.8009755369999425,39.60922879000003],[-1.8019625739999583,39.606272982000064],[-1.7980403539999656,39.60567465200006],[-1.792697867999948,39.60725745700006],[-1.789026855999964,39.60272370200005],[-1.7866712059999372,39.60492272700003],[-1.7890994199999568,39.606118113000036]],[[-1.807568569999944,39.60758354700005],[-1.810337067999967,39.606989730000066],[-1.8085114389999717,39.605077239000025],[-1.8059736059999523,39.60523569800006],[-1.807568569999944,39.60758354700005]],[[-1.7842524419999677,39.60940774900007],[-1.7833757359999254,39.61086701200003],[-1.785050870999953,39.61145051800003],[-1.7859763869999483,39.60997641500006],[-1.7842524419999677,39.60940774900007]]]}},{"type":"Feature","properties":{"ClaseSuelo":"SUELO URBANIZABLE DELIMITADO O SECTORIZADO","NuclRural":"0","AreaLamber":16.93832343,"Shape_STAr":0.0000177737378208},"geometry":{"type":"MultiPolygon","coordinates":[[[[-1.7974827509999614,39.60584052300004],[-1.798511062999978,39.60571973200007],[-1.7976121929999636,39.60725026500006],[-1.7930988269999375,39.608566403000054],[-1.7928042139999434,39.60712230200005],[-1.7974827509999614,39.60584052300004]]],[[[-1.807568569999944,39.60758354700005],[-1.8059736059999523,39.60523569800006],[-1.8085114389999717,39.605077239000025],[-1.810337067999967,39.606989730000066],[-1.807568569999944,39.60758354700005]]],[[[-1.7842524419999677,39.60940774900007],[-1.7859763869999483,39.60997641500006],[-1.785050870999953,39.61145051800003],[-1.7833757359999254,39.61086701200003],[-1.7842524419999677,39.60940774900007]]]]}},{"type":"Feature","properties":{"ClaseSuelo":"SUELO URBANO","NuclRural":"0","AreaLamber":79.92275934,"Shape_STAr":0.0000838622022311},"geometry":{"type":"MultiPolygon","coordinates":[[[[-1.7964763739999512,39.613338611000074],[-1.7848824419999687,39.612516001000074],[-1.7890061699999364,39.61081727100003],[-1.7900776569999266,39.60849521700004],[-1.7919630149999648,39.60925848000005],[-1.792697867999948,39.60725745700006],[-1.7930988269999375,39.608566403000054],[-1.8015089459999558,39.60648009000005],[-1.799225951999972,39.60968909600007],[-1.8021979769999348,39.61056206200004],[-1.79926900199996,39.61113228000005],[-1.8015855259999398,39.61274987100006],[-1.7978243429999452,39.61463010500006],[-1.7964763739999512,39.613338611000074]],[[-1.7935895059999325,39.61082461900003],[-1.7910471499999403,39.611529405000056],[-1.7938734129999716,39.611851933000025],[-1.7935895059999325,39.61082461900003]],[[-1.7919181679999383,39.61042408900005],[-1.7910292239999421,39.60928223900004],[-1.7895703389999653,39.61070240500004],[-1.7919181679999383,39.61042408900005]]],[[[-1.8073805309999784,39.594024895000075],[-1.810814971999946,39.58833154200005],[-1.8130331659999683,39.58891134600003],[-1.8125139669999726,39.59384862100006],[-1.8073805309999784,39.594024895000075]]],[[[-1.7943902329999446,39.61385109400004],[-1.7953219209999247,39.61436602800006],[-1.7952917749999528,39.61486037700007],[-1.7943902329999446,39.61385109400004]]]]}},{"type":"Feature","properties":{"ClaseSuelo":"SUELO URBANO NO CONSOLIDADO","NuclRural":"0","AreaLamber":43.54203562,"Shape_STAr":0.0000456909197963},"geometry":{"type":"MultiPolygon","coordinates":[[[[-1.7963142629999425,39.614640929000075],[-1.7920417749999729,39.613559216000056],[-1.7999893669999665,39.61412762300006],[-1.8015855259999398,39.61274987100006],[-1.7993773009999359,39.610750782000025],[-1.8022582669999565,39.61066194000006],[-1.8031849889999307,39.612918028000024],[-1.800741574999961,39.61474989300007],[-1.7985560779999332,39.61582986700006],[-1.7963142629999425,39.614640929000075]]],[[[-1.7919630149999648,39.60925848000005],[-1.7900776569999266,39.60849521700004],[-1.790852531999974,39.60653496400005],[-1.7866712059999372,39.60492272700003],[-1.789026855999964,39.60272370200005],[-1.7923359649999497,39.60602073700005],[-1.7919630149999648,39.60925848000005]]],[[[-1.800911542999927,39.609304902000076],[-1.799225951999972,39.60968909600007],[-1.8015089459999558,39.60648009000005],[-1.7981825629999548,39.607208265000054],[-1.798511062999978,39.60571973200007],[-1.8021477769999592,39.606383065000045],[-1.8009755369999425,39.60922879000003],[-1.8021979769999348,39.61056206200004],[-1.800911542999927,39.609304902000076]]],[[[-1.7897561289999544,39.61031450400003],[-1.7910292239999421,39.60928223900004],[-1.791987140999936,39.610569748000046],[-1.7897561289999544,39.61031450400003]]],[[[-1.7938734129999716,39.611851933000025],[-1.7910471499999403,39.611529405000056],[-1.7928534289999334,39.61034996500007],[-1.7938734129999716,39.611851933000025]]]]}},{"type":"Feature","properties":{"ClaseSuelo":"SUELO NO URBANIZABLE","NuclRural":"0","AreaLamber":89634.8985991,"Shape_STAr":0.0948785438813},"geometry":{"type":"MultiPolygon","coordinates":[[[[-1.9120971349999536,40.522068527000044],[-1.908893495999962,40.52402472700004],[-1.899849943999925,40.51647969700008],[-1.8914900599999669,40.51206655400006],[-1.8883762599999727,40.50621247400005],[-1.8886956119999354,40.50407146500004],[-1.8804308989999754,40.49287485200006],[-1.8816585779999286,40.49098139600005],[-1.879257895999956,40.48926448000003],[-1.881776418999948,40.48717183200006],[-1.8782567239999253,40.484908037000025],[-1.87705421499993,40.47604974500007],[-1.872279348999939,40.47472848600006],[-1.8719868599999359,40.47348242000004],[-1.8743871089999402,40.47385717600008],[-1.8745240509999803,40.47108831200006],[-1.8696564469999544,40.466793145000054],[-1.8671664149999287,40.467390360000024],[-1.8670309959999258,40.465271968000025],[-1.8623403659999553,40.46255476600004],[-1.8630845189999263,40.46074231700004],[-1.8613542849999476,40.457216353000035],[-1.8653633269999546,40.454156771000044],[-1.8665419299999257,40.45073598600004],[-1.8610106719999635,40.444614157000046],[-1.8631746709999675,40.440577003000044],[-1.8581613809999453,40.43831140200007],[-1.8570422879999455,40.425377196000056],[-1.85053858699996,40.42444333100008],[-1.8505238899999767,40.42253781900007],[-1.853694591999954,40.42189816000007],[-1.8451786539999375,40.417471109000076],[-1.8390679949999367,40.42599077400007],[-1.8366506069999673,40.42616465300006],[-1.8339533289999395,40.42100244100004],[-1.8321503509999388,40.42110134700005],[-1.832977347999929,40.41894758600006],[-1.831499755999971,40.417360614000074],[-1.824342920999925,40.411779125000066],[-1.8215120989999605,40.40760172500006],[-1.8138127639999766,40.40416265500005],[-1.8098668749999547,40.39958163400007],[-1.7886673369999357,40.39732085800006],[-1.788083186999927,40.39585079900007],[-1.7897361989999467,40.39463391400005],[-1.788574568999934,40.39144613000008],[-1.777213263999954,40.39178591900003],[-1.775382992999937,40.387293656000054],[-1.773063709999974,40.387809584000024],[-1.772673182999938,40.38608024900003],[-1.7669413869999744,40.38278056400003],[-1.7676495379999437,40.380770142000074],[-1.7645520219999753,40.37525069600008],[-1.7581211269999244,40.37048366800008],[-1.7527821599999243,40.36311551000006],[-1.753371581999943,40.360329129000036],[-1.7503182479999282,40.36049885500006],[-1.7498174499999664,40.35812411500007],[-1.744241254999963,40.35285205200006],[-1.7419440949999512,40.35246672000005],[-1.7419059239999797,40.349254650000034],[-1.7371121529999414,40.34901318800007],[-1.7315957519999756,40.34452944100008],[-1.7209436999999639,40.34103374500006],[-1.7076526309999736,40.326165452000055],[-1.697522557999946,40.32079509600004],[-1.6972391479999374,40.31655773700004],[-1.706840366999927,40.31360250800003],[-1.7201523089999569,40.31850732600003],[-1.7205693229999497,40.313250751000055],[-1.7298906539999734,40.30297526800007],[-1.7299230349999561,40.29696667500008],[-1.7270696309999494,40.28816060400004],[-1.719890515999964,40.27673910300007],[-1.7230632829999308,40.27682372800007],[-1.7262210019999316,40.279786460000025],[-1.7305956559999345,40.27866790300004],[-1.7401860379999334,40.282304286000056],[-1.7418103909999445,40.27780848200007],[-1.7443119719999345,40.27801585000003],[-1.7501683789999447,40.285034206000034],[-1.7618431699999633,40.29244804000007],[-1.7686712659999557,40.30723255500004],[-1.7669044059999806,40.31250196600007],[-1.768456422999975,40.31776169900007],[-1.7745578139999338,40.32790750400005],[-1.779480633999981,40.330792881000036],[-1.7855101049999575,40.32696903500005],[-1.798817296999971,40.32597293500004],[-1.8175253879999786,40.321436095000024],[-1.820553479999944,40.32007063800006],[-1.8214253279999753,40.31731378100005],[-1.839551144999973,40.31219084500003],[-1.861030808999942,40.29980985700007],[-1.866363999999976,40.292591996000056],[-1.8717669899999692,40.28040157200007],[-1.8724750469999663,40.27389494300007],[-1.8699081229999592,40.26559057400004],[-1.8642754649999347,40.25712094100004],[-1.864281534999975,40.24269747100004],[-1.8541873629999372,40.22848067500007],[-1.8504996719999554,40.22899364500006],[-1.8424687219999782,40.226400021000075],[-1.8215540789999523,40.23209880600007],[-1.8187432139999373,40.23488997700008],[-1.8018482169999288,40.23304953100006],[-1.7940455839999458,40.22826571100006],[-1.796145704999958,40.22582810800003],[-1.7986863579999408,40.21374629700006],[-1.8031330189999721,40.21114821400005],[-1.8117873749999376,40.216548300000056],[-1.8145948359999693,40.22032939500008],[-1.8198385909999502,40.22270735800004],[-1.8214942749999636,40.227116171000034],[-1.8310562009999671,40.225055515000065],[-1.8360037719999696,40.22629460600007],[-1.841818650999926,40.22385294700007],[-1.853703310999947,40.20142147900003],[-1.86204949699993,40.18923339600008],[-1.8433868459999303,40.152353909000055],[-1.8341949949999616,40.15158597200008],[-1.827778569999964,40.12461056800004],[-1.8178657249999333,40.112842743000044],[-1.8198151149999262,40.09917754600008],[-1.855156858999976,40.10027128300004],[-1.870352195999942,40.10580814400004],[-1.882066649999956,40.10766067800006],[-1.884546782999962,40.105954817000054],[-1.8915739449999478,40.10601331400005],[-1.901808396999968,40.09924575500003],[-1.9048941469999363,40.09922994300007],[-1.9145084799999381,40.089986784000075],[-1.9196728539999413,40.07865624100003],[-1.9160938689999512,40.07285679100005],[-1.9107270029999768,40.07112168000003],[-1.9100832089999358,40.067367715000046],[-1.9135335659999555,40.060543980000034],[-1.9248360229999548,40.052369801000054],[-1.9295846119999283,40.04634142400005],[-1.9279358579999553,40.04308277600006],[-1.922398108999971,40.03967086600005],[-1.9213742339999271,40.036210717000074],[-1.916234655999972,40.03287429400007],[-1.913222970999925,40.03210730100005],[-1.9077832599999738,40.03440760400008],[-1.908546251999951,40.03065785500007],[-1.9066197139999304,40.02359429000006],[-1.9124785499999462,40.02067631700004],[-1.92642150599994,40.005832604000034],[-1.9362089219999348,40.000147792000064],[-1.935962194999945,39.992739699000026],[-1.9394922739999743,39.99776334200004],[-1.9436930179999763,40.000351410000064],[-1.9580578819999346,40.00481506800003],[-1.9682401829999776,40.00238352500003],[-1.9804886739999574,39.99094171300004],[-1.980588318999935,39.98266280400003],[-1.978377208999973,39.973849991000066],[-1.9851546049999342,39.979585574000055],[-1.9937072179999404,39.98175038000005],[-1.9903390709999371,39.99494711800003],[-1.9953742029999262,39.99827035900006],[-1.9947501999999417,39.99928302600006],[-2.0053547559999743,39.99989709700003],[-2.01481518199995,39.99780662000006],[-2.026334811999959,39.99749856300008],[-2.0272392949999585,39.998974719000046],[-2.033315509999966,39.998403911000025],[-2.0318478219999747,39.99631044700004],[-2.044189471999971,39.99483623500004],[-2.0478123349999464,39.99375788400005],[-2.046569199999965,39.992179994000026],[-2.04916239399995,39.990165137000076],[-2.05608351799998,39.98941086000008],[-2.061964143999944,39.99278315300006],[-2.068198218999953,39.99346412400007],[-2.0852188639999554,40.00043803500006],[-2.096712133999972,40.00303287700007],[-2.111942853999949,40.01020513000003],[-2.1187462179999557,40.017798096000035],[-2.1184216299999434,40.019345273000056],[-2.125854634999939,40.02364510600006],[-2.1336925459999634,40.02195613600003],[-2.137283049999951,40.018802556000026],[-2.1487041649999696,40.019130321000034],[-2.152505549999944,40.020644779000065],[-2.155121848999954,40.017546579000054],[-2.159487472999956,40.020830801000045],[-2.1605702659999793,40.02522631800008],[-2.163451562999967,40.026319304000026],[-2.161554525999975,40.02715248700008],[-2.1622334369999407,40.034878598000034],[-2.157000866999965,40.039093139000045],[-2.1682979979999573,40.049905195000065],[-2.17025444199993,40.05388342600003],[-2.173951527999975,40.05549553600008],[-2.1850409159999344,40.065493606000075],[-2.187172197999928,40.06277870400004],[-2.193776975999924,40.062509557000055],[-2.1957774529999483,40.06041073600005],[-2.19704394799993,40.05291007500006],[-2.19938087099996,40.05358395700006],[-2.198290297999961,40.04960319800006],[-2.2046322189999614,40.04832253600006],[-2.205513261999954,40.039904644000046],[-2.2079115259999753,40.037970503000054],[-2.2129737549999504,40.04109080400008],[-2.213610977999963,40.04448273200006],[-2.2166390399999614,40.043142816000056],[-2.228700283999956,40.04356616000007],[-2.2307609739999634,40.042286997000076],[-2.235247695999931,40.032518795000044],[-2.240750731999981,40.02721682600003],[-2.2394571549999682,40.02220800300006],[-2.240750046999949,40.01829730600008],[-2.2381137959999364,40.01254086100005],[-2.240016339999954,40.01194971800004],[-2.2445619719999286,40.01465983500003],[-2.2466160779999313,40.01367315300007],[-2.2452764159999674,40.00950648200006],[-2.2409737899999413,40.008023295000044],[-2.2437172699999337,40.00454100600007],[-2.2457016079999335,40.00587386500007],[-2.250831489999939,40.005163879000065],[-2.2527545859999805,40.002995973000054],[-2.266614148999963,40.01140501100008],[-2.283991789999959,40.00791895100008],[-2.288481024999953,40.01225324600006],[-2.302793013999974,40.018638087000056],[-2.3178347439999243,40.021448640000074],[-2.326080111999943,40.02073112800008],[-2.33284060699998,40.023256966000076],[-2.348990846999925,40.02558334500003],[-2.355022356999939,40.03098687700003],[-2.3517138709999585,40.03644175300008],[-2.3445471499999258,40.04063140300008],[-2.3454542239999796,40.045677427000044],[-2.3423940669999297,40.055557142000055],[-2.3388544989999787,40.06110941000003],[-2.328767187999972,40.06674538100003],[-2.323387656999955,40.07399828800004],[-2.3032483139999727,40.070599249000054],[-2.299202325999943,40.06717820000006],[-2.294030659999976,40.06833602000006],[-2.286315927999965,40.06594620100003],[-2.28077193799993,40.067511068000044],[-2.269784566999931,40.065680877000034],[-2.2605402359999403,40.068216918000076],[-2.2519449509999276,40.06496327700006],[-2.247197468999957,40.06481536200005],[-2.22408117599997,40.07053933900005],[-2.223722825999971,40.06893835400007],[-2.2181761169999277,40.06575712600005],[-2.214632988999938,40.065402187000075],[-2.213719671999968,40.067190915000026],[-2.2102276389999247,40.06659267200007],[-2.208454667999945,40.06989812300003],[-2.203917765999961,40.06972429500007],[-2.2063283379999348,40.075218636000045],[-2.2139739369999347,40.083523521000075],[-2.2064499649999334,40.084940731000074],[-2.1996004219999463,40.08383121600008],[-2.19158492899993,40.08884258300003],[-2.1815629179999405,40.10425493900004],[-2.176171429999954,40.10864934800003],[-2.169383750999941,40.111042405000035],[-2.1755618329999606,40.11540210100003],[-2.1768450249999773,40.11992496700003],[-2.181998230999966,40.124709479000046],[-2.1765759669999625,40.13249121800004],[-2.175558255999931,40.14676389600004],[-2.2047798259999354,40.14473409100003],[-2.210424798999952,40.14084464300004],[-2.209561687999951,40.13732506900004],[-2.2169401599999787,40.133681369000044],[-2.2212003259999733,40.13682739200004],[-2.2321456969999645,40.139504282000075],[-2.2452508789999683,40.13804090700006],[-2.2445539859999712,40.14266721400003],[-2.2420114489999605,40.14538944800006],[-2.2411152939999397,40.159447295000064],[-2.24287149099996,40.16625190800005],[-2.2369806129999574,40.17005119700008],[-2.232902425999953,40.17761013000006],[-2.2288237919999574,40.180979544000024],[-2.212605645999929,40.18374425500008],[-2.195386929999927,40.19253599500007],[-2.1814278019999733,40.17514909400006],[-2.1794094529999484,40.17012558700003],[-2.1795638679999456,40.157306333000065],[-2.175259000999972,40.15014929900008],[-2.166960690999929,40.15187371800005],[-2.151535257999967,40.14886062100004],[-2.1323233589999404,40.14828571600003],[-2.126200456999925,40.145104385000025],[-2.11976905399996,40.14676743600006],[-2.11508538399994,40.14491182800003],[-2.109266285999979,40.151804404000075],[-2.103904803999967,40.15416851600003],[-2.0939292929999738,40.154703486000074],[-2.0847131099999388,40.16075731800004],[-2.0846684329999334,40.163207502000034],[-2.08195223499996,40.16608699000005],[-2.0801955459999704,40.17877617400006],[-2.076073944999962,40.19254557200003],[-2.0772766929999307,40.19481649900007],[-2.075930257999971,40.20994131900005],[-2.070458697999925,40.211289418000035],[-2.0637993689999803,40.21007353500005],[-2.053368536999926,40.21100671000005],[-2.0531426279999323,40.21293734300008],[-2.046311553999942,40.21889940300008],[-2.0431862629999387,40.23053151800008],[-2.038390541999945,40.23468103000005],[-2.0472689309999623,40.23696174300005],[-2.046741266999959,40.240218723000055],[-2.0550159599999347,40.24540383500005],[-2.048386893999975,40.249047758000074],[-2.0379301719999603,40.248204488000056],[-2.0354055349999385,40.251755598000045],[-2.0322397339999725,40.251751676000026],[-2.0309030809999626,40.24947918600003],[-2.025019975999953,40.249623444000065],[-2.0257058299999358,40.25344910600006],[-2.0208137229999465,40.255124039000066],[-2.01810302399997,40.258348857000044],[-2.0197745629999417,40.250948504000064],[-2.022716293999963,40.24645079600003],[-2.0275063939999427,40.245283939000046],[-2.034016977999954,40.247131316000036],[-2.0362482949999503,40.24565440500004],[-2.0421285209999382,40.24553207400004],[-2.030268175999936,40.23959530700006],[-2.023262003999946,40.24202289500005],[-2.009594386999936,40.22958213900006],[-2.002307807999955,40.22551044800008],[-2.000798424999971,40.221848702000045],[-1.9952544319999674,40.217647455000076],[-1.99651314099998,40.21437903000003],[-1.9923640379999483,40.20809058700007],[-1.9760393619999377,40.191289253000036],[-1.9726477319999276,40.190529447000074],[-1.9655692299999714,40.195308845000056],[-1.961593101999938,40.19401645100004],[-1.951969675999976,40.19947035200005],[-1.921214258999953,40.20666532600006],[-1.9200794959999712,40.21152869800005],[-1.9225302699999247,40.21482187100003],[-1.9226389629999403,40.21774184900005],[-1.9295790269999316,40.216594532000045],[-1.9348933239999724,40.21925172700003],[-1.9395435859999566,40.21939354400007],[-1.94061583499996,40.21827271700005],[-1.9437623509999753,40.21899068600004],[-1.9458388939999622,40.21704562600007],[-1.9502837139999656,40.221635666000054],[-1.9572599299999638,40.22023476100003],[-1.9594725139999696,40.22190335800008],[-1.9662068789999694,40.22219346000003],[-1.9622280189999515,40.22679756000008],[-1.9569215739999777,40.22773183800007],[-1.9595287249999274,40.22921930100006],[-1.9575782079999726,40.23128285700005],[-1.9603068779999262,40.23424889900008],[-1.962962579999953,40.23050691000003],[-1.966850595999972,40.22981195300008],[-1.9795749769999702,40.232177171000046],[-1.9823985259999404,40.22671545700007],[-1.9858183659999327,40.225614834000055],[-1.9854491169999733,40.22884589000006],[-1.9980664569999362,40.23725779500006],[-1.9989190869999334,40.24301752500003],[-2.0023247459999425,40.248123605000046],[-2.00824281499996,40.251868245000026],[-2.00894491899993,40.25547341600003],[-2.001207701999931,40.25877177900003],[-2.0045087339999554,40.263809313000024],[-2.0021516039999483,40.26990619600008],[-1.9935780749999594,40.25823266900005],[-1.9994886409999708,40.25428388700004],[-1.9951225709999676,40.251106357000026],[-1.9937288389999708,40.246026597000025],[-1.9902064799999266,40.24743736700003],[-1.9882013839999786,40.24559549600008],[-1.9837868189999313,40.24617392600004],[-1.981390150999971,40.24468435800003],[-1.987911262999944,40.239619891000075],[-1.9857014819999677,40.23595633300005],[-1.982567812999946,40.23572160700007],[-1.9811149039999805,40.23212317400004],[-1.9757463389999543,40.23814343600003],[-1.9685413639999751,40.23830465100008],[-1.9666009969999436,40.239363928000046],[-1.9661373109999545,40.24240937900004],[-1.9601609409999696,40.24555856100005],[-1.9511568379999744,40.24406734400003],[-1.9506501929999445,40.24585106100005],[-1.953614019999975,40.24759414700003],[-1.9500671039999702,40.249012477000065],[-1.9504909719999546,40.25063796500007],[-1.9557370339999807,40.256284608000044],[-1.9533320789999493,40.256398008000076],[-1.9530272089999698,40.25862950800007],[-1.9584739269999432,40.26217421200005],[-1.9570157049999466,40.26341784300007],[-1.958127008999952,40.26562157300003],[-1.9619434559999718,40.26484056400005],[-1.9619463749999682,40.267196470000044],[-1.9642336259999524,40.26913591300007],[-1.9641747569999666,40.272558841000034],[-1.9613638939999305,40.27413274700007],[-1.963056245999951,40.275472268000044],[-1.96220920199994,40.27985659800004],[-1.9585958899999696,40.281238545000065],[-1.957040036999956,40.28431013200003],[-1.9581372459999784,40.28611282700007],[-1.9571666669999672,40.29190141200007],[-1.9618227629999296,40.29674513300006],[-1.9610131499999284,40.29871084400003],[-1.9679386799999747,40.30829542400005],[-1.9679826319999734,40.310818346000076],[-1.9738516819999745,40.31060030900005],[-1.9761788189999265,40.32359844700005],[-1.9645116259999327,40.32396301500006],[-1.9590581809999321,40.327265398000065],[-1.952778948999935,40.33901949300008],[-1.9555969059999256,40.34180173400006],[-1.9573615809999296,40.34724107200003],[-1.9626103749999402,40.35279277800004],[-1.9674581799999373,40.353809150000075],[-1.9724547219999522,40.34736720300003],[-1.9795273329999645,40.34533526100006],[-1.9870848519999527,40.34722140700006],[-1.99047989099995,40.34512061300006],[-1.99979923799998,40.34805747300004],[-2.0008528709999496,40.34722424300003],[-1.996029721999946,40.35208335100003],[-1.994817596999951,40.35664037500004],[-1.9964431819999504,40.359933770000055],[-2.0028802849999465,40.363507483000035],[-2.005555519999973,40.36754403000003],[-2.0157165739999527,40.37213549000006],[-2.0226399119999314,40.37171226600003],[-2.0271740969999428,40.37339916500008],[-2.034643538999944,40.36752487900003],[-2.038727923999943,40.36605442200005],[-2.0427669579999588,40.36694380000006],[-2.0423995649999256,40.375422720000074],[-2.050317092999933,40.38117722900006],[-2.056561909999971,40.39122834500006],[-2.065494884999964,40.391940573000056],[-2.0727605689999677,40.40082790300005],[-2.0804475409999554,40.40401545200007],[-2.082462401999976,40.40750893200004],[-2.0929592269999375,40.413060261000055],[-2.0988673949999566,40.41988123300007],[-2.1164988789999484,40.426377743000046],[-2.09273196099997,40.44400417500003],[-2.084876359999953,40.45634748600003],[-2.111151465999967,40.48239920200007],[-2.129162176999955,40.494680376000076],[-2.112385202999974,40.48994911700004],[-2.1054689929999313,40.48118417400008],[-2.0976939829999424,40.48118675300003],[-2.0912685409999767,40.47910036700006],[-2.0822235669999714,40.472749656000076],[-2.0670812379999575,40.46560140300005],[-2.021281989999977,40.46057379500007],[-2.001374744999964,40.46363760000003],[-1.9934306269999524,40.466415451000046],[-1.9875481649999642,40.470895495000036],[-1.9841149449999307,40.478509350000024],[-1.9703898539999614,40.49033350900004],[-1.9523821679999287,40.49037878100006],[-1.9428302359999634,40.49409796100008],[-1.9426964649999263,40.49585344900004],[-1.9490462329999332,40.496542016000035],[-1.950082001999931,40.502767498000026],[-1.9589390729999536,40.514604131000056],[-1.959138045999964,40.51700225700006],[-1.9516731549999804,40.51942565600007],[-1.941601893999973,40.51963558400007],[-1.9373996219999299,40.518173611000066],[-1.9312476179999294,40.52363019200004],[-1.92671054799996,40.524421421000056],[-1.9218278679999798,40.52812356900006],[-1.9120971349999536,40.522068527000044]],[[-1.9578004179999766,40.47927489800003],[-1.9642334949999736,40.47905799200004],[-1.9743873649999273,40.47364870700005],[-1.967354160999946,40.47351397600005],[-1.9786132019999627,40.46486649600007],[-1.980788630999939,40.468282044000034],[-1.9859137589999705,40.46711546100005],[-1.9872638669999674,40.46420393300008],[-1.9886629219999463,40.45792350100004],[-1.9865926549999244,40.45285138400004],[-1.9881013019999614,40.449765555000056],[-1.9807377589999646,40.44385406600003],[-1.9744643939999378,40.43301494200006],[-1.9705394209999554,40.42908820500003],[-1.9509182709999777,40.420272219000026],[-1.948777474999929,40.41695551300006],[-1.9390439599999354,40.41605576000006],[-1.9382391329999678,40.41476910700004],[-1.9222302599999352,40.41717042000005],[-1.9106406379999612,40.415908614000045],[-1.9025876819999326,40.42042693500008],[-1.9056628669999327,40.422825429000056],[-1.8989555079999718,40.42509049800003],[-1.8980248589999746,40.42888786200007],[-1.902989927999954,40.43651604400003],[-1.909976530999927,40.44325320400003],[-1.914868002999981,40.46077637700006],[-1.931334326999945,40.46018213600007],[-1.9452126269999326,40.46606632500004],[-1.9514637199999356,40.46419984600004],[-1.9610698399999364,40.470908128000076],[-1.9578004179999766,40.47927489800003]],[[-2.001916795999932,40.40733387200004],[-1.9961230209999599,40.41788101900005],[-1.9836133719999793,40.42047433300007],[-1.9879507139999646,40.423647499000026],[-1.9927106459999777,40.43170700100006],[-1.9984059649999608,40.43322495900003],[-2.004320922999966,40.439050773000076],[-2.0058695839999245,40.44197397600004],[-2.004603978999967,40.44463871800008],[-2.01213187999997,40.445919530000026],[-2.0214558759999477,40.45671946700003],[-2.0257686819999776,40.45616133900006],[-2.0310573989999625,40.45252119100007],[-2.0387195529999644,40.457720282000025],[-2.0609540999999467,40.463443667000035],[-2.0713259809999727,40.46400500300007],[-2.078996441999948,40.462012395000045],[-2.0836001559999318,40.45826527500003],[-2.08823274599996,40.445365131000074],[-2.0934045929999456,40.43694646300003],[-2.093308148999938,40.43359438500005],[-2.0951573129999588,40.43285213400003],[-2.0945767299999716,40.429991753000024],[-2.091572628999927,40.42879250200008],[-2.091413935999981,40.42596695200007],[-2.0860334629999784,40.423501104000024],[-2.08596207599993,40.418869941000025],[-2.06884417699996,40.40454413700007],[-2.0666316219999317,40.396652447000065],[-2.0626946619999558,40.393350320000025],[-2.0343148029999725,40.394666166000036],[-2.0285624249999614,40.396464784000045],[-2.011507606999942,40.39515799700007],[-2.009717203999969,40.39833183500008],[-2.0056153989999643,40.40081010700004],[-2.001916795999932,40.40733387200004]],[[-1.9238969909999355,40.394681752000054],[-1.9107524179999587,40.38559476000006],[-1.9082761489999598,40.381355230000054],[-1.896357228999932,40.379007828000056],[-1.8941475369999807,40.37438315800006],[-1.8898370009999326,40.37218870800007],[-1.8822247669999683,40.36097132000003],[-1.8795975899999462,40.36031526200003],[-1.8689998509999555,40.33627532200006],[-1.8654361929999368,40.33396114100003],[-1.8646438679999733,40.32996239700003],[-1.8618129539999586,40.32750214500004],[-1.8533840069999314,40.325463918000025],[-1.8469042189999527,40.32096706800007],[-1.8154221159999793,40.32552264000003],[-1.8120689859999288,40.32811884300003],[-1.804974743999935,40.32723493000003],[-1.7852341839999326,40.32922737200005],[-1.7777965449999442,40.33654078500007],[-1.7794924929999638,40.34540092800006],[-1.7932508819999384,40.36148658900004],[-1.809417036999946,40.37516303000007],[-1.830747846999941,40.38547972600003],[-1.8328524169999696,40.39323060000004],[-1.8423169179999377,40.40267698900004],[-1.8484667129999366,40.40138710800005],[-1.8508004369999753,40.40274364900006],[-1.8570278889999372,40.400336981000066],[-1.8722975869999345,40.40963999300004],[-1.8775216219999606,40.40661883300004],[-1.8804600499999538,40.40780047100003],[-1.8950802819999808,40.39154502000008],[-1.9001937809999276,40.38792717100006],[-1.9068794379999758,40.390504082000064],[-1.9091337039999416,40.39537216800005],[-1.922407532999955,40.40310921100007],[-1.9274009229999365,40.397371950000036],[-1.9238969909999355,40.394681752000054]],[[-1.9900536199999692,40.35395902700003],[-1.9900845469999808,40.35375077400005],[-1.9900793689999432,40.35375539100005],[-1.9900536199999692,40.35395902700003]],[[-1.9665168179999455,40.15937484300008],[-1.9964718649999327,40.15583660300007],[-2.0319206639999265,40.14002982000005],[-2.0404203549999806,40.12746046800004],[-2.0540194549999455,40.12010361000006],[-2.0503579219999324,40.11505541300005],[-2.0480369449999785,40.108153181000034],[-2.043352044999949,40.10588024100008],[-2.042700950999972,40.102946805000045],[-2.053201266999963,40.099573521000025],[-2.0678943499999605,40.08348025000004],[-2.073059654999952,40.08168828500004],[-2.0789512059999424,40.08228487100007],[-2.0795994079999787,40.07944303800008],[-2.0840721629999734,40.07737929700005],[-2.0838038609999785,40.072899472000074],[-2.0903696409999384,40.065085957000065],[-2.087023808999959,40.060113424000065],[-2.0831874319999315,40.05765956600004],[-2.0788556669999707,40.059796481000035],[-2.067765670999961,40.05450026900007],[-2.0530744389999427,40.05033584000006],[-2.047542066999938,40.04352435100003],[-2.0524363119999407,40.03969941200006],[-2.0429861599999413,40.03569358100003],[-2.043999251999935,40.04539617100005],[-2.0423853699999768,40.047635213000035],[-2.0365878019999286,40.04975842600004],[-2.0208678089999808,40.04723910300004],[-2.0125913719999744,40.04318665900007],[-1.9973493989999724,40.04340710400004],[-1.9809527499999717,40.04874177800008],[-1.9716029749999393,40.05697487000003],[-1.9564922649999517,40.062984149000044],[-1.9551171779999663,40.06472858800004],[-1.9661652529999287,40.06844952300003],[-1.9738978279999628,40.07437440700005],[-1.9796540279999704,40.083146370000065],[-1.97649804699995,40.090253964000055],[-1.9639567209999313,40.09501652300003],[-1.9643346209999777,40.09639833800003],[-1.9573253179999597,40.09677689500006],[-1.9368897239999683,40.10505086400008],[-1.927084327999978,40.104852308000034],[-1.9237990139999397,40.11379511100006],[-1.9270452539999496,40.11704156400003],[-1.9304824959999678,40.132073852000076],[-1.9355991209999388,40.13588689200003],[-1.9374470449999421,40.14227316600005],[-1.9388572129999488,40.14215211900006],[-1.933904995999967,40.151142021000055],[-1.9578551709999488,40.160396426000034],[-1.9665168179999455,40.15937484300008]],[[-2.1180177849999495,40.04524765600007],[-2.1158438429999364,40.04611833800004],[-2.1200981439999396,40.05060281800007],[-2.1166989459999286,40.05044968800007],[-2.119516350999959,40.05370062900005],[-2.11165482399997,40.05731445300006],[-2.117348852999953,40.06450467800005],[-2.1306936629999313,40.07463196900005],[-2.128503321999972,40.07554759900006],[-2.1288312559999554,40.080037798000035],[-2.1240070279999372,40.082361794000064],[-2.1311740079999595,40.08078665100004],[-2.133342986999935,40.077100330000064],[-2.1399162739999724,40.081484395000075],[-2.1401516129999436,40.07901533300003],[-2.1431519119999507,40.07724342800003],[-2.1439736209999296,40.07993393600003],[-2.1493719979999355,40.08287218800007],[-2.151593957999978,40.08108357000003],[-2.150516993999929,40.07865171800006],[-2.153058699999974,40.07668738700005],[-2.1785754389999283,40.07800863700004],[-2.1777755829999705,40.074563115000046],[-2.167427529999941,40.073422648000076],[-2.1779522269999347,40.07321572300003],[-2.1717863749999538,40.067647865000026],[-2.1685668539999483,40.06667656900004],[-2.160566451999955,40.06879298700005],[-2.1620626389999416,40.07122348100006],[-2.1584160939999606,40.074909399000035],[-2.1512109099999748,40.075702731000035],[-2.151181435999945,40.07172846000003],[-2.157091161999972,40.069072825000035],[-2.15258683899998,40.06283358300004],[-2.1689718169999423,40.063823153000044],[-2.1708884619999367,40.06276324400005],[-2.164101753999944,40.05778935400008],[-2.1523221139999578,40.06255190200005],[-2.14846935099996,40.05590877000003],[-2.1483495949999565,40.05226454900003],[-2.1447007229999713,40.05204015100003],[-2.1465219739999384,40.04628428700005],[-2.1394264109999312,40.044162319000066],[-2.138587809999933,40.04624252900004],[-2.133583506999969,40.04846333100005],[-2.135252358999935,40.053689586000075],[-2.1383284499999604,40.05546622900005],[-2.134226991999981,40.05595905200005],[-2.125228470999957,40.044517503000066],[-2.114886995999939,40.03789361400004],[-2.1180177849999495,40.04524765600007]],[[-2.171642679999934,40.08294185500006],[-2.1708485879999557,40.08358816000003],[-2.1740652139999384,40.08431802900003],[-2.173224847999961,40.08583562100006],[-2.1747146199999747,40.08677275000008],[-2.182766198999957,40.08651045100004],[-2.1802762839999446,40.08397133900007],[-2.1809976669999287,40.08216422700008],[-2.1784904819999724,40.08187881500004],[-2.1768615759999648,40.08359673000007],[-2.172462932999963,40.08160943200005],[-2.171642679999934,40.08294185500006]],[[-2.0350974039999414,40.157834182000045],[-2.033370239999954,40.159519008000075],[-2.036975178999967,40.159114611000064],[-2.0350974039999414,40.157834182000045]],[[-2.217980046999969,40.16314209500007],[-2.216629083999976,40.16388111200007],[-2.217458889999932,40.164778857000044],[-2.2202030709999576,40.162336993000054],[-2.2187083029999712,40.161766200000045],[-2.217980046999969,40.16314209500007]],[[-2.226589022999974,40.049992952000025],[-2.225062652999952,40.05097124100007],[-2.2260034529999757,40.05226615000004],[-2.226589022999974,40.049992952000025]],[[-2.2624428539999712,40.04457810700006],[-2.2589174269999717,40.04435388100006],[-2.2588783509999644,40.045492710000076],[-2.2614724099999535,40.046585582000034],[-2.263649404999967,40.04534498900006],[-2.2624428539999712,40.04457810700006]],[[-2.304334590999929,40.04395904000006],[-2.3031878889999575,40.04102178800008],[-2.3003628349999303,40.03960717000007],[-2.301828395999962,40.04380905700003],[-2.304334590999929,40.04395904000006]],[[-2.1197089189999474,40.02373659700004],[-2.120583119999935,40.02116335300008],[-2.1189625989999286,40.02019989400003],[-2.1120928849999245,40.02152997600007],[-2.1112965459999486,40.018753256000025],[-2.108320600999946,40.02491653800007],[-2.1050158199999487,40.027638402000036],[-2.1137475669999617,40.02866447400004],[-2.114455315999976,40.034724468000036],[-2.1197089189999474,40.02373659700004]],[[-2.1069148869999594,40.029957997000054],[-2.1002986999999393,40.02910332300007],[-2.0991207879999365,40.02790007800007],[-2.102425890999939,40.025692390000074],[-2.1012682009999253,40.02524226000003],[-2.0965027199999327,40.024348813000074],[-2.0930927499999257,40.026127185000064],[-2.094583004999947,40.026906204000056],[-2.0929226299999755,40.02884161000003],[-2.109103882999932,40.03416154000007],[-2.1105493399999773,40.03213826700005],[-2.1069148869999594,40.029957997000054]],[[-2.0623892259999366,40.01027191400004],[-2.065892443999928,40.008752677000075],[-2.0608597129999566,40.00570418600006],[-2.0607906329999537,40.00920773400003],[-2.0623892259999366,40.01027191400004]],[[-2.103086502999929,40.006454381000026],[-2.1024399969999763,40.00901490100006],[-2.1053555129999495,40.00970659500007],[-2.103086502999929,40.006454381000026]]],[[[-2.047519457999954,39.88457855000007],[-2.041841070999965,39.87609645100008],[-2.0465671729999713,39.87005381500006],[-2.04815382299995,39.86439069000005],[-2.0402669609999293,39.857316077000064],[-2.0288128719999463,39.86210402000006],[-2.01034451299995,39.85450581300006],[-1.9968017399999667,39.852488392000055],[-2.000677082999971,39.843205735000026],[-1.999244320999935,39.83562515500006],[-2.005898059999936,39.826438309000025],[-2.0115438069999527,39.82957692600007],[-2.0179252819999647,39.83781204200005],[-2.025068510999972,39.841674444000034],[-2.0359717389999332,39.85181151000006],[-2.0377221479999434,39.85537590400003],[-2.0426394089999462,39.85820963500004],[-2.069912970999951,39.84788109200008],[-2.0805385189999583,39.84698374900006],[-2.092759957999931,39.849143251000044],[-2.092221178999978,39.85011209600003],[-2.0991014309999514,39.85226503900003],[-2.0989862409999773,39.853921952000064],[-2.109525435999956,39.860652608000066],[-2.109733336999966,39.861753401000044],[-2.106352132999973,39.86182650100005],[-2.1037554989999308,39.85753580800008],[-2.0974986939999667,39.854144639000026],[-2.0858537009999623,39.85251274900003],[-2.078007361999937,39.84920709900007],[-2.062346876999925,39.85328011300004],[-2.054647131999957,39.86151562500004],[-2.054749587999936,39.86767915200005],[-2.051031683999952,39.871054481000044],[-2.0509275049999474,39.87352230600004],[-2.061204231999966,39.87707472100004],[-2.0609064169999556,39.87918960500008],[-2.059485406999954,39.88134043100007],[-2.052024195999934,39.88473941700005],[-2.047519457999954,39.88457855000007]]]]}},{"type":"Feature","properties":{"ClaseSuelo":"SUELO URBANIZABLE DELIMITADO O SECTORIZADO","NuclRural":"0","AreaLamber":796.43587884,"Shape_STAr":0.000841217416511},"geometry":{"type":"MultiPolygon","coordinates":[[[[-2.1465405349999287,40.07208617900005],[-2.1506416319999744,40.07179907400007],[-2.148694827999975,40.06898259600007],[-2.1529369159999305,40.066607461000046],[-2.1536940769999546,40.06526869800007],[-2.1521761819999483,40.063077822000025],[-2.151671118999957,40.065424380000024],[-2.14749309299998,40.06542753600007],[-2.144737280999948,40.06388669100005],[-2.14504640399997,40.06233499000007],[-2.140676891999931,40.05733403800008],[-2.1351737879999746,40.05708406800005],[-2.1346338259999698,40.05557927700005],[-2.140237064999951,40.056445644000064],[-2.141179465999926,40.05530970500007],[-2.144736987999977,40.057617048000054],[-2.14805178499995,40.05419436300008],[-2.1524658339999405,40.06260889400005],[-2.164101753999944,40.05778935400008],[-2.1707771989999287,40.062377999000034],[-2.169289203999938,40.06381605300004],[-2.1611099279999735,40.06283476800007],[-2.160628580999969,40.060525030000065],[-2.1588527729999782,40.06028864600006],[-2.15258683899998,40.06283358300004],[-2.157091161999972,40.069072825000035],[-2.151181435999945,40.07172846000003],[-2.151226034999979,40.075546392000035],[-2.1471191319999434,40.07424371700006],[-2.1465405349999287,40.07208617900005]]],[[[-2.1029571739999255,40.00696661200004],[-2.1053555129999495,40.00970659500007],[-2.1024399969999763,40.00901490100006],[-2.1029571739999255,40.00696661200004]]],[[[-2.109103882999932,40.03416154000007],[-2.0929226299999755,40.02884161000003],[-2.097223688999975,40.026492517000065],[-2.0965027199999327,40.024348813000074],[-2.1012682009999253,40.02524226000003],[-2.102425890999939,40.025692390000074],[-2.099503251999977,40.02834530800004],[-2.1102268039999785,40.031870437000066],[-2.109103882999932,40.03416154000007]]],[[[-2.1138894109999455,40.02974162900006],[-2.1137475669999617,40.02866447400004],[-2.1050158199999487,40.027638402000036],[-2.108320600999946,40.02491653800007],[-2.1112965459999486,40.018753256000025],[-2.1120928849999245,40.02152997600007],[-2.1189625989999286,40.02019989400003],[-2.120583119999935,40.02116335300008],[-2.114455315999976,40.034724468000036],[-2.1138894109999455,40.02974162900006]]],[[[-2.1150327139999376,40.03828800000008],[-2.1244589229999633,40.04381390200007],[-2.129444203999981,40.04970678700005],[-2.1227812589999644,40.05082019200006],[-2.11619490399994,40.04315946300005],[-2.1150327139999376,40.03828800000008]]],[[[-2.135250386999928,40.05320829200008],[-2.133583506999969,40.04846333100005],[-2.138587809999933,40.04624252900004],[-2.1394264109999312,40.044162319000066],[-2.1465219739999384,40.04628428700005],[-2.1454412809999326,40.051223296000046],[-2.142813412999942,40.05355336800005],[-2.142775770999947,40.05014059600006],[-2.13974498999994,40.049556137000025],[-2.135250386999928,40.05320829200008]]],[[[-2.2092873729999383,40.06837697700007],[-2.2102276389999247,40.06659267200007],[-2.2181761169999277,40.06575712600005],[-2.223722825999971,40.06893835400007],[-2.22408117599997,40.07053933900005],[-2.208454667999945,40.06989812300003],[-2.2092873729999383,40.06837697700007]]],[[[-2.143320252999956,40.07155926400003],[-2.141435415999979,40.07144919500007],[-2.1417220419999694,40.06900474500003],[-2.144287884999926,40.068830853000065],[-2.143320252999956,40.07155926400003]]],[[[-2.176994112999978,40.07349269200006],[-2.1665316599999755,40.07303318000004],[-2.1657039379999787,40.07150180100007],[-2.1635590239999374,40.073157654000056],[-2.160566451999955,40.06879298700005],[-2.170597756999939,40.06709463300007],[-2.176994112999978,40.07349269200006]]],[[[-2.1287190519999513,40.07387073000007],[-2.117348852999953,40.06450467800005],[-2.11166768399994,40.05735360800003],[-2.119516350999959,40.05370062900005],[-2.1166989459999286,40.05044968800007],[-2.120635123999932,40.05064500300006],[-2.122194282999942,40.05251173900007],[-2.1196156749999773,40.05383068100008],[-2.1234543669999653,40.05572885700008],[-2.120625023999935,40.057010502000026],[-2.12695623999997,40.065806612000074],[-2.1282986239999673,40.065025082000034],[-2.131507296999928,40.06807837500003],[-2.1296491479999418,40.070337531000064],[-2.1288744939999447,40.068862015000036],[-2.1268742289999523,40.06907985300006],[-2.1287190519999513,40.07387073000007]]],[[[-2.144082323999953,40.07366588300005],[-2.146955522999974,40.075560550000034],[-2.1447828189999427,40.075432103000026],[-2.144082323999953,40.07366588300005]]],[[[-2.1630762679999407,40.07714718200003],[-2.1641038239999375,40.07412211400003],[-2.1686523019999413,40.074987917000044],[-2.1685123829999498,40.07355212200008],[-2.1709458029999382,40.07383689100004],[-2.170420607999972,40.075687482000035],[-2.17311690899993,40.07699342600006],[-2.1741214849999437,40.07559015900006],[-2.176405256999942,40.076486284000055],[-2.1777755829999705,40.074563115000046],[-2.1785754389999283,40.07800863700004],[-2.1630762679999407,40.07714718200003]]],[[[-2.145635095999978,40.07945759300003],[-2.148765039999944,40.07925556400005],[-2.1498282139999674,40.07754528000004],[-2.151593957999978,40.08108357000003],[-2.1493719979999355,40.08287218800007],[-2.145635095999978,40.07945759300003]]],[[[-2.1785265359999357,40.086312572000054],[-2.1747146199999747,40.08677275000008],[-2.173224847999961,40.08583562100006],[-2.1740652139999384,40.08431802900003],[-2.1708485879999557,40.08358816000003],[-2.172462932999963,40.08160943200005],[-2.1768615759999648,40.08359673000007],[-2.1784904819999724,40.08187881500004],[-2.1809976669999287,40.08216422700008],[-2.1802762839999446,40.08397133900007],[-2.182766198999957,40.08651045100004],[-2.1779246939999553,40.08398259200004],[-2.177313402999971,40.08577636000007],[-2.17987803799997,40.08575336700005],[-2.1800709039999333,40.08717452700006],[-2.1785265359999357,40.086312572000054]]]]}},{"type":"Feature","properties":{"ClaseSuelo":"SUELO URBANO","NuclRural":"0","AreaLamber":490.31523226,"Shape_STAr":0.000517966671235},"geometry":{"type":"MultiPolygon","coordinates":[[[[-2.145632058999979,40.073600928000076],[-2.153399806999971,40.07581909500004],[-2.1584160939999606,40.074909399000035],[-2.1609344809999698,40.07178957800005],[-2.161287283999968,40.073288354000056],[-2.165427359999967,40.07293237400006],[-2.1657039379999787,40.07150180100007],[-2.1674726269999383,40.073148496000044],[-2.163191326999936,40.073502939000036],[-2.163763130999939,40.07439453400008],[-2.160771747999945,40.076039697000056],[-2.153058699999974,40.07668738700005],[-2.151738178999949,40.07858730500004],[-2.147725199999968,40.07702858400006],[-2.148765039999944,40.07925556400005],[-2.145061574999943,40.080086547000064],[-2.1431519119999507,40.07724342800003],[-2.1401516129999436,40.07901533300003],[-2.1399162739999724,40.081484395000075],[-2.132945652999979,40.07718188200005],[-2.1311740079999595,40.08078665100004],[-2.1240070279999372,40.082361794000064],[-2.1288312559999554,40.080037798000035],[-2.128503321999972,40.07554759900006],[-2.1307051379999393,40.074775705000036],[-2.12812712799996,40.07291126300004],[-2.1268742289999523,40.06907985300006],[-2.1288744939999447,40.068862015000036],[-2.1296491479999418,40.070337531000064],[-2.130525741999975,40.068072769000025],[-2.131997232999936,40.06848711400005],[-2.131101312999931,40.069825768000044],[-2.1324031199999354,40.06920172100007],[-2.1279659909999395,40.06510420600006],[-2.128985502999967,40.06247646500003],[-2.1231541229999493,40.05516976500007],[-2.1196156749999773,40.05383068100008],[-2.122194282999942,40.05251173900007],[-2.120635123999932,40.05064500300006],[-2.129444203999981,40.04970678700005],[-2.1305761649999795,40.05141694400004],[-2.1274564509999436,40.05262430100004],[-2.1285513499999524,40.055237856000076],[-2.1263087729999484,40.05477949400006],[-2.130479685999944,40.05967813900003],[-2.1337507959999584,40.058867132000046],[-2.1337825629999543,40.063002176000055],[-2.1361418619999313,40.067654694000055],[-2.134396985999956,40.05580422500003],[-2.135132576999979,40.063142981000055],[-2.137609654999949,40.06882920900006],[-2.1352785969999672,40.05831093200004],[-2.1390550549999716,40.05917290600007],[-2.138796167999942,40.06202896900004],[-2.139958247999971,40.06018061100008],[-2.144475727999975,40.06174870000007],[-2.142936178999946,40.06515634800007],[-2.1446701139999504,40.063753244000054],[-2.151671118999957,40.065424380000024],[-2.1521761819999483,40.063077822000025],[-2.1536940769999546,40.06526869800007],[-2.1529369159999305,40.066607461000046],[-2.148694827999975,40.06898259600007],[-2.1506416319999744,40.07179907400007],[-2.1465405349999287,40.07208617900005],[-2.145632058999979,40.073600928000076],[-2.145740931999967,40.07197419500005],[-2.143755642999963,40.071783192000055],[-2.145632058999979,40.073600928000076]],[[-2.1358004299999607,40.06932664300007],[-2.1357146479999756,40.069187827000064],[-2.1356184199999575,40.06937175000007],[-2.1358004299999607,40.06932664300007]],[[-2.134374912999931,40.07119312300006],[-2.134015874999932,40.07127008500004],[-2.1342258449999463,40.07137310000007],[-2.134374912999931,40.07119312300006]],[[-2.139305942999954,40.063242382000055],[-2.13900265999996,40.06302536600003],[-2.139083803999938,40.06347030500007],[-2.139305942999954,40.063242382000055]],[[-2.135174117999952,40.06777183300005],[-2.134881924999945,40.067464733000065],[-2.1349213649999683,40.06783286600006],[-2.135174117999952,40.06777183300005]],[[-2.139212468999972,40.070451770000034],[-2.1395798199999376,40.070703483000045],[-2.1389538979999543,40.07025508100003],[-2.139212468999972,40.070451770000034]],[[-2.130096084999934,40.07064450100006],[-2.130160893999971,40.07028562000005],[-2.129726810999955,40.07042392900007],[-2.130096084999934,40.07064450100006]],[[-2.1393722679999314,40.066008099000044],[-2.1392827029999353,40.065490606000026],[-2.1387243179999587,40.06554692700007],[-2.1393722679999314,40.066008099000044]],[[-2.14104561299996,40.06961611600008],[-2.140038653999966,40.06998848200004],[-2.1409419029999412,40.07010014300005],[-2.14104561299996,40.06961611600008]],[[-2.1316830959999606,40.066183839000075],[-2.130064688999937,40.06628434900006],[-2.1303270149999776,40.06668059800006],[-2.1316830959999606,40.066183839000075]],[[-2.129979781999964,40.06151334900005],[-2.1308660989999453,40.06104378800006],[-2.1299380839999458,40.05980840600006],[-2.129979781999964,40.06151334900005]],[[-2.1290869879999264,40.05993082900005],[-2.1292994459999477,40.05882247900007],[-2.128492405999964,40.05921731700005],[-2.1290869879999264,40.05993082900005]],[[-2.1315733349999277,40.06210314200007],[-2.131081212999959,40.061348750000036],[-2.1301165679999485,40.062035199000036],[-2.1315733349999277,40.06210314200007]],[[-2.143372514999953,40.07526657100004],[-2.1411578949999353,40.07814496800006],[-2.1435534379999694,40.07674461900007],[-2.143372514999953,40.07526657100004]],[[-2.143883960999972,40.063900955000065],[-2.1420103429999244,40.06303889600008],[-2.1431034729999396,40.06458765900004],[-2.143883960999972,40.063900955000065]],[[-2.146641443999954,40.074482153000076],[-2.144139195999969,40.07340366900007],[-2.1447828189999427,40.075432103000026],[-2.146955522999974,40.075560550000034],[-2.146641443999954,40.074482153000076]],[[-2.1440771059999406,40.06856697300003],[-2.141396886999928,40.067732817000035],[-2.141435415999979,40.07144919500007],[-2.143320252999956,40.07155926400003],[-2.1440771059999406,40.06856697300003]]],[[[-2.1415336449999245,40.05546086900006],[-2.1451242019999768,40.05178125300006],[-2.1483495949999565,40.05226454900003],[-2.148676302999945,40.05373394800006],[-2.144736987999977,40.057617048000054],[-2.1415336449999245,40.05546086900006]]],[[[-2.0625502979999624,40.009265113000026],[-2.0607906329999537,40.00920773400003],[-2.0608597129999566,40.00570418600006],[-2.065892443999928,40.008752677000075],[-2.0621216969999523,40.01034522200007],[-2.0625502979999624,40.009265113000026]]],[[[-2.3040649909999615,40.044317128000046],[-2.301828395999962,40.04380905700003],[-2.3003628349999303,40.03960717000007],[-2.3031878889999575,40.04102178800008],[-2.3040649909999615,40.044317128000046]]],[[[-2.1709058439999467,40.074124605000065],[-2.1741214849999437,40.07559015900006],[-2.1735832919999325,40.07699675600003],[-2.170420607999972,40.075687482000035],[-2.1709058439999467,40.074124605000065]]],[[[-2.2614724099999535,40.046585582000034],[-2.2595887919999313,40.04636738100004],[-2.2589174269999717,40.04435388100006],[-2.2632950639999763,40.04475606700004],[-2.2614724099999535,40.046585582000034]]],[[[-2.0950234069999283,40.02717270200003],[-2.0946145509999496,40.02512537400003],[-2.0970826369999713,40.02564030700006],[-2.0950234069999283,40.02717270200003]]],[[[-2.0359816449999357,40.15940714100003],[-2.0333068439999806,40.15856025100004],[-2.0369575299999383,40.15807322400008],[-2.0359816449999357,40.15940714100003]]],[[[-2.176633166999977,40.076209350000056],[-2.174470987999939,40.07630123100006],[-2.174864809999974,40.074310540000056],[-2.177102303999959,40.074500199000056],[-2.176633166999977,40.076209350000056]]],[[[-2.2173824829999376,40.16444484600004],[-2.216970283999956,40.16317797600004],[-2.220066208999981,40.16211130500005],[-2.2173824829999376,40.16444484600004]]],[[[-2.1804303159999563,40.08589453700006],[-2.17709313499995,40.084789056000034],[-2.1784955649999347,40.08406213500007],[-2.1804303159999563,40.08589453700006]]],[[[-2.1332991499999707,40.05648959400003],[-2.1317473129999485,40.05487135300007],[-2.1328138639999565,40.054394638000076],[-2.1332991499999707,40.05648959400003]]],[[[-2.2260034529999757,40.05226615000004],[-2.225062652999952,40.05097124100007],[-2.227018432999955,40.05006018900008],[-2.2260034529999757,40.05226615000004]]],[[[-2.176994112999978,40.07349269200006],[-2.174638957999946,40.07397997900006],[-2.1748553609999703,40.07322544400006],[-2.176994112999978,40.07349269200006]]]]}},{"type":"Feature","properties":{"ClaseSuelo":"SUELO NO URBANIZABLE","NuclRural":"0","AreaLamber":22022.9200228,"Shape_STAr":0.0230658671595},"geometry":{"type":"Polygon","coordinates":[[[-2.529517240999951,39.55139182800008],[-2.533024171999955,39.545675334000066],[-2.5307884159999503,39.526870408000036],[-2.5448512479999295,39.51150941900005],[-2.5525349749999577,39.49426608300007],[-2.5649143819999267,39.457333746000074],[-2.5678958449999527,39.45522739100005],[-2.5692005959999733,39.45004663100008],[-2.581344079999951,39.45111378000007],[-2.6038584069999615,39.44335357700004],[-2.6042907469999363,39.43845328700007],[-2.6004230409999423,39.42998808500005],[-2.6139624789999516,39.42522223700007],[-2.6111147739999296,39.419175608000046],[-2.6188588229999255,39.41578626100005],[-2.621796829999937,39.41168701500004],[-2.6287735799999723,39.41035793700007],[-2.6265322959999367,39.40589948200005],[-2.63427657699998,39.40397336600006],[-2.628769385999931,39.39624721500007],[-2.627127519999931,39.396926766000036],[-2.62940580399993,39.387508887000024],[-2.6398342819999243,39.38507289100005],[-2.6329530989999625,39.36202922800004],[-2.619114495999952,39.34021046400005],[-2.629297992999966,39.33430090600007],[-2.6342616619999717,39.327955143000054],[-2.6420645569999692,39.32772717800003],[-2.648248520999971,39.32540331900003],[-2.653772938999964,39.326325508000025],[-2.6586441899999613,39.32291138000005],[-2.6624358269999675,39.322422380000035],[-2.6822511809999696,39.363039926000056],[-2.6878027789999805,39.37084022700003],[-2.691226755999935,39.38138735200005],[-2.6972918359999767,39.386976453000045],[-2.70544177499994,39.40114425200005],[-2.7161810999999716,39.40781196200004],[-2.7313793369999644,39.43059112000003],[-2.7391096489999427,39.43896166400003],[-2.731895270999928,39.453569379000044],[-2.7191293059999566,39.46320745500003],[-2.697694700999932,39.489752673000055],[-2.6989508539999747,39.50314563200004],[-2.6975257049999755,39.50723270700007],[-2.6993183649999537,39.51011624500006],[-2.6657959769999593,39.512227454000026],[-2.6519409999999652,39.518687777000025],[-2.646345897999936,39.53383106100006],[-2.6383877299999767,39.54507866200004],[-2.6367873539999778,39.55108366300004],[-2.631744052999977,39.558330209000076],[-2.6104720499999416,39.55152534000007],[-2.5927711189999627,39.54847753300004],[-2.59163295999997,39.550041356000065],[-2.5820775939999407,39.54998027500005],[-2.578087474999961,39.55155167000004],[-2.5669604099999788,39.54778030700004],[-2.5606164639999633,39.54951799600008],[-2.548952149999934,39.549369596000076],[-2.541414816999975,39.55283610500004],[-2.529517240999951,39.55139182800008]],[[-2.5734439709999606,39.511805751000054],[-2.5750551839999503,39.51024595800004],[-2.572782540999981,39.509174288000054],[-2.571619658999964,39.51071750600005],[-2.5734439709999606,39.511805751000054]],[[-2.688930927999934,39.45836593300004],[-2.6809898689999727,39.45413111400006],[-2.6782848799999783,39.44316648500006],[-2.66428958299997,39.44275215700003],[-2.658567251999955,39.43923353300005],[-2.660115935999954,39.44145386400004],[-2.6582806669999286,39.44264290500007],[-2.652726856999948,39.44238074400005],[-2.655709531999946,39.444549804000076],[-2.656688348999978,39.443341590000045],[-2.6570074059999342,39.444993261000036],[-2.659595240999977,39.444288947000075],[-2.659287722999977,39.446819928000025],[-2.6622173289999296,39.45064136600007],[-2.667795291999937,39.45398294100005],[-2.6726273949999495,39.461026865000065],[-2.6779534559999547,39.460676497000065],[-2.68198179999996,39.45821867500007],[-2.6830543629999397,39.46035746000007],[-2.68747960099995,39.46242687100005],[-2.6917273509999404,39.46190894600005],[-2.6917757469999515,39.45975745700008],[-2.688930927999934,39.45836593300004]],[[-2.6684548279999376,39.44185410800003],[-2.6624295889999416,39.44159646400004],[-2.6783520949999797,39.44287796800006],[-2.68089933899995,39.45354912500005],[-2.6844152509999617,39.455870547000075],[-2.685609991999968,39.454442390000054],[-2.6822327999999516,39.44990300400008],[-2.6872504109999795,39.446497126000054],[-2.6855079319999504,39.44422088600004],[-2.6810940589999745,39.44481394500008],[-2.6800801239999714,39.440460434000045],[-2.6782676709999578,39.439844159000074],[-2.6753677179999613,39.44077713000007],[-2.6727229909999437,39.439614445000075],[-2.6684548279999376,39.44185410800003]]]}},{"type":"Feature","properties":{"ClaseSuelo":"SUELO URBANIZABLE DELIMITADO O SECTORIZADO","NuclRural":"0","AreaLamber":131.97500522,"Shape_STAr":0.000138219352405},"geometry":{"type":"MultiPolygon","coordinates":[[[[-2.67151660199994,39.459456903000046],[-2.667795291999937,39.45398294100005],[-2.6622173289999296,39.45064136600007],[-2.659287722999977,39.446819928000025],[-2.659595240999977,39.444288947000075],[-2.6639391289999708,39.44574870900004],[-2.6644368829999507,39.44819013600005],[-2.666009952999957,39.44818004100006],[-2.6658564599999295,39.45069956000003],[-2.6696391909999306,39.450916945000074],[-2.6676266319999513,39.45344690400003],[-2.670972823999932,39.45316470300003],[-2.6731556139999384,39.45856346800008],[-2.677513911999938,39.458953508000036],[-2.6775993159999416,39.45605303900004],[-2.6798108739999407,39.455568984000024],[-2.688930927999934,39.45836593300004],[-2.6850007179999693,39.458486410000035],[-2.6840844299999276,39.460534729000074],[-2.68198179999996,39.45821867500007],[-2.675000799999964,39.461229968000055],[-2.67151660199994,39.459456903000046]]],[[[-2.66335688099997,39.440797891000045],[-2.6698832379999544,39.442529526000044],[-2.663749647999964,39.44228308500004],[-2.6624295889999416,39.44159646400004],[-2.66335688099997,39.440797891000045]]],[[[-2.6589376899999593,39.44057612300003],[-2.658567251999955,39.43923353300005],[-2.662944462999974,39.44245506000004],[-2.6582806669999286,39.44264290500007],[-2.660115935999954,39.44145386400004],[-2.6589376899999593,39.44057612300003]]],[[[-2.6794703839999556,39.44234574800004],[-2.676396307999937,39.44186590500004],[-2.6782676709999578,39.439844159000074],[-2.6800801239999714,39.440460434000045],[-2.6808029349999742,39.44350163400003],[-2.6794703839999556,39.44234574800004]]],[[[-2.6811384239999256,39.45057537100007],[-2.685609991999968,39.454442390000054],[-2.6844152509999617,39.455870547000075],[-2.68089933899995,39.45354912500005],[-2.6811384239999256,39.45057537100007]]],[[[-2.573333813999966,39.509106442000075],[-2.5750765109999634,39.51043911900007],[-2.573323554999945,39.51180867900007],[-2.571587430999955,39.510426315000075],[-2.573333813999966,39.509106442000075]]]]}},{"type":"Feature","properties":{"ClaseSuelo":"SUELO URBANO","NuclRural":"0","AreaLamber":271.01133762,"Shape_STAr":0.000283809726467},"geometry":{"type":"MultiPolygon","coordinates":[[[[-2.6748500029999605,39.45926674700007],[-2.6731556139999384,39.45856346800008],[-2.670972823999932,39.45316470300003],[-2.6677540009999348,39.45361210100003],[-2.6696391909999306,39.450916945000074],[-2.6658564599999295,39.45069956000003],[-2.666009952999957,39.44818004100006],[-2.6644368829999507,39.44819013600005],[-2.6639391289999708,39.44574870900004],[-2.6599585429999593,39.44419226300005],[-2.6570074059999342,39.444993261000036],[-2.656688348999978,39.443341590000045],[-2.655709531999946,39.444549804000076],[-2.652726856999948,39.44238074400005],[-2.678484191999928,39.44328623900003],[-2.6804831069999295,39.45331437200008],[-2.6841653639999663,39.45602002500004],[-2.6831959439999764,39.457188202000054],[-2.6775993159999416,39.45605303900004],[-2.67816926699993,39.45843387200006],[-2.6748500029999605,39.45926674700007]],[[-2.667893440999933,39.44870364600007],[-2.667087419999973,39.449909468000044],[-2.667860558999962,39.44979962700006],[-2.667893440999933,39.44870364600007]]],[[[-2.680056239999942,39.44729129000007],[-2.678228168999965,39.44281373200005],[-2.6684548279999376,39.44185410800003],[-2.6727229909999437,39.439614445000075],[-2.677869978999979,39.43994128200006],[-2.676396307999937,39.44186590500004],[-2.679384410999944,39.44198432400003],[-2.6810940589999745,39.44481394500008],[-2.6855079319999504,39.44422088600004],[-2.6872504109999795,39.446497126000054],[-2.6811384239999256,39.45057537100007],[-2.6807285319999323,39.453173881000055],[-2.680056239999942,39.44729129000007]]],[[[-2.6850265109999327,39.45873270300007],[-2.688930927999934,39.45836593300004],[-2.69211889099995,39.46148384400004],[-2.68747960099995,39.46242687100005],[-2.6840844299999276,39.460534729000074],[-2.6850265109999327,39.45873270300007]]]]}},{"type":"Feature","properties":{"ClaseSuelo":"SUELO URBANO NO CONSOLIDADO","NuclRural":"0","AreaLamber":1.20887594,"Shape_STAr":0.00000126593105451},"geometry":{"type":"MultiPolygon","coordinates":[[[[-2.66785654399996,39.448702945000036],[-2.667860558999962,39.44979962700006],[-2.667087419999973,39.449909468000044],[-2.66785654399996,39.448702945000036]]],[[[-2.672571148999964,39.44290577600003],[-2.6732908089999796,39.442871324000066],[-2.6724976499999684,39.44343340300003],[-2.672571148999964,39.44290577600003]]]]}},{"type":"Feature","properties":{"ClaseSuelo":"SUELO NO URBANIZABLE","NuclRural":"0","AreaLamber":7944.95769125,"Shape_STAr":0.00844113713186},"geometry":{"type":"Polygon","coordinates":[[[-2.263315001999956,40.51046962600003],[-2.259114439999962,40.492109665000044],[-2.253431129999967,40.487460516000056],[-2.260690411999974,40.48613785300006],[-2.2667488509999316,40.461780297000075],[-2.264055373999952,40.448123612000074],[-2.2604450379999435,40.44721767900006],[-2.2600898159999474,40.44412532800004],[-2.2713826919999747,40.43135932400003],[-2.2773950879999347,40.42918087700008],[-2.278093210999941,40.42563570200008],[-2.2821971569999278,40.423273891000065],[-2.3315131049999422,40.41786705000004],[-2.365373975999944,40.40321113400006],[-2.3808007819999375,40.412114657000075],[-2.381290857999943,40.424216372000046],[-2.383860955999978,40.42934721000006],[-2.3831999729999325,40.44360488900003],[-2.3642395509999687,40.45856514500008],[-2.343421715999966,40.46835857200006],[-2.3468131059999564,40.471395795000035],[-2.3450758089999795,40.48386333700006],[-2.347244337999939,40.48898367000004],[-2.345996768999953,40.492300905000036],[-2.3484432239999364,40.49594532100008],[-2.346935341999938,40.49757642800006],[-2.350132860999963,40.50031064900003],[-2.349584474999972,40.50164538800004],[-2.34601072199996,40.50278736000007],[-2.3350898949999532,40.50132412700003],[-2.3339714039999535,40.502470825000046],[-2.319839419999937,40.49778942900008],[-2.3079332889999478,40.50226821100006],[-2.29685292399995,40.50098509400004],[-2.2898188769999592,40.50436544200005],[-2.263315001999956,40.51046962600003]],[[-2.322146274999966,40.45052089600006],[-2.3207005199999458,40.44916985800006],[-2.3194121179999456,40.45124992400008],[-2.3177191979999634,40.45080612400005],[-2.318575839999937,40.44847521400004],[-2.3148360559999333,40.44743291100008],[-2.3137751269999285,40.445603136000045],[-2.309111156999961,40.44678385900005],[-2.3080102149999675,40.44856738400006],[-2.3043805969999767,40.448354908000056],[-2.3073258389999296,40.44897565500003],[-2.3063688749999756,40.45079644100008],[-2.3077075479999394,40.451090503000046],[-2.310013518999938,40.44915858200005],[-2.3109605549999515,40.453886211000054],[-2.3151372169999718,40.45126758200007],[-2.320600372999934,40.45316382200008],[-2.323086756999942,40.451170121000075],[-2.322146274999966,40.45052089600006]],[[-2.326378355999964,40.431297552000046],[-2.3251562729999478,40.43216467800005],[-2.3296187339999506,40.43701036700003],[-2.3336956419999524,40.433572887000025],[-2.326378355999964,40.431297552000046]]]}},{"type":"Feature","properties":{"ClaseSuelo":"SUELO URBANIZABLE DELIMITADO O SECTORIZADO","NuclRural":"0","AreaLamber":20.14255696,"Shape_STAr":0.0000213932295139},"geometry":{"type":"Polygon","coordinates":[[[-2.326378355999964,40.431297552000046],[-2.3336956419999524,40.433572887000025],[-2.3296187339999506,40.43701036700003],[-2.3251562729999478,40.43216467800005],[-2.326378355999964,40.431297552000046]]]}},{"type":"Feature","properties":{"ClaseSuelo":"SUELO URBANO","NuclRural":"0","AreaLamber":42.57219208,"Shape_STAr":0.0000452262579268},"geometry":{"type":"Polygon","coordinates":[[[-2.32210123699997,40.45049063000005],[-2.3191464119999523,40.45191635400005],[-2.3205871379999508,40.453114741000036],[-2.3230119839999475,40.451158957000075],[-2.322146274999966,40.45052089600006],[-2.323086756999942,40.451170121000075],[-2.320600372999934,40.45316382200008],[-2.3151372169999718,40.45126758200007],[-2.3109605549999515,40.453886211000054],[-2.310013518999938,40.44915858200005],[-2.3077075479999394,40.451090503000046],[-2.3063688749999756,40.45079644100008],[-2.3073258389999296,40.44897565500003],[-2.3043805969999767,40.448354908000056],[-2.3080102149999675,40.44856738400006],[-2.309111156999961,40.44678385900005],[-2.3137751269999285,40.445603136000045],[-2.3148360559999333,40.44743291100008],[-2.318575839999937,40.44847521400004],[-2.3177191979999634,40.45080612400005],[-2.3194121179999456,40.45124992400008],[-2.3207005199999458,40.44916985800006],[-2.32210123699997,40.45049063000005]],[[-2.319923711999934,40.44999328400007],[-2.319589902999951,40.45107110600003],[-2.321283795999932,40.449789562000035],[-2.319923711999934,40.44999328400007]],[[-2.3155199619999394,40.45087833700006],[-2.314321434999954,40.450914139000076],[-2.3176567379999256,40.45278595900004],[-2.3155199619999394,40.45087833700006]],[[-2.3132495749999293,40.45166320900006],[-2.314441643999942,40.451633591000075],[-2.3133014909999474,40.45118458600007],[-2.3132495749999293,40.45166320900006]],[[-2.3107273279999276,40.452403392000065],[-2.312985239999932,40.45205928900003],[-2.312924475999978,40.45113228900004],[-2.3107273279999276,40.452403392000065]],[[-2.31106768199993,40.449403060000066],[-2.3104310889999624,40.45009545900007],[-2.312115227999925,40.45055242500007],[-2.31106768199993,40.449403060000066]],[[-2.3094746809999265,40.44781635700008],[-2.3116462859999274,40.44814955100003],[-2.311103497999966,40.447038880000036],[-2.3137302769999337,40.44709860200004],[-2.3140533169999458,40.445890347000045],[-2.3094813619999286,40.44667570800004],[-2.3081008869999664,40.44851846600005],[-2.3094746809999265,40.44781635700008]]]}},{"type":"Feature","properties":{"ClaseSuelo":"SUELO URBANO NO CONSOLIDADO","NuclRural":"0","AreaLamber":19.57197897,"Shape_STAr":0.0000207922296201},"geometry":{"type":"MultiPolygon","coordinates":[[[[-2.3081008869999664,40.44851846600005],[-2.3094813619999286,40.44667570800004],[-2.3140533169999458,40.445890347000045],[-2.3137302769999337,40.44709860200004],[-2.311103497999966,40.447038880000036],[-2.3116462859999274,40.44814955100003],[-2.3081008869999664,40.44851846600005]]],[[[-2.3104753859999505,40.44919590100005],[-2.312115227999925,40.45055242500007],[-2.3104310889999624,40.45009545900007],[-2.3104753859999505,40.44919590100005]]],[[[-2.319923711999934,40.44999328400007],[-2.321283795999932,40.449789562000035],[-2.319589902999951,40.45107110600003],[-2.319923711999934,40.44999328400007]]],[[[-2.31325961999994,40.451313054000025],[-2.314441643999942,40.451633591000075],[-2.3132762429999616,40.451825634000045],[-2.31325961999994,40.451313054000025]]],[[[-2.3107273279999276,40.452403392000065],[-2.312924475999978,40.45113228900004],[-2.312985239999932,40.45205928900003],[-2.3107273279999276,40.452403392000065]]],[[[-2.3167238459999453,40.452778065000075],[-2.314321434999954,40.450914139000076],[-2.315945084999953,40.45080219300007],[-2.3177337659999466,40.45257427100006],[-2.3167238459999453,40.452778065000075]]],[[[-2.319205292999925,40.45226566400004],[-2.3214378629999715,40.44989581400006],[-2.3230119839999475,40.451158957000075],[-2.3205871379999508,40.453114741000036],[-2.319205292999925,40.45226566400004]]]]}},{"type":"Feature","properties":{"ClaseSuelo":"SUELO NO URBANIZABLE","NuclRural":"0","AreaLamber":7712.28938838,"Shape_STAr":0.00806230116397},"geometry":{"type":"Polygon","coordinates":[[[-1.9385633419999522,39.37900240600004],[-1.9356922309999618,39.37621973700004],[-1.9108901759999526,39.367484415000035],[-1.9046626979999246,39.36634471200006],[-1.886462278999943,39.369465252000055],[-1.8730863109999518,39.352906146000066],[-1.8733041869999738,39.34738491200005],[-1.8805751399999622,39.32669069000008],[-1.880050138999934,39.32414922000004],[-1.8873666629999661,39.304774974000054],[-1.9368699599999673,39.30395821600007],[-1.9665951509999786,39.30003608900006],[-1.9897998709999456,39.293680108000046],[-1.9950771769999278,39.309809452000025],[-2.006457745999967,39.31703439800003],[-1.9929384939999295,39.32290116400003],[-1.9920394689999625,39.32748870100005],[-1.9875228279999533,39.327634217000025],[-1.986323939999977,39.33041250700006],[-1.9889843709999582,39.33177819700006],[-1.9917267869999478,39.336325223000074],[-1.990332657999943,39.338863091000064],[-1.9930933389999268,39.33893205800007],[-1.9946085299999368,39.336845725000046],[-1.9965196189999688,39.33708747800006],[-1.9968428769999491,39.33907706600007],[-2.000542795999934,39.339753141000074],[-2.006907817999945,39.35406212300006],[-1.988161555999966,39.37029055000005],[-1.9786362699999245,39.37309065000005],[-1.975714226999969,39.37572752700004],[-1.9680755299999646,39.37441209700006],[-1.9385633419999522,39.37900240600004]],[[-1.9326346189999413,39.34647842700008],[-1.9318257079999626,39.344653178000044],[-1.9340716199999406,39.34536514100006],[-1.933796288999929,39.339742251000075],[-1.930770149999944,39.33987541100004],[-1.9233330519999754,39.31411915500007],[-1.9204113639999605,39.31376726800005],[-1.9220391559999257,39.32086726000006],[-1.9240392419999353,39.321541377000074],[-1.9257005289999256,39.32655725400008],[-1.9265940189999355,39.33206531800005],[-1.925035912999931,39.333055853000076],[-1.9272234749999484,39.33635170700006],[-1.919637550999937,39.33734386400005],[-1.9211805489999279,39.34032034300003],[-1.9188372019999633,39.34171709900005],[-1.9207928049999623,39.34232529800005],[-1.9207639289999747,39.34794539000006],[-1.923686886999974,39.34980816600006],[-1.9231898039999464,39.352935589000026],[-1.9294230609999659,39.35471854300005],[-1.9321836949999351,39.35290522300005],[-1.9326346189999413,39.34647842700008]],[[-1.9154014949999691,39.32649421200006],[-1.9136347919999253,39.32719890800007],[-1.9130070439999258,39.325428541000065],[-1.9123693849999768,39.32755629900004],[-1.9161558459999242,39.33155394600004],[-1.918117696999957,39.33133856300003],[-1.9187876049999772,39.329008110000075],[-1.9154014949999691,39.32649421200006]]]}},{"type":"Feature","properties":{"ClaseSuelo":"SUELO URBANIZABLE DELIMITADO O SECTORIZADO","NuclRural":"0","AreaLamber":120.21768978,"Shape_STAr":0.000125667748467},"geometry":{"type":"MultiPolygon","coordinates":[[[[-1.9243556279999439,39.33698227900004],[-1.9224864909999724,39.33807837400008],[-1.9241412539999487,39.341083265000066],[-1.922105490999968,39.34114667700004],[-1.9218592979999585,39.345390363000035],[-1.9232193659999552,39.345598446000054],[-1.9238011729999585,39.34950410700003],[-1.9262288679999529,39.35118343500005],[-1.929174246999935,39.35074092000008],[-1.927164429999948,39.35406895400007],[-1.9231898039999464,39.352935589000026],[-1.923686886999974,39.34980816600006],[-1.9207639289999747,39.34794539000006],[-1.9207928049999623,39.34232529800005],[-1.9188372019999633,39.34171709900005],[-1.9211805489999279,39.34032034300003],[-1.919637550999937,39.33734386400005],[-1.9243556279999439,39.33698227900004]]],[[[-1.9240392419999353,39.321541377000074],[-1.9220391559999257,39.32086726000006],[-1.9204113639999605,39.31376726800005],[-1.9233330519999754,39.31411915500007],[-1.928417948999936,39.33203281800007],[-1.926612448999947,39.33216220400004],[-1.9240392419999353,39.321541377000074]]],[[[-1.9125655599999618,39.32777269500008],[-1.9139350239999544,39.325563558000056],[-1.9136347919999253,39.32719890800007],[-1.9172597399999631,39.32763685600003],[-1.9185646289999454,39.33056996900007],[-1.9161558459999242,39.33155394600004],[-1.9125655599999618,39.32777269500008]]],[[[-1.9329397369999697,39.34452575900008],[-1.9310516279999774,39.34074570700005],[-1.933796288999929,39.339742251000075],[-1.9340716199999406,39.34536514100006],[-1.9329397369999697,39.34452575900008]]],[[[-1.9281947979999359,39.35341417800004],[-1.9306921199999465,39.35390352700006],[-1.9272417759999598,39.354542338000044],[-1.9281947979999359,39.35341417800004]]],[[[-1.9272184499999412,39.33709218300004],[-1.9238556309999808,39.33630416600005],[-1.9272234749999484,39.33635170700006],[-1.9272184499999412,39.33709218300004]]],[[[-1.931780706999973,39.34992735800006],[-1.9310796149999305,39.34819965300005],[-1.9328010459999518,39.347996038000076],[-1.9328164219999735,39.350069262000034],[-1.9307541039999592,39.35053873800007],[-1.931780706999973,39.34992735800006]]]]}},{"type":"Feature","properties":{"ClaseSuelo":"SUELO URBANO","NuclRural":"0","AreaLamber":134.52093441,"Shape_STAr":0.000140635978211},"geometry":{"type":"Polygon","coordinates":[[[-1.927164429999948,39.35406895400007],[-1.929174246999935,39.35074092000008],[-1.9262288679999529,39.35118343500005],[-1.9238011729999585,39.34950410700003],[-1.9216899749999357,39.34418104200006],[-1.9233838179999339,39.34376678900003],[-1.9219296009999312,39.343102937000026],[-1.922105490999968,39.34114667700004],[-1.9241412539999487,39.341083265000066],[-1.9227295499999286,39.33764434500006],[-1.9277728019999358,39.33697809000006],[-1.925035912999931,39.333055853000076],[-1.928417948999936,39.33203281800007],[-1.9279953669999372,39.32889194200004],[-1.9329397369999697,39.34452575900008],[-1.9318257079999626,39.344653178000044],[-1.9327836459999617,39.34768882900005],[-1.9310796149999305,39.34819965300005],[-1.9325677639999412,39.34968187700008],[-1.9307541039999592,39.35053873800007],[-1.9328164219999735,39.350069262000034],[-1.929923396999925,39.35189000100007],[-1.931642472999954,39.35341284800006],[-1.9299940859999651,39.352338849000034],[-1.927164429999948,39.35406895400007]],[[-1.930477906999954,39.34935610300005],[-1.9309944759999667,39.349170265000055],[-1.9304808139999636,39.349165407000044],[-1.930477906999954,39.34935610300005]]]}},{"type":"Feature","properties":{"ClaseSuelo":"SUELO URBANO NO CONSOLIDADO","NuclRural":"0","AreaLamber":4.75099556,"Shape_STAr":0.00000496748733076},"geometry":{"type":"MultiPolygon","coordinates":[[[[-1.9313878349999527,39.35168654800003],[-1.9311969289999524,39.35317628800004],[-1.929923396999925,39.35189000100007],[-1.9313878349999527,39.35168654800003]]],[[[-1.9296027879999542,39.33724406600004],[-1.9294328769999538,39.33600518800006],[-1.929992886999969,39.33598228500006],[-1.9296027879999542,39.33724406600004]]],[[[-1.9223025609999809,39.34319951300006],[-1.9233923209999375,39.34321257900007],[-1.923371344999964,39.34382925400007],[-1.9223025609999809,39.34319951300006]]],[[[-1.9323213959999634,39.347994105000055],[-1.9322647549999488,39.34768068100004],[-1.9327836459999617,39.34768882900005],[-1.9323213959999634,39.347994105000055]]],[[[-1.930477906999954,39.34935610300005],[-1.9304808139999636,39.349165407000044],[-1.9309944759999667,39.349170265000055],[-1.930477906999954,39.34935610300005]]],[[[-1.9300542079999445,39.35341565900006],[-1.9299940859999651,39.352338849000034],[-1.9315612819999615,39.35346543600008],[-1.9300542079999445,39.35341565900006]]]]}},{"type":"Feature","properties":{"ClaseSuelo":"SUELO NO URBANIZABLE","NuclRural":"0","AreaLamber":11997.4492201,"Shape_STAr":0.0126826805152},"geometry":{"type":"Polygon","coordinates":[[[-1.5076993639999614,40.20189909800007],[-1.4744158939999465,40.18504176300007],[-1.4392084009999735,40.19701367500005],[-1.442694157999938,40.16686271300006],[-1.442365729999949,40.15759708300004],[-1.4487773789999778,40.14549400200008],[-1.4572352769999384,40.13505745800006],[-1.456213059999925,40.13095374400007],[-1.4428108239999347,40.11804455200007],[-1.4293247179999753,40.11359214000004],[-1.4101992649999602,40.104502325000055],[-1.4075966199999357,40.10140350700004],[-1.420285020999927,40.09351421500003],[-1.4137025099999505,40.087027834000025],[-1.4170661869999321,40.08106483300003],[-1.4311241139999424,40.07868853800005],[-1.4398052609999468,40.07394992500008],[-1.4405056829999694,40.068950319000066],[-1.461610956999948,40.06485414800005],[-1.4756491839999626,40.07261643000004],[-1.4949750219999487,40.076878269000076],[-1.5172745089999466,40.07393168500005],[-1.5159171709999555,40.079193634000035],[-1.5178097189999562,40.087090757000055],[-1.5328496359999804,40.095166360000064],[-1.5363693419999436,40.09897671400006],[-1.5358374739999476,40.10955566100006],[-1.5391993409999714,40.115850444000046],[-1.5502622479999673,40.12868333500006],[-1.5496784619999744,40.13240577800008],[-1.547203594999928,40.13342880000005],[-1.5472061139999482,40.14268113800006],[-1.5494276359999617,40.14861894100005],[-1.5491822999999272,40.15959788500004],[-1.5530236019999393,40.16947483200005],[-1.551292235999938,40.17357930400004],[-1.5474892229999568,40.17678388400003],[-1.545711333999975,40.18139218400006],[-1.5473008179999397,40.18561935500003],[-1.54402366599993,40.18946104100007],[-1.5315327029999253,40.192906777000076],[-1.5225614449999512,40.20192766200006],[-1.5109023999999636,40.20371512600008],[-1.5076993639999614,40.20189909800007]],[[-1.5120348729999478,40.19221046300004],[-1.5128864609999368,40.19237236400005],[-1.5111833629999296,40.19119822000005],[-1.5120348729999478,40.19221046300004]],[[-1.515273863999937,40.107302428000025],[-1.5145938139999657,40.105915253000035],[-1.5144316349999372,40.107034449000025],[-1.515273863999937,40.107302428000025]],[[-1.5052490039999498,40.10224092100003],[-1.50088012599997,40.101175341000044],[-1.501142032999951,40.10240532500006],[-1.5052490039999498,40.10224092100003]],[[-1.505511730999956,40.10098778100007],[-1.5061172849999593,40.10186944600008],[-1.5067420819999597,40.10102009900004],[-1.505511730999956,40.10098778100007]],[[-1.5011108759999274,40.10097127300003],[-1.5051897639999652,40.100154427000064],[-1.5060786549999534,40.09899511100008],[-1.504577971999936,40.09846730600003],[-1.5070775409999442,40.09875198700007],[-1.4987429689999772,40.09593758700004],[-1.4983968179999465,40.09770583300008],[-1.5001105539999458,40.09785747500007],[-1.5011108759999274,40.10097127300003]],[[-1.461725567999963,40.09636478600004],[-1.4627659329999574,40.09654545600006],[-1.4600846469999738,40.09556352000004],[-1.461725567999963,40.09636478600004]]]}},{"type":"Feature","properties":{"ClaseSuelo":"SUELO URBANIZABLE DELIMITADO O SECTORIZADO","NuclRural":"0","AreaLamber":4.05895009,"Shape_STAr":0.00000428885563547},"geometry":{"type":"Polygon","coordinates":[[[-1.5042178659999763,40.10240350200007],[-1.501946719999978,40.10258200000004],[-1.501297385999976,40.101181033000046],[-1.5053550099999597,40.102639389000046],[-1.5042178659999763,40.10240350200007]]]}},{"type":"Feature","properties":{"ClaseSuelo":"SUELO URBANO","NuclRural":"0","AreaLamber":22.54739812,"Shape_STAr":0.0000238248348672},"geometry":{"type":"MultiPolygon","coordinates":[[[[-1.5011108759999274,40.10097127300003],[-1.5001105539999458,40.09785747500007],[-1.4983968179999465,40.09770583300008],[-1.4987429689999772,40.09593758700004],[-1.5070775409999442,40.09875198700007],[-1.504577971999936,40.09846730600003],[-1.5060786549999534,40.09899511100008],[-1.5051897639999652,40.100154427000064],[-1.5011108759999274,40.10097127300003]]],[[[-1.461725567999963,40.09636478600004],[-1.4600846469999738,40.09556352000004],[-1.4627659329999574,40.09654545600006],[-1.461725567999963,40.09636478600004]]],[[[-1.505511730999956,40.10098778100007],[-1.5067420819999597,40.10102009900004],[-1.5061172849999593,40.10186944600008],[-1.505511730999956,40.10098778100007]]],[[[-1.501115221999953,40.10194853300004],[-1.501690971999949,40.101266217000045],[-1.501804702999948,40.10236417500005],[-1.501115221999953,40.10194853300004]]],[[[-1.515273863999937,40.107302428000025],[-1.5144316349999372,40.107034449000025],[-1.5145938139999657,40.105915253000035],[-1.515273863999937,40.107302428000025]]],[[[-1.5120348729999478,40.19221046300004],[-1.5111833629999296,40.19119822000005],[-1.5128864609999368,40.19237236400005],[-1.5120348729999478,40.19221046300004]]]]}},{"type":"Feature","properties":{"ClaseSuelo":"SUELO NO URBANIZABLE","NuclRural":"0","AreaLamber":5916.1948286,"Shape_STAr":0.00623038707499},"geometry":{"type":"MultiPolygon","coordinates":[[[[-2.4149234669999373,39.88983983400004],[-2.4132573519999596,39.88765349700003],[-2.4080998709999335,39.88623974400008],[-2.389797208999937,39.88478431500005],[-2.3799285119999354,39.879334990000075],[-2.370142689999966,39.87905697000008],[-2.3657090479999283,39.87667219100007],[-2.348343224999951,39.872971878000044],[-2.339947120999966,39.868113065000045],[-2.336368089999951,39.86253800700007],[-2.327515890999962,39.85873434700005],[-2.326620949999949,39.856999244000065],[-2.2957130749999806,39.85890585900006],[-2.28425636999998,39.854357754000034],[-2.2915594069999656,39.848005571000044],[-2.3029154769999423,39.847425702000066],[-2.3195714609999527,39.84989428500006],[-2.3317429009999273,39.849622717000045],[-2.3391631249999705,39.848903918000076],[-2.3503763879999724,39.843376626000065],[-2.3576216319999617,39.833515039000076],[-2.357290348999925,39.830188519000046],[-2.3600465939999253,39.829113559000064],[-2.3646071619999702,39.82371462700007],[-2.372991800999955,39.811443594000025],[-2.3827903929999366,39.80530628200006],[-2.38532087599998,39.79925597000005],[-2.3897350179999535,39.79411653100004],[-2.396716124999955,39.790522010000075],[-2.400405229999933,39.79743383700003],[-2.4066472769999336,39.80234038400005],[-2.4078341259999547,39.80696860100005],[-2.4054259469999693,39.812578536000046],[-2.406974527999978,39.817271679000044],[-2.413215063999928,39.815753707000056],[-2.4192987519999747,39.82034340800004],[-2.421940347999964,39.820239478000076],[-2.422864742999934,39.82287500800004],[-2.436178576999964,39.82517500400007],[-2.438669625999978,39.82635839400007],[-2.4400468449999266,39.83232066900007],[-2.4429905339999323,39.83538023300008],[-2.455715932999965,39.838585171000034],[-2.454562229999965,39.84111156000006],[-2.4568704889999253,39.84632116700004],[-2.4527130239999337,39.84731073200004],[-2.449159983999948,39.84578923300006],[-2.433325072999935,39.84535250600004],[-2.42324999799996,39.85085296600005],[-2.4217909819999477,39.85616158200003],[-2.4160486799999603,39.86469225800005],[-2.416719271999966,39.86834466500005],[-2.4237707109999747,39.87664205400006],[-2.4253695409999523,39.88123605000004],[-2.420394488999932,39.88457197900004],[-2.42230552999996,39.888194499000065],[-2.4214311149999617,39.889253308000036],[-2.4149234669999373,39.88983983400004]],[[-2.364567564999959,39.85321569900003],[-2.3650155289999475,39.850922473000026],[-2.3638090229999307,39.85061787600006],[-2.3653199909999785,39.84909570000008],[-2.3638093819999426,39.84747869000006],[-2.362105936999967,39.84794857400004],[-2.3640966669999557,39.84402093700004],[-2.359439024999972,39.846530108000024],[-2.360081045999948,39.845471908000036],[-2.358523555999966,39.845027636000054],[-2.3528904889999467,39.84937507600006],[-2.35655346599998,39.849675527000045],[-2.357762847999936,39.85124012800003],[-2.3543084399999543,39.85306243400004],[-2.358940157999939,39.852852781000024],[-2.3593798199999583,39.85430043800005],[-2.3643101169999454,39.85497121000003],[-2.364567564999959,39.85321569900003]],[[-2.3642182589999265,39.84380328900005],[-2.3661580859999276,39.84378482100004],[-2.366293200999962,39.84284156000007],[-2.3642182589999265,39.84380328900005]],[[-2.3647801599999525,39.84285442200007],[-2.366160926999953,39.840868503000024],[-2.3633059209999487,39.83900106600004],[-2.3639120419999244,39.843513081000026],[-2.3647801599999525,39.84285442200007]],[[-2.36463621799993,39.83905039800004],[-2.3663418069999693,39.84054727300003],[-2.3678474149999715,39.83769053000003],[-2.366239296999936,39.83938623600005],[-2.3634466189999443,39.83834396700007],[-2.36463621799993,39.83905039800004]]],[[[-2.3574704809999503,39.84876165500003],[-2.356617205999953,39.847752650000075],[-2.3593956479999747,39.847143034000055],[-2.3582616089999533,39.847620293000034],[-2.360354273999974,39.848740356000064],[-2.3574704809999503,39.84876165500003]]]]}},{"type":"Feature","properties":{"ClaseSuelo":"SUELO URBANO","NuclRural":"0","AreaLamber":65.82931478,"Shape_STAr":0.0000693278269068},"geometry":{"type":"MultiPolygon","coordinates":[[[[-2.354993557999933,39.852922998000054],[-2.3570379919999596,39.852359671000045],[-2.3573561759999393,39.850074541000026],[-2.352949942999942,39.849301507000064],[-2.358523555999966,39.845027636000054],[-2.360081045999948,39.845471908000036],[-2.359439024999972,39.846530108000024],[-2.3640966669999557,39.84402093700004],[-2.362105936999967,39.84794857400004],[-2.3653199909999785,39.84909570000008],[-2.3638090229999307,39.85061787600006],[-2.3650155289999475,39.850922473000026],[-2.3645874309999613,39.85475102800007],[-2.354993557999933,39.852922998000054]],[[-2.360267497999928,39.84886127000004],[-2.3593956479999747,39.847143034000055],[-2.356617205999953,39.847752650000075],[-2.360267497999928,39.84886127000004]]],[[[-2.3641861549999703,39.84379691500004],[-2.366293200999962,39.84284156000007],[-2.3661580859999276,39.84378482100004],[-2.3641861549999703,39.84379691500004]]],[[[-2.363321166999981,39.83911888600005],[-2.366160926999953,39.840868503000024],[-2.3639120419999244,39.843513081000026],[-2.363321166999981,39.83911888600005]]]]}},{"type":"Feature","properties":{"ClaseSuelo":"SUELO URBANO NO CONSOLIDADO","NuclRural":"0","AreaLamber":6.52047751,"Shape_STAr":0.00000686664434831},"geometry":{"type":"MultiPolygon","coordinates":[[[[-2.3654343789999643,39.839686020000045],[-2.3634466189999443,39.83834396700007],[-2.366239296999936,39.83938623600005],[-2.3678474149999715,39.83769053000003],[-2.3663418069999693,39.84054727300003],[-2.3654343789999643,39.839686020000045]]],[[[-2.364288475999956,39.84893509900007],[-2.3635989809999387,39.84748897900005],[-2.3647067359999596,39.848099604000026],[-2.364288475999956,39.84893509900007]]],[[[-2.3600418159999776,39.84824993800004],[-2.3583131939999475,39.84747754500006],[-2.3602560399999675,39.84773618000003],[-2.360444151999957,39.84893303900003],[-2.3600418159999776,39.84824993800004]]],[[[-2.3574152579999463,39.851213544000075],[-2.356411725999976,39.85058042300005],[-2.3571007479999366,39.84974100000005],[-2.3574152579999463,39.851213544000075]]],[[[-2.3543084399999543,39.85306243400004],[-2.3541159649999486,39.85256074800003],[-2.356965106999951,39.85193168100005],[-2.3543084399999543,39.85306243400004]]]]}},{"type":"Feature","properties":{"ClaseSuelo":"SUELO NO URBANIZABLE","NuclRural":"0","AreaLamber":10445.4258763,"Shape_STAr":0.0109923313081},"geometry":{"type":"Polygon","coordinates":[[[-1.2718878109999423,39.87769705000005],[-1.2526817929999652,39.880898932000036],[-1.240699837999955,39.879816779000066],[-1.2301037739999288,39.86397061300005],[-1.2138198309999666,39.85309910400008],[-1.206837906999965,39.84605430400006],[-1.2108761169999411,39.83817966100003],[-1.2117141799999445,39.82030040500007],[-1.2168910089999372,39.81438902000008],[-1.2147796589999302,39.80885191600004],[-1.2211874139999281,39.80317548100004],[-1.234113028999957,39.78283194900007],[-1.2492050389999463,39.77250179500004],[-1.2618199779999486,39.756798934000074],[-1.2765777699999603,39.76301030800005],[-1.2829566639999257,39.763514806000046],[-1.2926515479999807,39.77146900100007],[-1.29600993899993,39.779442105000044],[-1.2957874019999736,39.78567779900004],[-1.3002013889999375,39.78690024700006],[-1.3141783829999554,39.79658199900007],[-1.317827043999955,39.80917594700003],[-1.3304787519999763,39.82653049000004],[-1.332342869999934,39.84124245600003],[-1.340607180999939,39.848460319000026],[-1.3279553599999758,39.87128819600008],[-1.328181147999942,39.87450774600006],[-1.3207750759999612,39.87660796500006],[-1.314741683999955,39.88661972400007],[-1.2759496989999661,39.880085173000055],[-1.2718878109999423,39.87769705000005]],[[-1.2931595319999474,39.85527528400007],[-1.2859709729999622,39.85014464500006],[-1.286394836999932,39.84632019500003],[-1.2816776979999531,39.84648972600007],[-1.2810585849999256,39.851026776000026],[-1.2931595319999474,39.85527528400007]],[[-1.2785802019999437,39.80180940300005],[-1.2838355339999339,39.79920318100005],[-1.2968705399999294,39.79733781400006],[-1.2809137309999414,39.79304980200004],[-1.2714712699999495,39.78778284500004],[-1.272605652999971,39.78977833700003],[-1.271102760999952,39.791024003000075],[-1.2738028859999417,39.794823981000036],[-1.2707016989999715,39.799733993000075],[-1.2785802019999437,39.80180940300005]],[[-1.2709766849999369,39.78084550700004],[-1.2740012399999614,39.779980489000025],[-1.2733759679999253,39.77722589000007],[-1.267458678999958,39.77922583800006],[-1.2709766849999369,39.78084550700004]]]}},{"type":"Feature","properties":{"ClaseSuelo":"SUELO URBANIZABLE DELIMITADO O SECTORIZADO","NuclRural":"0","AreaLamber":155.88660976,"Shape_STAr":0.000163977058563},"geometry":{"type":"MultiPolygon","coordinates":[[[[-1.2775933099999293,39.801322139000035],[-1.2726010169999427,39.80124790900004],[-1.2707016989999715,39.799733993000075],[-1.2738028859999417,39.794823981000036],[-1.271102760999952,39.791024003000075],[-1.272605652999971,39.78977833700003],[-1.2714712699999495,39.78778284500004],[-1.2809137309999414,39.79304980200004],[-1.2968705399999294,39.79733781400006],[-1.2775933099999293,39.801322139000035]]],[[[-1.288064818999942,39.853522293000026],[-1.2935538139999494,39.85467466100005],[-1.292888497999968,39.85568748400004],[-1.288064818999942,39.853522293000026]]]]}},{"type":"Feature","properties":{"ClaseSuelo":"SUELO URBANO","NuclRural":"0","AreaLamber":48.12042614,"Shape_STAr":0.0000506382451483},"geometry":{"type":"MultiPolygon","coordinates":[[[[-1.2887221899999304,39.852921399000024],[-1.2810585849999256,39.851026776000026],[-1.2816776979999531,39.84648972600007],[-1.286394836999932,39.84632019500003],[-1.2859709729999622,39.85014464500006],[-1.2882479679999506,39.85095822900007],[-1.2887221899999304,39.852921399000024]]],[[[-1.2709766849999369,39.78084550700004],[-1.267458678999958,39.77922583800006],[-1.2733759679999253,39.77722589000007],[-1.2740012399999614,39.779980489000025],[-1.2709766849999369,39.78084550700004]]]]}},{"type":"Feature","properties":{"ClaseSuelo":"SUELO NO URBANIZABLE","NuclRural":"0","AreaLamber":10056.2943961,"Shape_STAr":0.0106139848692},"geometry":{"type":"MultiPolygon","coordinates":[[[[-2.949512818999949,40.04279538700007],[-2.9503208539999264,40.04071055900005],[-2.9435611899999685,40.035878301000025],[-2.945392192999975,40.032797869000035],[-2.9387362869999265,40.031127765000065],[-2.930563726999935,40.02294237900003],[-2.920784357999935,40.01771049900003],[-2.922567327999957,40.01612599300006],[-2.9204848489999335,40.01328652900003],[-2.9252539309999293,40.00887944300007],[-2.929822291999926,40.00111591700005],[-2.9431989559999465,39.99243334400006],[-2.952356750999968,39.97916609600003],[-2.9537335379999377,39.969517187000065],[-2.959360518999972,39.95909497500003],[-2.964231844999972,39.957727093000074],[-3.0008543759999498,39.957173993000026],[-3.013720553999974,39.953244909000034],[-3.0195510379999746,39.95428921200005],[-3.0331661059999533,39.953024765000066],[-3.036538375999953,39.954168002000074],[-3.043549430999974,39.951561758000025],[-3.0631015409999804,39.953273668000065],[-3.0687603709999394,39.95752308600004],[-3.071989801999962,39.955656101000045],[-3.0948316699999623,39.95594612800005],[-3.0973653379999746,39.95934974700003],[-3.0962272989999633,39.96603595600004],[-3.0975319199999376,39.96947661200005],[-3.094853336999961,39.97164116500005],[-3.0985939589999703,39.975151880000055],[-3.0965962669999385,39.986938321000025],[-3.076421059999973,39.99440881400005],[-3.0611669859999324,39.99731895900004],[-3.0573206139999343,40.008420870000066],[-3.053504635999957,40.00839565900003],[-3.0378538809999327,40.020596401000034],[-3.031879731999936,40.030312612000046],[-3.0320451419999586,40.02789597100008],[-3.0311103329999582,40.03165775700006],[-3.0145095579999293,40.04944153500003],[-2.9939586739999413,40.04205441100004],[-2.9872336069999506,40.04244128900007],[-2.976172030999976,40.04957969600008],[-2.9558537199999364,40.05697068000006],[-2.949512818999949,40.04279538700007]],[[-2.9827977789999522,39.99450577500005],[-2.9823566089999645,39.99457006000006],[-2.9839233689999674,39.99497979600005],[-2.9827977789999522,39.99450577500005]],[[-2.99883200499994,39.997309173000076],[-3.0009339289999275,39.99647021000004],[-2.999322511999935,39.99403100100005],[-2.9953573019999453,39.99562079400005],[-2.99883200499994,39.997309173000076]],[[-2.9645381379999662,39.98275670700008],[-2.970407739999928,39.98111239100007],[-2.9694977619999463,39.980232442000045],[-2.9710887489999322,39.97871260200003],[-2.969727420999959,39.97734934600004],[-2.9721386489999304,39.97566350200003],[-2.9694307029999436,39.973316676000024],[-2.968471443999931,39.97416874400005],[-2.9663163699999586,39.97095795600006],[-2.962689791999935,39.97359869300004],[-2.9593974209999487,39.973260710000034],[-2.9582524759999274,39.975749793000034],[-2.9565825999999333,39.973904068000024],[-2.9536400459999754,39.97511348100005],[-2.9633534459999282,39.98319015900006],[-2.9645381379999662,39.98275670700008]],[[-3.014131612999961,40.00165531500005],[-3.0104246449999437,40.001118990000066],[-3.0112135629999557,39.998413560000074],[-3.0042391899999643,39.99698821100003],[-3.002946321999957,40.00059152700004],[-2.997532718999935,39.999448323000024],[-2.996625093999967,39.997175328000026],[-2.9949744299999566,39.99828300300004],[-2.992303096999933,39.99617163400006],[-2.9939597919999414,39.99366775100003],[-2.9912087619999284,39.99530366600004],[-2.987343578999969,39.992613203000076],[-2.981387687999927,39.993861311000046],[-2.989183139999966,39.99655344700005],[-2.995251603999975,40.00107100300005],[-2.987883437999926,39.99750976900003],[-2.982562815999927,40.000329961000034],[-2.9924281829999586,40.00175178000006],[-2.992692753999961,40.00455103300004],[-2.995643366999957,40.00550871200005],[-2.9976579619999484,40.00491436500005],[-2.997244896999973,40.00336529100008],[-3.0014124839999567,40.00400121800004],[-3.0005871279999496,40.005200853000076],[-3.002582969999935,40.010487761000036],[-2.9993076039999664,40.00995494400007],[-2.9925773559999698,40.01448816900006],[-2.9977406619999556,40.01263347500003],[-2.9967602019999617,40.01602901100006],[-2.9992726499999662,40.01535442200003],[-3.007058474999951,40.01800686300004],[-3.009530131999952,40.016567817000066],[-3.0132491139999615,40.02009634400008],[-3.0205006859999344,40.01864598000003],[-3.0221436149999477,40.014029770000036],[-3.024816375999933,40.011910605000025],[-3.023368044999927,40.00552676400008],[-3.019458937999957,40.002654250000035],[-3.015730269999949,40.002205857000035],[-3.0171115899999563,39.997340920000056],[-3.0123810319999507,39.99891248800003],[-3.014131612999961,40.00165531500005]]],[[[-2.9933578649999504,40.00378767600006],[-2.9942416659999367,40.00251973200005],[-2.9978360069999326,40.00229708900008],[-2.9933578649999504,40.00378767600006]]],[[[-3.014662727999962,40.00145553500005],[-3.014131612999961,40.00165531500005],[-3.014555039999948,40.00149037700004],[-3.014662727999962,40.00145553500005]]]]}},{"type":"Feature","properties":{"ClaseSuelo":"SUELO URBANIZABLE DELIMITADO O SECTORIZADO","NuclRural":"0","AreaLamber":270.34777775,"Shape_STAr":0.000285322072174},"geometry":{"type":"MultiPolygon","coordinates":[[[[-2.9630570949999537,39.98281075400007],[-2.9536400459999754,39.97511348100005],[-2.9565825999999333,39.973904068000024],[-2.9582524759999274,39.975749793000034],[-2.9593974209999487,39.973260710000034],[-2.962689791999935,39.97359869300004],[-2.9663163699999586,39.97095795600006],[-2.968471443999931,39.97416874400005],[-2.9694307029999436,39.973316676000024],[-2.9721386489999304,39.97566350200003],[-2.969727420999959,39.97734934600004],[-2.9710887489999322,39.97871260200003],[-2.9694977619999463,39.980232442000045],[-2.970407739999928,39.98111239100007],[-2.9630570949999537,39.98281075400007]]],[[[-2.982356637999942,39.99445890800007],[-2.9839233689999674,39.99497979600005],[-2.9826303829999574,39.99475145500003],[-2.982356637999942,39.99445890800007]]],[[[-2.9986500209999463,39.997396742000035],[-2.9953573019999453,39.99562079400005],[-2.999322511999935,39.99403100100005],[-3.0009339289999275,39.99647021000004],[-2.9986500209999463,39.997396742000035]]],[[[-2.9949411349999764,40.00077541600007],[-2.989183139999966,39.99655344700005],[-2.981387687999927,39.993861311000046],[-2.987343578999969,39.992613203000076],[-2.9912087619999284,39.99530366600004],[-2.9939597919999414,39.99366775100003],[-2.992303096999933,39.99617163400006],[-2.997114101999955,39.999657091000074],[-2.9949411349999764,40.00077541600007]]],[[[-3.013792240999976,40.00112309200006],[-3.0123810319999507,39.99891248800003],[-3.0171115899999563,39.997340920000056],[-3.0166034589999526,40.00082758600007],[-3.013792240999976,40.00112309200006]]],[[[-3.0085585199999514,40.00023248000008],[-3.002946321999957,40.00059152700004],[-3.0042391899999643,39.99698821100003],[-3.0112135629999557,39.998413560000074],[-3.0104246449999437,40.001118990000066],[-3.015809312999977,40.00222136600007],[-3.0146183689999475,40.004126807000034],[-3.0078209219999508,40.002739570000074],[-3.0085585199999514,40.00023248000008]]],[[[-2.9951985489999515,40.005290176000074],[-2.992366782999966,40.00414750200008],[-2.9924281829999586,40.00175178000006],[-2.982409228999927,39.99999619400006],[-2.988813794999942,39.99767827000005],[-2.9951923389999706,40.00115582500007],[-2.993014948999928,40.004064603000074],[-2.9971290949999343,40.002748118000056],[-2.9976579619999484,40.00491436500005],[-2.9951985489999515,40.005290176000074]]],[[[-3.005152027999941,40.01525077800005],[-3.006746481999926,40.014724828000055],[-3.00575764499996,40.017038565000064],[-3.0039667719999557,40.01627121700005],[-3.005152027999941,40.01525077800005]]],[[[-3.013599112999941,40.02005589200007],[-3.0095784839999737,40.01660497000006],[-3.0143745419999277,40.019333292000056],[-3.019017814999927,40.01692147400007],[-3.02123131299993,40.01201162600006],[-3.0218284789999643,40.01360023500007],[-3.0243492529999685,40.01276904400004],[-3.0221436149999477,40.014029770000036],[-3.0205006859999344,40.01864598000003],[-3.013599112999941,40.02005589200007]]]]}},{"type":"Feature","properties":{"ClaseSuelo":"SUELO URBANO","NuclRural":"0","AreaLamber":214.32517504,"Shape_STAr":0.000226254892252},"geometry":{"type":"MultiPolygon","coordinates":[[[[-3.0154178509999383,40.01741780000003],[-3.008339601999978,40.01426998000005],[-3.0104192939999734,40.01585076300006],[-3.007058474999951,40.01800686300004],[-3.00575764499996,40.017038565000064],[-3.0069550569999706,40.014141607000056],[-3.0030618439999444,40.016552760000025],[-3.0033456619999583,40.01476961900005],[-3.0023308429999247,40.016418706000024],[-2.9967602019999617,40.01602901100006],[-2.997869370999979,40.013932977000024],[-2.99816756499996,40.015592715000025],[-3.001392290999945,40.01582663500005],[-3.002496624999935,40.014042405000055],[-3.0006880639999736,40.011759582000025],[-2.9990526879999493,40.01223523600004],[-2.999423164999939,40.01343839300006],[-2.9966366669999616,40.01267399400007],[-2.9925773559999698,40.01448816900006],[-2.9991574679999644,40.01002011500003],[-3.0027413739999247,40.00994261500006],[-3.0013279959999295,40.008953363000046],[-3.0014234099999726,40.00369174600007],[-2.997256960999948,40.00345117000006],[-2.998428110999953,40.00242731600008],[-2.995251603999975,40.00107100300005],[-3.023368044999927,40.00552676400008],[-3.0241704449999247,40.00669846200003],[-3.021914522999964,40.00693586500006],[-3.0219624199999657,40.009151888000076],[-3.019567360999929,40.009136381000076],[-3.0196529289999603,40.01040906700007],[-3.024795231999974,40.01144565800007],[-3.024581112999954,40.01252946900007],[-3.022170431999939,40.01367632100005],[-3.02123131299993,40.01201162600006],[-3.0194202959999643,40.01408449300004],[-3.019574833999968,40.011900954000055],[-3.017159911999954,40.01169998600005],[-3.016070630999934,40.012902960000076],[-3.017870258999949,40.01334465300005],[-3.016185228999973,40.01505579700006],[-3.0186542829999325,40.016208782000035],[-3.0154178509999383,40.01741780000003]],[[-3.0140073999999686,40.01348604400005],[-3.0147743139999648,40.013233541000034],[-3.011293809999927,40.011845608000044],[-3.0140073999999686,40.01348604400005]],[[-3.008739382999977,40.01182789500007],[-3.0092262049999476,40.011547697000026],[-3.008320658999935,40.01170183000005],[-3.008739382999977,40.01182789500007]],[[-3.0032104779999713,40.01142918700003],[-3.0032427179999672,40.01072348400004],[-3.001179451999974,40.01067516200004],[-3.0032104779999713,40.01142918700003]],[[-3.0189566409999316,40.01022502400008],[-3.012178651999932,40.00807540200003],[-3.014383906999967,40.009558276000064],[-3.0189566409999316,40.01022502400008]],[[-3.003393995999943,40.01014714100006],[-3.002696635999939,40.00913493500008],[-3.0020456969999714,40.00909962500003],[-3.003393995999943,40.01014714100006]],[[-3.0117009119999807,40.009050193000064],[-3.0123818489999508,40.00982516300007],[-3.012572377999959,40.00885998800004],[-3.0117009119999807,40.009050193000064]],[[-3.0096741829999587,40.008478224000044],[-3.0096914599999423,40.00743334800006],[-3.008107382999981,40.00802364300006],[-3.0096741829999587,40.008478224000044]],[[-3.0018859949999523,40.00819562000004],[-3.002800479999962,40.00675350200004],[-3.00154465199995,40.00450685100003],[-3.0018859949999523,40.00819562000004]],[[-3.0055894329999546,40.005936707000046],[-3.006157458999951,40.00488867100006],[-2.998656619999963,40.00246163700007],[-3.0055894329999546,40.005936707000046]],[[-3.0043362909999587,40.00402412200003],[-3.0076153149999527,40.00507058100004],[-3.0066410799999517,40.00354602300007],[-3.0043362909999587,40.00402412200003]],[[-3.0092461229999685,40.004285441000036],[-3.00833100899996,40.00519582700008],[-3.0193017539999687,40.01019214300004],[-3.0189835939999625,40.00741610800003],[-3.0151865559999464,40.00680218000008],[-3.015949073999934,40.005477050000025],[-3.0119971039999314,40.00601014700004],[-3.0092461229999685,40.004285441000036]],[[-3.0126511499999538,40.00757755300003],[-3.0065419639999504,40.005042236000065],[-3.0082269409999753,40.006796578000035],[-3.0126511499999538,40.00757755300003]]],[[[-2.996564105999937,39.99927877400006],[-2.9949744299999566,39.99828300300004],[-2.996625093999967,39.997175328000026],[-2.998253973999965,39.999199641000075],[-2.996564105999937,39.99927877400006]]],[[[-3.0158815379999737,40.00106117800004],[-3.015730269999949,40.002205857000035],[-3.013755114999981,40.001797553000074],[-3.0158815379999737,40.00106117800004]]],[[[-3.006111591999968,40.00235934500006],[-3.0049139809999588,40.00018914700007],[-3.0085585199999514,40.00023248000008],[-3.009147481999946,40.00132955500004],[-3.006111591999968,40.00235934500006]]],[[[-3.013766094999937,40.00602960600003],[-3.0150119329999256,40.00613606200005],[-3.01461659499995,40.00640033900004],[-3.013766094999937,40.00602960600003]]]]}},{"type":"Feature","properties":{"ClaseSuelo":"SUELO URBANO NO CONSOLIDADO","NuclRural":"0","AreaLamber":133.55254901,"Shape_STAr":0.000140982379946},"geometry":{"type":"MultiPolygon","coordinates":[[[[-3.021382717999927,40.00583087900003],[-2.9948745229999645,40.00085298500005],[-2.9971647649999795,39.99924120600008],[-3.0038668979999557,40.000189714000044],[-3.0062674919999495,40.00094147400006],[-3.005041050999978,40.002152582000065],[-3.0082134809999275,40.00159948600003],[-3.0078209219999508,40.002739570000074],[-3.0146183689999475,40.004126807000034],[-3.015809312999977,40.00222136600007],[-3.019458937999957,40.002654250000035],[-3.022409737999965,40.005790510000054],[-3.021382717999927,40.00583087900003]]],[[[-2.9942416659999367,40.00251973200005],[-2.99517988599996,40.00117365600005],[-2.998428110999953,40.00242731600008],[-2.9942416659999367,40.00251973200005]]],[[[-3.0005751009999244,40.00400982000008],[-2.9993810969999686,40.00280630200007],[-3.0014234099999726,40.00369174600007],[-3.0005751009999244,40.00400982000008]]],[[[-3.0045305179999673,40.004063537000036],[-3.0066410799999517,40.00354602300007],[-3.0076153149999527,40.00507058100004],[-3.0045305179999673,40.004063537000036]]],[[[-3.003275022999958,40.00424349600007],[-2.998656619999963,40.00246163700007],[-3.0062468279999734,40.00593350400004],[-3.003275022999958,40.00424349600007]]],[[[-3.0103159079999386,40.006900932000065],[-3.0065419639999504,40.005042236000065],[-3.0126541459999316,40.00765233100003],[-3.0103159079999386,40.006900932000065]]],[[[-3.0019417039999325,40.00794182000004],[-3.00154465199995,40.00450685100003],[-3.002800479999962,40.00675350200004],[-3.0019417039999325,40.00794182000004]]],[[[-3.0082292749999624,40.00790660100006],[-3.0096914599999423,40.00743334800006],[-3.0096756079999523,40.008530387000064],[-3.0082292749999624,40.00790660100006]]],[[[-3.0117009119999807,40.009050193000064],[-3.012572377999959,40.00885998800004],[-3.0123818489999508,40.00982516300007],[-3.0117009119999807,40.009050193000064]]],[[[-3.0028296389999696,40.00994072800006],[-3.0020456969999714,40.00909962500003],[-3.0034666809999635,40.010034157000064],[-3.0028296389999696,40.00994072800006]]],[[[-3.0151752179999676,40.00842099700003],[-3.008490313999971,40.00463720400006],[-3.015949073999934,40.005477050000025],[-3.0151865559999464,40.00680218000008],[-3.0189835939999625,40.00741610800003],[-3.0193017539999687,40.01019214300004],[-3.0151752179999676,40.00842099700003]],[[-3.013921467999978,40.00591337100008],[-3.01461659499995,40.00640033900004],[-3.0150119329999256,40.00613606200005],[-3.013921467999978,40.00591337100008]]],[[[-3.0181695279999303,40.010088910000036],[-3.012178651999932,40.00807540200003],[-3.0189879019999353,40.01017693500006],[-3.0181695279999303,40.010088910000036]]],[[[-3.0195704679999267,40.00916022000007],[-3.0219624199999657,40.009151888000076],[-3.021914522999964,40.00693586500006],[-3.024045047999948,40.006501652000054],[-3.024795231999974,40.01144565800007],[-3.0196529289999603,40.01040906700007],[-3.0195704679999267,40.00916022000007]]],[[[-3.0021159049999255,40.011277878000044],[-3.001179451999974,40.01067516200004],[-3.0032427179999672,40.01072348400004],[-3.0021159049999255,40.011277878000044]]],[[[-3.008372319999978,40.01166311700007],[-3.008816251999974,40.01132380000007],[-3.0092262049999476,40.011547697000026],[-3.008372319999978,40.01166311700007]]],[[[-3.0140073999999686,40.01348604400005],[-3.011293809999927,40.011845608000044],[-3.0147743139999648,40.013233541000034],[-3.0140073999999686,40.01348604400005]]],[[[-3.0066812319999485,40.01422520400007],[-3.0050601189999497,40.01534455900003],[-3.0043201219999673,40.014986572000055],[-3.0066812319999485,40.01422520400007]]],[[[-2.999315021999962,40.01523016800007],[-2.997862209999937,40.01535924600006],[-2.997869370999979,40.013932977000024],[-3.001553413999943,40.01200768100006],[-3.00100436799994,40.01338093800007],[-3.002496624999935,40.014042405000055],[-3.001392290999945,40.01582663500005],[-2.999315021999962,40.01523016800007]]],[[[-3.0023596999999427,40.01541493600007],[-3.0038897209999504,40.01537974000007],[-3.0030618439999444,40.016552760000025],[-3.0023596999999427,40.01541493600007]]],[[[-3.012938366999947,40.01823226800008],[-3.0076594339999474,40.01457405800005],[-3.010135342999945,40.014516300000025],[-3.016003593999926,40.01804021000004],[-3.0186542829999325,40.016208782000035],[-3.016185228999973,40.01505579700006],[-3.017870258999949,40.01334465300005],[-3.0162027569999736,40.01260094000003],[-3.019574833999968,40.011900954000055],[-3.019017814999927,40.01692147400007],[-3.0143745419999277,40.019333292000056],[-3.012938366999947,40.01823226800008]]]]}},{"type":"Feature","properties":{"ClaseSuelo":"SUELO NO URBANIZABLE","NuclRural":"0","AreaLamber":4039.76954641,"Shape_STAr":0.00427804335499},"geometry":{"type":"Polygon","coordinates":[[[-2.054641422999964,40.24581069200008],[-2.046741266999959,40.240218723000055],[-2.0472689309999623,40.23696174300005],[-2.038390541999945,40.23468103000005],[-2.042316692999975,40.232182015000035],[-2.046311553999942,40.21889940300008],[-2.0531426279999323,40.21293734300008],[-2.053368536999926,40.21100671000005],[-2.0637993689999803,40.21007353500005],[-2.070458697999925,40.211289418000035],[-2.075930257999971,40.20994131900005],[-2.07617387199997,40.20076282800005],[-2.113622290999956,40.205028887000026],[-2.115042068999969,40.206084832000045],[-2.1168361169999343,40.21723400500008],[-2.1216866329999675,40.218388084000026],[-2.1201465699999744,40.22115123300006],[-2.124356413999976,40.228273460000025],[-2.1237323359999323,40.23656624700004],[-2.114990435999971,40.24436474200007],[-2.1080213619999313,40.25417178400005],[-2.1063861439999414,40.25886646500004],[-2.1064459339999644,40.26772746200004],[-2.103031233999957,40.273038960000065],[-2.067801155999973,40.27044496800005],[-2.0526008859999365,40.276096308000035],[-2.050598974999957,40.25607957500006],[-2.054641422999964,40.24581069200008]],[[-2.0882449369999563,40.24994128700007],[-2.089141758999972,40.24942491300004],[-2.0872317949999797,40.24890511600006],[-2.0882449369999563,40.24994128700007]],[[-2.089515247999941,40.24017987800005],[-2.089587288999951,40.239066767000054],[-2.0940708199999563,40.238379690000045],[-2.09157208299996,40.23718017200008],[-2.096981299999925,40.229173040000035],[-2.091738158999931,40.228475063000076],[-2.086769773999947,40.231455640000036],[-2.08691199499998,40.23741223300004],[-2.0888013759999353,40.23777276000004],[-2.089515247999941,40.24017987800005]],[[-2.0901089019999404,40.22216022200007],[-2.088633766999976,40.223986453000066],[-2.0903030539999463,40.22542980900005],[-2.0933475279999243,40.22359011700007],[-2.0926519729999313,40.22146221400004],[-2.0901089019999404,40.22216022200007]],[[-2.105726681999954,40.20919464200006],[-2.1074902759999645,40.20982225000006],[-2.106786687999943,40.20864780000005],[-2.105726681999954,40.20919464200006]]]}},{"type":"Feature","properties":{"ClaseSuelo":"SUELO URBANIZABLE DELIMITADO O SECTORIZADO","NuclRural":"0","AreaLamber":18.00916538,"Shape_STAr":0.0000190702269563},"geometry":{"type":"MultiPolygon","coordinates":[[[[-2.0926185239999313,40.23506062300004],[-2.091300609999962,40.23505624100005],[-2.0946983479999517,40.229817866000076],[-2.0954215679999493,40.231889902000034],[-2.0926185239999313,40.23506062300004]]],[[[-2.090507445999947,40.23898819200008],[-2.0896571569999765,40.23778736200006],[-2.0940708199999563,40.238379690000045],[-2.090507445999947,40.23898819200008]]],[[[-2.105726681999954,40.20919464200006],[-2.106786687999943,40.20864780000005],[-2.1074902759999645,40.20982225000006],[-2.105726681999954,40.20919464200006]]],[[[-2.08734986099995,40.249876234000055],[-2.0872317949999797,40.24890511600006],[-2.0892578429999276,40.249751125000046],[-2.08734986099995,40.249876234000055]]],[[[-2.0949524389999397,40.22915968700005],[-2.0934710709999536,40.228976045000024],[-2.0943172669999512,40.22814677700006],[-2.0949524389999397,40.22915968700005]]],[[[-2.089587288999951,40.239066767000054],[-2.089493152999978,40.24052127500005],[-2.088691108999967,40.240486358000055],[-2.089587288999951,40.239066767000054]]]]}},{"type":"Feature","properties":{"ClaseSuelo":"SUELO URBANO","NuclRural":"0","AreaLamber":58.68643741,"Shape_STAr":0.0000621428166417},"geometry":{"type":"MultiPolygon","coordinates":[[[[-2.088611245999971,40.23776657600007],[-2.08691199499998,40.23741223300004],[-2.087025728999947,40.23110868500004],[-2.091738158999931,40.228475063000076],[-2.096981299999925,40.229173040000035],[-2.0961425599999757,40.230925666000076],[-2.093322447999981,40.23067118800003],[-2.091300609999962,40.23505624100005],[-2.0936754339999766,40.23549112500007],[-2.09157208299996,40.23718017200008],[-2.0929297229999406,40.23798106400005],[-2.0896571569999765,40.23778736200006],[-2.088713016999975,40.23933656600008],[-2.088611245999971,40.23776657600007]]],[[[-2.0901089019999404,40.22216022200007],[-2.0926519729999313,40.22146221400004],[-2.0933475279999243,40.22359011700007],[-2.0903030539999463,40.22542980900005],[-2.088633766999976,40.223986453000066],[-2.0901089019999404,40.22216022200007]]]]}},{"type":"Feature","properties":{"ClaseSuelo":"SUELO NO URBANIZABLE","NuclRural":"0","AreaLamber":17951.7568099,"Shape_STAr":0.0188744467449},"geometry":{"type":"Polygon","coordinates":[[[-2.849424818999978,39.65988225900003],[-2.8558187109999267,39.65528148400006],[-2.8679730679999693,39.65107927100007],[-2.8794581329999573,39.64218058400007],[-2.892794594999941,39.639805946000024],[-2.8992036029999326,39.64032528200005],[-2.918450029999974,39.645674489000044],[-2.935954661999972,39.664697131000025],[-2.949531203999925,39.676466755000035],[-2.954458861999967,39.68672249300005],[-2.9698659989999783,39.68969185700007],[-2.9725216509999655,39.69359845900004],[-2.977536903999976,39.696640484000056],[-2.976707721999958,39.70286641000007],[-2.993159309999953,39.71383393800005],[-2.99372544299996,39.718109319000064],[-2.9981542569999533,39.71890235200004],[-3.0091927629999304,39.74479304500005],[-3.01555138599997,39.764907777000076],[-3.0211069429999498,39.77087619100007],[-3.0104611829999612,39.77877063100004],[-3.00407514799997,39.774630847000026],[-2.9932916849999742,39.77336031900006],[-2.9875041139999325,39.77705405800003],[-2.975304163999965,39.77232627700005],[-2.971588686999951,39.77797035200007],[-2.970005877999938,39.77914579700007],[-2.9675180289999616,39.77791523700006],[-2.96099755299997,39.785779181000066],[-2.9501828099999443,39.79214524900004],[-2.943934788999968,39.79444899900005],[-2.941918313999963,39.79379926900003],[-2.9361308439999334,39.80242798000006],[-2.9283085839999785,39.80733393600008],[-2.9237039409999284,39.80466848000003],[-2.921344984999962,39.80493269800007],[-2.919012901999963,39.80127295600005],[-2.9134338139999727,39.79761979300008],[-2.915262408999979,39.79242227200007],[-2.913339171999951,39.78929431200004],[-2.9048356779999267,39.78998141300008],[-2.8988236739999707,39.78651638800005],[-2.887246452999932,39.78708682000007],[-2.884186541999952,39.78992650400005],[-2.8729997419999336,39.78879748600008],[-2.8605352839999796,39.79014365200004],[-2.854232167999953,39.793875091000075],[-2.8431335339999464,39.794995828000026],[-2.8461543979999533,39.79170217800004],[-2.84557226499993,39.78729092800006],[-2.847168607999947,39.782035620000045],[-2.846018234999974,39.779457182000044],[-2.8430421459999593,39.77870533200007],[-2.8401575969999726,39.77879148000005],[-2.83800317999993,39.78123924500005],[-2.836238001999959,39.777083067000035],[-2.838710029999959,39.75615138500007],[-2.840644364999946,39.75403667000006],[-2.840825157999973,39.74809468700005],[-2.846475449999957,39.73197402200003],[-2.8573344649999513,39.724540938000075],[-2.8559209389999296,39.71800225900006],[-2.859768666999969,39.71348383800006],[-2.858086987999968,39.70864329300008],[-2.854235289999963,39.70407933100006],[-2.8524199599999633,39.691120280000064],[-2.8549442239999507,39.67481935400008],[-2.849045394999962,39.66363454800006],[-2.849424818999978,39.65988225900003]],[[-2.941844830999969,39.72184552300007],[-2.943466265999973,39.71890909800004],[-2.9416154839999535,39.718019310000045],[-2.936331377999977,39.72246184800008],[-2.938119570999959,39.72418537800007],[-2.941844830999969,39.72184552300007]],[[-2.926089744999956,39.73663210600006],[-2.925974162999978,39.737832052000044],[-2.929794392999952,39.73631652000006],[-2.92891756399996,39.732868633000066],[-2.932364527999937,39.72978465800003],[-2.933312113999932,39.72782768900004],[-2.932046353999965,39.726490030000036],[-2.921862186999931,39.72505133900006],[-2.9153964459999315,39.72743910400004],[-2.915449859999967,39.729627865000054],[-2.9184675089999246,39.73020598700003],[-2.9227206819999765,39.73682867100007],[-2.9257295399999634,39.73559097700007],[-2.926089744999956,39.73663210600006]]]}},{"type":"Feature","properties":{"ClaseSuelo":"SUELO URBANIZABLE DELIMITADO O SECTORIZADO","NuclRural":"0","AreaLamber":18.84535307,"Shape_STAr":0.0000198120651592},"geometry":{"type":"Polygon","coordinates":[[[-2.9372571059999473,39.72186899600007],[-2.9416154839999535,39.718019310000045],[-2.943466265999973,39.71890909800004],[-2.943125838999947,39.72115200200005],[-2.938119570999959,39.72418537800007],[-2.936331377999977,39.72246184800008],[-2.9372571059999473,39.72186899600007]]]}},{"type":"Feature","properties":{"ClaseSuelo":"SUELO URBANO","NuclRural":"0","AreaLamber":122.82812588,"Shape_STAr":0.000129145688038},"geometry":{"type":"Polygon","coordinates":[[[-2.926089744999956,39.73663210600006],[-2.9257295399999634,39.73559097700007],[-2.9227206819999765,39.73682867100007],[-2.9184675089999246,39.73020598700003],[-2.915449859999967,39.729627865000054],[-2.9153964459999315,39.72743910400004],[-2.921862186999931,39.72505133900006],[-2.932046353999965,39.726490030000036],[-2.933312113999932,39.72782768900004],[-2.932364527999937,39.72978465800003],[-2.92891756399996,39.732868633000066],[-2.929794392999952,39.73631652000006],[-2.925974162999978,39.737832052000044],[-2.926089744999956,39.73663210600006]]]}},{"type":"Feature","properties":{"ClaseSuelo":"SUELO NO URBANIZABLE","NuclRural":"0","AreaLamber":7837.78795463,"Shape_STAr":0.00826027259074},"geometry":{"type":"Polygon","coordinates":[[[-2.6059098959999574,39.86191633800007],[-2.6184037529999387,39.89225872700007],[-2.619654495999953,39.898750033000056],[-2.6178508029999534,39.911772520000056],[-2.6077418689999377,39.91177476900003],[-2.593947008999976,39.91778192100003],[-2.5896626469999546,39.91807316100005],[-2.5750504429999523,39.927111497000055],[-2.559826844999975,39.92684742200004],[-2.5552326089999724,39.92789304400003],[-2.549763390999942,39.93385449600004],[-2.540932312999928,39.93480191400005],[-2.5216304939999645,39.91993856400006],[-2.523206537999954,39.91656634100008],[-2.51521951899997,39.91340675600003],[-2.502604205999944,39.92149824400008],[-2.5027044629999295,39.923814220000054],[-2.499208082999928,39.928277077000075],[-2.501268556999946,39.93623268500005],[-2.491603148999957,39.93571765000007],[-2.4867063989999565,39.94276429900003],[-2.473812898999938,39.94352634400008],[-2.4705295189999674,39.94579988600003],[-2.4673833269999363,39.942433796000046],[-2.466436402999932,39.940771624000035],[-2.4676025969999387,39.93830828800003],[-2.477357521999977,39.93150520700004],[-2.4794958909999423,39.92731622900004],[-2.477597568999954,39.918405911000036],[-2.4802799979999577,39.911840744000074],[-2.4781458419999467,39.90783976100005],[-2.47383911299994,39.904955133000044],[-2.473065672999951,39.90054576700004],[-2.481935306999958,39.88935937700006],[-2.4791642599999477,39.88613941800003],[-2.4779105759999425,39.880268304000026],[-2.486700930999973,39.87768567300003],[-2.491225677999978,39.87148875100007],[-2.5131854219999354,39.87152900500007],[-2.521898634999957,39.86960109900008],[-2.5393666409999582,39.86105828900003],[-2.5459949729999494,39.861174540000036],[-2.5525697809999315,39.85873587300006],[-2.5666654849999304,39.86119960000008],[-2.5737590459999637,39.86549664000006],[-2.577947654999946,39.86504345000003],[-2.586689346999947,39.857930030000034],[-2.6059098959999574,39.86191633800007]],[[-2.5523125439999603,39.889958652000075],[-2.5568842939999286,39.89309472800005],[-2.5612492109999607,39.89314112200003],[-2.555429083999968,39.88672896500003],[-2.5533993449999457,39.886688984000045],[-2.551218103999929,39.88900246500003],[-2.5523125439999603,39.889958652000075]],[[-2.559571516999938,39.89457427900004],[-2.560945748999927,39.89455684200004],[-2.5600628189999384,39.89421260100005],[-2.559571516999938,39.89457427900004]]]}},{"type":"Feature","properties":{"ClaseSuelo":"SUELO URBANIZABLE DELIMITADO O SECTORIZADO","NuclRural":"0","AreaLamber":16.42218297,"Shape_STAr":0.0000173055299686},"geometry":{"type":"Polygon","coordinates":[[[-2.5600969789999795,39.89191410500007],[-2.5555669569999395,39.88864569700007],[-2.5547245739999767,39.89111260400006],[-2.551218103999929,39.88900246500003],[-2.555429083999968,39.88672896500003],[-2.5600969789999795,39.89191410500007]],[[-2.554855439999926,39.88797833000007],[-2.554310492999946,39.88802510600004],[-2.5547918129999516,39.88848585200003],[-2.554855439999926,39.88797833000007]]]}},{"type":"Feature","properties":{"ClaseSuelo":"SUELO URBANO","NuclRural":"0","AreaLamber":15.10932371,"Shape_STAr":0.0000159226009055},"geometry":{"type":"MultiPolygon","coordinates":[[[[-2.5547245739999767,39.89111260400006],[-2.5555669569999395,39.88864569700007],[-2.5612492109999607,39.89314112200003],[-2.5574062519999643,39.893260017000046],[-2.5547245739999767,39.89111260400006]]],[[[-2.559571516999938,39.89457427900004],[-2.5600628189999384,39.89421260100005],[-2.560945748999927,39.89455684200004],[-2.559571516999938,39.89457427900004]]],[[[-2.5544425989999695,39.88815156600003],[-2.5546213769999326,39.88780459900005],[-2.5551105089999737,39.888271504000045],[-2.5544425989999695,39.88815156600003]]]]}},{"type":"Feature","properties":{"ClaseSuelo":"SUELO NO URBANIZABLE","NuclRural":"0","AreaLamber":7096.06589522,"Shape_STAr":0.00744170995794},"geometry":{"type":"Polygon","coordinates":[[[-1.8386817329999303,39.532070385000054],[-1.8816397929999766,39.532122206000054],[-1.9342228759999784,39.52671455700005],[-1.9560003739999274,39.527687092000065],[-1.969284236999954,39.54521344400007],[-1.9617276859999606,39.57666387100005],[-1.9649375349999332,39.587865126000054],[-1.9615085369999292,39.596799633000046],[-1.9107618119999756,39.603660141000034],[-1.8940486519999808,39.604313148000074],[-1.8874566229999346,39.60645768000006],[-1.8799222159999545,39.60055575400003],[-1.878170713999964,39.591447663000054],[-1.8503596179999704,39.56757833800003],[-1.8490670509999632,39.563375835000045],[-1.8502353369999582,39.55818855100006],[-1.8428433669999436,39.547717488000046],[-1.8433628019999446,39.545172784000044],[-1.8386817329999303,39.532070385000054]],[[-1.9041021609999689,39.56498956100006],[-1.9102510219999544,39.56656742200005],[-1.9105982969999786,39.56887294500007],[-1.9134774889999449,39.56895067500005],[-1.9131703639999387,39.56708742500007],[-1.9225533429999473,39.56484476700007],[-1.9312687249999385,39.56522493600005],[-1.931095073999927,39.56243957000004],[-1.9219700479999346,39.56204456300003],[-1.9193469929999765,39.56058292400007],[-1.9212142049999557,39.55359315100003],[-1.9200999819999538,39.553351486000054],[-1.9192393009999478,39.55751219000007],[-1.9144090569999435,39.555751875000055],[-1.9125373719999743,39.55839523700007],[-1.912132592999967,39.55694836400005],[-1.9092632809999373,39.55738398600005],[-1.9102077209999493,39.555758328000024],[-1.9043402319999245,39.55474662800003],[-1.9061261809999337,39.55379081900003],[-1.9054835609999259,39.54551181700003],[-1.902527283999973,39.54583618200007],[-1.9032140629999503,39.55356662300005],[-1.900680824999938,39.55316823100003],[-1.8980097959999398,39.55636309800008],[-1.8880625199999486,39.55423819300006],[-1.887448357999972,39.55598797300007],[-1.903196151999964,39.55997425400005],[-1.8946832129999507,39.564101460000074],[-1.89731950099997,39.56623992200008],[-1.9013443149999603,39.56322852900007],[-1.9041021609999689,39.56498956100006]]]}},{"type":"Feature","properties":{"ClaseSuelo":"SUELO URBANIZABLE DELIMITADO O SECTORIZADO","NuclRural":"0","AreaLamber":30.9758507,"Shape_STAr":0.0000324825830076},"geometry":{"type":"MultiPolygon","coordinates":[[[[-1.9054064689999564,39.554853613000034],[-1.9102077209999493,39.555758328000024],[-1.9052130119999333,39.559856024000055],[-1.9030951039999309,39.55799590300006],[-1.9054064689999564,39.554853613000034]]],[[[-1.9159540249999623,39.55895341200005],[-1.9140138569999294,39.55930928400005],[-1.9161025019999443,39.55635906600003],[-1.9192393009999478,39.55751219000007],[-1.9174933199999487,39.560483169000065],[-1.9159540249999623,39.55895341200005]]],[[[-1.9023423179999668,39.56195496500004],[-1.9043684979999398,39.56369734400005],[-1.9038164199999414,39.56521212000007],[-1.9009719399999767,39.562954482000066],[-1.9023423179999668,39.56195496500004]]]]}},{"type":"Feature","properties":{"ClaseSuelo":"SUELO URBANO","NuclRural":"0","AreaLamber":258.00883044,"Shape_STAr":0.000270563710287},"geometry":{"type":"Polygon","coordinates":[[[-1.9035413809999682,39.56233467100003],[-1.9030401509999706,39.56146873200004],[-1.89731950099997,39.56623992200008],[-1.8946832129999507,39.564101460000074],[-1.903196151999964,39.55997425400005],[-1.887448357999972,39.55598797300007],[-1.8880625199999486,39.55423819300006],[-1.8980097959999398,39.55636309800008],[-1.900680824999938,39.55316823100003],[-1.9032140629999503,39.55356662300005],[-1.902527283999973,39.54583618200007],[-1.9054835609999259,39.54551181700003],[-1.9061261809999337,39.55379081900003],[-1.9045092059999433,39.55364706600005],[-1.9054158159999588,39.55484403100007],[-1.9030951039999309,39.55799590300006],[-1.9052130119999333,39.559856024000055],[-1.9087733469999648,39.55679786800005],[-1.912132592999967,39.55694836400005],[-1.9125373719999743,39.55839523700007],[-1.9144090569999435,39.555751875000055],[-1.9159567169999718,39.55666596900005],[-1.9140138569999294,39.55930928400005],[-1.9174933199999487,39.560483169000065],[-1.9200999819999538,39.553351486000054],[-1.9212142049999557,39.55359315100003],[-1.9193469929999765,39.56058292400007],[-1.9219700479999346,39.56204456300003],[-1.931095073999927,39.56243957000004],[-1.9312687249999385,39.56522493600005],[-1.9225533429999473,39.56484476700007],[-1.9105982969999786,39.56887294500007],[-1.9102510219999544,39.56656742200005],[-1.9041021609999689,39.56498956100006],[-1.9035413809999682,39.56233467100003]]]}},{"type":"Feature","properties":{"ClaseSuelo":"SUELO NO URBANIZABLE","NuclRural":"0","AreaLamber":8632.1126225,"Shape_STAr":0.00911311954682},"geometry":{"type":"Polygon","coordinates":[[[-1.5914165189999494,40.096035965000056],[-1.5897632459999613,40.09595474100007],[-1.5934420339999633,40.094476953000026],[-1.5904523079999535,40.09269281500008],[-1.5926617249999708,40.09249446800004],[-1.592026609999948,40.089729946000034],[-1.58749424399997,40.08598098300007],[-1.594764654999949,40.08093424000003],[-1.599143799999979,40.07385204600007],[-1.6106862709999632,40.06274765200004],[-1.6104715509999323,40.05946572500005],[-1.615270245999966,40.05351406600005],[-1.6133049269999447,40.049256220000075],[-1.6176257909999663,40.04892048500005],[-1.6199393119999286,40.044650681000064],[-1.6192410959999393,40.04091253900003],[-1.6210052159999577,40.037131662000036],[-1.6270477119999782,40.03214926900006],[-1.62706284799998,40.028473674000054],[-1.6309321409999598,40.01959129800008],[-1.6264182429999323,40.01504222900007],[-1.6239542919999508,40.01462558500003],[-1.6232700169999248,40.01252730300007],[-1.633522055999947,40.011945980000064],[-1.6431446449999498,40.007644550000066],[-1.6523888489999763,39.99512141400004],[-1.6663616309999725,39.98678731700005],[-1.6641589829999361,39.98261764000006],[-1.6652845779999552,39.98074766000008],[-1.672832180999933,39.97683421200003],[-1.6992327209999303,39.981530218000046],[-1.7278638979999528,39.993082876000074],[-1.729107901999953,40.01569201600006],[-1.7278398599999605,40.02402975200005],[-1.7110243189999323,40.053844783000045],[-1.7076564209999674,40.05649200700003],[-1.701988230999973,40.06541985200005],[-1.6875096819999271,40.064882744000045],[-1.684585163999941,40.069169489000046],[-1.6713014159999489,40.07085569000003],[-1.6651976799999488,40.07775862300008],[-1.6507662799999707,40.079843640000036],[-1.648202620999939,40.08315614800006],[-1.6451429209999446,40.08189513100007],[-1.6432931329999292,40.08408973000007],[-1.6348427239999523,40.086125569000046],[-1.6283448759999715,40.09078759100004],[-1.621221549999973,40.09268498800003],[-1.6192421339999328,40.09543621800003],[-1.6037948499999288,40.09818792100003],[-1.5914165189999494,40.096035965000056]],[[-1.6501214109999296,40.039823083000044],[-1.6480081139999356,40.04069727800004],[-1.6444364919999543,40.03880771900003],[-1.6445864239999537,40.04141204100006],[-1.642737239999974,40.04095620700008],[-1.644023347999962,40.041986903000065],[-1.6400402609999674,40.04492999100006],[-1.6449253779999253,40.044314376000045],[-1.646062555999947,40.04277501900003],[-1.6477042909999682,40.04625116400007],[-1.652440257999956,40.04675196100004],[-1.6538854049999259,40.04361584700007],[-1.6501214109999296,40.039823083000044]],[[-1.647896813999978,40.03602414100004],[-1.6475256249999575,40.034140164000064],[-1.6442465639999568,40.03537699700007],[-1.6484179919999633,40.03809187500008],[-1.6494088859999465,40.037218557000074],[-1.647896813999978,40.03602414100004]]]}},{"type":"Feature","properties":{"ClaseSuelo":"SUELO URBANIZABLE DELIMITADO O SECTORIZADO","NuclRural":"0","AreaLamber":4.97737941,"Shape_STAr":0.00000525462830995},"geometry":{"type":"Polygon","coordinates":[[[-1.647204740999939,40.03606737200005],[-1.6442465639999568,40.03537699700007],[-1.6475256249999575,40.034140164000064],[-1.647204740999939,40.03606737200005]]]}},{"type":"Feature","properties":{"ClaseSuelo":"SUELO URBANO","NuclRural":"0","AreaLamber":54.83293757,"Shape_STAr":0.0000578934024246},"geometry":{"type":"MultiPolygon","coordinates":[[[[-1.6518354799999315,40.04667763800006],[-1.6477042909999682,40.04625116400007],[-1.646062555999947,40.04277501900003],[-1.6449253779999253,40.044314376000045],[-1.6400402609999674,40.04492999100006],[-1.644023347999962,40.041986903000065],[-1.642737239999974,40.04095620700008],[-1.6445864239999537,40.04141204100006],[-1.6444364919999543,40.03880771900003],[-1.6480081139999356,40.04069727800004],[-1.6501209649999282,40.03951076900006],[-1.6538854049999259,40.04361584700007],[-1.6518354799999315,40.04667763800006]]],[[[-1.647896813999978,40.03602414100004],[-1.6494088859999465,40.037218557000074],[-1.6484179919999633,40.03809187500008],[-1.6459239249999769,40.03644102900006],[-1.647896813999978,40.03602414100004]]],[[[-1.647896813999978,40.03602414100004],[-1.6478678019999506,40.03601317600004],[-1.6478514269999778,40.035992391000036],[-1.647896813999978,40.03602414100004]]]]}},{"type":"Feature","properties":{"ClaseSuelo":"SUELO NO URBANIZABLE","NuclRural":"0","AreaLamber":4803.21989646,"Shape_STAr":0.00502466197247},"geometry":{"type":"Polygon","coordinates":[[[-2.0102192859999377,39.41147710800004],[-2.002851294999971,39.40827902800004],[-1.9996558899999286,39.399430419000055],[-1.9946346049999306,39.394061985000064],[-1.988161555999966,39.37029055000005],[-2.006907817999945,39.35406212300006],[-2.010781971999961,39.35587017100005],[-2.020865952999941,39.35186470700006],[-2.044360962999974,39.35916917800006],[-2.05456518099993,39.35646827200003],[-2.0742063529999655,39.35625669400008],[-2.081174614999952,39.35858251900004],[-2.0845461279999427,39.36526779600007],[-2.0882040369999686,39.368729476000055],[-2.091829149999967,39.367586448000054],[-2.0950569219999693,39.37023361700005],[-2.09200298199994,39.376562199000034],[-2.0884411889999797,39.37904827800003],[-2.0847761859999423,39.38940854700007],[-2.085902836999935,39.39116542700003],[-2.0815417149999575,39.402277027000025],[-2.084317735999946,39.40847104200003],[-2.0959049999999593,39.407939885000076],[-2.093486337999934,39.41442210100007],[-2.0664192659999685,39.411905999000055],[-2.017657300999929,39.41430680900004],[-2.0102192859999377,39.41147710800004]],[[-2.037627253999972,39.39784489500005],[-2.0456004459999804,39.395809419000045],[-2.04293705799995,39.39390849100005],[-2.045878878999929,39.392658839000035],[-2.047086879999938,39.38827521700006],[-2.0445454639999525,39.38562204400006],[-2.039772973999959,39.38437408400006],[-2.041238800999963,39.38164008500007],[-2.0403084589999594,39.37976571300004],[-2.038809371999946,39.384530949000066],[-2.039426685999956,39.38004392600004],[-2.0365793489999646,39.38035295700007],[-2.0384815289999665,39.38462955000006],[-2.0352888249999523,39.38471263800005],[-2.0323727279999275,39.38764161600005],[-2.0339210009999533,39.38942108100008],[-2.0317563759999757,39.39321173400003],[-2.0353851319999308,39.394398555000066],[-2.0324225449999744,39.39454353100007],[-2.0320661299999756,39.39609920100003],[-2.0353201429999785,39.39574445400007],[-2.0365880899999524,39.39896720000007],[-2.037627253999972,39.39784489500005]]]}},{"type":"Feature","properties":{"ClaseSuelo":"SUELO URBANIZABLE DELIMITADO O SECTORIZADO","NuclRural":"0","AreaLamber":12.96229708,"Shape_STAr":0.0000135595210545},"geometry":{"type":"MultiPolygon","coordinates":[[[[-2.0374204499999564,39.380286013000045],[-2.039426685999956,39.38004392600004],[-2.0384728259999747,39.38463485300008],[-2.0374204499999564,39.380286013000045]]],[[[-2.0397791929999585,39.37987578100007],[-2.041191238999943,39.38001577000006],[-2.0411936979999723,39.38195746700006],[-2.038809371999946,39.384530949000066],[-2.0397791929999585,39.37987578100007]]]]}},{"type":"Feature","properties":{"ClaseSuelo":"SUELO URBANO","NuclRural":"0","AreaLamber":142.44930426,"Shape_STAr":0.000149031673785},"geometry":{"type":"Polygon","coordinates":[[[-2.036025767999945,39.398651725000036],[-2.0353201429999785,39.39574445400007],[-2.032061017999979,39.39608257900005],[-2.0324225449999744,39.39454353100007],[-2.0353851319999308,39.394398555000066],[-2.0317563759999757,39.39321173400003],[-2.0339210009999533,39.38942108100008],[-2.0329118809999613,39.38658876100004],[-2.0344751039999664,39.386928871000066],[-2.0352888249999523,39.38471263800005],[-2.039772973999959,39.38437408400006],[-2.0462423299999273,39.386792555000056],[-2.045878878999929,39.392658839000035],[-2.04293705799995,39.39390849100005],[-2.0456004459999804,39.395809419000045],[-2.036025767999945,39.398651725000036]]]}},{"type":"Feature","properties":{"ClaseSuelo":"SUELO NO URBANIZABLE","NuclRural":"0","AreaLamber":11324.6398507,"Shape_STAr":0.011884619631},"geometry":{"type":"MultiPolygon","coordinates":[[[[-2.8398995049999485,39.65016089300008],[-2.8270385699999565,39.65517015000006],[-2.8160966489999737,39.65240515800008],[-2.7978764569999726,39.61690566600004],[-2.781570378999959,39.606658320000065],[-2.780544842999973,39.59853353400007],[-2.805364286999975,39.56354547600006],[-2.802927952999937,39.55984257500006],[-2.8028191899999797,39.55177805300008],[-2.7981167339999615,39.54457961500003],[-2.811727846999929,39.53507851000006],[-2.8168175989999327,39.53913237300003],[-2.823936127999957,39.54135549100005],[-2.834472934999951,39.53935271100005],[-2.8517468339999255,39.55049952300004],[-2.8665035039999793,39.55500916300008],[-2.904827313999931,39.55966035700004],[-2.924564820999933,39.555696786000055],[-2.9205699989999516,39.558951378000074],[-2.922811895999928,39.569368903000054],[-2.920516733999932,39.58183771000006],[-2.924816309999926,39.60139256200006],[-2.920469602999958,39.604413100000045],[-2.9137464049999267,39.613729496000076],[-2.9178592979999394,39.623058178000065],[-2.9155379799999537,39.62526404700003],[-2.9119916469999794,39.637686651000024],[-2.908232941999927,39.64233306400007],[-2.892794594999941,39.639805946000024],[-2.8794581329999573,39.64218058300003],[-2.8679730679999693,39.651079270000025],[-2.8558187259999386,39.65528162100003],[-2.8494808219999754,39.659927383000024],[-2.848462908999977,39.65381707800003],[-2.84625996099993,39.65065156000003],[-2.8398995049999485,39.65016089300008]],[[-2.826941432999945,39.60952202400006],[-2.829040690999932,39.606583294000075],[-2.831543692999958,39.606549407000045],[-2.8316849979999574,39.604487877000054],[-2.829056722999951,39.60066804600007],[-2.8235329059999685,39.59989311700008],[-2.8208415289999493,39.605446802000074],[-2.823337907999928,39.60759348000005],[-2.823089793999941,39.609285886000066],[-2.826941432999945,39.60952202400006]],[[-2.813547607999965,39.60054167900006],[-2.8142080109999483,39.597633760000065],[-2.8125101209999457,39.60029691500006],[-2.813547607999965,39.60054167900006]]],[[[-2.8222968769999284,39.60571944000003],[-2.8223079579999535,39.60571341900004],[-2.8223003369999446,39.60572118300007],[-2.8222968769999284,39.60571944000003]]],[[[-2.826891294999939,39.60935587800003],[-2.8268869679999398,39.609352787000034],[-2.8268968689999383,39.60935730600005],[-2.826891294999939,39.60935587800003]]]]}},{"type":"Feature","properties":{"ClaseSuelo":"SUELO URBANIZABLE DELIMITADO O SECTORIZADO","NuclRural":"0","AreaLamber":8.5058866,"Shape_STAr":0.00000892720699444},"geometry":{"type":"MultiPolygon","coordinates":[[[[-2.821837673999937,39.60633648900006],[-2.824523405999969,39.60680569300007],[-2.823337907999928,39.60759348000005],[-2.821837673999937,39.60633648900006]]],[[[-2.813889041999971,39.597806665000064],[-2.8135288289999494,39.600624362000076],[-2.8125101209999457,39.60029691500006],[-2.813889041999971,39.597806665000064]]],[[[-2.824484471999938,39.60070134400007],[-2.8235329059999685,39.59989311700008],[-2.825017609999975,39.59961732000005],[-2.824484471999938,39.60070134400007]]],[[[-2.8244134309999254,39.60883980700004],[-2.826941432999945,39.60952202400006],[-2.824060908999968,39.60944819600007],[-2.8244134309999254,39.60883980700004]]]]}},{"type":"Feature","properties":{"ClaseSuelo":"SUELO URBANO","NuclRural":"0","AreaLamber":53.21816104,"Shape_STAr":0.0000558549779939},"geometry":{"type":"Polygon","coordinates":[[[-2.823974590999967,39.609417687000075],[-2.8228474199999596,39.608949249000034],[-2.824521322999942,39.60680028500008],[-2.8208415289999493,39.605446802000074],[-2.825658831999931,39.59954374800003],[-2.830079785999942,39.60222837400005],[-2.831543692999958,39.606549407000045],[-2.8271372129999577,39.60737555600008],[-2.827041845999929,39.609357705000036],[-2.823974590999967,39.609417687000075]],[[-2.825995485999954,39.60855484600006],[-2.824432286999979,39.607231659000036],[-2.824069940999948,39.60850301900007],[-2.825995485999954,39.60855484600006]]]}},{"type":"Feature","properties":{"ClaseSuelo":"SUELO URBANO NO CONSOLIDADO","NuclRural":"0","AreaLamber":4.23384012,"Shape_STAr":0.00000444368064856},"geometry":{"type":"MultiPolygon","coordinates":[[[[-2.825995485999954,39.60855484600006],[-2.824069940999948,39.60850301900007],[-2.824432286999979,39.607231659000036],[-2.825995485999954,39.60855484600006]]],[[[-2.828677238999944,39.60167433700008],[-2.8255068869999604,39.60049718300007],[-2.829056722999951,39.60066804600007],[-2.828677238999944,39.60167433700008]]],[[[-2.8273077009999383,39.608464800000036],[-2.8271372129999577,39.60737555600008],[-2.8281111109999415,39.60727608800005],[-2.8273077009999383,39.608464800000036]]]]}},{"type":"Feature","properties":{"ClaseSuelo":"SUELO NO URBANIZABLE","NuclRural":"0","AreaLamber":1916.83129519,"Shape_STAr":0.00202545062947},"geometry":{"type":"Polygon","coordinates":[[[-2.83879927199996,40.117614909000054],[-2.8382122879999656,40.10898264600007],[-2.839908677999972,40.10612895600008],[-2.8381700139999566,40.10145185700003],[-2.8417264729999374,40.093840509000074],[-2.8408069159999627,40.08831821800004],[-2.838204990999941,40.08739564500007],[-2.836831335999932,40.08357141400006],[-2.8389771329999576,40.07493279200003],[-2.836858599999971,40.06186046400006],[-2.8485914939999475,40.04630630400004],[-2.8466988189999256,40.03997134800005],[-2.869583552999927,40.03819737400005],[-2.8713245579999693,40.05037218800004],[-2.8703387779999616,40.061944778000054],[-2.8733944959999462,40.075267300000064],[-2.8717972429999463,40.08383369000006],[-2.862856542999964,40.093580890000055],[-2.8578848819999507,40.10489546600007],[-2.8559102049999296,40.116397885000026],[-2.83879927199996,40.117614909000054]],[[-2.849492485999974,40.069436127000074],[-2.8544285769999647,40.06852491600006],[-2.8532747419999396,40.06628909400007],[-2.8469472479999354,40.06639938300003],[-2.846778550999943,40.068991563000054],[-2.849492485999974,40.069436127000074]],[[-2.853708294999933,40.06735487100008],[-2.854616746999966,40.06841721100005],[-2.857152800999927,40.06683226400003],[-2.857108111999935,40.064506151000046],[-2.8533230319999348,40.06437070700008],[-2.853708294999933,40.06735487100008]],[[-2.853089109999928,40.06440636000008],[-2.8515283009999735,40.06483643300004],[-2.8530963679999672,40.06485281700003],[-2.853089109999928,40.06440636000008]]]}},{"type":"Feature","properties":{"ClaseSuelo":"SUELO URBANIZABLE DELIMITADO O SECTORIZADO","NuclRural":"0","AreaLamber":22.73259904,"Shape_STAr":0.0000240177454391},"geometry":{"type":"MultiPolygon","coordinates":[[[[-2.8467631779999465,40.06892896800008],[-2.8469472479999354,40.06639938300003],[-2.8532747419999396,40.06628909400007],[-2.8544285769999647,40.06852491600006],[-2.8467631779999465,40.06892896800008]]],[[[-2.8530446499999584,40.06438152900006],[-2.8530963679999672,40.06485281700003],[-2.8515283009999735,40.06483643300004],[-2.8530446499999584,40.06438152900006]]],[[[-2.855644586999972,40.06510504500005],[-2.857108111999935,40.064506151000046],[-2.857152800999927,40.06683226400003],[-2.855764717999932,40.06716175100007],[-2.855644586999972,40.06510504500005]]]]}},{"type":"Feature","properties":{"ClaseSuelo":"SUELO URBANO","NuclRural":"0","AreaLamber":6.1093445,"Shape_STAr":0.0000064545837698},"geometry":{"type":"Polygon","coordinates":[[[-2.853708294999933,40.06735487100008],[-2.8533230319999348,40.06437070700008],[-2.855632046999972,40.06428732400008],[-2.8556048609999607,40.067419923000045],[-2.853708294999933,40.06735487100008]]]}},{"type":"Feature","properties":{"ClaseSuelo":"SUELO URBANO NO CONSOLIDADO","NuclRural":"0","AreaLamber":1.49553016,"Shape_STAr":0.00000158007122102},"geometry":{"type":"MultiPolygon","coordinates":[[[[-2.853796842999941,40.06768376800005],[-2.8559056539999688,40.067203746000075],[-2.854616746999966,40.06841721100005],[-2.853796842999941,40.06768376800005]]],[[[-2.8552354349999405,40.06513324500003],[-2.855644586999972,40.06510504500005],[-2.855677175999972,40.06638121300006],[-2.8552354349999405,40.06513324500003]]]]}},{"type":"Feature","properties":{"ClaseSuelo":"SUELO NO URBANIZABLE","NuclRural":"0","AreaLamber":5522.64584286,"Shape_STAr":0.00580469625194},"geometry":{"type":"MultiPolygon","coordinates":[[[[-2.207484800999964,39.76356509100003],[-2.2068119569999567,39.760902533000035],[-2.19848357099994,39.75834051100003],[-2.186235870999951,39.74838926900003],[-2.1879681219999725,39.74543710000006],[-2.1847432229999413,39.737318956000024],[-2.1709902519999673,39.72510300700003],[-2.173182084999951,39.72525379100006],[-2.183728101999975,39.71949890900004],[-2.180629756999963,39.71906261600003],[-2.196188830999972,39.70832324100007],[-2.2008706809999694,39.70778793100004],[-2.215558957999974,39.69890051700003],[-2.233996968999975,39.68589134300004],[-2.2363944399999696,39.67667620900005],[-2.228241705999949,39.66457567700007],[-2.2307320239999626,39.662488317000054],[-2.233939487999976,39.66412685600005],[-2.248237112999959,39.66381936800008],[-2.251239605999956,39.65486458400005],[-2.2596104319999313,39.641767816000026],[-2.26290671299995,39.64345569200003],[-2.2650993959999255,39.64825403900005],[-2.269176930999947,39.65126668100004],[-2.268554328999926,39.65579941900006],[-2.279027388999964,39.67728223700004],[-2.2622504289999483,39.69102996300006],[-2.258257675999971,39.69250470700007],[-2.2647479019999537,39.69732590000007],[-2.2632416519999765,39.69974008100007],[-2.2578642219999665,39.70160245400007],[-2.260493396999948,39.70532691600005],[-2.2620005259999516,39.70312451800004],[-2.268442464999964,39.703940180000075],[-2.2737131659999363,39.70946046900008],[-2.259530733999952,39.721367831000066],[-2.2443214449999687,39.73082049000004],[-2.245694741999955,39.73724461200004],[-2.249816245999966,39.74083932900004],[-2.248504561999937,39.74488087100008],[-2.2507025659999726,39.74857570300003],[-2.248891847999971,39.749721788000045],[-2.2479331479999587,39.754022390000046],[-2.2440328779999277,39.75735328600007],[-2.2148042409999675,39.767989226000054],[-2.2086264889999256,39.76619930700008],[-2.207484800999964,39.76356509100003]],[[-2.202167501999952,39.738507911000056],[-2.196748378999928,39.74184822400008],[-2.197980116999929,39.74278551300006],[-2.202167501999952,39.738507911000056]],[[-2.2209078399999385,39.723453334000055],[-2.223322345999975,39.72421379300005],[-2.227982339999926,39.721595742000034],[-2.224670961999948,39.72060520600007],[-2.227379163999956,39.71928230300006],[-2.226090228999965,39.71825757100004],[-2.223085638999976,39.71812592500004],[-2.2254235729999436,39.714138243000036],[-2.222524531999966,39.713622272000066],[-2.2259594259999744,39.713044842000045],[-2.221821190999947,39.71219770400006],[-2.22064473599994,39.71422509000007],[-2.218401571999948,39.714350066000065],[-2.216555042999971,39.722599692000074],[-2.220730805999949,39.72304799500006],[-2.216555008999933,39.72260267300004],[-2.2167893659999436,39.726574682000034],[-2.2216692849999617,39.72468248600006],[-2.2209078399999385,39.723453334000055]]],[[[-2.219306137999979,39.71659416000006],[-2.218380045999936,39.71769109000007],[-2.2193061719999605,39.71659118100007],[-2.2193174979999526,39.716605095000034],[-2.219306137999979,39.71659416000006]]],[[[-2.2221666689999324,39.71491017500006],[-2.2219803989999605,39.715136544000075],[-2.221978930999967,39.71513539000006],[-2.222164933999977,39.71490934500008],[-2.2221666689999324,39.71491017500006]]],[[[-2.220715385999938,39.71495408100003],[-2.220758602999979,39.71487124500004],[-2.220715243999962,39.71495705500007],[-2.220715385999938,39.71495408100003]]]]}},{"type":"Feature","properties":{"ClaseSuelo":"SUELO URBANIZABLE DELIMITADO O SECTORIZADO","NuclRural":"0","AreaLamber":30.90840395,"Shape_STAr":0.0000324928500767},"geometry":{"type":"MultiPolygon","coordinates":[[[[-2.220730805999949,39.72304799500006],[-2.2216692849999617,39.72468248600006],[-2.2167893659999436,39.726574682000034],[-2.216555008999933,39.72260267300004],[-2.220730805999949,39.72304799500006]]],[[[-2.220907873999977,39.72345035500007],[-2.2279537099999516,39.72163438200005],[-2.223322345999975,39.72421379300005],[-2.220907873999977,39.72345035500007]]],[[[-2.1985255429999597,39.740446193000025],[-2.202167501999952,39.738507911000056],[-2.197980116999929,39.74278551300006],[-2.196748378999928,39.74184822400008],[-2.1985255429999597,39.740446193000025]]],[[[-2.2225878279999733,39.715620510000065],[-2.22295156499996,39.71443470200006],[-2.2251279739999745,39.71480110400006],[-2.224406692999935,39.71641640100006],[-2.2225878279999733,39.715620510000065]]]]}},{"type":"Feature","properties":{"ClaseSuelo":"SUELO URBANO","NuclRural":"0","AreaLamber":55.95134621,"Shape_STAr":0.0000588132047221},"geometry":{"type":"MultiPolygon","coordinates":[[[[-2.216555042999971,39.722599692000074],[-2.2185027919999243,39.71427029000006],[-2.2221667019999245,39.71490719500008],[-2.224406692999935,39.71641640100006],[-2.223085638999976,39.71812592500004],[-2.227379163999956,39.71928230300006],[-2.224670961999948,39.72060520600007],[-2.227988914999969,39.720660096000074],[-2.2231262049999714,39.722926553000036],[-2.216555042999971,39.722599692000074]],[[-2.2188432779999516,39.71779204500007],[-2.2193061719999605,39.71659118100007],[-2.218356255999936,39.71772916900005],[-2.2188432779999516,39.71779204500007]]],[[[-2.223288302999947,39.71246760200006],[-2.225747417999969,39.71371688700003],[-2.2225245659999473,39.71361929300008],[-2.223288302999947,39.71246760200006]]]]}},{"type":"Feature","properties":{"ClaseSuelo":"SUELO URBANO NO CONSOLIDADO","NuclRural":"0","AreaLamber":8.61335764,"Shape_STAr":0.0000090534235602},"geometry":{"type":"MultiPolygon","coordinates":[[[[-2.221600571999943,39.714636091000045],[-2.2206887609999626,39.715272793000054],[-2.221821190999947,39.71219770400006],[-2.2254235729999436,39.714138243000036],[-2.2225878279999733,39.715620510000065],[-2.221600571999943,39.714636091000045]]],[[[-2.2188432779999516,39.71779204500007],[-2.218356255999936,39.71772916900005],[-2.219306137999979,39.71659416000006],[-2.2188432779999516,39.71779204500007]]],[[[-2.2230876809999245,39.718127449000065],[-2.22414964099994,39.71738255400004],[-2.225408793999975,39.71879404800006],[-2.2230876809999245,39.718127449000065]]]]}}]}