{"type":"FeatureCollection","features":[{"type":"Feature","id":1,"geometry":{"type":"Polygon","coordinates":[[[-0.1672954324472986,38.55023299836233],[-0.16515622417853537,38.550021639250495],[-0.1644666646303361,38.54984539787503],[-0.16416207310209874,38.5494733845338],[-0.16390920020488764,38.549262149508614],[-0.16340256253457142,38.548862444130314],[-0.1630390977614935,38.548511790951494],[-0.1627960842455436,38.548050109606926],[-0.16239255658440266,38.54724269333935],[-0.1620589955373073,38.54686997198036],[-0.16183423160284738,38.54668220330703],[-0.16131418167629263,38.54662400379373],[-0.16099079418304196,38.546730100933104],[-0.16038197857890424,38.546715320596086],[-0.1595720163370764,38.54665007297778],[-0.1584793174769099,38.546395636714514],[-0.15776800023810544,38.546036515848755],[-0.15774184114584777,38.54610634855508],[-0.15780668735845493,38.54656158153253],[-0.15781542887943756,38.54662295260783],[-0.15820494159161314,38.54673080980555],[-0.15883467746978175,38.5469512122467],[-0.15921156648440782,38.54696036791218],[-0.16010940237921778,38.547004962562625],[-0.160682060295942,38.54720117979592],[-0.16150220183130282,38.54774524228175],[-0.1620127252078678,38.54878314879787],[-0.16254118429749687,38.54936570154321],[-0.16275879107624203,38.54973561019155],[-0.1631267357721069,38.54997242712865],[-0.16349468627684383,38.550209244875255],[-0.16389252644685248,38.55042399915974],[-0.16510520504566628,38.55131939330893],[-0.16552847056962472,38.55162591170008],[-0.16615737862290825,38.551869045952],[-0.1669276801163435,38.5522067583594],[-0.1669611452616806,38.55209362211947],[-0.16625688567892505,38.551552407871085],[-0.16575469172868074,38.55103887514917],[-0.1654237779515344,38.550597859932694],[-0.16575701729422976,38.55024130355848],[-0.1672954324472986,38.55023299836233]]]},"properties":{"id":315,"area_municipal_m2":80923.72,"codigo":"AC37","zona":"Barranc de Tàpia","d_pelig":"Peligrosidad 6. Frecuencia baja (500 años) y calado bajo (<0.8 m)","n_pelig":6,"corriente":"AMADORIO> <ALGAR","tipo":"INTERCUENCA","desde":"AMADORIO","hasta":"ALGAR","calado":"< 0.8 m","retorno":500,"ambito":"Comunitat Valenciana","hectares":8.10396547}},{"type":"Feature","id":2,"geometry":{"type":"Polygon","coordinates":[[[-0.15937816120110337,38.55095709159594],[-0.159309908402399,38.550871042552274],[-0.1587797371404105,38.55068938261657],[-0.15849786445089498,38.55057001300126],[-0.15826175004369203,38.550198583993755],[-0.15820014404199512,38.54994391706936],[-0.15803117597947391,38.54968663914034],[-0.15771684617232218,38.54948209025274],[-0.15739697794846386,38.54941805412857],[-0.15719665870897037,38.549047494658694],[-0.1574689817353434,38.54759134758637],[-0.15785453121723858,38.54689746348345],[-0.15781542887943756,38.54662295260783],[-0.15780668735845493,38.54656158153253],[-0.15774184114584777,38.54610634855508],[-0.15773013188129026,38.54602415454752],[-0.15799033284107544,38.54526921606562],[-0.1585403927479434,38.54494502029546],[-0.15898309278357825,38.54461821191275],[-0.1590063394927581,38.54402804636331],[-0.15902183673967762,38.54363459751413],[-0.15893220155339272,38.54318233975333],[-0.15823091674274492,38.54279960918895],[-0.1577734804626707,38.54259158072144],[-0.15778123256886456,38.54239485872732],[-0.15773292120002225,38.54180295484942],[-0.15789487484652165,38.54132867617631],[-0.15778773390546297,38.54041184101266],[-0.1575505440002769,38.54006851503857],[-0.1574229178133173,38.539671593278776],[-0.1574742046861357,38.53927901592722],[-0.1574494953061567,38.53899711432666],[-0.1572860926879529,38.538599322214786],[-0.15692129003150113,38.53785906876283],[-0.15676121291883227,38.537376965024066],[-0.15677561142430374,38.53701162376522],[-0.15650708685785286,38.53655501191169],[-0.15644881864716487,38.536216033256146],[-0.15616922445147052,38.536040454671046],[-0.15617365488663193,38.53592804185758],[-0.15646654090233625,38.5357663819467],[-0.15669229881617985,38.5354905684343],[-0.15670115904100124,38.5352657418092],[-0.15651416748580393,38.53455794069305],[-0.15589853097149708,38.53288884328031],[-0.15570985984597652,38.53294511536133],[-0.15570863331657447,38.53294556124825],[-0.15563016266109386,38.53297826737488],[-0.15557294434398905,38.533025779325875],[-0.1555421125442389,38.5330516521082],[-0.1554609539677534,38.53312857751236],[-0.1553431654922277,38.53320679975113],[-0.15528704341773425,38.533236818198745],[-0.15515977640645673,38.53330695703432],[-0.15510865322541179,38.53333624013661],[-0.1550256879726324,38.533376828942224],[-0.15480140967730405,38.533512405306695],[-0.1548009245683062,38.533512723259506],[-0.15473535912138692,38.533573367752204],[-0.15469621652760468,38.533614517526175],[-0.15466909341705337,38.53364022168881],[-0.1546002959391255,38.53370801046886],[-0.15459892488001437,38.53370959073728],[-0.1550268326896722,38.534130765853284],[-0.1557113970333388,38.53493505875586],[-0.15602455379376678,38.53516771362025],[-0.1560134756261311,38.53544874650744],[-0.15556971073510484,38.535803648401185],[-0.15556417065985295,38.535944164775955],[-0.15568846072700504,38.53642540183736],[-0.15595808361794194,38.53685391072801],[-0.15632619396323388,38.53750985125259],[-0.15664523504270145,38.53850216673429],[-0.157073849309032,38.53944087756533],[-0.1570528059023819,38.53997483979043],[-0.15741983107645918,38.54065888566704],[-0.15739878934700924,38.541192847041295],[-0.1569719497303077,38.542026375381106],[-0.15694758068727444,38.54264464553719],[-0.1573290156263858,38.54296335089033],[-0.15789048140897632,38.54325829837971],[-0.15824278143307513,38.54340750963132],[-0.15837152771865126,38.54377632800704],[-0.15805424724886663,38.54455626457732],[-0.15733335796757553,38.54557956006181],[-0.15732117355673525,38.545888694608784],[-0.1572086176043208,38.546926773410476],[-0.1568218414461322,38.54856017261747],[-0.1567930327161382,38.54929085459338],[-0.15706160169359462,38.54974746320524],[-0.15744972061456908,38.54989754764494],[-0.15766001230057825,38.55001518230189],[-0.1573548803090179,38.550485977897026],[-0.15723200844298235,38.55087681129115],[-0.15724785229576366,38.55138353952502],[-0.15734524649734283,38.551639078365014],[-0.15763265703613127,38.551617931797175],[-0.15760462481302495,38.551420340558415],[-0.15761459458830052,38.551167411645444],[-0.15759099314236202,38.55085740683276],[-0.15770721695315215,38.5506351919958],[-0.15809977408065823,38.5506728618443],[-0.15841837643147505,38.55088819707492],[-0.15872470385250104,38.55082941848743],[-0.15912764744992014,38.55095100622725],[-0.15937816120110337,38.55095709159594]]]},"properties":{"id":316,"area_municipal_m2":123169.69,"codigo":"AC37","zona":"Barranc de Tàpia","d_pelig":"Peligrosidad 6. Frecuencia baja (500 años) y calado bajo (<0.8 m)","n_pelig":6,"corriente":"AMADORIO> <ALGAR","tipo":"INTERCUENCA","desde":"AMADORIO","hasta":"ALGAR","calado":"< 0.8 m","retorno":500,"ambito":"Comunitat Valenciana","hectares":12.33466515}},{"type":"Feature","id":3,"geometry":{"type":"Polygon","coordinates":[[[-0.10999914672004296,38.53959977617326],[-0.10976500845852755,38.53938821251761],[-0.1094409648810859,38.53911297782922],[-0.10929008027908926,38.539657839649635],[-0.10912640816486263,38.54026410014986],[-0.10887907795909557,38.54063638524647],[-0.10842158218597708,38.54122916168068],[-0.10780831705103644,38.54145806287332],[-0.10752298925494097,38.5416219154202],[-0.10704003960992114,38.54207377832568],[-0.10664965954029615,38.542657216444276],[-0.10635002212725864,38.54317469605132],[-0.10612687686990174,38.54371839444625],[-0.1058627796854914,38.544121881956684],[-0.10576260982400942,38.54430247612414],[-0.10528885192206383,38.544913306366986],[-0.10485435458709791,38.54531752717082],[-0.10445335761941044,38.54566158050569],[-0.10374669971940209,38.54640078807926],[-0.10329456104817414,38.54685817136958],[-0.10316196407197076,38.54707462861716],[-0.1029244924577779,38.54720298682618],[-0.10290930623957673,38.547581009906054],[-0.10269482132474117,38.54790526380751],[-0.10231503795202634,38.54810334003614],[-0.1019213079703376,38.54865127072357],[-0.10157212024998374,38.548858662314544],[-0.10137849258091336,38.54904909850079],[-0.1011810542714402,38.54933719251339],[-0.10093768679160853,38.54961189412364],[-0.10067628088412084,38.54994714300382],[-0.10025445591829252,38.55041995136966],[-0.09998111574777235,38.550669491314835],[-0.09974105733257899,38.5508588626888],[-0.0995445916264206,38.55112247210958],[-0.09953821608882141,38.55128097135727],[-0.0994839468769042,38.55147495149052],[-0.09969615842409407,38.55159004216454],[-0.10006763063874713,38.55159925744046],[-0.10031863405018626,38.55152007296985],[-0.100431473579218,38.55141304578695],[-0.10072497520670254,38.55143248714571],[-0.1009982158434477,38.55157350462906],[-0.1012558660995837,38.55171422523347],[-0.10165447448374865,38.552047369846306],[-0.10191126235916492,38.552212483290624],[-0.10252471702362165,38.55275249286774],[-0.1029232232003463,38.55286003218083],[-0.10339887342462761,38.55298122882589],[-0.10390194597456759,38.553109410019914],[-0.10401897010705863,38.55312912979157],[-0.10423077547933168,38.55324775293996],[-0.10434945190681821,38.55328848280029],[-0.1046146467625797,38.55327615725823],[-0.10493094716703677,38.55318951203484],[-0.10510696166756794,38.55329410839258],[-0.10533895063464938,38.55327385634574],[-0.1055648068206394,38.55343810545697],[-0.10599378174032381,38.55355855199957],[-0.10626516253646301,38.55335759963727],[-0.10627685908331586,38.55332761360109],[-0.10631695769957661,38.55322482018827],[-0.10632575727700821,38.55300556650283],[-0.10631761364345182,38.55282256127629],[-0.10614415206154826,38.55251347547631],[-0.1061509936384315,38.5523430046323],[-0.10608438012388932,38.55207314226429],[-0.10595098307627948,38.55192361569839],[-0.10577300945783774,38.55172415297533],[-0.10561160452367302,38.551500685223644],[-0.10551404366361572,38.551230145977094],[-0.10539796541096935,38.551032216064584],[-0.10517613358966749,38.550770763200106],[-0.10515063051908546,38.55069285700969],[-0.10507955883599429,38.550475742270145],[-0.10506779972819258,38.55030282816228],[-0.10504370577223643,38.55013141157646],[-0.10500462912829711,38.54994737041282],[-0.10494244158159072,38.5495674303126],[-0.1047018098086534,38.54899999772187],[-0.10452593107638153,38.54875148345386],[-0.1043703042584685,38.548381482117975],[-0.10422116282739724,38.547852893484205],[-0.10423510318666773,38.54750574086772],[-0.10436769671048785,38.54728928319361],[-0.10460400800228609,38.54680690871674],[-0.10482521563619596,38.54631199800074],[-0.10497768201633173,38.545986205085335],[-0.10509148562332582,38.5458547804009],[-0.10539377764254221,38.54565468544417],[-0.1055686144633623,38.54554603463856],[-0.10592172421771728,38.54523736930905],[-0.1065270072906297,38.54482520880551],[-0.1067548651530621,38.5445501103429],[-0.10688988979398673,38.544272714636634],[-0.10697959214155306,38.54396978133775],[-0.1071064819116807,38.54350901975812],[-0.1072127984626805,38.54317505401766],[-0.1072525434110072,38.542956384961336],[-0.10737013460914735,38.54272738883041],[-0.10763490821744703,38.542306706269486],[-0.10792219501353717,38.54209406966586],[-0.10830455487568358,38.54183053825279],[-0.10868135573105286,38.541705614111244],[-0.10917036340895425,38.54148579971864],[-0.10939929184606978,38.541186306445255],[-0.10951443231019997,38.54101824159118],[-0.1097557821040196,38.54079230245276],[-0.109825971756349,38.540586547293444],[-0.10993259437629188,38.540247360771176],[-0.10999219501813995,38.53991935458974],[-0.10999914672004296,38.53959977617326]]]},"properties":{"id":796,"area_municipal_m2":290141.87,"codigo":"AC15","zona":"Barranco de Barceló","d_pelig":"Peligrosidad 6. Frecuencia baja (500 años) y calado bajo (<0.8 m)","n_pelig":6,"corriente":"AMADORIO> <ALGAR","tipo":"INTERCUENCA","desde":"AMADORIO","hasta":"ALGAR","calado":"< 0.8 m","retorno":500,"ambito":"Comunitat Valenciana","hectares":29.05757837}},{"type":"Feature","id":4,"geometry":{"type":"Polygon","coordinates":[[[-0.11876348903188427,38.546624335157084],[-0.11875666986034084,38.5464688688066],[-0.11875562460358458,38.546445029175636],[-0.11857725110907102,38.54623485798683],[-0.11824889896296886,38.545833316183085],[-0.1181269082540708,38.54569075213191],[-0.11769445986168714,38.54527898534221],[-0.11730933264737642,38.544865955055634],[-0.11710311929198136,38.54460337396567],[-0.11692514808552534,38.5443632951396],[-0.11681249798246895,38.54422825765086],[-0.11668076711104902,38.54412293155474],[-0.11618685734617484,38.54369081282805],[-0.11612883371134997,38.54354099523992],[-0.11589580451841286,38.543085761499206],[-0.11555803586042002,38.54239252143484],[-0.11538326606093285,38.54204971739499],[-0.11516102721147581,38.54171214466249],[-0.11488062561303591,38.54124267608365],[-0.1146103111090615,38.54098004505379],[-0.11432853068285809,38.54068000608457],[-0.11391912166647966,38.54026498307569],[-0.11391578240876976,38.540261597815764],[-0.11370680948615108,38.54005075912991],[-0.11369261314695578,38.54003643605661],[-0.11347195977191316,38.53986593346502],[-0.11337601457721824,38.53972662001913],[-0.11311031925849635,38.53936886750305],[-0.11292364058762328,38.53913775849205],[-0.11252086794345706,38.53869145680448],[-0.11269647805333793,38.53912142728128],[-0.11292235943796225,38.539396210906645],[-0.11305875672768728,38.539585265218484],[-0.11321737540825438,38.53978946399494],[-0.11326109635243187,38.53998974535686],[-0.11330535054969193,38.54010357760143],[-0.11330685864356038,38.54010745826244],[-0.11343811802297354,38.540284493741844],[-0.1139265551185562,38.540795139742485],[-0.1141805254869257,38.541013222638774],[-0.1144803132469785,38.541410825719296],[-0.1149831958030707,38.54201957760859],[-0.11514292589319641,38.5421847901797],[-0.11528220605411432,38.54251428272071],[-0.11551639796092816,38.54284278279608],[-0.11564461124102055,38.54335156295467],[-0.11578389568569847,38.543681054117314],[-0.11580462162848137,38.54370060306783],[-0.11598144500243857,38.54386738017512],[-0.11621628207184953,38.544119672724875],[-0.116385123835411,38.54432979894447],[-0.11654409933873522,38.54457724680128],[-0.11667470121083134,38.54481696770459],[-0.11711608762229231,38.54530058208158],[-0.11732193034166416,38.54561549825232],[-0.11759603406370944,38.545706584926045],[-0.11777490838543336,38.54584946812007],[-0.11801922566733092,38.54609740040323],[-0.11809384474682405,38.546239699383435],[-0.11832802346481008,38.54655476955056],[-0.11846598336479319,38.54665768859557],[-0.11846928429065429,38.5466601502138],[-0.11863954250453324,38.5467058804726],[-0.11876348903188427,38.546624335157084]]]},"properties":{"id":797,"area_municipal_m2":32142.02,"codigo":"AC16","zona":"Barranco de Lliriol (o de Lliriet)","d_pelig":"Peligrosidad 1. Frecuencia alta (25 años) y calado Alto (>0.8 m)","n_pelig":1,"corriente":"AMADORIO> <ALGAR","tipo":"INTERCUENCA","desde":"AMADORIO","hasta":"ALGAR","calado":"> 0.8 m","retorno":25,"ambito":"Comunitat Valenciana","hectares":3.21896445}},{"type":"Feature","id":5,"geometry":{"type":"Polygon","coordinates":[[[-0.11326109635243187,38.53998974535686],[-0.11321737540825438,38.53978946399494],[-0.11305875672768728,38.539585265218484],[-0.11292235943796225,38.539396210906645],[-0.11269647805333793,38.53912142728128],[-0.11252086794345706,38.53869145680448],[-0.11229478519061864,38.538613549107666],[-0.11213422412847951,38.5385525538363],[-0.11172305053290632,38.53870853355695],[-0.11074030828677683,38.53880056726503],[-0.11051016127069202,38.53859243536935],[-0.11036449586921337,38.5384517103749],[-0.10999735516738696,38.538184242892896],[-0.10967478141505183,38.53793256084121],[-0.109217984110483,38.53758106792966],[-0.10906958108915399,38.53744576950431],[-0.10855723812886264,38.537381295906684],[-0.10834410604628086,38.53731845467902],[-0.1077300269394037,38.53688180010383],[-0.10762426178921602,38.536701695744405],[-0.10797761551698759,38.53619671159197],[-0.1079797793599977,38.53595386760582],[-0.10799594968996962,38.535647762900346],[-0.10799760420399185,38.53545770188293],[-0.10814767927265612,38.535173378453436],[-0.10833804646123957,38.534905456940045],[-0.1084062865615909,38.534768307451124],[-0.10865140618072777,38.53436767750191],[-0.10881474866557816,38.534104222632045],[-0.10893687982890832,38.53395894552908],[-0.10916786673759837,38.53362175230492],[-0.10923100024874621,38.53354854076053],[-0.10777172002530166,38.53320225019898],[-0.10665560922454675,38.53244937021507],[-0.10651336414820722,38.53215304037044],[-0.10653466070196993,38.53206312896503],[-0.10631182829195263,38.53219328066182],[-0.1060247876121263,38.532357809509165],[-0.10584628873337909,38.532564305046044],[-0.10576220848577877,38.53285323224584],[-0.10572675164087775,38.53303371687353],[-0.10577008933780219,38.53311569596549],[-0.10584040057120614,38.533248701729796],[-0.10592768343948755,38.53339177374468],[-0.10586381555744717,38.533691560985986],[-0.10571989792544612,38.533819360690124],[-0.1057498171647584,38.534294451892514],[-0.10575326402385699,38.5346803276619],[-0.10569744366192602,38.53484508152001],[-0.10552615959702383,38.53498886691873],[-0.10534342501466787,38.535140661060424],[-0.10511566974883824,38.535525313449035],[-0.10497023004037631,38.53581389275457],[-0.10477033919111634,38.53614725373412],[-0.1045075715441639,38.536649606620095],[-0.10436962407026051,38.536868543460564],[-0.10408440163544386,38.53737871828591],[-0.1039384724756176,38.53763638151149],[-0.10358376367995037,38.538288532277875],[-0.10351060555784253,38.53843348797927],[-0.10338539597859508,38.538674992291575],[-0.10351018850876148,38.538741566480596],[-0.10356923877726043,38.53877306699201],[-0.10371301821274814,38.538757618525686],[-0.10396829310933198,38.5388965639864],[-0.10454081392240244,38.5391423736564],[-0.10474528150964524,38.5392324890072],[-0.10518513189851175,38.5393885238085],[-0.10572815642115119,38.5394805304758],[-0.10620971366572851,38.53957209351033],[-0.10636612884067853,38.539561414945396],[-0.1070999066995948,38.539511323961314],[-0.10748078513478987,38.5393759623572],[-0.10791187138772962,38.53937022850993],[-0.10813740573970865,38.539395717548096],[-0.1083208071139703,38.539307635396305],[-0.10894801053889624,38.53916547835034],[-0.10924614759340301,38.53910239343113],[-0.1094409648810859,38.53911297782922],[-0.10976500845852755,38.53938821251761],[-0.10999914672004296,38.53959977617326],[-0.11023569620517559,38.539536431303375],[-0.11076036712967774,38.53915901131138],[-0.11091525391212187,38.539046618640405],[-0.11149979912952945,38.539090156428834],[-0.11172148238816693,38.53931781093933],[-0.11214982605488455,38.53972306327467],[-0.11222017453061373,38.53978961769463],[-0.11232234635665783,38.539913022743626],[-0.11234078424682892,38.539935291634194],[-0.11248114444106694,38.54010481815467],[-0.11254605190742062,38.54012079396769],[-0.11267766397728174,38.54015318806119],[-0.11271141297350651,38.54013800755556],[-0.11306630676756768,38.53997844902081],[-0.11326109635243187,38.53998974535686]]]},"properties":{"id":799,"area_municipal_m2":273616.27,"codigo":"AC15","zona":"Barranco de Barceló","d_pelig":"Peligrosidad 6. Frecuencia baja (500 años) y calado bajo (<0.8 m)","n_pelig":6,"corriente":"AMADORIO> <ALGAR","tipo":"INTERCUENCA","desde":"AMADORIO","hasta":"ALGAR","calado":"< 0.8 m","retorno":500,"ambito":"Comunitat Valenciana","hectares":27.40239369}},{"type":"Feature","id":6,"geometry":{"type":"Polygon","coordinates":[[[-0.11488270663082956,38.53462949865805],[-0.11464535809778376,38.53459736172798],[-0.11349619554135737,38.53443842867663],[-0.11337230992656755,38.53505471077744],[-0.11328920404040232,38.535632424713796],[-0.11325143646196079,38.53597142277599],[-0.1131648659169433,38.53635471448327],[-0.11299471400674932,38.53707235974316],[-0.11291951996161975,38.5376155818995],[-0.11289631509732212,38.53784286014846],[-0.11293763756816766,38.537953977701704],[-0.11305658863068757,38.538060073633446],[-0.11301297750183936,38.538186752885764],[-0.11229478519061864,38.538613549107666],[-0.11252086794345706,38.53869145680448],[-0.11292364058762328,38.53913775849205],[-0.11311031925849635,38.53936886750305],[-0.11337601457721824,38.53972662001913],[-0.11347195977191316,38.53986593346502],[-0.11389695795404275,38.5395649404079],[-0.11390995355964062,38.539555735281816],[-0.1139436273205332,38.5392072626759],[-0.11415799332231913,38.538278895498806],[-0.11418196319507068,38.538158668595976],[-0.11430310815551703,38.537412785167646],[-0.11433536648997755,38.53721428997194],[-0.11439941192185277,38.53689215680352],[-0.1145186621780554,38.53635695561915],[-0.114708183001754,38.535653661049935],[-0.11477313918726528,38.535162348080306],[-0.11488270663082956,38.53462949865805]]]},"properties":{"id":800,"area_municipal_m2":65612.18,"codigo":"AC16","zona":"Barranco de Lliriol (o de Lliriet)","d_pelig":"Peligrosidad 6. Frecuencia baja (500 años) y calado bajo (<0.8 m)","n_pelig":6,"corriente":"AMADORIO> <ALGAR","tipo":"INTERCUENCA","desde":"AMADORIO","hasta":"ALGAR","calado":"< 0.8 m","retorno":500,"ambito":"Comunitat Valenciana","hectares":6.5709481}},{"type":"Feature","id":7,"geometry":{"type":"Polygon","coordinates":[[[-0.11349619554135737,38.53443842867663],[-0.11190975353739363,38.53421899753552],[-0.10991207118140656,38.53371015277296],[-0.10923100024874621,38.53354854076053],[-0.10916786673759837,38.53362175230492],[-0.10893687982890832,38.53395894552908],[-0.10881474866557816,38.534104222632045],[-0.10865140618072777,38.53436767750191],[-0.1084062865615909,38.534768307451124],[-0.10833804646123957,38.534905456940045],[-0.10814767927265612,38.535173378453436],[-0.10799760420399185,38.53545770188293],[-0.10799594968996962,38.535647762900346],[-0.1079797793599977,38.53595386760582],[-0.10797761551698759,38.53619671159197],[-0.10762426178921602,38.536701695744405],[-0.1077300269394037,38.53688180010383],[-0.10834410604628086,38.53731845467902],[-0.10855723812886264,38.537381295906684],[-0.10906958108915399,38.53744576950431],[-0.109217984110483,38.53758106792966],[-0.10967478141505183,38.53793256084121],[-0.10999735516738696,38.538184242892896],[-0.11036449586921337,38.5384517103749],[-0.11051016127069202,38.53859243536935],[-0.11074030828677683,38.53880056726503],[-0.11172305053290632,38.53870853355695],[-0.11213422412847951,38.5385525538363],[-0.11229478519061864,38.538613549107666],[-0.11301297750183936,38.538186752885764],[-0.11305658863068757,38.538060073633446],[-0.11293763756816766,38.537953977701704],[-0.11289631509732212,38.53784286014846],[-0.11291951996161975,38.5376155818995],[-0.11299471400674932,38.53707235974316],[-0.1131648659169433,38.53635471448327],[-0.11325143646196079,38.53597142277599],[-0.11328920404040232,38.535632424713796],[-0.11337230992656755,38.53505471077744],[-0.11349619554135737,38.53443842867663]]]},"properties":{"id":801,"area_municipal_m2":204532.79,"codigo":"AC16","zona":"Barranco de Lliriol (o de Lliriet)","d_pelig":"Peligrosidad 4. Frecuencia media (100 años) y calado bajo (<0.8 m)","n_pelig":4,"corriente":"AMADORIO> <ALGAR","tipo":"INTERCUENCA","desde":"AMADORIO","hasta":"ALGAR","calado":"< 0.8 m","retorno":100,"ambito":"Comunitat Valenciana","hectares":20.48366849}},{"type":"Feature","id":8,"geometry":{"type":"Polygon","coordinates":[[[-0.16575587416926246,38.5286918853499],[-0.165639381,38.528348255000004],[-0.165453856211584,38.52786299927531],[-0.1653191292085947,38.52807681377673],[-0.16530364954660737,38.5280930091796],[-0.1653097621799149,38.52822800837887],[-0.1653593776574791,38.5284131881735],[-0.16574331437789702,38.528696878473845],[-0.16575587416926246,38.5286918853499]]]},"properties":{"id":802,"area_municipal_m2":1559.86,"codigo":"AC36","zona":"Barranc de la Cala","d_pelig":"Peligrosidad 4. Frecuencia media (100 años) y calado bajo (<0.8 m)","n_pelig":4,"corriente":"AMADORIO> <ALGAR","tipo":"INTERCUENCA","desde":"AMADORIO","hasta":"ALGAR","calado":"< 0.8 m","retorno":100,"ambito":"Comunitat Valenciana","hectares":17.45345718}},{"type":"Feature","id":9,"geometry":{"type":"Polygon","coordinates":[[[-0.1590176499071756,38.55188269607815],[-0.15899942232165554,38.551608780041484],[-0.15885983779502588,38.55146865279097],[-0.158808132360853,38.55130787197083],[-0.15873729680568704,38.55089594549455],[-0.15841837643147505,38.55088819707492],[-0.15842673189655043,38.551412550745496],[-0.1584323987327232,38.55200521077716],[-0.15841535086536362,38.55243779222205],[-0.15835405482926612,38.55325671313348],[-0.15824015514275835,38.55393762432509],[-0.15769941172641921,38.55440305577423],[-0.15726656850483067,38.55507620832486],[-0.15713982200575183,38.555346596666276],[-0.1571263599276831,38.555688103456085],[-0.1571146923354343,38.55598407904445],[-0.1573095804400313,38.55619391772343],[-0.15746442716512155,38.55594700264862],[-0.15745248062872141,38.55551372065494],[-0.157495834644386,38.55515014962676],[-0.15805749827429727,38.5548903308453],[-0.15839617214657498,38.55439719775111],[-0.15849571821168507,38.55408056786409],[-0.15860154264554893,38.55360456633034],[-0.1585588066169441,38.5532161102603],[-0.15860305328885937,38.55282977063246],[-0.1587396612448546,38.55230893455532],[-0.15886640608150904,38.552038545072044],[-0.1590176499071756,38.55188269607815]]]},"properties":{"id":6689,"area_municipal_m2":19610.9,"codigo":null,"zona":null,"d_pelig":"Peligrosidad Geomorfológica: Vaguadas y barrancos de fondo plano","n_pelig":7,"corriente":null,"tipo":null,"desde":null,"hasta":null,"calado":null,"retorno":0,"ambito":"Comunitat Valenciana","hectares":1.96390976}},{"type":"Feature","id":10,"geometry":{"type":"Polygon","coordinates":[[[-0.15411278136416318,38.547112103299064],[-0.1538553553153288,38.546474179826646],[-0.1534805893485931,38.54605533476184],[-0.15317098359721637,38.54563807244987],[-0.15311473672490372,38.54561021195694],[-0.15268369791155623,38.54505476968003],[-0.15265430253575696,38.54495968995842],[-0.15253612043223574,38.54464951917031],[-0.15237450443366063,38.54433828920309],[-0.15226824465275746,38.54428710955869],[-0.15215980677395446,38.544159712742605],[-0.15087020882384738,38.543256267588795],[-0.15059726025427,38.54291205795116],[-0.15015650514000312,38.54228245653354],[-0.1500042377062898,38.54160362629557],[-0.14974573658565493,38.54089407079636],[-0.14983951099621562,38.54033375485645],[-0.14988750630167935,38.54002549465463],[-0.14962567982864305,38.53940024941546],[-0.14877334519372454,38.538310533043315],[-0.14818395346116509,38.5378179499575],[-0.14769635716292218,38.53746849939585],[-0.14766390700382503,38.537383316656516],[-0.14750701032301095,38.53591679122198],[-0.14750329549350738,38.535917184459805],[-0.14714709430267758,38.535961394078015],[-0.1466461773485297,38.535949175372465],[-0.1470679736145999,38.537056539861105],[-0.14711286362764486,38.53773275537014],[-0.14657080390213073,38.53876034575823],[-0.14660679400085774,38.53966138738138],[-0.14658678424382687,38.540167242214764],[-0.14707349748278276,38.54144497013086],[-0.1469932522911721,38.542568214464694],[-0.14725305735898386,38.544149837603136],[-0.14763534198985306,38.545351876045785],[-0.14816900332141492,38.54634944357283],[-0.14818144840590408,38.546940478346194],[-0.1483672709995676,38.54767639387786],[-0.1483738315576315,38.54767655380404],[-0.14840596738801803,38.54794619270532],[-0.1485302053125861,38.54810286986824],[-0.14861910162997782,38.54805382199842],[-0.14867130517918614,38.54783315969105],[-0.14865632980903376,38.54766207736522],[-0.14865468083527267,38.54765491693111],[-0.14867355678018868,38.54717751899127],[-0.1491376559848403,38.54721696332946],[-0.1493857072989151,38.547362531740966],[-0.1494265737589875,38.54742477625592],[-0.14946192034397754,38.54763050018151],[-0.14952302993002142,38.547734421463055],[-0.14961596945085054,38.54758303912826],[-0.14962675448986396,38.54731015055695],[-0.14954985311075752,38.54719453034789],[-0.14957152726298784,38.54711501678009],[-0.14908941631935857,38.54662505533866],[-0.1484003790438746,38.545933134550786],[-0.14805808813493337,38.545530967794086],[-0.1477280262388141,38.54481966635504],[-0.14754889092570167,38.543915132485076],[-0.147536006980181,38.54152376139713],[-0.147276418407285,38.540842309269216],[-0.1469430486073442,38.54021531376091],[-0.1470021710790208,38.53962602655143],[-0.146961729703738,38.53883739578617],[-0.14737866189319382,38.53825683277945],[-0.14819974004384306,38.53832467523969],[-0.14873891167001174,38.53918172484406],[-0.1490634089912759,38.540033538930714],[-0.14904452643233812,38.54051129225123],[-0.14937902759659982,38.54111017455252],[-0.14983112385355124,38.54235891935824],[-0.1502249910605089,38.54326868046233],[-0.15063329954524773,38.543813100688084],[-0.15093981776820264,38.54421438795706],[-0.15121165941043246,38.544586703094296],[-0.15132926719443063,38.5452365608352],[-0.15149526383236278,38.545445887317754],[-0.1514032673051573,38.54636326538534],[-0.15132075532937606,38.54735142436452],[-0.15112442037877116,38.5490196869917],[-0.15109949020066615,38.54965073992336],[-0.15118517478568627,38.55023327192977],[-0.1513222239961456,38.55006589030338],[-0.1513153312163582,38.54969013977182],[-0.1514732664066738,38.548994039551246],[-0.15153001602913774,38.548107683801305],[-0.15168322659366806,38.54753097247674],[-0.15170747639245663,38.54691697569404],[-0.1518891379055649,38.54617023742562],[-0.1519059755222787,38.545743848762775],[-0.15208847377380863,38.54552635770941],[-0.1525024525268548,38.54550229525803],[-0.15283175143424366,38.5459712533852],[-0.15323917602003956,38.54666404591564],[-0.1534284301206239,38.54847827179148],[-0.15319812576047998,38.5499067064115],[-0.15291140878857457,38.55111182964489],[-0.15300956953513722,38.55247997204673],[-0.1531855188912008,38.55297933766031],[-0.15332324215661108,38.552794902474965],[-0.1531897156553632,38.55122103697399],[-0.15369277164923778,38.54949194813346],[-0.15388653604784652,38.548438206246765],[-0.15404847994284854,38.54763976907787],[-0.15411278136416318,38.547112103299064]]]},"properties":{"id":6690,"area_municipal_m2":168188.89,"codigo":null,"zona":null,"d_pelig":"Peligrosidad Geomorfológica: Cauces","n_pelig":7,"corriente":null,"tipo":null,"desde":null,"hasta":null,"calado":null,"retorno":0,"ambito":"Comunitat Valenciana","hectares":16.84319991}},{"type":"Feature","id":11,"geometry":{"type":"Polygon","coordinates":[[[-0.15465089252852593,38.54275476194751],[-0.15449525713775314,38.542160243118154],[-0.15444586477245004,38.541596438893684],[-0.1540530607795998,38.54065858562946],[-0.15382919722362587,38.53997801534257],[-0.15345414480711916,38.5385905103436],[-0.15315096792833227,38.53810492007618],[-0.15274710553241855,38.537448096239736],[-0.15211747069294912,38.53706707456299],[-0.15209278486887623,38.53678517172587],[-0.1515337967719379,38.535137786307565],[-0.1514236082917213,38.535156593957716],[-0.15131172363225653,38.53518289039363],[-0.15107707657228042,38.53529767142824],[-0.15156606368388825,38.53651917544426],[-0.15189724031263419,38.53720236247771],[-0.1521310635794335,38.53763001105161],[-0.15261424963169468,38.538091854658525],[-0.15322726036993517,38.53889442211249],[-0.15326555322695778,38.53973925868057],[-0.1530946997932241,38.54043835122463],[-0.15289471210588657,38.540967959236724],[-0.15347610356565378,38.54075706809674],[-0.1535354675443119,38.54106794220763],[-0.15397403278549193,38.54175373909034],[-0.15418016151856273,38.54288396089224],[-0.15445756293476665,38.54311575213909],[-0.15465089252852593,38.54275476194751]]]},"properties":{"id":6691,"area_municipal_m2":40602.26,"codigo":null,"zona":null,"d_pelig":"Peligrosidad Geomorfológica: Cauces","n_pelig":7,"corriente":null,"tipo":null,"desde":null,"hasta":null,"calado":null,"retorno":0,"ambito":"Comunitat Valenciana","hectares":4.06607318}},{"type":"Feature","id":12,"geometry":{"type":"Polygon","coordinates":[[[-0.12696338167833598,38.55360866687696],[-0.12682904117790716,38.55274377727016],[-0.1264220264308249,38.551308821809286],[-0.12557629735460063,38.5502938790852],[-0.12467259484517346,38.54967516216599],[-0.12377868653198076,38.54889370555004],[-0.1232936971651073,38.549059720905014],[-0.12433665553341777,38.54963376728917],[-0.1250295701356987,38.550247299153824],[-0.12559074264074432,38.55099013938601],[-0.1263192396800532,38.55177022825292],[-0.1266472142408901,38.553070684847725],[-0.12696338167833598,38.55360866687696]]]},"properties":{"id":6692,"area_municipal_m2":16444.68,"codigo":null,"zona":null,"d_pelig":"Peligrosidad Geomorfológica: Vaguadas y barrancos de fondo plano","n_pelig":7,"corriente":null,"tipo":null,"desde":null,"hasta":null,"calado":null,"retorno":0,"ambito":"Comunitat Valenciana","hectares":1.64688826}},{"type":"Feature","id":13,"geometry":{"type":"Polygon","coordinates":[[[-0.12788984169415274,38.54624156813266],[-0.12737083645722214,38.54549977777444],[-0.12704414499512362,38.54522663943281],[-0.1268557978783611,38.544658662701195],[-0.12690195628784684,38.543499950150995],[-0.12646728404624374,38.54276022530702],[-0.12630658130240047,38.54255744782817],[-0.12607476471499623,38.542021534467764],[-0.1257467759012627,38.54178149596556],[-0.12574477759488278,38.541772682418205],[-0.125487007411079,38.54225790669386],[-0.12555969681160972,38.542240843089665],[-0.1260892145291428,38.54271780100735],[-0.1263592296819156,38.54335406717501],[-0.12638291616202668,38.54381858370542],[-0.1263604923172288,38.544381382030316],[-0.12650405052018865,38.545014539580656],[-0.12699144306646382,38.54549045615147],[-0.127522311415035,38.54593429864097],[-0.12787138361008754,38.54670505410189],[-0.12788984169415274,38.54624156813266]]]},"properties":{"id":6693,"area_municipal_m2":18128.73,"codigo":null,"zona":null,"d_pelig":"Peligrosidad Geomorfológica: Vaguadas y barrancos de fondo plano","n_pelig":7,"corriente":null,"tipo":null,"desde":null,"hasta":null,"calado":null,"retorno":0,"ambito":"Comunitat Valenciana","hectares":1.81553912}},{"type":"Feature","id":14,"geometry":{"type":"Polygon","coordinates":[[[-0.10592768343948755,38.53339177374468],[-0.10584040057120614,38.533248701729796],[-0.10577008933780219,38.53311569596549],[-0.10516898672917563,38.533319972263065],[-0.1042113924873691,38.53369117529713],[-0.10381092769680755,38.53427363088367],[-0.10266891803829203,38.53454152327423],[-0.10264317189687144,38.53518262517495],[-0.10162472857463678,38.53550293644682],[-0.1006611425075783,38.53602205700225],[-0.10040206341475999,38.53621309466304],[-0.1013868398113984,38.5367311482709],[-0.10254018058020042,38.53774702475634],[-0.1017979974229406,38.539012104280204],[-0.10084625177792184,38.539235323577095],[-0.10008287112601755,38.53946322163403],[-0.0988092313422837,38.53987590561943],[-0.09771601467338753,38.54049050670638],[-0.09670542034031149,38.54061351148862],[-0.09626589534098384,38.54060259624828],[-0.09555931004086782,38.540979958829844],[-0.09500980158556338,38.54096630722737],[-0.09443149075623936,38.54076774388845],[-0.09396070773667553,38.54045225923842],[-0.09324995237236067,38.540092830036215],[-0.09282900975190245,38.53974060898784],[-0.09270398432050264,38.53924385060603],[-0.09251078489308684,38.539239046362866],[-0.092590563260603,38.539658734341025],[-0.09281066228637158,38.54019582858611],[-0.09270335803439123,38.540458974043304],[-0.09212222141968018,38.54048249590673],[-0.09144906924929641,38.54038980715435],[-0.0904922390165579,38.54013816022301],[-0.09072303037761964,38.54040971656846],[-0.091246687494416,38.5406126115177],[-0.09196508348381727,38.54078237312168],[-0.09315578908709954,38.54122968860033],[-0.09406278788301892,38.541652632400826],[-0.09426774852332409,38.54183642429002],[-0.09442830549310299,38.54253150932529],[-0.09421808033183776,38.5430692935291],[-0.09375071747239261,38.543748779389894],[-0.09284130271340851,38.544192943925914],[-0.09212412940583281,38.544033032554744],[-0.09127915324989821,38.543404445371735],[-0.0908190807372713,38.542823400660666],[-0.09021716620844433,38.54216288011798],[-0.0895140721276122,38.54161375381181],[-0.08842917103428816,38.54094120135289],[-0.08926031541751955,38.54191122415784],[-0.09024404307978973,38.54269517163588],[-0.09098474604752083,38.543511039094824],[-0.09135281158468,38.54397587199067],[-0.09153378416317803,38.544284160200476],[-0.09161661998498571,38.54462797947994],[-0.09165214116028375,38.54492803652616],[-0.09116741221935687,38.54546164737763],[-0.09014280569154387,38.54592979644512],[-0.08961761832422832,38.54591672392509],[-0.08925672025491771,38.54559452669315],[-0.08875447438604134,38.5448605318156],[-0.08867777151931655,38.54436497230256],[-0.0883656847656451,38.543711657808785],[-0.08770629757938142,38.54327753020895],[-0.08769557475282852,38.543543075936576],[-0.08843013378248088,38.544510697303465],[-0.08855207235514317,38.54508332967399],[-0.08882045631489444,38.54562163712517],[-0.08895005263158895,38.54600459475075],[-0.08884732133543372,38.54615392920691],[-0.08817718542794983,38.54598534826428],[-0.08745721849493293,38.54585349669484],[-0.08655783378274551,38.54537541203176],[-0.08640832456590797,38.54548560447911],[-0.08710989816985304,38.546072681828505],[-0.08816033666773793,38.5464026333623],[-0.08863266435035388,38.54668020593386],[-0.0890007232909178,38.547145048613395],[-0.08901003733797541,38.54732960716353],[-0.08894881064401261,38.54747972133576],[-0.08848335634711457,38.54810986489653],[-0.08753345085628528,38.54828366248315],[-0.08690548405375065,38.54826801667459],[-0.08639116111098666,38.548551382293475],[-0.08633521116480392,38.54875594156212],[-0.08627445613281859,38.54868915762082],[-0.0859075384586876,38.5491582200305],[-0.08622619629886463,38.5498834698521],[-0.08620827090384697,38.55032707013453],[-0.08562821242583496,38.55068835413382],[-0.08501710697998188,38.55074143013682],[-0.08517299258676658,38.55118936586644],[-0.08493916262989476,38.551593424452456],[-0.08474365422598051,38.55165741378255],[-0.08399382906785169,38.55138717533553],[-0.08456996978930409,38.55201274388334],[-0.08465360738159333,38.55220114331927],[-0.08454324107719113,38.552779075079],[-0.08365206166335426,38.55330336103058],[-0.08303126583676157,38.55359529374896],[-0.08256857215896218,38.553858052396755],[-0.08330671609274543,38.55402814403388],[-0.08533571360540293,38.554078748037846],[-0.086976707398708,38.55415762306279],[-0.0882327566422898,38.554188914868384],[-0.08997344058133239,38.554194284403565],[-0.09153006448922651,38.55396721012222],[-0.09283749135256691,38.55392378479649],[-0.09402619800515666,38.55411373191483],[-0.09516328061703083,38.55237325471448],[-0.0986715763616588,38.54954787997063],[-0.09951770631172563,38.54882841512021],[-0.1001912979991526,38.54770974270979],[-0.10156614842935685,38.54478197889009],[-0.10309478243345183,38.539587242507004],[-0.10351018850876148,38.538741566480596],[-0.10338539597859508,38.538674992291575],[-0.10351060555784253,38.53843348797927],[-0.10358376367995037,38.538288532277875],[-0.1039384724756176,38.53763638151149],[-0.10408440163544386,38.53737871828591],[-0.10436962407026051,38.536868543460564],[-0.1045075715441639,38.536649606620095],[-0.10477033919111634,38.53614725373412],[-0.10497023004037631,38.53581389275457],[-0.10511566974883824,38.535525313449035],[-0.10534342501466787,38.535140661060424],[-0.10552615959702383,38.53498886691873],[-0.10569744366192602,38.53484508152001],[-0.10575326402385699,38.5346803276619],[-0.1057498171647584,38.534294451892514],[-0.10571989792544612,38.533819360690124],[-0.10586381555744717,38.533691560985986],[-0.10592768343948755,38.53339177374468]]]},"properties":{"id":6702,"area_municipal_m2":1624651.17,"codigo":null,"zona":null,"d_pelig":"Peligrosidad Geomorfológica: Abanicos torrenciales","n_pelig":7,"corriente":null,"tipo":null,"desde":null,"hasta":null,"calado":null,"retorno":0,"ambito":"Comunitat Valenciana","hectares":162.71003985}},{"type":"Feature","id":15,"geometry":{"type":"Polygon","coordinates":[[[-0.09402619800515666,38.55411373191483],[-0.09283749135256691,38.55392378479649],[-0.09153006448922651,38.55396721012222],[-0.08997344058133239,38.554194284403565],[-0.0882327566422898,38.554188914868384],[-0.086976707398708,38.55415762306279],[-0.08533571360540293,38.554078748037846],[-0.08330671609274543,38.55402814403388],[-0.08256857215896218,38.553858052396755],[-0.08205177300400912,38.55415153296773],[-0.08117437993807597,38.55433457209626],[-0.08047632605744726,38.55438545859684],[-0.0800486857517324,38.55420398723331],[-0.07906164756627199,38.55387190984164],[-0.07834089021099855,38.55340985061198],[-0.07815186111305028,38.55378086097769],[-0.07803728923219477,38.554461150041746],[-0.07799918052988758,38.55465120641269],[-0.078813899,38.55529439],[-0.081677233,38.559104846000004],[-0.081774568,38.559251428],[-0.084710645,38.561838333000004],[-0.08698167000000001,38.563850005],[-0.08859262300000001,38.565160475],[-0.08869885840442462,38.56525391918529],[-0.08945641708152463,38.56468590664249],[-0.09067978401955612,38.56403286536916],[-0.09092372412883742,38.56390264650065],[-0.09195362665342888,38.56317679252717],[-0.09203943875260157,38.56307361128628],[-0.09259373648077185,38.562407092080306],[-0.09262130111074907,38.562272971926056],[-0.0926266802804534,38.562246795410125],[-0.09281024492939283,38.56135358498502],[-0.09298465550158852,38.56026487172777],[-0.0930163016443264,38.55948003780263],[-0.09339673754700417,38.55651777156199],[-0.09331330915478109,38.55642607434138],[-0.09395734261296784,38.55421911736974],[-0.09402619800515666,38.55411373191483]]]},"properties":{"id":6703,"area_municipal_m2":1071098.65,"codigo":null,"zona":null,"d_pelig":"Peligrosidad Geomorfológica: Abanicos torrenciales","n_pelig":7,"corriente":null,"tipo":null,"desde":null,"hasta":null,"calado":null,"retorno":0,"ambito":"Comunitat Valenciana","hectares":190.14774008}},{"type":"Feature","id":16,"geometry":{"type":"Polygon","coordinates":[[[-0.1480607116985726,38.56835990701219],[-0.14786198924216576,38.56799228137073],[-0.14711936772727352,38.5669974654898],[-0.14667980290924998,38.566428623352074],[-0.14609489646627605,38.5659399516147],[-0.14518931116190315,38.565471353845375],[-0.14397850799319034,38.56463252152646],[-0.14356123917723895,38.56439908436005],[-0.14225058126634416,38.563390356818715],[-0.14121075643466785,38.562723109250015],[-0.14037293839042952,38.56233984848459],[-0.13960835866606836,38.5619025643475],[-0.13916667025559581,38.561389453186564],[-0.13900462076811015,38.56099480754198],[-0.1383398388166195,38.559834406988756],[-0.13832203348252614,38.559387479872825],[-0.1393783738124026,38.55963656899691],[-0.14014514348715812,38.56001809852591],[-0.14101180552263104,38.560569500271804],[-0.1416266173530416,38.56119845788118],[-0.1420683218076153,38.56171155586227],[-0.14221256170648022,38.56165926973103],[-0.14215259584474937,38.56137874750413],[-0.14171200016981933,38.560837767260224],[-0.14102727983279362,38.56017919804034],[-0.14005188925082557,38.559680949266465],[-0.1385117356636787,38.55908515957746],[-0.1380567934855823,38.558906591051],[-0.13759964174421402,38.55878377611716],[-0.13740099343942092,38.55841614145324],[-0.13733311247959268,38.55654479404761],[-0.13731599418761897,38.5565404956122],[-0.13735334247472641,38.5563727308522],[-0.13743871115599537,38.556019920926474],[-0.13763031518871482,38.55598725088116],[-0.1377966722123407,38.55599132340154],[-0.13795858726776355,38.55610736084597],[-0.13814278651973977,38.55626129942882],[-0.1381821582241396,38.55626849367592],[-0.13813604195275042,38.5562956561688],[-0.13936807701613585,38.55749813444376],[-0.14020051413157697,38.55802092223001],[-0.14119111962840591,38.55858944536434],[-0.14190874880279214,38.559318761263405],[-0.14241164045335442,38.56008469780558],[-0.14269978975663777,38.5608872485429],[-0.1434657589480648,38.56174334491895],[-0.1441850968062095,38.56243082359519],[-0.14480618125714173,38.56290654634478],[-0.14481777547405184,38.56261374613965],[-0.14327585840500268,38.561152538012905],[-0.14298604814086957,38.56039181167452],[-0.14269126783328367,38.55975657481876],[-0.1421867174846927,38.559032470647644],[-0.14167222972913107,38.558559334813715],[-0.14167886125199525,38.558392020746325],[-0.1425345295839069,38.55832919519475],[-0.14327039846849,38.55859838723117],[-0.1439880460563403,38.55932769289322],[-0.144792382854944,38.560561540729864],[-0.14523872932102933,38.561409819711024],[-0.1453121565725901,38.5622489935017],[-0.1461082645670455,38.56369197783964],[-0.1469342015914199,38.5643820373404],[-0.1472306912931507,38.56497543924801],[-0.147520562446807,38.56573615697057],[-0.1478385750934983,38.56578578296472],[-0.1478001907548845,38.56540802468855],[-0.14745703901684015,38.56464601001281],[-0.14694744405279092,38.564047408924466],[-0.14649113045379059,38.56345010645104],[-0.14614799968694836,38.562688088571],[-0.14596635973865135,38.56188814299175],[-0.14582805522908782,38.56134046523891],[-0.1448188817593059,38.559892278331326],[-0.14369657643795408,38.55860879666747],[-0.1424445621240471,38.55790830517291],[-0.14139072838483946,38.55758946522995],[-0.14044511438894958,38.55723139342264],[-0.1393913049187825,38.55691253625558],[-0.13868202103590388,38.55597405989331],[-0.1386609162062169,38.555986492111096],[-0.13865370546544842,38.55597493850867],[-0.1383959889875892,38.55587523780442],[-0.13793623274656408,38.55547172783648],[-0.13757080117722564,38.55508920287371],[-0.13720167116502546,38.55479998070985],[-0.13683550825146673,38.55443611684248],[-0.13677829254635698,38.55407981359736],[-0.13657923482572887,38.55370135611631],[-0.13636617867079215,38.55345555946558],[-0.13636657368127114,38.55344561001911],[-0.13638700242262125,38.55330590317166],[-0.13630105395898484,38.55322201160184],[-0.13610269723388013,38.55315873140257],[-0.13580630077243772,38.55275421967036],[-0.13579793037473564,38.552590436182705],[-0.13586806440361077,38.55251036686325],[-0.13598163528847174,38.5524605707576],[-0.13588826195844694,38.55237649710563],[-0.135679910703991,38.5521902916554],[-0.1355033813252442,38.55195228647706],[-0.13514080842636345,38.55171556837191],[-0.13404367158070807,38.550633079326104],[-0.13375703550360107,38.54989639570896],[-0.13316078870730452,38.549111909182145],[-0.13314492388155585,38.54885590426365],[-0.13271541261833164,38.54798377043735],[-0.13252305888094806,38.54751511779115],[-0.13207250456715958,38.54717268114752],[-0.13196183174876808,38.54677231309501],[-0.1314072067136216,38.54586397101777],[-0.13129390699926802,38.54552980290574],[-0.1313492289639333,38.54519978149067],[-0.13120431699765156,38.54459973400446],[-0.13093161809884446,38.54402969025167],[-0.1307445501162796,38.54342860468162],[-0.13079987816537963,38.54309858179805],[-0.13077220704006098,38.542733380797245],[-0.13108967665722648,38.542177810726706],[-0.1311041611588215,38.54181364355227],[-0.13064968901477103,38.54157053021808],[-0.13043892186499662,38.541565359541025],[-0.12993966589944383,38.54138741716894],[-0.12969860820868329,38.54108325550528],[-0.12950365403910347,38.54068080640588],[-0.12948126757512446,38.540183182243226],[-0.12938774502627926,38.53935241995587],[-0.1291145509563698,38.53897803222258],[-0.1280929925686447,38.53969571296998],[-0.1283155087579928,38.53979003886311],[-0.12859212120285024,38.540260769077875],[-0.12860097986483865,38.54041352121015],[-0.12866496624365942,38.54050573645842],[-0.12945323706657508,38.54181739637167],[-0.1300112892782419,38.54266783724635],[-0.13012881511236696,38.5432843360078],[-0.13009666474474768,38.54349738089964],[-0.13009001267309594,38.54366456673051],[-0.13042300648821614,38.543923763083384],[-0.13062233000194334,38.544864879566305],[-0.13063489769128012,38.54573912502427],[-0.13077276176596353,38.54614228293285],[-0.13129796714095443,38.54692683561489],[-0.13157249918510594,38.5474647639918],[-0.1316364548708111,38.54752651035058],[-0.13190234008274926,38.548420795412646],[-0.13174606314960258,38.549025210214715],[-0.1317468142322893,38.549604282484616],[-0.13172528776968662,38.550145448736906],[-0.13142231303126017,38.55058631636368],[-0.1312010197760669,38.551365410362926],[-0.13132281480095065,38.551891414481744],[-0.13130648074573603,38.55230195461904],[-0.13116984109302043,38.552746901289645],[-0.13094408522434797,38.553040228566914],[-0.13083937279052016,38.553280487988],[-0.13066039973949417,38.55359363974334],[-0.1307465435726618,38.55381990383994],[-0.13101537861842472,38.5536397091465],[-0.13121885951598689,38.55330847577344],[-0.13162730810080037,38.55320642116467],[-0.13200753340099025,38.55321574688788],[-0.1322288498342541,38.55363211274984],[-0.13206844667362638,38.554076479645886],[-0.1319815683568515,38.554466609894945],[-0.13204472045554283,38.55527135290948],[-0.13202468635887055,38.55577519571281],[-0.13232101998866597,38.556100004544504],[-0.13260771007878214,38.55666740399721],[-0.13292188194895216,38.55714208206359],[-0.13306892597773246,38.55703361334911],[-0.13286764611139024,38.55671113449188],[-0.13265150732668163,38.556164147213416],[-0.13247028852985654,38.55593555287396],[-0.13231506314951647,38.55565156361055],[-0.13232915932486256,38.555297010396714],[-0.1322660252483865,38.5550899927391],[-0.132342514611679,38.55496111390181],[-0.13266780268868494,38.5551558794453],[-0.1331260414895965,38.55559673226477],[-0.13346768557432487,38.5559786851831],[-0.13351892268706145,38.55588654645423],[-0.13338523119133017,38.55565912358062],[-0.13311488610957234,38.55527891522007],[-0.13265739223444495,38.55481940302223],[-0.13247469257997357,38.55462813391673],[-0.13248656301154638,38.554329560683605],[-0.132550418885915,38.553920186240326],[-0.132540755367621,38.55356504596007],[-0.13254966118365985,38.55334111404238],[-0.1322496320821056,38.553109608675],[-0.13214046046277605,38.55286410253473],[-0.13196890480952872,38.55239291652769],[-0.13183744271201547,38.55151177617567],[-0.13193694084163043,38.55080440881437],[-0.1320446275608167,38.551087235778304],[-0.1323929165553417,38.551301247064494],[-0.13266843194927702,38.55155083145424],[-0.1329179622872969,38.55185581386735],[-0.1330575769883895,38.55193395521482],[-0.13318158961113813,38.551806239537136],[-0.13302563219976227,38.55154091082945],[-0.1326780784751973,38.5513082391002],[-0.1322867165542898,38.55098109712004],[-0.13218496747543096,38.55054898330231],[-0.13232011345038464,38.550141355587485],[-0.13228297652836662,38.54987893962484],[-0.13234757106137796,38.549450901905395],[-0.13235027300840985,38.54944622373342],[-0.13234905577193157,38.549413581264034],[-0.13229409264011416,38.54900129111655],[-0.1323074507792672,38.54866539531069],[-0.1325027466007409,38.54853943130306],[-0.1326898797748326,38.54861873513286],[-0.13267726623186293,38.54893597164052],[-0.13275376637619285,38.54940482599939],[-0.13309537640144598,38.54978678263744],[-0.13328402152700747,38.550426496255966],[-0.13334021978587174,38.55072766227685],[-0.13372590698334053,38.55127789041137],[-0.13395093672333758,38.55160094795303],[-0.13399324077466668,38.55173264398642],[-0.13412840425368522,38.55191859995007],[-0.1344956220143012,38.55222554066093],[-0.1347246411077614,38.55245314861223],[-0.13497410784620634,38.5527279928896],[-0.13510209328043477,38.55287717621655],[-0.13510825238910673,38.55291680314152],[-0.1351284605812837,38.55293239711019],[-0.13538517494509916,38.55340925814571],[-0.13537762288505206,38.55341042012353],[-0.1355967329173402,38.553882765904945],[-0.1362020643788413,38.55481286556825],[-0.13643389749072332,38.55616343243605],[-0.13652786694303742,38.55678730709149],[-0.13608839085660973,38.55835609670991],[-0.13586767919847897,38.55943901664872],[-0.13579120401255063,38.56046965316618],[-0.1354584236685925,38.56168935503591],[-0.1354251988560895,38.5625257133031],[-0.1354740611403571,38.563085025152446],[-0.13638213673404653,38.56389304964944],[-0.13657077170094079,38.564155543161355],[-0.13686647485360792,38.56440699800643],[-0.1371884671499739,38.564671725998934],[-0.13748333953399072,38.56494421149525],[-0.13772647101427005,38.56516911315325],[-0.13789776877207727,38.56531225578917],[-0.13811997609980908,38.565481569544],[-0.13845704311131568,38.56583701028085],[-0.13913514613366296,38.56666286708637],[-0.13967675588748918,38.56734585561878],[-0.1400130542478819,38.56782847929353],[-0.1404670746971486,38.568927908519896],[-0.141293907591316,38.569589956747194],[-0.1419575708408254,38.56988523904328],[-0.1435180230704236,38.57087216196238],[-0.14452688728107832,38.571427015558776],[-0.14518616266422057,38.571833791517065],[-0.1456323662153043,38.5722353666966],[-0.1459464610675485,38.57238256294837],[-0.14591757267524574,38.5722144225832],[-0.14522940425094877,38.571639505529625],[-0.1443969877720912,38.57111687844118],[-0.14325049933958356,38.57044703998619],[-0.1422460830488146,38.56978066463368],[-0.1418287880874538,38.569547218646726],[-0.1408932071204112,38.56893832882082],[-0.14058908796920067,38.56854021151368],[-0.14035599678328126,38.568143830960274],[-0.14006958031321082,38.56729965306284],[-0.13904742385499125,38.56618632328334],[-0.13857241854320357,38.56561658913293],[-0.13723294577834722,38.56443966493794],[-0.1367431723368755,38.56405312352476],[-0.13657476166888705,38.56385070523462],[-0.13635511941084877,38.56327403722807],[-0.13612538687097908,38.56279401355399],[-0.13589565707716966,38.56231399311225],[-0.13595552611800565,38.56170153171153],[-0.1361019057313162,38.56070050746425],[-0.13633930335237254,38.56009239854195],[-0.13674647967512188,38.559683782055444],[-0.13745881944190108,38.55964540858156],[-0.1379759246392287,38.56004874623231],[-0.13844314676512814,38.56081363640124],[-0.13894256738218225,38.56166302781046],[-0.1393398963421313,38.5623983006302],[-0.1394853637792317,38.56321112654145],[-0.14041091076006795,38.56407093424918],[-0.14084156701045591,38.56486282722153],[-0.14130110944736618,38.56582285466546],[-0.1420913048207746,38.566511910404],[-0.14282706450706772,38.566781042171655],[-0.14338638579257257,38.567017956034846],[-0.14422316522346756,38.567429073925574],[-0.14437404466460846,38.56720951103904],[-0.14384912278809203,38.56700135152897],[-0.14266388288757437,38.56641427982965],[-0.14189261320357804,38.566144280268034],[-0.14148970924455506,38.56554840985304],[-0.14117441477462345,38.56453609226052],[-0.14055847459992687,38.56393501426669],[-0.14001356241532337,38.563335666278135],[-0.1397804849300388,38.56293928492625],[-0.13975824865834374,38.562603873936744],[-0.14015325859413297,38.56250190933406],[-0.1407070115200959,38.56287822701974],[-0.14160590619406754,38.56351412991845],[-0.14271676332788674,38.56418311114683],[-0.14424270392553318,38.565141277966426],[-0.14528038427722167,38.56586425810253],[-0.14596960688077365,38.56641129146086],[-0.14679977753312468,38.566989668018095],[-0.1475090851431906,38.5679278648595],[-0.14773670311167164,38.568463626789544],[-0.14805299024901553,38.56855505767845],[-0.1480607116985726,38.56835990701219]]]},"properties":{"id":6730,"area_municipal_m2":465999.68,"codigo":null,"zona":null,"d_pelig":"Peligrosidad Geomorfológica: Vaguadas y barrancos de fondo plano","n_pelig":7,"corriente":null,"tipo":null,"desde":null,"hasta":null,"calado":null,"retorno":0,"ambito":"Comunitat Valenciana","hectares":46.66804225}},{"type":"Feature","id":17,"geometry":{"type":"Polygon","coordinates":[[[-0.1523680014549167,38.55560948120967],[-0.15232244981585819,38.555258509332916],[-0.15206733070976153,38.554949079540755],[-0.15190124053903764,38.554641817822585],[-0.15173147211988658,38.554427763701646],[-0.15138365450976643,38.55420937175608],[-0.15076784300877666,38.5540077753104],[-0.15062499428766518,38.55386434700617],[-0.15021783492957264,38.55364450344674],[-0.15011203194644374,38.55331538320226],[-0.14983370400697105,38.552842111487955],[-0.14924739342716098,38.551894842546986],[-0.1490201371229234,38.55163273131409],[-0.14850166740248838,38.55122357520045],[-0.14783760491018105,38.55074089000532],[-0.14711235956433732,38.5503033621863],[-0.1467599665088204,38.550201467373334],[-0.14629533629612235,38.54993355911678],[-0.14583624566426323,38.54952584090437],[-0.1455867129060997,38.549076587685754],[-0.14535855652311458,38.54883777236348],[-0.14536685848536424,38.548628055487455],[-0.14521741612456074,38.547901347403815],[-0.1449964922596103,38.54672972807413],[-0.1450658275465715,38.54572847129117],[-0.14508796589364348,38.545169221913326],[-0.14497665855435082,38.54497990979887],[-0.14462982981835504,38.54473819682952],[-0.14377513883867987,38.54382166691878],[-0.14355807373908913,38.543303228719985],[-0.1432835214916408,38.542736733139634],[-0.14323802550539355,38.5423857565285],[-0.14325094558332463,38.54205952759784],[-0.1435030697448414,38.54169249365654],[-0.14384143060698618,38.54139753987642],[-0.1441519633367636,38.54105525432613],[-0.14412307007765124,38.54028484035576],[-0.1440352565434937,38.53941992205327],[-0.14421851532647612,38.53862413462992],[-0.14429722335977324,38.538136239377],[-0.14425248140169744,38.538005800776254],[-0.14403341721221308,38.536548398102354],[-0.14358378901204638,38.53665403961871],[-0.14383710769727243,38.537756477933556],[-0.1437983585913929,38.538735162225066],[-0.1437568407893548,38.539783751382366],[-0.1436819595277723,38.54092482138011],[-0.14345951134348178,38.54129258131981],[-0.1430006196180602,38.54163124096607],[-0.14275310895688653,38.54188176250064],[-0.14270682328922302,38.54230047559618],[-0.14265869394165698,38.54276578778864],[-0.14296014063342355,38.5434029141697],[-0.14346929427885913,38.54404510910381],[-0.14409806185020635,38.54466690359343],[-0.14458217241894822,38.54519186029577],[-0.14471668959291684,38.54554501462384],[-0.14448514827623216,38.54689218003878],[-0.1446198175093225,38.5479917177787],[-0.14486395184887213,38.54932717577622],[-0.1443573512391363,38.550119499927035],[-0.14434720092083575,38.550375822879666],[-0.14445574458280142,38.55063503881702],[-0.14467084195444535,38.55045369655118],[-0.14471250812464032,38.55015149686984],[-0.14499340601090527,38.5498084865901],[-0.14523632636219297,38.54967447002207],[-0.14558594604412667,38.54984627605246],[-0.14619156399778932,38.550304219593826],[-0.14668033641549538,38.55071266046697],[-0.14676013540106414,38.55094785385137],[-0.14695310135408635,38.55132575335725],[-0.14717205249583243,38.55179758722414],[-0.14732889180485076,38.55233787224801],[-0.1473113753070061,38.55278061145083],[-0.14735044135068254,38.553294701238585],[-0.14734030050802183,38.553551024721294],[-0.14733015842578379,38.55380734726246],[-0.1472894193677492,38.554086247494034],[-0.14758248480432457,38.5541866924495],[-0.14781619686458125,38.55428569128684],[-0.14809359606687655,38.55478226795113],[-0.14828657937764467,38.555160163929685],[-0.14850463761912103,38.555655292054574],[-0.1485732009189813,38.55542371742569],[-0.1485258266048568,38.555119347649494],[-0.148395877183646,38.55464969138463],[-0.14832159129427813,38.55427469111258],[-0.14797471020316033,38.55403298720883],[-0.14777989295225158,38.5537016937698],[-0.14771206809729343,38.55316357718233],[-0.14758673885012996,38.55257740695576],[-0.14759872240891259,38.5522744823722],[-0.14760517488731573,38.55211136801498],[-0.14770618458376772,38.551810615103875],[-0.1476245331911059,38.55162202403836],[-0.147311951879745,38.5512645343257],[-0.1471152955744306,38.55097984363209],[-0.14709299877261772,38.55079270425461],[-0.1473313115139061,38.55077519220348],[-0.14794063259631818,38.551139920729355],[-0.14863253141655086,38.551669932583515],[-0.14888485464049905,38.55204927407285],[-0.14924389985052855,38.552734436428445],[-0.14954821145860775,38.55330164273141],[-0.14985712925606753,38.553752337444735],[-0.14977106729516,38.5544266512757],[-0.14978785133571737,38.55475360006624],[-0.1495913799626316,38.55521529666379],[-0.14954236360991446,38.55570391279226],[-0.14956190924442225,38.5559609590026],[-0.149899601117629,38.556435675063284],[-0.15009628343746106,38.556720360962146],[-0.15030401606819632,38.55672542285032],[-0.15042640337280844,38.55663510706003],[-0.15034197897570234,38.55651642644],[-0.150177734506439,38.55616256138161],[-0.14989847201767015,38.555712591852],[-0.14987616485931454,38.555525455448695],[-0.1500466438956627,38.554969825949875],[-0.1502691022703173,38.554602057176865],[-0.15037286020974205,38.55423139362313],[-0.15058150504538714,38.55421315505064],[-0.15119547688956514,38.55446135817963],[-0.15160449028388534,38.55463459036257],[-0.151997859088306,38.55520395457711],[-0.1520109726355261,38.55562411207339],[-0.1519907283192481,38.55613675204132],[-0.1521540615181589,38.55651392088486],[-0.152337637891522,38.556378444968594],[-0.1523523597716787,38.5560056147531],[-0.1523680014549167,38.55560948120967]]]},"properties":{"id":6731,"area_municipal_m2":131229.76,"codigo":null,"zona":null,"d_pelig":"Peligrosidad Geomorfológica: Vaguadas y barrancos de fondo plano","n_pelig":7,"corriente":null,"tipo":null,"desde":null,"hasta":null,"calado":null,"retorno":0,"ambito":"Comunitat Valenciana","hectares":13.1420004}},{"type":"Feature","id":18,"geometry":{"type":"Polygon","coordinates":[[[-0.14672700209258416,38.56124578880913],[-0.14659829996248774,38.56084543287137],[-0.14590769085566802,38.56003414830597],[-0.1458917895109204,38.559523053674354],[-0.14613194385135975,38.55893309092237],[-0.14628532218682055,38.55870985151303],[-0.1466043997460278,38.557951579886094],[-0.14651292871910027,38.557523755577385],[-0.14624656496960275,38.556949804066356],[-0.1455288718446539,38.55591087604953],[-0.14508427394739964,38.55527582682129],[-0.14465297332740468,38.55339269802446],[-0.14442274759543805,38.552819620979065],[-0.14359347750648865,38.55186306615367],[-0.14276265250004716,38.55094619155924],[-0.14302093640626534,38.55081063866952],[-0.14348794089891204,38.550878791862786],[-0.14303553626786059,38.55044214873554],[-0.1420405839918253,38.55002061908103],[-0.14119226899428927,38.54954592190926],[-0.14046686930464025,38.54870537520376],[-0.14019497046833074,38.54827313456723],[-0.13908604783813683,38.54708272933567],[-0.13839116062927204,38.54638478036575],[-0.13714242531883514,38.545077446763145],[-0.13714917589716924,38.544907374287895],[-0.13761838448892627,38.54491885964177],[-0.13826018298474274,38.545133176717435],[-0.1393881728775921,38.54584171715898],[-0.13967017694265582,38.546018852342826],[-0.14070565209487107,38.546327899780195],[-0.14095943070543893,38.54630572962203],[-0.14064133087153374,38.5461277179258],[-0.1397941982768307,38.54562466542223],[-0.1386944235706138,38.54511542773467],[-0.13834586206416288,38.54479479811504],[-0.1372077724443148,38.54434135321613],[-0.13674419418263994,38.54418814189007],[-0.13657386072268007,38.54392861845077],[-0.13647908760505922,38.54358582326396],[-0.1364937170777658,38.54321733498213],[-0.13695503679569176,38.543427240256115],[-0.13699562890895844,38.54331473978567],[-0.13675086088357835,38.54311013869981],[-0.13640682281106242,38.54267612477956],[-0.13590484131506342,38.54167078530782],[-0.13571305535778144,38.54104188901665],[-0.13576040398457367,38.540759319355416],[-0.13612356399714054,38.540711468231876],[-0.13661757783720097,38.54100729165067],[-0.1369176474443572,38.541638836733476],[-0.13733161774558766,38.54213130878575],[-0.1380376975276003,38.542545806741785],[-0.1390009356182027,38.54285310137285],[-0.13945776387034536,38.543176376453125],[-0.1404943212322034,38.543457079831796],[-0.14099848506684554,38.54349777962356],[-0.14093079795039376,38.54338263228847],[-0.1393663499466875,38.542748549790254],[-0.13847867265768388,38.5423579880163],[-0.13752557272508525,38.54179558016015],[-0.13709126147351913,38.54090539615749],[-0.13674723108455789,38.540471380722586],[-0.13711826086785317,38.54022511029402],[-0.13807808599828064,38.540617446168675],[-0.1388597163244798,38.54094867065108],[-0.13974400839414747,38.541424264185714],[-0.14020307482420868,38.54169084539967],[-0.1404918073498278,38.541697905113004],[-0.14053351837735395,38.541557058718524],[-0.14014550433257789,38.54132059310192],[-0.13922174756653316,38.54092915418927],[-0.13763028006896727,38.540067405021084],[-0.13724228059778332,38.53983092580824],[-0.13660886016689044,38.539406850664626],[-0.13651859026537538,38.53895067615609],[-0.13674975592664174,38.53858748838628],[-0.13838032223959962,38.53664129818751],[-0.13769463738266108,38.53662451959309],[-0.1361035188143953,38.53848654901594],[-0.13488898093401724,38.53996056204649],[-0.13479878907394394,38.540412314343726],[-0.13501765203661664,38.54126886116115],[-0.13583318449503645,38.5425656085291],[-0.13601034151961944,38.54356299818119],[-0.13622752352156242,38.544348563278525],[-0.1360149891245599,38.5452654749869],[-0.1355052493761777,38.54627441093358],[-0.13517265105721954,38.548280730654355],[-0.1351399937948825,38.549102741250266],[-0.1357153246990257,38.550081506900554],[-0.13727426588524638,38.55085736864589],[-0.13789698773076875,38.55155355774649],[-0.13844303274051084,38.552361358133325],[-0.13901955824222867,38.55331176363281],[-0.13954077208930293,38.55383522396937],[-0.13958811613335653,38.55355265481686],[-0.13883897184001492,38.55239941512963],[-0.13842493393403776,38.55190694914408],[-0.1375731607287971,38.550609329783214],[-0.1361586055669175,38.54983700787023],[-0.1356825428247781,38.54908765810837],[-0.13566783835289886,38.54854821534754],[-0.13584704809613557,38.546765121817664],[-0.13625638433790233,38.54555511433541],[-0.13649320165548007,38.54505020299369],[-0.1366082274800111,38.54495591480234],[-0.13694553210374671,38.54548686983012],[-0.13798783117794144,38.54653380085256],[-0.14009231901215635,38.54903952587821],[-0.14071617335509767,38.54970735425053],[-0.14039481771337758,38.55052230733346],[-0.14021895317601096,38.55131244622918],[-0.14038381972502956,38.55262162496148],[-0.14080811895571843,38.553766910890765],[-0.14122569556606823,38.55508226138982],[-0.14201641551003252,38.55610030068603],[-0.14271592935554622,38.556684848191296],[-0.14282871653470197,38.55657411295636],[-0.14199491788201257,38.55573093285346],[-0.14172522764020634,38.5552420094694],[-0.14119259874757306,38.55409408468443],[-0.1406813636986155,38.55240759301124],[-0.14072183009507677,38.55138716257658],[-0.14078827057860233,38.550622722016946],[-0.14130597678461632,38.550323276766036],[-0.14187452013559376,38.55056415452293],[-0.142351778131808,38.551285139032835],[-0.1422064139735162,38.55221789021247],[-0.14214223222879463,38.55292563760381],[-0.14257666887367115,38.55381581000538],[-0.14274704666833715,38.554075328775006],[-0.1427955001732415,38.55376441155857],[-0.14269492080222257,38.552655415692016],[-0.1428651407932371,38.5520070017151],[-0.14301289613585144,38.55192549121848],[-0.14364466924536323,38.55239489089692],[-0.1443013187138691,38.55314861810965],[-0.1443420816118004,38.553944052682034],[-0.1447597289854312,38.555259391355854],[-0.1454401818423463,38.55632578885109],[-0.14594801427618176,38.55718936298699],[-0.14610719741117206,38.55773232376876],[-0.14600919730377582,38.55838250164244],[-0.14592578195736872,38.55866419430193],[-0.1455882001797062,38.55897656254207],[-0.14560186239018824,38.55954434905913],[-0.14593033036821357,38.560375170586816],[-0.1465487391604543,38.56118469371979],[-0.14672700209258416,38.56124578880913]]]},"properties":{"id":6732,"area_municipal_m2":274869.33,"codigo":null,"zona":null,"d_pelig":"Peligrosidad Geomorfológica: Vaguadas y barrancos de fondo plano","n_pelig":7,"corriente":null,"tipo":null,"desde":null,"hasta":null,"calado":null,"retorno":0,"ambito":"Comunitat Valenciana","hectares":27.52700801}},{"type":"Feature","id":19,"geometry":{"type":"Polygon","coordinates":[[[-0.1291145509563698,38.53897803222258],[-0.12906765775384033,38.53891377157848],[-0.1290861044894025,38.53845027643214],[-0.1289820532999344,38.537884371264724],[-0.12862378808158637,38.53734535934035],[-0.12804966061420187,38.536893553523264],[-0.127928319215326,38.53679806133438],[-0.12707349958993142,38.536014880874575],[-0.1267942645281348,38.53561035948154],[-0.12678612111952114,38.5356129641474],[-0.1266874077897251,38.535087875120404],[-0.12656906414046531,38.53509819990105],[-0.1264193780621401,38.53511254057447],[-0.12627004797858943,38.535117881183375],[-0.1260745236016012,38.535131094543715],[-0.1258789991733793,38.53514430757426],[-0.12572966906314864,38.535149646588714],[-0.1255803412346297,38.53515498546788],[-0.1253729977619562,38.53517691767484],[-0.12516601387629311,38.53518984793172],[-0.12501668371190977,38.53519518512964],[-0.12486735579339658,38.535200523092335],[-0.12468364885597083,38.53520501682539],[-0.12448848156537817,38.53520922678367],[-0.12435061174870166,38.53521484571241],[-0.12421274077481748,38.535220464449544],[-0.12404049541024209,38.535225238008614],[-0.12385678621988117,38.53522972858142],[-0.12373073546603441,38.53522662782823],[-0.12359286561320282,38.53523224585974],[-0.1234320748851725,38.535237301051765],[-0.12325982835510318,38.53524207342888],[-0.12311049920455419,38.53524740911049],[-0.12297298923811883,38.53524402574727],[-0.1227549033958577,38.53524766918927],[-0.12254863679974015,38.53524259341525],[-0.12238820728480082,38.53523864474015],[-0.12238817181767665,38.53523864200448],[-0.12238813100000001,38.535238641],[-0.12221664487359858,38.5352254133842],[-0.12201041087996378,38.53522033926457],[-0.12179268410310051,38.535214980233064],[-0.12179260709559334,38.53521497400236],[-0.12179260700000001,38.535214974000006],[-0.12163253600000001,38.535202025000004],[-0.121483925,38.535189357],[-0.12128947600000001,38.53517556],[-0.121106846,38.535153045],[-0.120969694,38.535140658],[-0.12082108549271399,38.53512799021249],[-0.12081028427292186,38.535127251578885],[-0.120615176,38.53511391],[-0.120409627,38.535090829000005],[-0.120272476,38.535078442],[-0.12013533924128907,38.535066055376646],[-0.12007000977237396,38.53506141931251],[-0.119940876,38.535052256],[-0.119735329,38.535029174],[-0.119609636,38.535017068],[-0.11948394556618527,38.53500496215085],[-0.11930104285750787,38.53499145149276],[-0.11930104130514994,38.53499145130134],[-0.11930095600000001,38.534991445],[-0.11911832700000001,38.534968926000005],[-0.118969717,38.534956255000004],[-0.11882146898637815,38.53493458343656],[-0.1187710457777025,38.534930692333916],[-0.11864993700000001,38.534921347],[-0.118467309,38.534898827],[-0.11834161800000001,38.53488672],[-0.118227385,38.534874896000005],[-0.11805657600000001,38.534843657],[-0.117896866,38.534821702],[-0.11777153500000001,38.534800593],[-0.11763438400000001,38.534788203000005],[-0.117463575,38.534756964],[-0.117292407,38.534734725],[-0.11716707600000001,38.534713616000005],[-0.11704140267426053,38.53470150879905],[-0.11698482675264191,38.5346971420613],[-0.11686985700000001,38.534688269],[-0.11669868900000001,38.534666029],[-0.116584457,38.534654203],[-0.11647058855256667,38.5346333756498],[-0.11638962022176073,38.53462762716489],[-0.11627614000000001,38.534619571],[-0.11609351300000001,38.534597048],[-0.11593344698026459,38.53458409016031],[-0.1159163865406272,38.534582773274344],[-0.115761918,38.53457085],[-0.115590751,38.534548608],[-0.115430684,38.53453565],[-0.11530499300000001,38.53452354],[-0.11517930300000001,38.53451143],[-0.114996677,38.534488905],[-0.1149145382720039,38.534474697712085],[-0.11488270663082956,38.53462949865805],[-0.11477313918726528,38.535162348080306],[-0.114708183001754,38.535653661049935],[-0.1145186621780554,38.53635695561915],[-0.11439941192185277,38.53689215680352],[-0.11433536648997755,38.53721428997194],[-0.11430310815551703,38.537412785167646],[-0.11418196319507068,38.538158668595976],[-0.11415799332231913,38.538278895498806],[-0.1139436273205332,38.5392072626759],[-0.11390995355964062,38.539555735281816],[-0.11389695795404275,38.5395649404079],[-0.11391148848620247,38.540023828759054],[-0.11430520065582694,38.539972027974855],[-0.11552707191636769,38.5396716628036],[-0.1177440928575959,38.53947844929459],[-0.11959984624388964,38.53911103598576],[-0.12091360655603234,38.53914339261599],[-0.12243921405077796,38.539139635153894],[-0.12364787721488035,38.539169374977895],[-0.12531633724506408,38.53954091914843],[-0.12597599236805612,38.54004457201872],[-0.12598530257473461,38.54003103150834],[-0.12624480983379716,38.53987171624135],[-0.12680332644620185,38.53962033348],[-0.1277346191377533,38.53954379766912],[-0.1280929925686447,38.53969571296998],[-0.1291145509563698,38.53897803222258]]]},"properties":{"id":6733,"area_municipal_m2":592158.44,"codigo":null,"zona":null,"d_pelig":"Peligrosidad Geomorfológica: Derrames","n_pelig":7,"corriente":null,"tipo":null,"desde":null,"hasta":null,"calado":null,"retorno":0,"ambito":"Comunitat Valenciana","hectares":59.30324561}},{"type":"Feature","id":20,"geometry":{"type":"Polygon","coordinates":[[[-0.12597599236805612,38.54004457201872],[-0.12531633724506408,38.53954091914843],[-0.12364787721488035,38.539169374977895],[-0.12243921405077796,38.539139635153894],[-0.12091360655603234,38.53914339261599],[-0.11959984624388964,38.53911103598576],[-0.1177440928575959,38.53947844929459],[-0.11552707191636769,38.5396716628036],[-0.11430520065582694,38.539972027974855],[-0.11391148848620247,38.540023828759054],[-0.11391912166647966,38.54026498307569],[-0.11432853068285809,38.54068000608457],[-0.1146103111090615,38.54098004505379],[-0.11488062561303591,38.54124267608365],[-0.11516102721147581,38.54171214466249],[-0.11538326606093285,38.54204971739499],[-0.11555803586042002,38.54239252143484],[-0.11589580451841286,38.543085761499206],[-0.11612883371134997,38.54354099523992],[-0.11618685734617484,38.54369081282805],[-0.11668076711104902,38.54412293155474],[-0.11681249798246895,38.54422825765086],[-0.11692514808552534,38.5443632951396],[-0.11710311929198136,38.54460337396567],[-0.11730933264737642,38.544865955055634],[-0.11769445986168714,38.54527898534221],[-0.1181269082540708,38.54569075213191],[-0.11824889896296886,38.545833316183085],[-0.11857725110907102,38.54623485798683],[-0.11875562460358458,38.546445029175636],[-0.11875666986034084,38.5464688688066],[-0.11899004088043208,38.54668184296547],[-0.11907553294909023,38.54689023607052],[-0.11917035427542322,38.5473346029986],[-0.11971092291874141,38.54789310470684],[-0.12000788492869985,38.54797409765873],[-0.12022929104134716,38.548067956770986],[-0.12039328769358626,38.54818987410931],[-0.12057779163943083,38.54826808463391],[-0.12091812538334601,38.54820279984799],[-0.121399009110573,38.54837671970191],[-0.12172994866769438,38.548546944688994],[-0.12180470033631341,38.54865084979662],[-0.12313919209153212,38.54897467900179],[-0.1232936971651073,38.549059720905014],[-0.12377868653198076,38.54889370555004],[-0.12377550149738648,38.548890919883426],[-0.12423544885744109,38.546880786616235],[-0.12430136328832031,38.546285922210075],[-0.12402872615182892,38.54571585834835],[-0.12401824901988245,38.54492028702893],[-0.12400514658086115,38.54419091598066],[-0.12448071850959419,38.54390436348723],[-0.12481010421824479,38.54305087430478],[-0.1250485865698172,38.54236082854633],[-0.125487007411079,38.54225790669386],[-0.12574477759488278,38.541772682418205],[-0.12560323364285697,38.54114833779888],[-0.12562697921936428,38.540552440359875],[-0.12576135588114346,38.54035691107612],[-0.12597599236805612,38.54004457201872]]]},"properties":{"id":6734,"area_municipal_m2":705727.93,"codigo":null,"zona":null,"d_pelig":"Peligrosidad Geomorfológica: Abanicos torrenciales","n_pelig":7,"corriente":null,"tipo":null,"desde":null,"hasta":null,"calado":null,"retorno":0,"ambito":"Comunitat Valenciana","hectares":70.67700023}},{"type":"Feature","id":21,"geometry":{"type":"Polygon","coordinates":[[[-0.12688364343992284,38.568169647267325],[-0.12687599428808216,38.56816371056328],[-0.12660371348100874,38.56805148644373],[-0.12656914195375268,38.5680290801295],[-0.12594078440922019,38.56772247471174],[-0.12571186594565242,38.567417158006904],[-0.12545019509927613,38.566971984523775],[-0.1251088703596146,38.56676226320459],[-0.12506006735939446,38.566652505716576],[-0.12498644236016254,38.566575425387384],[-0.12491256598537381,38.56644025292368],[-0.12417511307705809,38.56582383418113],[-0.12390789605436758,38.565518118354724],[-0.12351698044039416,38.56512958634822],[-0.1224369473330782,38.56482381001469],[-0.12206426019264383,38.56461521031106],[-0.12157344826942929,38.56418432628036],[-0.12145452744366603,38.56398197309311],[-0.12095656118364984,38.563730397231794],[-0.12065603322918372,38.56362328165673],[-0.12048795631014553,38.56337982887335],[-0.12060218815555324,38.56306356060185],[-0.12061014432298167,38.5628643290317],[-0.12081712098223019,38.562769714442716],[-0.12167351003663818,38.562950341715755],[-0.12215484486177752,38.562982135328454],[-0.12298507035034323,38.56318205629987],[-0.12344262248166604,38.563173371968055],[-0.12374712696535184,38.56318086486764],[-0.1242046757456352,38.56317217746422],[-0.12458609855947866,38.5631616177426],[-0.12481606871617945,38.563127386027105],[-0.12518637027368085,38.56339575032668],[-0.1254599400265799,38.56354207587444],[-0.12568752138697192,38.56356761572603],[-0.12605386479956726,38.56393559162581],[-0.12627827143719905,38.56404082140704],[-0.12667951767957897,38.56417033940718],[-0.12680798555721662,38.56413361207171],[-0.12678419935899754,38.56409314007638],[-0.12655978492084996,38.563987910163384],[-0.1263607508540998,38.56388330609036],[-0.12619185714471337,38.56365978547623],[-0.12584533589274605,38.56343189364063],[-0.12557017714307728,38.56332541672416],[-0.12524824114489963,38.5631180725333],[-0.12497467111610305,38.562971746503415],[-0.12454805773813415,38.56284159914069],[-0.12424276671543266,38.56285403239997],[-0.12396125306797012,38.56290693449288],[-0.12373367231010146,38.562881391325696],[-0.12332925723529131,38.56283155805612],[-0.12262113781471307,38.56275429926795],[-0.12191063883263187,38.56273681049319],[-0.12150543208887221,38.5627068921269],[-0.12070376897376267,38.56242789577112],[-0.12020820767138929,38.562116546835526],[-0.11992042335923037,38.56169066004066],[-0.11946606463397291,38.561619639449404],[-0.11908544624983719,38.561610260787944],[-0.11873418177578632,38.56150188622493],[-0.11830599713899437,38.561411565235574],[-0.11798170617629422,38.56126396894563],[-0.11765342985951355,38.56121599309853],[-0.11712295716682286,38.561143084183385],[-0.11674233638610065,38.561133696959395],[-0.11616191425274813,38.56103960995493],[-0.1156140391166125,38.56076683606401],[-0.11560696869300235,38.56077205207262],[-0.11560077547533743,38.56076592336709],[-0.11539496748381639,38.56049630652951],[-0.11504415710441096,38.560242004040774],[-0.11456784940349385,38.5601168727234],[-0.11420948589866464,38.5600513424143],[-0.11371140739361651,38.55986898384864],[-0.11331025410900475,38.55967011973933],[-0.11275729338677465,38.559656464447926],[-0.1120623503979572,38.55958261081423],[-0.11187303504444124,38.55956831523306],[-0.11141342226756956,38.55942803306463],[-0.11118903626535692,38.55934802918212],[-0.11077971681989407,38.55944860230821],[-0.11074848374494461,38.559456276282155],[-0.11029792751825873,38.559340897589244],[-0.1101754344530006,38.5592125992627],[-0.11015231241889056,38.55918838087057],[-0.10999252168264873,38.55891638072824],[-0.10977291011500734,38.55871735912979],[-0.10955270342403267,38.558533215062106],[-0.10925193975260239,38.55846621092584],[-0.10910217719405324,38.55849979975373],[-0.10897705540692781,38.55850487884695],[-0.10868855947073319,38.55849774432075],[-0.10850379865425186,38.558304215420364],[-0.1082544870011879,38.557920132317754],[-0.10800139162872524,38.55763043734548],[-0.10757925418583136,38.557355450206344],[-0.10717283214321194,38.55728870834495],[-0.10693923914144454,38.5571128648704],[-0.10695514276918594,38.55671644566671],[-0.10697861942540898,38.55613125926939],[-0.10704714888994626,38.55562276744145],[-0.10706077944745562,38.55528298123965],[-0.10696253697229219,38.55473257177453],[-0.1069411735091288,38.55465519089511],[-0.10700505450615161,38.55443454439616],[-0.10727566546234701,38.55430721491119],[-0.10766235592750517,38.55430758120826],[-0.10881326064959262,38.554862453079764],[-0.10974525764144438,38.55555540143302],[-0.11057575618367466,38.55612022988819],[-0.1107372379078857,38.55608235084289],[-0.11032282444668917,38.55577902505944],[-0.10923604722054314,38.55495664351536],[-0.10903639269057441,38.55461675714844],[-0.10935767057254742,38.55458283283724],[-0.11046790598718248,38.554819626044754],[-0.11210245318746193,38.55527870407765],[-0.11294636790666468,38.55550889216337],[-0.1143595059873852,38.556171817177564],[-0.1148587260918954,38.557021519862495],[-0.1153613025830591,38.55778756382581],[-0.11625016734147531,38.55822818205595],[-0.11730052779505495,38.558630907709585],[-0.1184192148807175,38.55865848781593],[-0.11900519201712578,38.55867292940367],[-0.1191167459876894,38.5585500731536],[-0.11779166644547479,38.558349933508175],[-0.11710082069073247,38.5582910333171],[-0.11600221470348915,38.55776150723132],[-0.11547955326738579,38.5574973973791],[-0.11507682470134073,38.55690129365634],[-0.1150503257657034,38.556230738056584],[-0.11492981194771401,38.55610736756478],[-0.11458931552177898,38.55575879990788],[-0.11407001993927102,38.55541103024716],[-0.1130230772983345,38.55492461940275],[-0.11207263436362291,38.55469180191148],[-0.11154842205730153,38.55444586814307],[-0.11115593442643501,38.55426173155018],[-0.11113057599080056,38.554249836230746],[-0.10941265515496701,38.55413425713565],[-0.10873484505716613,38.553998692974794],[-0.10800292089944508,38.553795682786436],[-0.10637877140118013,38.55345286789175],[-0.10627685908331586,38.55332761360109],[-0.10626516253646301,38.55335759963727],[-0.10599378174032381,38.55355855199957],[-0.1055648068206394,38.55343810545697],[-0.10533895063464938,38.55327385634574],[-0.10510696166756794,38.55329410839258],[-0.10549501082078372,38.55352470800066],[-0.1058029770488913,38.553645706922296],[-0.10597096654379135,38.55373882270062],[-0.10628929693442535,38.55431258771008],[-0.10624896529279315,38.554931766884614],[-0.10634412207373689,38.555151869639246],[-0.10649784805516394,38.55551948069839],[-0.1064403953784212,38.55574593210165],[-0.10622601903504636,38.555889542484714],[-0.10641413028034785,38.5564005168],[-0.10649214681337416,38.55681941523043],[-0.1065109370314099,38.55729641454151],[-0.10652331772346546,38.557460530741345],[-0.10667071108404524,38.55756841975707],[-0.10695490884729075,38.557575453808745],[-0.10755702120280741,38.557694593933384],[-0.1078053528390508,38.55778871906926],[-0.10807787032966676,38.558123617602185],[-0.10819536858341205,38.558432477466006],[-0.10806888563329808,38.55864543589529],[-0.10800309460833013,38.55886718343101],[-0.1080278618911672,38.559195412991855],[-0.1082213625574453,38.55957249215442],[-0.10859076018927771,38.559819896418],[-0.10896357936061918,38.56004140804166],[-0.10896156146071423,38.560091739953876],[-0.10898181882513036,38.56018672102921],[-0.10897273703709898,38.560413244779824],[-0.1091139582352536,38.56049232096902],[-0.10935059317182683,38.56059264877616],[-0.10953838863631171,38.56071066654041],[-0.10952930720664789,38.560937192153894],[-0.10966523575390719,38.56114840655229],[-0.10994315023769197,38.561419818473304],[-0.11015953118078858,38.56142516745499],[-0.11033312367707415,38.561297189278484],[-0.11023670809559238,38.561228931905866],[-0.11030038076976112,38.561172638138885],[-0.10998317762706078,38.560569128970386],[-0.10950724429343817,38.560140393728176],[-0.10944397007722673,38.55971924966966],[-0.10951317993943865,38.55953850674391],[-0.10985279143151372,38.5594713201583],[-0.11011649257329692,38.55949673570797],[-0.11049283773685348,38.559713890652986],[-0.11077906880622868,38.559777653276],[-0.11106681410603247,38.55980366061426],[-0.11141977598515895,38.55981238228701],[-0.11177389063297882,38.559898582107174],[-0.11202020545982272,38.55990466672053],[-0.11223041189986871,38.55986518412131],[-0.11237492354114353,38.55981708256797],[-0.11258219961951976,38.55982220221607],[-0.11348822979110373,38.560033535563136],[-0.11384281460697121,38.5601934562092],[-0.11429431978416549,38.560336871421256],[-0.11489386153094516,38.56038946230227],[-0.1152198773716151,38.560662048384664],[-0.11542719547359148,38.560893909847316],[-0.11548517974168071,38.56091069465306],[-0.11596994864742838,38.56139384289293],[-0.11638139801444991,38.56190255868725],[-0.1166833824790392,38.562608002890904],[-0.11704250176050035,38.56315531495231],[-0.11715105424345484,38.56361667246897],[-0.11732139612671633,38.5644385259836],[-0.11746329595268268,38.56470127960503],[-0.11754898225593946,38.56446407911751],[-0.11749436015109582,38.563924279430495],[-0.11748889760482761,38.563425577030486],[-0.11745407777880335,38.56302586520891],[-0.11780534755022476,38.56313423930774],[-0.11813591322617967,38.56376061255472],[-0.1196707927464371,38.56603202311145],[-0.11989440650502026,38.566157190739894],[-0.11987619158691087,38.56597725554429],[-0.11870441997895798,38.56415353797908],[-0.11832866710743906,38.56338645305753],[-0.11783709223415206,38.562975480048095],[-0.11696808557636684,38.56247542718805],[-0.11678181817503042,38.56205203603094],[-0.1165653938504061,38.561747557724814],[-0.11649644276515048,38.56156637127701],[-0.11655276559835448,38.561428163440425],[-0.11706025859494051,38.56144067938149],[-0.1176382985532447,38.56159452976592],[-0.11836460571266372,38.5618517479518],[-0.11907032224169001,38.56198879790722],[-0.11932486668336528,38.56197512563929],[-0.11970230361498979,38.56206419869433],[-0.12006382897653411,38.56255173181648],[-0.12004870959146396,38.56293026920083],[-0.1202040522422223,38.563492493095055],[-0.12036815341773055,38.563835559840484],[-0.12083994391498232,38.56410643812784],[-0.12121341672746322,38.56429511943408],[-0.12148220864800363,38.56456099236372],[-0.12171847215905629,38.56500555097929],[-0.12180486368016918,38.56538659108636],[-0.12201415846809338,38.565870366814075],[-0.1223796936415793,38.56625827482125],[-0.12256448518138274,38.566083341565616],[-0.1223480269646342,38.56577887368987],[-0.12206021303841608,38.56535298945463],[-0.12206896109554721,38.56513383480176],[-0.12242581503682048,38.56510273258522],[-0.12342336685896749,38.56556602578233],[-0.12381746470918031,38.565874861943875],[-0.12410529136570281,38.566300737801534],[-0.12452556439834384,38.5665902772686],[-0.1248712979236517,38.566838093499726],[-0.12528045861206616,38.567406550074466],[-0.125468379847812,38.567579410834185],[-0.12558486951801884,38.56775373311111],[-0.1260708898233922,38.56804473879555],[-0.12648983432010344,38.5682820599321],[-0.12685723200000001,38.568179354],[-0.12688364343992284,38.568169647267325]]]},"properties":{"id":7139,"area_municipal_m2":237246.2,"codigo":null,"zona":null,"d_pelig":"Peligrosidad Geomorfológica: Vaguadas y barrancos de fondo plano","n_pelig":7,"corriente":null,"tipo":null,"desde":null,"hasta":null,"calado":null,"retorno":0,"ambito":"Comunitat Valenciana","hectares":24.51338019}},{"type":"Feature","id":22,"geometry":{"type":"Polygon","coordinates":[[[-0.11254605190742062,38.54012079396769],[-0.11248114444106694,38.54010481815467],[-0.11234078424682892,38.539935291634194],[-0.11232234635665783,38.539913022743626],[-0.11222017453061373,38.53978961769463],[-0.11214982605488455,38.53972306327467],[-0.11172148238816693,38.53931781093933],[-0.11149979912952945,38.539090156428834],[-0.11091525391212187,38.539046618640405],[-0.11076036712967774,38.53915901131138],[-0.11023569620517559,38.539536431303375],[-0.10999914672004296,38.53959977617326],[-0.10999219501813995,38.53991935458974],[-0.10993259437629188,38.540247360771176],[-0.109825971756349,38.540586547293444],[-0.1097557821040196,38.54079230245276],[-0.10951443231019997,38.54101824159118],[-0.10939929184606978,38.541186306445255],[-0.10917036340895425,38.54148579971864],[-0.10868135573105286,38.541705614111244],[-0.10830455487568358,38.54183053825279],[-0.10792219501353717,38.54209406966586],[-0.10763490821744703,38.542306706269486],[-0.10737013460914735,38.54272738883041],[-0.1072525434110072,38.542956384961336],[-0.1072127984626805,38.54317505401766],[-0.1071064819116807,38.54350901975812],[-0.10697959214155306,38.54396978133775],[-0.10688988979398673,38.544272714636634],[-0.1067548651530621,38.5445501103429],[-0.1065270072906297,38.54482520880551],[-0.10592172421771728,38.54523736930905],[-0.1055686144633623,38.54554603463856],[-0.10539377764254221,38.54565468544417],[-0.10509148562332582,38.5458547804009],[-0.10497768201633173,38.545986205085335],[-0.10482521563619596,38.54631199800074],[-0.10460400800228609,38.54680690871674],[-0.10436769671048785,38.54728928319361],[-0.10423510318666773,38.54750574086772],[-0.10422116282739724,38.547852893484205],[-0.1043703042584685,38.548381482117975],[-0.10452593107638153,38.54875148345386],[-0.1047018098086534,38.54899999772187],[-0.10494244158159072,38.5495674303126],[-0.10500462912829711,38.54994737041282],[-0.10504370577223643,38.55013141157646],[-0.10506779972819258,38.55030282816228],[-0.10507955883599429,38.550475742270145],[-0.10515063051908546,38.55069285700969],[-0.10522909495068333,38.550532214040295],[-0.10513539284797213,38.54993604457764],[-0.10499251518531194,38.54933261895338],[-0.10498370605450225,38.54895747122948],[-0.10545410675918632,38.54853794524263],[-0.10606233050724079,38.548253058868376],[-0.10637220756522536,38.548191751729995],[-0.10656764624975779,38.54815308745641],[-0.10705061107461233,38.548015065476775],[-0.107179618740183,38.547774552449056],[-0.10739518934105874,38.5471612471214],[-0.1073908725587196,38.54667373165453],[-0.10741895651959599,38.545973559552436],[-0.10743143550496859,38.54566242060936],[-0.1076522563951805,38.544918022275596],[-0.10773900228469602,38.54394534381192],[-0.10781955384315989,38.543722379588175],[-0.10794751716437734,38.54368580691613],[-0.10818175648046369,38.543618860514385],[-0.10931997098921187,38.542615940984625],[-0.11023604040705637,38.54179498997592],[-0.11082559336797937,38.541378388622945],[-0.11208168942157615,38.54041022586316],[-0.11254605190742062,38.54012079396769]]]},"properties":{"id":8069,"area_municipal_m2":178166.52,"codigo":null,"zona":null,"d_pelig":"Peligrosidad Geomorfológica: Vaguadas y barrancos de fondo plano","n_pelig":7,"corriente":null,"tipo":null,"desde":null,"hasta":null,"calado":null,"retorno":0,"ambito":"Comunitat Valenciana","hectares":17.84322851}},{"type":"Feature","id":23,"geometry":{"type":"Polygon","coordinates":[[[-0.1094409648810859,38.53911297782922],[-0.10924614759340301,38.53910239343113],[-0.10894801053889624,38.53916547835034],[-0.1083208071139703,38.539307635396305],[-0.10813740573970865,38.539395717548096],[-0.10791187138772962,38.53937022850993],[-0.10748078513478987,38.5393759623572],[-0.1070999066995948,38.539511323961314],[-0.10636612884067853,38.539561414945396],[-0.10620971366572851,38.53957209351033],[-0.10572815642115119,38.5394805304758],[-0.10518513189851175,38.5393885238085],[-0.10474528150964524,38.5392324890072],[-0.10454081392240244,38.5391423736564],[-0.10396829310933198,38.5388965639864],[-0.10371301821274814,38.538757618525686],[-0.10356923877726043,38.53877306699201],[-0.10351018850876148,38.538741566480596],[-0.10309478243345183,38.539587242507004],[-0.10156614842935685,38.54478197889009],[-0.1001912979991526,38.54770974270979],[-0.09951770631172563,38.54882841512021],[-0.0986715763616588,38.54954787997063],[-0.09516328061703083,38.55237325471448],[-0.09402619800515666,38.55411373191483],[-0.09395734261296784,38.55421911736974],[-0.09331330915478109,38.55642607434138],[-0.09339673754700417,38.55651777156199],[-0.0930163016443264,38.55948003780263],[-0.09298465550158852,38.56026487172777],[-0.09281024492939283,38.56135358498502],[-0.0926266802804534,38.562246795410125],[-0.09262130111074907,38.562272971926056],[-0.09259373648077185,38.562407092080306],[-0.09203943875260157,38.56307361128628],[-0.09288776251806485,38.56347148626273],[-0.09350608200217314,38.562965369403884],[-0.09398035003851923,38.56253307286256],[-0.09566981359079696,38.56163564632215],[-0.09611819828917811,38.56130517940395],[-0.09731645849313963,38.56072004741684],[-0.09792563809105603,38.56071809253996],[-0.09836439556327914,38.56062650006147],[-0.09875625258654441,38.56061914666889],[-0.09906599059343568,38.56049019103101],[-0.09918700528834234,38.56018575059683],[-0.09898136128940749,38.55989028149566],[-0.09880431503861065,38.55942472221294],[-0.09881392816951928,38.55918583568901],[-0.09882903289516554,38.558810444580885],[-0.09910697055562911,38.55839033553371],[-0.09951391969142298,38.55800758696841],[-0.1000519340312449,38.557611007221865],[-0.10019673039756993,38.557255912084514],[-0.10045360802849013,38.55681819823434],[-0.10085960369090552,38.556094812562606],[-0.10092067627201251,38.55603701255444],[-0.10283081629647262,38.55366193821891],[-0.10329165888029301,38.5531097064449],[-0.10375605419637335,38.55308482651756],[-0.10390194597456759,38.553109410019914],[-0.10339887342462761,38.55298122882589],[-0.1029232232003463,38.55286003218083],[-0.10252471702362165,38.55275249286774],[-0.10191126235916492,38.552212483290624],[-0.10165447448374865,38.552047369846306],[-0.1012558660995837,38.55171422523347],[-0.1009982158434477,38.55157350462906],[-0.10072497520670254,38.55143248714571],[-0.100431473579218,38.55141304578695],[-0.10031863405018626,38.55152007296985],[-0.10006763063874713,38.55159925744046],[-0.09969615842409407,38.55159004216454],[-0.0994839468769042,38.55147495149052],[-0.09953821608882141,38.55128097135727],[-0.0995445916264206,38.55112247210958],[-0.09974105733257899,38.5508588626888],[-0.09998111574777235,38.550669491314835],[-0.10025445591829252,38.55041995136966],[-0.10067628088412084,38.54994714300382],[-0.10093768679160853,38.54961189412364],[-0.1011810542714402,38.54933719251339],[-0.10137849258091336,38.54904909850079],[-0.10157212024998374,38.548858662314544],[-0.1019213079703376,38.54865127072357],[-0.10231503795202634,38.54810334003614],[-0.10269482132474117,38.54790526380751],[-0.10290930623957673,38.547581009906054],[-0.1029244924577779,38.54720298682618],[-0.10316196407197076,38.54707462861716],[-0.10329456104817414,38.54685817136958],[-0.10374669971940209,38.54640078807926],[-0.10445335761941044,38.54566158050569],[-0.10485435458709791,38.54531752717082],[-0.10528885192206383,38.544913306366986],[-0.10576260982400942,38.54430247612414],[-0.1058627796854914,38.544121881956684],[-0.10612687686990174,38.54371839444625],[-0.10635002212725864,38.54317469605132],[-0.10664965954029615,38.542657216444276],[-0.10704003960992114,38.54207377832568],[-0.10752298925494097,38.5416219154202],[-0.10780831705103644,38.54145806287332],[-0.10842158218597708,38.54122916168068],[-0.10887907795909557,38.54063638524647],[-0.10912640816486263,38.54026410014986],[-0.10929008027908926,38.539657839649635],[-0.1094409648810859,38.53911297782922]]]},"properties":{"id":8070,"area_municipal_m2":1132049.39,"codigo":null,"zona":null,"d_pelig":"Peligrosidad Geomorfológica: Vaguadas y barrancos de fondo plano","n_pelig":7,"corriente":null,"tipo":null,"desde":null,"hasta":null,"calado":null,"retorno":0,"ambito":"Comunitat Valenciana","hectares":113.37456516}},{"type":"Feature","id":24,"geometry":{"type":"Polygon","coordinates":[[[-0.1699821359248389,38.54286532543081],[-0.16992863900000002,38.542687403],[-0.16981448235279342,38.54173182741795],[-0.16950519868308955,38.543004622655346],[-0.16908129616926404,38.54397875257235],[-0.16890711397742342,38.54473175942983],[-0.16910422373901124,38.54462294562523],[-0.1699821359248389,38.54286532543081]]]},"properties":{"id":8071,"area_municipal_m2":8094.37,"codigo":null,"zona":null,"d_pelig":"Peligrosidad Geomorfológica: Vaguadas y barrancos de fondo plano","n_pelig":7,"corriente":null,"tipo":null,"desde":null,"hasta":null,"calado":null,"retorno":0,"ambito":"Comunitat Valenciana","hectares":54.75114129}},{"type":"Feature","id":25,"geometry":{"type":"Polygon","coordinates":[[[-0.16574331437789702,38.528696878473845],[-0.1653593776574791,38.5284131881735],[-0.1653097621799149,38.52822800837887],[-0.16530364954660737,38.5280930091796],[-0.1643641027635745,38.52907591959119],[-0.16439739068095482,38.52945533552149],[-0.16473149490663452,38.529539160781134],[-0.1654835111278108,38.52880016285724],[-0.16574331437789702,38.528696878473845]]]},"properties":{"id":8072,"area_municipal_m2":8099.06,"codigo":null,"zona":null,"d_pelig":"Peligrosidad Geomorfológica: Vaguadas y barrancos de fondo plano","n_pelig":7,"corriente":null,"tipo":null,"desde":null,"hasta":null,"calado":null,"retorno":0,"ambito":"Comunitat Valenciana","hectares":0.81105901}},{"type":"Feature","id":26,"geometry":{"type":"Polygon","coordinates":[[[-0.16743385314774853,38.53360460506681],[-0.16721307200000002,38.532963294000005],[-0.167160722,38.532835891000005],[-0.16620728601656737,38.53002345536398],[-0.16623453270811828,38.53054103921371],[-0.16670544888882421,38.53327845488942],[-0.16603249627471506,38.535685266649494],[-0.16502534524826107,38.53800824963524],[-0.16393519611178275,38.539988454545274],[-0.16278937719044784,38.542156614185],[-0.16194883881748368,38.54391568933971],[-0.16174130131068765,38.54428926254276],[-0.16197467826575718,38.54448422901875],[-0.16212511925259498,38.54433643943904],[-0.16238974539884632,38.54373707937318],[-0.16285892250926892,38.542839799337656],[-0.16325612165260495,38.54254654495949],[-0.16352072866656897,38.54194718420591],[-0.16495607558577818,38.53977089658279],[-0.16641896809285184,38.53689103771307],[-0.16705331012915448,38.53546768408861],[-0.16741205072361254,38.533696896011406],[-0.16743385314774853,38.53360460506681]]]},"properties":{"id":8073,"area_municipal_m2":92346.49,"codigo":null,"zona":null,"d_pelig":"Peligrosidad Geomorfológica: Vaguadas y barrancos de fondo plano","n_pelig":7,"corriente":null,"tipo":null,"desde":null,"hasta":null,"calado":null,"retorno":0,"ambito":"Comunitat Valenciana","hectares":12.79629993}},{"type":"Feature","id":27,"geometry":{"type":"Polygon","coordinates":[[[-0.09288776251806485,38.56347148626273],[-0.09203943875260157,38.56307361128628],[-0.09195362665342888,38.56317679252717],[-0.09092372412883742,38.56390264650065],[-0.09067978401955612,38.56403286536916],[-0.08945641708152463,38.56468590664249],[-0.08869885840442462,38.56525391918529],[-0.08988918600000001,38.566300926000004],[-0.090265516,38.566643644],[-0.09099510431960547,38.56722639005747],[-0.09101213452134305,38.566804433393735],[-0.0914415406530984,38.56575186971049],[-0.09200823471478259,38.56489258484235],[-0.0925672647831326,38.564222974623235],[-0.0928785830117902,38.56369909384754],[-0.09288776251806485,38.56347148626273]]]},"properties":{"id":8082,"area_municipal_m2":70205.97,"codigo":null,"zona":null,"d_pelig":"Peligrosidad Geomorfológica: Vaguadas y barrancos de fondo plano","n_pelig":7,"corriente":null,"tipo":null,"desde":null,"hasta":null,"calado":null,"retorno":0,"ambito":"Comunitat Valenciana","hectares":40.67342145}},{"type":"Feature","id":28,"geometry":{"type":"Polygon","coordinates":[[[-0.11391912166647966,38.54026498307569],[-0.11391148848620247,38.540023828759054],[-0.11370680948615108,38.54005075912991],[-0.11391578240876976,38.540261597815764],[-0.11391912166647966,38.54026498307569]]]},"properties":{"id":8087,"area_municipal_m2":239.66,"codigo":null,"zona":null,"d_pelig":"Peligrosidad Geomorfológica: Vaguadas y barrancos de fondo plano","n_pelig":7,"corriente":null,"tipo":null,"desde":null,"hasta":null,"calado":null,"retorno":0,"ambito":"Comunitat Valenciana","hectares":0.02400111}},{"type":"Feature","id":29,"geometry":{"type":"Polygon","coordinates":[[[-0.11580462162848137,38.54370060306783],[-0.11578389568569847,38.543681054117314],[-0.11564461124102055,38.54335156295467],[-0.11551639796092816,38.54284278279608],[-0.11528220605411432,38.54251428272071],[-0.11514292589319641,38.5421847901797],[-0.1149831958030707,38.54201957760859],[-0.1144803132469785,38.541410825719296],[-0.1141805254869257,38.541013222638774],[-0.1139265551185562,38.540795139742485],[-0.11343811802297354,38.540284493741844],[-0.11330685864356038,38.54010745826244],[-0.11330535054969193,38.54010357760143],[-0.11324758128833645,38.540111177795396],[-0.11286621550445419,38.54026748252363],[-0.11310359162743877,38.5404660238164],[-0.11353396338180666,38.5409628882981],[-0.11402175025754069,38.54143169133922],[-0.11438128263103131,38.54182366726519],[-0.11468695379514049,38.54215537270964],[-0.11485553743598187,38.54263103585534],[-0.11513010223093678,38.543271397569214],[-0.11575087863871802,38.543699277121],[-0.11580462162848137,38.54370060306783]]]},"properties":{"id":8088,"area_municipal_m2":16159.51,"codigo":null,"zona":null,"d_pelig":"Peligrosidad Geomorfológica: Vaguadas y barrancos de fondo plano","n_pelig":7,"corriente":null,"tipo":null,"desde":null,"hasta":null,"calado":null,"retorno":0,"ambito":"Comunitat Valenciana","hectares":1.6183482}},{"type":"Feature","id":30,"geometry":{"type":"Polygon","coordinates":[[[-0.1406097940748019,38.57213942897183],[-0.14059989500782955,38.57202621323718],[-0.14033031577003863,38.57192924162081],[-0.14011466228306135,38.5719239667999],[-0.14001850299896823,38.571808640834796],[-0.13959969319207488,38.57112055304399],[-0.13951925544382515,38.57097172014223],[-0.13918586179574222,38.570669830909644],[-0.1388749512206804,38.5705266551995],[-0.13870467357471927,38.57046600188549],[-0.13859145324845956,38.570418041259124],[-0.13853439397054812,38.5704053473777],[-0.13845915999624525,38.57036119901407],[-0.13839376492626387,38.570322824061584],[-0.13841172634059795,38.57023288473773],[-0.1384424800364905,38.57019680544076],[-0.13848719365601392,38.5701443523555],[-0.13850918591742456,38.56995283583621],[-0.13844805581768904,38.5696802020757],[-0.1383429015889912,38.569429086073846],[-0.13814521621814224,38.569333869459136],[-0.13772109807054456,38.56914272903095],[-0.13768289813680568,38.569017523476745],[-0.13757864374114614,38.568743833916386],[-0.1373467969593407,38.56842183162906],[-0.13707813219738574,38.56830228016859],[-0.13686428318128074,38.568251853825856],[-0.13641503856315218,38.56833123268621],[-0.1361859165845165,38.56830302698992],[-0.13583324004245023,38.56812492788207],[-0.13562351819629193,38.56797066500688],[-0.13560575571452915,38.56785861045849],[-0.1356861616320031,38.56763112483214],[-0.13580970903305323,38.56736353571903],[-0.13596981777421302,38.56722281792754],[-0.13606517070402946,38.56706651715522],[-0.13596960896976418,38.56692886895238],[-0.135769585025586,38.56672800705758],[-0.13561538337163803,38.56642095489241],[-0.1354901364469332,38.56628257932386],[-0.13525802446805013,38.566141585353535],[-0.1350162102531609,38.565869129052516],[-0.1350064132381359,38.565743494894775],[-0.13492254455749686,38.56561079830149],[-0.13482067902332018,38.56548232681239],[-0.13467632889219994,38.56537614276594],[-0.13449190147636125,38.56523164944634],[-0.13434625542816114,38.56515809448099],[-0.1342052477597111,38.565117312410116],[-0.13420251261678073,38.565117558024305],[-0.13419355965793267,38.565112360014375],[-0.13392101282376867,38.565091682887996],[-0.13319725521523962,38.56505994403136],[-0.13293547023654018,38.565067522685624],[-0.13278148034954462,38.56505441588243],[-0.13271593926908354,38.565044635793065],[-0.1325647772713081,38.56497444990877],[-0.13228315063071605,38.56484724065801],[-0.13214232998647502,38.56468479019862],[-0.13184224254230736,38.564632241206276],[-0.13156776534920978,38.56465940033848],[-0.13139705675501867,38.56461002303191],[-0.13132577884153251,38.564542960568836],[-0.13130597346044137,38.56415505763817],[-0.1313183191717484,38.56384473384265],[-0.1312798909058519,38.56377936445888],[-0.13126586585581812,38.5635674460446],[-0.13119892953399814,38.563441532772764],[-0.13110324336411683,38.563314914297045],[-0.13101705429669153,38.56328072193773],[-0.1310330939289739,38.562877611692585],[-0.13075573528275752,38.56171302521271],[-0.13070078272180785,38.56163038091678],[-0.13058257920133443,38.56121212370183],[-0.13030092305145446,38.56069683056691],[-0.12994200776760678,38.5603152087512],[-0.12961723709922213,38.56016037108229],[-0.1291401848649114,38.5602164444108],[-0.12893310057417873,38.56035822619298],[-0.12865369679732774,38.56050952750112],[-0.12828041211798968,38.56048906102016],[-0.12800774808103066,38.560471065807775],[-0.12773733312650526,38.56039663838588],[-0.1275962865576492,38.56032538824879],[-0.12759187464659272,38.56031812817081],[-0.12738023412700716,38.559969860985795],[-0.12717224232757385,38.55960502720061],[-0.12715160745710197,38.559568834700165],[-0.12685021484861414,38.559188614624965],[-0.12645808367501532,38.55891913648414],[-0.126370695622954,38.558893853243234],[-0.12601125021797843,38.5584761479676],[-0.12604646470673586,38.557592456031834],[-0.12618812091509124,38.55709389604485],[-0.12623757001631164,38.55661697629037],[-0.12607410485246895,38.55613482457805],[-0.12575285335549635,38.5557922231147],[-0.12523863719898198,38.55570786382176],[-0.12498393145280406,38.55522346464102],[-0.12457620013005144,38.55475920011898],[-0.12407151070510691,38.55443599773683],[-0.12376076827633442,38.553830685718204],[-0.1235098932102483,38.553250744582925],[-0.12323051915352767,38.55262229407984],[-0.12322459443281719,38.55262214837218],[-0.12307215035851327,38.55205732768783],[-0.12286311753807633,38.55118285426573],[-0.12267865429889069,38.55063313194086],[-0.12223417472539211,38.54954656999103],[-0.12203214774248661,38.54896694992202],[-0.12180470033631341,38.54865084979662],[-0.12172994866769438,38.548546944688994],[-0.121399009110573,38.54837671970191],[-0.12091812538334601,38.54820279984799],[-0.12057779163943083,38.54826808463391],[-0.12039328769358626,38.54818987410931],[-0.12022929104134716,38.548067956770986],[-0.12000788492869985,38.54797409765873],[-0.11971092291874141,38.54789310470684],[-0.11917035427542322,38.5473346029986],[-0.11907553294909023,38.54689023607052],[-0.11899004088043208,38.54668184296547],[-0.11875666986034084,38.5464688688066],[-0.11876348903188427,38.546624335157084],[-0.11863954250453324,38.5467058804726],[-0.11846928429065429,38.5466601502138],[-0.11846598336479319,38.54665768859557],[-0.11853548289829385,38.54678851914814],[-0.1187199004094448,38.54733824657682],[-0.11902738697673598,38.54762577528423],[-0.11931729386130074,38.547883406558945],[-0.1194788891013503,38.5480477466679],[-0.11946384613726657,38.54842431798761],[-0.11956628336608155,38.548661175444884],[-0.11962338229755876,38.548698365312404],[-0.11989346814424318,38.54887427578733],[-0.12029985753057515,38.54897216206616],[-0.12097176112007269,38.54895941809309],[-0.1212698633786311,38.548966759043985],[-0.12156213115525993,38.54912041217948],[-0.12176807815936908,38.54938554860779],[-0.12190258984382529,38.549862565609814],[-0.1221905292196519,38.55077989584596],[-0.12230745134807819,38.55115238577293],[-0.1223686951571783,38.551347500070406],[-0.12285574333028393,38.552613071156934],[-0.12283513003418589,38.55261256414322],[-0.12316580404720856,38.553481348555785],[-0.12348048630235642,38.553947062324994],[-0.12344016632255839,38.55429760308899],[-0.12353225133157197,38.55463084740967],[-0.12387216930920397,38.55491502505851],[-0.12427966114807676,38.55508774168358],[-0.1245523964074362,38.555356292901756],[-0.12460085404637011,38.555668270079686],[-0.12507608340845122,38.55596684132971],[-0.12558173405077566,38.55626615645496],[-0.12574995281983536,38.55662889759279],[-0.12571425937584424,38.55703861185711],[-0.1255333724656844,38.557572351436086],[-0.12551942809876637,38.55792222744788],[-0.12551088076382522,38.5581366666834],[-0.12559305367350504,38.558601880081845],[-0.12576866956510502,38.55888863221657],[-0.12588904046836946,38.55911753985724],[-0.1260134592349913,38.559244869349435],[-0.12612264043415067,38.55930468291729],[-0.1263373167944608,38.55942229116418],[-0.12636184324772826,38.55944601747916],[-0.12672431723382882,38.559796689834975],[-0.12678065261058924,38.55985119092581],[-0.1267962937413114,38.559889570855944],[-0.1268624921002055,38.560051996502125],[-0.1268937423069425,38.5602629347772],[-0.12710979303292058,38.56061846376501],[-0.12714201348767684,38.560649917137184],[-0.1273590910774991,38.5608618344145],[-0.12759626358693188,38.56104841998001],[-0.12811059923374835,38.56114013759807],[-0.1285746277741855,38.56104985966297],[-0.12892545767948116,38.560911609735626],[-0.12918644697928405,38.5608615306682],[-0.12947393740190094,38.5608685882049],[-0.12978388872837732,38.56103436055841],[-0.1301598745660022,38.56134861697181],[-0.13023803829707692,38.56155388801576],[-0.13024922801166072,38.56167297525059],[-0.1303223185277691,38.56175886940843],[-0.13038407694660625,38.562014528883125],[-0.13038095206015798,38.56209304923618],[-0.13049319686885985,38.56237356024153],[-0.13054081382918303,38.56262327149571],[-0.1304114424277114,38.562981612521156],[-0.13044154185354362,38.56330997574421],[-0.1306194347733256,38.56354028809088],[-0.13081439919070847,38.563703236032396],[-0.13092266342436032,38.5638753530834],[-0.13086006604106704,38.56401557834045],[-0.13087927342837302,38.5640316314126],[-0.13086468058221756,38.5643983751015],[-0.13081640095856173,38.56470781822702],[-0.1307876850966645,38.564879079763294],[-0.13086324711739694,38.56502464822874],[-0.13108814198125618,38.56510982754456],[-0.13166530614384575,38.56506750875673],[-0.13198870228425053,38.565075440857015],[-0.1322671839156606,38.5653081829867],[-0.13225933016230185,38.565505662302094],[-0.13226702948216174,38.56551470830844],[-0.1325529546194768,38.56557605639755],[-0.13297164007845996,38.5655411329452],[-0.13333417067366282,38.56547093887499],[-0.13372230838696364,38.565480453839996],[-0.13410237194027452,38.56569312210787],[-0.13434047629204082,38.565857121339484],[-0.13446268083012036,38.56604087377518],[-0.13445595191327842,38.566210170328596],[-0.1345323370034044,38.56646058396634],[-0.13479246806544953,38.566794582447365],[-0.13505888068343275,38.566970570731776],[-0.13517884400165459,38.56721075528305],[-0.13518694265530584,38.567369116247505],[-0.13513062058714986,38.567470380084316],[-0.13509395844518357,38.56753629919278],[-0.13503062505714425,38.56768161344245],[-0.13497448900443976,38.56800786234659],[-0.1350230223773936,38.56823499849902],[-0.13509761267261267,38.568301011017816],[-0.1352593440990577,38.5684441421073],[-0.1354538813528392,38.56861836817236],[-0.13553072043613001,38.56885749527775],[-0.13552264793777846,38.56906065087319],[-0.13550109665714372,38.56924088053928],[-0.13530478704931337,38.569473315893624],[-0.13506669215557432,38.56967083545655],[-0.13501683523814423,38.5698390746447],[-0.13487082850710808,38.569891983953354],[-0.13476879332735248,38.56988948437411],[-0.13462780466692337,38.57016663731897],[-0.1345991863833671,38.57025467248049],[-0.1347026149185031,38.570503569989704],[-0.13469319376876898,38.57074058341152],[-0.1347862037886718,38.57093491729712],[-0.1347772313414093,38.57116064560859],[-0.13483068825005404,38.57148119047193],[-0.13561440937542107,38.57217377656934],[-0.13570548689025896,38.572064583437495],[-0.13558551356523996,38.57182439919383],[-0.13536445585451995,38.57159303692745],[-0.13540128288931896,38.57139058659544],[-0.1354394541236026,38.57115427635911],[-0.13543494546751633,38.57090562378267],[-0.13521433946145267,38.57066297441146],[-0.13500010559256248,38.5704273342477],[-0.13499373377003732,38.5704203246443],[-0.1350296639608186,38.570240445539675],[-0.13517567130992925,38.57018753605811],[-0.13543624147617983,38.570148731123986],[-0.13558583619372833,38.5700055302517],[-0.13563910138494606,38.56996231973473],[-0.13564408116676452,38.56993738719015],[-0.13564710985876438,38.56986116536803],[-0.13570824715219842,38.56982212169294],[-0.1359894704927096,38.56962565780933],[-0.13604111859125334,38.56941227220305],[-0.13603619830433766,38.56939590760232],[-0.13595214255107857,38.5691163604852],[-0.13593280664460972,38.56887864176501],[-0.13603882125221967,38.568745670970046],[-0.13608564227723097,38.56873228062569],[-0.13638275872086147,38.56914385391908],[-0.1367929775305936,38.569684876032895],[-0.1369722505980291,38.56988132088002],[-0.1370041411811238,38.56980302066739],[-0.13679970176357426,38.56951558013383],[-0.13627989765702164,38.56867672926894],[-0.13632993153663975,38.56866242194092],[-0.1367468409655963,38.568672630634566],[-0.13699933673388376,38.56883697691059],[-0.13727700176265767,38.56909231657138],[-0.13751153803551874,38.56934660096345],[-0.13782064823142504,38.56953492599934],[-0.1380709090706267,38.56975570217339],[-0.13806284346601894,38.56995885818922],[-0.13792583704335382,38.57014755928866],[-0.1378746419593977,38.57034965895666],[-0.13793890597656588,38.57054328790143],[-0.1381217690030896,38.57064944011458],[-0.13816986553097488,38.57088786226572],[-0.1381558222747481,38.57095700078445],[-0.13815739040543829,38.570959041065],[-0.13839807081501965,38.571113993921315],[-0.13844593438828756,38.57082118598657],[-0.13859149265721893,38.57077955913927],[-0.13880087065616387,38.57094284494426],[-0.13890782027430904,38.571148815519514],[-0.13911899180946907,38.571266955706086],[-0.13935802049724266,38.57140837359298],[-0.13942273727996657,38.57159071402592],[-0.13950004124673576,38.571818553917836],[-0.13950232434802956,38.5721236380221],[-0.1395263467658565,38.57232537790143],[-0.139681461416151,38.5724365160601],[-0.13974487043430317,38.57243806767998],[-0.13978851868738085,38.57216453101806],[-0.14000276603985906,38.57216977206671],[-0.1400473029940792,38.57217086113278],[-0.14029170989221385,38.5721768391359],[-0.14050736416849618,38.572182113659586],[-0.1406097940748019,38.57213942897183]]]},"properties":{"id":8089,"area_municipal_m2":208287.83,"codigo":null,"zona":null,"d_pelig":"Peligrosidad Geomorfológica: Vaguadas y barrancos de fondo plano","n_pelig":7,"corriente":null,"tipo":null,"desde":null,"hasta":null,"calado":null,"retorno":0,"ambito":"Comunitat Valenciana","hectares":22.24887215}},{"type":"Feature","id":31,"geometry":{"type":"Polygon","coordinates":[[[-0.1149145382720039,38.534474697712085],[-0.114814411,38.534457379],[-0.11474229556924703,38.53445181160769],[-0.11464298926635319,38.53444414635733],[-0.11464296758112136,38.53444414337535],[-0.11464288500000001,38.534444137],[-0.11448322409015246,38.534422183337476],[-0.11434577498714527,38.53441879134067],[-0.11434570305025299,38.534418784840184],[-0.11434566900000001,38.534418784],[-0.11420852000000001,38.534406389000004],[-0.11404881300000001,38.534384429],[-0.11387764700000001,38.534362185],[-0.113752317,38.534341072000004],[-0.11362662700000001,38.53432896],[-0.11346692100000001,38.534306999],[-0.11330757400000001,38.534276036],[-0.11317078600000001,38.53425464],[-0.113034358,38.534224243000004],[-0.11287501200000001,38.534193281],[-0.112704207,38.534162034000005],[-0.11258997700000001,38.534150204],[-0.112476107,38.534129373],[-0.112304943,38.534107127000006],[-0.11214525257292784,38.534085166141615],[-0.1119623681462274,38.534071644267165],[-0.11196235469436056,38.53407164251882],[-0.11196225300000001,38.534071635000004],[-0.11179111553519208,38.5340493914489],[-0.11160822207860255,38.53403586919053],[-0.11160819470468825,38.534035865632355],[-0.11160810500000001,38.534035859],[-0.11143694100000001,38.534013612],[-0.111288695,38.533991931],[-0.11115226800000001,38.533961531],[-0.110992564,38.533939567000004],[-0.11083321900000001,38.533908601],[-0.110686055,38.533859917],[-0.110538891,38.533811233],[-0.11040282500000001,38.533771832],[-0.11027821900000001,38.533732715],[-0.11010813800000001,38.533683464],[-0.10994951500000001,38.533634496000005],[-0.10977943400000001,38.533585244],[-0.109632272,38.533536559000005],[-0.109519846,38.533479722],[-0.10941924,38.533414169000004],[-0.109307176,38.533348331],[-0.10919511200000001,38.533282494000005],[-0.10907231,38.533198372],[-0.108949509,38.533114250000004],[-0.108837084,38.533057413],[-0.10871320200000001,38.533000293],[-0.10858859800000001,38.532961174],[-0.10847509200000001,38.532931338000004],[-0.10833939000000001,38.532882935],[-0.108203688,38.532834531],[-0.10807944600000001,38.532786411000004],[-0.10796702300000001,38.532729573000005],[-0.10786569800000001,38.532682019],[-0.10777655300000001,38.532616748],[-0.10771068700000001,38.532543042],[-0.10765664100000001,38.532460619000005],[-0.10763805300000001,38.532352045],[-0.10763164600000001,38.532225753000006],[-0.10761269700000001,38.532126179],[-0.10759338800000001,38.532035606],[-0.10757480000000001,38.531927031],[-0.10755585200000001,38.531827457000006],[-0.10754836200000001,38.531728167000004],[-0.107541233,38.531619876],[-0.107534104,38.531511585000004],[-0.107538434,38.531403578],[-0.10756568100000001,38.531296137000005],[-0.10760438600000001,38.53118898],[-0.10762606569431364,38.53115147942721],[-0.10746862692007975,38.53118957203967],[-0.10714946581658369,38.53125539180676],[-0.1069035839058623,38.53137174792982],[-0.10669133045986179,38.5315479491188],[-0.10666126278031518,38.53188001594061],[-0.10656458208881991,38.532045652701214],[-0.10653466070196993,38.53206312896503],[-0.10651336414820722,38.53215304037044],[-0.10665560922454675,38.53244937021507],[-0.10777172002530166,38.53320225019898],[-0.10923100024874621,38.53354854076053],[-0.10991207118140656,38.53371015277296],[-0.11190975353739363,38.53421899753552],[-0.11349619554135737,38.53443842867663],[-0.11464535809778376,38.53459736172798],[-0.11488270663082956,38.53462949865805],[-0.1149145382720039,38.534474697712085]]]},"properties":{"id":8090,"area_municipal_m2":27270.21,"codigo":null,"zona":null,"d_pelig":"Peligrosidad Geomorfológica: Derrames","n_pelig":7,"corriente":null,"tipo":null,"desde":null,"hasta":null,"calado":null,"retorno":0,"ambito":"Comunitat Valenciana","hectares":2.73143596}},{"type":"Feature","id":32,"geometry":{"type":"Polygon","coordinates":[[[-0.11391148848620247,38.540023828759054],[-0.11389695795404275,38.5395649404079],[-0.11347195977191316,38.53986593346502],[-0.11369261314695578,38.54003643605661],[-0.11370680948615108,38.54005075912991],[-0.11391148848620247,38.540023828759054]]]},"properties":{"id":8091,"area_municipal_m2":1174.14,"codigo":null,"zona":null,"d_pelig":"Peligrosidad Geomorfológica: Derrames","n_pelig":7,"corriente":null,"tipo":null,"desde":null,"hasta":null,"calado":null,"retorno":0,"ambito":"Comunitat Valenciana","hectares":0.11758823}},{"type":"Feature","id":33,"geometry":{"type":"Polygon","coordinates":[[[-0.11330535054969193,38.54010357760143],[-0.11326109635243187,38.53998974535686],[-0.11306630676756768,38.53997844902081],[-0.11271141297350651,38.54013800755556],[-0.11286621550445419,38.54026748252363],[-0.11324758128833645,38.540111177795396],[-0.11330535054969193,38.54010357760143]]]},"properties":{"id":8092,"area_municipal_m2":871.95,"codigo":null,"zona":null,"d_pelig":"Peligrosidad Geomorfológica: Derrames","n_pelig":7,"corriente":null,"tipo":null,"desde":null,"hasta":null,"calado":null,"retorno":0,"ambito":"Comunitat Valenciana","hectares":0.08732409}}]}