{"type":"FeatureCollection","features":[{"type":"Feature","id":1,"geometry":{"type":"LineString","coordinates":[[-0.156108,38.557465],[-0.156148,38.557412],[-0.156208,38.557405],[-0.156277,38.557347],[-0.156514,38.557341],[-0.15657,38.557326],[-0.156894,38.557098],[-0.157012,38.557048],[-0.157222,38.556987],[-0.157282,38.556948],[-0.157281,38.556879],[-0.157446,38.556511],[-0.157485,38.556387],[-0.157483,38.556325],[-0.1574,38.556115],[-0.157353,38.556003]]},"properties":{"id_origen":"HY-P_WATERCOURSE_ES080HYWCSL0000003214195","local_id":"ES080HYWCSL0980310000590","nombre":null,"long_municipal_m":232.2}},{"type":"Feature","id":2,"geometry":{"type":"LineString","coordinates":[[-0.170208,38.543887],[-0.170196,38.543852],[-0.17018,38.543758],[-0.169983,38.542861],[-0.169957,38.542793],[-0.169924,38.542645],[-0.169843,38.542009]]},"properties":{"id_origen":"HY-P_WATERCOURSE_ES080HYWCSL0000003212245","local_id":"ES080HYWCSL0980310000586","nombre":null,"long_municipal_m":211.44}},{"type":"Feature","id":3,"geometry":{"type":"LineString","coordinates":[[-0.158555,38.550904],[-0.15837,38.550751],[-0.158363,38.55074],[-0.158359,38.550735],[-0.158243,38.550686],[-0.157951,38.550586],[-0.157446,38.550706]]},"properties":{"id_origen":"HY-P_WATERCOURSE_ES080HYWCSL0000003222226","local_id":"ES080HYWCSL0980310000470","nombre":null,"long_municipal_m":110.52}},{"type":"Feature","id":4,"geometry":{"type":"LineString","coordinates":[[-0.168605,38.553557],[-0.168594,38.553541],[-0.16858,38.553519],[-0.168571,38.553506],[-0.16856,38.553488],[-0.168549,38.553471],[-0.168534,38.553445],[-0.168516,38.553414],[-0.168504,38.553391],[-0.168498,38.553378],[-0.168492,38.553365],[-0.168485,38.553349],[-0.168421,38.553175],[-0.168398,38.55311],[-0.168363,38.553008],[-0.168357,38.552991],[-0.16835,38.55297],[-0.168345,38.552956],[-0.168337,38.552936],[-0.168327,38.552916],[-0.168318,38.5529],[-0.168308,38.552884],[-0.168299,38.552871],[-0.168286,38.552855],[-0.168269,38.552836],[-0.168256,38.552828],[-0.168243,38.552819],[-0.168225,38.552809],[-0.168206,38.5528],[-0.168187,38.552791],[-0.168162,38.55278],[-0.168131,38.55277],[-0.168077,38.552753],[-0.168042,38.552744],[-0.16801,38.552737],[-0.167981,38.552731],[-0.167952,38.552725],[-0.167933,38.55272],[-0.167908,38.552713],[-0.167884,38.552702],[-0.167865,38.552688],[-0.167833,38.552664],[-0.167807,38.552643],[-0.167772,38.552615],[-0.167726,38.552576],[-0.167688,38.552545],[-0.167663,38.552523],[-0.167644,38.552506],[-0.167577,38.552448],[-0.167563,38.552437],[-0.167551,38.552427],[-0.167531,38.552415],[-0.167508,38.552408],[-0.16749,38.552404],[-0.16747,38.552403],[-0.16745,38.552403],[-0.167429,38.552404],[-0.167394,38.552406],[-0.16733,38.55241],[-0.167312,38.552409],[-0.16729,38.552407],[-0.167271,38.552404],[-0.167225,38.552389],[-0.16719,38.552376],[-0.167156,38.552363],[-0.167128,38.552351],[-0.167099,38.552339],[-0.167071,38.552325],[-0.167057,38.552318],[-0.167039,38.552305],[-0.167023,38.552291],[-0.167012,38.55228],[-0.166996,38.552262],[-0.166972,38.552239],[-0.166951,38.552223],[-0.166934,38.552214],[-0.166904,38.552205],[-0.166869,38.552196],[-0.166814,38.552183],[-0.166774,38.552173],[-0.166728,38.552161],[-0.166699,38.552154],[-0.166658,38.552145],[-0.166612,38.552133],[-0.166584,38.552124],[-0.166561,38.552116],[-0.166539,38.552108],[-0.166513,38.552095],[-0.1665,38.552075],[-0.166496,38.552054],[-0.166493,38.552033],[-0.166488,38.552018],[-0.166477,38.552001],[-0.166463,38.551981],[-0.166447,38.551957],[-0.166384,38.551866],[-0.166373,38.55185],[-0.166358,38.551825],[-0.166346,38.551804],[-0.166318,38.551756],[-0.166309,38.551742],[-0.166295,38.551724],[-0.166282,38.551713],[-0.166267,38.551699],[-0.166248,38.551684],[-0.166226,38.551666],[-0.166199,38.551646],[-0.166172,38.551626],[-0.166155,38.551613],[-0.166128,38.551593],[-0.166096,38.551571],[-0.166028,38.551522],[-0.166007,38.551507],[-0.165988,38.551494],[-0.165972,38.551485],[-0.165954,38.551475],[-0.165936,38.551465],[-0.165887,38.551437],[-0.165872,38.551427],[-0.165859,38.551417],[-0.165848,38.551407],[-0.165831,38.55139],[-0.16582,38.551371],[-0.165814,38.551356],[-0.165808,38.55134],[-0.165804,38.551324],[-0.165799,38.551303],[-0.165793,38.551276],[-0.165781,38.551222],[-0.165776,38.551206],[-0.165768,38.551185],[-0.165751,38.551155],[-0.165718,38.551099],[-0.1657,38.551071],[-0.165687,38.551051],[-0.165674,38.551031],[-0.165655,38.551002],[-0.165626,38.55096],[-0.165613,38.550942],[-0.165599,38.550926],[-0.165586,38.550914],[-0.165572,38.550903],[-0.165555,38.55089],[-0.165527,38.550872],[-0.165504,38.550858],[-0.165476,38.550844],[-0.165409,38.55081],[-0.16529,38.550752],[-0.16524,38.550729],[-0.165218,38.550719],[-0.165198,38.550713],[-0.165177,38.550707],[-0.165151,38.5507],[-0.165075,38.55068],[-0.16505,38.550671],[-0.16503,38.550658],[-0.165014,38.550644],[-0.165002,38.550632],[-0.164953,38.550585],[-0.164932,38.550572],[-0.164888,38.550556],[-0.164864,38.550549],[-0.164826,38.550536],[-0.164725,38.550503],[-0.164666,38.550484],[-0.164619,38.550469],[-0.164497,38.55043],[-0.164478,38.550428],[-0.164453,38.550428]]},"properties":{"id_origen":"HY-P_WATERCOURSE_ES080HYWCSL0000003175884","local_id":"ES080HYWCSL0000200195342","nombre":null,"long_municipal_m":538.4}},{"type":"Feature","id":5,"geometry":{"type":"LineString","coordinates":[[-0.168688,38.547679],[-0.168693,38.547535],[-0.168695,38.547507],[-0.168698,38.547473],[-0.168702,38.547448],[-0.168711,38.547427],[-0.16872,38.547409],[-0.168726,38.547397],[-0.168739,38.547379],[-0.168761,38.547363],[-0.168779,38.547353],[-0.16883,38.547327],[-0.168859,38.547319],[-0.169059,38.547258],[-0.169145,38.547232],[-0.169179,38.54722],[-0.169266,38.547192],[-0.169291,38.547185],[-0.169318,38.547176],[-0.169343,38.547167],[-0.169371,38.547158],[-0.169392,38.547151],[-0.16941,38.547143],[-0.169436,38.547133],[-0.169458,38.547125],[-0.169485,38.547114],[-0.169529,38.547096],[-0.169559,38.547082],[-0.169594,38.547063],[-0.169657,38.547029],[-0.169672,38.54702],[-0.169735,38.54698],[-0.169762,38.546961],[-0.169785,38.546945],[-0.169811,38.546924],[-0.169965,38.5468],[-0.16999,38.54678],[-0.170006,38.546767],[-0.170081,38.546708],[-0.170095,38.546695],[-0.170134,38.54666],[-0.170152,38.546635],[-0.170179,38.54659],[-0.170189,38.546571],[-0.170196,38.546514],[-0.170195,38.546491],[-0.170193,38.546469],[-0.170184,38.546446],[-0.170174,38.546427],[-0.170162,38.546391],[-0.170163,38.546348],[-0.170165,38.546277],[-0.170167,38.546248],[-0.17017,38.546236],[-0.170174,38.546221],[-0.17018,38.546202],[-0.170188,38.546178],[-0.170209,38.546118],[-0.170213,38.546104],[-0.170216,38.546087],[-0.170224,38.546052],[-0.170229,38.546032],[-0.170238,38.545993],[-0.170239,38.545979],[-0.17024,38.545964],[-0.170241,38.545903],[-0.170242,38.545857],[-0.170243,38.54582],[-0.170244,38.545804],[-0.170245,38.545777],[-0.170249,38.545745],[-0.170255,38.545722],[-0.170265,38.545691],[-0.170276,38.545656],[-0.170288,38.545619],[-0.170293,38.545597],[-0.170314,38.545518],[-0.170316,38.545503],[-0.170319,38.545478],[-0.170327,38.545422],[-0.17033,38.545405],[-0.170336,38.545365],[-0.170339,38.545343],[-0.170345,38.545303],[-0.170347,38.545283],[-0.170368,38.545205],[-0.170374,38.545184],[-0.170391,38.545124],[-0.170405,38.545055],[-0.170421,38.544965],[-0.17042,38.54491],[-0.170424,38.544876],[-0.170438,38.544824],[-0.170447,38.544762],[-0.17046,38.544702]]},"properties":{"id_origen":"HY-P_WATERCOURSE_ES080HYWCSL0000003176799","local_id":"ES080HYWCSL0980310000586","nombre":null,"long_municipal_m":403.47}},{"type":"Feature","id":6,"geometry":{"type":"LineString","coordinates":[[-0.173181,38.554808],[-0.173116,38.554806],[-0.173086,38.554805],[-0.173069,38.554804],[-0.173051,38.554803],[-0.173028,38.554801],[-0.172997,38.554796],[-0.172966,38.554791],[-0.172733,38.554746],[-0.172691,38.554738],[-0.172533,38.554707],[-0.172509,38.554702],[-0.17247,38.554693],[-0.172449,38.554687],[-0.172424,38.554679],[-0.172404,38.554672],[-0.17238,38.55466],[-0.172361,38.554651],[-0.172343,38.55464],[-0.172324,38.554629],[-0.172302,38.554614],[-0.172278,38.554594],[-0.17226,38.554577],[-0.172244,38.554561],[-0.172228,38.554544],[-0.172215,38.554526],[-0.172199,38.554503],[-0.172182,38.554476],[-0.172159,38.55444],[-0.172141,38.554411],[-0.172135,38.554392],[-0.172133,38.554377],[-0.172132,38.554362],[-0.172128,38.554331],[-0.172121,38.554314],[-0.17211,38.554296],[-0.172093,38.554285],[-0.172077,38.554277],[-0.172062,38.55427],[-0.172048,38.554265],[-0.172024,38.554258],[-0.171999,38.554251],[-0.171983,38.554247],[-0.171966,38.554243],[-0.171937,38.554237],[-0.171916,38.554229],[-0.171892,38.554215],[-0.171874,38.554204]]},"properties":{"id_origen":"HY-P_WATERCOURSE_ES080HYWCSL0000003183668","local_id":"ES080HYWCSL0000200195342","nombre":null,"long_municipal_m":143.63}},{"type":"Feature","id":7,"geometry":{"type":"LineString","coordinates":[[-0.166022,38.565382],[-0.166028,38.565334],[-0.166013,38.565274],[-0.166063,38.565058],[-0.166071,38.564868],[-0.166124,38.564724],[-0.166067,38.564468],[-0.166136,38.564211],[-0.166387,38.563817],[-0.166505,38.563598],[-0.166593,38.563508],[-0.166803,38.56337],[-0.166831,38.563256],[-0.166824,38.563142],[-0.166836,38.562955],[-0.166865,38.562841],[-0.166863,38.562703],[-0.166917,38.562583],[-0.1669,38.562527],[-0.166817,38.562433],[-0.166783,38.562353],[-0.166778,38.562314],[-0.166814,38.562137],[-0.166813,38.561913],[-0.166772,38.561796],[-0.166735,38.561607],[-0.166694,38.561539],[-0.166652,38.561413],[-0.166649,38.561268],[-0.166631,38.56118],[-0.166569,38.561003],[-0.166496,38.560852],[-0.166492,38.560837],[-0.166501,38.560796],[-0.1665,38.560762],[-0.166501,38.560738],[-0.166511,38.560707],[-0.166544,38.56066],[-0.166563,38.560616],[-0.166589,38.560581],[-0.166625,38.560543],[-0.166643,38.560524],[-0.166669,38.560504],[-0.16672,38.560463],[-0.166735,38.56045],[-0.166749,38.560441],[-0.16678,38.560425],[-0.16682,38.560401],[-0.166843,38.560393],[-0.166864,38.560384],[-0.166893,38.56037],[-0.166917,38.560357],[-0.166967,38.560329],[-0.166987,38.560312],[-0.167048,38.560257],[-0.167059,38.560246],[-0.167111,38.560188],[-0.167183,38.560126]]},"properties":{"id_origen":"HY-P_WATERCOURSE_ES080HYWCSL0000003181588","local_id":"ES080HYWCSL0980310000471","nombre":null,"long_municipal_m":637.81}},{"type":"Feature","id":8,"geometry":{"type":"LineString","coordinates":[[-0.170455,38.544584],[-0.170425,38.544488],[-0.170287,38.544275]]},"properties":{"id_origen":"HY-P_WATERCOURSE_ES080HYWCSL0000003183587","local_id":"ES080HYWCSL0980310000586","nombre":null,"long_municipal_m":37.54}},{"type":"Feature","id":9,"geometry":{"type":"LineString","coordinates":[[-0.161469,38.547305],[-0.161412,38.547171],[-0.16147,38.546578],[-0.16085,38.546831],[-0.159945,38.546964],[-0.159359,38.546899],[-0.158237,38.54675],[-0.15748,38.546594]]},"properties":{"id_origen":"HY-P_WATERCOURSE_ES080HYWCSL0000003186879","local_id":"ES080HYWCSL0096200195342","nombre":null,"long_municipal_m":441.26}},{"type":"Feature","id":10,"geometry":{"type":"LineString","coordinates":[[-0.166167,38.554981],[-0.166024,38.55494],[-0.165963,38.554897],[-0.165944,38.554881],[-0.165927,38.554864],[-0.165908,38.554843],[-0.165885,38.554819],[-0.165866,38.554804],[-0.165846,38.554793],[-0.165825,38.554783],[-0.165792,38.554765],[-0.165773,38.554749],[-0.165754,38.554724],[-0.165741,38.554706],[-0.165728,38.554687],[-0.165701,38.554651],[-0.165692,38.554638],[-0.165666,38.554602],[-0.165588,38.554495],[-0.165552,38.554448],[-0.165537,38.554429],[-0.165524,38.554415],[-0.165509,38.554402],[-0.165489,38.554386],[-0.165467,38.55437],[-0.165435,38.554347],[-0.165381,38.554307],[-0.165366,38.554295],[-0.165347,38.554278],[-0.165333,38.554262],[-0.165308,38.55423],[-0.165288,38.554203],[-0.165244,38.554143],[-0.165207,38.554096],[-0.165153,38.554032],[-0.165103,38.553973],[-0.165042,38.553902],[-0.16499,38.553843],[-0.164972,38.553822],[-0.164936,38.55378],[-0.164905,38.553746],[-0.164891,38.553732],[-0.16488,38.553722],[-0.164863,38.553709],[-0.164849,38.553701],[-0.164835,38.553693],[-0.164821,38.553686],[-0.164803,38.55368],[-0.164776,38.553673],[-0.164754,38.553669],[-0.164726,38.553666],[-0.1647,38.553665],[-0.164674,38.553665],[-0.164654,38.553665],[-0.164633,38.553666],[-0.164607,38.553666],[-0.164571,38.553665],[-0.164553,38.553666],[-0.164533,38.553666],[-0.164456,38.553669],[-0.164427,38.553669],[-0.164405,38.553668],[-0.164389,38.553666],[-0.164372,38.553664],[-0.164351,38.553659],[-0.164328,38.553646],[-0.16431,38.553635],[-0.164295,38.553623],[-0.16428,38.553611],[-0.164216,38.55356],[-0.1642,38.553551],[-0.164182,38.553542],[-0.164134,38.553521],[-0.164085,38.5535],[-0.163977,38.553451],[-0.163941,38.553434],[-0.163893,38.553409],[-0.16386,38.553392],[-0.163824,38.553371],[-0.163787,38.553348],[-0.163765,38.553332],[-0.163753,38.55332],[-0.163734,38.553301],[-0.163718,38.553285],[-0.163685,38.553252],[-0.163667,38.553238],[-0.163649,38.553211],[-0.163617,38.553177]]},"properties":{"id_origen":"HY-P_WATERCOURSE_ES080HYWCSL0000003188606","local_id":"ES080HYWCSL0000200195344","nombre":null,"long_municipal_m":315.03}},{"type":"Feature","id":11,"geometry":{"type":"LineString","coordinates":[[-0.17008,38.553951],[-0.170011,38.553958],[-0.169951,38.553966],[-0.16992,38.553974],[-0.1699,38.553977],[-0.169766,38.553986],[-0.169635,38.553874],[-0.169472,38.55379],[-0.169004,38.553643],[-0.168685,38.553618],[-0.168643,38.553598],[-0.168605,38.553557]]},"properties":{"id_origen":"HY-P_WATERCOURSE_ES080HYWCSL0000003208066","local_id":"ES080HYWCSL0000200195342","nombre":null,"long_municipal_m":143.14}},{"type":"Feature","id":12,"geometry":{"type":"LineString","coordinates":[[-0.173337,38.557],[-0.173353,38.556838],[-0.173266,38.556573],[-0.173218,38.556505],[-0.172936,38.556235],[-0.172839,38.556204],[-0.17259,38.55617],[-0.17236,38.5561],[-0.172273,38.55603],[-0.172059,38.555772],[-0.171979,38.555723],[-0.171884,38.555699],[-0.171702,38.555676],[-0.171219,38.555642],[-0.170969,38.555566],[-0.170438,38.55538],[-0.170378,38.555345],[-0.170126,38.555121],[-0.170061,38.555099],[-0.169834,38.555066],[-0.169727,38.555037],[-0.169698,38.555012],[-0.169646,38.554923],[-0.169629,38.554901],[-0.169586,38.554847]]},"properties":{"id_origen":"HY-P_WATERCOURSE_ES080HYWCSL0000003202078","local_id":"ES080HYWCSL0980310000469","nombre":null,"long_municipal_m":443.46}},{"type":"Feature","id":13,"geometry":{"type":"LineString","coordinates":[[-0.157206,38.555651],[-0.157198,38.555633],[-0.15713,38.555469],[-0.157149,38.555373],[-0.157238,38.55531],[-0.157364,38.555139],[-0.157401,38.555055],[-0.157392,38.554977],[-0.157403,38.554946],[-0.157826,38.554538],[-0.158048,38.55436],[-0.15812,38.554283],[-0.158429,38.553695],[-0.158464,38.553649],[-0.158469,38.553642],[-0.158482,38.553628],[-0.158518,38.553577],[-0.158604,38.553443],[-0.158623,38.553362],[-0.158578,38.552919],[-0.158551,38.552789],[-0.158515,38.552695],[-0.158523,38.552668],[-0.158602,38.552585],[-0.158595,38.552429],[-0.158597,38.552386],[-0.158599,38.552371],[-0.1586,38.552359],[-0.158602,38.552304],[-0.158594,38.552246],[-0.158548,38.552138],[-0.158541,38.552053],[-0.158556,38.551974],[-0.158636,38.551858],[-0.158647,38.551372],[-0.158616,38.551182],[-0.158662,38.551038],[-0.158636,38.550983],[-0.158555,38.550904]]},"properties":{"id_origen":"HY-P_WATERCOURSE_ES080HYWCSL0000003204481","local_id":"ES080HYWCSL0980310000590","nombre":null,"long_municipal_m":577.68}},{"type":"Feature","id":14,"geometry":{"type":"LineString","coordinates":[[-0.12456,38.568566],[-0.124401,38.568266],[-0.124303,38.567914],[-0.123951,38.567627],[-0.123533,38.567293],[-0.123079,38.567018],[-0.122797,38.566687],[-0.122373,38.566061],[-0.122203,38.565762],[-0.121897,38.565186],[-0.12186,38.564754],[-0.121712,38.564474]]},"properties":{"id_origen":"HY-P_WATERCOURSE_ES080HYWCSL0000003216247","local_id":"ES080HYWCSL0000200195384","nombre":null,"long_municipal_m":532.84}},{"type":"Feature","id":15,"geometry":{"type":"LineString","coordinates":[[-0.170033,38.552011],[-0.1699,38.551766],[-0.169807,38.551535],[-0.16973,38.551454],[-0.169534,38.551304],[-0.169359,38.551218],[-0.169049,38.551129],[-0.168543,38.550954],[-0.168478,38.550905],[-0.168222,38.550635],[-0.168101,38.550542],[-0.167963,38.55048],[-0.167301,38.550268],[-0.167288,38.550255],[-0.167203,38.550242],[-0.166546,38.550199],[-0.166534,38.550198],[-0.16651,38.550196],[-0.166486,38.550197],[-0.166459,38.550198],[-0.166433,38.550198],[-0.166409,38.550199],[-0.166378,38.550201],[-0.166348,38.550205],[-0.166321,38.55021],[-0.166294,38.550215],[-0.166263,38.550222],[-0.166225,38.550231],[-0.165916,38.550178],[-0.165888,38.550174],[-0.165867,38.55017],[-0.165845,38.550167],[-0.165824,38.550165],[-0.165803,38.550163],[-0.165781,38.550161],[-0.16576,38.550159],[-0.165731,38.550156],[-0.165638,38.550148],[-0.165604,38.550145],[-0.165571,38.550141],[-0.165529,38.550136],[-0.165486,38.550131],[-0.165388,38.55012],[-0.165338,38.550114],[-0.165303,38.55011],[-0.165286,38.550108],[-0.165259,38.550106],[-0.165232,38.550104],[-0.165205,38.550103],[-0.165178,38.550101],[-0.165158,38.5501],[-0.165069,38.550097],[-0.165042,38.550095],[-0.165015,38.550093],[-0.164992,38.550091],[-0.164971,38.550089],[-0.164947,38.550085],[-0.164919,38.550081],[-0.164892,38.550078],[-0.164861,38.550073],[-0.164793,38.550063],[-0.164767,38.550059],[-0.16474,38.550054],[-0.164713,38.550047],[-0.164697,38.550044],[-0.164677,38.55005],[-0.164668,38.550071],[-0.164661,38.550085],[-0.164652,38.550109],[-0.164641,38.550138],[-0.164608,38.55022],[-0.164602,38.550234],[-0.164592,38.550252],[-0.164583,38.550265],[-0.164574,38.550277],[-0.16455,38.550305],[-0.164453,38.550428]]},"properties":{"id_origen":"HY-P_WATERCOURSE_ES080HYWCSL0000003208176","local_id":"ES080HYWCSL0980340004371","nombre":null,"long_municipal_m":600.76}},{"type":"Feature","id":16,"geometry":{"type":"LineString","coordinates":[[-0.162339,38.549047],[-0.162313,38.54903],[-0.162253,38.54896],[-0.162234,38.548936],[-0.162219,38.548917],[-0.162202,38.548893],[-0.162187,38.548867],[-0.162171,38.548836],[-0.162143,38.548784],[-0.162117,38.548736],[-0.161969,38.548473],[-0.161953,38.548445],[-0.161902,38.548352],[-0.161867,38.548287],[-0.161823,38.548203],[-0.161805,38.548166],[-0.161791,38.548137],[-0.161773,38.548094],[-0.161767,38.548081],[-0.161754,38.548047],[-0.161742,38.548014],[-0.161732,38.547987],[-0.161721,38.547953],[-0.161707,38.547912],[-0.161692,38.547864],[-0.161656,38.547754],[-0.161647,38.547727],[-0.161638,38.547703],[-0.16163,38.547682],[-0.161618,38.547658]]},"properties":{"id_origen":"HY-P_WATERCOURSE_ES080HYWCSL0000003209186","local_id":"ES080HYWCSL0000200195342","nombre":null,"long_municipal_m":167.73}},{"type":"Feature","id":17,"geometry":{"type":"LineString","coordinates":[[-0.169988,38.549771],[-0.169737,38.549657],[-0.169473,38.549654],[-0.169388,38.549623],[-0.169247,38.549477],[-0.168968,38.549107],[-0.168864,38.549038],[-0.168836,38.54901],[-0.168826,38.548996],[-0.168817,38.548976],[-0.168809,38.54896],[-0.1688,38.548939],[-0.168773,38.548882],[-0.16876,38.548851],[-0.168745,38.548818],[-0.168739,38.548804],[-0.168729,38.548783],[-0.16867,38.54866],[-0.168662,38.54864]]},"properties":{"id_origen":"HY-P_WATERCOURSE_ES080HYWCSL0000003230598","local_id":"ES080HYWCSL0980310000586","nombre":null,"long_municipal_m":184.15}},{"type":"Feature","id":18,"geometry":{"type":"LineString","coordinates":[[-0.171624,38.558775],[-0.171519,38.558681],[-0.171363,38.558623],[-0.171343,38.558609],[-0.171322,38.558598],[-0.171305,38.558588],[-0.171267,38.558566],[-0.171247,38.558552],[-0.171173,38.558519],[-0.171148,38.558507],[-0.171075,38.558469],[-0.171036,38.558452],[-0.171005,38.558442],[-0.170972,38.558429],[-0.170922,38.558412],[-0.170798,38.55839],[-0.170779,38.558387],[-0.170755,38.558383],[-0.170682,38.558369],[-0.170634,38.558363],[-0.170571,38.558358],[-0.170552,38.558358],[-0.170491,38.558359],[-0.17047,38.558354],[-0.17045,38.558337],[-0.170439,38.558326],[-0.170411,38.5583],[-0.170371,38.558267],[-0.170292,38.558203],[-0.170272,38.558189],[-0.170161,38.558124],[-0.17013,38.55811],[-0.170082,38.558093],[-0.170048,38.558076],[-0.170021,38.558064],[-0.169993,38.558055],[-0.169949,38.558039],[-0.169924,38.558016],[-0.169881,38.557974],[-0.169863,38.557945],[-0.169847,38.557917],[-0.16984,38.557897],[-0.169835,38.557879],[-0.169832,38.557856],[-0.169829,38.557832],[-0.169825,38.557814],[-0.169822,38.557789],[-0.169814,38.557745],[-0.169808,38.557729],[-0.169796,38.557697],[-0.169773,38.557648],[-0.169754,38.557629],[-0.169734,38.557619],[-0.169696,38.557607],[-0.169682,38.557597],[-0.169661,38.557575],[-0.169646,38.557557],[-0.16963,38.557541],[-0.169608,38.557517],[-0.1696,38.557506],[-0.169588,38.55749],[-0.169562,38.55746],[-0.16955,38.557449],[-0.169529,38.557427],[-0.169477,38.557375],[-0.16946,38.557373],[-0.169416,38.557367],[-0.169396,38.557363],[-0.169317,38.557353],[-0.169299,38.557344],[-0.169286,38.557335],[-0.169212,38.557288],[-0.169164,38.557263],[-0.169139,38.557253],[-0.169101,38.557256],[-0.16906,38.557272],[-0.169044,38.557279],[-0.169013,38.557292],[-0.168996,38.557298],[-0.168976,38.5573],[-0.168965,38.557291],[-0.168957,38.557269],[-0.168949,38.557249],[-0.168945,38.557232],[-0.168932,38.557194],[-0.168926,38.557173],[-0.168926,38.557154],[-0.168929,38.55714],[-0.168928,38.557124],[-0.16891,38.557083],[-0.168881,38.557027],[-0.168868,38.557014],[-0.168837,38.556982],[-0.168827,38.556968],[-0.168701,38.55684],[-0.168661,38.556785],[-0.168642,38.556751],[-0.168618,38.556712],[-0.168587,38.556674],[-0.168571,38.556653],[-0.168551,38.556634],[-0.168514,38.556603],[-0.168489,38.556584],[-0.168451,38.556552],[-0.168413,38.556501],[-0.168401,38.556482],[-0.168392,38.556462],[-0.16838,38.556439],[-0.168371,38.556406],[-0.168361,38.556366],[-0.168354,38.556339],[-0.168356,38.556254],[-0.16835,38.556238],[-0.16833,38.556182],[-0.168319,38.556164],[-0.168311,38.556153],[-0.168297,38.556138],[-0.16827,38.556109],[-0.168244,38.556072],[-0.16822,38.556035],[-0.168207,38.55601],[-0.168193,38.555982],[-0.168179,38.555961],[-0.16817,38.555948],[-0.168125,38.555857],[-0.168116,38.555844],[-0.1681,38.555831],[-0.168081,38.55582],[-0.168067,38.555813],[-0.16804,38.5558],[-0.168005,38.555782],[-0.167978,38.555763],[-0.167921,38.555716],[-0.16787,38.555675],[-0.167842,38.555652],[-0.167814,38.55563],[-0.167719,38.555556],[-0.167694,38.555538],[-0.167645,38.555501],[-0.167572,38.555448],[-0.167539,38.555424],[-0.167516,38.555407],[-0.167494,38.55539],[-0.167444,38.555351],[-0.167416,38.555335],[-0.167396,38.555327],[-0.167376,38.555322],[-0.167346,38.555316],[-0.167281,38.555304],[-0.167228,38.555288],[-0.167165,38.55527]]},"properties":{"id_origen":"HY-P_WATERCOURSE_ES080HYWCSL0000003214853","local_id":"ES080HYWCSL0000200195344","nombre":null,"long_municipal_m":596.84}},{"type":"Feature","id":19,"geometry":{"type":"LineString","coordinates":[[-0.102868,38.529269],[-0.102957,38.529152],[-0.102974,38.52913],[-0.102973,38.529071],[-0.102896,38.528953],[-0.102888,38.528849],[-0.102908,38.528802],[-0.102971,38.52875],[-0.103085,38.528721],[-0.103303,38.528601],[-0.103462,38.528576],[-0.103605,38.528586],[-0.10378,38.528509],[-0.103816,38.528326],[-0.1038,38.528102],[-0.103814,38.52796],[-0.103843,38.527934]]},"properties":{"id_origen":"HY-P_WATERCOURSE_ES080HYWCSL0000003228811","local_id":"ES080HYWCSL0980310000593","nombre":null,"long_municipal_m":207.24}},{"type":"Feature","id":20,"geometry":{"type":"LineString","coordinates":[[-0.163198,38.552905],[-0.163096,38.552897],[-0.162997,38.552853],[-0.162906,38.552831],[-0.162388,38.552799],[-0.162022,38.552712],[-0.161512,38.552563],[-0.161293,38.552511],[-0.161212,38.552469],[-0.161151,38.552413],[-0.161021,38.552212],[-0.160892,38.552157],[-0.16078,38.55212],[-0.160724,38.552106],[-0.160619,38.552107],[-0.160425,38.551995],[-0.1604,38.551984],[-0.160388,38.551972],[-0.160381,38.551965],[-0.160343,38.551943],[-0.160238,38.551879],[-0.160014,38.551789],[-0.159811,38.55161],[-0.159593,38.551459],[-0.159501,38.551346],[-0.159429,38.551168],[-0.159356,38.551031],[-0.159266,38.550935],[-0.159206,38.550917],[-0.158683,38.550915],[-0.158555,38.550904]]},"properties":{"id_origen":"HY-P_WATERCOURSE_ES080HYWCSL0000003227429","local_id":"ES080HYWCSL0000200195344","nombre":null,"long_municipal_m":495.39}},{"type":"Feature","id":21,"geometry":{"type":"LineString","coordinates":[[-0.169275,38.554456],[-0.169238,38.554411],[-0.169108,38.554283],[-0.169095,38.554271],[-0.169083,38.554261],[-0.169072,38.554252],[-0.169057,38.554241],[-0.169039,38.554227],[-0.168986,38.554188],[-0.168929,38.55414],[-0.168894,38.554111],[-0.16886,38.554081],[-0.168832,38.554054],[-0.168802,38.554023],[-0.168784,38.554003],[-0.168771,38.553988],[-0.168759,38.553973],[-0.168746,38.553952],[-0.168731,38.553928],[-0.16872,38.553907],[-0.168707,38.553882],[-0.168699,38.553865],[-0.16869,38.553847],[-0.168671,38.553802],[-0.168657,38.553761],[-0.168652,38.553746],[-0.168648,38.55373],[-0.168643,38.553715],[-0.168637,38.553695],[-0.168631,38.55367],[-0.168626,38.55365],[-0.16862,38.553627],[-0.16861,38.55358],[-0.168605,38.553557]]},"properties":{"id_origen":"HY-P_WATERCOURSE_ES080HYWCSL0000003232172","local_id":"ES080HYWCSL0980310000469","nombre":null,"long_municipal_m":118.55}},{"type":"Feature","id":22,"geometry":{"type":"LineString","coordinates":[[-0.121392,38.564135],[-0.121225,38.563957],[-0.121156,38.563882],[-0.120908,38.56379],[-0.120512,38.563703],[-0.12038,38.563542],[-0.120473,38.562974],[-0.120464,38.562708],[-0.120337,38.562475],[-0.119511,38.561775],[-0.119357,38.56171],[-0.117552,38.561329],[-0.116894,38.561398],[-0.116414,38.56144],[-0.116153,38.561407],[-0.115872,38.561258],[-0.115722,38.561146],[-0.11569,38.561118],[-0.115649,38.561067],[-0.115613,38.56099],[-0.115372,38.560591],[-0.115168,38.560364],[-0.11506,38.560304],[-0.11499,38.560286],[-0.114849,38.560301],[-0.114719,38.560306],[-0.114647,38.5603],[-0.114594,38.560295],[-0.114542,38.560285],[-0.114488,38.560276],[-0.114471,38.560272],[-0.114453,38.560268],[-0.114432,38.560259],[-0.114416,38.560251],[-0.114379,38.560234],[-0.114313,38.560203],[-0.114271,38.560184],[-0.114233,38.560168],[-0.11421,38.560158],[-0.114189,38.560151],[-0.114152,38.56014],[-0.114118,38.56013],[-0.114114,38.560129],[-0.114101,38.560125],[-0.114049,38.560111],[-0.113986,38.560094],[-0.113918,38.560075],[-0.113897,38.560069],[-0.113855,38.560057],[-0.113822,38.560048],[-0.113793,38.560038],[-0.113773,38.560031],[-0.113755,38.560022],[-0.113735,38.56001],[-0.113709,38.559993],[-0.113689,38.559979],[-0.113663,38.559961],[-0.113594,38.55991],[-0.113566,38.55989],[-0.113543,38.559874],[-0.113505,38.559848],[-0.113458,38.559816],[-0.11343,38.559798],[-0.113406,38.559785],[-0.113388,38.559778],[-0.113371,38.559771],[-0.113353,38.559764],[-0.11333,38.559757],[-0.113307,38.559751],[-0.113283,38.559747],[-0.113254,38.559743],[-0.113235,38.55974],[-0.113209,38.559737],[-0.11315,38.559731],[-0.113113,38.559728],[-0.113076,38.559724],[-0.113039,38.559721],[-0.113009,38.559719],[-0.112987,38.559718],[-0.112957,38.559716],[-0.112927,38.559715],[-0.112906,38.559715],[-0.112889,38.559715],[-0.112843,38.559714],[-0.112798,38.559714],[-0.112764,38.559714],[-0.112718,38.559714],[-0.112616,38.559715],[-0.112593,38.559715],[-0.112559,38.559715],[-0.112536,38.559715],[-0.112514,38.559715],[-0.112486,38.559714],[-0.112463,38.559714],[-0.112417,38.559712],[-0.112394,38.559711],[-0.112373,38.559711],[-0.112345,38.559709],[-0.112344,38.559709],[-0.112319,38.559707],[-0.112294,38.559706],[-0.11218,38.559699],[-0.112142,38.559697],[-0.112117,38.559695],[-0.112095,38.559694],[-0.112075,38.559693],[-0.112049,38.559691],[-0.112024,38.55969],[-0.112004,38.559688],[-0.111963,38.559686],[-0.111929,38.559684],[-0.111869,38.55968],[-0.111783,38.559673],[-0.11174,38.559669],[-0.111703,38.559664],[-0.111646,38.559657],[-0.11159,38.559649],[-0.111518,38.559638],[-0.111365,38.559614],[-0.111341,38.55961],[-0.111307,38.559606],[-0.111283,38.559602],[-0.111256,38.559598],[-0.111235,38.559596],[-0.111215,38.559593],[-0.111191,38.559591],[-0.111165,38.559594],[-0.111137,38.5596],[-0.11111,38.559609],[-0.111066,38.559626],[-0.111012,38.559647],[-0.110964,38.559666],[-0.110915,38.559686],[-0.110895,38.559693],[-0.110769,38.559742],[-0.110731,38.559756],[-0.110642,38.559789],[-0.110616,38.559766],[-0.110593,38.559745],[-0.110574,38.559727],[-0.110543,38.559697],[-0.110509,38.559663],[-0.110495,38.559647],[-0.110485,38.559635],[-0.11047,38.559616],[-0.110458,38.5596],[-0.110445,38.559581],[-0.110429,38.559557],[-0.110385,38.559488],[-0.110377,38.559476],[-0.110368,38.559463],[-0.110344,38.55943],[-0.110324,38.559403],[-0.11031,38.559386],[-0.110298,38.559376],[-0.110282,38.559363],[-0.110264,38.559348],[-0.110239,38.559332],[-0.110219,38.559322],[-0.110199,38.559313],[-0.110179,38.559304],[-0.110158,38.559296],[-0.11013,38.559288],[-0.110108,38.559282],[-0.110079,38.559276],[-0.11005,38.55927],[-0.110021,38.559265],[-0.109983,38.559261],[-0.109943,38.559256],[-0.10991,38.559254],[-0.109872,38.559252],[-0.109844,38.55925],[-0.109818,38.559249],[-0.109781,38.559246],[-0.109749,38.559243],[-0.109685,38.559235],[-0.109634,38.559228]]},"properties":{"id_origen":"HY-P_WATERCOURSE_ES080HYWCSL0000003230973","local_id":"ES080HYWCSL0000200195384","nombre":null,"long_municipal_m":1327.25}},{"type":"Feature","id":23,"geometry":{"type":"LineString","coordinates":[[-0.164453,38.550428],[-0.164429,38.550438],[-0.164404,38.550448],[-0.164336,38.550476],[-0.164311,38.550479],[-0.16429,38.550477],[-0.164268,38.550475],[-0.164244,38.550472],[-0.16422,38.550466],[-0.164203,38.550456],[-0.164186,38.550443],[-0.16417,38.550428],[-0.164147,38.550403],[-0.164136,38.550393],[-0.164124,38.550382],[-0.164112,38.550371],[-0.164099,38.550358],[-0.164075,38.550336],[-0.164064,38.550326],[-0.164053,38.550316],[-0.164018,38.550283],[-0.163988,38.550254],[-0.163952,38.550223],[-0.163921,38.550197],[-0.163898,38.550174],[-0.163675,38.549965]]},"properties":{"id_origen":"HY-P_WATERCOURSE_ES080HYWCSL0000003247557","local_id":"ES080HYWCSL0000200195342","nombre":null,"long_municipal_m":94.98}},{"type":"Feature","id":24,"geometry":{"type":"LineString","coordinates":[[-0.100195,38.530475],[-0.100197,38.530474],[-0.100217,38.530467],[-0.100235,38.530461],[-0.100253,38.530456],[-0.100275,38.530448],[-0.100291,38.530441],[-0.100307,38.530435],[-0.100331,38.530425],[-0.100355,38.530413],[-0.100403,38.530387],[-0.100446,38.530364],[-0.100467,38.530353],[-0.100495,38.53034],[-0.100517,38.530334],[-0.100534,38.53033],[-0.100551,38.530326],[-0.100568,38.530321],[-0.100584,38.530316],[-0.100615,38.530307],[-0.100645,38.530297],[-0.100662,38.530289],[-0.100687,38.530278],[-0.100705,38.53027],[-0.100742,38.530253],[-0.100779,38.530237],[-0.100808,38.530224],[-0.100838,38.530212],[-0.100854,38.530207],[-0.10087,38.530204],[-0.100887,38.530202],[-0.100904,38.530201],[-0.100927,38.530196],[-0.100951,38.530187],[-0.100968,38.53018],[-0.100986,38.530173],[-0.101003,38.530167],[-0.101018,38.53016],[-0.101034,38.530154],[-0.101053,38.530146],[-0.101077,38.530136],[-0.101093,38.530128],[-0.101126,38.530112],[-0.101157,38.530094],[-0.10117,38.530085],[-0.101204,38.53006],[-0.101226,38.530045],[-0.10124,38.530034],[-0.101254,38.530023],[-0.101267,38.530014],[-0.101287,38.530001],[-0.101316,38.529984],[-0.101342,38.529964],[-0.101361,38.529949],[-0.101373,38.52994],[-0.101385,38.529931],[-0.101398,38.529921],[-0.101409,38.529909],[-0.10142,38.529894],[-0.101431,38.529878],[-0.101447,38.529854],[-0.101466,38.529829],[-0.101486,38.529821],[-0.10151,38.529813],[-0.101533,38.529807],[-0.101552,38.529803],[-0.101571,38.5298],[-0.101593,38.529801],[-0.101614,38.529802],[-0.101636,38.529805],[-0.101658,38.529808],[-0.101677,38.529811],[-0.101697,38.529813],[-0.101718,38.529815],[-0.101739,38.529815],[-0.101758,38.529815],[-0.101778,38.529816],[-0.101796,38.529818],[-0.101814,38.52982],[-0.101834,38.529822],[-0.101855,38.529824],[-0.101876,38.529825],[-0.101897,38.529825],[-0.101918,38.529826],[-0.101939,38.529826],[-0.101957,38.529821],[-0.101974,38.529815],[-0.10199,38.529808],[-0.102012,38.5298],[-0.102039,38.529793],[-0.102072,38.529794],[-0.102098,38.529793],[-0.102117,38.529789],[-0.102137,38.529782],[-0.102157,38.529775],[-0.102173,38.529771],[-0.102189,38.529766],[-0.102212,38.529762],[-0.102235,38.529757],[-0.102252,38.529753],[-0.10227,38.529749],[-0.102287,38.529742],[-0.10231,38.529733],[-0.102332,38.529722],[-0.102352,38.52971],[-0.102371,38.529697],[-0.102387,38.529687],[-0.102402,38.529676],[-0.102419,38.529666],[-0.102435,38.529655],[-0.102464,38.529637],[-0.102495,38.529615],[-0.102501,38.529597],[-0.102503,38.529573],[-0.102507,38.529554],[-0.102514,38.529541],[-0.102529,38.529533],[-0.102544,38.529526],[-0.102562,38.529519],[-0.102581,38.529516],[-0.10276,38.529389],[-0.102819,38.529329]]},"properties":{"id_origen":"HY-P_WATERCOURSE_ES080HYWCSL0000003247009","local_id":"ES080HYWCSL0980310000593","nombre":null,"long_municipal_m":276.17}},{"type":"Feature","id":25,"geometry":{"type":"LineString","coordinates":[[-0.136264,38.555624],[-0.136229,38.555535],[-0.136215,38.555475],[-0.136219,38.555345],[-0.136243,38.555285],[-0.136252,38.55522],[-0.136309,38.555148],[-0.136296,38.555055],[-0.13626,38.554969],[-0.136227,38.554936],[-0.136116,38.554804],[-0.1361,38.554703],[-0.136056,38.554598],[-0.136013,38.554481],[-0.135993,38.554282],[-0.136008,38.553987],[-0.136015,38.553823],[-0.135965,38.553736]]},"properties":{"id_origen":"HY-P_WATERCOURSE_ES080HYWCSL0000003218564","local_id":"ES080HYWCSL0000020019536","nombre":"Barranc dels Tolls","long_municipal_m":218.98}},{"type":"Feature","id":26,"geometry":{"type":"LineString","coordinates":[[-0.116749,38.56841],[-0.11677,38.568383],[-0.116781,38.568369],[-0.116789,38.568355],[-0.116797,38.568333],[-0.116794,38.568309],[-0.116788,38.568282],[-0.116781,38.56825],[-0.116772,38.568224],[-0.116759,38.56821],[-0.116732,38.56819],[-0.116702,38.568173],[-0.116669,38.568155],[-0.116636,38.568138],[-0.116585,38.568121],[-0.11656,38.568113],[-0.116535,38.568103],[-0.116517,38.568095],[-0.116498,38.568087],[-0.116465,38.568073],[-0.116426,38.568057],[-0.116367,38.568035],[-0.116309,38.568012],[-0.116285,38.567998],[-0.116252,38.567976],[-0.116219,38.567952],[-0.116183,38.567924],[-0.116167,38.567909],[-0.116154,38.567892],[-0.116136,38.567869],[-0.116119,38.567846],[-0.116103,38.567822],[-0.116086,38.567797],[-0.116071,38.567768],[-0.116058,38.567738],[-0.116042,38.5677],[-0.116026,38.567662],[-0.116009,38.567627],[-0.115994,38.56759],[-0.115976,38.567556],[-0.115949,38.567527],[-0.115922,38.567501],[-0.115892,38.567477],[-0.115862,38.567453],[-0.115844,38.567444],[-0.115826,38.567435],[-0.115791,38.567422],[-0.115754,38.567412],[-0.115705,38.567399],[-0.115657,38.567386],[-0.115587,38.567373],[-0.115517,38.567361],[-0.115437,38.567349],[-0.115387,38.567341],[-0.115337,38.567333],[-0.115293,38.567325],[-0.115271,38.56732],[-0.115251,38.567312],[-0.115218,38.567294],[-0.115185,38.567276],[-0.115144,38.567253],[-0.115104,38.567229],[-0.11506,38.567197],[-0.115017,38.567164],[-0.114972,38.567134],[-0.114927,38.567104],[-0.114891,38.567081],[-0.114853,38.567059],[-0.114816,38.567045],[-0.114797,38.56704],[-0.114777,38.567036],[-0.114742,38.567035],[-0.114706,38.567035],[-0.11466,38.567033],[-0.114613,38.567031],[-0.114579,38.567023],[-0.114544,38.567012],[-0.114511,38.566999],[-0.114481,38.56698],[-0.11446,38.566964],[-0.114449,38.56695],[-0.114437,38.566912],[-0.114429,38.56688],[-0.114411,38.566808],[-0.114406,38.566793],[-0.114392,38.566772],[-0.114376,38.566752],[-0.114355,38.566729],[-0.114341,38.566721],[-0.114325,38.566714],[-0.114299,38.566705],[-0.11427,38.566698],[-0.114206,38.566683],[-0.114141,38.566668],[-0.114105,38.56666],[-0.114069,38.566651],[-0.114048,38.566646],[-0.114029,38.566639],[-0.114006,38.566622],[-0.113986,38.566603],[-0.113966,38.566583],[-0.113946,38.566563],[-0.11391,38.56653],[-0.113872,38.566498],[-0.113816,38.566457],[-0.11376,38.566415],[-0.113711,38.566378],[-0.113661,38.566341],[-0.113612,38.566307],[-0.113563,38.566273],[-0.113518,38.56624],[-0.113473,38.566206],[-0.113427,38.56617],[-0.113385,38.56613],[-0.113359,38.566104],[-0.113328,38.566072],[-0.113308,38.566051],[-0.113282,38.566025],[-0.113267,38.566016],[-0.113251,38.566009],[-0.113201,38.565986],[-0.113151,38.565964],[-0.113119,38.565949],[-0.113088,38.565933],[-0.113062,38.565916],[-0.113036,38.565899],[-0.113016,38.565883],[-0.113001,38.565864],[-0.112983,38.565835],[-0.112969,38.565806],[-0.112962,38.565779],[-0.112955,38.565751],[-0.112951,38.565731],[-0.112947,38.565712],[-0.112942,38.565693],[-0.112936,38.565675],[-0.11293,38.565662],[-0.112919,38.565651],[-0.112905,38.565642],[-0.112889,38.565637],[-0.112853,38.565627],[-0.112818,38.565617],[-0.112783,38.565608],[-0.112742,38.565595],[-0.112722,38.56558],[-0.112709,38.565567],[-0.112679,38.565538],[-0.112651,38.565507],[-0.112646,38.565494],[-0.112639,38.565482],[-0.112632,38.565455],[-0.112628,38.56543],[-0.112633,38.565405],[-0.112644,38.56537],[-0.112658,38.565336],[-0.112673,38.565304],[-0.112688,38.565272],[-0.112702,38.565233],[-0.112717,38.565195],[-0.112732,38.565171],[-0.112747,38.565148],[-0.112764,38.565115],[-0.112782,38.565083],[-0.112806,38.565041],[-0.112834,38.565001],[-0.112844,38.564988],[-0.112866,38.564954],[-0.112878,38.564937],[-0.11289,38.564926],[-0.112902,38.564916],[-0.112915,38.564906],[-0.112944,38.564885],[-0.112964,38.564869],[-0.112979,38.564856],[-0.112992,38.564846],[-0.113003,38.564836],[-0.113011,38.564822],[-0.113018,38.564808],[-0.113025,38.564793],[-0.113033,38.564779],[-0.113039,38.564765],[-0.11304,38.564751],[-0.113038,38.564735],[-0.113035,38.56472],[-0.113033,38.564699],[-0.11303,38.564679],[-0.113026,38.564659],[-0.113017,38.564639],[-0.113008,38.564622],[-0.112999,38.564606],[-0.112985,38.564584],[-0.112972,38.564562],[-0.112962,38.564543],[-0.112955,38.564524],[-0.112951,38.564504],[-0.112948,38.564484],[-0.112946,38.564467],[-0.112946,38.564449],[-0.112947,38.564434],[-0.112957,38.564415],[-0.112972,38.564396],[-0.112983,38.564382],[-0.112989,38.564368],[-0.112996,38.564354],[-0.113006,38.564336],[-0.113017,38.564318],[-0.113032,38.564295],[-0.113049,38.564273],[-0.113065,38.564253],[-0.113082,38.564233],[-0.11312,38.564182],[-0.113159,38.564132],[-0.113171,38.564118],[-0.113184,38.564104],[-0.113196,38.564091],[-0.113206,38.564076],[-0.113212,38.564056],[-0.113217,38.564036],[-0.11322,38.564018],[-0.113222,38.563999],[-0.113222,38.563982],[-0.113221,38.563965],[-0.11322,38.563949],[-0.113219,38.563934],[-0.113212,38.563921],[-0.113202,38.563908],[-0.113186,38.5639],[-0.113163,38.563895],[-0.113139,38.563897],[-0.113116,38.563902],[-0.113088,38.563907],[-0.113058,38.563906],[-0.113034,38.563898],[-0.113018,38.56389],[-0.113004,38.563879],[-0.112997,38.563865],[-0.112995,38.56385],[-0.112992,38.563835],[-0.112986,38.563819],[-0.112979,38.563804],[-0.112972,38.563787],[-0.112964,38.563771],[-0.112961,38.563758],[-0.112966,38.563745],[-0.112975,38.563734],[-0.112984,38.563723],[-0.112994,38.56371],[-0.113002,38.563698],[-0.113003,38.563685],[-0.113001,38.563672],[-0.112992,38.563654],[-0.112983,38.563637],[-0.112971,38.563617],[-0.112961,38.563597],[-0.112957,38.563579],[-0.112955,38.56356],[-0.112953,38.563542],[-0.112949,38.563525],[-0.112944,38.56351],[-0.112939,38.563491],[-0.112928,38.563467],[-0.112917,38.563447],[-0.112905,38.563425],[-0.112879,38.563379],[-0.112866,38.563354],[-0.112851,38.563328],[-0.112835,38.563303],[-0.112828,38.563285],[-0.112821,38.563267],[-0.112809,38.56325],[-0.112797,38.563232],[-0.112782,38.56321],[-0.112768,38.563188],[-0.11273,38.563137],[-0.112709,38.563112],[-0.112685,38.56309],[-0.112669,38.563077],[-0.112653,38.563064],[-0.112627,38.563045],[-0.112601,38.563025],[-0.112562,38.562995],[-0.112549,38.562985],[-0.112499,38.562944],[-0.112476,38.562924],[-0.112454,38.562903],[-0.11243,38.562885],[-0.112407,38.562867],[-0.112395,38.562854],[-0.112366,38.562824],[-0.11235,38.562806],[-0.112338,38.562791],[-0.112326,38.562775],[-0.112288,38.562729],[-0.112148,38.56266],[-0.112085,38.562628],[-0.112044,38.562607],[-0.111739,38.562457],[-0.111266,38.562234],[-0.110977,38.562121],[-0.110769,38.56201],[-0.110713,38.561938],[-0.110707,38.561886],[-0.110725,38.561848],[-0.110768,38.561808],[-0.110804,38.561773],[-0.110843,38.561747]]},"properties":{"id_origen":"HY-P_WATERCOURSE_ES080HYWCSL0000003180520","local_id":"ES080HYWCSL0000020019538","nombre":"Barranc de la Foia Manera","long_municipal_m":1070.94}},{"type":"Feature","id":27,"geometry":{"type":"LineString","coordinates":[[-0.143774,38.536994],[-0.143787,38.536686],[-0.143777,38.536406]]},"properties":{"id_origen":"HY-P_WATERCOURSE_ES080HYWCSL0000003213721","local_id":"ES080HYWCSL0000200195352","nombre":"Barranc de Xixo","long_municipal_m":65.41}},{"type":"Feature","id":28,"geometry":{"type":"LineString","coordinates":[[-0.155672,38.54583],[-0.155643,38.545516],[-0.155625,38.545369],[-0.155515,38.54504],[-0.155466,38.544847],[-0.155461,38.544834],[-0.15537,38.544608],[-0.155281,38.544388],[-0.155076,38.544211],[-0.154933,38.544111],[-0.154831,38.544013],[-0.15481,38.543929],[-0.154766,38.543819],[-0.154611,38.543611],[-0.154456,38.543415],[-0.154396,38.543267],[-0.154373,38.543182],[-0.154247,38.542719],[-0.154277,38.542573],[-0.154277,38.54255],[-0.154278,38.542469],[-0.15428,38.542285],[-0.154232,38.54208],[-0.154214,38.541993],[-0.154197,38.541912],[-0.154254,38.541716],[-0.15425,38.541608],[-0.154243,38.541389],[-0.154204,38.541126],[-0.154137,38.540971],[-0.154104,38.540918],[-0.15403,38.540796],[-0.153818,38.540592],[-0.153762,38.540519],[-0.153733,38.540482],[-0.153733,38.540481],[-0.15371,38.540439]]},"properties":{"id_origen":"HY-P_WATERCOURSE_ES080HYWCSL0000003227671","local_id":"ES080HYWCSL0980320005076","nombre":"Barranc de la Vela Blanca","long_municipal_m":643.43}},{"type":"Feature","id":29,"geometry":{"type":"LineString","coordinates":[[-0.151037,38.568465],[-0.151045,38.568334],[-0.151093,38.568246],[-0.151181,38.568133],[-0.151396,38.56794],[-0.151508,38.567826],[-0.151594,38.567782],[-0.151887,38.567677],[-0.151961,38.567641],[-0.152255,38.567401],[-0.152301,38.567355],[-0.152421,38.567156],[-0.15254,38.567001],[-0.152662,38.566865],[-0.152707,38.566841],[-0.15277,38.566822],[-0.152908,38.566812],[-0.153011,38.566763],[-0.153066,38.566716],[-0.153241,38.566534],[-0.153366,38.566432],[-0.153503,38.566343],[-0.153555,38.566292],[-0.153585,38.566227],[-0.153584,38.566186],[-0.153481,38.566097],[-0.153277,38.565786],[-0.153242,38.565718],[-0.153233,38.565664],[-0.153237,38.565618],[-0.153295,38.565543],[-0.153456,38.565435],[-0.153624,38.56534],[-0.153869,38.565237],[-0.153892,38.565215],[-0.15391,38.565188],[-0.153916,38.565169]]},"properties":{"id_origen":"HY-P_WATERCOURSE_ES080HYWCSL0000003241016","local_id":"ES080HYWCSL0000020019534","nombre":"Barranco de la Tapia","long_municipal_m":502.29}},{"type":"Feature","id":30,"geometry":{"type":"LineString","coordinates":[[-0.149514,38.539969],[-0.149324,38.539332],[-0.148985,38.538721],[-0.148496,38.53818],[-0.147961,38.537819],[-0.147381,38.537391],[-0.147171,38.537116],[-0.146854,38.536003]]},"properties":{"id_origen":"HY-P_WATERCOURSE_ES080HYWCSL0000003178452","local_id":"ES080HYWCSL0980320004616","nombre":"Barranc del Rajadell","long_municipal_m":513.69}},{"type":"Feature","id":31,"geometry":{"type":"LineString","coordinates":[[-0.157446,38.550706],[-0.157551,38.550563],[-0.157983,38.550081],[-0.158098,38.549973],[-0.158112,38.549911],[-0.157976,38.549796],[-0.15782,38.549706],[-0.157705,38.54967],[-0.157589,38.549657],[-0.157372,38.549656],[-0.157173,38.549669],[-0.15713,38.549646],[-0.157115,38.549605],[-0.157119,38.549455],[-0.157122,38.549368]]},"properties":{"id_origen":"HY-P_WATERCOURSE_ES080HYWCSL0000003177066","local_id":"ES080HYWCSL0000020019534","nombre":"Barranco de la Tapia","long_municipal_m":233.52}},{"type":"Feature","id":32,"geometry":{"type":"LineString","coordinates":[[-0.15748,38.546594],[-0.157486,38.546577],[-0.15749,38.546564],[-0.157496,38.546551],[-0.157503,38.546534],[-0.157511,38.546517],[-0.157523,38.546492],[-0.157539,38.546457],[-0.157554,38.546426],[-0.157577,38.546379],[-0.157591,38.546357],[-0.157604,38.546336],[-0.157704,38.546152],[-0.157732,38.545974]]},"properties":{"id_origen":"HY-P_WATERCOURSE_ES080HYWCSL0000003184047","local_id":"ES080HYWCSL0000020019534","nombre":"Barranco de la Tapia","long_municipal_m":72.87}},{"type":"Feature","id":33,"geometry":{"type":"LineString","coordinates":[[-0.153611,38.54644],[-0.153567,38.54638],[-0.153434,38.546297],[-0.153234,38.545941],[-0.153144,38.545844],[-0.153076,38.545796],[-0.152695,38.545636],[-0.152139,38.545618],[-0.15209,38.545615],[-0.152023,38.54561],[-0.151948,38.545607],[-0.151826,38.545587],[-0.151736,38.545529],[-0.151725,38.545493],[-0.151714,38.545449],[-0.151706,38.545417],[-0.151698,38.545386],[-0.151684,38.545333],[-0.151675,38.545299],[-0.151577,38.545],[-0.151592,38.544496],[-0.151561,38.544346],[-0.151456,38.544154],[-0.151412,38.544101],[-0.15133,38.54405],[-0.151086,38.543962],[-0.150986,38.543899],[-0.150945,38.543856],[-0.150889,38.543753],[-0.150811,38.543651],[-0.150689,38.543551],[-0.150519,38.543447],[-0.15034,38.543244],[-0.150109,38.542832],[-0.149819,38.542224],[-0.149797,38.542154],[-0.149751,38.541782],[-0.149716,38.54169],[-0.149703,38.541659],[-0.149681,38.541603],[-0.149675,38.541589],[-0.14966,38.541549],[-0.149649,38.541518],[-0.14964,38.541492],[-0.149638,38.54148]]},"properties":{"id_origen":"HY-P_WATERCOURSE_ES080HYWCSL0000003177758","local_id":"ES080HYWCSL0980320004616","nombre":"Barranc del Rajadell","long_municipal_m":717.91}},{"type":"Feature","id":34,"geometry":{"type":"LineString","coordinates":[[-0.154541,38.557009],[-0.15451,38.556935],[-0.154444,38.556887],[-0.154414,38.556787],[-0.154436,38.556654],[-0.154484,38.556502],[-0.154502,38.556264],[-0.154432,38.556122],[-0.154375,38.556054],[-0.154216,38.555997],[-0.154039,38.555986],[-0.153871,38.555935],[-0.153804,38.555656],[-0.153816,38.555582],[-0.153842,38.55553],[-0.153918,38.555465],[-0.154012,38.555426],[-0.154203,38.555385],[-0.154351,38.55538],[-0.154403,38.555359],[-0.154439,38.555308],[-0.154493,38.554879],[-0.154478,38.554726],[-0.154499,38.554656],[-0.154557,38.554589],[-0.154705,38.554542],[-0.154795,38.554473],[-0.154859,38.554288],[-0.15494,38.554136],[-0.155142,38.553886],[-0.155365,38.553542],[-0.155454,38.553447],[-0.155543,38.553399],[-0.155955,38.553279],[-0.156093,38.553259],[-0.156154,38.553226],[-0.156198,38.553132],[-0.156236,38.553],[-0.156542,38.552762],[-0.156665,38.552631],[-0.156713,38.552534],[-0.156885,38.552066],[-0.156919,38.551999],[-0.156964,38.55195],[-0.157033,38.551914],[-0.157121,38.551896],[-0.157259,38.551883],[-0.157447,38.551885],[-0.157527,38.55184],[-0.157561,38.551767],[-0.15756,38.551618],[-0.157393,38.550919],[-0.157446,38.550706]]},"properties":{"id_origen":"HY-P_WATERCOURSE_ES080HYWCSL0000003179792","local_id":"ES080HYWCSL0000020019534","nombre":"Barranco de la Tapia","long_municipal_m":910.17}},{"type":"Feature","id":35,"geometry":{"type":"LineString","coordinates":[[-0.126591,38.559229],[-0.126524,38.559176],[-0.126487,38.559156],[-0.126462,38.559142],[-0.126444,38.559132],[-0.12642,38.559119],[-0.126395,38.559105],[-0.126362,38.559087],[-0.126321,38.559064],[-0.126299,38.559048],[-0.126286,38.559038],[-0.126263,38.559015],[-0.126239,38.55899],[-0.126228,38.558977],[-0.126213,38.558959],[-0.126186,38.558927],[-0.12617,38.558907],[-0.126161,38.558893],[-0.12613,38.558852],[-0.12612,38.558839],[-0.126102,38.558818],[-0.12609,38.558803],[-0.12607,38.558777],[-0.126054,38.558757],[-0.126039,38.558739],[-0.126029,38.558729],[-0.125989,38.558687],[-0.125976,38.558673],[-0.125963,38.558654],[-0.125954,38.558638],[-0.125943,38.558614],[-0.125889,38.558486],[-0.125872,38.558448],[-0.125853,38.55841],[-0.125844,38.558391],[-0.125834,38.558369],[-0.125806,38.55831],[-0.1258,38.558293],[-0.125795,38.558277],[-0.125791,38.558258],[-0.125764,38.558144],[-0.125762,38.55813],[-0.125758,38.558088],[-0.125756,38.558029],[-0.125753,38.558],[-0.125749,38.557976],[-0.125746,38.557951],[-0.125743,38.557932],[-0.125732,38.55786],[-0.125726,38.557805],[-0.125723,38.557785],[-0.125719,38.557754],[-0.12571,38.557669],[-0.12571,38.557648],[-0.125708,38.55762],[-0.125708,38.557584],[-0.12571,38.557547],[-0.125713,38.55753],[-0.12572,38.557514],[-0.125732,38.55749],[-0.125742,38.557471],[-0.125753,38.557448],[-0.125763,38.557424],[-0.125793,38.557362],[-0.125815,38.557326],[-0.125827,38.557313],[-0.125858,38.557281],[-0.12587,38.557267],[-0.125905,38.557228],[-0.12593,38.557201],[-0.125948,38.55718],[-0.12599,38.55713],[-0.126008,38.557106],[-0.126023,38.557076],[-0.126035,38.557053],[-0.126046,38.557029],[-0.126064,38.556989],[-0.126072,38.556962],[-0.126077,38.556923],[-0.12608,38.556885],[-0.126081,38.556859],[-0.126081,38.556843],[-0.12608,38.556828],[-0.126073,38.556794],[-0.126064,38.556756],[-0.126059,38.55674],[-0.126046,38.556697],[-0.126013,38.556557],[-0.126014,38.556412],[-0.126017,38.556296],[-0.12602,38.556232],[-0.126023,38.556175],[-0.126018,38.556158],[-0.126005,38.556141],[-0.125991,38.556127],[-0.125974,38.556111],[-0.125946,38.556086],[-0.12593,38.556075],[-0.125911,38.556063],[-0.125895,38.556054],[-0.125875,38.556043],[-0.125858,38.556035],[-0.125841,38.556027],[-0.125821,38.556021],[-0.1258,38.556016],[-0.125775,38.55601],[-0.125743,38.556003],[-0.125687,38.555991],[-0.125661,38.555985],[-0.125641,38.555979],[-0.125622,38.555972],[-0.125497,38.555919],[-0.125395,38.555878],[-0.125337,38.555854],[-0.125304,38.55584],[-0.125289,38.555833],[-0.125157,38.555776],[-0.125014,38.555767],[-0.12492,38.555737],[-0.124903,38.55573],[-0.124886,38.555718],[-0.124875,38.555706],[-0.124866,38.555693],[-0.124857,38.555672],[-0.124855,38.555651],[-0.124854,38.555637],[-0.12485,38.555621],[-0.124832,38.555538],[-0.124826,38.555511],[-0.124817,38.555484],[-0.124811,38.555465],[-0.124792,38.555414],[-0.124776,38.555372],[-0.124683,38.555298]]},"properties":{"id_origen":"HY-P_WATERCOURSE_ES080HYWCSL0000003181647","local_id":"ES080HYWCSL0000200195382","nombre":"Barranc del Lliriet","long_municipal_m":538.19}},{"type":"Feature","id":36,"geometry":{"type":"LineString","coordinates":[[-0.136207,38.560541],[-0.136211,38.560541],[-0.136265,38.560513],[-0.136324,38.560477],[-0.136415,38.560451],[-0.136419,38.560447],[-0.136449,38.560423],[-0.136457,38.560416],[-0.1365,38.560382],[-0.136614,38.56023],[-0.13666,38.560068],[-0.13676,38.559973],[-0.13688,38.559894],[-0.137033,38.55987],[-0.137242,38.559837],[-0.137532,38.559816],[-0.137853,38.559808],[-0.138134,38.559786],[-0.138199,38.559665],[-0.138241,38.559525],[-0.138233,38.559405],[-0.138185,38.559199],[-0.138073,38.559093],[-0.138041,38.559079],[-0.137932,38.559033],[-0.137778,38.558972],[-0.137369,38.558959],[-0.137162,38.558951],[-0.137137,38.55895],[-0.137134,38.55895],[-0.137117,38.558948],[-0.136662,38.558901],[-0.136513,38.558885],[-0.136407,38.558785],[-0.136214,38.558604],[-0.1362,38.55844],[-0.136214,38.558289],[-0.136282,38.558096],[-0.136323,38.557876],[-0.136432,38.557738],[-0.136447,38.557578],[-0.136429,38.557304],[-0.136427,38.557269],[-0.136386,38.557091],[-0.136427,38.556957],[-0.13647,38.556792],[-0.136489,38.556619],[-0.13646,38.556433],[-0.136445,38.556346],[-0.136438,38.556235]]},"properties":{"id_origen":"HY-P_WATERCOURSE_ES080HYWCSL0000003191047","local_id":"ES080HYWCSL0000020019536","nombre":"Barranc dels Tolls","long_municipal_m":738.3}},{"type":"Feature","id":37,"geometry":{"type":"LineString","coordinates":[[-0.139786,38.566723],[-0.139709,38.566692],[-0.139687,38.566683],[-0.139565,38.566633],[-0.139491,38.566583],[-0.13931,38.566465],[-0.139268,38.566437],[-0.139218,38.566404],[-0.139139,38.566342],[-0.139101,38.566313],[-0.138961,38.566108],[-0.13883,38.565966],[-0.138652,38.565824],[-0.138613,38.56576],[-0.138543,38.565645],[-0.138469,38.565489],[-0.138339,38.565382],[-0.138259,38.565317],[-0.13822,38.565323],[-0.138174,38.565331],[-0.137978,38.565231],[-0.137837,38.565146],[-0.137797,38.565113],[-0.13769,38.565023],[-0.137682,38.565009],[-0.137626,38.564905],[-0.137566,38.5648],[-0.13748,38.564698],[-0.137394,38.564597],[-0.137385,38.564578],[-0.137346,38.564496],[-0.13727,38.56439],[-0.137166,38.564277],[-0.137012,38.564132],[-0.136848,38.564027],[-0.136725,38.563892],[-0.136654,38.563758],[-0.136547,38.56362],[-0.136378,38.563453],[-0.136362,38.563437],[-0.136258,38.56333],[-0.136164,38.563225],[-0.136029,38.563072],[-0.13602,38.563063],[-0.135957,38.562844],[-0.135936,38.562674],[-0.135904,38.562472],[-0.135797,38.562326],[-0.135787,38.562312],[-0.135787,38.562186],[-0.135767,38.562088],[-0.135688,38.561973],[-0.135615,38.561867],[-0.135539,38.561763],[-0.135475,38.561675],[-0.13549,38.561617],[-0.135578,38.561284],[-0.135579,38.561215],[-0.135581,38.561118],[-0.135734,38.560901],[-0.135827,38.560776],[-0.135895,38.560712]]},"properties":{"id_origen":"HY-P_WATERCOURSE_ES080HYWCSL0000003192208","local_id":"ES080HYWCSL0000020019536","nombre":"Barranc dels Tolls","long_municipal_m":816.39}},{"type":"Feature","id":38,"geometry":{"type":"LineString","coordinates":[[-0.12411,38.55485],[-0.124086,38.554841],[-0.124046,38.554825],[-0.124007,38.554809],[-0.123964,38.554788],[-0.123912,38.554759],[-0.123878,38.554738],[-0.123851,38.554721],[-0.123822,38.554701],[-0.123793,38.554681],[-0.123765,38.554662],[-0.123737,38.554642],[-0.123721,38.554632],[-0.123705,38.554622],[-0.123692,38.554611],[-0.123687,38.554597],[-0.123686,38.554573],[-0.123687,38.55455],[-0.123694,38.554495],[-0.123702,38.554439],[-0.123713,38.554381],[-0.123723,38.554322],[-0.123732,38.554265],[-0.123738,38.554208],[-0.12374,38.554156],[-0.123737,38.554131],[-0.123732,38.554105],[-0.123714,38.554032],[-0.123696,38.553959],[-0.123694,38.553945],[-0.123688,38.55392],[-0.123679,38.553901],[-0.123669,38.553878],[-0.123657,38.553855],[-0.123638,38.553828],[-0.123613,38.553803],[-0.123579,38.553774],[-0.12356,38.553758],[-0.123541,38.553741],[-0.123522,38.553723],[-0.123506,38.553703],[-0.123491,38.553684],[-0.123478,38.553664],[-0.123466,38.553633],[-0.123458,38.553598],[-0.123457,38.553584],[-0.123458,38.55356],[-0.123459,38.553528],[-0.123458,38.553511],[-0.123455,38.553495],[-0.123431,38.553449],[-0.123409,38.553409],[-0.123388,38.553371],[-0.123367,38.553334],[-0.123345,38.553299],[-0.123322,38.553265],[-0.123312,38.553246],[-0.123304,38.553226],[-0.123279,38.553158],[-0.123268,38.553124],[-0.123264,38.553089],[-0.123266,38.553075],[-0.123269,38.553061],[-0.12327,38.553047],[-0.123266,38.55303],[-0.123247,38.553009],[-0.123242,38.552993],[-0.123238,38.552973],[-0.123224,38.552952],[-0.123211,38.552939],[-0.123196,38.552924],[-0.123188,38.552912],[-0.123187,38.552892],[-0.123187,38.552877],[-0.123187,38.552862],[-0.123187,38.552844],[-0.123172,38.552828],[-0.123152,38.552811],[-0.123142,38.552801],[-0.123131,38.552781],[-0.123124,38.552764],[-0.123107,38.552721],[-0.123091,38.552678],[-0.123085,38.552658],[-0.123037,38.552491],[-0.122988,38.552384],[-0.122992,38.552298],[-0.122951,38.552235],[-0.122927,38.552172],[-0.122859,38.551994],[-0.122803,38.551888],[-0.122792,38.55175],[-0.122788,38.551729],[-0.122782,38.551703],[-0.122774,38.551661],[-0.122759,38.551593],[-0.122751,38.551544],[-0.122743,38.551517],[-0.122736,38.551489],[-0.122728,38.551459],[-0.122721,38.551428],[-0.1227,38.551328],[-0.122679,38.551228],[-0.122674,38.551196],[-0.122668,38.551164],[-0.122657,38.55112],[-0.122639,38.551078],[-0.122622,38.551042],[-0.122604,38.551006],[-0.122585,38.550964],[-0.122567,38.550921],[-0.122548,38.550869],[-0.122529,38.550817],[-0.122512,38.55077],[-0.122495,38.550723],[-0.122485,38.550699],[-0.122466,38.550663],[-0.122459,38.550646],[-0.122457,38.550628],[-0.122459,38.550615],[-0.122464,38.550596],[-0.122469,38.550579],[-0.12247,38.550561],[-0.122468,38.550544],[-0.122457,38.550517],[-0.122443,38.55049],[-0.122427,38.550463],[-0.122411,38.550436],[-0.122391,38.55041],[-0.122371,38.550384],[-0.12235,38.550361],[-0.12233,38.550339],[-0.122312,38.550313],[-0.1223,38.550286],[-0.122293,38.550267],[-0.122285,38.550247],[-0.122277,38.550229],[-0.122267,38.550211],[-0.122237,38.550139],[-0.122208,38.550067],[-0.122196,38.550037],[-0.122184,38.550007],[-0.122168,38.549975],[-0.122152,38.549942],[-0.122139,38.549914],[-0.122128,38.549886],[-0.122127,38.549873],[-0.12213,38.549854],[-0.122131,38.549834],[-0.122126,38.549815],[-0.12212,38.549796],[-0.122108,38.549757],[-0.122094,38.549719],[-0.122086,38.549705],[-0.122076,38.549692],[-0.122058,38.549676],[-0.122041,38.54966],[-0.122028,38.549645],[-0.122017,38.549628],[-0.121991,38.549575],[-0.121969,38.549521],[-0.121961,38.5495],[-0.121954,38.549478],[-0.121947,38.549452],[-0.121942,38.549425],[-0.121936,38.549369],[-0.121931,38.549333],[-0.121924,38.549298],[-0.121917,38.549262],[-0.121906,38.549226],[-0.121889,38.54918],[-0.121872,38.549133],[-0.121863,38.549113],[-0.121856,38.549092],[-0.121837,38.549027],[-0.121829,38.549],[-0.121821,38.548972],[-0.121805,38.54893],[-0.121785,38.548888],[-0.121759,38.548837],[-0.121698,38.548715],[-0.12169,38.548698],[-0.12168,38.548679],[-0.121639,38.548603],[-0.12163,38.548585],[-0.121622,38.548572],[-0.121613,38.548559],[-0.121601,38.548547],[-0.121576,38.548537],[-0.12155,38.54853],[-0.121523,38.548526],[-0.121496,38.548523],[-0.12147,38.548523],[-0.121444,38.548528],[-0.121336,38.548556],[-0.121231,38.548587],[-0.121158,38.548612],[-0.121086,38.548638],[-0.121016,38.548662],[-0.120946,38.548686],[-0.120922,38.548694],[-0.120898,38.548702],[-0.120856,38.548711],[-0.120813,38.54872],[-0.120761,38.548731],[-0.120708,38.548743],[-0.12068,38.548744],[-0.120651,38.548743],[-0.120628,38.548741],[-0.120606,38.548738],[-0.120574,38.54873],[-0.120543,38.548719],[-0.120523,38.548707],[-0.120505,38.548695],[-0.120478,38.548673],[-0.120452,38.548649],[-0.12043,38.548625],[-0.120407,38.548602],[-0.120383,38.548576],[-0.120357,38.54855],[-0.120336,38.548534],[-0.120313,38.548518],[-0.120212,38.548452],[-0.120158,38.548422],[-0.120102,38.548395],[-0.120087,38.548388],[-0.120051,38.548372],[-0.12003,38.548363],[-0.120006,38.548357],[-0.119982,38.548352],[-0.119966,38.548349],[-0.119939,38.548343],[-0.119902,38.548337],[-0.119869,38.548333],[-0.119832,38.548326],[-0.119814,38.548321],[-0.119798,38.548311],[-0.119784,38.548299],[-0.119767,38.548283],[-0.119759,38.548263],[-0.119754,38.548237],[-0.119753,38.548211],[-0.119753,38.548177],[-0.119754,38.548143],[-0.119754,38.54811],[-0.119753,38.548076],[-0.119751,38.548042],[-0.119747,38.548007],[-0.119737,38.547976],[-0.119726,38.547944],[-0.119712,38.547907],[-0.119698,38.547871],[-0.119681,38.547841],[-0.119672,38.547826],[-0.11966,38.547812],[-0.119619,38.54778],[-0.119586,38.547759],[-0.119536,38.547729],[-0.11948,38.547704],[-0.119434,38.547684],[-0.119388,38.547665],[-0.119336,38.547644],[-0.119284,38.547624],[-0.119235,38.547604],[-0.119185,38.547584],[-0.119133,38.547563],[-0.119075,38.547534],[-0.119054,38.547517],[-0.119045,38.5475],[-0.119037,38.547474],[-0.119029,38.547448],[-0.119016,38.547414],[-0.119001,38.547381],[-0.118982,38.547341],[-0.118962,38.547301],[-0.118949,38.547277],[-0.118937,38.547253],[-0.118926,38.547224],[-0.118916,38.547196],[-0.118902,38.547158],[-0.118887,38.547121],[-0.118871,38.547086],[-0.11885,38.547052],[-0.118819,38.547003],[-0.118787,38.546954],[-0.118723,38.546863],[-0.118692,38.546812],[-0.118675,38.546782],[-0.118663,38.546751],[-0.118651,38.546712],[-0.11864,38.546674],[-0.118631,38.54664],[-0.118623,38.546612],[-0.118614,38.546586],[-0.118605,38.546566],[-0.118599,38.546553],[-0.11859,38.546537],[-0.118581,38.54652],[-0.118573,38.546503],[-0.118565,38.546485],[-0.118557,38.546471],[-0.118521,38.546427],[-0.11848,38.546383],[-0.118466,38.54637],[-0.118423,38.546326],[-0.118381,38.546282],[-0.118369,38.546268],[-0.118357,38.546254],[-0.118345,38.54624],[-0.118334,38.546226],[-0.118317,38.546205],[-0.118296,38.546172],[-0.118259,38.546117],[-0.118245,38.546097],[-0.118227,38.546078],[-0.11821,38.546061],[-0.118193,38.546044],[-0.118169,38.54602],[-0.118145,38.545995],[-0.118102,38.545939],[-0.11806,38.545883],[-0.118012,38.545826],[-0.117964,38.545769],[-0.117946,38.54574],[-0.11793,38.545711],[-0.117921,38.545691],[-0.117911,38.545671],[-0.117904,38.545658],[-0.117894,38.54564],[-0.117883,38.545619],[-0.117873,38.545604],[-0.117825,38.545569],[-0.117769,38.54553],[-0.11736,38.545225],[-0.116981,38.544918],[-0.116822,38.544774],[-0.11681,38.544759],[-0.116797,38.544743],[-0.116399,38.544267],[-0.116098,38.543764],[-0.116052,38.543672],[-0.115284,38.542115],[-0.115008,38.541692],[-0.114925,38.541565],[-0.114743,38.54135],[-0.114444,38.540994],[-0.113681,38.540199],[-0.113627,38.540109]]},"properties":{"id_origen":"HY-P_WATERCOURSE_ES080HYWCSL0000003196403","local_id":"ES080HYWCSL0000200195382","nombre":"Barranc del Lliriet","long_municipal_m":2016.05}},{"type":"Feature","id":39,"geometry":{"type":"LineString","coordinates":[[-0.153996,38.564894],[-0.154042,38.564713],[-0.154077,38.564418],[-0.154047,38.564368],[-0.153898,38.56422],[-0.153933,38.563927],[-0.153846,38.563738],[-0.153809,38.563598],[-0.153801,38.563509],[-0.153836,38.563308],[-0.153903,38.563146],[-0.153904,38.563014],[-0.153926,38.562915],[-0.153974,38.562835],[-0.154132,38.562662],[-0.154157,38.562604],[-0.15415,38.562469],[-0.154177,38.562338],[-0.154114,38.56216],[-0.154077,38.562001],[-0.154125,38.561683],[-0.154122,38.561624],[-0.154094,38.561531],[-0.154009,38.561333],[-0.153958,38.56125],[-0.153853,38.561156],[-0.153578,38.560991],[-0.153495,38.560919],[-0.153464,38.560862],[-0.153399,38.560631],[-0.153466,38.560434],[-0.153511,38.560084],[-0.153294,38.559634],[-0.153259,38.559464],[-0.153194,38.559303],[-0.15321,38.558936],[-0.153365,38.558895],[-0.153436,38.55883],[-0.153498,38.558745],[-0.153595,38.558648],[-0.15395,38.558238],[-0.154072,38.558148],[-0.154213,38.558025],[-0.15443,38.557884],[-0.154771,38.5576],[-0.154852,38.557469]]},"properties":{"id_origen":"HY-P_WATERCOURSE_ES080HYWCSL0000003195898","local_id":"ES080HYWCSL0000020019534","nombre":"Barranco de la Tapia","long_municipal_m":925.91}},{"type":"Feature","id":40,"geometry":{"type":"LineString","coordinates":[[-0.15789,38.545099],[-0.158027,38.544939],[-0.158211,38.544837],[-0.158262,38.544796],[-0.158379,38.544626],[-0.158409,38.54447],[-0.158539,38.544059],[-0.158573,38.543892],[-0.158606,38.543813],[-0.158658,38.543751],[-0.158715,38.543642],[-0.158703,38.543547],[-0.158529,38.543168],[-0.158417,38.543048],[-0.157779,38.542785],[-0.157416,38.542689],[-0.157328,38.542654],[-0.157306,38.542651],[-0.157283,38.542648],[-0.157262,38.542644],[-0.157243,38.54263],[-0.157225,38.542611],[-0.157209,38.542596],[-0.157192,38.542581],[-0.157178,38.542566],[-0.157174,38.542551],[-0.157183,38.542529],[-0.157194,38.542509],[-0.157202,38.542494],[-0.15721,38.54248],[-0.157218,38.542464],[-0.157223,38.542447],[-0.157226,38.54243],[-0.157229,38.542411],[-0.157232,38.542393],[-0.157233,38.542374],[-0.157235,38.542354],[-0.157237,38.542334],[-0.157239,38.542317],[-0.15724,38.542298],[-0.157239,38.542281],[-0.157235,38.542262],[-0.157232,38.542243],[-0.157228,38.54222],[-0.157224,38.542197],[-0.157221,38.542171],[-0.15722,38.542146],[-0.157225,38.542101],[-0.15723,38.542056],[-0.157234,38.542017],[-0.157238,38.541992],[-0.157243,38.541967],[-0.15725,38.541941],[-0.157257,38.541916],[-0.157275,38.541859],[-0.157281,38.541835],[-0.157287,38.541812],[-0.157299,38.541791],[-0.157313,38.541772],[-0.157328,38.541754],[-0.157345,38.541737],[-0.157363,38.541719],[-0.157388,38.541698],[-0.15743,38.541671],[-0.157469,38.541642],[-0.157505,38.541613],[-0.157529,38.541581],[-0.157556,38.541554],[-0.157582,38.541527],[-0.157589,38.541492],[-0.157595,38.541459],[-0.157628,38.541335],[-0.157481,38.540894],[-0.157531,38.540571],[-0.157514,38.5404],[-0.157422,38.540226],[-0.157301,38.540068],[-0.157169,38.539927],[-0.157109,38.539826],[-0.157125,38.539687],[-0.157172,38.539589],[-0.15724,38.539508],[-0.1573,38.539399],[-0.157312,38.539341],[-0.157352,38.53929],[-0.157353,38.53925],[-0.157337,38.539199],[-0.157328,38.539185],[-0.157285,38.539129],[-0.157152,38.539095],[-0.15711,38.539071]]},"properties":{"id_origen":"HY-P_WATERCOURSE_ES080HYWCSL0000003198973","local_id":"ES080HYWCSL0000020019534","nombre":"Barranco de la Tapia","long_municipal_m":804.31}},{"type":"Feature","id":41,"geometry":{"type":"LineString","coordinates":[[-0.110938,38.561687],[-0.110939,38.561687],[-0.110963,38.561671],[-0.111013,38.561571],[-0.111004,38.561494],[-0.110991,38.561476],[-0.110931,38.56144],[-0.110915,38.561431],[-0.110884,38.56142],[-0.110786,38.561391],[-0.110735,38.561373],[-0.110684,38.561355],[-0.110587,38.56134],[-0.110543,38.561332],[-0.110503,38.561347],[-0.110475,38.561348],[-0.110435,38.561361],[-0.110408,38.561363],[-0.110382,38.561364],[-0.110334,38.561366],[-0.110285,38.561366],[-0.110239,38.561365],[-0.110194,38.561359],[-0.110152,38.561351],[-0.110112,38.561341],[-0.11008,38.561332],[-0.110052,38.561319],[-0.110014,38.561295],[-0.109976,38.561271],[-0.109954,38.561258],[-0.109941,38.561251],[-0.109907,38.561231],[-0.10987,38.561206],[-0.109837,38.561178],[-0.109793,38.56114],[-0.109751,38.561101],[-0.109719,38.561069],[-0.109688,38.561036],[-0.109662,38.561],[-0.109637,38.560965],[-0.109615,38.56093],[-0.109599,38.560893],[-0.109591,38.560864],[-0.109589,38.56085],[-0.109592,38.560836],[-0.109599,38.560814],[-0.10961,38.560793],[-0.10963,38.560767],[-0.109652,38.560741],[-0.109679,38.560712],[-0.109706,38.560684],[-0.109729,38.560657],[-0.109751,38.560629],[-0.109759,38.560606],[-0.109763,38.560583],[-0.109764,38.560558],[-0.10975,38.560539],[-0.109729,38.560529],[-0.109711,38.560525],[-0.10968,38.560517],[-0.109649,38.560511],[-0.109589,38.560504],[-0.10953,38.560496],[-0.109405,38.56048],[-0.109345,38.560472],[-0.109288,38.56046],[-0.109265,38.56046],[-0.109233,38.560453],[-0.109076,38.560398],[-0.109049,38.560372],[-0.108995,38.560107],[-0.108996,38.560045],[-0.109074,38.559837],[-0.109085,38.55981],[-0.109167,38.55964],[-0.109173,38.559629],[-0.10918,38.559614],[-0.109217,38.559562],[-0.10923,38.559539],[-0.109292,38.559447],[-0.109317,38.55942],[-0.109361,38.559388],[-0.109419,38.559353],[-0.109455,38.559331],[-0.109544,38.559283],[-0.109561,38.559273],[-0.109634,38.559228]]},"properties":{"id_origen":"HY-P_WATERCOURSE_ES080HYWCSL0000003200477","local_id":"ES080HYWCSL0000020019538","nombre":"Barranc de la Foia Manera","long_municipal_m":430.87}},{"type":"Feature","id":42,"geometry":{"type":"LineString","coordinates":[[-0.109634,38.559228],[-0.1096,38.559106],[-0.109515,38.558966],[-0.109471,38.558826],[-0.109482,38.558789],[-0.109516,38.558756],[-0.109533,38.558744],[-0.109545,38.558732],[-0.109561,38.558708],[-0.109577,38.558683],[-0.109565,38.558629],[-0.109486,38.558579],[-0.109392,38.558547],[-0.109236,38.558527],[-0.10918,38.558529],[-0.109074,38.558538],[-0.109,38.558588],[-0.108886,38.558659],[-0.108821,38.558696],[-0.108789,38.558711],[-0.108721,38.55873],[-0.108596,38.558735],[-0.108506,38.558718],[-0.108415,38.55868],[-0.108294,38.558574],[-0.108275,38.558508],[-0.108276,38.558405],[-0.108281,38.558304],[-0.108281,38.558282],[-0.108281,38.558265],[-0.10828,38.558247],[-0.108277,38.558233],[-0.108273,38.558213],[-0.10827,38.558196],[-0.108265,38.558178],[-0.108258,38.558157],[-0.108249,38.55814],[-0.108236,38.558121],[-0.108216,38.558095],[-0.108137,38.557997],[-0.108129,38.557986],[-0.108107,38.557958],[-0.108019,38.557864],[-0.107965,38.557809],[-0.107937,38.557783],[-0.107914,38.557761],[-0.107898,38.557749],[-0.107875,38.557727],[-0.107771,38.557647],[-0.107749,38.557629],[-0.107731,38.557612],[-0.107691,38.557577],[-0.107663,38.557553],[-0.107629,38.557524],[-0.107613,38.557514],[-0.107591,38.557508],[-0.107557,38.557503],[-0.107504,38.557496],[-0.107485,38.557494],[-0.107465,38.557492],[-0.107429,38.557488],[-0.107407,38.557484],[-0.107389,38.557479],[-0.107362,38.55747],[-0.107302,38.557449],[-0.107273,38.55744],[-0.10718,38.557408],[-0.107099,38.557378],[-0.107017,38.557321],[-0.106992,38.557303],[-0.106938,38.557266],[-0.10687,38.557228],[-0.10686,38.557211],[-0.106867,38.557038],[-0.106832,38.556753],[-0.106831,38.556402],[-0.106766,38.556241],[-0.106746,38.556194],[-0.106739,38.556175],[-0.106735,38.556162],[-0.106732,38.556142],[-0.106735,38.556123],[-0.106744,38.556101],[-0.10676,38.556081],[-0.106774,38.556066],[-0.106796,38.556045],[-0.106822,38.55602],[-0.106834,38.556008],[-0.106843,38.555998],[-0.106858,38.555983],[-0.106875,38.555963],[-0.106885,38.555945],[-0.106888,38.555924],[-0.106888,38.555904],[-0.106891,38.555798],[-0.10689,38.555759],[-0.106846,38.555672],[-0.10683,38.555643],[-0.106819,38.555624],[-0.106804,38.5556],[-0.106789,38.555577],[-0.106766,38.55555],[-0.106697,38.55547],[-0.106662,38.55543],[-0.106641,38.555407],[-0.106545,38.555302],[-0.106526,38.555279],[-0.106518,38.555263],[-0.10651,38.555247],[-0.106501,38.555226],[-0.106488,38.555192],[-0.106473,38.555151],[-0.10646,38.555114],[-0.106452,38.555074],[-0.106444,38.555032],[-0.106435,38.554985],[-0.10643,38.554956],[-0.106422,38.554912],[-0.106418,38.554887],[-0.106414,38.554859],[-0.106411,38.554839],[-0.106409,38.554823],[-0.106407,38.554807],[-0.106406,38.554791],[-0.106406,38.554772],[-0.106408,38.554755],[-0.106412,38.554722],[-0.106414,38.554702],[-0.106417,38.554681],[-0.106419,38.554665],[-0.106424,38.554636],[-0.106432,38.554589],[-0.106438,38.554553],[-0.10644,38.554539],[-0.106442,38.554523],[-0.106444,38.554508],[-0.106446,38.554494],[-0.106448,38.554481],[-0.106451,38.554463],[-0.106455,38.554431],[-0.106457,38.554416],[-0.106466,38.554329],[-0.106425,38.554286],[-0.106385,38.554245],[-0.106336,38.554085],[-0.106278,38.553954],[-0.106105,38.55375],[-0.105909,38.553526],[-0.105813,38.553389],[-0.105578,38.553073],[-0.105297,38.552778],[-0.105257,38.552761],[-0.105224,38.552732],[-0.105171,38.552687],[-0.104996,38.552534],[-0.104891,38.552445],[-0.104515,38.552187],[-0.104452,38.552135]]},"properties":{"id_origen":"HY-P_WATERCOURSE_ES080HYWCSL0000003204613","local_id":"ES080HYWCSL0000020019538","nombre":"Barranc de la Foia Manera","long_municipal_m":1053.79}},{"type":"Feature","id":43,"geometry":{"type":"LineString","coordinates":[[-0.157165,38.548268],[-0.157171,38.548116],[-0.157212,38.547974],[-0.157219,38.54795],[-0.157226,38.547931],[-0.157234,38.547906],[-0.157243,38.547882],[-0.157265,38.547825],[-0.157289,38.54776],[-0.157296,38.547741],[-0.157305,38.547717],[-0.157311,38.547698],[-0.157316,38.547682],[-0.157323,38.547658],[-0.15733,38.547633],[-0.157337,38.547609],[-0.157344,38.547585],[-0.157351,38.547561],[-0.157358,38.547537],[-0.157364,38.547513],[-0.157369,38.547489],[-0.157374,38.547464],[-0.157379,38.54744],[-0.157382,38.547424],[-0.157386,38.5474],[-0.157389,38.547384],[-0.157393,38.547359],[-0.157395,38.547343],[-0.157397,38.547325],[-0.157401,38.547294],[-0.157405,38.547252],[-0.157408,38.547227],[-0.15741,38.54721],[-0.157422,38.547096],[-0.157429,38.547023],[-0.157444,38.546878],[-0.157449,38.546831],[-0.157454,38.546786],[-0.157459,38.546741],[-0.157463,38.546701],[-0.157466,38.546676],[-0.157469,38.546656],[-0.157471,38.546636],[-0.157475,38.546614],[-0.15748,38.546594]]},"properties":{"id_origen":"HY-P_WATERCOURSE_ES080HYWCSL0000003209426","local_id":"ES080HYWCSL0000020019534","nombre":"Barranco de la Tapia","long_municipal_m":188.79}},{"type":"Feature","id":44,"geometry":{"type":"LineString","coordinates":[[-0.153514,38.539682],[-0.153448,38.539432],[-0.153407,38.539307],[-0.153361,38.539168],[-0.153267,38.538877],[-0.153205,38.538575],[-0.153098,38.538406],[-0.153084,38.538373],[-0.153008,38.5382],[-0.152766,38.537938],[-0.152762,38.537932],[-0.152682,38.537814],[-0.152602,38.537703],[-0.152589,38.537684],[-0.152337,38.537461],[-0.152107,38.537302],[-0.152094,38.53729],[-0.152019,38.537223],[-0.151996,38.537203],[-0.151981,38.53719],[-0.151939,38.537134],[-0.151834,38.537001],[-0.151773,38.536915],[-0.151752,38.536886],[-0.151742,38.536871],[-0.151655,38.5366],[-0.151607,38.536398]]},"properties":{"id_origen":"HY-P_WATERCOURSE_ES080HYWCSL0000003210026","local_id":"ES080HYWCSL0980320005076","nombre":"Barranc de la Vela Blanca","long_municipal_m":410.8}},{"type":"Feature","id":45,"geometry":{"type":"LineString","coordinates":[[-0.133785,38.565242],[-0.133779,38.565242],[-0.133739,38.565238],[-0.1337,38.565235],[-0.133674,38.565233],[-0.133634,38.56523],[-0.133584,38.565226],[-0.133545,38.565224],[-0.133499,38.565221],[-0.133452,38.565219],[-0.133421,38.565218],[-0.133389,38.565218],[-0.133342,38.565218],[-0.133319,38.565219],[-0.133296,38.565219],[-0.133268,38.565219],[-0.13324,38.56522],[-0.133215,38.565221],[-0.133182,38.565223],[-0.13314,38.565225],[-0.133098,38.565228],[-0.133057,38.565233],[-0.133016,38.56524],[-0.132983,38.565246],[-0.13295,38.565252],[-0.132917,38.565259],[-0.132891,38.565267],[-0.132868,38.565275],[-0.132846,38.565283],[-0.13282,38.565293],[-0.132786,38.565308],[-0.132721,38.565335],[-0.132705,38.565341],[-0.132677,38.56535],[-0.132649,38.56536],[-0.132616,38.565368],[-0.132586,38.565374],[-0.132568,38.565377],[-0.13255,38.565379],[-0.132533,38.565378],[-0.132505,38.565375],[-0.132463,38.565366],[-0.132437,38.56536],[-0.132412,38.565348],[-0.132392,38.565335],[-0.132374,38.565313],[-0.132364,38.565299],[-0.132352,38.565281],[-0.132342,38.565263],[-0.132332,38.565241],[-0.132315,38.565203],[-0.132287,38.565139],[-0.132265,38.56509],[-0.132246,38.565046],[-0.132229,38.565008],[-0.132221,38.564991],[-0.132214,38.564976],[-0.132196,38.564938],[-0.132189,38.564924],[-0.132178,38.564909],[-0.132159,38.564892],[-0.132141,38.56488],[-0.132126,38.564871],[-0.1321,38.564858],[-0.132064,38.564842],[-0.132046,38.564833],[-0.132017,38.564822],[-0.131993,38.564815],[-0.131969,38.564808],[-0.131944,38.564802],[-0.131924,38.564798],[-0.131894,38.564794],[-0.131856,38.564792],[-0.131838,38.564792],[-0.131811,38.564793],[-0.131779,38.564795],[-0.131749,38.5648],[-0.13171,38.564808],[-0.131676,38.564815],[-0.131626,38.564827],[-0.131551,38.564845],[-0.131468,38.564864],[-0.131435,38.564871],[-0.131401,38.564878],[-0.13137,38.564884],[-0.131302,38.564894],[-0.131232,38.564904],[-0.131213,38.564906],[-0.131176,38.56491],[-0.131157,38.56491],[-0.131138,38.564905],[-0.131129,38.564886],[-0.131117,38.564856],[-0.131101,38.564816],[-0.131096,38.564803],[-0.131048,38.564681],[-0.131038,38.564664],[-0.131026,38.564646],[-0.131002,38.564611],[-0.130994,38.564584],[-0.130989,38.564564],[-0.130986,38.564549],[-0.130982,38.564528],[-0.130979,38.564508],[-0.130974,38.564482],[-0.130966,38.564431],[-0.130963,38.564416],[-0.130959,38.564396],[-0.130955,38.56438],[-0.130947,38.564349],[-0.130933,38.564296],[-0.130929,38.564276],[-0.130924,38.564248],[-0.130921,38.564229],[-0.130922,38.564203],[-0.130924,38.564184],[-0.130927,38.564168],[-0.13093,38.56415],[-0.130932,38.564136],[-0.130935,38.564119],[-0.130941,38.564092],[-0.130958,38.564003],[-0.130962,38.563983],[-0.130965,38.563963],[-0.130967,38.563948],[-0.130975,38.563892],[-0.130977,38.563877],[-0.13098,38.563857],[-0.130992,38.563794],[-0.130998,38.563763],[-0.131005,38.563723],[-0.131009,38.563708],[-0.131012,38.563686],[-0.131016,38.563667],[-0.131019,38.563649],[-0.131024,38.563614],[-0.131026,38.563593],[-0.131032,38.563533],[-0.131033,38.563516],[-0.131033,38.56349],[-0.131033,38.563471],[-0.131031,38.563451],[-0.131023,38.563434],[-0.131014,38.563423],[-0.130996,38.563409],[-0.130972,38.563399],[-0.130951,38.563391],[-0.130933,38.563387],[-0.130896,38.563379],[-0.130851,38.563372],[-0.130812,38.563369],[-0.130791,38.563368],[-0.130765,38.563367],[-0.130744,38.563366],[-0.130723,38.563364],[-0.130695,38.563358],[-0.13067,38.563352],[-0.130651,38.563344],[-0.130635,38.56333],[-0.130621,38.563315],[-0.130611,38.563288],[-0.130606,38.563268],[-0.130604,38.563254],[-0.130604,38.563236],[-0.130605,38.56321],[-0.130606,38.563195],[-0.130607,38.563167],[-0.130608,38.563149],[-0.130609,38.563135],[-0.13061,38.563121],[-0.130612,38.563107],[-0.130615,38.563094],[-0.130619,38.563075],[-0.130625,38.563057],[-0.130629,38.563044],[-0.130638,38.563024],[-0.130656,38.562993],[-0.130672,38.562968],[-0.130689,38.562944],[-0.13071,38.562914],[-0.130731,38.562885],[-0.13076,38.562852],[-0.130799,38.562808],[-0.130844,38.562757],[-0.130861,38.562739],[-0.130874,38.562726],[-0.13092,38.562679],[-0.130931,38.562666],[-0.130936,38.562653],[-0.13094,38.562633],[-0.13094,38.56261],[-0.13094,38.562594],[-0.130939,38.562576],[-0.130938,38.562561],[-0.130937,38.562547],[-0.130935,38.562528],[-0.13093,38.56251],[-0.130924,38.562496],[-0.130917,38.562481],[-0.130906,38.562468],[-0.130887,38.562456],[-0.13085,38.562432],[-0.130803,38.562382],[-0.130793,38.56237],[-0.130783,38.562355],[-0.130774,38.562337],[-0.130761,38.562307],[-0.130744,38.562265],[-0.130732,38.562228],[-0.130721,38.562191],[-0.130709,38.562148],[-0.130698,38.562104],[-0.130686,38.562057],[-0.130679,38.562021],[-0.130673,38.561995],[-0.130665,38.561956],[-0.13064,38.561824],[-0.130638,38.561811],[-0.130633,38.561785],[-0.130628,38.561761],[-0.130621,38.561718],[-0.130612,38.561676],[-0.130594,38.561542],[-0.130545,38.561423],[-0.130419,38.56121],[-0.130154,38.560895],[-0.129841,38.56046],[-0.129775,38.560427],[-0.129672,38.560407],[-0.129451,38.560396],[-0.129286,38.560405],[-0.12913,38.560448],[-0.129049,38.560487],[-0.128931,38.560568],[-0.12879,38.56061],[-0.128183,38.560704],[-0.128025,38.560711],[-0.127869,38.5607],[-0.127722,38.560663],[-0.127421,38.560554],[-0.127317,38.560505],[-0.12721,38.560436],[-0.127152,38.560378],[-0.127113,38.560309],[-0.127036,38.560034],[-0.127015,38.559954],[-0.127009,38.559932],[-0.127003,38.559908],[-0.126981,38.559825],[-0.126945,38.559726]]},"properties":{"id_origen":"HY-P_WATERCOURSE_ES080HYWCSL0000003217057","local_id":"ES080HYWCSL0000200195382","nombre":"Barranc del Lliriet","long_municipal_m":1155.89}},{"type":"Feature","id":46,"geometry":{"type":"LineString","coordinates":[[-0.156876,38.538271],[-0.156266,38.536186],[-0.156101,38.535165]]},"properties":{"id_origen":"HY-P_WATERCOURSE_ES080HYWCSL0000003229737","local_id":"ES080HYWCSL0000020019534","nombre":"Barranco de la Tapia","long_municipal_m":352.27}},{"type":"Feature","id":47,"geometry":{"type":"LineString","coordinates":[[-0.134171,38.551629],[-0.134112,38.551502],[-0.134094,38.551439],[-0.134049,38.551365],[-0.133944,38.551287],[-0.133781,38.551142],[-0.133698,38.551034],[-0.13363,38.550938],[-0.133626,38.550862],[-0.133576,38.550632],[-0.133552,38.550556],[-0.133534,38.550483],[-0.133512,38.550409],[-0.133465,38.550328],[-0.133456,38.550167],[-0.133443,38.550094],[-0.133439,38.550072],[-0.133414,38.55001],[-0.133378,38.549922],[-0.133349,38.549829],[-0.133335,38.549742],[-0.133328,38.549729],[-0.133298,38.549677],[-0.13321,38.549618],[-0.133167,38.549555],[-0.133142,38.54952],[-0.133007,38.549436],[-0.132921,38.54926],[-0.132908,38.549109],[-0.132907,38.549092],[-0.132902,38.548997],[-0.132901,38.548958],[-0.1329,38.54895],[-0.132937,38.548856],[-0.132979,38.548718],[-0.132999,38.548502],[-0.133088,38.54823],[-0.133096,38.548198],[-0.133111,38.548143],[-0.133131,38.548066],[-0.133137,38.54804]]},"properties":{"id_origen":"HY-P_WATERCOURSE_ES080HYWCSL0000003229568","local_id":"ES080HYWCSL0000020019536","nombre":"Barranc dels Tolls","long_municipal_m":432.22}},{"type":"Feature","id":48,"geometry":{"type":"LineString","coordinates":[[-0.148982,38.551896],[-0.148936,38.55185],[-0.148716,38.55176],[-0.148481,38.551567],[-0.148307,38.551377],[-0.148196,38.551289],[-0.148047,38.551212],[-0.147751,38.551123],[-0.147688,38.551092],[-0.147609,38.55102],[-0.147422,38.550811],[-0.147166,38.55069],[-0.146967,38.550575],[-0.146798,38.550456],[-0.146591,38.550282],[-0.146576,38.550268],[-0.146565,38.550257],[-0.146559,38.550242],[-0.146553,38.550219],[-0.146542,38.550181],[-0.146502,38.550072],[-0.14649,38.550039],[-0.146478,38.550009],[-0.146434,38.549881],[-0.146413,38.549832],[-0.146408,38.549818],[-0.146403,38.549803],[-0.146368,38.549745],[-0.146217,38.549583],[-0.146201,38.54957],[-0.146185,38.549556],[-0.146034,38.549311],[-0.145845,38.548896],[-0.145719,38.548683],[-0.145671,38.548603],[-0.145661,38.548592],[-0.145652,38.548583],[-0.145632,38.548547],[-0.14561,38.548512],[-0.145586,38.548473],[-0.145562,38.548434],[-0.145553,38.548413],[-0.145544,38.54838],[-0.145535,38.548347],[-0.145524,38.548309],[-0.145502,38.548279],[-0.145481,38.548249],[-0.14546,38.548221],[-0.145442,38.548192],[-0.145435,38.548174],[-0.14543,38.548145],[-0.145425,38.548116],[-0.145418,38.548084],[-0.145412,38.548052],[-0.145401,38.548026],[-0.145386,38.548002],[-0.145357,38.547973],[-0.145313,38.547932],[-0.145266,38.547894],[-0.145116,38.547779],[-0.145067,38.54774],[-0.145017,38.547702],[-0.145005,38.54769],[-0.144989,38.547671],[-0.144977,38.54765],[-0.144976,38.547635],[-0.144978,38.54762],[-0.144982,38.547606],[-0.144985,38.547586],[-0.144986,38.547565],[-0.144988,38.547545],[-0.144991,38.547532],[-0.144996,38.547516],[-0.145003,38.5475],[-0.14501,38.547483],[-0.145019,38.547467],[-0.145027,38.547451],[-0.145036,38.547435],[-0.145045,38.547416],[-0.145055,38.547397],[-0.145064,38.547376],[-0.145072,38.547355],[-0.145078,38.547331],[-0.145084,38.547308],[-0.145093,38.547272],[-0.145102,38.547237],[-0.145108,38.547212],[-0.145114,38.547187],[-0.145118,38.547165],[-0.145121,38.547144],[-0.14512,38.547123],[-0.145118,38.547101],[-0.145116,38.547084],[-0.145114,38.547067],[-0.145109,38.547044],[-0.145105,38.54702],[-0.145103,38.546997],[-0.1451,38.546973],[-0.145097,38.546952],[-0.145094,38.546931],[-0.145091,38.546911],[-0.145087,38.546886],[-0.145085,38.54687],[-0.145082,38.546847],[-0.14508,38.546824],[-0.145079,38.546801],[-0.145077,38.546778],[-0.145074,38.546755],[-0.145072,38.546733],[-0.145069,38.546712],[-0.145066,38.54669],[-0.145065,38.54667],[-0.145065,38.546649],[-0.145066,38.546629],[-0.145067,38.54661],[-0.145068,38.546594],[-0.145068,38.546578],[-0.145068,38.546555],[-0.145068,38.546532],[-0.145068,38.546515],[-0.145067,38.546498],[-0.145066,38.546482],[-0.145064,38.546466],[-0.145061,38.546448],[-0.145058,38.546431],[-0.145052,38.546395],[-0.145045,38.546361],[-0.145036,38.546309],[-0.145029,38.546292],[-0.145022,38.546273],[-0.14499,38.546108],[-0.144982,38.546073],[-0.144962,38.545984],[-0.144901,38.545832],[-0.144887,38.545756],[-0.144883,38.545723],[-0.144879,38.545695],[-0.144872,38.545641],[-0.144869,38.545587],[-0.144868,38.545564],[-0.144869,38.545541],[-0.144871,38.545501],[-0.144873,38.545477],[-0.144874,38.545454],[-0.144879,38.545436],[-0.144885,38.545418],[-0.144891,38.545402],[-0.144898,38.545386],[-0.144904,38.545369],[-0.14491,38.545352],[-0.144912,38.545336],[-0.144907,38.54532],[-0.144898,38.545302],[-0.144887,38.545284],[-0.144872,38.545268],[-0.144852,38.545247],[-0.144839,38.545234],[-0.144821,38.545219],[-0.144803,38.545206],[-0.144783,38.545194],[-0.144761,38.545182],[-0.14474,38.545171],[-0.144718,38.545161],[-0.144697,38.545151],[-0.144676,38.545141],[-0.144656,38.545131],[-0.144636,38.545121],[-0.144621,38.545112],[-0.14461,38.545099],[-0.144599,38.545085],[-0.144589,38.54507],[-0.144579,38.545054],[-0.14457,38.545037],[-0.144561,38.545021],[-0.144553,38.545005],[-0.144542,38.544988],[-0.14453,38.54497],[-0.144517,38.544953],[-0.144502,38.544937],[-0.144487,38.544923],[-0.144472,38.544909],[-0.144451,38.54489],[-0.144431,38.54487],[-0.144417,38.544856],[-0.144404,38.544841],[-0.14439,38.544825],[-0.144375,38.544808],[-0.144341,38.544771],[-0.144318,38.544746],[-0.144295,38.544721],[-0.144282,38.544708],[-0.144268,38.544695],[-0.144253,38.544682],[-0.144238,38.544669],[-0.144222,38.544653],[-0.144207,38.544636],[-0.144181,38.544608],[-0.144171,38.544598],[-0.144151,38.544578],[-0.14413,38.544558],[-0.144111,38.54454],[-0.144091,38.544522],[-0.144072,38.544505],[-0.144052,38.544488],[-0.144032,38.544472],[-0.144011,38.544456],[-0.143994,38.544443],[-0.143977,38.54443],[-0.143964,38.544416],[-0.143951,38.544401],[-0.143935,38.544387],[-0.143919,38.544372],[-0.143899,38.544358],[-0.143879,38.544344],[-0.143858,38.544329],[-0.143838,38.544315],[-0.143818,38.544301],[-0.143799,38.544287],[-0.14378,38.544272],[-0.143761,38.544258],[-0.143724,38.54423],[-0.143707,38.544217],[-0.143691,38.544203],[-0.143674,38.544187],[-0.143658,38.54417],[-0.143625,38.544135],[-0.143609,38.544119],[-0.143594,38.544104],[-0.14358,38.544091],[-0.143563,38.544079],[-0.143549,38.544071],[-0.143531,38.54406],[-0.143518,38.544052],[-0.143502,38.544041],[-0.143485,38.544027],[-0.143474,38.54401],[-0.143464,38.543989],[-0.143454,38.543968],[-0.143441,38.543943],[-0.143429,38.543918],[-0.143416,38.543895],[-0.143403,38.543873],[-0.143387,38.543844],[-0.143379,38.54383],[-0.143367,38.543818],[-0.143357,38.543793],[-0.143344,38.543771],[-0.14333,38.54375],[-0.143313,38.543731],[-0.143295,38.543712],[-0.143277,38.543693],[-0.143257,38.54367],[-0.143236,38.543647],[-0.143215,38.543625],[-0.143194,38.543603],[-0.143173,38.543582],[-0.143153,38.543561],[-0.143133,38.543541],[-0.143115,38.543521],[-0.143081,38.543478],[-0.143068,38.543462],[-0.143054,38.543445],[-0.143042,38.54343],[-0.143023,38.543409],[-0.143009,38.543386],[-0.143,38.543367],[-0.142995,38.543357],[-0.142982,38.543336],[-0.142965,38.543303],[-0.142632,38.542682],[-0.142625,38.542661],[-0.142623,38.542643],[-0.142627,38.542621],[-0.142627,38.542601],[-0.142627,38.542574],[-0.142628,38.542547],[-0.142631,38.542524],[-0.142634,38.542501],[-0.142641,38.542455],[-0.142646,38.54241],[-0.142646,38.542392],[-0.142646,38.542374],[-0.142645,38.542321],[-0.142645,38.542289],[-0.142645,38.542257],[-0.142645,38.542212],[-0.142646,38.542157],[-0.142648,38.542103],[-0.142649,38.542078],[-0.142652,38.542053],[-0.142657,38.542028],[-0.142662,38.542002],[-0.142667,38.541979],[-0.142673,38.541956],[-0.142682,38.541931],[-0.142792,38.541681],[-0.142838,38.541614],[-0.14289,38.541567],[-0.14303,38.541492],[-0.14318,38.541454],[-0.143597,38.5413],[-0.143695,38.541197],[-0.143701,38.541149],[-0.143687,38.541113],[-0.143872,38.540794],[-0.143914,38.540717],[-0.143918,38.5406]]},"properties":{"id_origen":"HY-P_WATERCOURSE_ES080HYWCSL0000003236776","local_id":"ES080HYWCSL0000200195352","nombre":"Barranc de Xixo","long_municipal_m":1514.86}},{"type":"Feature","id":49,"geometry":{"type":"LineString","coordinates":[[-0.135657,38.568374],[-0.135628,38.568364],[-0.135604,38.568356],[-0.13557,38.568343],[-0.135537,38.568329],[-0.135519,38.56832],[-0.1355,38.568307],[-0.135481,38.568294],[-0.135459,38.568279],[-0.135429,38.568256],[-0.135407,38.568239],[-0.135394,38.568229],[-0.135375,38.568213],[-0.135361,38.5682],[-0.135349,38.568186],[-0.135336,38.568168],[-0.135321,38.568143],[-0.13531,38.568123],[-0.1353,38.568103],[-0.135294,38.568083],[-0.135286,38.568057],[-0.13528,38.568032],[-0.135274,38.568006],[-0.13527,38.567986],[-0.135269,38.56797],[-0.135267,38.567955],[-0.135265,38.567941],[-0.135263,38.567915],[-0.135261,38.567891],[-0.13526,38.567873],[-0.135259,38.567855],[-0.135258,38.567837],[-0.135257,38.567819],[-0.135257,38.567805],[-0.135258,38.567783],[-0.13526,38.567762],[-0.135263,38.567741],[-0.135267,38.567718],[-0.135271,38.567694],[-0.135275,38.567674],[-0.135287,38.567643],[-0.135295,38.567624],[-0.135306,38.5676],[-0.135317,38.567576],[-0.135332,38.567547],[-0.135352,38.567515],[-0.135376,38.567478],[-0.135384,38.567465],[-0.135398,38.567448],[-0.135416,38.567429],[-0.135453,38.567391],[-0.135463,38.567369],[-0.135469,38.567352],[-0.13547,38.567332],[-0.135468,38.567313],[-0.135464,38.567297],[-0.13545,38.567271],[-0.13542,38.567215],[-0.135413,38.567203],[-0.135399,38.567176],[-0.135377,38.567131],[-0.135371,38.567116],[-0.135364,38.567101],[-0.135363,38.567085],[-0.135369,38.567068],[-0.135377,38.567052],[-0.135385,38.567038],[-0.135414,38.566987],[-0.135432,38.566938],[-0.135434,38.56692],[-0.135432,38.566904],[-0.13543,38.566891],[-0.135421,38.56687],[-0.135407,38.566851],[-0.135396,38.566838],[-0.135384,38.566825],[-0.135367,38.566807],[-0.135338,38.566782],[-0.135318,38.566764],[-0.135303,38.566752],[-0.135286,38.566738],[-0.135272,38.566728],[-0.135252,38.566716],[-0.13522,38.566704],[-0.135194,38.566696],[-0.135174,38.566691],[-0.135144,38.566684],[-0.135071,38.566668],[-0.135037,38.566658],[-0.134947,38.566625],[-0.134929,38.566618],[-0.134908,38.566607],[-0.134891,38.566598],[-0.134874,38.566588],[-0.134854,38.566573],[-0.134834,38.566554],[-0.134821,38.566539],[-0.134805,38.566521],[-0.13479,38.566502],[-0.134772,38.566479],[-0.134755,38.566452],[-0.134726,38.566403],[-0.134706,38.566368],[-0.134692,38.566342],[-0.134652,38.566269],[-0.134636,38.566255],[-0.134603,38.566229],[-0.134599,38.566204],[-0.134599,38.566184],[-0.1346,38.566155],[-0.134602,38.566139],[-0.134602,38.566122],[-0.134603,38.566104],[-0.134605,38.566088],[-0.134606,38.566071],[-0.134608,38.566058],[-0.134611,38.566043],[-0.134618,38.566028],[-0.134625,38.566017],[-0.134632,38.566005],[-0.134643,38.565992],[-0.134659,38.565972],[-0.134685,38.565939],[-0.134694,38.565926],[-0.134717,38.565883],[-0.134732,38.565854],[-0.134743,38.565832],[-0.13475,38.565814],[-0.134756,38.5658],[-0.134757,38.565785],[-0.134758,38.56577],[-0.134757,38.565723],[-0.134756,38.565698],[-0.134751,38.565645],[-0.134737,38.56563],[-0.134717,38.565619],[-0.134689,38.565605],[-0.134665,38.565595],[-0.134613,38.565572],[-0.134596,38.565562],[-0.134572,38.565541],[-0.134546,38.565518],[-0.134478,38.565458],[-0.134403,38.565392],[-0.134383,38.565375],[-0.134363,38.565359],[-0.134344,38.565348],[-0.134326,38.565341],[-0.134307,38.565334],[-0.134289,38.565327],[-0.134266,38.56532],[-0.134236,38.565313],[-0.134144,38.565294],[-0.134122,38.56529]]},"properties":{"id_origen":"HY-P_WATERCOURSE_ES080HYWCSL0000003244376","local_id":"ES080HYWCSL0000200195382","nombre":"Barranc del Lliriet","long_municipal_m":432.05}},{"type":"Feature","id":50,"geometry":{"type":"LineString","coordinates":[[-0.121712,38.564474],[-0.121392,38.564135]]},"properties":{"id_origen":"HY-P_WATERCOURSE_ES080HYWCSL0000003237486","local_id":"ES080HYWCSL0000200195384","nombre":null,"long_municipal_m":46.85}},{"type":"Feature","id":51,"geometry":{"type":"LineString","coordinates":[[-0.161618,38.547658],[-0.161602,38.547628],[-0.161587,38.547578],[-0.16158,38.547564],[-0.161566,38.547532],[-0.161536,38.547462],[-0.161513,38.547406],[-0.161495,38.547365],[-0.161483,38.547336],[-0.161469,38.547305]]},"properties":{"id_origen":"HY-P_WATERCOURSE_ES080HYWCSL0000003204719","local_id":"ES080HYWCSL0000200195342","nombre":null,"long_municipal_m":41.37}},{"type":"Feature","id":52,"geometry":{"type":"LineString","coordinates":[[-0.163617,38.553177],[-0.16361,38.55317],[-0.163549,38.55308],[-0.163482,38.553031],[-0.163407,38.552983],[-0.163341,38.552952],[-0.163288,38.552922],[-0.163218,38.552907],[-0.163198,38.552905]]},"properties":{"id_origen":"HY-P_WATERCOURSE_ES080HYWCSL0000003194827","local_id":"ES080HYWCSL0000200195344","nombre":null,"long_municipal_m":49.17}},{"type":"Feature","id":53,"geometry":{"type":"LineString","coordinates":[[-0.170287,38.544275],[-0.170274,38.544212],[-0.170265,38.544169],[-0.170257,38.544134],[-0.170254,38.544121],[-0.170242,38.544062],[-0.170232,38.544016],[-0.17022,38.543961],[-0.170217,38.543946],[-0.170208,38.543887]]},"properties":{"id_origen":"HY-P_WATERCOURSE_ES080HYWCSL0000003202370","local_id":"ES080HYWCSL0980310000586","nombre":null,"long_municipal_m":43.69}},{"type":"Feature","id":54,"geometry":{"type":"LineString","coordinates":[[-0.17046,38.544702],[-0.170464,38.544685],[-0.170461,38.544632],[-0.170461,38.544604],[-0.170455,38.544584]]},"properties":{"id_origen":"HY-P_WATERCOURSE_ES080HYWCSL0000003203594","local_id":"ES080HYWCSL0980310000586","nombre":null,"long_municipal_m":13.22}},{"type":"Feature","id":55,"geometry":{"type":"LineString","coordinates":[[-0.168662,38.54864],[-0.168654,38.54862],[-0.168655,38.548593],[-0.168658,38.54852],[-0.168658,38.548427],[-0.168669,38.548167],[-0.168683,38.547818],[-0.168685,38.547767],[-0.168686,38.547747],[-0.168688,38.547704],[-0.168688,38.547679]]},"properties":{"id_origen":"HY-P_WATERCOURSE_ES080HYWCSL0000003207650","local_id":"ES080HYWCSL0980310000586","nombre":null,"long_municipal_m":107.01}},{"type":"Feature","id":56,"geometry":{"type":"LineString","coordinates":[[-0.169586,38.554847],[-0.169554,38.554806],[-0.169506,38.554746],[-0.169484,38.554718],[-0.169466,38.554696],[-0.169442,38.554665],[-0.169421,38.55464],[-0.169401,38.554614],[-0.169356,38.554555],[-0.169275,38.554456]]},"properties":{"id_origen":"HY-P_WATERCOURSE_ES080HYWCSL0000003218198","local_id":"ES080HYWCSL0980310000469","nombre":null,"long_municipal_m":51.21}},{"type":"Feature","id":57,"geometry":{"type":"LineString","coordinates":[[-0.157353,38.556003],[-0.15732,38.555925],[-0.157301,38.55588],[-0.157283,38.555841],[-0.157272,38.555809],[-0.157257,38.555774],[-0.157236,38.555723],[-0.157206,38.555651]]},"properties":{"id_origen":"HY-P_WATERCOURSE_ES080HYWCSL0000003223003","local_id":"ES080HYWCSL0980310000590","nombre":null,"long_municipal_m":41.18}},{"type":"Feature","id":58,"geometry":{"type":"LineString","coordinates":[[-0.163675,38.549965],[-0.163669,38.549959],[-0.163634,38.549933],[-0.163606,38.549913],[-0.163558,38.549878],[-0.163544,38.549872],[-0.163454,38.549804],[-0.163381,38.549753],[-0.163108,38.549555],[-0.163035,38.549505],[-0.162876,38.549391],[-0.162863,38.549382],[-0.162814,38.549344],[-0.162781,38.549324],[-0.162742,38.5493],[-0.162623,38.549226],[-0.162591,38.549206],[-0.162555,38.549184],[-0.162482,38.549139],[-0.162339,38.549047]]},"properties":{"id_origen":"HY-P_WATERCOURSE_ES080HYWCSL0000003231549","local_id":"ES080HYWCSL0000200195342","nombre":null,"long_municipal_m":154.81}},{"type":"Feature","id":59,"geometry":{"type":"LineString","coordinates":[[-0.102819,38.529329],[-0.102827,38.529321],[-0.102865,38.529273],[-0.102868,38.529269]]},"properties":{"id_origen":"HY-P_WATERCOURSE_ES080HYWCSL0000003225156","local_id":"ES080HYWCSL0980310000593","nombre":null,"long_municipal_m":7.92}},{"type":"Feature","id":60,"geometry":{"type":"LineString","coordinates":[[-0.171874,38.554204],[-0.171808,38.554174],[-0.171709,38.554127],[-0.171654,38.554102],[-0.171506,38.554033],[-0.171466,38.554015],[-0.171376,38.553973],[-0.171296,38.553934],[-0.171257,38.553924],[-0.171097,38.553875],[-0.171077,38.55387],[-0.171055,38.553867],[-0.171035,38.553868],[-0.171009,38.55387],[-0.170983,38.553872],[-0.170944,38.553875],[-0.170857,38.553882],[-0.17074,38.553891],[-0.170649,38.553898],[-0.170607,38.553901],[-0.17008,38.553951]]},"properties":{"id_origen":"HY-P_WATERCOURSE_ES080HYWCSL0000003236790","local_id":"ES080HYWCSL0000200195342","nombre":null,"long_municipal_m":166.13}},{"type":"Feature","id":61,"geometry":{"type":"LineString","coordinates":[[-0.100121,38.530505],[-0.100165,38.530487],[-0.100195,38.530475]]},"properties":{"id_origen":"HY-P_WATERCOURSE_ES080HYWCSL0000003238154","local_id":"ES080HYWCSL0980310000593","nombre":null,"long_municipal_m":7.25}},{"type":"Feature","id":62,"geometry":{"type":"LineString","coordinates":[[-0.167165,38.55527],[-0.167069,38.555242],[-0.167051,38.555241],[-0.166908,38.555196],[-0.16683,38.555173],[-0.166755,38.555152],[-0.16667,38.555127],[-0.166594,38.555105],[-0.166522,38.555084],[-0.166333,38.55503],[-0.166167,38.554981]]},"properties":{"id_origen":"HY-P_WATERCOURSE_ES080HYWCSL0000003247938","local_id":"ES080HYWCSL0000200195344","nombre":null,"long_municipal_m":92.61}},{"type":"Feature","id":63,"geometry":{"type":"LineString","coordinates":[[-0.157122,38.549368],[-0.157165,38.548268]]},"properties":{"id_origen":"HY-P_WATERCOURSE_ES080HYWCSL0000003222949","local_id":"ES080HYWCSL0000020019534","nombre":"Barranco de la Tapia","long_municipal_m":122.37}},{"type":"Feature","id":64,"geometry":{"type":"LineString","coordinates":[[-0.135965,38.553736],[-0.135785,38.55341],[-0.135559,38.553085],[-0.135513,38.552976],[-0.135466,38.552877],[-0.135417,38.552771],[-0.135052,38.552249],[-0.134171,38.551629]]},"properties":{"id_origen":"HY-P_WATERCOURSE_ES080HYWCSL0000003225540","local_id":"ES080HYWCSL0000020019536","nombre":"Barranc dels Tolls","long_municipal_m":286.88}},{"type":"Feature","id":65,"geometry":{"type":"LineString","coordinates":[[-0.10618,38.54258],[-0.106184,38.542573],[-0.106947,38.541311],[-0.106945,38.54102],[-0.106942,38.540948],[-0.106907,38.539936],[-0.106969,38.539819],[-0.107008,38.539748],[-0.107616,38.538943],[-0.10782,38.538843],[-0.108524,38.538572],[-0.108674,38.538485]]},"properties":{"id_origen":"HY-P_WATERCOURSE_ES080HYWCSL0000003196622","local_id":"ES080HYWCSL0000020019538","nombre":"Barranc de la Foia Manera","long_municipal_m":541.09}},{"type":"Feature","id":66,"geometry":{"type":"LineString","coordinates":[[-0.108674,38.538485],[-0.108908,38.536445]]},"properties":{"id_origen":"HY-P_WATERCOURSE_ES080HYWCSL0000003194500","local_id":"ES080HYWCSL0000020019538","nombre":"Barranc de la Foia Manera","long_municipal_m":227.75}},{"type":"Feature","id":67,"geometry":{"type":"LineString","coordinates":[[-0.110843,38.561747],[-0.110882,38.561721],[-0.110938,38.561687]]},"properties":{"id_origen":"HY-P_WATERCOURSE_ES080HYWCSL0000003183229","local_id":"ES080HYWCSL0000020019538","nombre":"Barranc de la Foia Manera","long_municipal_m":10.62}},{"type":"Feature","id":68,"geometry":{"type":"LineString","coordinates":[[-0.153916,38.565169],[-0.153977,38.564965],[-0.153996,38.564894]]},"properties":{"id_origen":"HY-P_WATERCOURSE_ES080HYWCSL0000003177182","local_id":"ES080HYWCSL0000020019534","nombre":"Barranco de la Tapia","long_municipal_m":31.36}},{"type":"Feature","id":69,"geometry":{"type":"LineString","coordinates":[[-0.156876,38.538271],[-0.15711,38.539071]]},"properties":{"id_origen":"HY-P_WATERCOURSE_ES080HYWCSL0000003207446","local_id":"ES080HYWCSL0000020019534","nombre":"Barranco de la Tapia","long_municipal_m":91.25}},{"type":"Feature","id":70,"geometry":{"type":"LineString","coordinates":[[-0.154852,38.557469],[-0.154856,38.557376],[-0.154809,38.557295],[-0.154541,38.557009]]},"properties":{"id_origen":"HY-P_WATERCOURSE_ES080HYWCSL0000003198148","local_id":"ES080HYWCSL0000020019534","nombre":"Barranco de la Tapia","long_municipal_m":59.66}},{"type":"Feature","id":71,"geometry":{"type":"LineString","coordinates":[[-0.124683,38.555298],[-0.124124,38.554856],[-0.12411,38.55485]]},"properties":{"id_origen":"HY-P_WATERCOURSE_ES080HYWCSL0000003203010","local_id":"ES080HYWCSL0000200195382","nombre":"Barranc del Lliriet","long_municipal_m":70.51}},{"type":"Feature","id":72,"geometry":{"type":"LineString","coordinates":[[-0.108908,38.536445],[-0.109261,38.533369]]},"properties":{"id_origen":"HY-P_WATERCOURSE_ES080HYWCSL0000003201591","local_id":"ES080HYWCSL0000020019538","nombre":"Barranc de la Foia Manera","long_municipal_m":343.41}},{"type":"Feature","id":73,"geometry":{"type":"LineString","coordinates":[[-0.134122,38.56529],[-0.134115,38.565289],[-0.134003,38.56527],[-0.133946,38.565261],[-0.133824,38.565246],[-0.133785,38.565242]]},"properties":{"id_origen":"HY-P_WATERCOURSE_ES080HYWCSL0000003202825","local_id":"ES080HYWCSL0000200195382","nombre":"Barranc del Lliriet","long_municipal_m":29.8}},{"type":"Feature","id":74,"geometry":{"type":"LineString","coordinates":[[-0.143918,38.5406],[-0.143967,38.539367],[-0.14369,38.539135],[-0.143707,38.538685],[-0.144003,38.538467],[-0.144039,38.537567],[-0.143761,38.537335],[-0.143774,38.536994]]},"properties":{"id_origen":"HY-P_WATERCOURSE_ES080HYWCSL0000003208296","local_id":"ES080HYWCSL0000200195352","nombre":"Barranc de Xixo","long_municipal_m":431.3}},{"type":"Feature","id":75,"geometry":{"type":"LineString","coordinates":[[-0.104452,38.552135],[-0.106026,38.543245],[-0.106078,38.542908],[-0.106109,38.542693],[-0.10618,38.54258]]},"properties":{"id_origen":"HY-P_WATERCOURSE_ES080HYWCSL0000003209387","local_id":"ES080HYWCSL0000020019538","nombre":"Barranc de la Foia Manera","long_municipal_m":1073.76}},{"type":"Feature","id":76,"geometry":{"type":"LineString","coordinates":[[-0.135895,38.560712],[-0.135909,38.560699],[-0.135947,38.56067],[-0.136024,38.560611],[-0.136126,38.560551],[-0.136207,38.560541]]},"properties":{"id_origen":"HY-P_WATERCOURSE_ES080HYWCSL0000003211800","local_id":"ES080HYWCSL0000020019536","nombre":"Barranc dels Tolls","long_municipal_m":34.11}},{"type":"Feature","id":77,"geometry":{"type":"LineString","coordinates":[[-0.149638,38.54148],[-0.149514,38.539969]]},"properties":{"id_origen":"HY-P_WATERCOURSE_ES080HYWCSL0000003217024","local_id":"ES080HYWCSL0980320004616","nombre":"Barranc del Rajadell","long_municipal_m":168.36}},{"type":"Feature","id":78,"geometry":{"type":"LineString","coordinates":[[-0.136438,38.556235],[-0.136342,38.555875],[-0.136301,38.55574],[-0.136264,38.555624]]},"properties":{"id_origen":"HY-P_WATERCOURSE_ES080HYWCSL0000003228779","local_id":"ES080HYWCSL0000020019536","nombre":"Barranc dels Tolls","long_municipal_m":69.61}},{"type":"Feature","id":79,"geometry":{"type":"LineString","coordinates":[[-0.126945,38.559726],[-0.126936,38.5597],[-0.126846,38.559572],[-0.12682,38.559538],[-0.126797,38.559506],[-0.126753,38.559448],[-0.12673,38.559417],[-0.12671,38.559389],[-0.126688,38.55936],[-0.126673,38.55934],[-0.126667,38.559331],[-0.126591,38.559229]]},"properties":{"id_origen":"HY-P_WATERCOURSE_ES080HYWCSL0000003229136","local_id":"ES080HYWCSL0000200195382","nombre":"Barranc del Lliriet","long_municipal_m":63.36}},{"type":"Feature","id":80,"geometry":{"type":"LineString","coordinates":[[-0.113627,38.540109],[-0.112862,38.539205],[-0.11138,38.537469],[-0.110758,38.537075],[-0.109638,38.53671],[-0.108908,38.536445]]},"properties":{"id_origen":"HY-P_WATERCOURSE_ES080HYWCSL0000003230391","local_id":"ES080HYWCSL0000200195382","nombre":"Barranc del Lliriet","long_municipal_m":597.8}},{"type":"Feature","id":81,"geometry":{"type":"LineString","coordinates":[[-0.15371,38.540439],[-0.153588,38.540216],[-0.153583,38.539947],[-0.153581,38.53994],[-0.153514,38.539682]]},"properties":{"id_origen":"HY-P_WATERCOURSE_ES080HYWCSL0000003240441","local_id":"ES080HYWCSL0980320005076","nombre":"Barranc de la Vela Blanca","long_municipal_m":86.96}},{"type":"Feature","id":82,"geometry":{"type":"LineString","coordinates":[[-0.15789,38.545099],[-0.157834,38.545397],[-0.15783,38.54542],[-0.15782,38.545469],[-0.157812,38.545512],[-0.15781,38.545525],[-0.157806,38.545546],[-0.157766,38.545757],[-0.157732,38.545974]]},"properties":{"id_origen":"HY-P_WATERCOURSE_ES080HYWCSL0000003246057","local_id":"ES080HYWCSL0000020019534","nombre":"Barranco de la Tapia","long_municipal_m":98.27}},{"type":"Feature","id":83,"geometry":{"type":"LineString","coordinates":[[-0.151607,38.536398],[-0.151263,38.535199]]},"properties":{"id_origen":"HY-P_WATERCOURSE_ES080HYWCSL0000003246625","local_id":"ES080HYWCSL0980320005076","nombre":"Barranc de la Vela Blanca","long_municipal_m":136.64}},{"type":"Feature","id":84,"geometry":{"type":"LineString","coordinates":[[-0.156101,38.535165],[-0.156142,38.535101],[-0.15615,38.535037],[-0.156124,38.53497],[-0.15609,38.534931],[-0.155945,38.534645],[-0.155645,38.534],[-0.155335,38.533211]]},"properties":{"id_origen":"HY-P_WATERCOURSE_ES080HYWCSL0000003247840","local_id":"ES080HYWCSL0009620019534","nombre":"Barranco de la Tapia","long_municipal_m":230.46}},{"type":"Feature","id":85,"geometry":{"type":"LineString","coordinates":[[-0.168976,38.5573],[-0.168823,38.557435],[-0.16877,38.55746],[-0.168741,38.557474],[-0.168495,38.557552],[-0.168417,38.557577],[-0.168395,38.557584],[-0.168362,38.557596],[-0.16833,38.557607],[-0.168294,38.557624],[-0.168258,38.557642],[-0.16821,38.557666],[-0.168145,38.557701],[-0.16811,38.55772],[-0.168059,38.557748],[-0.168013,38.557774],[-0.167926,38.557829],[-0.1679,38.557846],[-0.167857,38.557874],[-0.167824,38.557896],[-0.167795,38.557916],[-0.167775,38.557931],[-0.167747,38.557952],[-0.167736,38.557962],[-0.167705,38.557992],[-0.16765,38.558045],[-0.1676,38.558095],[-0.167586,38.558108],[-0.167543,38.558152],[-0.167485,38.558209],[-0.167466,38.558231],[-0.167445,38.558255],[-0.167425,38.55828],[-0.167379,38.558346],[-0.167355,38.558382],[-0.167337,38.55841],[-0.16732,38.558438],[-0.167306,38.558463],[-0.167291,38.558499],[-0.167279,38.55853],[-0.167272,38.558553],[-0.167262,38.558585],[-0.167257,38.558602],[-0.167251,38.558623],[-0.167248,38.558643],[-0.167245,38.558663],[-0.16724,38.558706],[-0.167238,38.558725],[-0.167236,38.558745],[-0.167232,38.558787],[-0.16723,38.558801],[-0.167229,38.558815],[-0.167228,38.558835],[-0.167226,38.558853],[-0.167222,38.558888],[-0.167221,38.558902],[-0.167219,38.558917],[-0.167217,38.558934],[-0.16721,38.558982],[-0.167205,38.559012],[-0.167183,38.559164],[-0.167179,38.559195],[-0.167176,38.559213],[-0.167174,38.559236],[-0.167177,38.559254],[-0.167181,38.55927],[-0.167185,38.559291],[-0.167195,38.559352],[-0.167198,38.559376],[-0.167202,38.559403],[-0.167202,38.55944],[-0.167204,38.559464],[-0.167212,38.55949],[-0.167219,38.559508],[-0.167227,38.55953],[-0.16724,38.559567],[-0.167246,38.559587],[-0.167252,38.559608],[-0.167254,38.559628],[-0.167256,38.559648],[-0.167259,38.5597],[-0.16726,38.559723],[-0.16726,38.559739],[-0.167258,38.559752],[-0.167247,38.559786],[-0.167167,38.56008],[-0.167183,38.560126]]},"properties":{"id_origen":"HY-P_WATERCOURSE_ES080HYWCSL0000009559456","local_id":"ES080HYWCSL0980310000471","nombre":null,"long_municipal_m":387.33}},{"type":"Feature","id":86,"geometry":{"type":"LineString","coordinates":[[-0.152843,38.568747],[-0.152856,38.568731],[-0.152877,38.568707],[-0.153059,38.568497],[-0.153093,38.56846],[-0.153112,38.568439],[-0.153144,38.568408],[-0.153183,38.568373],[-0.153238,38.568324],[-0.153299,38.568269],[-0.153378,38.568197],[-0.153463,38.56812],[-0.153518,38.568071],[-0.153576,38.56802],[-0.153622,38.567982],[-0.15365,38.56796],[-0.153692,38.567931],[-0.153734,38.567903],[-0.153783,38.567871],[-0.153844,38.567831],[-0.153943,38.567769],[-0.153967,38.567754],[-0.154021,38.567721],[-0.154078,38.567686],[-0.154135,38.567652],[-0.154169,38.567633],[-0.154262,38.567584],[-0.154401,38.56751],[-0.154524,38.567447],[-0.154622,38.567396],[-0.154819,38.567294],[-0.154847,38.567279],[-0.154873,38.567262],[-0.154899,38.567245],[-0.154924,38.567227],[-0.154955,38.567204],[-0.154984,38.567179],[-0.155013,38.567154],[-0.155046,38.567123],[-0.155092,38.56708],[-0.155141,38.56703],[-0.155166,38.567003],[-0.155197,38.566969],[-0.155226,38.566935],[-0.15525,38.566907],[-0.155272,38.566877],[-0.155293,38.566847],[-0.15531,38.56682],[-0.155333,38.566785],[-0.155354,38.56675],[-0.155373,38.566715],[-0.155391,38.566679],[-0.155408,38.566642],[-0.155424,38.566606],[-0.155429,38.566594],[-0.155443,38.566554],[-0.155452,38.566526],[-0.155466,38.566481],[-0.155502,38.566368],[-0.155511,38.566344],[-0.155529,38.566298],[-0.155545,38.566266],[-0.155564,38.566228],[-0.155587,38.566185],[-0.155614,38.566137],[-0.155634,38.566102],[-0.155658,38.566065],[-0.155676,38.566039],[-0.155695,38.566013],[-0.155715,38.565988],[-0.155735,38.565963],[-0.155758,38.565939],[-0.155782,38.565916],[-0.155807,38.565892],[-0.155822,38.565879],[-0.155842,38.565861],[-0.155857,38.56585],[-0.155877,38.565839],[-0.155893,38.565831],[-0.155914,38.565821],[-0.155931,38.565814],[-0.155953,38.565806],[-0.155971,38.5658],[-0.155996,38.565792],[-0.156025,38.565787],[-0.156048,38.565784],[-0.156076,38.565781],[-0.156099,38.565779],[-0.156133,38.565779],[-0.156153,38.565779],[-0.156173,38.56578],[-0.156207,38.565782],[-0.156241,38.565786],[-0.156275,38.565792],[-0.156295,38.565796],[-0.156315,38.5658],[-0.156338,38.565806],[-0.156364,38.565819],[-0.156387,38.565831],[-0.156406,38.565844],[-0.156428,38.565859],[-0.156484,38.565895],[-0.156508,38.565909],[-0.156565,38.565931],[-0.156593,38.565942],[-0.156621,38.565951],[-0.156644,38.565958],[-0.156666,38.565964],[-0.156689,38.565968],[-0.156706,38.565969],[-0.156731,38.56597],[-0.156753,38.56597],[-0.156776,38.565966],[-0.1568,38.565961],[-0.156824,38.565955],[-0.156848,38.565949],[-0.156878,38.565941],[-0.156901,38.565933],[-0.15693,38.565921],[-0.156958,38.565908],[-0.156985,38.565894],[-0.157006,38.565884],[-0.15705,38.565861],[-0.157115,38.565825],[-0.157228,38.565763],[-0.157299,38.565724],[-0.157331,38.565708],[-0.157423,38.56566],[-0.157719,38.565507],[-0.157784,38.565473],[-0.157914,38.565403],[-0.157998,38.565357],[-0.15807,38.565315],[-0.158145,38.565271],[-0.158258,38.565202],[-0.158375,38.565129],[-0.158483,38.565063],[-0.15862,38.56498],[-0.158796,38.564874],[-0.158943,38.564785],[-0.158981,38.564765],[-0.159012,38.564749],[-0.159051,38.56473],[-0.159103,38.564706],[-0.159229,38.564645],[-0.15928,38.564616],[-0.159305,38.564601],[-0.15933,38.564585],[-0.159352,38.56457],[-0.159373,38.564555],[-0.159384,38.564545],[-0.1594,38.564528],[-0.15941,38.564517],[-0.159422,38.564503],[-0.15943,38.564492],[-0.159437,38.564476],[-0.159442,38.564464],[-0.159446,38.564451],[-0.159449,38.564439],[-0.159452,38.56442],[-0.159452,38.564404],[-0.159451,38.564382],[-0.159449,38.564343],[-0.159447,38.564305],[-0.159443,38.56426],[-0.159437,38.564211],[-0.159432,38.564176],[-0.159425,38.564138],[-0.159418,38.564105],[-0.159403,38.564039],[-0.159393,38.563989],[-0.159388,38.563962],[-0.159384,38.563933],[-0.159385,38.563907],[-0.159385,38.563894],[-0.159388,38.563867],[-0.159392,38.563847],[-0.159397,38.563822],[-0.159402,38.563797],[-0.159412,38.563772],[-0.159424,38.563743],[-0.159436,38.563713],[-0.159454,38.563673],[-0.15947,38.563639],[-0.159487,38.563605],[-0.159503,38.563577],[-0.159519,38.563549],[-0.159538,38.563521],[-0.159552,38.563503],[-0.159579,38.563467],[-0.159604,38.563436],[-0.159629,38.563406],[-0.159653,38.563382],[-0.159677,38.563358],[-0.159703,38.563334],[-0.159723,38.563316],[-0.159758,38.563289],[-0.159806,38.563252],[-0.159845,38.563223],[-0.160385,38.562915],[-0.160766,38.562726],[-0.161127,38.562606],[-0.1617,38.562479],[-0.161881,38.562408]]},"properties":{"id_origen":"HY-P_WATERCOURSE_ES080HYWCSL0000009553535","local_id":"ES080HYWCSL0980310000475","nombre":null,"long_municipal_m":1152.09}},{"type":"Feature","id":87,"geometry":{"type":"LineString","coordinates":[[-0.107339,38.565198],[-0.107432,38.565153],[-0.107452,38.565144],[-0.107692,38.56503],[-0.107858,38.564953]]},"properties":{"id_origen":"HY-P_WATERCOURSE_ES080HYWCSL0000009551394","local_id":"ES080HYWCSL0980340003999","nombre":"Canal Bajo del Algar","long_municipal_m":52.71}},{"type":"Feature","id":88,"geometry":{"type":"LineString","coordinates":[[-0.142715,38.548037],[-0.141986,38.548431],[-0.141768,38.548566],[-0.141473,38.548788]]},"properties":{"id_origen":"HY-P_WATERCOURSE_ES080HYWCSL0000009551393","local_id":"ES080HYWCSL0980340003999","nombre":"Canal Bajo del Algar","long_municipal_m":136.85}},{"type":"Feature","id":89,"geometry":{"type":"LineString","coordinates":[[-0.109521,38.562381],[-0.109534,38.562373],[-0.109866,38.562174],[-0.109927,38.562136],[-0.109973,38.562108],[-0.110065,38.562052],[-0.110143,38.562006],[-0.110182,38.561983],[-0.11022,38.561961],[-0.110279,38.561928],[-0.110293,38.561921]]},"properties":{"id_origen":"HY-P_WATERCOURSE_ES080HYWCSL0000009551392","local_id":"ES080HYWCSL0980340003999","nombre":"Canal Bajo del Algar","long_municipal_m":84.4}},{"type":"Feature","id":90,"geometry":{"type":"LineString","coordinates":[[-0.104502,38.566681],[-0.104571,38.566632],[-0.104615,38.566602],[-0.104712,38.566536]]},"properties":{"id_origen":"HY-P_WATERCOURSE_ES080HYWCSL0000009551390","local_id":"ES080HYWCSL0980340003999","nombre":"Canal Bajo del Algar","long_municipal_m":24.36}},{"type":"Feature","id":91,"geometry":{"type":"LineString","coordinates":[[-0.108941,38.56397],[-0.108994,38.563799],[-0.109001,38.563773],[-0.109005,38.56376],[-0.10901,38.56374],[-0.109014,38.563726],[-0.109019,38.563706],[-0.109023,38.563686],[-0.109028,38.563666],[-0.109034,38.563639],[-0.109053,38.563552],[-0.109056,38.563539],[-0.10906,38.563519],[-0.109065,38.563501],[-0.109075,38.563457],[-0.109092,38.563388],[-0.10911,38.56331],[-0.109144,38.563173],[-0.109159,38.563114],[-0.109176,38.563055],[-0.109182,38.563034],[-0.109226,38.562885],[-0.109236,38.562848],[-0.109243,38.562819],[-0.109251,38.562785]]},"properties":{"id_origen":"HY-P_WATERCOURSE_ES080HYWCSL0000009551388","local_id":"ES080HYWCSL0980340003999","nombre":"Canal Bajo del Algar","long_municipal_m":134.53}},{"type":"Feature","id":92,"geometry":{"type":"LineString","coordinates":[[-0.108401,38.56451],[-0.108628,38.564302],[-0.10874,38.564201],[-0.108835,38.564115],[-0.108867,38.564084],[-0.108888,38.564059],[-0.108897,38.564048]]},"properties":{"id_origen":"HY-P_WATERCOURSE_ES080HYWCSL0000009551397","local_id":"ES080HYWCSL0980340003999","nombre":"Canal Bajo del Algar","long_municipal_m":67.11}},{"type":"Feature","id":93,"geometry":{"type":"LineString","coordinates":[[-0.105265,38.566193],[-0.105279,38.566187],[-0.105652,38.566007],[-0.105974,38.565852],[-0.106158,38.565765],[-0.106198,38.565746],[-0.106339,38.56568]]},"properties":{"id_origen":"HY-P_WATERCOURSE_ES080HYWCSL0000009531320","local_id":"ES080HYWCSL0980340003999","nombre":"Canal Bajo del Algar","long_municipal_m":109.42}},{"type":"Feature","id":94,"geometry":{"type":"LineString","coordinates":[[-0.136259,38.549009],[-0.136236,38.549011],[-0.136217,38.549018],[-0.136197,38.549033],[-0.136175,38.549089],[-0.136171,38.549104],[-0.136166,38.54912],[-0.136158,38.549159],[-0.136154,38.549185],[-0.136151,38.549201],[-0.136146,38.549229],[-0.136146,38.549246],[-0.136151,38.549272],[-0.136156,38.549304],[-0.136167,38.549368],[-0.136174,38.549406],[-0.13618,38.549438],[-0.136188,38.549469],[-0.136195,38.549494],[-0.136208,38.549532],[-0.136316,38.549825],[-0.136317,38.549843],[-0.136315,38.549858],[-0.136309,38.549873],[-0.136297,38.549891],[-0.136286,38.549903],[-0.136272,38.549914],[-0.13625,38.549925],[-0.136086,38.549977],[-0.135905,38.550034],[-0.135855,38.55005],[-0.135839,38.550053],[-0.135823,38.550056],[-0.135807,38.550057],[-0.13579,38.550057],[-0.135774,38.550056],[-0.135758,38.550053],[-0.135737,38.550048],[-0.135535,38.549912],[-0.135521,38.549904],[-0.135505,38.549897],[-0.135488,38.549892],[-0.13547,38.549889],[-0.135446,38.549888],[-0.135424,38.549891],[-0.134957,38.55],[-0.13494,38.550004],[-0.134924,38.550013],[-0.134911,38.550026],[-0.134903,38.550043],[-0.134897,38.550067],[-0.134852,38.550253]]},"properties":{"id_origen":"HY-P_WATERCOURSE_ES080HYWCSL0000009531327","local_id":"ES080HYWCSL0980340003999","nombre":"Canal Bajo del Algar","long_municipal_m":264.23}},{"type":"Feature","id":95,"geometry":{"type":"LineString","coordinates":[[-0.168344,38.542288],[-0.168294,38.542296],[-0.168268,38.542308],[-0.16825,38.542319],[-0.168216,38.542339],[-0.168182,38.542359],[-0.168157,38.542376],[-0.168128,38.542397],[-0.168108,38.542414],[-0.168081,38.542438],[-0.167984,38.542521],[-0.167941,38.542551],[-0.167907,38.542574],[-0.167874,38.542594],[-0.167845,38.542611],[-0.167829,38.54262],[-0.167812,38.542629],[-0.167777,38.542648],[-0.167723,38.542675],[-0.167675,38.542698],[-0.167626,38.542721],[-0.167593,38.542735],[-0.167547,38.542754],[-0.167497,38.542774],[-0.167415,38.542806],[-0.167396,38.542815],[-0.167377,38.542825],[-0.167311,38.542857],[-0.167277,38.542866],[-0.167251,38.542871],[-0.167232,38.542873],[-0.167205,38.542874],[-0.167173,38.542876],[-0.167073,38.54288],[-0.167055,38.542879],[-0.167028,38.542877],[-0.166975,38.542871],[-0.166924,38.542863],[-0.166895,38.542859],[-0.166781,38.542843],[-0.166739,38.542837],[-0.16669,38.542832],[-0.166619,38.542824],[-0.166499,38.542811],[-0.166468,38.542808],[-0.16643,38.542805],[-0.1664,38.542804],[-0.166356,38.542804],[-0.166261,38.542802]]},"properties":{"id_origen":"HY-P_WATERCOURSE_ES080HYWCSL0000009531331","local_id":"ES080HYWCSL0980340003999","nombre":"Canal Bajo del Algar","long_municipal_m":203.3}},{"type":"Feature","id":96,"geometry":{"type":"LineString","coordinates":[[-0.145671,38.548712],[-0.145641,38.548731]]},"properties":{"id_origen":"HY-P_WATERCOURSE_ES080HYWCSL0000009531337","local_id":"ES080HYWCSL0980340003999","nombre":"Canal Bajo del Algar","long_municipal_m":3.36}},{"type":"Feature","id":97,"geometry":{"type":"LineString","coordinates":[[-0.141635,38.549751],[-0.141579,38.549961],[-0.141494,38.550041],[-0.141478,38.550053],[-0.141441,38.55006],[-0.141204,38.55006],[-0.140968,38.550046],[-0.140812,38.55003],[-0.140788,38.55002],[-0.140749,38.549984],[-0.140649,38.549869],[-0.140604,38.549815],[-0.140462,38.549643],[-0.140429,38.549615],[-0.140306,38.549544],[-0.140062,38.549411],[-0.139955,38.54937]]},"properties":{"id_origen":"HY-P_WATERCOURSE_ES080HYWCSL0000009531326","local_id":"ES080HYWCSL0980340003999","nombre":"Canal Bajo del Algar","long_municipal_m":202.29}},{"type":"Feature","id":98,"geometry":{"type":"LineString","coordinates":[[-0.145546,38.54881],[-0.145528,38.548839],[-0.145523,38.548862],[-0.145529,38.548909],[-0.145531,38.548927],[-0.145532,38.548946],[-0.145533,38.548971],[-0.145534,38.54899],[-0.145533,38.549011],[-0.145531,38.549024],[-0.145523,38.549044],[-0.145506,38.549062],[-0.145488,38.549074],[-0.145469,38.549082],[-0.145454,38.549087],[-0.145424,38.549097],[-0.145406,38.549101],[-0.145376,38.549108],[-0.145298,38.549125],[-0.145244,38.549138],[-0.14513,38.549166],[-0.145109,38.549171],[-0.145077,38.549179],[-0.145039,38.549188],[-0.144949,38.549206],[-0.144929,38.549209],[-0.144913,38.549211],[-0.144887,38.549212],[-0.144866,38.54921],[-0.144843,38.549201],[-0.144828,38.549194],[-0.144811,38.54918],[-0.144789,38.549153],[-0.144767,38.54912],[-0.144753,38.549099],[-0.144699,38.549012],[-0.144665,38.548958],[-0.144632,38.548906],[-0.144611,38.548876],[-0.144588,38.548842],[-0.144574,38.548825],[-0.144561,38.548811],[-0.144546,38.548796],[-0.144528,38.548781],[-0.144516,38.548771],[-0.144501,38.548763],[-0.144483,38.548757],[-0.144453,38.54875],[-0.144415,38.548741],[-0.144373,38.548733],[-0.144322,38.548724],[-0.144268,38.548716],[-0.144226,38.54871],[-0.144198,38.548706],[-0.14417,38.548702],[-0.144146,38.548698],[-0.144123,38.548695],[-0.144106,38.548692],[-0.144085,38.548688],[-0.144068,38.548684],[-0.144047,38.548678],[-0.144027,38.548669],[-0.14397,38.548629],[-0.143958,38.548619],[-0.143946,38.548608],[-0.143926,38.548589],[-0.143907,38.548569],[-0.143892,38.548555],[-0.14388,38.548545],[-0.143862,38.548533],[-0.143842,38.548523],[-0.143809,38.548508]]},"properties":{"id_origen":"HY-P_WATERCOURSE_ES080HYWCSL0000009531334","local_id":"ES080HYWCSL0980340003999","nombre":"Canal Bajo del Algar","long_municipal_m":216.46}},{"type":"Feature","id":99,"geometry":{"type":"LineString","coordinates":[[-0.114164,38.558851],[-0.114171,38.558842],[-0.114204,38.558804],[-0.114223,38.558786],[-0.114283,38.55873],[-0.114392,38.55863],[-0.114459,38.558568],[-0.11447,38.558558],[-0.114538,38.558496],[-0.114665,38.558378],[-0.114691,38.558354],[-0.114717,38.558329],[-0.114757,38.55829],[-0.114805,38.558244],[-0.114824,38.558226],[-0.114844,38.558208],[-0.11486,38.558194],[-0.114883,38.558176],[-0.114906,38.558159],[-0.114928,38.558147],[-0.114955,38.558135],[-0.114998,38.55812],[-0.115017,38.558116],[-0.115063,38.558113],[-0.115122,38.558109],[-0.115165,38.558106],[-0.115209,38.558104],[-0.11526,38.558101],[-0.115312,38.558098],[-0.115345,38.558096],[-0.115448,38.558088],[-0.11548,38.558085],[-0.115497,38.558083],[-0.115513,38.55808],[-0.115529,38.558075],[-0.115545,38.558069],[-0.11556,38.558063],[-0.115579,38.558052],[-0.115604,38.558035],[-0.115632,38.558015],[-0.115655,38.557997],[-0.115696,38.557963],[-0.115753,38.557913],[-0.11581,38.557862],[-0.115811,38.557861],[-0.115832,38.557843],[-0.115906,38.557778],[-0.115947,38.557741],[-0.115985,38.557708],[-0.116014,38.557682],[-0.116076,38.557629],[-0.116234,38.55749],[-0.116272,38.557457],[-0.116384,38.557357],[-0.116466,38.557284],[-0.116563,38.557198],[-0.116583,38.55718],[-0.116645,38.557125],[-0.116707,38.557071],[-0.116796,38.556993],[-0.116816,38.556975],[-0.116859,38.556936],[-0.116875,38.55692],[-0.11689,38.556903],[-0.116902,38.556888],[-0.116912,38.556873],[-0.116922,38.556857],[-0.11696,38.556777],[-0.116967,38.556762],[-0.116986,38.556718],[-0.117039,38.5566],[-0.117129,38.556396],[-0.117143,38.556365],[-0.117285,38.556051],[-0.117473,38.555633],[-0.117492,38.555588],[-0.117514,38.555536]]},"properties":{"id_origen":"HY-P_WATERCOURSE_ES080HYWCSL0000009531321","local_id":"ES080HYWCSL0980340003999","nombre":"Canal Bajo del Algar","long_municipal_m":494.01}},{"type":"Feature","id":100,"geometry":{"type":"LineString","coordinates":[[-0.117565,38.555438],[-0.117569,38.555432],[-0.117582,38.555414],[-0.117597,38.555397],[-0.117612,38.55538],[-0.117631,38.555361],[-0.117651,38.555342],[-0.117669,38.555327],[-0.117728,38.555277],[-0.117906,38.555129],[-0.117938,38.555102],[-0.118014,38.55504]]},"properties":{"id_origen":"HY-P_WATERCOURSE_ES080HYWCSL0000009531316","local_id":"ES080HYWCSL0980340003999","nombre":"Canal Bajo del Algar","long_municipal_m":59.15}},{"type":"Feature","id":101,"geometry":{"type":"LineString","coordinates":[[-0.111108,38.561431],[-0.11113,38.561418],[-0.111154,38.561406],[-0.111179,38.561394],[-0.111193,38.561388],[-0.111217,38.561379],[-0.111245,38.561372],[-0.111261,38.561369],[-0.111284,38.561364],[-0.111318,38.561358],[-0.111336,38.561356],[-0.11136,38.561354],[-0.111482,38.561343],[-0.111536,38.561339],[-0.111664,38.561331],[-0.111715,38.561327],[-0.111739,38.561326],[-0.111756,38.561325],[-0.11178,38.561323],[-0.111804,38.561321],[-0.11184,38.561319],[-0.11191,38.561314],[-0.111926,38.561313],[-0.111937,38.561313],[-0.11197,38.56131],[-0.112003,38.561309],[-0.112044,38.561308],[-0.112061,38.561307],[-0.112085,38.561304],[-0.112111,38.561297],[-0.112131,38.561289],[-0.112152,38.561276],[-0.112173,38.561262],[-0.112202,38.561242],[-0.112231,38.561221],[-0.112243,38.561212],[-0.112279,38.561185],[-0.112468,38.561041],[-0.112653,38.5609],[-0.112707,38.56086],[-0.112745,38.560832],[-0.112761,38.560822],[-0.112779,38.56081],[-0.112806,38.560795],[-0.112836,38.560781],[-0.112858,38.560772],[-0.112879,38.560764],[-0.112901,38.560757],[-0.112924,38.560751],[-0.11294,38.560747],[-0.11298,38.56074],[-0.113046,38.560728],[-0.113091,38.56072],[-0.113148,38.560711],[-0.113272,38.560692],[-0.113335,38.560683],[-0.11346,38.560664],[-0.113482,38.560661],[-0.113528,38.560654],[-0.113559,38.56065],[-0.113585,38.560647],[-0.113622,38.560643],[-0.113689,38.560637],[-0.113796,38.560627],[-0.113824,38.560623],[-0.113853,38.560618],[-0.11388,38.56061],[-0.113898,38.560603],[-0.113918,38.560596],[-0.113935,38.560587],[-0.113948,38.560577],[-0.113959,38.560563],[-0.113968,38.56055],[-0.113975,38.560538],[-0.113983,38.560521],[-0.114003,38.560467],[-0.114032,38.560385],[-0.114044,38.56035],[-0.114054,38.560318],[-0.11406,38.560298],[-0.114067,38.560275],[-0.114073,38.560258],[-0.114077,38.560245],[-0.114086,38.560216],[-0.114098,38.560178],[-0.114114,38.560129],[-0.114138,38.560052],[-0.114142,38.560037],[-0.114151,38.560007],[-0.114158,38.559985],[-0.114167,38.559953],[-0.114173,38.559929],[-0.114177,38.559911],[-0.114179,38.559894],[-0.114181,38.559877],[-0.114182,38.559856],[-0.114182,38.559833],[-0.114182,38.559792],[-0.114181,38.559773],[-0.114179,38.559752],[-0.114178,38.559729],[-0.114173,38.559672],[-0.114169,38.559617],[-0.114166,38.559575],[-0.114163,38.559533],[-0.114161,38.559498],[-0.114158,38.559462],[-0.114155,38.559427],[-0.114154,38.559405],[-0.114152,38.559386],[-0.114151,38.559373],[-0.11415,38.559355],[-0.114148,38.559332],[-0.114145,38.559291],[-0.114143,38.55926],[-0.114142,38.559242],[-0.11414,38.559224],[-0.114139,38.559209],[-0.114138,38.559192],[-0.114137,38.559176],[-0.114135,38.559152],[-0.114133,38.559131]]},"properties":{"id_origen":"HY-P_WATERCOURSE_ES080HYWCSL0000009531328","local_id":"ES080HYWCSL0980340003999","nombre":"Canal Bajo del Algar","long_municipal_m":438.86}},{"type":"Feature","id":102,"geometry":{"type":"LineString","coordinates":[[-0.139499,38.549134],[-0.139423,38.549095],[-0.139374,38.54907],[-0.139331,38.549049],[-0.139308,38.549039],[-0.139287,38.549032],[-0.139266,38.549026],[-0.139245,38.549021],[-0.139224,38.549017],[-0.139193,38.549013],[-0.139168,38.549012],[-0.139141,38.549014],[-0.139118,38.54902],[-0.1391,38.549027],[-0.138995,38.549087],[-0.138979,38.549094],[-0.138963,38.549099],[-0.138946,38.549102],[-0.13893,38.549105],[-0.138912,38.549106],[-0.138895,38.549106],[-0.138878,38.549104],[-0.138862,38.549101],[-0.138846,38.549097],[-0.138609,38.54901],[-0.13855,38.548988],[-0.138517,38.548977],[-0.138496,38.548971],[-0.13831,38.548921],[-0.138235,38.548901],[-0.138215,38.548897],[-0.138198,38.548895],[-0.138182,38.548894],[-0.138165,38.548894],[-0.138142,38.548897],[-0.13799,38.548926],[-0.137844,38.548953],[-0.137825,38.548956],[-0.137803,38.54896],[-0.13778,38.548965],[-0.137757,38.548969],[-0.137712,38.548977]]},"properties":{"id_origen":"HY-P_WATERCOURSE_ES080HYWCSL0000009531310","local_id":"ES080HYWCSL0980340003999","nombre":"Canal Bajo del Algar","long_municipal_m":167.46}},{"type":"Feature","id":103,"geometry":{"type":"LineString","coordinates":[[-0.166104,38.542687],[-0.166082,38.54268],[-0.165994,38.542672],[-0.165781,38.542654],[-0.165673,38.542645],[-0.165158,38.542594],[-0.165036,38.542622],[-0.164774,38.542901],[-0.164678,38.542975],[-0.164351,38.543128],[-0.164137,38.543294],[-0.163941,38.543573],[-0.1639,38.543688],[-0.163878,38.543776],[-0.163875,38.54379],[-0.16384,38.543932],[-0.163818,38.544022],[-0.163801,38.544084],[-0.16379,38.544104],[-0.163777,38.544119],[-0.163763,38.544131],[-0.16375,38.544141],[-0.163734,38.544151],[-0.163687,38.544181],[-0.163671,38.544193],[-0.163617,38.544234],[-0.163448,38.54436],[-0.163425,38.544374],[-0.163411,38.544382],[-0.163393,38.54439],[-0.163375,38.544397],[-0.163357,38.544404],[-0.163331,38.54441],[-0.163282,38.54442],[-0.163196,38.544437],[-0.163092,38.544456],[-0.162932,38.544486],[-0.16286,38.5445],[-0.162794,38.544513],[-0.162747,38.544523],[-0.162706,38.544532],[-0.162666,38.544544],[-0.162647,38.544558],[-0.162633,38.544572],[-0.162525,38.544687],[-0.162513,38.544701],[-0.162492,38.544728],[-0.162471,38.544756],[-0.162426,38.544815],[-0.162396,38.544848],[-0.162374,38.544854],[-0.162309,38.544868]]},"properties":{"id_origen":"HY-P_WATERCOURSE_ES080HYWCSL0000009531313","local_id":"ES080HYWCSL0980340003999","nombre":"Canal Bajo del Algar","long_municipal_m":461.42}},{"type":"Feature","id":104,"geometry":{"type":"LineString","coordinates":[[-0.146044,38.54846],[-0.145994,38.548501],[-0.145975,38.548517],[-0.145938,38.548547],[-0.145905,38.548574],[-0.145878,38.548593],[-0.145863,38.548603],[-0.145806,38.548634],[-0.145773,38.548651],[-0.145766,38.548655]]},"properties":{"id_origen":"HY-P_WATERCOURSE_ES080HYWCSL0000009531318","local_id":"ES080HYWCSL0980340003999","nombre":"Canal Bajo del Algar","long_municipal_m":32.62}},{"type":"Feature","id":105,"geometry":{"type":"LineString","coordinates":[[-0.137565,38.54901],[-0.137505,38.54903],[-0.137293,38.54914],[-0.137272,38.549143],[-0.137251,38.549145],[-0.13723,38.549145],[-0.137209,38.549144],[-0.137186,38.54914],[-0.136974,38.54905],[-0.136951,38.549049],[-0.136936,38.549053],[-0.136712,38.54916],[-0.136683,38.549162],[-0.136657,38.549158],[-0.136383,38.549053]]},"properties":{"id_origen":"HY-P_WATERCOURSE_ES080HYWCSL0000009531309","local_id":"ES080HYWCSL0980340003999","nombre":"Canal Bajo del Algar","long_municipal_m":115.75}},{"type":"Feature","id":106,"geometry":{"type":"LineString","coordinates":[[-0.104712,38.566536],[-0.105265,38.566193]]},"properties":{"id_origen":"HY-P_WATERCOURSE_ES080HYWCSL0000009528832","local_id":"ES080HYWCSL0980340003999","nombre":"Canal Bajo del Algar","long_municipal_m":61.37}},{"type":"Feature","id":107,"geometry":{"type":"LineString","coordinates":[[-0.118106,38.554965],[-0.118157,38.554923],[-0.118425,38.55471],[-0.118782,38.554423],[-0.119159,38.554117],[-0.119583,38.553773],[-0.11963,38.553742],[-0.119682,38.553716],[-0.119737,38.553693],[-0.119794,38.553675],[-0.119853,38.553661]]},"properties":{"id_origen":"HY-P_WATERCOURSE_ES080HYWCSL0000009531307","local_id":"ES080HYWCSL0980340003999","nombre":"Canal Bajo del Algar","long_municipal_m":211.41}},{"type":"Feature","id":108,"geometry":{"type":"LineString","coordinates":[[-0.170575,38.541854],[-0.168898,38.542209],[-0.168495,38.542267],[-0.168344,38.542288]]},"properties":{"id_origen":"HY-P_WATERCOURSE_ES080HYWCSL0000009528822","local_id":"ES080HYWCSL0980340003999","nombre":"Canal Bajo del Algar","long_municipal_m":200.07}},{"type":"Feature","id":109,"geometry":{"type":"LineString","coordinates":[[-0.119853,38.553661],[-0.121063,38.553275],[-0.122988,38.552687],[-0.123087,38.552664],[-0.123093,38.552662],[-0.123139,38.552655],[-0.124311,38.552323],[-0.124556,38.552221],[-0.124577,38.552211],[-0.124626,38.552187],[-0.124673,38.55217],[-0.124697,38.55216],[-0.125419,38.551864],[-0.125768,38.551458],[-0.125865,38.551434],[-0.126337,38.551316],[-0.126729,38.551216],[-0.127954,38.550918],[-0.128421,38.550802],[-0.129596,38.550867],[-0.129612,38.550868],[-0.129624,38.550868],[-0.130302,38.550905],[-0.131158,38.550951],[-0.133271,38.550606],[-0.133348,38.550748],[-0.133549,38.551117],[-0.133817,38.551499],[-0.133883,38.551593],[-0.133929,38.551658],[-0.134154,38.551772],[-0.134287,38.551859],[-0.13431,38.551875],[-0.134494,38.551963],[-0.134836,38.552138],[-0.135039,38.552242],[-0.135052,38.552249],[-0.135054,38.552248],[-0.135088,38.552238],[-0.135114,38.55223],[-0.1354,38.552134],[-0.135419,38.552126],[-0.13544,38.552112],[-0.135458,38.552095],[-0.135471,38.552075],[-0.135474,38.552061],[-0.135494,38.551966],[-0.135494,38.55195],[-0.135487,38.551934],[-0.135474,38.55192],[-0.135385,38.551852],[-0.135328,38.551802],[-0.135277,38.551747],[-0.135091,38.551534],[-0.135029,38.551385],[-0.134983,38.551275],[-0.134922,38.550794],[-0.134868,38.550376],[-0.134852,38.550253]]},"properties":{"id_origen":"HY-P_WATERCOURSE_ES080HYWCSL0000009528835","local_id":"ES080HYWCSL0980340003999","nombre":"Canal Bajo del Algar","long_municipal_m":1754.27}},{"type":"Feature","id":110,"geometry":{"type":"LineString","coordinates":[[-0.108401,38.56451],[-0.107858,38.564953]]},"properties":{"id_origen":"HY-P_WATERCOURSE_ES080HYWCSL0000009528834","local_id":"ES080HYWCSL0980340003999","nombre":"Canal Bajo del Algar","long_municipal_m":68.23}},{"type":"Feature","id":111,"geometry":{"type":"LineString","coordinates":[[-0.142715,38.548037],[-0.14281,38.548069],[-0.142948,38.548117],[-0.14361,38.548396],[-0.143706,38.54845],[-0.143809,38.548508]]},"properties":{"id_origen":"HY-P_WATERCOURSE_ES080HYWCSL0000009528829","local_id":"ES080HYWCSL0980340003999","nombre":"Canal Bajo del Algar","long_municipal_m":108.85}},{"type":"Feature","id":112,"geometry":{"type":"LineString","coordinates":[[-0.146044,38.54846],[-0.146597,38.548039],[-0.147357,38.547382],[-0.148098,38.546743],[-0.14832,38.546631],[-0.148518,38.546555],[-0.148623,38.546513],[-0.148836,38.546475],[-0.148889,38.546465],[-0.14999,38.546965],[-0.150795,38.54733],[-0.150985,38.547417],[-0.151249,38.547432],[-0.151565,38.54746],[-0.151683,38.54747],[-0.151832,38.547465],[-0.152978,38.547597],[-0.153192,38.547622],[-0.153348,38.54764],[-0.153511,38.547659],[-0.153693,38.54769],[-0.154205,38.547522],[-0.154607,38.54747],[-0.154966,38.547424],[-0.156255,38.547258],[-0.156836,38.547182],[-0.156846,38.547181],[-0.15712,38.547215],[-0.157245,38.547227],[-0.15736,38.54723],[-0.157407,38.547235],[-0.157474,38.547242],[-0.157554,38.547244],[-0.15768,38.547256],[-0.15776,38.547258],[-0.157876,38.547233],[-0.158025,38.54698],[-0.158147,38.546771],[-0.158169,38.546736],[-0.158208,38.546674],[-0.158281,38.546558],[-0.158281,38.546557],[-0.158282,38.546549],[-0.158289,38.546537],[-0.158355,38.546425],[-0.159281,38.546213],[-0.15947,38.545515],[-0.15969,38.54516],[-0.159801,38.545137],[-0.159921,38.545112],[-0.160867,38.544943],[-0.160955,38.544928],[-0.161123,38.544898],[-0.161247,38.54488],[-0.161342,38.544867],[-0.161675,38.544875],[-0.16211,38.54487],[-0.162309,38.544868]]},"properties":{"id_origen":"HY-P_WATERCOURSE_ES080HYWCSL0000009528825","local_id":"ES080HYWCSL0980340003999","nombre":"Canal Bajo del Algar","long_municipal_m":1695.52}},{"type":"Feature","id":113,"geometry":{"type":"LineString","coordinates":[[-0.109251,38.562785],[-0.109264,38.562749],[-0.109307,38.562637],[-0.109307,38.562637],[-0.10935,38.562525],[-0.10936,38.562499],[-0.109466,38.562421],[-0.109482,38.562409],[-0.109501,38.562395],[-0.109521,38.562381]]},"properties":{"id_origen":"HY-P_WATERCOURSE_ES080HYWCSL0000009528820","local_id":"ES080HYWCSL0980340003999","nombre":"Canal Bajo del Algar","long_municipal_m":52.37}},{"type":"Feature","id":114,"geometry":{"type":"LineString","coordinates":[[-0.107184,38.565266],[-0.107339,38.565198]]},"properties":{"id_origen":"HY-P_WATERCOURSE_ES080HYWCSL0000009528819","local_id":"ES080HYWCSL0980340003999","nombre":"Canal Bajo del Algar","long_municipal_m":15.45}},{"type":"Feature","id":115,"geometry":{"type":"LineString","coordinates":[[-0.108897,38.564048],[-0.108917,38.564012],[-0.108941,38.56397]]},"properties":{"id_origen":"HY-P_WATERCOURSE_ES080HYWCSL0000009528818","local_id":"ES080HYWCSL0980340003999","nombre":"Canal Bajo del Algar","long_municipal_m":9.48}},{"type":"Feature","id":116,"geometry":{"type":"LineString","coordinates":[[-0.141635,38.549751],[-0.141538,38.549593],[-0.141495,38.54951],[-0.141469,38.549359],[-0.141448,38.549239],[-0.141417,38.548877],[-0.141473,38.548788]]},"properties":{"id_origen":"HY-P_WATERCOURSE_ES080HYWCSL0000009528828","local_id":"ES080HYWCSL0980340003999","nombre":"Canal Bajo del Algar","long_municipal_m":111.23}},{"type":"Feature","id":117,"geometry":{"type":"LineString","coordinates":[[-0.110293,38.561921],[-0.11051,38.561794],[-0.110539,38.561778]]},"properties":{"id_origen":"HY-P_WATERCOURSE_ES080HYWCSL0000009528826","local_id":"ES080HYWCSL0980340003999","nombre":"Canal Bajo del Algar","long_municipal_m":26.65}},{"type":"Feature","id":118,"geometry":{"type":"LineString","coordinates":[[-0.145641,38.548731],[-0.14563,38.548738],[-0.145613,38.54875],[-0.145598,38.548762],[-0.14559,38.548769],[-0.145582,38.548776],[-0.145563,38.548793],[-0.145546,38.54881]]},"properties":{"id_origen":"HY-P_WATERCOURSE_ES080HYWCSL0000009509065","local_id":"ES080HYWCSL0980340003999","nombre":"Canal Bajo del Algar","long_municipal_m":12.09}},{"type":"Feature","id":119,"geometry":{"type":"LineString","coordinates":[[-0.110539,38.561778],[-0.110551,38.56177],[-0.110753,38.561647],[-0.110779,38.561631],[-0.110852,38.561586],[-0.110884,38.561566],[-0.110925,38.561541],[-0.110956,38.561523],[-0.111004,38.561494],[-0.111008,38.561491],[-0.111079,38.561448],[-0.111108,38.561431]]},"properties":{"id_origen":"HY-P_WATERCOURSE_ES080HYWCSL0000009511167","local_id":"ES080HYWCSL0980340003999","nombre":"Canal Bajo del Algar","long_municipal_m":62.75}},{"type":"Feature","id":120,"geometry":{"type":"LineString","coordinates":[[-0.106339,38.56568],[-0.106365,38.565667],[-0.106405,38.565647]]},"properties":{"id_origen":"HY-P_WATERCOURSE_ES080HYWCSL0000009509071","local_id":"ES080HYWCSL0980340003999","nombre":"Canal Bajo del Algar","long_municipal_m":6.81}},{"type":"Feature","id":121,"geometry":{"type":"LineString","coordinates":[[-0.145766,38.548655],[-0.145741,38.54867],[-0.14572,38.548682],[-0.145719,38.548683],[-0.14568,38.548707],[-0.145671,38.548712]]},"properties":{"id_origen":"HY-P_WATERCOURSE_ES080HYWCSL0000009509059","local_id":"ES080HYWCSL0980340003999","nombre":"Canal Bajo del Algar","long_municipal_m":10.42}},{"type":"Feature","id":122,"geometry":{"type":"LineString","coordinates":[[-0.136383,38.549053],[-0.136318,38.549028],[-0.136317,38.549028],[-0.136259,38.549009]]},"properties":{"id_origen":"HY-P_WATERCOURSE_ES080HYWCSL0000009509078","local_id":"ES080HYWCSL0980340003999","nombre":"Canal Bajo del Algar","long_municipal_m":11.85}},{"type":"Feature","id":123,"geometry":{"type":"LineString","coordinates":[[-0.137712,38.548977],[-0.137678,38.548984],[-0.13764,38.548991],[-0.137632,38.548992],[-0.137626,38.548993],[-0.137616,38.548995],[-0.1376,38.548998],[-0.137565,38.54901]]},"properties":{"id_origen":"HY-P_WATERCOURSE_ES080HYWCSL0000009509077","local_id":"ES080HYWCSL0980340003999","nombre":"Canal Bajo del Algar","long_municipal_m":13.34}},{"type":"Feature","id":124,"geometry":{"type":"LineString","coordinates":[[-0.117514,38.555536],[-0.117527,38.555506],[-0.11753,38.555498],[-0.117532,38.555494],[-0.117537,38.555486],[-0.117546,38.555471],[-0.117561,38.555445],[-0.117565,38.555438]]},"properties":{"id_origen":"HY-P_WATERCOURSE_ES080HYWCSL0000009509073","local_id":"ES080HYWCSL0980340003999","nombre":"Canal Bajo del Algar","long_municipal_m":11.78}},{"type":"Feature","id":125,"geometry":{"type":"LineString","coordinates":[[-0.166261,38.542802],[-0.166225,38.542798],[-0.166209,38.542785],[-0.1662,38.542776],[-0.166142,38.542716],[-0.166104,38.542687]]},"properties":{"id_origen":"HY-P_WATERCOURSE_ES080HYWCSL0000009509072","local_id":"ES080HYWCSL0980340003999","nombre":"Canal Bajo del Algar","long_municipal_m":19.42}},{"type":"Feature","id":126,"geometry":{"type":"LineString","coordinates":[[-0.118014,38.55504],[-0.118029,38.555028],[-0.11804,38.555019],[-0.118055,38.555006],[-0.118106,38.554965]]},"properties":{"id_origen":"HY-P_WATERCOURSE_ES080HYWCSL0000009509062","local_id":"ES080HYWCSL0980340003999","nombre":"Canal Bajo del Algar","long_municipal_m":11.56}},{"type":"Feature","id":127,"geometry":{"type":"LineString","coordinates":[[-0.114133,38.559131],[-0.114133,38.559123],[-0.114128,38.559059],[-0.114128,38.559041],[-0.114126,38.559007],[-0.114125,38.558991],[-0.114125,38.55897],[-0.114125,38.558955],[-0.114131,38.558935],[-0.11415,38.558875],[-0.114157,38.558861],[-0.114164,38.558851]]},"properties":{"id_origen":"HY-P_WATERCOURSE_ES080HYWCSL0000009509061","local_id":"ES080HYWCSL0980340003999","nombre":"Canal Bajo del Algar","long_municipal_m":31.69}},{"type":"Feature","id":128,"geometry":{"type":"LineString","coordinates":[[-0.139955,38.54937],[-0.139866,38.549335],[-0.139728,38.549259],[-0.139693,38.54924],[-0.139672,38.549228],[-0.139649,38.549216],[-0.139621,38.5492],[-0.13958,38.549178],[-0.139499,38.549134]]},"properties":{"id_origen":"HY-P_WATERCOURSE_ES080HYWCSL0000009509056","local_id":"ES080HYWCSL0980340003999","nombre":"Canal Bajo del Algar","long_municipal_m":47.63}},{"type":"Feature","id":129,"geometry":{"type":"LineString","coordinates":[[-0.106405,38.565647],[-0.106565,38.565567],[-0.106597,38.565551],[-0.10662,38.565541],[-0.106658,38.565524],[-0.106766,38.565473],[-0.106786,38.565463],[-0.1071,38.56531],[-0.107184,38.565266]]},"properties":{"id_origen":"HY-P_WATERCOURSE_ES080HYWCSL0000009531325","local_id":"ES080HYWCSL0980340003999","nombre":"Canal Bajo del Algar","long_municipal_m":79.9}},{"type":"Feature","id":130,"geometry":{"type":"LineString","coordinates":[[-0.17688,38.593731],[-0.176865,38.593725],[-0.176846,38.59372],[-0.176803,38.593709],[-0.176768,38.593708],[-0.176726,38.593703],[-0.176707,38.593697],[-0.176686,38.593692],[-0.176661,38.593685],[-0.176623,38.593671],[-0.176606,38.593661],[-0.17657,38.593652],[-0.176549,38.593634],[-0.176537,38.593622],[-0.176519,38.593609],[-0.176497,38.593594],[-0.17646,38.593565],[-0.176437,38.593559],[-0.176415,38.593556],[-0.176392,38.593542],[-0.176366,38.593523],[-0.176338,38.593509],[-0.176302,38.593506],[-0.176278,38.593506],[-0.176239,38.593506],[-0.176131,38.593496],[-0.176088,38.593494],[-0.176069,38.593489],[-0.17605,38.593484],[-0.176029,38.593476],[-0.176013,38.593471],[-0.175939,38.593462],[-0.175914,38.593459],[-0.17588,38.593453],[-0.175854,38.593448],[-0.17583,38.593446],[-0.175786,38.593445],[-0.175761,38.59344],[-0.175744,38.593436],[-0.175712,38.593432],[-0.175683,38.593433],[-0.175661,38.593434],[-0.175624,38.59344],[-0.175573,38.593442],[-0.175541,38.593445],[-0.175514,38.593447],[-0.175489,38.593448],[-0.175465,38.593448],[-0.175422,38.593446],[-0.175333,38.593442],[-0.175315,38.593444],[-0.175264,38.59344],[-0.175247,38.593446],[-0.175228,38.593453],[-0.17521,38.593459],[-0.175192,38.593467],[-0.175161,38.593473],[-0.175148,38.593483],[-0.175101,38.593475],[-0.175078,38.593467],[-0.175048,38.593449],[-0.175028,38.593436],[-0.175014,38.593426],[-0.174974,38.593405],[-0.174939,38.593385],[-0.174913,38.59337],[-0.174883,38.59336],[-0.174861,38.593356],[-0.17478,38.593352],[-0.174725,38.593351],[-0.1747,38.593351],[-0.174665,38.593357],[-0.174592,38.593373],[-0.174556,38.593381],[-0.174494,38.5934],[-0.174467,38.593406],[-0.17444,38.593411],[-0.174411,38.593415],[-0.174384,38.593412],[-0.174364,38.593407],[-0.174344,38.5934],[-0.174297,38.593382],[-0.174274,38.593375],[-0.17425,38.593372],[-0.174162,38.59338],[-0.174058,38.593383],[-0.17398,38.593387],[-0.173959,38.593387],[-0.173894,38.593389],[-0.173831,38.593396],[-0.173814,38.593394],[-0.173797,38.593391],[-0.173778,38.593391],[-0.173759,38.593392],[-0.173713,38.593398],[-0.173685,38.593394],[-0.173662,38.593374],[-0.173598,38.593329],[-0.173563,38.593301],[-0.173529,38.593271],[-0.173513,38.593249],[-0.173499,38.593226],[-0.173489,38.593206],[-0.173479,38.593185],[-0.173465,38.59316],[-0.173444,38.593138],[-0.173424,38.593124],[-0.173399,38.593116],[-0.173361,38.593108],[-0.173323,38.593101],[-0.173227,38.593088],[-0.173195,38.593082],[-0.17316,38.593073],[-0.173126,38.593063],[-0.172913,38.592992],[-0.172871,38.592977],[-0.172831,38.59296],[-0.172813,38.59295],[-0.172788,38.592933],[-0.172768,38.592923],[-0.172703,38.592907],[-0.172513,38.592866],[-0.172466,38.592854],[-0.172446,38.592844],[-0.172426,38.592832],[-0.172409,38.592821],[-0.172387,38.592802],[-0.172364,38.592784],[-0.172319,38.592753],[-0.172272,38.592723],[-0.172249,38.592711],[-0.172212,38.592696],[-0.172173,38.592685],[-0.172141,38.59268],[-0.172091,38.592679],[-0.172067,38.592679],[-0.172037,38.592674],[-0.172011,38.592662],[-0.171991,38.592654],[-0.171973,38.59265],[-0.171955,38.592652],[-0.171929,38.592657],[-0.17189,38.592668],[-0.171871,38.592672],[-0.171851,38.592675],[-0.171816,38.592673],[-0.171781,38.59267],[-0.17172,38.592666],[-0.171659,38.59266],[-0.171641,38.592656],[-0.171618,38.592649],[-0.171599,38.592638],[-0.171584,38.592631],[-0.171559,38.592624],[-0.171534,38.592626],[-0.171452,38.592639],[-0.17141,38.592645],[-0.171369,38.592649],[-0.171332,38.59265],[-0.171297,38.592643],[-0.171253,38.592632],[-0.171207,38.592618],[-0.171185,38.592606],[-0.171165,38.592591],[-0.171144,38.592571],[-0.171132,38.592561],[-0.171105,38.592554],[-0.171027,38.592538],[-0.171,38.592532],[-0.170972,38.592524],[-0.170949,38.592506],[-0.170905,38.592475],[-0.170882,38.59246],[-0.170857,38.592445],[-0.170842,38.592437],[-0.170817,38.592431],[-0.170793,38.592428],[-0.170753,38.592432],[-0.170713,38.592436],[-0.170677,38.592438],[-0.170633,38.592437],[-0.170606,38.592425],[-0.170588,38.59241],[-0.170577,38.592399],[-0.170568,38.59238],[-0.170561,38.592362],[-0.170552,38.592331],[-0.170548,38.592316],[-0.170543,38.592301],[-0.170535,38.592288],[-0.170517,38.592271],[-0.170491,38.592253],[-0.170457,38.592241],[-0.17043,38.592218],[-0.170415,38.592198],[-0.170382,38.592152],[-0.170362,38.592127],[-0.170351,38.592115],[-0.170341,38.592102],[-0.170333,38.592088],[-0.170328,38.592065],[-0.170326,38.592042],[-0.170326,38.591994],[-0.170326,38.591946],[-0.170328,38.591872],[-0.170323,38.591807],[-0.170324,38.591771],[-0.170325,38.591735],[-0.170326,38.591718],[-0.170323,38.591696],[-0.17031,38.591686],[-0.170294,38.59168],[-0.170271,38.591672],[-0.170248,38.591666],[-0.170229,38.591666],[-0.170207,38.591668],[-0.170189,38.591667],[-0.170152,38.591652],[-0.170123,38.591636],[-0.170056,38.59159],[-0.170024,38.591566],[-0.169993,38.591541],[-0.169954,38.591509],[-0.169921,38.591473],[-0.169888,38.591432],[-0.169856,38.591391],[-0.169833,38.591364],[-0.169806,38.591339],[-0.169786,38.591331],[-0.169757,38.591324],[-0.169718,38.591322],[-0.169701,38.591318],[-0.169676,38.591309],[-0.169657,38.591293],[-0.169618,38.591255],[-0.16959,38.591229],[-0.169575,38.591216],[-0.169558,38.591204],[-0.169531,38.591194],[-0.169511,38.591189],[-0.169481,38.591184],[-0.169449,38.591181],[-0.169378,38.591178],[-0.169307,38.591174],[-0.169153,38.591161],[-0.169087,38.591156],[-0.169022,38.591151],[-0.169001,38.591146],[-0.168971,38.591136],[-0.168876,38.591098],[-0.168816,38.591068],[-0.16875,38.59103],[-0.168685,38.590992],[-0.168577,38.590925],[-0.168543,38.590906],[-0.16849,38.59088],[-0.168438,38.590852],[-0.168395,38.590827],[-0.168353,38.590799],[-0.16833,38.59078],[-0.168311,38.590759],[-0.16825,38.590685],[-0.168201,38.590626],[-0.168182,38.590623],[-0.168166,38.590625],[-0.168121,38.590634],[-0.168078,38.590649],[-0.168018,38.590674],[-0.168,38.59068],[-0.167978,38.590683],[-0.167962,38.590675],[-0.167955,38.590656],[-0.167948,38.590607],[-0.167942,38.590573],[-0.167932,38.590537],[-0.167919,38.5905],[-0.167903,38.590453],[-0.167861,38.590416],[-0.167848,38.590406],[-0.167826,38.590395],[-0.167802,38.590384],[-0.167783,38.590378],[-0.167756,38.590371],[-0.167729,38.590371],[-0.16771,38.590373],[-0.167682,38.590378],[-0.167653,38.590383],[-0.167615,38.590386],[-0.167595,38.590387],[-0.167577,38.590384],[-0.167547,38.590375],[-0.167519,38.590364],[-0.167482,38.590343],[-0.167445,38.590322],[-0.1674,38.590296],[-0.167398,38.590295],[-0.167359,38.590271],[-0.167339,38.590257],[-0.167311,38.590236],[-0.167281,38.590215],[-0.167251,38.590199],[-0.167221,38.590184],[-0.167185,38.590163],[-0.167151,38.590141],[-0.167141,38.590129],[-0.167128,38.59011],[-0.167117,38.59009],[-0.167097,38.590051],[-0.167078,38.590012],[-0.167061,38.589982],[-0.167048,38.589969],[-0.167028,38.589951],[-0.167003,38.589938],[-0.166982,38.589931],[-0.166945,38.589927],[-0.166908,38.589924],[-0.166841,38.589919],[-0.16682,38.589913],[-0.166803,38.589899],[-0.166794,38.589888],[-0.166762,38.589843],[-0.16675,38.589827],[-0.166727,38.589809],[-0.166697,38.5898],[-0.166675,38.589795],[-0.16665,38.58979],[-0.166626,38.589785],[-0.166596,38.589772],[-0.166569,38.589755],[-0.166492,38.589689],[-0.166484,38.589678],[-0.166478,38.589665],[-0.166466,38.58964],[-0.166463,38.589621],[-0.166468,38.589594],[-0.166474,38.589572],[-0.166477,38.589556],[-0.166479,38.58954],[-0.166478,38.589493],[-0.166485,38.589461],[-0.166492,38.589431],[-0.166495,38.589407],[-0.16649,38.589383],[-0.16648,38.589353],[-0.166465,38.589324],[-0.166447,38.589301],[-0.166426,38.589279],[-0.166393,38.589248],[-0.166373,38.589236],[-0.166351,38.589226],[-0.166324,38.589217],[-0.166297,38.589209],[-0.166275,38.589201],[-0.166253,38.589192],[-0.166235,38.589181],[-0.166219,38.589168],[-0.166203,38.589148],[-0.166211,38.589124],[-0.166228,38.589097],[-0.166242,38.589075],[-0.166254,38.589059],[-0.166279,38.589023],[-0.166294,38.588996],[-0.166282,38.588974],[-0.166249,38.588961],[-0.16622,38.588954],[-0.166177,38.588942],[-0.166154,38.588938],[-0.166084,38.588933],[-0.166051,38.588929],[-0.166028,38.588919],[-0.166016,38.5889],[-0.16601,38.588885],[-0.165999,38.588862],[-0.16599,38.588838],[-0.165984,38.588821],[-0.165965,38.58877]]},"properties":{"id_origen":"HY-P_WATERCOURSE_ES080HYWCSL0000003223756","local_id":"ES080HYWCSL0000200195382","nombre":"Barranc del Lliriet","long_municipal_m":1262.69}},{"type":"Feature","id":131,"geometry":{"type":"LineString","coordinates":[[-0.149897,38.580311],[-0.149848,38.580331],[-0.149748,38.580338],[-0.149688,38.580329],[-0.149563,38.580243],[-0.149393,38.580154],[-0.149336,38.580096],[-0.149254,38.580053],[-0.14918,38.579959],[-0.149091,38.57991],[-0.149022,38.579829],[-0.148907,38.579767],[-0.148823,38.579669],[-0.14852,38.579471],[-0.148487,38.579425],[-0.148475,38.579373],[-0.148343,38.579267],[-0.148188,38.579182],[-0.148099,38.57907],[-0.14804,38.579061],[-0.148009,38.579021],[-0.148,38.579004],[-0.147983,38.578989],[-0.147965,38.578973],[-0.147939,38.578942],[-0.147894,38.578892],[-0.147886,38.57888],[-0.147878,38.578862],[-0.147874,38.578849],[-0.147867,38.578833],[-0.147856,38.578816],[-0.14784,38.578804],[-0.147819,38.578792],[-0.147774,38.578763],[-0.147756,38.578751],[-0.147739,38.57874],[-0.147681,38.578702],[-0.147647,38.578678],[-0.147619,38.578658],[-0.147602,38.578645],[-0.147581,38.578629],[-0.147571,38.578615],[-0.147567,38.578598],[-0.147565,38.578584],[-0.147564,38.578564],[-0.14756,38.578543],[-0.147552,38.578526],[-0.14754,38.578505],[-0.147528,38.578488],[-0.147511,38.578471],[-0.147495,38.578459],[-0.147478,38.578446],[-0.147466,38.578436],[-0.147455,38.578426],[-0.14744,38.578405],[-0.147417,38.578372],[-0.147395,38.578339],[-0.147378,38.578313],[-0.14736,38.578284],[-0.147344,38.578257],[-0.147325,38.578226],[-0.147307,38.578203],[-0.147297,38.578191],[-0.147283,38.578177],[-0.147272,38.578166],[-0.147253,38.578149],[-0.147239,38.57814],[-0.14722,38.578129],[-0.147199,38.578117],[-0.147174,38.578106],[-0.147156,38.5781],[-0.147133,38.578093],[-0.147091,38.57808],[-0.147061,38.578071],[-0.147038,38.578063],[-0.14698,38.578038],[-0.14691,38.578008],[-0.146851,38.577983],[-0.146826,38.577974],[-0.146799,38.577967],[-0.146733,38.57795],[-0.146709,38.577938],[-0.146691,38.577923],[-0.146682,38.577907],[-0.146675,38.577889],[-0.146666,38.577863],[-0.146653,38.577839],[-0.146641,38.577815],[-0.146631,38.577802],[-0.146621,38.57779],[-0.146608,38.577777],[-0.146592,38.577765],[-0.146571,38.577754],[-0.146556,38.577747],[-0.14653,38.577736],[-0.146504,38.577727],[-0.146485,38.57772],[-0.146425,38.577699],[-0.1464,38.57769],[-0.146373,38.577679],[-0.146344,38.577667],[-0.146327,38.577659],[-0.146311,38.577648],[-0.146297,38.577635],[-0.146286,38.577624],[-0.146252,38.57759],[-0.146235,38.57758],[-0.146188,38.577555],[-0.146169,38.57754],[-0.146156,38.577525],[-0.146141,38.577505],[-0.14612,38.577479],[-0.146098,38.577448],[-0.146085,38.577428],[-0.146058,38.577385],[-0.146029,38.577343],[-0.146016,38.577324],[-0.146007,38.577312],[-0.145995,38.577302],[-0.145978,38.577292],[-0.145955,38.577278],[-0.145938,38.577268],[-0.145926,38.577257],[-0.145912,38.577241],[-0.145903,38.57723],[-0.145894,38.577216],[-0.145889,38.577204],[-0.145884,38.577191],[-0.145878,38.577168],[-0.145874,38.57715],[-0.145872,38.57713],[-0.145871,38.577113],[-0.145873,38.577094],[-0.145876,38.577075],[-0.145881,38.577057],[-0.145888,38.577022],[-0.145891,38.576994],[-0.145886,38.576974],[-0.14588,38.57696],[-0.145868,38.576945],[-0.145853,38.57693],[-0.14583,38.576918],[-0.145806,38.576908],[-0.145774,38.576896],[-0.14575,38.576889],[-0.145725,38.576881],[-0.1457,38.576876],[-0.145675,38.576872],[-0.145645,38.576867],[-0.145627,38.576864],[-0.145607,38.576861],[-0.145583,38.576859],[-0.145523,38.576853],[-0.145501,38.57685],[-0.145484,38.576847],[-0.145461,38.576843],[-0.145438,38.576836],[-0.145421,38.576826],[-0.14541,38.576815],[-0.145396,38.5768],[-0.145385,38.576787],[-0.145373,38.576769],[-0.145349,38.576734],[-0.145334,38.576712],[-0.145321,38.576692],[-0.145298,38.576657],[-0.145286,38.576641],[-0.145265,38.576627],[-0.145221,38.576602],[-0.145214,38.576579],[-0.145213,38.576565],[-0.145213,38.576548],[-0.145212,38.576522],[-0.145217,38.576494],[-0.145206,38.576479],[-0.14519,38.576467],[-0.145168,38.576457],[-0.145135,38.576446],[-0.145104,38.576432],[-0.145074,38.57642],[-0.14503,38.576402],[-0.144983,38.576381],[-0.144958,38.576368],[-0.144942,38.576354],[-0.144928,38.576342],[-0.144886,38.576305],[-0.144864,38.576294],[-0.14484,38.576285],[-0.144798,38.576269],[-0.144778,38.576257],[-0.144768,38.576245],[-0.144759,38.576233],[-0.144736,38.576201],[-0.144721,38.576191],[-0.144688,38.576187],[-0.144661,38.576186],[-0.144632,38.576186],[-0.144615,38.576187],[-0.144593,38.576188],[-0.144551,38.57619],[-0.144531,38.576191],[-0.144512,38.576189],[-0.144488,38.576184],[-0.144468,38.576173],[-0.14445,38.57616],[-0.144437,38.576151],[-0.144413,38.576131],[-0.144399,38.576119],[-0.144379,38.5761],[-0.144362,38.57608],[-0.144327,38.57604],[-0.144311,38.576027],[-0.144293,38.576019],[-0.144272,38.576014],[-0.144247,38.57601],[-0.144192,38.576001],[-0.144167,38.575997],[-0.144126,38.575989],[-0.144096,38.575982],[-0.144074,38.575978],[-0.144051,38.57597],[-0.144025,38.575958],[-0.144002,38.575944],[-0.143985,38.57593],[-0.143974,38.575919],[-0.143961,38.575906],[-0.143949,38.575893],[-0.143935,38.575871],[-0.143922,38.575847],[-0.143913,38.575825],[-0.143904,38.575801],[-0.143897,38.575787],[-0.14389,38.575775],[-0.143874,38.575757],[-0.143863,38.575745],[-0.143847,38.575731],[-0.143822,38.575715],[-0.143773,38.575693],[-0.143736,38.575677],[-0.143708,38.575664],[-0.143685,38.575654],[-0.143663,38.575643],[-0.14362,38.575623],[-0.143587,38.575608],[-0.143573,38.575602],[-0.143549,38.575593],[-0.143531,38.575587],[-0.143502,38.575579],[-0.143477,38.575571],[-0.143448,38.575563],[-0.143425,38.575555],[-0.14339,38.575544],[-0.143355,38.575532],[-0.143329,38.575522],[-0.143307,38.575513],[-0.143291,38.575504],[-0.143273,38.575487],[-0.14326,38.575473],[-0.143251,38.575461],[-0.14324,38.575445],[-0.143232,38.575425],[-0.143228,38.575402],[-0.143223,38.575367],[-0.143218,38.57535],[-0.14321,38.575333],[-0.1432,38.575317],[-0.143187,38.575303],[-0.143168,38.575292],[-0.143152,38.575286],[-0.143135,38.57528],[-0.143079,38.575259],[-0.143044,38.575236],[-0.143015,38.575215],[-0.142994,38.5752],[-0.142969,38.575178],[-0.142921,38.575138],[-0.142894,38.575118],[-0.142864,38.575098],[-0.14284,38.575084],[-0.142794,38.575057],[-0.142777,38.57504],[-0.142763,38.575021],[-0.142743,38.574992],[-0.142725,38.574971],[-0.142672,38.57491],[-0.142615,38.574843],[-0.142598,38.574822],[-0.142583,38.574802],[-0.142575,38.574783],[-0.14257,38.574768],[-0.14256,38.574737],[-0.142556,38.574713],[-0.142557,38.574687],[-0.142551,38.574664],[-0.14254,38.574653],[-0.142525,38.57464],[-0.142503,38.574622],[-0.142472,38.574597],[-0.142461,38.574588],[-0.142443,38.574573],[-0.142419,38.574553],[-0.142403,38.574539],[-0.14239,38.574527],[-0.142381,38.574514],[-0.142379,38.574498],[-0.142378,38.574483],[-0.14238,38.574461],[-0.142382,38.574431],[-0.14238,38.574412],[-0.142367,38.57437],[-0.142356,38.574337],[-0.142348,38.574318],[-0.142339,38.574299],[-0.14231,38.574248],[-0.142296,38.574224],[-0.142269,38.574181],[-0.142254,38.574156],[-0.142238,38.574134],[-0.14222,38.57411],[-0.142191,38.574071],[-0.142161,38.574033],[-0.142144,38.574009],[-0.142126,38.573983],[-0.142117,38.573964],[-0.142106,38.573942],[-0.142097,38.573919],[-0.142088,38.573897],[-0.142079,38.573871],[-0.142078,38.573857],[-0.142082,38.573844],[-0.142086,38.57383],[-0.142093,38.573812],[-0.1421,38.573791],[-0.142102,38.573772],[-0.142095,38.573753],[-0.142086,38.573739],[-0.142061,38.573697],[-0.142058,38.573681],[-0.142056,38.573666],[-0.142054,38.573653],[-0.142047,38.573604],[-0.142039,38.573536],[-0.142036,38.573509],[-0.142033,38.573469],[-0.142033,38.573456],[-0.142033,38.573441],[-0.142034,38.573426],[-0.142037,38.573408],[-0.142045,38.573393],[-0.142059,38.573382],[-0.142075,38.573374],[-0.142101,38.573363],[-0.14212,38.573353],[-0.142131,38.573343],[-0.142141,38.57332],[-0.142218,38.573148]]},"properties":{"id_origen":"HY-P_WATERCOURSE_ES080HYWCSL0000003224279","local_id":"ES080HYWCSL0980310000476","nombre":null,"long_municipal_m":1145.13}},{"type":"Feature","id":132,"geometry":{"type":"LineString","coordinates":[[-0.165965,38.58877],[-0.165954,38.588741],[-0.165941,38.58871],[-0.165932,38.588696],[-0.165918,38.588685],[-0.165883,38.58866],[-0.165862,38.588652],[-0.16584,38.588646],[-0.165818,38.588641],[-0.165785,38.588636],[-0.165751,38.588636],[-0.165699,38.58864],[-0.165666,38.588639],[-0.165639,38.588622],[-0.165623,38.588606],[-0.165602,38.588588],[-0.165579,38.588562],[-0.165574,38.58854],[-0.165575,38.588523],[-0.165579,38.588494],[-0.165586,38.588465],[-0.165603,38.588433],[-0.165622,38.588402],[-0.165644,38.58837],[-0.165667,38.588338],[-0.165681,38.588311],[-0.165695,38.588283],[-0.165704,38.588263],[-0.165705,38.588248],[-0.165697,38.588231],[-0.165681,38.588215],[-0.165659,38.588204],[-0.165622,38.588188],[-0.165584,38.588173],[-0.165546,38.588159],[-0.165508,38.588146],[-0.165459,38.58813],[-0.165408,38.588119],[-0.16537,38.588115],[-0.165332,38.588112],[-0.165253,38.588101],[-0.165216,38.588098],[-0.165172,38.588092],[-0.165145,38.588079],[-0.16513,38.588064],[-0.165118,38.588051],[-0.165104,38.588031],[-0.165094,38.588011],[-0.165093,38.587987],[-0.165094,38.587964],[-0.165097,38.587941],[-0.1651,38.587918],[-0.165093,38.587894],[-0.165083,38.587869],[-0.165055,38.587821],[-0.165027,38.587774],[-0.16499,38.587712],[-0.16495,38.587652],[-0.16494,38.587639],[-0.164919,38.587626],[-0.164895,38.587613],[-0.164861,38.587599],[-0.164825,38.587591],[-0.164789,38.587585],[-0.164762,38.587586],[-0.164715,38.587593],[-0.164676,38.587599],[-0.164639,38.587604],[-0.164603,38.587605],[-0.164572,38.587603],[-0.164556,38.587595],[-0.164539,38.587582],[-0.164524,38.587559],[-0.164499,38.58751],[-0.16449,38.587485],[-0.164485,38.587462],[-0.164483,38.58744],[-0.164487,38.587421],[-0.164494,38.587385],[-0.164467,38.587353],[-0.16445,38.587325],[-0.164441,38.587311],[-0.164427,38.587302],[-0.164402,38.587289],[-0.164367,38.587277],[-0.164309,38.58728],[-0.16427,38.587284],[-0.164231,38.587288],[-0.164204,38.587287],[-0.164191,38.587273],[-0.164179,38.587252],[-0.164164,38.587227],[-0.164149,38.587202],[-0.164134,38.58718],[-0.164117,38.587152],[-0.164108,38.587128],[-0.164101,38.587116],[-0.164086,38.587103],[-0.164066,38.587092],[-0.164046,38.587081],[-0.164017,38.587062],[-0.163993,38.587039],[-0.163978,38.58702],[-0.163964,38.58699],[-0.163952,38.586959],[-0.163934,38.58691],[-0.163927,38.586886],[-0.163925,38.586861],[-0.163926,38.586829],[-0.163928,38.586796],[-0.163931,38.586765],[-0.163933,38.586733],[-0.163932,38.586724],[-0.163931,38.586719],[-0.163916,38.5867],[-0.163897,38.586683],[-0.163856,38.58665],[-0.163811,38.586623],[-0.163752,38.58659],[-0.16369,38.586559],[-0.163642,38.586543],[-0.163594,38.586529],[-0.16353,38.586511],[-0.163497,38.586505],[-0.163465,38.586498],[-0.163426,38.586492],[-0.163387,38.586486],[-0.163355,38.586479],[-0.163326,38.586467],[-0.163299,38.586451],[-0.163274,38.586435],[-0.163242,38.586416],[-0.163208,38.586399],[-0.163173,38.586392],[-0.163138,38.586386],[-0.163082,38.586378],[-0.163054,38.586375],[-0.163026,38.586375],[-0.162988,38.586377],[-0.162949,38.58638],[-0.162919,38.586383],[-0.162882,38.586384],[-0.162856,38.586372],[-0.162838,38.586358],[-0.162807,38.586332],[-0.162777,38.586306],[-0.162752,38.586283],[-0.162722,38.586257],[-0.162701,38.586249],[-0.162685,38.586247],[-0.162653,38.58625],[-0.162621,38.586253],[-0.162592,38.586254],[-0.162563,38.586255],[-0.162525,38.586248],[-0.162488,38.586238],[-0.162426,38.586217],[-0.162368,38.58619],[-0.162318,38.586166],[-0.162271,38.586139],[-0.162235,38.58611],[-0.1622,38.586079],[-0.162162,38.586044],[-0.162123,38.586008],[-0.162093,38.585978],[-0.162059,38.585939],[-0.162036,38.58591],[-0.162015,38.58588],[-0.161997,38.585838],[-0.161982,38.585794],[-0.161974,38.585754],[-0.161969,38.585741],[-0.161957,38.585726],[-0.161944,38.585712],[-0.161925,38.585692],[-0.161904,38.585666],[-0.1619,38.585645],[-0.161905,38.58563],[-0.161915,38.585614],[-0.161926,38.585598],[-0.161936,38.585583],[-0.161947,38.585565],[-0.161947,38.585547],[-0.161943,38.585533],[-0.161933,38.585503],[-0.161925,38.585472],[-0.161922,38.585414],[-0.161915,38.585355],[-0.161912,38.585295],[-0.161909,38.585264],[-0.161902,38.585234],[-0.16189,38.585196],[-0.161878,38.585158],[-0.161858,38.585067],[-0.161849,38.585042],[-0.161831,38.585019],[-0.161811,38.584999],[-0.161789,38.58498],[-0.161752,38.584959],[-0.161715,38.584938],[-0.161667,38.584913],[-0.161638,38.584899],[-0.161619,38.584886],[-0.161588,38.584837],[-0.161576,38.584787],[-0.161567,38.58476],[-0.161557,38.584734],[-0.161538,38.58468],[-0.161534,38.584666],[-0.161532,38.584645],[-0.161539,38.584625],[-0.161551,38.584604],[-0.161564,38.584583],[-0.161592,38.584544],[-0.161601,38.584525],[-0.161599,38.584506],[-0.161592,38.584487],[-0.161576,38.58447],[-0.161551,38.584452],[-0.161534,38.584446],[-0.161474,38.584436],[-0.161439,38.584429],[-0.161403,38.584421],[-0.161377,38.584415],[-0.161348,38.584401],[-0.161334,38.584383],[-0.161327,38.584367],[-0.161318,38.58434],[-0.161321,38.584313],[-0.16134,38.584262],[-0.161344,38.584235],[-0.161339,38.584208],[-0.161329,38.584179],[-0.161316,38.584151],[-0.161295,38.584121],[-0.161252,38.584061],[-0.16123,38.584033],[-0.161198,38.584005],[-0.161164,38.583978],[-0.161077,38.583912],[-0.161049,38.583887],[-0.161037,38.583864],[-0.161031,38.583846],[-0.161023,38.583816],[-0.161014,38.583786],[-0.161001,38.583751],[-0.160992,38.583734],[-0.160978,38.58372],[-0.160922,38.583665],[-0.160899,38.583644],[-0.160876,38.583621],[-0.160866,38.583609],[-0.16086,38.58359],[-0.160858,38.583576],[-0.16087,38.583544],[-0.160884,38.583516],[-0.160914,38.583463],[-0.16093,38.58343],[-0.160938,38.583397],[-0.16094,38.583384],[-0.16094,38.583363],[-0.160923,38.583343],[-0.160909,38.583327],[-0.160885,38.583309],[-0.160861,38.583291],[-0.160825,38.583266],[-0.16079,38.583241],[-0.160757,38.583212],[-0.160743,38.583196],[-0.16073,38.583179],[-0.1607,38.583118],[-0.160673,38.583057],[-0.160665,38.583024],[-0.160659,38.582987],[-0.160657,38.582964],[-0.160656,38.58293],[-0.160654,38.582914],[-0.160649,38.582898],[-0.160595,38.582763],[-0.160531,38.582655],[-0.160525,38.58264],[-0.160518,38.582626],[-0.160452,38.582515],[-0.160436,38.58248],[-0.160417,38.582443],[-0.160397,38.582406],[-0.160369,38.582358],[-0.160336,38.58231],[-0.160264,38.582213],[-0.160234,38.582169],[-0.160205,38.582125],[-0.160184,38.582092],[-0.160169,38.582057],[-0.160158,38.582025],[-0.160149,38.581994],[-0.160139,38.581955],[-0.160128,38.581916],[-0.160113,38.581877],[-0.160092,38.581839],[-0.160074,38.581809],[-0.160056,38.581779],[-0.160037,38.581732],[-0.160018,38.581684],[-0.159998,38.581637],[-0.159977,38.58159],[-0.159962,38.581557],[-0.159941,38.581527],[-0.159922,38.581507],[-0.159899,38.58149],[-0.159865,38.581464],[-0.15983,38.581439],[-0.159801,38.581421],[-0.159786,38.581411],[-0.159772,38.581399],[-0.159755,38.581378],[-0.159755,38.581364],[-0.159764,38.581336],[-0.159773,38.581309],[-0.159798,38.58124],[-0.159806,38.581209],[-0.159806,38.581178],[-0.159801,38.581151],[-0.159791,38.581136],[-0.159763,38.58111],[-0.159735,38.581084],[-0.159686,38.581035],[-0.159618,38.580941],[-0.159597,38.580903],[-0.159542,38.580782],[-0.159537,38.580755],[-0.159528,38.580723],[-0.15952,38.580705],[-0.159513,38.580683],[-0.159505,38.580654],[-0.159473,38.580582],[-0.159456,38.580542],[-0.159439,38.580501],[-0.159419,38.580455],[-0.159397,38.580409],[-0.159374,38.58037],[-0.159345,38.580333],[-0.159255,38.58022],[-0.159211,38.580165],[-0.159169,38.580109],[-0.159088,38.579994],[-0.159029,38.579912],[-0.158969,38.579831],[-0.158877,38.579711],[-0.158846,38.579662],[-0.15883,38.579637],[-0.158812,38.579613],[-0.158787,38.579584],[-0.158761,38.579556],[-0.158722,38.579513],[-0.158714,38.5795],[-0.158707,38.57948],[-0.158699,38.57946],[-0.158617,38.57934],[-0.15857,38.579271],[-0.158545,38.579243],[-0.158518,38.579216],[-0.158496,38.579191],[-0.158474,38.579167],[-0.158467,38.579154],[-0.15846,38.579134],[-0.158452,38.579114],[-0.158438,38.579094],[-0.158418,38.579077],[-0.158387,38.579059],[-0.158357,38.579042],[-0.158327,38.579023],[-0.158299,38.579003],[-0.158279,38.578984],[-0.158265,38.578962],[-0.158259,38.578948],[-0.158252,38.578927],[-0.158242,38.578907],[-0.158208,38.578874],[-0.158194,38.578856],[-0.158183,38.578837],[-0.158153,38.578777],[-0.158141,38.578757],[-0.15813,38.578737],[-0.158079,38.578656]]},"properties":{"id_origen":"HY-P_WATERCOURSE_ES080HYWCSL0000003200945","local_id":"ES080HYWCSL0000200195382","nombre":"Barranc del Lliriet","long_municipal_m":1472.24}},{"type":"Feature","id":133,"geometry":{"type":"LineString","coordinates":[[-0.160877,38.580408],[-0.160901,38.580321],[-0.160891,38.58025]]},"properties":{"id_origen":"HY-P_WATERCOURSE_ES080HYWCSL0000003234401","local_id":"ES080HYWCSL0980310000473","nombre":null,"long_municipal_m":17.84}},{"type":"Feature","id":134,"geometry":{"type":"LineString","coordinates":[[-0.154527,38.583082],[-0.154327,38.582921],[-0.154023,38.58258],[-0.153998,38.582547],[-0.153974,38.582523],[-0.153942,38.582482],[-0.153858,38.582358],[-0.153845,38.582337],[-0.153834,38.582315],[-0.153823,38.582294],[-0.153813,38.582274],[-0.1538,38.582253],[-0.15377,38.582201],[-0.153757,38.582179],[-0.153747,38.582163],[-0.153735,38.582146],[-0.153712,38.582113],[-0.153698,38.582095],[-0.153683,38.582071],[-0.153669,38.582046],[-0.153662,38.58203],[-0.153635,38.581958],[-0.153616,38.581899],[-0.153611,38.58187],[-0.1536,38.581834],[-0.15359,38.5818],[-0.153581,38.581778],[-0.153549,38.581746],[-0.153533,38.581734],[-0.153514,38.581722],[-0.153416,38.581642],[-0.153349,38.581613],[-0.153312,38.581597],[-0.153235,38.581567],[-0.153203,38.581548],[-0.15318,38.581531],[-0.153153,38.581494],[-0.153112,38.581449],[-0.15309,38.581438],[-0.153006,38.581404],[-0.152988,38.581384],[-0.15296,38.58135],[-0.152929,38.581345],[-0.152906,38.581317],[-0.152879,38.581238],[-0.152868,38.581211],[-0.152806,38.581179],[-0.152765,38.581166],[-0.15272,38.581142],[-0.152676,38.581096],[-0.152648,38.581071],[-0.152592,38.58104],[-0.15256,38.581002],[-0.152539,38.580977],[-0.152503,38.580956],[-0.152452,38.580914],[-0.152409,38.580889],[-0.152395,38.58088],[-0.152352,38.580853],[-0.152328,38.580834],[-0.152281,38.580789],[-0.15226,38.580759],[-0.152247,38.580738],[-0.152197,38.580648],[-0.152181,38.580625],[-0.15211,38.580599],[-0.152057,38.580582],[-0.152017,38.580569],[-0.151971,38.58056],[-0.151906,38.580538],[-0.151879,38.580515],[-0.151842,38.580495],[-0.15178,38.58047],[-0.151711,38.580444],[-0.151609,38.580396],[-0.151551,38.580371],[-0.151493,38.580355],[-0.151416,38.580336],[-0.151355,38.580318],[-0.151327,38.580295],[-0.15131,38.580277],[-0.15132,38.580247],[-0.151336,38.580208],[-0.151332,38.580175],[-0.151333,38.580139],[-0.151323,38.580115],[-0.151306,38.580094],[-0.151281,38.580057],[-0.151274,38.580046],[-0.151258,38.580026],[-0.151249,38.580007],[-0.151242,38.579991],[-0.151217,38.579946],[-0.150992,38.579496],[-0.15085,38.579149]]},"properties":{"id_origen":"HY-P_WATERCOURSE_ES080HYWCSL0000003179225","local_id":"ES080HYWCSL0980310000474","nombre":null,"long_municipal_m":571.54}},{"type":"Feature","id":135,"geometry":{"type":"LineString","coordinates":[[-0.17795,38.590271],[-0.177541,38.590138],[-0.17747,38.590129],[-0.177231,38.59013],[-0.176979,38.590092],[-0.176829,38.590019],[-0.176749,38.589926],[-0.176494,38.589885],[-0.176419,38.589884],[-0.17637,38.589826],[-0.176338,38.58983],[-0.176282,38.589836],[-0.176248,38.589835],[-0.176214,38.589832],[-0.176182,38.589828],[-0.176151,38.589819],[-0.176108,38.589802],[-0.176066,38.589785],[-0.176011,38.589768],[-0.175958,38.58975],[-0.175899,38.589726],[-0.17584,38.589701],[-0.175794,38.58968],[-0.17574,38.589659],[-0.175708,38.589657],[-0.175684,38.589656],[-0.175655,38.589652],[-0.175625,38.589646],[-0.175572,38.589629],[-0.175543,38.589629],[-0.17552,38.589631],[-0.175483,38.589637],[-0.175465,38.58964],[-0.175439,38.58964],[-0.175408,38.589631],[-0.175274,38.589576],[-0.175216,38.589553],[-0.175158,38.589531],[-0.175141,38.589528],[-0.175115,38.589526],[-0.175089,38.589525],[-0.175048,38.589519],[-0.17501,38.58951],[-0.174972,38.589498],[-0.174936,38.589482],[-0.174898,38.589465],[-0.174857,38.589442],[-0.174837,38.589421],[-0.174821,38.589406],[-0.174796,38.589387],[-0.174768,38.58937],[-0.174713,38.589338],[-0.174657,38.589308],[-0.174615,38.58929],[-0.174552,38.589265],[-0.174521,38.589252],[-0.174491,38.589236],[-0.174453,38.589213],[-0.174404,38.589185],[-0.174355,38.589158],[-0.174316,38.589141],[-0.174257,38.589119],[-0.174199,38.589095],[-0.17416,38.589073],[-0.174121,38.589051],[-0.174092,38.589032],[-0.174078,38.589022],[-0.17406,38.589017],[-0.174044,38.589014],[-0.173993,38.589012],[-0.173958,38.58901],[-0.173923,38.589006],[-0.173904,38.589001],[-0.173888,38.588991],[-0.173857,38.588967],[-0.173784,38.588918],[-0.173746,38.588895],[-0.173705,38.588874],[-0.173675,38.58886],[-0.17363,38.588842],[-0.173582,38.58883],[-0.173518,38.588818],[-0.173486,38.588814],[-0.173454,38.588811],[-0.173416,38.588812],[-0.173379,38.588813],[-0.17332,38.588816],[-0.173261,38.588821],[-0.173209,38.588828],[-0.173191,38.588836],[-0.173162,38.588849],[-0.173112,38.588835],[-0.173096,38.588822],[-0.173074,38.588795],[-0.173061,38.588786],[-0.17304,38.588782],[-0.173023,38.588779],[-0.172985,38.588766],[-0.172947,38.588751],[-0.172871,38.58872],[-0.172829,38.588706],[-0.172786,38.588696],[-0.172735,38.588695],[-0.172683,38.588697],[-0.172653,38.5887],[-0.17261,38.588706],[-0.172564,38.58871],[-0.172492,38.588712],[-0.17242,38.588706],[-0.172284,38.588689],[-0.172219,38.588682],[-0.172154,38.588675],[-0.17213,38.588674],[-0.172094,38.588677],[-0.172057,38.588684],[-0.172017,38.588697],[-0.171978,38.588711],[-0.171934,38.588725],[-0.17189,38.588738],[-0.171865,38.58874],[-0.171839,38.588738],[-0.171812,38.588726],[-0.171799,38.588714],[-0.171777,38.588686],[-0.171762,38.588657],[-0.171731,38.588588],[-0.17171,38.588546],[-0.171698,38.588525],[-0.17168,38.588508],[-0.171656,38.588488],[-0.17163,38.588469],[-0.171615,38.588458],[-0.171596,38.588442],[-0.171584,38.588423],[-0.171575,38.588408],[-0.171563,38.588391],[-0.171551,38.588381],[-0.171525,38.588375],[-0.171492,38.588371],[-0.171386,38.58836],[-0.171333,38.588355],[-0.171307,38.588351],[-0.171283,38.588342],[-0.171215,38.588312],[-0.171152,38.588278],[-0.171131,38.588268],[-0.171108,38.588263],[-0.171076,38.588259],[-0.171043,38.588255],[-0.170987,38.588248],[-0.170931,38.588239],[-0.170887,38.588226],[-0.170843,38.58821],[-0.170796,38.588186],[-0.17075,38.588162],[-0.170705,38.588137],[-0.170665,38.588108],[-0.170636,38.588083],[-0.17061,38.588055],[-0.17057,38.588009],[-0.170532,38.587963],[-0.170503,38.587917],[-0.170475,38.587871],[-0.170455,38.58784],[-0.170432,38.58781],[-0.170417,38.587796],[-0.170389,38.587778],[-0.170357,38.587767],[-0.170308,38.587755],[-0.170258,38.587743],[-0.170212,38.587729],[-0.170168,38.587714],[-0.170151,38.587706],[-0.170128,38.587692],[-0.170104,38.587679],[-0.170071,38.587664],[-0.170037,38.587653],[-0.170004,38.58765],[-0.169971,38.587651],[-0.169948,38.587654],[-0.169922,38.587662],[-0.16988,38.587681],[-0.169868,38.587691],[-0.169858,38.587699],[-0.169557,38.587871],[-0.169488,38.587926],[-0.169418,38.588038],[-0.169374,38.588072],[-0.16933,38.588088],[-0.169057,38.588086],[-0.16902,38.588058],[-0.168954,38.58797],[-0.168909,38.587949],[-0.168785,38.587946],[-0.168649,38.587895],[-0.168569,38.587896],[-0.168489,38.587915],[-0.168394,38.58802],[-0.168307,38.588068],[-0.168301,38.58808],[-0.168285,38.588107],[-0.168276,38.588128],[-0.168267,38.588154],[-0.168258,38.588185],[-0.168244,38.588201],[-0.168203,38.588231],[-0.16819,38.58824],[-0.168152,38.588266],[-0.168122,38.588287],[-0.168106,38.588299],[-0.168092,38.588314],[-0.16807,38.588338],[-0.168049,38.588364],[-0.168023,38.588401],[-0.168001,38.588423],[-0.167978,38.588444],[-0.167892,38.588499],[-0.167807,38.588553],[-0.167769,38.588575],[-0.167731,38.588598],[-0.167682,38.588631],[-0.167664,38.588641],[-0.167647,38.588646],[-0.167619,38.588651],[-0.167591,38.588653],[-0.167538,38.588655],[-0.167508,38.588659],[-0.16748,38.588667],[-0.16745,38.588684],[-0.167422,38.588701],[-0.167347,38.58875],[-0.167307,38.588772],[-0.167263,38.588791],[-0.167225,38.588804],[-0.167186,38.588809],[-0.167159,38.58881],[-0.167126,38.588805],[-0.167092,38.588793],[-0.16706,38.588797],[-0.16704,38.588805],[-0.167006,38.588822],[-0.166989,38.588828],[-0.166976,38.588814],[-0.166973,38.588794],[-0.166963,38.588775],[-0.166947,38.588767],[-0.166925,38.588771],[-0.166911,38.58878],[-0.166879,38.588805],[-0.166854,38.588823],[-0.16684,38.588832],[-0.166825,38.588838],[-0.166797,38.588839],[-0.166737,38.588839],[-0.166705,38.588838],[-0.166685,38.588835],[-0.166654,38.588828],[-0.166624,38.588822],[-0.166598,38.588824],[-0.166572,38.588827],[-0.16655,38.58883],[-0.166518,38.588836],[-0.166495,38.588837],[-0.166463,38.588829],[-0.166409,38.588808],[-0.166377,38.588796],[-0.166336,38.588784],[-0.166293,38.588781],[-0.166255,38.588781],[-0.166217,38.588782],[-0.16615,38.588785],[-0.166083,38.588787],[-0.166045,38.588783],[-0.165965,38.58877]]},"properties":{"id_origen":"HY-P_WATERCOURSE_ES080HYWCSL0000003222611","local_id":"ES080HYWCSL0980320004532","nombre":null,"long_municipal_m":1234.05}},{"type":"Feature","id":136,"geometry":{"type":"LineString","coordinates":[[-0.166449,38.582612],[-0.166403,38.582479],[-0.166204,38.582253],[-0.166202,38.582184],[-0.166045,38.581984],[-0.166064,38.581921],[-0.16605,38.581894],[-0.165887,38.581787],[-0.165882,38.581729],[-0.165823,38.581672],[-0.165795,38.581606],[-0.165761,38.581582],[-0.16569,38.581575],[-0.165672,38.581562],[-0.165678,38.581471],[-0.165504,38.581248],[-0.165423,38.581111],[-0.165255,38.580948],[-0.165136,38.580858],[-0.165074,38.580828],[-0.165014,38.580801],[-0.164908,38.580758],[-0.164875,38.580743],[-0.164847,38.580724],[-0.164817,38.580697],[-0.164788,38.58067],[-0.16475,38.580639],[-0.164712,38.580608],[-0.164654,38.580569],[-0.164595,38.58053],[-0.164557,38.580506],[-0.164519,38.580482],[-0.164486,38.580463],[-0.164468,38.580456],[-0.164449,38.580451],[-0.164403,38.580446],[-0.164358,38.580442],[-0.1643,38.580438],[-0.164243,38.580434],[-0.164198,38.580425],[-0.164154,38.580414],[-0.164107,38.580401],[-0.164085,38.580392],[-0.164064,38.580382],[-0.164025,38.580358],[-0.163991,38.580331],[-0.163957,38.580301],[-0.163922,38.580272],[-0.16391,38.580264],[-0.163896,38.580256],[-0.163757,38.580191],[-0.163687,38.580161],[-0.163636,38.580146],[-0.163583,38.580132],[-0.163504,38.580108],[-0.163377,38.580072],[-0.163279,38.580037],[-0.163173,38.580009],[-0.163161,38.580006],[-0.16314,38.580001],[-0.163051,38.579969],[-0.162991,38.57995],[-0.162928,38.579927],[-0.162907,38.57992],[-0.162856,38.579907],[-0.162737,38.579907],[-0.16271,38.57991],[-0.162691,38.579915],[-0.16267,38.57992],[-0.16265,38.579928],[-0.162605,38.579945],[-0.162572,38.579956],[-0.162541,38.579968],[-0.162525,38.579975],[-0.162505,38.579985],[-0.162485,38.579999],[-0.162472,38.580014],[-0.162463,38.580026],[-0.162452,38.580042],[-0.162442,38.580058],[-0.162426,38.580083],[-0.162397,38.580129],[-0.162366,38.580172],[-0.162351,38.580187],[-0.162331,38.580203],[-0.162312,38.580217],[-0.162286,38.580229],[-0.162248,38.580248],[-0.162218,38.580262],[-0.162189,38.580275],[-0.162161,38.580285],[-0.162142,38.58029],[-0.162119,38.580296],[-0.162083,38.580303],[-0.162061,38.580307],[-0.162038,38.580311],[-0.162016,38.580315],[-0.161999,38.580316],[-0.161982,38.580317],[-0.161965,38.580319],[-0.161943,38.580319],[-0.161921,38.58032],[-0.161898,38.58032],[-0.161879,38.580319],[-0.161857,38.580317],[-0.161834,38.580314],[-0.161816,38.580311],[-0.161793,38.580307],[-0.16177,38.580303],[-0.161729,38.580297],[-0.161665,38.580286],[-0.161648,38.580284],[-0.161625,38.58028],[-0.161607,38.580278],[-0.161587,38.580276],[-0.161565,38.580273],[-0.161536,38.58027],[-0.161507,38.580268],[-0.161478,38.580267],[-0.161455,38.580266],[-0.161387,38.580266],[-0.161325,38.580245],[-0.161294,38.580236],[-0.161261,38.580228],[-0.161227,38.580223],[-0.161207,38.580227],[-0.161184,38.580234],[-0.161161,38.580242],[-0.161136,38.580251],[-0.161103,38.580261],[-0.161077,38.580262],[-0.161058,38.58026],[-0.161022,38.580255],[-0.160986,38.58025],[-0.160915,38.580242],[-0.160891,38.58025]]},"properties":{"id_origen":"HY-P_WATERCOURSE_ES080HYWCSL0000003228477","local_id":"ES080HYWCSL0980310000472","nombre":null,"long_municipal_m":658.23}},{"type":"Feature","id":137,"geometry":{"type":"LineString","coordinates":[[-0.160891,38.58025],[-0.160884,38.580222],[-0.160874,38.580157],[-0.160866,38.580128],[-0.160855,38.5801],[-0.160836,38.580076],[-0.160812,38.580054],[-0.160785,38.580034],[-0.160752,38.580018],[-0.160709,38.58],[-0.160664,38.579983],[-0.160623,38.579972],[-0.16058,38.579962],[-0.160541,38.579956],[-0.160518,38.579959],[-0.160491,38.579967],[-0.160464,38.579976],[-0.160437,38.579984],[-0.16041,38.579991],[-0.160387,38.579989],[-0.160362,38.579979],[-0.160344,38.579968],[-0.160323,38.579956],[-0.160297,38.579938],[-0.160274,38.579917],[-0.160246,38.579888],[-0.160218,38.579858],[-0.160192,38.579835],[-0.160164,38.579812],[-0.160098,38.579765],[-0.160067,38.579742],[-0.160037,38.579717],[-0.160012,38.579696],[-0.160001,38.579685],[-0.159992,38.579671],[-0.159984,38.579657],[-0.159978,38.579637],[-0.15998,38.579617],[-0.15999,38.579585],[-0.16,38.579553],[-0.160011,38.579516],[-0.160013,38.579497],[-0.160014,38.579478],[-0.160012,38.579459],[-0.160001,38.579432],[-0.159989,38.579405],[-0.159971,38.579367],[-0.159952,38.57933],[-0.159932,38.579298],[-0.159905,38.57927],[-0.159878,38.579247],[-0.159845,38.579229],[-0.159804,38.579208],[-0.15976,38.579192],[-0.159662,38.579163],[-0.15962,38.57915],[-0.159578,38.579137],[-0.159542,38.579124],[-0.159506,38.57911],[-0.15949,38.5791],[-0.159468,38.579084],[-0.15945,38.579064],[-0.15944,38.57905],[-0.159426,38.579028],[-0.159417,38.579005],[-0.159408,38.578977],[-0.159409,38.578964],[-0.159415,38.578951],[-0.159436,38.578932],[-0.159457,38.578914],[-0.15952,38.578863],[-0.159538,38.578842],[-0.159556,38.578821],[-0.159571,38.578801],[-0.159581,38.578778],[-0.159558,38.578762],[-0.15949,38.578714],[-0.159456,38.578692],[-0.15942,38.578671],[-0.159385,38.578658],[-0.159348,38.578646],[-0.159269,38.578627],[-0.159222,38.578613],[-0.159177,38.578597],[-0.159138,38.57858],[-0.1591,38.57856],[-0.159076,38.578545],[-0.159066,38.578533],[-0.159054,38.578509],[-0.159047,38.578484],[-0.159041,38.578456],[-0.159034,38.578428],[-0.159017,38.578382],[-0.158951,38.578398],[-0.158922,38.578406],[-0.158903,38.578412],[-0.158836,38.578435],[-0.158801,38.578448],[-0.158767,38.578463],[-0.158726,38.578483],[-0.158691,38.578508],[-0.158641,38.578551],[-0.158614,38.578573],[-0.158587,38.578594],[-0.15857,38.578604],[-0.158542,38.578615],[-0.158513,38.578625],[-0.158497,38.578628],[-0.158471,38.578631],[-0.158447,38.578626],[-0.158426,38.578618],[-0.158411,38.578603],[-0.158402,38.578591],[-0.158392,38.578572],[-0.15838,38.578554],[-0.158364,38.578535],[-0.158346,38.578525],[-0.158329,38.578526],[-0.158277,38.578539],[-0.158259,38.578545],[-0.158245,38.57855],[-0.158243,38.578551],[-0.158211,38.57857],[-0.158183,38.578589],[-0.15814,38.578623],[-0.158116,38.578637],[-0.158094,38.57865],[-0.158079,38.578656]]},"properties":{"id_origen":"HY-P_WATERCOURSE_ES080HYWCSL0000003229413","local_id":"ES080HYWCSL0980310000473","nombre":null,"long_municipal_m":416.32}},{"type":"Feature","id":138,"geometry":{"type":"LineString","coordinates":[[-0.152008,38.569007],[-0.151992,38.569005],[-0.151909,38.568992],[-0.151817,38.568959],[-0.151739,38.568918],[-0.151559,38.56879],[-0.151399,38.568679],[-0.151202,38.568541],[-0.151037,38.568465]]},"properties":{"id_origen":"HY-P_WATERCOURSE_ES080HYWCSL0000003247905","local_id":"ES080HYWCSL0980310000475","nombre":null,"long_municipal_m":105.13}},{"type":"Feature","id":139,"geometry":{"type":"LineString","coordinates":[[-0.135497,38.572084],[-0.135509,38.572067],[-0.135522,38.572041],[-0.135527,38.572029],[-0.13553,38.572015],[-0.135527,38.572002],[-0.135509,38.571983],[-0.135497,38.571973],[-0.135478,38.571955],[-0.135446,38.571927],[-0.135422,38.571903],[-0.13538,38.571861],[-0.135332,38.571811],[-0.135296,38.571774],[-0.135271,38.571743],[-0.135243,38.571708],[-0.135209,38.571665],[-0.135187,38.571634],[-0.135178,38.571617],[-0.135168,38.571601],[-0.135158,38.57158],[-0.135152,38.571559],[-0.135149,38.571546],[-0.135146,38.571528],[-0.135144,38.571506],[-0.135141,38.571491],[-0.135139,38.57147],[-0.135138,38.571456],[-0.135135,38.571437],[-0.135133,38.571423],[-0.135132,38.571409],[-0.135131,38.57139],[-0.135131,38.571373],[-0.135132,38.571358],[-0.135133,38.571341],[-0.135137,38.571326],[-0.135141,38.571312],[-0.13515,38.571294],[-0.135161,38.571274],[-0.135172,38.571255],[-0.135189,38.571229],[-0.135212,38.571192],[-0.135229,38.571164],[-0.135257,38.571117],[-0.135268,38.571096],[-0.135272,38.57108],[-0.135274,38.571063],[-0.135272,38.571045],[-0.135271,38.571032],[-0.135265,38.571016],[-0.135256,38.570995],[-0.135242,38.570966],[-0.135235,38.57095],[-0.135225,38.57093],[-0.135213,38.570905],[-0.135195,38.570869],[-0.135173,38.570829],[-0.13516,38.570804],[-0.135142,38.570774],[-0.135113,38.570728],[-0.13509,38.570697],[-0.135062,38.570658],[-0.135021,38.570605],[-0.134953,38.570512],[-0.134936,38.570488],[-0.134915,38.570457],[-0.134894,38.570425],[-0.134881,38.570403],[-0.13487,38.570377],[-0.134862,38.570356],[-0.134852,38.570329],[-0.134844,38.570303],[-0.134834,38.570272],[-0.134827,38.570236],[-0.134823,38.570212],[-0.134819,38.570193],[-0.134816,38.570171],[-0.134813,38.570135],[-0.134812,38.570115],[-0.134818,38.570093],[-0.134826,38.570075],[-0.134837,38.57006],[-0.134852,38.570048],[-0.134877,38.570036],[-0.134903,38.570025],[-0.134926,38.570019],[-0.134944,38.570019],[-0.134979,38.570023],[-0.135002,38.570026],[-0.135026,38.570029],[-0.135068,38.570035],[-0.135087,38.570037],[-0.135107,38.570038],[-0.135132,38.57004],[-0.135161,38.570042],[-0.135188,38.570044],[-0.135216,38.570043],[-0.135235,38.570041],[-0.135258,38.570035],[-0.135277,38.570023],[-0.135293,38.570007],[-0.135307,38.569989],[-0.135318,38.569967],[-0.135334,38.569919],[-0.135349,38.569874],[-0.135358,38.569849],[-0.135372,38.569805],[-0.135379,38.569785],[-0.135385,38.56977],[-0.135395,38.569754],[-0.135405,38.569741],[-0.135417,38.56973],[-0.135436,38.569718],[-0.13546,38.569708],[-0.135488,38.569701],[-0.135546,38.569689],[-0.135567,38.569682],[-0.1356,38.569669],[-0.135682,38.569633],[-0.135704,38.569623],[-0.135729,38.569608],[-0.13575,38.569596],[-0.13577,38.569582],[-0.135789,38.569568],[-0.135802,38.569556],[-0.135813,38.569544],[-0.135822,38.569527],[-0.135828,38.569505],[-0.135832,38.569486],[-0.135832,38.569464],[-0.135829,38.56944],[-0.135824,38.569417],[-0.135819,38.569397],[-0.135813,38.569372],[-0.135806,38.569343],[-0.1358,38.569315],[-0.135797,38.569292],[-0.135796,38.569262],[-0.135795,38.569243],[-0.135795,38.569223],[-0.135795,38.569209],[-0.135797,38.569195],[-0.135799,38.569178],[-0.1358,38.569162],[-0.135803,38.569149],[-0.135808,38.56913],[-0.135813,38.569115],[-0.135821,38.569092],[-0.135837,38.569044],[-0.135842,38.569019],[-0.135842,38.569002],[-0.135835,38.568971],[-0.135815,38.568887],[-0.135804,38.568841],[-0.135795,38.568797],[-0.135783,38.568749],[-0.135774,38.568717],[-0.135723,38.568566],[-0.135657,38.568374]]},"properties":{"id_origen":"HY-P_WATERCOURSE_ES080HYWCSL0000003191778","local_id":"ES080HYWCSL0002001953822","nombre":"Barranc d'Iborra","long_municipal_m":497}},{"type":"Feature","id":140,"geometry":{"type":"LineString","coordinates":[[-0.186866,38.60713],[-0.186837,38.607131],[-0.186798,38.607132],[-0.186759,38.607137],[-0.186706,38.607147],[-0.186654,38.607163],[-0.186635,38.607169],[-0.186601,38.607182],[-0.186579,38.607188],[-0.186521,38.607197],[-0.186494,38.607201],[-0.186436,38.607213],[-0.186414,38.607216],[-0.186395,38.607217],[-0.186331,38.60722],[-0.186267,38.607221],[-0.186215,38.607221],[-0.186163,38.60722],[-0.186101,38.60722],[-0.186075,38.607215],[-0.186049,38.607207],[-0.186027,38.607197],[-0.186005,38.607188],[-0.185954,38.607171],[-0.185901,38.607154],[-0.185852,38.607139],[-0.185802,38.607124],[-0.185765,38.607117],[-0.185723,38.607112],[-0.185695,38.607111],[-0.185674,38.607109],[-0.185651,38.607103],[-0.185627,38.607095],[-0.185565,38.607072],[-0.185544,38.607066],[-0.185496,38.607058],[-0.185448,38.60705],[-0.185411,38.607044],[-0.185374,38.607037],[-0.185358,38.607031],[-0.185337,38.607019],[-0.185317,38.607005],[-0.185263,38.606965],[-0.185241,38.606952],[-0.18522,38.606946],[-0.185104,38.606917],[-0.185022,38.606895],[-0.184983,38.606885],[-0.184963,38.60688],[-0.184942,38.606876],[-0.184911,38.606872],[-0.184879,38.60687],[-0.184811,38.606869],[-0.184765,38.606867],[-0.18472,38.606863],[-0.184632,38.606845],[-0.184542,38.606831],[-0.184426,38.606806],[-0.184387,38.606799],[-0.184325,38.606795],[-0.184264,38.606792],[-0.184219,38.60679],[-0.184167,38.606787],[-0.184145,38.606778],[-0.184131,38.606768],[-0.184078,38.606724],[-0.184024,38.606682],[-0.184003,38.606664],[-0.183982,38.606646],[-0.183969,38.606637],[-0.183946,38.606629],[-0.183922,38.606622],[-0.18382,38.606615],[-0.183802,38.606615],[-0.18379,38.606614],[-0.183731,38.606618],[-0.18369,38.606621],[-0.183648,38.606624],[-0.183613,38.606622],[-0.183561,38.606617],[-0.183542,38.606612],[-0.183534,38.606597],[-0.183524,38.606569],[-0.183516,38.606546],[-0.183498,38.606518],[-0.183482,38.606504],[-0.183433,38.606474],[-0.183361,38.606428],[-0.183292,38.606387],[-0.183272,38.606373],[-0.183255,38.606357],[-0.183245,38.606337],[-0.183237,38.606316],[-0.183232,38.606285],[-0.183228,38.606267],[-0.183219,38.606253],[-0.183202,38.606235],[-0.183179,38.606222],[-0.183149,38.606209],[-0.183119,38.606199],[-0.183085,38.60619],[-0.183051,38.606182],[-0.182982,38.606168],[-0.182939,38.606159],[-0.182896,38.60615],[-0.182878,38.606144],[-0.18286,38.606138],[-0.182837,38.60613],[-0.182809,38.606116],[-0.182792,38.606096],[-0.182784,38.606081],[-0.182759,38.605959],[-0.182754,38.605944],[-0.182737,38.605926],[-0.182715,38.605909],[-0.18268,38.605884],[-0.182644,38.60586],[-0.182607,38.605843],[-0.18257,38.605828],[-0.182535,38.605816],[-0.182499,38.605809],[-0.182462,38.605803],[-0.182425,38.605799],[-0.182354,38.605793],[-0.182325,38.605783],[-0.182312,38.605773],[-0.182281,38.605729],[-0.182268,38.60571],[-0.182232,38.605648],[-0.18221,38.605624],[-0.182186,38.605602],[-0.182135,38.60556],[-0.18211,38.605539],[-0.182087,38.605517],[-0.182058,38.605487],[-0.182036,38.605455],[-0.18202,38.605427],[-0.182005,38.6054],[-0.181998,38.605387],[-0.181987,38.60537],[-0.181969,38.605352],[-0.181948,38.605344],[-0.181929,38.605339],[-0.181901,38.605335],[-0.181872,38.605337],[-0.181817,38.605346],[-0.181789,38.605351],[-0.181761,38.605354],[-0.181717,38.605353],[-0.181695,38.605351],[-0.181673,38.605348],[-0.181643,38.605341],[-0.181617,38.605325],[-0.181595,38.605307],[-0.18158,38.605286],[-0.181567,38.60526],[-0.181552,38.605234],[-0.181536,38.605212],[-0.181513,38.605193],[-0.181497,38.605181],[-0.181475,38.605168],[-0.181453,38.605166],[-0.181436,38.605166],[-0.181418,38.605169],[-0.181403,38.605178],[-0.18139,38.605191],[-0.181377,38.605203],[-0.18136,38.605217],[-0.181342,38.60523],[-0.181318,38.605237],[-0.181294,38.605243],[-0.181269,38.605252],[-0.181245,38.60526],[-0.181199,38.60529],[-0.181161,38.605307],[-0.181071,38.605344],[-0.18102,38.605365],[-0.180985,38.605373],[-0.18095,38.605379],[-0.180916,38.605384],[-0.180883,38.605384],[-0.180853,38.605382],[-0.180824,38.605372],[-0.180807,38.605365],[-0.180784,38.605353],[-0.18076,38.605343],[-0.18072,38.605336],[-0.180679,38.605331],[-0.180642,38.605328],[-0.180604,38.605325],[-0.180571,38.605323],[-0.180538,38.605321],[-0.18051,38.605315],[-0.180483,38.605306],[-0.180437,38.605291],[-0.180394,38.605272],[-0.180339,38.605245],[-0.180283,38.605217],[-0.180213,38.605181],[-0.180144,38.605144],[-0.180102,38.605118],[-0.180062,38.605091],[-0.180047,38.60508],[-0.180027,38.605062],[-0.180005,38.605045],[-0.179977,38.605029],[-0.179945,38.605017],[-0.179895,38.605001],[-0.179845,38.604984],[-0.17981,38.604964],[-0.179793,38.604954],[-0.179775,38.604944],[-0.179698,38.604914],[-0.179654,38.604896],[-0.179586,38.604866],[-0.179574,38.604855],[-0.179565,38.604841],[-0.179565,38.604819],[-0.179572,38.604769],[-0.179581,38.604741],[-0.179588,38.604726],[-0.179603,38.604705],[-0.179615,38.604683],[-0.179622,38.604667],[-0.179628,38.604643],[-0.179627,38.604618],[-0.179625,38.604604],[-0.179613,38.60458],[-0.1796,38.604565],[-0.179582,38.604558],[-0.179553,38.604559],[-0.179484,38.604588],[-0.179415,38.604617],[-0.179393,38.604624],[-0.179372,38.60463],[-0.179344,38.604632],[-0.179316,38.60463],[-0.179296,38.604626],[-0.17928,38.604614],[-0.179268,38.604599],[-0.179264,38.604583],[-0.179258,38.604535],[-0.179255,38.604504],[-0.17925,38.604472],[-0.179246,38.604457],[-0.179236,38.604436],[-0.179225,38.604414],[-0.179214,38.604393],[-0.179197,38.604367],[-0.179181,38.604358],[-0.179134,38.604345],[-0.179115,38.60434],[-0.179092,38.604331],[-0.179071,38.604316],[-0.179054,38.604305],[-0.179034,38.604296],[-0.179005,38.604297],[-0.178983,38.604302],[-0.178911,38.604324],[-0.178894,38.604329],[-0.178876,38.604333],[-0.178851,38.604335],[-0.178826,38.604335],[-0.178795,38.604328],[-0.178775,38.604308],[-0.178767,38.604291],[-0.178762,38.604274],[-0.178758,38.604257],[-0.17876,38.604242],[-0.178768,38.604223],[-0.178784,38.60421],[-0.178796,38.604198],[-0.1788,38.604178],[-0.178785,38.604151],[-0.178769,38.604135],[-0.178746,38.604114],[-0.178731,38.604104],[-0.178636,38.604048],[-0.17856,38.604013],[-0.178527,38.603999],[-0.178424,38.603968],[-0.178326,38.603934],[-0.178277,38.60392],[-0.178227,38.603912],[-0.178188,38.603908],[-0.178147,38.603906],[-0.178103,38.603904],[-0.178058,38.603902],[-0.178017,38.603894],[-0.177943,38.603874],[-0.177925,38.603868],[-0.177912,38.603859],[-0.177877,38.603829],[-0.177745,38.603716],[-0.177699,38.60368],[-0.177653,38.603645],[-0.177631,38.603626],[-0.177613,38.603607],[-0.177598,38.603586],[-0.177584,38.603566],[-0.177563,38.60354],[-0.177551,38.603527],[-0.177536,38.603518],[-0.177511,38.603508],[-0.177486,38.6035],[-0.177419,38.603479],[-0.177402,38.603473],[-0.177388,38.603465],[-0.177364,38.603444],[-0.177355,38.60343],[-0.177328,38.603357],[-0.177316,38.603328],[-0.177306,38.603311],[-0.177284,38.603289],[-0.17726,38.603267],[-0.177239,38.603247],[-0.177216,38.603227],[-0.177194,38.603214],[-0.17717,38.603201],[-0.177138,38.603182],[-0.177106,38.603161],[-0.177092,38.603151],[-0.17708,38.603139],[-0.177076,38.603123],[-0.177073,38.603107],[-0.177069,38.603084],[-0.177064,38.603061],[-0.177045,38.602985],[-0.177038,38.60296],[-0.177014,38.602951],[-0.176972,38.602947],[-0.176954,38.602947],[-0.176937,38.60295],[-0.176906,38.602957],[-0.176876,38.602965],[-0.176857,38.602971],[-0.176837,38.602977],[-0.17682,38.60298],[-0.176794,38.602981],[-0.176768,38.602979],[-0.176717,38.602973],[-0.176667,38.602966],[-0.176614,38.602956],[-0.176565,38.602939],[-0.176514,38.602918],[-0.176464,38.602895],[-0.17642,38.602871],[-0.176376,38.602846],[-0.17633,38.602818],[-0.176286,38.602792],[-0.176269,38.60278],[-0.176249,38.602761],[-0.17623,38.60274],[-0.176193,38.602695],[-0.176162,38.602648],[-0.176141,38.602614],[-0.17612,38.602578],[-0.1761,38.602527],[-0.176083,38.602475],[-0.176077,38.602448],[-0.176072,38.602421],[-0.176066,38.602396],[-0.176057,38.602378],[-0.176041,38.602363],[-0.176022,38.602352],[-0.176003,38.60234],[-0.175969,38.602314],[-0.175937,38.602287],[-0.175911,38.602263],[-0.175893,38.602237],[-0.175879,38.60221],[-0.175865,38.602183],[-0.175836,38.602123],[-0.175816,38.602088],[-0.17579,38.602057],[-0.175765,38.60203],[-0.175738,38.602005],[-0.175705,38.601978],[-0.175671,38.60195],[-0.175619,38.601912],[-0.175591,38.601893],[-0.175561,38.601879],[-0.175509,38.601856],[-0.175455,38.601835],[-0.175243,38.601753],[-0.175211,38.60174],[-0.175182,38.601725],[-0.175154,38.601706],[-0.175068,38.601634],[-0.175001,38.601583],[-0.174933,38.601532],[-0.174908,38.601512],[-0.174885,38.60149],[-0.174868,38.601463],[-0.174852,38.601435],[-0.17484,38.601411],[-0.174828,38.601386],[-0.174817,38.601358],[-0.174818,38.601347],[-0.17482,38.601332],[-0.174819,38.601306],[-0.174817,38.601285],[-0.174812,38.601264],[-0.174804,38.601248],[-0.174787,38.60124],[-0.17476,38.601235],[-0.174734,38.601225],[-0.174715,38.601216],[-0.174695,38.601197],[-0.174677,38.601178],[-0.17466,38.601155],[-0.174643,38.601134],[-0.174623,38.601114],[-0.174602,38.601094],[-0.174579,38.601076],[-0.174548,38.601055],[-0.174526,38.601047],[-0.17451,38.601041],[-0.174492,38.60103],[-0.17448,38.601014],[-0.17447,38.600993],[-0.174468,38.600977],[-0.174474,38.60095],[-0.174483,38.600928],[-0.17451,38.600884],[-0.174535,38.600842],[-0.174557,38.600809],[-0.174565,38.600791],[-0.174565,38.600773],[-0.174561,38.600687],[-0.174561,38.600661],[-0.174566,38.600624],[-0.174582,38.600522],[-0.174634,38.600306],[-0.174638,38.600276],[-0.174643,38.600245],[-0.17466,38.600197],[-0.17471,38.600055],[-0.174725,38.600011],[-0.17474,38.599968],[-0.174743,38.599949],[-0.174746,38.599921],[-0.174749,38.599893],[-0.174757,38.599857],[-0.17477,38.599821],[-0.174782,38.599795],[-0.174798,38.599769],[-0.174833,38.599723],[-0.174851,38.599697],[-0.174867,38.599671],[-0.174873,38.599658],[-0.174874,38.599639],[-0.174873,38.599619],[-0.17487,38.5996],[-0.174863,38.599571],[-0.174859,38.599543],[-0.17486,38.599515],[-0.174862,38.599487],[-0.174861,38.59946],[-0.174855,38.599428],[-0.174849,38.599416],[-0.174832,38.599393],[-0.174812,38.599371],[-0.174746,38.599313],[-0.174695,38.599268],[-0.174676,38.59925],[-0.174658,38.599232],[-0.174647,38.599218],[-0.17464,38.599198],[-0.174641,38.599178],[-0.174623,38.599157],[-0.174613,38.599125],[-0.174614,38.599108],[-0.174646,38.599015],[-0.174654,38.598985],[-0.174641,38.598969],[-0.174625,38.598958],[-0.174596,38.59894],[-0.174568,38.598922],[-0.174446,38.59885],[-0.174426,38.598838],[-0.174399,38.598816],[-0.174373,38.598794],[-0.174344,38.598768],[-0.174331,38.598754],[-0.174323,38.598738],[-0.174315,38.59871],[-0.174307,38.598681],[-0.174286,38.598594],[-0.174263,38.598493],[-0.174258,38.598475],[-0.174246,38.598458],[-0.17423,38.598444],[-0.17421,38.598432],[-0.17418,38.598416],[-0.174149,38.598399],[-0.174134,38.598389],[-0.174119,38.59837],[-0.174105,38.598349],[-0.174093,38.598325],[-0.174094,38.598307],[-0.174104,38.598278],[-0.174122,38.598259],[-0.174164,38.598221],[-0.174186,38.598201],[-0.174209,38.598176],[-0.174215,38.598158],[-0.174212,38.598145],[-0.174196,38.598097],[-0.174186,38.59807],[-0.174184,38.598049],[-0.174195,38.598022],[-0.174205,38.598003],[-0.174208,38.59799],[-0.174208,38.597974],[-0.1742,38.59795],[-0.174192,38.597925],[-0.174181,38.597882],[-0.174169,38.597839],[-0.174161,38.597821],[-0.17414,38.597798],[-0.174117,38.597776],[-0.174098,38.597761],[-0.174008,38.597685],[-0.173972,38.597654],[-0.173938,38.597622],[-0.173911,38.597608],[-0.173877,38.597594],[-0.173841,38.597581],[-0.17378,38.597557],[-0.173718,38.597535],[-0.173701,38.597532],[-0.173673,38.597531],[-0.173645,38.597529],[-0.173623,38.597524],[-0.173589,38.597515],[-0.173557,38.597503],[-0.173536,38.59749],[-0.173505,38.597468],[-0.173489,38.597457],[-0.173472,38.597448],[-0.173293,38.597371],[-0.173231,38.597342],[-0.173192,38.597315],[-0.173155,38.597287],[-0.173123,38.597262],[-0.173091,38.597238],[-0.173055,38.597207],[-0.173002,38.597159],[-0.17295,38.597109],[-0.17291,38.597071],[-0.172871,38.597031],[-0.172857,38.597014],[-0.172846,38.596997],[-0.17284,38.596973],[-0.172837,38.596949],[-0.172817,38.596763],[-0.172814,38.596718],[-0.172813,38.596672],[-0.172819,38.596639],[-0.172817,38.596608],[-0.172812,38.596589],[-0.172771,38.59649],[-0.172742,38.596418],[-0.172729,38.596386],[-0.17271,38.596355],[-0.172685,38.596318],[-0.172616,38.596219],[-0.172599,38.596196],[-0.172572,38.596161],[-0.172539,38.596128],[-0.172484,38.596078],[-0.172403,38.596004],[-0.172377,38.59598],[-0.172362,38.595962],[-0.172343,38.595935],[-0.172324,38.595907],[-0.1723,38.595879],[-0.172262,38.595842],[-0.172223,38.595812],[-0.172183,38.595783],[-0.172131,38.595753],[-0.172077,38.595724],[-0.172039,38.595705],[-0.171999,38.595689],[-0.171963,38.595679],[-0.171926,38.595673],[-0.171907,38.595674],[-0.171878,38.595676],[-0.17185,38.595678],[-0.171806,38.595675],[-0.171763,38.595672],[-0.171721,38.595669],[-0.171679,38.595665],[-0.171648,38.595659],[-0.171633,38.595653],[-0.171615,38.595639],[-0.171604,38.595618],[-0.171602,38.595601],[-0.171601,38.595575],[-0.171611,38.59555],[-0.171623,38.595524],[-0.171634,38.595514],[-0.171646,38.595505],[-0.171676,38.595489],[-0.171706,38.595474],[-0.171731,38.59546],[-0.171755,38.595445],[-0.171767,38.595434],[-0.17178,38.595415],[-0.171788,38.595395],[-0.171791,38.595344],[-0.171796,38.595269],[-0.1718,38.595229],[-0.1718,38.595204],[-0.171796,38.59518],[-0.171787,38.59516],[-0.17177,38.595132],[-0.171745,38.595108],[-0.17173,38.595095],[-0.171707,38.595079],[-0.171678,38.595068],[-0.171632,38.595055],[-0.171586,38.595046],[-0.17154,38.595045],[-0.171472,38.595046],[-0.171404,38.595051],[-0.171359,38.595061],[-0.171314,38.595073],[-0.171263,38.59509],[-0.171217,38.595113],[-0.171142,38.595155],[-0.17109,38.59518],[-0.171074,38.595182],[-0.171042,38.595184],[-0.171017,38.595162],[-0.170947,38.595074],[-0.170925,38.59505],[-0.170899,38.595028],[-0.170881,38.595017],[-0.170853,38.595002],[-0.170827,38.594986],[-0.170775,38.594945],[-0.17073,38.594898],[-0.170635,38.594785],[-0.170603,38.594755],[-0.170567,38.594726],[-0.170539,38.594708],[-0.170506,38.594699],[-0.170486,38.594695],[-0.170455,38.594692],[-0.170425,38.594697],[-0.170401,38.594704],[-0.170365,38.594716],[-0.170329,38.594727],[-0.170252,38.594743],[-0.170173,38.594751],[-0.170122,38.594753],[-0.170068,38.59475],[-0.170035,38.594746],[-0.169986,38.594739],[-0.169937,38.594724],[-0.16991,38.59471],[-0.169898,38.594701],[-0.169886,38.594691],[-0.16987,38.594666],[-0.169857,38.59464],[-0.169836,38.594581],[-0.169817,38.594522],[-0.169782,38.594407],[-0.169771,38.594374],[-0.169762,38.594358],[-0.169747,38.594337],[-0.169723,38.594325],[-0.169702,38.59432],[-0.16963,38.59431],[-0.169558,38.594309],[-0.169481,38.594311],[-0.169405,38.594313],[-0.169343,38.594308],[-0.169281,38.594302],[-0.16923,38.594292],[-0.169179,38.594281],[-0.169146,38.594267],[-0.16913,38.594258],[-0.169114,38.594248],[-0.169093,38.594223],[-0.169087,38.594206],[-0.169087,38.594172],[-0.16909,38.594137],[-0.169094,38.594098],[-0.1691,38.594058],[-0.169105,38.594041],[-0.169115,38.594015],[-0.169124,38.59399],[-0.169132,38.593958],[-0.169134,38.593943],[-0.169131,38.593927],[-0.169123,38.593898],[-0.169101,38.593857],[-0.169076,38.593816],[-0.169038,38.593769],[-0.169017,38.593747],[-0.168992,38.593724],[-0.168961,38.593706],[-0.168937,38.593695],[-0.168902,38.593681],[-0.168883,38.593679],[-0.168864,38.593678],[-0.168839,38.593678],[-0.168801,38.593681],[-0.168764,38.593691],[-0.168723,38.593703],[-0.168682,38.593716],[-0.168662,38.593723],[-0.168639,38.593729],[-0.168622,38.593718],[-0.168601,38.593687],[-0.168585,38.59366],[-0.168574,38.59364],[-0.168558,38.593615],[-0.168536,38.593595],[-0.168503,38.593576],[-0.168487,38.593566],[-0.168472,38.593555],[-0.168444,38.593526],[-0.168418,38.593495],[-0.168394,38.593459],[-0.168382,38.593421],[-0.168377,38.593394],[-0.168378,38.593367],[-0.168385,38.593317],[-0.168393,38.593267],[-0.168394,38.593237],[-0.168387,38.593208],[-0.168376,38.593189],[-0.168323,38.593178],[-0.168278,38.593171],[-0.168223,38.593165],[-0.168168,38.593157],[-0.168129,38.59315],[-0.168074,38.593132],[-0.168018,38.593113],[-0.167974,38.593099],[-0.167952,38.59309],[-0.16793,38.593072],[-0.167921,38.593052],[-0.167925,38.592987],[-0.167926,38.592953],[-0.167924,38.592919],[-0.167918,38.592907],[-0.167903,38.59289],[-0.167881,38.592878],[-0.167861,38.592868],[-0.16783,38.592858],[-0.167797,38.592852],[-0.167686,38.592845],[-0.167579,38.592834],[-0.167545,38.592836],[-0.167494,38.592842],[-0.167469,38.592845],[-0.167444,38.592847],[-0.167423,38.592846],[-0.167393,38.592838],[-0.167357,38.592823],[-0.167345,38.592807],[-0.167343,38.592791],[-0.167349,38.592776],[-0.167367,38.592762],[-0.16738,38.592751],[-0.167396,38.592723],[-0.167402,38.592709],[-0.167402,38.592694],[-0.167398,38.592666],[-0.167389,38.592637],[-0.167373,38.592612],[-0.167355,38.592597],[-0.167333,38.592591],[-0.167316,38.592586],[-0.167298,38.592579],[-0.167282,38.592567],[-0.167268,38.592552],[-0.167248,38.592529],[-0.167235,38.592503],[-0.167216,38.592462],[-0.167197,38.59242],[-0.167161,38.592332],[-0.167148,38.592313],[-0.167136,38.5923],[-0.167116,38.592281],[-0.16709,38.592266],[-0.167064,38.592257],[-0.167033,38.592259],[-0.16701,38.592265],[-0.16698,38.592277],[-0.166964,38.592291],[-0.166957,38.592311],[-0.166954,38.592332],[-0.166947,38.592377],[-0.166938,38.592391],[-0.166914,38.592405],[-0.166884,38.592412],[-0.166861,38.592414],[-0.166828,38.592415],[-0.166812,38.592411],[-0.166797,38.592405],[-0.166781,38.592396],[-0.166764,38.592379],[-0.16675,38.59236],[-0.16673,38.592332],[-0.166722,38.592318],[-0.166716,38.592304],[-0.166714,38.59227],[-0.166714,38.592235],[-0.166716,38.592133],[-0.166716,38.592086],[-0.166714,38.592038],[-0.16671,38.592012],[-0.166699,38.591972],[-0.166682,38.591934],[-0.166662,38.591895],[-0.166632,38.59186],[-0.166613,38.591841],[-0.166582,38.591817],[-0.166543,38.591799],[-0.166509,38.591787],[-0.166474,38.591779],[-0.166421,38.591777],[-0.166367,38.591777],[-0.166324,38.591779],[-0.166271,38.59178],[-0.166182,38.591778],[-0.166138,38.591773],[-0.166094,38.591766]]},"properties":{"id_origen":"HY-P_WATERCOURSE_ES080HYWCSL0000003196591","local_id":"ES080HYWCSL0002001953822","nombre":"Barranc d'Iborra","long_municipal_m":3075.28}},{"type":"Feature","id":141,"geometry":{"type":"LineString","coordinates":[[-0.158079,38.578656],[-0.158058,38.578663],[-0.158023,38.578671],[-0.158003,38.578674],[-0.157972,38.578672],[-0.157941,38.578667],[-0.157896,38.578657],[-0.157876,38.578649],[-0.157855,38.578639],[-0.157833,38.578627],[-0.157812,38.578614],[-0.157732,38.578561],[-0.157709,38.578548],[-0.157691,38.57854],[-0.157656,38.578534],[-0.157628,38.578533],[-0.157588,38.578531],[-0.157543,38.578537],[-0.157512,38.578542],[-0.157442,38.578547],[-0.157403,38.57854],[-0.157359,38.578531],[-0.157326,38.57852],[-0.1573,38.578511],[-0.157264,38.578495],[-0.157237,38.578483],[-0.157204,38.578461],[-0.157148,38.578424],[-0.157121,38.578417],[-0.15709,38.578411],[-0.157042,38.578404],[-0.157016,38.578401],[-0.156984,38.578399],[-0.156957,38.578396],[-0.15692,38.578388],[-0.156889,38.578381],[-0.156851,38.578373],[-0.156804,38.578362],[-0.156763,38.578351],[-0.156708,38.578333],[-0.156674,38.57832],[-0.156603,38.578294],[-0.156574,38.578286],[-0.156452,38.578249],[-0.156421,38.578234],[-0.156375,38.578208],[-0.156285,38.57816],[-0.156247,38.578142],[-0.156219,38.578133],[-0.156187,38.578125],[-0.156139,38.578115],[-0.156115,38.578116],[-0.156092,38.578129],[-0.156073,38.578143],[-0.156055,38.57816],[-0.156033,38.578179],[-0.155987,38.578219],[-0.155962,38.578244],[-0.155944,38.578264],[-0.155923,38.578283],[-0.155907,38.578295],[-0.155887,38.578306],[-0.155869,38.578315],[-0.155841,38.578321],[-0.155815,38.578326],[-0.155758,38.578335],[-0.155699,38.578341],[-0.155651,38.578344],[-0.155616,38.578346],[-0.155587,38.578346],[-0.155514,38.578349],[-0.155477,38.57835],[-0.155447,38.57835],[-0.155292,38.578348],[-0.15524,38.578346],[-0.155208,38.578341],[-0.155158,38.578332],[-0.155078,38.578316],[-0.154883,38.578279],[-0.154718,38.57827],[-0.154668,38.578268],[-0.154634,38.578265],[-0.154453,38.578256],[-0.15436,38.578241],[-0.154336,38.578238],[-0.154309,38.578234],[-0.15427,38.578229],[-0.154184,38.57822],[-0.154138,38.578216],[-0.154099,38.578214],[-0.153944,38.578207],[-0.153905,38.578204],[-0.153875,38.578205],[-0.153832,38.578211],[-0.153749,38.578221],[-0.153699,38.578229],[-0.153651,38.578235],[-0.153616,38.578237],[-0.153583,38.578241],[-0.153533,38.578243],[-0.153494,38.578242],[-0.15344,38.578244],[-0.153409,38.578246],[-0.153371,38.578246],[-0.153331,38.578243],[-0.153302,38.578234],[-0.15328,38.578225],[-0.153252,38.578207],[-0.153234,38.578192],[-0.153217,38.578164],[-0.153191,38.578126],[-0.153167,38.578095],[-0.153142,38.578059],[-0.153124,38.578029],[-0.1531,38.577994],[-0.153092,38.577982],[-0.153068,38.577961],[-0.153005,38.577919],[-0.152972,38.577905],[-0.15291,38.577878],[-0.152856,38.577852],[-0.152837,38.577841],[-0.152799,38.577824],[-0.152756,38.577801],[-0.152703,38.577768],[-0.152684,38.577755],[-0.152668,38.577741],[-0.152645,38.577725],[-0.152613,38.577703],[-0.152586,38.577686],[-0.15257,38.577684],[-0.152545,38.577688],[-0.152514,38.5777],[-0.152464,38.577717],[-0.152438,38.577718],[-0.152424,38.577718],[-0.152347,38.577749],[-0.152309,38.577761],[-0.15227,38.577775],[-0.152239,38.577781],[-0.152208,38.577784],[-0.152174,38.577785],[-0.152126,38.577783],[-0.152097,38.57777],[-0.152077,38.577755],[-0.152053,38.577729],[-0.152029,38.5777],[-0.152003,38.57767],[-0.151966,38.577633],[-0.151924,38.577591],[-0.151889,38.577554],[-0.151788,38.577443],[-0.151764,38.577413],[-0.151728,38.577373],[-0.151697,38.577349],[-0.151671,38.577327],[-0.151636,38.577302],[-0.151601,38.577275],[-0.151571,38.577256],[-0.151544,38.577249],[-0.151522,38.57725],[-0.151496,38.577253],[-0.151453,38.577258],[-0.151422,38.577252],[-0.151392,38.577247],[-0.15135,38.577237],[-0.151328,38.577227],[-0.151307,38.577209],[-0.151279,38.577182],[-0.151253,38.577158],[-0.151238,38.577136],[-0.151224,38.577109],[-0.151207,38.577079],[-0.151187,38.57705],[-0.151166,38.577031],[-0.151132,38.577009],[-0.151109,38.576993],[-0.151075,38.576968],[-0.150872,38.576876],[-0.150852,38.576866],[-0.150838,38.576857],[-0.150821,38.576844],[-0.150801,38.576829],[-0.150741,38.576785],[-0.150722,38.576775],[-0.150701,38.576765],[-0.150681,38.576756],[-0.150663,38.57675],[-0.150642,38.576744],[-0.150624,38.576739],[-0.150602,38.576733],[-0.150585,38.57673],[-0.150567,38.576726],[-0.150548,38.576724],[-0.150524,38.576722],[-0.150497,38.576722],[-0.150451,38.576723],[-0.1504,38.576719],[-0.150381,38.576717],[-0.150358,38.576714],[-0.150341,38.576712],[-0.150325,38.576708],[-0.150304,38.576704],[-0.150283,38.576699],[-0.150267,38.576693],[-0.150246,38.576685],[-0.150222,38.576674],[-0.15019,38.57666],[-0.150105,38.576621],[-0.150066,38.576604],[-0.150033,38.576591],[-0.149971,38.576568],[-0.149933,38.576552],[-0.1499,38.576538],[-0.149873,38.576525],[-0.149856,38.576514],[-0.149836,38.5765],[-0.149817,38.576486],[-0.149798,38.576471],[-0.14978,38.576455],[-0.149763,38.576439],[-0.149747,38.576423],[-0.149735,38.576409],[-0.149715,38.576383],[-0.149695,38.576358],[-0.149669,38.576325],[-0.149612,38.576251],[-0.1496,38.576235],[-0.149563,38.576186],[-0.1495,38.576101],[-0.149479,38.576074],[-0.149469,38.576064],[-0.149448,38.576052],[-0.149423,38.576042],[-0.149395,38.576032],[-0.149365,38.576021],[-0.149348,38.576013],[-0.149327,38.575999],[-0.149315,38.575973],[-0.14931,38.57596],[-0.149305,38.575945],[-0.149298,38.575922],[-0.14929,38.575895],[-0.149285,38.575878],[-0.14928,38.575864],[-0.14927,38.575838],[-0.149257,38.575804],[-0.149246,38.575777],[-0.149238,38.57576],[-0.149227,38.575744],[-0.149217,38.575731],[-0.149207,38.575717],[-0.149184,38.575695],[-0.149164,38.575678],[-0.149147,38.575669],[-0.149129,38.57566],[-0.149111,38.575652],[-0.149088,38.575643],[-0.149065,38.575634],[-0.14904,38.575627],[-0.149021,38.575622],[-0.149,38.575616],[-0.148984,38.575612],[-0.148963,38.575607],[-0.148941,38.575602],[-0.148915,38.575595],[-0.148861,38.575583],[-0.148835,38.575576],[-0.148814,38.575571],[-0.148792,38.575565],[-0.148629,38.575515],[-0.148599,38.575505],[-0.148552,38.575489],[-0.148528,38.575481],[-0.148487,38.575464],[-0.148453,38.575448],[-0.148413,38.57543],[-0.148368,38.575408],[-0.148301,38.575374],[-0.148278,38.575363],[-0.148226,38.575338],[-0.148184,38.575318],[-0.148154,38.575302],[-0.148129,38.575289],[-0.148111,38.575276],[-0.148094,38.575263],[-0.148082,38.575252],[-0.148068,38.575239],[-0.148052,38.575223],[-0.148036,38.575202],[-0.14802,38.575182],[-0.148003,38.575158],[-0.147983,38.57513],[-0.147957,38.575093],[-0.147933,38.575059],[-0.147913,38.57503],[-0.14788,38.574984],[-0.147872,38.574972],[-0.147851,38.574944],[-0.147832,38.574921],[-0.147811,38.574898],[-0.147789,38.574876],[-0.147767,38.574854],[-0.147743,38.574832],[-0.147715,38.574809],[-0.147692,38.574793],[-0.147677,38.574783],[-0.147661,38.574774],[-0.147641,38.574765],[-0.147619,38.574756],[-0.147598,38.574748],[-0.147572,38.57474],[-0.147543,38.574732],[-0.147512,38.574726],[-0.147488,38.574725],[-0.14747,38.574725],[-0.147453,38.574726],[-0.14743,38.574727],[-0.147402,38.574727],[-0.147379,38.574727],[-0.147354,38.574724],[-0.147322,38.574714],[-0.147303,38.574707],[-0.147287,38.574698],[-0.147273,38.574686],[-0.147261,38.57467],[-0.147251,38.574648],[-0.147246,38.574627],[-0.147238,38.574604],[-0.147225,38.574566],[-0.147049,38.574381],[-0.146986,38.574337],[-0.146747,38.57425],[-0.146447,38.574114],[-0.146315,38.574071],[-0.145657,38.574009],[-0.145569,38.57399],[-0.145475,38.573952],[-0.145366,38.573877],[-0.145264,38.573766],[-0.145149,38.573604],[-0.145125,38.573494],[-0.145068,38.573451],[-0.144704,38.573356],[-0.144574,38.573347],[-0.143998,38.573459],[-0.143361,38.573456],[-0.143224,38.573491],[-0.142952,38.573598],[-0.142902,38.573607],[-0.142881,38.573595],[-0.142845,38.573537],[-0.142754,38.573464],[-0.142732,38.573451],[-0.142706,38.573439],[-0.14269,38.573432],[-0.142667,38.573422],[-0.142639,38.573412],[-0.142598,38.573397],[-0.142535,38.573374],[-0.142518,38.573367],[-0.142496,38.573357],[-0.142481,38.573349],[-0.142452,38.573335],[-0.142418,38.573313],[-0.142391,38.573296],[-0.142365,38.573278],[-0.14234,38.573259],[-0.142326,38.573248],[-0.142323,38.573245],[-0.142295,38.57322],[-0.142266,38.573194],[-0.142234,38.573164],[-0.142218,38.573148]]},"properties":{"id_origen":"HY-P_WATERCOURSE_ES080HYWCSL0000003229013","local_id":"ES080HYWCSL0000200195382","nombre":"Barranc del Lliriet","long_municipal_m":1681.36}},{"type":"Feature","id":142,"geometry":{"type":"LineString","coordinates":[[-0.150163,38.571244],[-0.150193,38.570953],[-0.150203,38.570815],[-0.150191,38.570641],[-0.150236,38.570468],[-0.150224,38.57043],[-0.150175,38.570377],[-0.150145,38.570328],[-0.150148,38.570281],[-0.150178,38.570207],[-0.150371,38.5698],[-0.150446,38.569704],[-0.150539,38.569641],[-0.150635,38.569262],[-0.150772,38.568989],[-0.151015,38.568643],[-0.15103,38.568572],[-0.151037,38.568465]]},"properties":{"id_origen":"HY-P_WATERCOURSE_ES080HYWCSL0000003209019","local_id":"ES080HYWCSL0000020019534","nombre":"Barranco de la Tapia","long_municipal_m":329.22}},{"type":"Feature","id":143,"geometry":{"type":"LineString","coordinates":[[-0.14045,38.576642],[-0.14054,38.576456],[-0.140554,38.576428],[-0.140572,38.576394],[-0.140596,38.57635],[-0.140617,38.576317],[-0.140631,38.576296],[-0.140648,38.57627],[-0.140663,38.576249],[-0.140679,38.576236],[-0.140692,38.576227],[-0.14071,38.576215],[-0.140734,38.5762],[-0.140758,38.576186],[-0.140781,38.576171],[-0.140794,38.576162],[-0.140805,38.576153],[-0.140818,38.576139],[-0.140826,38.576126],[-0.14085,38.576078],[-0.140904,38.575964],[-0.14086,38.57595],[-0.140827,38.575938],[-0.140795,38.575921],[-0.140764,38.575898],[-0.140736,38.575876],[-0.140701,38.575852],[-0.140666,38.575825],[-0.140631,38.575801],[-0.140598,38.575777],[-0.140564,38.575754],[-0.140524,38.575726],[-0.140477,38.575691],[-0.140442,38.575668],[-0.140403,38.575644],[-0.140371,38.575621],[-0.14034,38.575591],[-0.140325,38.575567],[-0.140306,38.575529],[-0.14029,38.575499],[-0.140263,38.575459],[-0.140241,38.575428],[-0.14022,38.575394],[-0.140184,38.575335],[-0.140175,38.575298],[-0.140167,38.575265],[-0.140162,38.575227],[-0.140159,38.575185],[-0.140166,38.575143],[-0.140173,38.575096],[-0.140184,38.57501],[-0.140185,38.574974],[-0.140175,38.574937],[-0.140169,38.574914],[-0.140157,38.574854],[-0.14015,38.574825],[-0.140141,38.574798],[-0.140134,38.574777],[-0.140127,38.574757],[-0.140121,38.574742],[-0.14011,38.574721],[-0.140111,38.574696],[-0.140116,38.574683],[-0.140139,38.574667],[-0.140165,38.574649],[-0.140169,38.574625],[-0.140168,38.574607],[-0.140151,38.574579],[-0.140167,38.574552],[-0.140186,38.574526],[-0.140177,38.574489],[-0.140167,38.574459],[-0.140157,38.574425],[-0.140143,38.574393],[-0.14013,38.574363],[-0.140117,38.574332],[-0.140102,38.574301],[-0.140087,38.574275],[-0.140073,38.574243],[-0.140064,38.574221],[-0.140065,38.574185],[-0.140068,38.57416],[-0.140081,38.57413],[-0.140099,38.574085],[-0.140089,38.574049],[-0.140063,38.573987],[-0.140047,38.573959],[-0.140032,38.573936],[-0.140005,38.573931],[-0.139975,38.57393],[-0.139898,38.573927],[-0.139862,38.57391],[-0.139838,38.573893],[-0.139826,38.573872],[-0.139813,38.573839],[-0.139781,38.573765],[-0.139775,38.57373],[-0.139772,38.573694],[-0.139766,38.57365],[-0.139743,38.573609],[-0.139725,38.573578],[-0.139699,38.57354],[-0.139647,38.573466],[-0.139626,38.573432],[-0.139615,38.573406],[-0.139616,38.573365],[-0.13962,38.573327],[-0.139651,38.573317],[-0.139674,38.573311],[-0.139702,38.573301],[-0.139708,38.573276],[-0.139705,38.573249],[-0.1397,38.573226],[-0.139689,38.573194],[-0.139674,38.573158],[-0.139666,38.573131],[-0.139658,38.5731],[-0.139659,38.573067],[-0.139657,38.573037],[-0.139652,38.573002],[-0.139635,38.572973],[-0.139621,38.572952],[-0.139602,38.572926],[-0.139575,38.572885],[-0.139571,38.572855],[-0.139569,38.572821],[-0.139579,38.572791],[-0.139611,38.572691],[-0.139622,38.572655],[-0.139631,38.572607],[-0.139635,38.572573],[-0.139641,38.572539],[-0.139647,38.57251],[-0.139652,38.572482],[-0.139652,38.572454],[-0.139653,38.572429],[-0.139653,38.572407],[-0.139655,38.572383],[-0.139656,38.572366],[-0.139655,38.572345],[-0.139656,38.572329],[-0.139657,38.57231],[-0.139659,38.572294],[-0.139663,38.572278],[-0.139667,38.572257],[-0.139672,38.572231],[-0.139675,38.572211],[-0.139676,38.572194],[-0.139681,38.572118]]},"properties":{"id_origen":"HY-P_WATERCOURSE_ES080HYWCSL0000003193326","local_id":"ES080HYWCSL0002001953824","nombre":"Barranc del Sarnatxo","long_municipal_m":573.34}},{"type":"Feature","id":144,"geometry":{"type":"LineString","coordinates":[[-0.142218,38.573148],[-0.1422,38.573129],[-0.14218,38.573108],[-0.142169,38.573097],[-0.142138,38.573063],[-0.142108,38.57303],[-0.142083,38.573],[-0.142062,38.572973],[-0.142042,38.572945],[-0.142032,38.572931],[-0.142016,38.572906],[-0.142004,38.572886],[-0.141993,38.57286],[-0.141982,38.572834],[-0.141972,38.572808],[-0.141959,38.572771],[-0.141935,38.5727],[-0.141931,38.572675],[-0.141929,38.57265],[-0.141929,38.572632],[-0.141929,38.572615],[-0.141929,38.5726],[-0.141928,38.572587],[-0.141927,38.572571],[-0.141925,38.572555],[-0.141922,38.572538],[-0.141914,38.572521],[-0.141904,38.572504],[-0.141892,38.572488],[-0.14188,38.572478],[-0.141862,38.572466],[-0.141846,38.572461],[-0.141822,38.572458],[-0.141804,38.572457],[-0.141782,38.572461],[-0.141756,38.572466],[-0.141737,38.572471],[-0.141706,38.572481],[-0.141629,38.572509],[-0.141417,38.572584],[-0.14137,38.5726],[-0.141119,38.572686],[-0.141093,38.572688],[-0.14107,38.57269],[-0.14101,38.572695],[-0.140983,38.572698],[-0.140963,38.5727],[-0.140936,38.572701],[-0.140914,38.572698],[-0.140899,38.572693],[-0.140879,38.572681],[-0.14086,38.572668],[-0.140841,38.57265],[-0.14083,38.572632],[-0.140818,38.572611],[-0.140809,38.572592],[-0.140802,38.572579],[-0.140795,38.572563],[-0.140788,38.572542],[-0.140783,38.572522],[-0.140778,38.572496],[-0.140773,38.572459],[-0.140766,38.572409],[-0.140761,38.572369],[-0.140757,38.572333],[-0.140752,38.572296],[-0.140751,38.57228],[-0.140746,38.572257],[-0.140738,38.572242],[-0.140721,38.572233],[-0.140699,38.572224],[-0.140677,38.572218],[-0.140623,38.572203],[-0.140607,38.572196],[-0.140575,38.572177],[-0.140545,38.572159],[-0.140518,38.572143],[-0.140516,38.572142],[-0.140479,38.57212],[-0.140463,38.57211],[-0.140438,38.572096],[-0.140408,38.57208],[-0.140378,38.572064],[-0.140351,38.572053],[-0.140328,38.572044],[-0.140298,38.572034],[-0.140274,38.572029],[-0.140251,38.572031],[-0.14007,38.572064],[-0.140014,38.572072],[-0.139973,38.572079],[-0.139913,38.572088],[-0.139766,38.57211],[-0.139747,38.572114],[-0.13973,38.572116],[-0.139704,38.57212],[-0.139681,38.572118]]},"properties":{"id_origen":"HY-P_WATERCOURSE_ES080HYWCSL0000003214922","local_id":"ES080HYWCSL0000200195382","nombre":"Barranc del Lliriet","long_municipal_m":326.75}},{"type":"Feature","id":145,"geometry":{"type":"LineString","coordinates":[[-0.139681,38.572118],[-0.139673,38.572104],[-0.139666,38.572079],[-0.139662,38.57206],[-0.139658,38.572039],[-0.139656,38.572023],[-0.139655,38.572009],[-0.139655,38.571991],[-0.139655,38.571975],[-0.139656,38.571959],[-0.139657,38.57194],[-0.139658,38.571918],[-0.139662,38.571866],[-0.139662,38.571853],[-0.139663,38.571839],[-0.139663,38.571823],[-0.139662,38.571804],[-0.139661,38.571782],[-0.139659,38.571765],[-0.139649,38.57172],[-0.139642,38.571687],[-0.139625,38.57161],[-0.139614,38.571559],[-0.139608,38.571533],[-0.139601,38.571501],[-0.139595,38.571475],[-0.139589,38.571448],[-0.139585,38.571427],[-0.139581,38.571411],[-0.139578,38.571395],[-0.139573,38.571373],[-0.139568,38.571347],[-0.139553,38.571278],[-0.139545,38.57124],[-0.139537,38.571218],[-0.139531,38.571205],[-0.139525,38.571192],[-0.139517,38.571179],[-0.139509,38.571166],[-0.1395,38.571153],[-0.139484,38.571138],[-0.139462,38.57112],[-0.139443,38.571109],[-0.139428,38.571103],[-0.139413,38.571097],[-0.13939,38.571089],[-0.139361,38.571081],[-0.139336,38.571075],[-0.13931,38.571068],[-0.139292,38.571064],[-0.139255,38.571056],[-0.13922,38.571048],[-0.139192,38.571042],[-0.139164,38.571038],[-0.139147,38.571036],[-0.139124,38.571034],[-0.139092,38.571031],[-0.139075,38.571028],[-0.139048,38.571019],[-0.139019,38.571006],[-0.138999,38.570993],[-0.138986,38.570983],[-0.138973,38.570972],[-0.138954,38.570955],[-0.138934,38.570933],[-0.138922,38.570916],[-0.138908,38.570895],[-0.138894,38.570873],[-0.138882,38.570851],[-0.13886,38.570812],[-0.138838,38.570773],[-0.138828,38.570757],[-0.138814,38.570735],[-0.138797,38.570715],[-0.138773,38.570688],[-0.138749,38.570662],[-0.138733,38.570645],[-0.138719,38.570632],[-0.138707,38.570621],[-0.138693,38.570613],[-0.138674,38.570603],[-0.138638,38.570586],[-0.138605,38.570572],[-0.138563,38.570556],[-0.138512,38.570538],[-0.138444,38.570514],[-0.138368,38.570487],[-0.138318,38.570468],[-0.138287,38.570456],[-0.138259,38.570445],[-0.13824,38.570438],[-0.138213,38.570427],[-0.138144,38.570398],[-0.138126,38.57039],[-0.138103,38.57038],[-0.138083,38.570369],[-0.138067,38.570354],[-0.138057,38.570338],[-0.138052,38.57032],[-0.138051,38.570305],[-0.13806,38.570288],[-0.138078,38.570276],[-0.138107,38.570261],[-0.138136,38.570247],[-0.138164,38.570234],[-0.138182,38.570225],[-0.138215,38.57021],[-0.138323,38.570159],[-0.138337,38.570152],[-0.138356,38.570142],[-0.138374,38.57013],[-0.138392,38.570114],[-0.138403,38.570102],[-0.138414,38.570088],[-0.138423,38.570076],[-0.138434,38.570058],[-0.138441,38.570034],[-0.138445,38.570015],[-0.138445,38.569996],[-0.138441,38.569973],[-0.138435,38.569948],[-0.13843,38.56993],[-0.138424,38.569913],[-0.138414,38.569894],[-0.138393,38.569858],[-0.138355,38.569797],[-0.13832,38.569743],[-0.138276,38.569678],[-0.138235,38.569618],[-0.1382,38.569568],[-0.13817,38.569525],[-0.138122,38.569461],[-0.138093,38.569424],[-0.138068,38.569392],[-0.138056,38.569376],[-0.138036,38.569352],[-0.138026,38.569341],[-0.138012,38.569331],[-0.137999,38.569322],[-0.137984,38.569313],[-0.137965,38.569304],[-0.137933,38.569296],[-0.137889,38.569285],[-0.137843,38.569274],[-0.137819,38.569268],[-0.137798,38.569264],[-0.137756,38.569254],[-0.137688,38.569238],[-0.137662,38.569228],[-0.137633,38.569214],[-0.137612,38.569201],[-0.137599,38.569189],[-0.137587,38.569177],[-0.137572,38.569161],[-0.137557,38.569144],[-0.137539,38.569122],[-0.137522,38.569101],[-0.137506,38.569079],[-0.137492,38.569058],[-0.137479,38.569032],[-0.137466,38.569006],[-0.137459,38.568989],[-0.13745,38.568965],[-0.137443,38.568946],[-0.137434,38.568918],[-0.137407,38.56884],[-0.137401,38.568826],[-0.137384,38.568796],[-0.137373,38.568776],[-0.13736,38.568758],[-0.137349,38.568742],[-0.137338,38.568728],[-0.137323,38.568714],[-0.137305,38.568698],[-0.137273,38.568673],[-0.137244,38.568651],[-0.137208,38.568626],[-0.137172,38.568603],[-0.137122,38.568572],[-0.137053,38.568531],[-0.137028,38.568516],[-0.136994,38.568495],[-0.136968,38.568479],[-0.136937,38.568461],[-0.136918,38.56845],[-0.136898,38.56844],[-0.136881,38.568434],[-0.136862,38.568427],[-0.136835,38.568421],[-0.136816,38.568416],[-0.136795,38.568415],[-0.136772,38.568413],[-0.136752,38.568413],[-0.136727,38.568414],[-0.136699,38.568416],[-0.136672,38.568419],[-0.13663,38.568424],[-0.136561,38.568432],[-0.136536,38.568435],[-0.13651,38.568438],[-0.136475,38.568444],[-0.136387,38.568458],[-0.136347,38.568461],[-0.136323,38.568459],[-0.1363,38.568455],[-0.136283,38.568451],[-0.13626,38.568445],[-0.136231,38.568436],[-0.136139,38.568411],[-0.136103,38.568405],[-0.136077,38.568404],[-0.136056,38.568403],[-0.136037,38.568402],[-0.136019,38.568401],[-0.135966,38.568399],[-0.135943,38.568398],[-0.13589,38.568396],[-0.135873,38.568396],[-0.135858,38.568395],[-0.135844,38.568394],[-0.135817,38.568393],[-0.135795,38.568391],[-0.135766,38.568389],[-0.135744,38.568387],[-0.135724,38.568385],[-0.1357,38.568382],[-0.135675,38.568377],[-0.135657,38.568374]]},"properties":{"id_origen":"HY-P_WATERCOURSE_ES080HYWCSL0000003222982","local_id":"ES080HYWCSL0000200195382","nombre":"Barranc del Lliriet","long_municipal_m":666.38}},{"type":"Feature","id":146,"geometry":{"type":"LineString","coordinates":[[-0.160677,38.573034],[-0.160654,38.573039],[-0.160636,38.573048],[-0.160622,38.573057],[-0.160605,38.573072],[-0.160595,38.573087],[-0.160588,38.573101],[-0.160581,38.573115],[-0.160562,38.573152],[-0.160553,38.573167],[-0.160542,38.57318],[-0.160522,38.573195],[-0.160481,38.573226],[-0.160454,38.573246],[-0.160422,38.573269],[-0.16039,38.573291],[-0.160362,38.57331],[-0.160339,38.573322],[-0.160295,38.573344],[-0.160267,38.573357],[-0.160248,38.573365],[-0.160218,38.573378],[-0.160162,38.573402],[-0.160141,38.573412],[-0.160114,38.573424],[-0.160092,38.573435],[-0.160011,38.573472],[-0.159987,38.573483],[-0.159937,38.573506],[-0.159769,38.573584],[-0.159736,38.5736],[-0.159715,38.573612],[-0.159699,38.573622],[-0.159685,38.573633],[-0.159666,38.573648],[-0.159642,38.573668],[-0.159566,38.573729],[-0.159539,38.573745],[-0.159518,38.573755],[-0.159492,38.573765],[-0.159473,38.573772],[-0.15945,38.573777],[-0.159426,38.573782],[-0.159391,38.573788],[-0.159359,38.573793],[-0.159327,38.573797],[-0.15931,38.573798],[-0.159293,38.5738],[-0.159276,38.573801],[-0.159241,38.573803],[-0.159216,38.573804],[-0.15919,38.573805],[-0.159121,38.573808],[-0.159104,38.573809],[-0.159079,38.573811],[-0.159062,38.573812],[-0.159045,38.573814],[-0.159028,38.573815],[-0.159011,38.573817],[-0.158994,38.573819],[-0.158972,38.573822],[-0.15894,38.573829],[-0.158905,38.573836],[-0.15887,38.573844],[-0.158827,38.573853],[-0.158766,38.573867],[-0.158679,38.573886],[-0.158645,38.573894],[-0.15861,38.573902],[-0.158574,38.57391],[-0.158527,38.573922],[-0.158492,38.573931],[-0.158439,38.573944],[-0.158378,38.573959],[-0.158246,38.57399],[-0.15821,38.573998],[-0.158169,38.574008],[-0.158119,38.574019],[-0.15785,38.574078],[-0.157828,38.574085],[-0.157745,38.574106],[-0.157662,38.574127],[-0.157502,38.574164],[-0.157466,38.574173],[-0.157413,38.57419],[-0.157362,38.574211],[-0.157332,38.574225],[-0.157291,38.574248],[-0.157275,38.574261],[-0.157255,38.574277],[-0.15724,38.574292],[-0.157219,38.574315],[-0.157198,38.574338],[-0.157166,38.574368],[-0.157149,38.574381],[-0.157127,38.574389],[-0.156914,38.57444],[-0.156859,38.574453],[-0.156803,38.574468],[-0.156774,38.574481],[-0.156734,38.574504],[-0.156695,38.574527],[-0.156602,38.574582],[-0.156571,38.574599],[-0.156556,38.574608],[-0.156542,38.57462],[-0.156524,38.57464],[-0.156509,38.574672],[-0.156495,38.574703],[-0.156476,38.57474],[-0.156458,38.574777],[-0.156443,38.574813],[-0.15643,38.574849],[-0.156418,38.57488],[-0.156411,38.574894],[-0.1564,38.57491],[-0.156371,38.57491],[-0.156349,38.574901],[-0.156328,38.574884],[-0.156312,38.574874],[-0.156287,38.574872],[-0.156258,38.574877],[-0.156237,38.574878],[-0.156191,38.57487],[-0.15615,38.574861],[-0.156126,38.57486],[-0.156088,38.57486],[-0.15607,38.57486],[-0.156052,38.574857],[-0.155997,38.574841],[-0.155943,38.574823],[-0.155884,38.574803],[-0.155825,38.574782],[-0.155775,38.57476],[-0.155725,38.574737],[-0.15567,38.574715],[-0.155614,38.574694],[-0.155562,38.57468],[-0.155509,38.57467],[-0.155456,38.574663],[-0.155429,38.574661],[-0.155403,38.574662],[-0.155378,38.574666],[-0.155342,38.574673],[-0.155305,38.574681],[-0.155231,38.574693],[-0.155177,38.574701],[-0.155156,38.574703],[-0.155043,38.574707],[-0.154994,38.574714],[-0.154946,38.574722],[-0.15489,38.574732],[-0.154832,38.574743],[-0.15477,38.574748],[-0.154707,38.574747],[-0.154588,38.574741],[-0.154532,38.574736],[-0.154504,38.574734],[-0.154477,38.574739],[-0.154385,38.574772],[-0.154359,38.57478],[-0.154318,38.574789],[-0.154277,38.574796],[-0.15424,38.574801],[-0.154219,38.574802],[-0.15416,38.574803],[-0.154033,38.574799],[-0.153927,38.574799],[-0.153901,38.574798],[-0.153862,38.574793],[-0.153824,38.574782],[-0.153767,38.574762],[-0.153715,38.574737],[-0.153598,38.574678],[-0.153545,38.574652],[-0.153492,38.574626],[-0.153436,38.574602],[-0.153376,38.574583],[-0.153313,38.574566],[-0.153248,38.574552],[-0.153193,38.574542],[-0.153166,38.57454],[-0.153138,38.574539],[-0.153083,38.574542],[-0.153022,38.574544],[-0.15297,38.574545],[-0.152917,38.574544],[-0.15287,38.57454],[-0.152824,38.57453],[-0.152796,38.574521],[-0.152756,38.574506],[-0.152715,38.574492],[-0.152662,38.574478],[-0.152608,38.574471],[-0.152547,38.574466],[-0.152484,38.574463],[-0.152443,38.574461],[-0.152422,38.57446],[-0.1524,38.574462],[-0.152359,38.574467],[-0.152318,38.574473],[-0.152272,38.574479],[-0.152225,38.574485],[-0.152198,38.574487],[-0.152177,38.574487],[-0.152147,38.57448],[-0.152118,38.57447],[-0.152081,38.574457],[-0.152044,38.574442],[-0.152006,38.574426],[-0.151986,38.574417],[-0.151966,38.57441],[-0.151942,38.574408],[-0.151905,38.574407],[-0.151814,38.574409],[-0.151761,38.574409],[-0.15171,38.574406],[-0.151659,38.574402],[-0.151569,38.574399],[-0.151509,38.574393],[-0.151449,38.574384],[-0.151392,38.57437],[-0.151333,38.574354],[-0.15131,38.574344],[-0.151215,38.5743],[-0.151196,38.574292],[-0.151181,38.574285],[-0.151161,38.574276],[-0.151142,38.574268],[-0.151112,38.574254],[-0.151061,38.574231],[-0.151039,38.574219],[-0.151021,38.574209],[-0.151003,38.574192],[-0.150992,38.574179],[-0.150978,38.574161],[-0.150961,38.57414],[-0.150924,38.574091],[-0.150909,38.574074],[-0.150887,38.574047],[-0.150857,38.57401],[-0.150807,38.573948],[-0.150787,38.573923],[-0.15077,38.573903],[-0.150748,38.573876],[-0.150738,38.573863],[-0.150731,38.573849],[-0.150725,38.573835],[-0.15072,38.573819],[-0.150718,38.573798],[-0.150718,38.573781],[-0.15072,38.573766],[-0.15072,38.573764],[-0.15072,38.57374],[-0.150726,38.573647],[-0.150726,38.573621],[-0.150728,38.573608],[-0.15073,38.573591],[-0.150732,38.573573],[-0.150735,38.57355],[-0.150737,38.573529],[-0.150736,38.57351],[-0.150732,38.573488],[-0.150719,38.573448],[-0.150709,38.573415],[-0.150537,38.57338],[-0.150355,38.573346],[-0.150277,38.573297],[-0.150204,38.573194],[-0.150135,38.572903],[-0.150076,38.572697],[-0.150019,38.572575],[-0.149897,38.572306],[-0.149885,38.572259],[-0.149913,38.572185],[-0.150018,38.572059],[-0.150075,38.571967],[-0.150096,38.571901],[-0.15013,38.571561]]},"properties":{"id_origen":"HY-P_WATERCOURSE_ES080HYWCSL0000003227018","local_id":"ES080HYWCSL0000020019534","nombre":"Barranco de la Tapia","long_municipal_m":1279.37}},{"type":"Feature","id":147,"geometry":{"type":"LineString","coordinates":[[-0.15013,38.571561],[-0.150163,38.571244]]},"properties":{"id_origen":"HY-P_WATERCOURSE_ES080HYWCSL0000003183197","local_id":"ES080HYWCSL0000020019534","nombre":"Barranco de la Tapia","long_municipal_m":35.37}},{"type":"Feature","id":148,"geometry":{"type":"LineString","coordinates":[[-0.152843,38.568747],[-0.152572,38.568868],[-0.152262,38.569006]]},"properties":{"id_origen":"HY-P_WATERCOURSE_ES080HYWCSL0000009573029","local_id":"ES080HYWCSL0980310000475","nombre":null,"long_municipal_m":58.14}},{"type":"Feature","id":149,"geometry":{"type":"LineString","coordinates":[[-0.152008,38.569007],[-0.15203,38.569004],[-0.15215,38.569006],[-0.152262,38.569006]]},"properties":{"id_origen":"HY-P_WATERCOURSE_ES080HYWCSL0000009553534","local_id":"ES080HYWCSL0980310000475","nombre":null,"long_municipal_m":22.11}},{"type":"Feature","id":150,"geometry":{"type":"LineString","coordinates":[[-0.103477,38.567282],[-0.10358,38.567178],[-0.103615,38.567133],[-0.103688,38.567079],[-0.103727,38.567055],[-0.103814,38.567016],[-0.103917,38.566962],[-0.103959,38.566942],[-0.103992,38.566927],[-0.104044,38.566904],[-0.10412,38.56687],[-0.104159,38.566852],[-0.104206,38.566829],[-0.104364,38.566753],[-0.104404,38.566733],[-0.104446,38.566713],[-0.104467,38.566701]]},"properties":{"id_origen":"HY-P_WATERCOURSE_ES080HYWCSL0000009551396","local_id":"ES080HYWCSL0980340003999","nombre":"Canal Bajo del Algar","long_municipal_m":108.99}},{"type":"Feature","id":151,"geometry":{"type":"LineString","coordinates":[[-0.104467,38.566701],[-0.104502,38.566681]]},"properties":{"id_origen":"HY-P_WATERCOURSE_ES080HYWCSL0000009528833","local_id":"ES080HYWCSL0980340003999","nombre":"Canal Bajo del Algar","long_municipal_m":3.77}},{"type":"Feature","id":152,"geometry":{"type":"LineString","coordinates":[[-0.103477,38.567282],[-0.103462,38.567297],[-0.103451,38.56731]]},"properties":{"id_origen":"HY-P_WATERCOURSE_ES080HYWCSL0000009528831","local_id":"ES080HYWCSL0980340003999","nombre":"Canal Bajo del Algar","long_municipal_m":3.85}},{"type":"Feature","id":153,"geometry":{"type":"LineString","coordinates":[[-0.102649,38.568029],[-0.102909,38.567853],[-0.103451,38.56731]]},"properties":{"id_origen":"HY-P_WATERCOURSE_ES080HYWCSL0000009551398","local_id":"ES080HYWCSL0980340003999","nombre":"Canal Bajo del Algar","long_municipal_m":106.49}},{"type":"Feature","id":154,"geometry":{"type":"LineString","coordinates":[[-0.078189,38.549293],[-0.078046,38.549744]]},"properties":{"id_origen":"HY-P_WATERCOURSE_ES080HYWCSL0000003209568","local_id":"ES080HYWCSL0980310000598","nombre":null,"long_municipal_m":51.67}},{"type":"Feature","id":155,"geometry":{"type":"LineString","coordinates":[[-0.083614,38.543534],[-0.084196,38.544103],[-0.084441,38.544328],[-0.084523,38.544377],[-0.084583,38.544495],[-0.084776,38.54462],[-0.084845,38.544678],[-0.085044,38.544755],[-0.085365,38.544907],[-0.085564,38.545017],[-0.085666,38.545057],[-0.085814,38.545141],[-0.086115,38.545271],[-0.086211,38.545307],[-0.086626,38.545411],[-0.086831,38.545553],[-0.086977,38.545614],[-0.087124,38.54573],[-0.087327,38.545928],[-0.08743,38.545987],[-0.087523,38.546003],[-0.087855,38.545993],[-0.088059,38.546004],[-0.088347,38.545963],[-0.08851,38.545951],[-0.088605,38.545945],[-0.088805,38.545959],[-0.089189,38.545943],[-0.089326,38.545919]]},"properties":{"id_origen":"HY-P_WATERCOURSE_ES080HYWCSL0000003205757","local_id":"ES080HYWCSL0980310000597","nombre":null,"long_municipal_m":605.36}},{"type":"Feature","id":156,"geometry":{"type":"LineString","coordinates":[[-0.086843,38.536201],[-0.086967,38.536259],[-0.087126,38.536373],[-0.087438,38.536454],[-0.087568,38.536502],[-0.087906,38.53671],[-0.087984,38.536783],[-0.088019,38.536847],[-0.088013,38.537],[-0.087985,38.53714],[-0.087937,38.537211],[-0.087834,38.537316],[-0.087689,38.537419],[-0.087646,38.537496],[-0.087685,38.537632],[-0.087693,38.537908],[-0.087748,38.53803],[-0.08776,38.538311],[-0.087772,38.538353],[-0.08782,38.5384],[-0.087819,38.538451],[-0.087847,38.538487],[-0.088026,38.538541],[-0.088304,38.538679],[-0.088549,38.538839],[-0.088743,38.538863],[-0.088769,38.538869],[-0.088804,38.538877],[-0.088865,38.53889],[-0.088896,38.538897],[-0.088927,38.538905],[-0.088966,38.538909],[-0.089119,38.539139],[-0.089247,38.539389],[-0.089501,38.539962],[-0.089607,38.540043],[-0.089777,38.540233],[-0.089982,38.54039],[-0.0902,38.540589],[-0.090488,38.540819],[-0.090553,38.540857],[-0.090867,38.541013],[-0.091286,38.541197],[-0.09163,38.541321],[-0.091982,38.541549],[-0.092428,38.541768],[-0.092539,38.541858]]},"properties":{"id_origen":"HY-P_WATERCOURSE_ES080HYWCSL0000003209762","local_id":"ES080HYWCSL0980310000595","nombre":null,"long_municipal_m":903.27}},{"type":"Feature","id":157,"geometry":{"type":"LineString","coordinates":[[-0.084574,38.541625],[-0.084804,38.541765],[-0.084958,38.541903],[-0.085111,38.541992],[-0.085138,38.542017],[-0.085152,38.54206],[-0.085251,38.542093],[-0.085345,38.542094],[-0.085472,38.542153],[-0.085683,38.542303],[-0.085862,38.542459],[-0.085989,38.542539],[-0.086089,38.542619],[-0.086298,38.54272],[-0.086373,38.542792],[-0.086656,38.542827],[-0.08675,38.542826],[-0.08685,38.542873],[-0.087052,38.542932],[-0.087247,38.542972],[-0.087565,38.543112],[-0.087827,38.543366],[-0.087983,38.543449],[-0.088099,38.543638],[-0.088325,38.543799],[-0.088378,38.543863],[-0.088399,38.543934],[-0.0884,38.54406],[-0.088366,38.544149],[-0.088373,38.544253],[-0.088444,38.544365],[-0.088504,38.544459],[-0.088466,38.544509],[-0.088466,38.544674],[-0.088499,38.544736],[-0.088577,38.544815],[-0.088644,38.545001],[-0.088649,38.54505],[-0.0887,38.545105],[-0.088861,38.545225],[-0.088905,38.545285],[-0.088951,38.545396],[-0.088954,38.545563],[-0.088968,38.545607],[-0.089122,38.545752],[-0.089238,38.54576],[-0.089329,38.5458],[-0.089343,38.545823],[-0.089321,38.545878],[-0.089326,38.545919]]},"properties":{"id_origen":"HY-P_WATERCOURSE_ES080HYWCSL0000003177523","local_id":"ES080HYWCSL0980310000596","nombre":null,"long_municipal_m":695.12}},{"type":"Feature","id":158,"geometry":{"type":"LineString","coordinates":[[-0.097212,38.530742],[-0.09746,38.530743],[-0.097718,38.530766],[-0.097981,38.530806],[-0.098178,38.530803],[-0.098254,38.530821],[-0.098551,38.530932],[-0.09873,38.530948],[-0.099186,38.531051],[-0.099467,38.531006],[-0.099601,38.530937],[-0.099638,38.530907],[-0.099726,38.530792],[-0.099905,38.530699],[-0.099991,38.530646],[-0.100018,38.530612],[-0.100063,38.530594],[-0.100093,38.530515],[-0.100113,38.530508],[-0.100121,38.530505]]},"properties":{"id_origen":"HY-P_WATERCOURSE_ES080HYWCSL0000003197569","local_id":"ES080HYWCSL0980310000593","nombre":null,"long_municipal_m":284.45}},{"type":"Feature","id":159,"geometry":{"type":"LineString","coordinates":[[-0.079345,38.540421],[-0.079495,38.540631],[-0.079612,38.540915],[-0.079645,38.541],[-0.079654,38.54102],[-0.079673,38.541042],[-0.079685,38.541053],[-0.079703,38.541062],[-0.079727,38.541071],[-0.079751,38.541083],[-0.079754,38.541098],[-0.079767,38.541122],[-0.079784,38.541145],[-0.079806,38.541173],[-0.079827,38.541201],[-0.079887,38.541283],[-0.079975,38.541407],[-0.080019,38.541468],[-0.080065,38.54153],[-0.080084,38.541551],[-0.080118,38.541578],[-0.080154,38.541604],[-0.080171,38.541615],[-0.080188,38.541625],[-0.08022,38.541655],[-0.080253,38.54169],[-0.080264,38.541702],[-0.080287,38.541725],[-0.08031,38.541747],[-0.080346,38.541773],[-0.080401,38.541809],[-0.080427,38.541829],[-0.080451,38.54185],[-0.080474,38.541872],[-0.080497,38.541895],[-0.08054,38.541935],[-0.080583,38.541975],[-0.080614,38.542004],[-0.080661,38.542045],[-0.080686,38.542066],[-0.080711,38.542086],[-0.080757,38.542115],[-0.080829,38.542157],[-0.080903,38.542198],[-0.08094,38.542215],[-0.080998,38.542239],[-0.081026,38.542252],[-0.08105,38.542267],[-0.081065,38.542284],[-0.081081,38.542308],[-0.081099,38.542338],[-0.081108,38.542353],[-0.081118,38.542368],[-0.081132,38.542389],[-0.081147,38.54241],[-0.081159,38.542435],[-0.081164,38.542452],[-0.081169,38.542475],[-0.081165,38.542499],[-0.081161,38.542518],[-0.081156,38.542537],[-0.081128,38.542644],[-0.081099,38.54275],[-0.08108,38.542799],[-0.081068,38.542823],[-0.081055,38.542846],[-0.081039,38.542866],[-0.081022,38.542885],[-0.081003,38.542907],[-0.080983,38.542928],[-0.080972,38.542949],[-0.08096,38.542981],[-0.080953,38.542997],[-0.080945,38.543012],[-0.080918,38.543048],[-0.080891,38.543084],[-0.08087,38.543113],[-0.080848,38.543141],[-0.080831,38.543156],[-0.080802,38.543175],[-0.080772,38.543193],[-0.080739,38.543215],[-0.080706,38.543237],[-0.080688,38.54325],[-0.080668,38.543274],[-0.080649,38.543299],[-0.080632,38.54333],[-0.080625,38.543362],[-0.080624,38.54338],[-0.080625,38.543407],[-0.080623,38.543433],[-0.080611,38.54347],[-0.080589,38.543524],[-0.080578,38.543551],[-0.080569,38.543578],[-0.080561,38.543625],[-0.08055,38.543697],[-0.080538,38.543767],[-0.080521,38.543818],[-0.080512,38.543843],[-0.080505,38.543868],[-0.080504,38.543895],[-0.080506,38.543922],[-0.080508,38.543941],[-0.080513,38.543958],[-0.080526,38.543975],[-0.080539,38.543991],[-0.080598,38.54407],[-0.080657,38.544149],[-0.080688,38.544186],[-0.080738,38.544241],[-0.080789,38.544301],[-0.080796,38.544325],[-0.0808,38.544355],[-0.080804,38.544369],[-0.080814,38.544381],[-0.080861,38.544426],[-0.080868,38.544442],[-0.080875,38.544458],[-0.080878,38.544478],[-0.080878,38.544499],[-0.080876,38.544512],[-0.080863,38.544539],[-0.080847,38.544565],[-0.08083,38.544591],[-0.080809,38.544616],[-0.080793,38.544633],[-0.080775,38.544648],[-0.08076,38.544655],[-0.080734,38.544665],[-0.080701,38.544677],[-0.080685,38.544684],[-0.080639,38.544699],[-0.080589,38.544708],[-0.080551,38.544714],[-0.080513,38.544718],[-0.080488,38.544719],[-0.080463,38.544716],[-0.080425,38.54471],[-0.080387,38.544704],[-0.080345,38.544695],[-0.080304,38.544687],[-0.08027,38.544682],[-0.080236,38.544678],[-0.0802,38.54468],[-0.080164,38.544684],[-0.080134,38.544688],[-0.080104,38.544694],[-0.080088,38.544699],[-0.080077,38.54471],[-0.080061,38.544731],[-0.080048,38.544753],[-0.08004,38.544778],[-0.080031,38.544803],[-0.080024,38.544821],[-0.080018,38.544839],[-0.080012,38.544858],[-0.080006,38.544877],[-0.080006,38.544892],[-0.08001,38.544907],[-0.080018,38.544932],[-0.080027,38.544958],[-0.080038,38.544989],[-0.080047,38.545014],[-0.080061,38.54505],[-0.080072,38.545081],[-0.080084,38.545108],[-0.080103,38.545133],[-0.080122,38.545155],[-0.080145,38.545176],[-0.080166,38.545194],[-0.080188,38.54521],[-0.08022,38.545227],[-0.080252,38.545244],[-0.080291,38.545264],[-0.08033,38.545285],[-0.080369,38.545308],[-0.080404,38.545335],[-0.080428,38.545356],[-0.080448,38.54538],[-0.080458,38.545394],[-0.080467,38.545415],[-0.080467,38.545431],[-0.080463,38.545454],[-0.080451,38.545476],[-0.080438,38.545494],[-0.080425,38.545512],[-0.080409,38.545537],[-0.080393,38.545561],[-0.080374,38.545593],[-0.080357,38.545626],[-0.080338,38.545667],[-0.080319,38.545708],[-0.080308,38.545733],[-0.080293,38.545762],[-0.080281,38.545774],[-0.080264,38.545782],[-0.080246,38.545786],[-0.080218,38.545783],[-0.08019,38.54578],[-0.080152,38.545776],[-0.080114,38.545771],[-0.080056,38.545762],[-0.079999,38.545751],[-0.079957,38.545744],[-0.079916,38.545738],[-0.079893,38.545735],[-0.07987,38.545734],[-0.079849,38.54574],[-0.079829,38.545747],[-0.079807,38.545756],[-0.079786,38.545766],[-0.079766,38.545777],[-0.079752,38.545792],[-0.079739,38.545813],[-0.079729,38.545835],[-0.079719,38.545866],[-0.079709,38.545897],[-0.079701,38.545922],[-0.079694,38.545947],[-0.079677,38.545996],[-0.07966,38.546045],[-0.079646,38.546088],[-0.079633,38.546132],[-0.079623,38.546172],[-0.079615,38.546211],[-0.079608,38.546255],[-0.079601,38.546298],[-0.07959,38.546359],[-0.079579,38.546421],[-0.079554,38.546557],[-0.079542,38.546592],[-0.079524,38.546628],[-0.079512,38.546648],[-0.079489,38.546669],[-0.079476,38.546679],[-0.07946,38.546686],[-0.079443,38.546691],[-0.079411,38.546696],[-0.079379,38.546702],[-0.079356,38.546707],[-0.079333,38.546713],[-0.079311,38.546725],[-0.07929,38.546739],[-0.079235,38.546775],[-0.079178,38.546814],[-0.079149,38.546831],[-0.079118,38.546845],[-0.07906,38.54686],[-0.079003,38.546875],[-0.078944,38.54689],[-0.078885,38.546904],[-0.078838,38.546914],[-0.078792,38.546923],[-0.078749,38.546933],[-0.078705,38.546945],[-0.07867,38.546961],[-0.078636,38.546981],[-0.078599,38.547005],[-0.078563,38.547031],[-0.078531,38.547061],[-0.0785,38.547092],[-0.078475,38.547118],[-0.07845,38.547145],[-0.078432,38.547166],[-0.078419,38.547188],[-0.078407,38.547215],[-0.078397,38.547242],[-0.078387,38.547276],[-0.078377,38.547311],[-0.078365,38.547356],[-0.078353,38.547401],[-0.078336,38.547455],[-0.078297,38.54759],[-0.078301,38.547645],[-0.078296,38.547699],[-0.078331,38.547714],[-0.078353,38.547717],[-0.078371,38.547722],[-0.078392,38.547726],[-0.078399,38.54774],[-0.078407,38.547753],[-0.078414,38.547772],[-0.078417,38.54779],[-0.078418,38.547805],[-0.07842,38.547827],[-0.078424,38.548003],[-0.078425,38.548076],[-0.078427,38.54813],[-0.078434,38.548274],[-0.078436,38.548336],[-0.078437,38.548368],[-0.078455,38.548463],[-0.07845,38.548521],[-0.078431,38.548568]]},"properties":{"id_origen":"HY-P_WATERCOURSE_ES080HYWCSL0000003206997","local_id":"ES080HYWCSL0980310000598","nombre":null,"long_municipal_m":1180.03}},{"type":"Feature","id":160,"geometry":{"type":"LineString","coordinates":[[-0.077827,38.551598],[-0.077852,38.552314],[-0.077894,38.552582],[-0.077971,38.552756],[-0.078054,38.55285],[-0.078286,38.553002],[-0.07838,38.553089],[-0.078434,38.553195],[-0.078536,38.553512],[-0.078702,38.55377],[-0.078798,38.554071],[-0.078788,38.554294],[-0.078807,38.554376],[-0.078956,38.554571],[-0.079355,38.554954],[-0.079484,38.555139],[-0.079516,38.555254],[-0.079534,38.555488],[-0.079466,38.555683],[-0.079465,38.555778],[-0.0795,38.555858],[-0.079684,38.556111],[-0.079769,38.556264],[-0.079817,38.556403],[-0.079947,38.556916]]},"properties":{"id_origen":"HY-P_WATERCOURSE_ES080HYWCSL0000003208552","local_id":"ES080HYWCSL0980310000598","nombre":null,"long_municipal_m":641.84}},{"type":"Feature","id":161,"geometry":{"type":"LineString","coordinates":[[-0.089326,38.545919],[-0.089366,38.545992],[-0.089433,38.54603],[-0.089601,38.546032],[-0.089666,38.54601],[-0.089746,38.546029],[-0.089795,38.546075],[-0.089819,38.546154],[-0.090037,38.546304],[-0.090355,38.546271],[-0.090478,38.546274],[-0.0906,38.54633],[-0.090687,38.546331],[-0.090908,38.546418],[-0.091369,38.546455],[-0.091474,38.546484],[-0.091897,38.546518],[-0.092489,38.546646]]},"properties":{"id_origen":"HY-P_WATERCOURSE_ES080HYWCSL0000003216910","local_id":"ES080HYWCSL0980310000596","nombre":null,"long_municipal_m":305.38}},{"type":"Feature","id":162,"geometry":{"type":"LineString","coordinates":[[-0.078046,38.549744],[-0.078375,38.550391],[-0.078285,38.550926]]},"properties":{"id_origen":"HY-P_WATERCOURSE_ES080HYWCSL0000003192757","local_id":"ES080HYWCSL0980310000598","nombre":null,"long_municipal_m":137.43}},{"type":"Feature","id":163,"geometry":{"type":"LineString","coordinates":[[-0.078285,38.550926],[-0.077881,38.551302],[-0.077827,38.551598]]},"properties":{"id_origen":"HY-P_WATERCOURSE_ES080HYWCSL0000003219943","local_id":"ES080HYWCSL0980310000598","nombre":null,"long_municipal_m":87.86}},{"type":"Feature","id":164,"geometry":{"type":"LineString","coordinates":[[-0.078431,38.548568],[-0.078189,38.549293]]},"properties":{"id_origen":"HY-P_WATERCOURSE_ES080HYWCSL0000003244055","local_id":"ES080HYWCSL0980310000598","nombre":null,"long_municipal_m":83.32}},{"type":"Feature","id":165,"geometry":{"type":"LineString","coordinates":[[-0.101726,38.570794],[-0.101572,38.570763],[-0.101556,38.570758],[-0.101539,38.570748],[-0.101524,38.570736],[-0.101508,38.57072],[-0.101476,38.570687],[-0.101463,38.57067],[-0.101455,38.570656],[-0.101448,38.570636],[-0.101442,38.570618],[-0.101437,38.570597],[-0.101424,38.570523],[-0.101405,38.570415],[-0.101367,38.570201],[-0.101361,38.570165],[-0.101324,38.569961],[-0.101321,38.569942],[-0.101309,38.569878],[-0.101262,38.569614],[-0.101254,38.569563],[-0.101249,38.569523],[-0.101244,38.569476],[-0.101242,38.56946],[-0.101242,38.569438],[-0.101243,38.569417],[-0.101246,38.569396],[-0.101251,38.569374],[-0.101254,38.569361],[-0.101264,38.569323],[-0.10127,38.569303],[-0.101277,38.569286],[-0.101284,38.569273],[-0.1013,38.569241],[-0.10135,38.569147],[-0.101435,38.568987],[-0.101467,38.568924],[-0.101483,38.568893]]},"properties":{"id_origen":"HY-P_WATERCOURSE_ES080HYWCSL0000009551391","local_id":"ES080HYWCSL0980340003999","nombre":"Canal Bajo del Algar","long_municipal_m":231.03}},{"type":"Feature","id":166,"geometry":{"type":"LineString","coordinates":[[-0.102761,38.571032],[-0.101726,38.570794]]},"properties":{"id_origen":"HY-P_WATERCOURSE_ES080HYWCSL0000009528830","local_id":"ES080HYWCSL0980340003999","nombre":"Canal Bajo del Algar","long_municipal_m":93.79}},{"type":"Feature","id":167,"geometry":{"type":"LineString","coordinates":[[-0.101483,38.568893],[-0.101569,38.568759]]},"properties":{"id_origen":"HY-P_WATERCOURSE_ES080HYWCSL0000009528824","local_id":"ES080HYWCSL0980340003999","nombre":"Canal Bajo del Algar","long_municipal_m":16.67}},{"type":"Feature","id":168,"geometry":{"type":"LineString","coordinates":[[-0.102587,38.568071],[-0.10262,38.568048],[-0.102649,38.568029]]},"properties":{"id_origen":"HY-P_WATERCOURSE_ES080HYWCSL0000009528823","local_id":"ES080HYWCSL0980340003999","nombre":"Canal Bajo del Algar","long_municipal_m":7.13}},{"type":"Feature","id":169,"geometry":{"type":"LineString","coordinates":[[-0.101569,38.568759],[-0.102102,38.568398],[-0.102587,38.568071]]},"properties":{"id_origen":"HY-P_WATERCOURSE_ES080HYWCSL0000009551399","local_id":"ES080HYWCSL0980340003999","nombre":"Canal Bajo del Algar","long_municipal_m":116.99}},{"type":"Feature","id":170,"geometry":{"type":"LineString","coordinates":[[-0.170033,38.552011],[-0.1699,38.551766],[-0.169807,38.551535],[-0.16973,38.551454],[-0.169534,38.551304],[-0.169359,38.551218],[-0.169049,38.551129],[-0.168543,38.550954],[-0.168478,38.550905],[-0.168222,38.550635],[-0.168101,38.550542],[-0.167963,38.55048],[-0.167301,38.550268],[-0.167288,38.550255],[-0.167203,38.550242],[-0.166546,38.550199],[-0.166534,38.550198],[-0.16651,38.550196],[-0.166486,38.550197],[-0.166459,38.550198],[-0.166433,38.550198],[-0.166409,38.550199],[-0.166378,38.550201],[-0.166348,38.550205],[-0.166321,38.55021],[-0.166294,38.550215],[-0.166263,38.550222],[-0.166225,38.550231],[-0.165916,38.550178],[-0.165888,38.550174],[-0.165867,38.55017],[-0.165845,38.550167],[-0.165824,38.550165],[-0.165803,38.550163],[-0.165781,38.550161],[-0.16576,38.550159],[-0.165731,38.550156],[-0.165638,38.550148],[-0.165604,38.550145],[-0.165571,38.550141],[-0.165529,38.550136],[-0.165486,38.550131],[-0.165388,38.55012],[-0.165338,38.550114],[-0.165303,38.55011],[-0.165286,38.550108],[-0.165259,38.550106],[-0.165232,38.550104],[-0.165205,38.550103],[-0.165178,38.550101],[-0.165158,38.5501],[-0.165069,38.550097],[-0.165042,38.550095],[-0.165015,38.550093],[-0.164992,38.550091],[-0.164971,38.550089],[-0.164947,38.550085],[-0.164919,38.550081],[-0.164892,38.550078],[-0.164861,38.550073],[-0.164793,38.550063],[-0.164767,38.550059],[-0.16474,38.550054],[-0.164713,38.550047],[-0.164697,38.550044],[-0.164677,38.55005],[-0.164668,38.550071],[-0.164661,38.550085],[-0.164652,38.550109],[-0.164641,38.550138],[-0.164608,38.55022],[-0.164602,38.550234],[-0.164592,38.550252],[-0.164583,38.550265],[-0.164574,38.550277],[-0.16455,38.550305],[-0.164453,38.550428]]},"properties":{"id_origen":"HY-N_WATERCOURSELINK_ES080HYWCLL0000008295763","local_id":"ES080HYWCLL0000008295763","nombre":null,"long_municipal_m":600.76}},{"type":"Feature","id":171,"geometry":{"type":"LineString","coordinates":[[-0.089326,38.545919],[-0.089366,38.545992],[-0.089433,38.54603],[-0.089601,38.546032],[-0.089666,38.54601],[-0.089746,38.546029],[-0.089795,38.546075],[-0.089819,38.546154],[-0.090037,38.546304],[-0.090355,38.546271],[-0.090478,38.546274],[-0.0906,38.54633],[-0.090687,38.546331],[-0.090908,38.546418],[-0.091369,38.546455],[-0.091474,38.546484],[-0.091897,38.546518],[-0.092489,38.546646]]},"properties":{"id_origen":"HY-N_WATERCOURSELINK_ES080HYWCLL0000008297104","local_id":"ES080HYWCLL0000008297104","nombre":null,"long_municipal_m":305.38}},{"type":"Feature","id":172,"geometry":{"type":"LineString","coordinates":[[-0.160877,38.580408],[-0.160901,38.580321],[-0.160891,38.58025]]},"properties":{"id_origen":"HY-N_WATERCOURSELINK_ES080HYWCLL0000008292408","local_id":"ES080HYWCLL0000008292408","nombre":null,"long_municipal_m":17.84}},{"type":"Feature","id":173,"geometry":{"type":"LineString","coordinates":[[-0.149897,38.580311],[-0.149848,38.580331],[-0.149748,38.580338],[-0.149688,38.580329],[-0.149563,38.580243],[-0.149393,38.580154],[-0.149336,38.580096],[-0.149254,38.580053],[-0.14918,38.579959],[-0.149091,38.57991],[-0.149022,38.579829],[-0.148907,38.579767],[-0.148823,38.579669],[-0.14852,38.579471],[-0.148487,38.579425],[-0.148475,38.579373],[-0.148343,38.579267],[-0.148188,38.579182],[-0.148099,38.57907],[-0.14804,38.579061],[-0.148009,38.579021],[-0.148,38.579004],[-0.147983,38.578989],[-0.147965,38.578973],[-0.147939,38.578942],[-0.147894,38.578892],[-0.147886,38.57888],[-0.147878,38.578862],[-0.147874,38.578849],[-0.147867,38.578833],[-0.147856,38.578816],[-0.14784,38.578804],[-0.147819,38.578792],[-0.147774,38.578763],[-0.147756,38.578751],[-0.147739,38.57874],[-0.147681,38.578702],[-0.147647,38.578678],[-0.147619,38.578658],[-0.147602,38.578645],[-0.147581,38.578629],[-0.147571,38.578615],[-0.147567,38.578598],[-0.147565,38.578584],[-0.147564,38.578564],[-0.14756,38.578543],[-0.147552,38.578526],[-0.14754,38.578505],[-0.147528,38.578488],[-0.147511,38.578471],[-0.147495,38.578459],[-0.147478,38.578446],[-0.147466,38.578436],[-0.147455,38.578426],[-0.14744,38.578405],[-0.147417,38.578372],[-0.147395,38.578339],[-0.147378,38.578313],[-0.14736,38.578284],[-0.147344,38.578257],[-0.147325,38.578226],[-0.147307,38.578203],[-0.147297,38.578191],[-0.147283,38.578177],[-0.147272,38.578166],[-0.147253,38.578149],[-0.147239,38.57814],[-0.14722,38.578129],[-0.147199,38.578117],[-0.147174,38.578106],[-0.147156,38.5781],[-0.147133,38.578093],[-0.147091,38.57808],[-0.147061,38.578071],[-0.147038,38.578063],[-0.14698,38.578038],[-0.14691,38.578008],[-0.146851,38.577983],[-0.146826,38.577974],[-0.146799,38.577967],[-0.146733,38.57795],[-0.146709,38.577938],[-0.146691,38.577923],[-0.146682,38.577907],[-0.146675,38.577889],[-0.146666,38.577863],[-0.146653,38.577839],[-0.146641,38.577815],[-0.146631,38.577802],[-0.146621,38.57779],[-0.146608,38.577777],[-0.146592,38.577765],[-0.146571,38.577754],[-0.146556,38.577747],[-0.14653,38.577736],[-0.146504,38.577727],[-0.146485,38.57772],[-0.146425,38.577699],[-0.1464,38.57769],[-0.146373,38.577679],[-0.146344,38.577667],[-0.146327,38.577659],[-0.146311,38.577648],[-0.146297,38.577635],[-0.146286,38.577624],[-0.146252,38.57759],[-0.146235,38.57758],[-0.146188,38.577555],[-0.146169,38.57754],[-0.146156,38.577525],[-0.146141,38.577505],[-0.14612,38.577479],[-0.146098,38.577448],[-0.146085,38.577428],[-0.146058,38.577385],[-0.146029,38.577343],[-0.146016,38.577324],[-0.146007,38.577312],[-0.145995,38.577302],[-0.145978,38.577292],[-0.145955,38.577278],[-0.145938,38.577268],[-0.145926,38.577257],[-0.145912,38.577241],[-0.145903,38.57723],[-0.145894,38.577216],[-0.145889,38.577204],[-0.145884,38.577191],[-0.145878,38.577168],[-0.145874,38.57715],[-0.145872,38.57713],[-0.145871,38.577113],[-0.145873,38.577094],[-0.145876,38.577075],[-0.145881,38.577057],[-0.145888,38.577022],[-0.145891,38.576994],[-0.145886,38.576974],[-0.14588,38.57696],[-0.145868,38.576945],[-0.145853,38.57693],[-0.14583,38.576918],[-0.145806,38.576908],[-0.145774,38.576896],[-0.14575,38.576889],[-0.145725,38.576881],[-0.1457,38.576876],[-0.145675,38.576872],[-0.145645,38.576867],[-0.145627,38.576864],[-0.145607,38.576861],[-0.145583,38.576859],[-0.145523,38.576853],[-0.145501,38.57685],[-0.145484,38.576847],[-0.145461,38.576843],[-0.145438,38.576836],[-0.145421,38.576826],[-0.14541,38.576815],[-0.145396,38.5768],[-0.145385,38.576787],[-0.145373,38.576769],[-0.145349,38.576734],[-0.145334,38.576712],[-0.145321,38.576692],[-0.145298,38.576657],[-0.145286,38.576641],[-0.145265,38.576627],[-0.145221,38.576602],[-0.145214,38.576579],[-0.145213,38.576565],[-0.145213,38.576548],[-0.145212,38.576522],[-0.145217,38.576494],[-0.145206,38.576479],[-0.14519,38.576467],[-0.145168,38.576457],[-0.145135,38.576446],[-0.145104,38.576432],[-0.145074,38.57642],[-0.14503,38.576402],[-0.144983,38.576381],[-0.144958,38.576368],[-0.144942,38.576354],[-0.144928,38.576342],[-0.144886,38.576305],[-0.144864,38.576294],[-0.14484,38.576285],[-0.144798,38.576269],[-0.144778,38.576257],[-0.144768,38.576245],[-0.144759,38.576233],[-0.144736,38.576201],[-0.144721,38.576191],[-0.144688,38.576187],[-0.144661,38.576186],[-0.144632,38.576186],[-0.144615,38.576187],[-0.144593,38.576188],[-0.144551,38.57619],[-0.144531,38.576191],[-0.144512,38.576189],[-0.144488,38.576184],[-0.144468,38.576173],[-0.14445,38.57616],[-0.144437,38.576151],[-0.144413,38.576131],[-0.144399,38.576119],[-0.144379,38.5761],[-0.144362,38.57608],[-0.144327,38.57604],[-0.144311,38.576027],[-0.144293,38.576019],[-0.144272,38.576014],[-0.144247,38.57601],[-0.144192,38.576001],[-0.144167,38.575997],[-0.144126,38.575989],[-0.144096,38.575982],[-0.144074,38.575978],[-0.144051,38.57597],[-0.144025,38.575958],[-0.144002,38.575944],[-0.143985,38.57593],[-0.143974,38.575919],[-0.143961,38.575906],[-0.143949,38.575893],[-0.143935,38.575871],[-0.143922,38.575847],[-0.143913,38.575825],[-0.143904,38.575801],[-0.143897,38.575787],[-0.14389,38.575775],[-0.143874,38.575757],[-0.143863,38.575745],[-0.143847,38.575731],[-0.143822,38.575715],[-0.143773,38.575693],[-0.143736,38.575677],[-0.143708,38.575664],[-0.143685,38.575654],[-0.143663,38.575643],[-0.14362,38.575623],[-0.143587,38.575608],[-0.143573,38.575602],[-0.143549,38.575593],[-0.143531,38.575587],[-0.143502,38.575579],[-0.143477,38.575571],[-0.143448,38.575563],[-0.143425,38.575555],[-0.14339,38.575544],[-0.143355,38.575532],[-0.143329,38.575522],[-0.143307,38.575513],[-0.143291,38.575504],[-0.143273,38.575487],[-0.14326,38.575473],[-0.143251,38.575461],[-0.14324,38.575445],[-0.143232,38.575425],[-0.143228,38.575402],[-0.143223,38.575367],[-0.143218,38.57535],[-0.14321,38.575333],[-0.1432,38.575317],[-0.143187,38.575303],[-0.143168,38.575292],[-0.143152,38.575286],[-0.143135,38.57528],[-0.143079,38.575259],[-0.143044,38.575236],[-0.143015,38.575215],[-0.142994,38.5752],[-0.142969,38.575178],[-0.142921,38.575138],[-0.142894,38.575118],[-0.142864,38.575098],[-0.14284,38.575084],[-0.142794,38.575057],[-0.142777,38.57504],[-0.142763,38.575021],[-0.142743,38.574992],[-0.142725,38.574971],[-0.142672,38.57491],[-0.142615,38.574843],[-0.142598,38.574822],[-0.142583,38.574802],[-0.142575,38.574783],[-0.14257,38.574768],[-0.14256,38.574737],[-0.142556,38.574713],[-0.142557,38.574687],[-0.142551,38.574664],[-0.14254,38.574653],[-0.142525,38.57464],[-0.142503,38.574622],[-0.142472,38.574597],[-0.142461,38.574588],[-0.142443,38.574573],[-0.142419,38.574553],[-0.142403,38.574539],[-0.14239,38.574527],[-0.142381,38.574514],[-0.142379,38.574498],[-0.142378,38.574483],[-0.14238,38.574461],[-0.142382,38.574431],[-0.14238,38.574412],[-0.142367,38.57437],[-0.142356,38.574337],[-0.142348,38.574318],[-0.142339,38.574299],[-0.14231,38.574248],[-0.142296,38.574224],[-0.142269,38.574181],[-0.142254,38.574156],[-0.142238,38.574134],[-0.14222,38.57411],[-0.142191,38.574071],[-0.142161,38.574033],[-0.142144,38.574009],[-0.142126,38.573983],[-0.142117,38.573964],[-0.142106,38.573942],[-0.142097,38.573919],[-0.142088,38.573897],[-0.142079,38.573871],[-0.142078,38.573857],[-0.142082,38.573844],[-0.142086,38.57383],[-0.142093,38.573812],[-0.1421,38.573791],[-0.142102,38.573772],[-0.142095,38.573753],[-0.142086,38.573739],[-0.142061,38.573697],[-0.142058,38.573681],[-0.142056,38.573666],[-0.142054,38.573653],[-0.142047,38.573604],[-0.142039,38.573536],[-0.142036,38.573509],[-0.142033,38.573469],[-0.142033,38.573456],[-0.142033,38.573441],[-0.142034,38.573426],[-0.142037,38.573408],[-0.142045,38.573393],[-0.142059,38.573382],[-0.142075,38.573374],[-0.142101,38.573363],[-0.14212,38.573353],[-0.142131,38.573343],[-0.142141,38.57332],[-0.142218,38.573148]]},"properties":{"id_origen":"HY-N_WATERCOURSELINK_ES080HYWCLL0000008292409","local_id":"ES080HYWCLL0000008292409","nombre":null,"long_municipal_m":1145.13}},{"type":"Feature","id":174,"geometry":{"type":"LineString","coordinates":[[-0.12456,38.568566],[-0.124401,38.568266],[-0.124303,38.567914],[-0.123951,38.567627],[-0.123533,38.567293],[-0.123079,38.567018],[-0.122797,38.566687],[-0.122373,38.566061],[-0.122203,38.565762],[-0.121897,38.565186],[-0.12186,38.564754],[-0.121712,38.564474],[-0.121392,38.564135],[-0.121225,38.563957],[-0.121156,38.563882],[-0.120908,38.56379],[-0.120512,38.563703],[-0.12038,38.563542],[-0.120473,38.562974],[-0.120464,38.562708],[-0.120337,38.562475],[-0.119511,38.561775],[-0.119357,38.56171],[-0.117552,38.561329],[-0.116894,38.561398],[-0.116414,38.56144],[-0.116153,38.561407],[-0.115872,38.561258],[-0.115722,38.561146],[-0.11569,38.561118],[-0.115649,38.561067],[-0.115613,38.56099],[-0.115372,38.560591],[-0.115168,38.560364],[-0.11506,38.560304],[-0.11499,38.560286],[-0.114849,38.560301],[-0.114719,38.560306],[-0.114647,38.5603],[-0.114594,38.560295],[-0.114542,38.560285],[-0.114488,38.560276],[-0.114471,38.560272],[-0.114453,38.560268],[-0.114432,38.560259],[-0.114416,38.560251],[-0.114379,38.560234],[-0.114313,38.560203],[-0.114271,38.560184],[-0.114233,38.560168],[-0.11421,38.560158],[-0.114189,38.560151],[-0.114152,38.56014],[-0.114118,38.56013],[-0.114114,38.560129],[-0.114101,38.560125],[-0.114049,38.560111],[-0.113986,38.560094],[-0.113918,38.560075],[-0.113897,38.560069],[-0.113855,38.560057],[-0.113822,38.560048],[-0.113793,38.560038],[-0.113773,38.560031],[-0.113755,38.560022],[-0.113735,38.56001],[-0.113709,38.559993],[-0.113689,38.559979],[-0.113663,38.559961],[-0.113594,38.55991],[-0.113566,38.55989],[-0.113543,38.559874],[-0.113505,38.559848],[-0.113458,38.559816],[-0.11343,38.559798],[-0.113406,38.559785],[-0.113388,38.559778],[-0.113371,38.559771],[-0.113353,38.559764],[-0.11333,38.559757],[-0.113307,38.559751],[-0.113283,38.559747],[-0.113254,38.559743],[-0.113235,38.55974],[-0.113209,38.559737],[-0.11315,38.559731],[-0.113113,38.559728],[-0.113076,38.559724],[-0.113039,38.559721],[-0.113009,38.559719],[-0.112987,38.559718],[-0.112957,38.559716],[-0.112927,38.559715],[-0.112906,38.559715],[-0.112889,38.559715],[-0.112843,38.559714],[-0.112798,38.559714],[-0.112764,38.559714],[-0.112718,38.559714],[-0.112616,38.559715],[-0.112593,38.559715],[-0.112559,38.559715],[-0.112536,38.559715],[-0.112514,38.559715],[-0.112486,38.559714],[-0.112463,38.559714],[-0.112417,38.559712],[-0.112394,38.559711],[-0.112373,38.559711],[-0.112345,38.559709],[-0.112344,38.559709],[-0.112319,38.559707],[-0.112294,38.559706],[-0.11218,38.559699],[-0.112142,38.559697],[-0.112117,38.559695],[-0.112095,38.559694],[-0.112075,38.559693],[-0.112049,38.559691],[-0.112024,38.55969],[-0.112004,38.559688],[-0.111963,38.559686],[-0.111929,38.559684],[-0.111869,38.55968],[-0.111783,38.559673],[-0.11174,38.559669],[-0.111703,38.559664],[-0.111646,38.559657],[-0.11159,38.559649],[-0.111518,38.559638],[-0.111365,38.559614],[-0.111341,38.55961],[-0.111307,38.559606],[-0.111283,38.559602],[-0.111256,38.559598],[-0.111235,38.559596],[-0.111215,38.559593],[-0.111191,38.559591],[-0.111165,38.559594],[-0.111137,38.5596],[-0.11111,38.559609],[-0.111066,38.559626],[-0.111012,38.559647],[-0.110964,38.559666],[-0.110915,38.559686],[-0.110895,38.559693],[-0.110769,38.559742],[-0.110731,38.559756],[-0.110642,38.559789],[-0.110616,38.559766],[-0.110593,38.559745],[-0.110574,38.559727],[-0.110543,38.559697],[-0.110509,38.559663],[-0.110495,38.559647],[-0.110485,38.559635],[-0.11047,38.559616],[-0.110458,38.5596],[-0.110445,38.559581],[-0.110429,38.559557],[-0.110385,38.559488],[-0.110377,38.559476],[-0.110368,38.559463],[-0.110344,38.55943],[-0.110324,38.559403],[-0.11031,38.559386],[-0.110298,38.559376],[-0.110282,38.559363],[-0.110264,38.559348],[-0.110239,38.559332],[-0.110219,38.559322],[-0.110199,38.559313],[-0.110179,38.559304],[-0.110158,38.559296],[-0.11013,38.559288],[-0.110108,38.559282],[-0.110079,38.559276],[-0.11005,38.55927],[-0.110021,38.559265],[-0.109983,38.559261],[-0.109943,38.559256],[-0.10991,38.559254],[-0.109872,38.559252],[-0.109844,38.55925],[-0.109818,38.559249],[-0.109781,38.559246],[-0.109749,38.559243],[-0.109685,38.559235],[-0.109634,38.559228]]},"properties":{"id_origen":"HY-N_WATERCOURSELINK_ES080HYWCLL0000008292401","local_id":"ES080HYWCLL0000008292401","nombre":null,"long_municipal_m":1906.94}},{"type":"Feature","id":175,"geometry":{"type":"LineString","coordinates":[[-0.166449,38.582612],[-0.166403,38.582479],[-0.166204,38.582253],[-0.166202,38.582184],[-0.166045,38.581984],[-0.166064,38.581921],[-0.16605,38.581894],[-0.165887,38.581787],[-0.165882,38.581729],[-0.165823,38.581672],[-0.165795,38.581606],[-0.165761,38.581582],[-0.16569,38.581575],[-0.165672,38.581562],[-0.165678,38.581471],[-0.165504,38.581248],[-0.165423,38.581111],[-0.165255,38.580948],[-0.165136,38.580858],[-0.165074,38.580828],[-0.165014,38.580801],[-0.164908,38.580758],[-0.164875,38.580743],[-0.164847,38.580724],[-0.164817,38.580697],[-0.164788,38.58067],[-0.16475,38.580639],[-0.164712,38.580608],[-0.164654,38.580569],[-0.164595,38.58053],[-0.164557,38.580506],[-0.164519,38.580482],[-0.164486,38.580463],[-0.164468,38.580456],[-0.164449,38.580451],[-0.164403,38.580446],[-0.164358,38.580442],[-0.1643,38.580438],[-0.164243,38.580434],[-0.164198,38.580425],[-0.164154,38.580414],[-0.164107,38.580401],[-0.164085,38.580392],[-0.164064,38.580382],[-0.164025,38.580358],[-0.163991,38.580331],[-0.163957,38.580301],[-0.163922,38.580272],[-0.16391,38.580264],[-0.163896,38.580256],[-0.163757,38.580191],[-0.163687,38.580161],[-0.163636,38.580146],[-0.163583,38.580132],[-0.163504,38.580108],[-0.163377,38.580072],[-0.163279,38.580037],[-0.163173,38.580009],[-0.163161,38.580006],[-0.16314,38.580001],[-0.163051,38.579969],[-0.162991,38.57995],[-0.162928,38.579927],[-0.162907,38.57992],[-0.162856,38.579907],[-0.162737,38.579907],[-0.16271,38.57991],[-0.162691,38.579915],[-0.16267,38.57992],[-0.16265,38.579928],[-0.162605,38.579945],[-0.162572,38.579956],[-0.162541,38.579968],[-0.162525,38.579975],[-0.162505,38.579985],[-0.162485,38.579999],[-0.162472,38.580014],[-0.162463,38.580026],[-0.162452,38.580042],[-0.162442,38.580058],[-0.162426,38.580083],[-0.162397,38.580129],[-0.162366,38.580172],[-0.162351,38.580187],[-0.162331,38.580203],[-0.162312,38.580217],[-0.162286,38.580229],[-0.162248,38.580248],[-0.162218,38.580262],[-0.162189,38.580275],[-0.162161,38.580285],[-0.162142,38.58029],[-0.162119,38.580296],[-0.162083,38.580303],[-0.162061,38.580307],[-0.162038,38.580311],[-0.162016,38.580315],[-0.161999,38.580316],[-0.161982,38.580317],[-0.161965,38.580319],[-0.161943,38.580319],[-0.161921,38.58032],[-0.161898,38.58032],[-0.161879,38.580319],[-0.161857,38.580317],[-0.161834,38.580314],[-0.161816,38.580311],[-0.161793,38.580307],[-0.16177,38.580303],[-0.161729,38.580297],[-0.161665,38.580286],[-0.161648,38.580284],[-0.161625,38.58028],[-0.161607,38.580278],[-0.161587,38.580276],[-0.161565,38.580273],[-0.161536,38.58027],[-0.161507,38.580268],[-0.161478,38.580267],[-0.161455,38.580266],[-0.161387,38.580266],[-0.161325,38.580245],[-0.161294,38.580236],[-0.161261,38.580228],[-0.161227,38.580223],[-0.161207,38.580227],[-0.161184,38.580234],[-0.161161,38.580242],[-0.161136,38.580251],[-0.161103,38.580261],[-0.161077,38.580262],[-0.161058,38.58026],[-0.161022,38.580255],[-0.160986,38.58025],[-0.160915,38.580242],[-0.160891,38.58025]]},"properties":{"id_origen":"HY-N_WATERCOURSELINK_ES080HYWCLL0000008292406","local_id":"ES080HYWCLL0000008292406","nombre":null,"long_municipal_m":658.23}},{"type":"Feature","id":176,"geometry":{"type":"LineString","coordinates":[[-0.160891,38.58025],[-0.160884,38.580222],[-0.160874,38.580157],[-0.160866,38.580128],[-0.160855,38.5801],[-0.160836,38.580076],[-0.160812,38.580054],[-0.160785,38.580034],[-0.160752,38.580018],[-0.160709,38.58],[-0.160664,38.579983],[-0.160623,38.579972],[-0.16058,38.579962],[-0.160541,38.579956],[-0.160518,38.579959],[-0.160491,38.579967],[-0.160464,38.579976],[-0.160437,38.579984],[-0.16041,38.579991],[-0.160387,38.579989],[-0.160362,38.579979],[-0.160344,38.579968],[-0.160323,38.579956],[-0.160297,38.579938],[-0.160274,38.579917],[-0.160246,38.579888],[-0.160218,38.579858],[-0.160192,38.579835],[-0.160164,38.579812],[-0.160098,38.579765],[-0.160067,38.579742],[-0.160037,38.579717],[-0.160012,38.579696],[-0.160001,38.579685],[-0.159992,38.579671],[-0.159984,38.579657],[-0.159978,38.579637],[-0.15998,38.579617],[-0.15999,38.579585],[-0.16,38.579553],[-0.160011,38.579516],[-0.160013,38.579497],[-0.160014,38.579478],[-0.160012,38.579459],[-0.160001,38.579432],[-0.159989,38.579405],[-0.159971,38.579367],[-0.159952,38.57933],[-0.159932,38.579298],[-0.159905,38.57927],[-0.159878,38.579247],[-0.159845,38.579229],[-0.159804,38.579208],[-0.15976,38.579192],[-0.159662,38.579163],[-0.15962,38.57915],[-0.159578,38.579137],[-0.159542,38.579124],[-0.159506,38.57911],[-0.15949,38.5791],[-0.159468,38.579084],[-0.15945,38.579064],[-0.15944,38.57905],[-0.159426,38.579028],[-0.159417,38.579005],[-0.159408,38.578977],[-0.159409,38.578964],[-0.159415,38.578951],[-0.159436,38.578932],[-0.159457,38.578914],[-0.15952,38.578863],[-0.159538,38.578842],[-0.159556,38.578821],[-0.159571,38.578801],[-0.159581,38.578778],[-0.159558,38.578762],[-0.15949,38.578714],[-0.159456,38.578692],[-0.15942,38.578671],[-0.159385,38.578658],[-0.159348,38.578646],[-0.159269,38.578627],[-0.159222,38.578613],[-0.159177,38.578597],[-0.159138,38.57858],[-0.1591,38.57856],[-0.159076,38.578545],[-0.159066,38.578533],[-0.159054,38.578509],[-0.159047,38.578484],[-0.159041,38.578456],[-0.159034,38.578428],[-0.159017,38.578382],[-0.158951,38.578398],[-0.158922,38.578406],[-0.158903,38.578412],[-0.158836,38.578435],[-0.158801,38.578448],[-0.158767,38.578463],[-0.158726,38.578483],[-0.158691,38.578508],[-0.158641,38.578551],[-0.158614,38.578573],[-0.158587,38.578594],[-0.15857,38.578604],[-0.158542,38.578615],[-0.158513,38.578625],[-0.158497,38.578628],[-0.158471,38.578631],[-0.158447,38.578626],[-0.158426,38.578618],[-0.158411,38.578603],[-0.158402,38.578591],[-0.158392,38.578572],[-0.15838,38.578554],[-0.158364,38.578535],[-0.158346,38.578525],[-0.158329,38.578526],[-0.158277,38.578539],[-0.158259,38.578545],[-0.158245,38.57855],[-0.158243,38.578551],[-0.158211,38.57857],[-0.158183,38.578589],[-0.15814,38.578623],[-0.158116,38.578637],[-0.158094,38.57865],[-0.158079,38.578656]]},"properties":{"id_origen":"HY-N_WATERCOURSELINK_ES080HYWCLL0000008292407","local_id":"ES080HYWCLL0000008292407","nombre":null,"long_municipal_m":416.32}},{"type":"Feature","id":177,"geometry":{"type":"LineString","coordinates":[[-0.17795,38.590271],[-0.177541,38.590138],[-0.17747,38.590129],[-0.177231,38.59013],[-0.176979,38.590092],[-0.176829,38.590019],[-0.176749,38.589926],[-0.176494,38.589885],[-0.176419,38.589884],[-0.17637,38.589826],[-0.176338,38.58983],[-0.176282,38.589836],[-0.176248,38.589835],[-0.176214,38.589832],[-0.176182,38.589828],[-0.176151,38.589819],[-0.176108,38.589802],[-0.176066,38.589785],[-0.176011,38.589768],[-0.175958,38.58975],[-0.175899,38.589726],[-0.17584,38.589701],[-0.175794,38.58968],[-0.17574,38.589659],[-0.175708,38.589657],[-0.175684,38.589656],[-0.175655,38.589652],[-0.175625,38.589646],[-0.175572,38.589629],[-0.175543,38.589629],[-0.17552,38.589631],[-0.175483,38.589637],[-0.175465,38.58964],[-0.175439,38.58964],[-0.175408,38.589631],[-0.175274,38.589576],[-0.175216,38.589553],[-0.175158,38.589531],[-0.175141,38.589528],[-0.175115,38.589526],[-0.175089,38.589525],[-0.175048,38.589519],[-0.17501,38.58951],[-0.174972,38.589498],[-0.174936,38.589482],[-0.174898,38.589465],[-0.174857,38.589442],[-0.174837,38.589421],[-0.174821,38.589406],[-0.174796,38.589387],[-0.174768,38.58937],[-0.174713,38.589338],[-0.174657,38.589308],[-0.174615,38.58929],[-0.174552,38.589265],[-0.174521,38.589252],[-0.174491,38.589236],[-0.174453,38.589213],[-0.174404,38.589185],[-0.174355,38.589158],[-0.174316,38.589141],[-0.174257,38.589119],[-0.174199,38.589095],[-0.17416,38.589073],[-0.174121,38.589051],[-0.174092,38.589032],[-0.174078,38.589022],[-0.17406,38.589017],[-0.174044,38.589014],[-0.173993,38.589012],[-0.173958,38.58901],[-0.173923,38.589006],[-0.173904,38.589001],[-0.173888,38.588991],[-0.173857,38.588967],[-0.173784,38.588918],[-0.173746,38.588895],[-0.173705,38.588874],[-0.173675,38.58886],[-0.17363,38.588842],[-0.173582,38.58883],[-0.173518,38.588818],[-0.173486,38.588814],[-0.173454,38.588811],[-0.173416,38.588812],[-0.173379,38.588813],[-0.17332,38.588816],[-0.173261,38.588821],[-0.173209,38.588828],[-0.173191,38.588836],[-0.173162,38.588849],[-0.173112,38.588835],[-0.173096,38.588822],[-0.173074,38.588795],[-0.173061,38.588786],[-0.17304,38.588782],[-0.173023,38.588779],[-0.172985,38.588766],[-0.172947,38.588751],[-0.172871,38.58872],[-0.172829,38.588706],[-0.172786,38.588696],[-0.172735,38.588695],[-0.172683,38.588697],[-0.172653,38.5887],[-0.17261,38.588706],[-0.172564,38.58871],[-0.172492,38.588712],[-0.17242,38.588706],[-0.172284,38.588689],[-0.172219,38.588682],[-0.172154,38.588675],[-0.17213,38.588674],[-0.172094,38.588677],[-0.172057,38.588684],[-0.172017,38.588697],[-0.171978,38.588711],[-0.171934,38.588725],[-0.17189,38.588738],[-0.171865,38.58874],[-0.171839,38.588738],[-0.171812,38.588726],[-0.171799,38.588714],[-0.171777,38.588686],[-0.171762,38.588657],[-0.171731,38.588588],[-0.17171,38.588546],[-0.171698,38.588525],[-0.17168,38.588508],[-0.171656,38.588488],[-0.17163,38.588469],[-0.171615,38.588458],[-0.171596,38.588442],[-0.171584,38.588423],[-0.171575,38.588408],[-0.171563,38.588391],[-0.171551,38.588381],[-0.171525,38.588375],[-0.171492,38.588371],[-0.171386,38.58836],[-0.171333,38.588355],[-0.171307,38.588351],[-0.171283,38.588342],[-0.171215,38.588312],[-0.171152,38.588278],[-0.171131,38.588268],[-0.171108,38.588263],[-0.171076,38.588259],[-0.171043,38.588255],[-0.170987,38.588248],[-0.170931,38.588239],[-0.170887,38.588226],[-0.170843,38.58821],[-0.170796,38.588186],[-0.17075,38.588162],[-0.170705,38.588137],[-0.170665,38.588108],[-0.170636,38.588083],[-0.17061,38.588055],[-0.17057,38.588009],[-0.170532,38.587963],[-0.170503,38.587917],[-0.170475,38.587871],[-0.170455,38.58784],[-0.170432,38.58781],[-0.170417,38.587796],[-0.170389,38.587778],[-0.170357,38.587767],[-0.170308,38.587755],[-0.170258,38.587743],[-0.170212,38.587729],[-0.170168,38.587714],[-0.170151,38.587706],[-0.170128,38.587692],[-0.170104,38.587679],[-0.170071,38.587664],[-0.170037,38.587653],[-0.170004,38.58765],[-0.169971,38.587651],[-0.169948,38.587654],[-0.169922,38.587662],[-0.16988,38.587681],[-0.169868,38.587691],[-0.169858,38.587699],[-0.169557,38.587871],[-0.169488,38.587926],[-0.169418,38.588038],[-0.169374,38.588072],[-0.16933,38.588088],[-0.169057,38.588086],[-0.16902,38.588058],[-0.168954,38.58797],[-0.168909,38.587949],[-0.168785,38.587946],[-0.168649,38.587895],[-0.168569,38.587896],[-0.168489,38.587915],[-0.168394,38.58802],[-0.168307,38.588068],[-0.168301,38.58808],[-0.168285,38.588107],[-0.168276,38.588128],[-0.168267,38.588154],[-0.168258,38.588185],[-0.168244,38.588201],[-0.168203,38.588231],[-0.16819,38.58824],[-0.168152,38.588266],[-0.168122,38.588287],[-0.168106,38.588299],[-0.168092,38.588314],[-0.16807,38.588338],[-0.168049,38.588364],[-0.168023,38.588401],[-0.168001,38.588423],[-0.167978,38.588444],[-0.167892,38.588499],[-0.167807,38.588553],[-0.167769,38.588575],[-0.167731,38.588598],[-0.167682,38.588631],[-0.167664,38.588641],[-0.167647,38.588646],[-0.167619,38.588651],[-0.167591,38.588653],[-0.167538,38.588655],[-0.167508,38.588659],[-0.16748,38.588667],[-0.16745,38.588684],[-0.167422,38.588701],[-0.167347,38.58875],[-0.167307,38.588772],[-0.167263,38.588791],[-0.167225,38.588804],[-0.167186,38.588809],[-0.167159,38.58881],[-0.167126,38.588805],[-0.167092,38.588793],[-0.16706,38.588797],[-0.16704,38.588805],[-0.167006,38.588822],[-0.166989,38.588828],[-0.166976,38.588814],[-0.166973,38.588794],[-0.166963,38.588775],[-0.166947,38.588767],[-0.166925,38.588771],[-0.166911,38.58878],[-0.166879,38.588805],[-0.166854,38.588823],[-0.16684,38.588832],[-0.166825,38.588838],[-0.166797,38.588839],[-0.166737,38.588839],[-0.166705,38.588838],[-0.166685,38.588835],[-0.166654,38.588828],[-0.166624,38.588822],[-0.166598,38.588824],[-0.166572,38.588827],[-0.16655,38.58883],[-0.166518,38.588836],[-0.166495,38.588837],[-0.166463,38.588829],[-0.166409,38.588808],[-0.166377,38.588796],[-0.166336,38.588784],[-0.166293,38.588781],[-0.166255,38.588781],[-0.166217,38.588782],[-0.16615,38.588785],[-0.166083,38.588787],[-0.166045,38.588783],[-0.165965,38.58877]]},"properties":{"id_origen":"HY-N_WATERCOURSELINK_ES080HYWCLL0000008292411","local_id":"ES080HYWCLL0000008292411","nombre":null,"long_municipal_m":1234.05}},{"type":"Feature","id":178,"geometry":{"type":"LineString","coordinates":[[-0.083614,38.543534],[-0.084196,38.544103],[-0.084441,38.544328],[-0.084523,38.544377],[-0.084583,38.544495],[-0.084776,38.54462],[-0.084845,38.544678],[-0.085044,38.544755],[-0.085365,38.544907],[-0.085564,38.545017],[-0.085666,38.545057],[-0.085814,38.545141],[-0.086115,38.545271],[-0.086211,38.545307],[-0.086626,38.545411],[-0.086831,38.545553],[-0.086977,38.545614],[-0.087124,38.54573],[-0.087327,38.545928],[-0.08743,38.545987],[-0.087523,38.546003],[-0.087855,38.545993],[-0.088059,38.546004],[-0.088347,38.545963],[-0.08851,38.545951],[-0.088605,38.545945],[-0.088805,38.545959],[-0.089189,38.545943],[-0.089326,38.545919]]},"properties":{"id_origen":"HY-N_WATERCOURSELINK_ES080HYWCLL0000008297106","local_id":"ES080HYWCLL0000008297106","nombre":null,"long_municipal_m":605.36}},{"type":"Feature","id":179,"geometry":{"type":"LineString","coordinates":[[-0.097212,38.530742],[-0.09746,38.530743],[-0.097718,38.530766],[-0.097981,38.530806],[-0.098178,38.530803],[-0.098254,38.530821],[-0.098551,38.530932],[-0.09873,38.530948],[-0.099186,38.531051],[-0.099467,38.531006],[-0.099601,38.530937],[-0.099638,38.530907],[-0.099726,38.530792],[-0.099905,38.530699],[-0.099991,38.530646],[-0.100018,38.530612],[-0.100063,38.530594],[-0.100093,38.530515],[-0.100113,38.530508],[-0.100121,38.530505],[-0.100165,38.530487],[-0.100195,38.530475],[-0.100197,38.530474],[-0.100217,38.530467],[-0.100235,38.530461],[-0.100253,38.530456],[-0.100275,38.530448],[-0.100291,38.530441],[-0.100307,38.530435],[-0.100331,38.530425],[-0.100355,38.530413],[-0.100403,38.530387],[-0.100446,38.530364],[-0.100467,38.530353],[-0.100495,38.53034],[-0.100517,38.530334],[-0.100534,38.53033],[-0.100551,38.530326],[-0.100568,38.530321],[-0.100584,38.530316],[-0.100615,38.530307],[-0.100645,38.530297],[-0.100662,38.530289],[-0.100687,38.530278],[-0.100705,38.53027],[-0.100742,38.530253],[-0.100779,38.530237],[-0.100808,38.530224],[-0.100838,38.530212],[-0.100854,38.530207],[-0.10087,38.530204],[-0.100887,38.530202],[-0.100904,38.530201],[-0.100927,38.530196],[-0.100951,38.530187],[-0.100968,38.53018],[-0.100986,38.530173],[-0.101003,38.530167],[-0.101018,38.53016],[-0.101034,38.530154],[-0.101053,38.530146],[-0.101077,38.530136],[-0.101093,38.530128],[-0.101126,38.530112],[-0.101157,38.530094],[-0.10117,38.530085],[-0.101204,38.53006],[-0.101226,38.530045],[-0.10124,38.530034],[-0.101254,38.530023],[-0.101267,38.530014],[-0.101287,38.530001],[-0.101316,38.529984],[-0.101342,38.529964],[-0.101361,38.529949],[-0.101373,38.52994],[-0.101385,38.529931],[-0.101398,38.529921],[-0.101409,38.529909],[-0.10142,38.529894],[-0.101431,38.529878],[-0.101447,38.529854],[-0.101466,38.529829],[-0.101486,38.529821],[-0.10151,38.529813],[-0.101533,38.529807],[-0.101552,38.529803],[-0.101571,38.5298],[-0.101593,38.529801],[-0.101614,38.529802],[-0.101636,38.529805],[-0.101658,38.529808],[-0.101677,38.529811],[-0.101697,38.529813],[-0.101718,38.529815],[-0.101739,38.529815],[-0.101758,38.529815],[-0.101778,38.529816],[-0.101796,38.529818],[-0.101814,38.52982],[-0.101834,38.529822],[-0.101855,38.529824],[-0.101876,38.529825],[-0.101897,38.529825],[-0.101918,38.529826],[-0.101939,38.529826],[-0.101957,38.529821],[-0.101974,38.529815],[-0.10199,38.529808],[-0.102012,38.5298],[-0.102039,38.529793],[-0.102072,38.529794],[-0.102098,38.529793],[-0.102117,38.529789],[-0.102137,38.529782],[-0.102157,38.529775],[-0.102173,38.529771],[-0.102189,38.529766],[-0.102212,38.529762],[-0.102235,38.529757],[-0.102252,38.529753],[-0.10227,38.529749],[-0.102287,38.529742],[-0.10231,38.529733],[-0.102332,38.529722],[-0.102352,38.52971],[-0.102371,38.529697],[-0.102387,38.529687],[-0.102402,38.529676],[-0.102419,38.529666],[-0.102435,38.529655],[-0.102464,38.529637],[-0.102495,38.529615],[-0.102501,38.529597],[-0.102503,38.529573],[-0.102507,38.529554],[-0.102514,38.529541],[-0.102529,38.529533],[-0.102544,38.529526],[-0.102562,38.529519],[-0.102581,38.529516],[-0.10276,38.529389],[-0.102819,38.529329],[-0.102827,38.529321],[-0.102865,38.529273],[-0.102868,38.529269],[-0.102957,38.529152],[-0.102974,38.52913],[-0.102973,38.529071],[-0.102896,38.528953],[-0.102888,38.528849],[-0.102908,38.528802],[-0.102971,38.52875],[-0.103085,38.528721],[-0.103303,38.528601],[-0.103462,38.528576],[-0.103605,38.528586],[-0.10378,38.528509],[-0.103816,38.528326],[-0.1038,38.528102],[-0.103814,38.52796],[-0.103843,38.527934]]},"properties":{"id_origen":"HY-N_WATERCOURSELINK_ES080HYWCLL0000008294810","local_id":"ES080HYWCLL0000008294810","nombre":null,"long_municipal_m":783.03}},{"type":"Feature","id":180,"geometry":{"type":"LineString","coordinates":[[-0.173337,38.557],[-0.173353,38.556838],[-0.173266,38.556573],[-0.173218,38.556505],[-0.172936,38.556235],[-0.172839,38.556204],[-0.17259,38.55617],[-0.17236,38.5561],[-0.172273,38.55603],[-0.172059,38.555772],[-0.171979,38.555723],[-0.171884,38.555699],[-0.171702,38.555676],[-0.171219,38.555642],[-0.170969,38.555566],[-0.170438,38.55538],[-0.170378,38.555345],[-0.170126,38.555121],[-0.170061,38.555099],[-0.169834,38.555066],[-0.169727,38.555037],[-0.169698,38.555012],[-0.169646,38.554923],[-0.169629,38.554901],[-0.169586,38.554847],[-0.169554,38.554806],[-0.169506,38.554746],[-0.169484,38.554718],[-0.169466,38.554696],[-0.169442,38.554665],[-0.169421,38.55464],[-0.169401,38.554614],[-0.169356,38.554555],[-0.169275,38.554456],[-0.169238,38.554411],[-0.169108,38.554283],[-0.169095,38.554271],[-0.169083,38.554261],[-0.169072,38.554252],[-0.169057,38.554241],[-0.169039,38.554227],[-0.168986,38.554188],[-0.168929,38.55414],[-0.168894,38.554111],[-0.16886,38.554081],[-0.168832,38.554054],[-0.168802,38.554023],[-0.168784,38.554003],[-0.168771,38.553988],[-0.168759,38.553973],[-0.168746,38.553952],[-0.168731,38.553928],[-0.16872,38.553907],[-0.168707,38.553882],[-0.168699,38.553865],[-0.16869,38.553847],[-0.168671,38.553802],[-0.168657,38.553761],[-0.168652,38.553746],[-0.168648,38.55373],[-0.168643,38.553715],[-0.168637,38.553695],[-0.168631,38.55367],[-0.168626,38.55365],[-0.16862,38.553627],[-0.16861,38.55358],[-0.168605,38.553557]]},"properties":{"id_origen":"HY-N_WATERCOURSELINK_ES080HYWCLL0000008295759","local_id":"ES080HYWCLL0000008295759","nombre":null,"long_municipal_m":613.22}},{"type":"Feature","id":181,"geometry":{"type":"LineString","coordinates":[[-0.156108,38.557465],[-0.156148,38.557412],[-0.156208,38.557405],[-0.156277,38.557347],[-0.156514,38.557341],[-0.15657,38.557326],[-0.156894,38.557098],[-0.157012,38.557048],[-0.157222,38.556987],[-0.157282,38.556948],[-0.157281,38.556879],[-0.157446,38.556511],[-0.157485,38.556387],[-0.157483,38.556325],[-0.1574,38.556115],[-0.157353,38.556003],[-0.15732,38.555925],[-0.157301,38.55588],[-0.157283,38.555841],[-0.157272,38.555809],[-0.157257,38.555774],[-0.157236,38.555723],[-0.157206,38.555651],[-0.157198,38.555633],[-0.15713,38.555469],[-0.157149,38.555373],[-0.157238,38.55531],[-0.157364,38.555139],[-0.157401,38.555055],[-0.157392,38.554977],[-0.157403,38.554946],[-0.157826,38.554538],[-0.158048,38.55436],[-0.15812,38.554283],[-0.158429,38.553695],[-0.158464,38.553649],[-0.158469,38.553642],[-0.158482,38.553628],[-0.158518,38.553577],[-0.158604,38.553443],[-0.158623,38.553362],[-0.158578,38.552919],[-0.158551,38.552789],[-0.158515,38.552695],[-0.158523,38.552668],[-0.158602,38.552585],[-0.158595,38.552429],[-0.158597,38.552386],[-0.158599,38.552371],[-0.1586,38.552359],[-0.158602,38.552304],[-0.158594,38.552246],[-0.158548,38.552138],[-0.158541,38.552053],[-0.158556,38.551974],[-0.158636,38.551858],[-0.158647,38.551372],[-0.158616,38.551182],[-0.158662,38.551038],[-0.158636,38.550983],[-0.158555,38.550904]]},"properties":{"id_origen":"HY-N_WATERCOURSELINK_ES080HYWCLL0000008295762","local_id":"ES080HYWCLL0000008295762","nombre":null,"long_municipal_m":851.06}},{"type":"Feature","id":182,"geometry":{"type":"LineString","coordinates":[[-0.164453,38.550428],[-0.164429,38.550438],[-0.164404,38.550448],[-0.164336,38.550476],[-0.164311,38.550479],[-0.16429,38.550477],[-0.164268,38.550475],[-0.164244,38.550472],[-0.16422,38.550466],[-0.164203,38.550456],[-0.164186,38.550443],[-0.16417,38.550428],[-0.164147,38.550403],[-0.164136,38.550393],[-0.164124,38.550382],[-0.164112,38.550371],[-0.164099,38.550358],[-0.164075,38.550336],[-0.164064,38.550326],[-0.164053,38.550316],[-0.164018,38.550283],[-0.163988,38.550254],[-0.163952,38.550223],[-0.163921,38.550197],[-0.163898,38.550174],[-0.163675,38.549965],[-0.163669,38.549959],[-0.163634,38.549933],[-0.163606,38.549913],[-0.163558,38.549878],[-0.163544,38.549872],[-0.163454,38.549804],[-0.163381,38.549753],[-0.163108,38.549555],[-0.163035,38.549505],[-0.162876,38.549391],[-0.162863,38.549382],[-0.162814,38.549344],[-0.162781,38.549324],[-0.162742,38.5493],[-0.162623,38.549226],[-0.162591,38.549206],[-0.162555,38.549184],[-0.162482,38.549139],[-0.162339,38.549047],[-0.162313,38.54903],[-0.162253,38.54896],[-0.162234,38.548936],[-0.162219,38.548917],[-0.162202,38.548893],[-0.162187,38.548867],[-0.162171,38.548836],[-0.162143,38.548784],[-0.162117,38.548736],[-0.161969,38.548473],[-0.161953,38.548445],[-0.161902,38.548352],[-0.161867,38.548287],[-0.161823,38.548203],[-0.161805,38.548166],[-0.161791,38.548137],[-0.161773,38.548094],[-0.161767,38.548081],[-0.161754,38.548047],[-0.161742,38.548014],[-0.161732,38.547987],[-0.161721,38.547953],[-0.161707,38.547912],[-0.161692,38.547864],[-0.161656,38.547754],[-0.161647,38.547727],[-0.161638,38.547703],[-0.16163,38.547682],[-0.161618,38.547658],[-0.161602,38.547628],[-0.161587,38.547578],[-0.16158,38.547564],[-0.161566,38.547532],[-0.161536,38.547462],[-0.161513,38.547406],[-0.161495,38.547365],[-0.161483,38.547336],[-0.161469,38.547305]]},"properties":{"id_origen":"HY-N_WATERCOURSELINK_ES080HYWCLL0000008295749","local_id":"ES080HYWCLL0000008295749","nombre":null,"long_municipal_m":458.89}},{"type":"Feature","id":183,"geometry":{"type":"LineString","coordinates":[[-0.168605,38.553557],[-0.168594,38.553541],[-0.16858,38.553519],[-0.168571,38.553506],[-0.16856,38.553488],[-0.168549,38.553471],[-0.168534,38.553445],[-0.168516,38.553414],[-0.168504,38.553391],[-0.168498,38.553378],[-0.168492,38.553365],[-0.168485,38.553349],[-0.168421,38.553175],[-0.168398,38.55311],[-0.168363,38.553008],[-0.168357,38.552991],[-0.16835,38.55297],[-0.168345,38.552956],[-0.168337,38.552936],[-0.168327,38.552916],[-0.168318,38.5529],[-0.168308,38.552884],[-0.168299,38.552871],[-0.168286,38.552855],[-0.168269,38.552836],[-0.168256,38.552828],[-0.168243,38.552819],[-0.168225,38.552809],[-0.168206,38.5528],[-0.168187,38.552791],[-0.168162,38.55278],[-0.168131,38.55277],[-0.168077,38.552753],[-0.168042,38.552744],[-0.16801,38.552737],[-0.167981,38.552731],[-0.167952,38.552725],[-0.167933,38.55272],[-0.167908,38.552713],[-0.167884,38.552702],[-0.167865,38.552688],[-0.167833,38.552664],[-0.167807,38.552643],[-0.167772,38.552615],[-0.167726,38.552576],[-0.167688,38.552545],[-0.167663,38.552523],[-0.167644,38.552506],[-0.167577,38.552448],[-0.167563,38.552437],[-0.167551,38.552427],[-0.167531,38.552415],[-0.167508,38.552408],[-0.16749,38.552404],[-0.16747,38.552403],[-0.16745,38.552403],[-0.167429,38.552404],[-0.167394,38.552406],[-0.16733,38.55241],[-0.167312,38.552409],[-0.16729,38.552407],[-0.167271,38.552404],[-0.167225,38.552389],[-0.16719,38.552376],[-0.167156,38.552363],[-0.167128,38.552351],[-0.167099,38.552339],[-0.167071,38.552325],[-0.167057,38.552318],[-0.167039,38.552305],[-0.167023,38.552291],[-0.167012,38.55228],[-0.166996,38.552262],[-0.166972,38.552239],[-0.166951,38.552223],[-0.166934,38.552214],[-0.166904,38.552205],[-0.166869,38.552196],[-0.166814,38.552183],[-0.166774,38.552173],[-0.166728,38.552161],[-0.166699,38.552154],[-0.166658,38.552145],[-0.166612,38.552133],[-0.166584,38.552124],[-0.166561,38.552116],[-0.166539,38.552108],[-0.166513,38.552095],[-0.1665,38.552075],[-0.166496,38.552054],[-0.166493,38.552033],[-0.166488,38.552018],[-0.166477,38.552001],[-0.166463,38.551981],[-0.166447,38.551957],[-0.166384,38.551866],[-0.166373,38.55185],[-0.166358,38.551825],[-0.166346,38.551804],[-0.166318,38.551756],[-0.166309,38.551742],[-0.166295,38.551724],[-0.166282,38.551713],[-0.166267,38.551699],[-0.166248,38.551684],[-0.166226,38.551666],[-0.166199,38.551646],[-0.166172,38.551626],[-0.166155,38.551613],[-0.166128,38.551593],[-0.166096,38.551571],[-0.166028,38.551522],[-0.166007,38.551507],[-0.165988,38.551494],[-0.165972,38.551485],[-0.165954,38.551475],[-0.165936,38.551465],[-0.165887,38.551437],[-0.165872,38.551427],[-0.165859,38.551417],[-0.165848,38.551407],[-0.165831,38.55139],[-0.16582,38.551371],[-0.165814,38.551356],[-0.165808,38.55134],[-0.165804,38.551324],[-0.165799,38.551303],[-0.165793,38.551276],[-0.165781,38.551222],[-0.165776,38.551206],[-0.165768,38.551185],[-0.165751,38.551155],[-0.165718,38.551099],[-0.1657,38.551071],[-0.165687,38.551051],[-0.165674,38.551031],[-0.165655,38.551002],[-0.165626,38.55096],[-0.165613,38.550942],[-0.165599,38.550926],[-0.165586,38.550914],[-0.165572,38.550903],[-0.165555,38.55089],[-0.165527,38.550872],[-0.165504,38.550858],[-0.165476,38.550844],[-0.165409,38.55081],[-0.16529,38.550752],[-0.16524,38.550729],[-0.165218,38.550719],[-0.165198,38.550713],[-0.165177,38.550707],[-0.165151,38.5507],[-0.165075,38.55068],[-0.16505,38.550671],[-0.16503,38.550658],[-0.165014,38.550644],[-0.165002,38.550632],[-0.164953,38.550585],[-0.164932,38.550572],[-0.164888,38.550556],[-0.164864,38.550549],[-0.164826,38.550536],[-0.164725,38.550503],[-0.164666,38.550484],[-0.164619,38.550469],[-0.164497,38.55043],[-0.164478,38.550428],[-0.164453,38.550428]]},"properties":{"id_origen":"HY-N_WATERCOURSELINK_ES080HYWCLL0000008295750","local_id":"ES080HYWCLL0000008295750","nombre":null,"long_municipal_m":538.4}},{"type":"Feature","id":184,"geometry":{"type":"LineString","coordinates":[[-0.173181,38.554808],[-0.173116,38.554806],[-0.173086,38.554805],[-0.173069,38.554804],[-0.173051,38.554803],[-0.173028,38.554801],[-0.172997,38.554796],[-0.172966,38.554791],[-0.172733,38.554746],[-0.172691,38.554738],[-0.172533,38.554707],[-0.172509,38.554702],[-0.17247,38.554693],[-0.172449,38.554687],[-0.172424,38.554679],[-0.172404,38.554672],[-0.17238,38.55466],[-0.172361,38.554651],[-0.172343,38.55464],[-0.172324,38.554629],[-0.172302,38.554614],[-0.172278,38.554594],[-0.17226,38.554577],[-0.172244,38.554561],[-0.172228,38.554544],[-0.172215,38.554526],[-0.172199,38.554503],[-0.172182,38.554476],[-0.172159,38.55444],[-0.172141,38.554411],[-0.172135,38.554392],[-0.172133,38.554377],[-0.172132,38.554362],[-0.172128,38.554331],[-0.172121,38.554314],[-0.17211,38.554296],[-0.172093,38.554285],[-0.172077,38.554277],[-0.172062,38.55427],[-0.172048,38.554265],[-0.172024,38.554258],[-0.171999,38.554251],[-0.171983,38.554247],[-0.171966,38.554243],[-0.171937,38.554237],[-0.171916,38.554229],[-0.171892,38.554215],[-0.171874,38.554204],[-0.171808,38.554174],[-0.171709,38.554127],[-0.171654,38.554102],[-0.171506,38.554033],[-0.171466,38.554015],[-0.171376,38.553973],[-0.171296,38.553934],[-0.171257,38.553924],[-0.171097,38.553875],[-0.171077,38.55387],[-0.171055,38.553867],[-0.171035,38.553868],[-0.171009,38.55387],[-0.170983,38.553872],[-0.170944,38.553875],[-0.170857,38.553882],[-0.17074,38.553891],[-0.170649,38.553898],[-0.170607,38.553901],[-0.17008,38.553951],[-0.170011,38.553958],[-0.169951,38.553966],[-0.16992,38.553974],[-0.1699,38.553977],[-0.169766,38.553986],[-0.169635,38.553874],[-0.169472,38.55379],[-0.169004,38.553643],[-0.168685,38.553618],[-0.168643,38.553598],[-0.168605,38.553557]]},"properties":{"id_origen":"HY-N_WATERCOURSELINK_ES080HYWCLL0000008295751","local_id":"ES080HYWCLL0000008295751","nombre":null,"long_municipal_m":452.9}},{"type":"Feature","id":185,"geometry":{"type":"LineString","coordinates":[[-0.158555,38.550904],[-0.15837,38.550751],[-0.158363,38.55074],[-0.158359,38.550735],[-0.158243,38.550686],[-0.157951,38.550586],[-0.157446,38.550706]]},"properties":{"id_origen":"HY-N_WATERCOURSELINK_ES080HYWCLL0000008295760","local_id":"ES080HYWCLL0000008295760","nombre":null,"long_municipal_m":110.52}},{"type":"Feature","id":186,"geometry":{"type":"LineString","coordinates":[[-0.152008,38.569007],[-0.151992,38.569005],[-0.151909,38.568992],[-0.151817,38.568959],[-0.151739,38.568918],[-0.151559,38.56879],[-0.151399,38.568679],[-0.151202,38.568541],[-0.151037,38.568465]]},"properties":{"id_origen":"HY-N_WATERCOURSELINK_ES080HYWCLL0000008295761","local_id":"ES080HYWCLL0000008295761","nombre":null,"long_municipal_m":105.13}},{"type":"Feature","id":187,"geometry":{"type":"LineString","coordinates":[[-0.171624,38.558775],[-0.171519,38.558681],[-0.171363,38.558623],[-0.171343,38.558609],[-0.171322,38.558598],[-0.171305,38.558588],[-0.171267,38.558566],[-0.171247,38.558552],[-0.171173,38.558519],[-0.171148,38.558507],[-0.171075,38.558469],[-0.171036,38.558452],[-0.171005,38.558442],[-0.170972,38.558429],[-0.170922,38.558412],[-0.170798,38.55839],[-0.170779,38.558387],[-0.170755,38.558383],[-0.170682,38.558369],[-0.170634,38.558363],[-0.170571,38.558358],[-0.170552,38.558358],[-0.170491,38.558359],[-0.17047,38.558354],[-0.17045,38.558337],[-0.170439,38.558326],[-0.170411,38.5583],[-0.170371,38.558267],[-0.170292,38.558203],[-0.170272,38.558189],[-0.170161,38.558124],[-0.17013,38.55811],[-0.170082,38.558093],[-0.170048,38.558076],[-0.170021,38.558064],[-0.169993,38.558055],[-0.169949,38.558039],[-0.169924,38.558016],[-0.169881,38.557974],[-0.169863,38.557945],[-0.169847,38.557917],[-0.16984,38.557897],[-0.169835,38.557879],[-0.169832,38.557856],[-0.169829,38.557832],[-0.169825,38.557814],[-0.169822,38.557789],[-0.169814,38.557745],[-0.169808,38.557729],[-0.169796,38.557697],[-0.169773,38.557648],[-0.169754,38.557629],[-0.169734,38.557619],[-0.169696,38.557607],[-0.169682,38.557597],[-0.169661,38.557575],[-0.169646,38.557557],[-0.16963,38.557541],[-0.169608,38.557517],[-0.1696,38.557506],[-0.169588,38.55749],[-0.169562,38.55746],[-0.16955,38.557449],[-0.169529,38.557427],[-0.169477,38.557375],[-0.16946,38.557373],[-0.169416,38.557367],[-0.169396,38.557363],[-0.169317,38.557353],[-0.169299,38.557344],[-0.169286,38.557335],[-0.169212,38.557288],[-0.169164,38.557263],[-0.169139,38.557253],[-0.169101,38.557256],[-0.16906,38.557272],[-0.169044,38.557279],[-0.169013,38.557292],[-0.168996,38.557298],[-0.168976,38.5573],[-0.168965,38.557291],[-0.168957,38.557269],[-0.168949,38.557249],[-0.168945,38.557232],[-0.168932,38.557194],[-0.168926,38.557173],[-0.168926,38.557154],[-0.168929,38.55714],[-0.168928,38.557124],[-0.16891,38.557083],[-0.168881,38.557027],[-0.168868,38.557014],[-0.168837,38.556982],[-0.168827,38.556968],[-0.168701,38.55684],[-0.168661,38.556785],[-0.168642,38.556751],[-0.168618,38.556712],[-0.168587,38.556674],[-0.168571,38.556653],[-0.168551,38.556634],[-0.168514,38.556603],[-0.168489,38.556584],[-0.168451,38.556552],[-0.168413,38.556501],[-0.168401,38.556482],[-0.168392,38.556462],[-0.16838,38.556439],[-0.168371,38.556406],[-0.168361,38.556366],[-0.168354,38.556339],[-0.168356,38.556254],[-0.16835,38.556238],[-0.16833,38.556182],[-0.168319,38.556164],[-0.168311,38.556153],[-0.168297,38.556138],[-0.16827,38.556109],[-0.168244,38.556072],[-0.16822,38.556035],[-0.168207,38.55601],[-0.168193,38.555982],[-0.168179,38.555961],[-0.16817,38.555948],[-0.168125,38.555857],[-0.168116,38.555844],[-0.1681,38.555831],[-0.168081,38.55582],[-0.168067,38.555813],[-0.16804,38.5558],[-0.168005,38.555782],[-0.167978,38.555763],[-0.167921,38.555716],[-0.16787,38.555675],[-0.167842,38.555652],[-0.167814,38.55563],[-0.167719,38.555556],[-0.167694,38.555538],[-0.167645,38.555501],[-0.167572,38.555448],[-0.167539,38.555424],[-0.167516,38.555407],[-0.167494,38.55539],[-0.167444,38.555351],[-0.167416,38.555335],[-0.167396,38.555327],[-0.167376,38.555322],[-0.167346,38.555316],[-0.167281,38.555304],[-0.167228,38.555288],[-0.167165,38.55527],[-0.167069,38.555242],[-0.167051,38.555241],[-0.166908,38.555196],[-0.16683,38.555173],[-0.166755,38.555152],[-0.16667,38.555127],[-0.166594,38.555105],[-0.166522,38.555084],[-0.166333,38.55503],[-0.166167,38.554981],[-0.166024,38.55494],[-0.165963,38.554897],[-0.165944,38.554881],[-0.165927,38.554864],[-0.165908,38.554843],[-0.165885,38.554819],[-0.165866,38.554804],[-0.165846,38.554793],[-0.165825,38.554783],[-0.165792,38.554765],[-0.165773,38.554749],[-0.165754,38.554724],[-0.165741,38.554706],[-0.165728,38.554687],[-0.165701,38.554651],[-0.165692,38.554638],[-0.165666,38.554602],[-0.165588,38.554495],[-0.165552,38.554448],[-0.165537,38.554429],[-0.165524,38.554415],[-0.165509,38.554402],[-0.165489,38.554386],[-0.165467,38.55437],[-0.165435,38.554347],[-0.165381,38.554307],[-0.165366,38.554295],[-0.165347,38.554278],[-0.165333,38.554262],[-0.165308,38.55423],[-0.165288,38.554203],[-0.165244,38.554143],[-0.165207,38.554096],[-0.165153,38.554032],[-0.165103,38.553973],[-0.165042,38.553902],[-0.16499,38.553843],[-0.164972,38.553822],[-0.164936,38.55378],[-0.164905,38.553746],[-0.164891,38.553732],[-0.16488,38.553722],[-0.164863,38.553709],[-0.164849,38.553701],[-0.164835,38.553693],[-0.164821,38.553686],[-0.164803,38.55368],[-0.164776,38.553673],[-0.164754,38.553669],[-0.164726,38.553666],[-0.1647,38.553665],[-0.164674,38.553665],[-0.164654,38.553665],[-0.164633,38.553666],[-0.164607,38.553666],[-0.164571,38.553665],[-0.164553,38.553666],[-0.164533,38.553666],[-0.164456,38.553669],[-0.164427,38.553669],[-0.164405,38.553668],[-0.164389,38.553666],[-0.164372,38.553664],[-0.164351,38.553659],[-0.164328,38.553646],[-0.16431,38.553635],[-0.164295,38.553623],[-0.16428,38.553611],[-0.164216,38.55356],[-0.1642,38.553551],[-0.164182,38.553542],[-0.164134,38.553521],[-0.164085,38.5535],[-0.163977,38.553451],[-0.163941,38.553434],[-0.163893,38.553409],[-0.16386,38.553392],[-0.163824,38.553371],[-0.163787,38.553348],[-0.163765,38.553332],[-0.163753,38.55332],[-0.163734,38.553301],[-0.163718,38.553285],[-0.163685,38.553252],[-0.163667,38.553238],[-0.163649,38.553211],[-0.163617,38.553177],[-0.16361,38.55317],[-0.163549,38.55308],[-0.163482,38.553031],[-0.163407,38.552983],[-0.163341,38.552952],[-0.163288,38.552922],[-0.163218,38.552907],[-0.163198,38.552905],[-0.163096,38.552897],[-0.162997,38.552853],[-0.162906,38.552831],[-0.162388,38.552799],[-0.162022,38.552712],[-0.161512,38.552563],[-0.161293,38.552511],[-0.161212,38.552469],[-0.161151,38.552413],[-0.161021,38.552212],[-0.160892,38.552157],[-0.16078,38.55212],[-0.160724,38.552106],[-0.160619,38.552107],[-0.160425,38.551995],[-0.1604,38.551984],[-0.160388,38.551972],[-0.160381,38.551965],[-0.160343,38.551943],[-0.160238,38.551879],[-0.160014,38.551789],[-0.159811,38.55161],[-0.159593,38.551459],[-0.159501,38.551346],[-0.159429,38.551168],[-0.159356,38.551031],[-0.159266,38.550935],[-0.159206,38.550917],[-0.158683,38.550915],[-0.158555,38.550904]]},"properties":{"id_origen":"HY-N_WATERCOURSELINK_ES080HYWCLL0000008295753","local_id":"ES080HYWCLL0000008295753","nombre":null,"long_municipal_m":1549.04}},{"type":"Feature","id":188,"geometry":{"type":"LineString","coordinates":[[-0.161469,38.547305],[-0.161412,38.547171],[-0.16147,38.546578],[-0.16085,38.546831],[-0.159945,38.546964],[-0.159359,38.546899],[-0.158237,38.54675],[-0.15748,38.546594]]},"properties":{"id_origen":"HY-N_WATERCOURSELINK_ES080HYWCLL0000008295755","local_id":"ES080HYWCLL0000008295755","nombre":null,"long_municipal_m":441.26}},{"type":"Feature","id":189,"geometry":{"type":"LineString","coordinates":[[-0.169988,38.549771],[-0.169737,38.549657],[-0.169473,38.549654],[-0.169388,38.549623],[-0.169247,38.549477],[-0.168968,38.549107],[-0.168864,38.549038],[-0.168836,38.54901],[-0.168826,38.548996],[-0.168817,38.548976],[-0.168809,38.54896],[-0.1688,38.548939],[-0.168773,38.548882],[-0.16876,38.548851],[-0.168745,38.548818],[-0.168739,38.548804],[-0.168729,38.548783],[-0.16867,38.54866],[-0.168662,38.54864],[-0.168654,38.54862],[-0.168655,38.548593],[-0.168658,38.54852],[-0.168658,38.548427],[-0.168669,38.548167],[-0.168683,38.547818],[-0.168685,38.547767],[-0.168686,38.547747],[-0.168688,38.547704],[-0.168688,38.547679],[-0.168693,38.547535],[-0.168695,38.547507],[-0.168698,38.547473],[-0.168702,38.547448],[-0.168711,38.547427],[-0.16872,38.547409],[-0.168726,38.547397],[-0.168739,38.547379],[-0.168761,38.547363],[-0.168779,38.547353],[-0.16883,38.547327],[-0.168859,38.547319],[-0.169059,38.547258],[-0.169145,38.547232],[-0.169179,38.54722],[-0.169266,38.547192],[-0.169291,38.547185],[-0.169318,38.547176],[-0.169343,38.547167],[-0.169371,38.547158],[-0.169392,38.547151],[-0.16941,38.547143],[-0.169436,38.547133],[-0.169458,38.547125],[-0.169485,38.547114],[-0.169529,38.547096],[-0.169559,38.547082],[-0.169594,38.547063],[-0.169657,38.547029],[-0.169672,38.54702],[-0.169735,38.54698],[-0.169762,38.546961],[-0.169785,38.546945],[-0.169811,38.546924],[-0.169965,38.5468],[-0.16999,38.54678],[-0.170006,38.546767],[-0.170081,38.546708],[-0.170095,38.546695],[-0.170134,38.54666],[-0.170152,38.546635],[-0.170179,38.54659],[-0.170189,38.546571],[-0.170196,38.546514],[-0.170195,38.546491],[-0.170193,38.546469],[-0.170184,38.546446],[-0.170174,38.546427],[-0.170162,38.546391],[-0.170163,38.546348],[-0.170165,38.546277],[-0.170167,38.546248],[-0.17017,38.546236],[-0.170174,38.546221],[-0.17018,38.546202],[-0.170188,38.546178],[-0.170209,38.546118],[-0.170213,38.546104],[-0.170216,38.546087],[-0.170224,38.546052],[-0.170229,38.546032],[-0.170238,38.545993],[-0.170239,38.545979],[-0.17024,38.545964],[-0.170241,38.545903],[-0.170242,38.545857],[-0.170243,38.54582],[-0.170244,38.545804],[-0.170245,38.545777],[-0.170249,38.545745],[-0.170255,38.545722],[-0.170265,38.545691],[-0.170276,38.545656],[-0.170288,38.545619],[-0.170293,38.545597],[-0.170314,38.545518],[-0.170316,38.545503],[-0.170319,38.545478],[-0.170327,38.545422],[-0.17033,38.545405],[-0.170336,38.545365],[-0.170339,38.545343],[-0.170345,38.545303],[-0.170347,38.545283],[-0.170368,38.545205],[-0.170374,38.545184],[-0.170391,38.545124],[-0.170405,38.545055],[-0.170421,38.544965],[-0.17042,38.54491],[-0.170424,38.544876],[-0.170438,38.544824],[-0.170447,38.544762],[-0.17046,38.544702],[-0.170464,38.544685],[-0.170461,38.544632],[-0.170461,38.544604],[-0.170455,38.544584],[-0.170425,38.544488],[-0.170287,38.544275],[-0.170274,38.544212],[-0.170265,38.544169],[-0.170257,38.544134],[-0.170254,38.544121],[-0.170242,38.544062],[-0.170232,38.544016],[-0.17022,38.543961],[-0.170217,38.543946],[-0.170208,38.543887],[-0.170196,38.543852],[-0.17018,38.543758],[-0.169983,38.542861],[-0.169957,38.542793],[-0.169924,38.542645],[-0.169843,38.542009]]},"properties":{"id_origen":"HY-N_WATERCOURSELINK_ES080HYWCLL0000008296317","local_id":"ES080HYWCLL0000008296317","nombre":null,"long_municipal_m":1000.53}},{"type":"Feature","id":190,"geometry":{"type":"LineString","coordinates":[[-0.079345,38.540421],[-0.079495,38.540631],[-0.079612,38.540915],[-0.079645,38.541],[-0.079654,38.54102],[-0.079673,38.541042],[-0.079685,38.541053],[-0.079703,38.541062],[-0.079727,38.541071],[-0.079751,38.541083],[-0.079754,38.541098],[-0.079767,38.541122],[-0.079784,38.541145],[-0.079806,38.541173],[-0.079827,38.541201],[-0.079887,38.541283],[-0.079975,38.541407],[-0.080019,38.541468],[-0.080065,38.54153],[-0.080084,38.541551],[-0.080118,38.541578],[-0.080154,38.541604],[-0.080171,38.541615],[-0.080188,38.541625],[-0.08022,38.541655],[-0.080253,38.54169],[-0.080264,38.541702],[-0.080287,38.541725],[-0.08031,38.541747],[-0.080346,38.541773],[-0.080401,38.541809],[-0.080427,38.541829],[-0.080451,38.54185],[-0.080474,38.541872],[-0.080497,38.541895],[-0.08054,38.541935],[-0.080583,38.541975],[-0.080614,38.542004],[-0.080661,38.542045],[-0.080686,38.542066],[-0.080711,38.542086],[-0.080757,38.542115],[-0.080829,38.542157],[-0.080903,38.542198],[-0.08094,38.542215],[-0.080998,38.542239],[-0.081026,38.542252],[-0.08105,38.542267],[-0.081065,38.542284],[-0.081081,38.542308],[-0.081099,38.542338],[-0.081108,38.542353],[-0.081118,38.542368],[-0.081132,38.542389],[-0.081147,38.54241],[-0.081159,38.542435],[-0.081164,38.542452],[-0.081169,38.542475],[-0.081165,38.542499],[-0.081161,38.542518],[-0.081156,38.542537],[-0.081128,38.542644],[-0.081099,38.54275],[-0.08108,38.542799],[-0.081068,38.542823],[-0.081055,38.542846],[-0.081039,38.542866],[-0.081022,38.542885],[-0.081003,38.542907],[-0.080983,38.542928],[-0.080972,38.542949],[-0.08096,38.542981],[-0.080953,38.542997],[-0.080945,38.543012],[-0.080918,38.543048],[-0.080891,38.543084],[-0.08087,38.543113],[-0.080848,38.543141],[-0.080831,38.543156],[-0.080802,38.543175],[-0.080772,38.543193],[-0.080739,38.543215],[-0.080706,38.543237],[-0.080688,38.54325],[-0.080668,38.543274],[-0.080649,38.543299],[-0.080632,38.54333],[-0.080625,38.543362],[-0.080624,38.54338],[-0.080625,38.543407],[-0.080623,38.543433],[-0.080611,38.54347],[-0.080589,38.543524],[-0.080578,38.543551],[-0.080569,38.543578],[-0.080561,38.543625],[-0.08055,38.543697],[-0.080538,38.543767],[-0.080521,38.543818],[-0.080512,38.543843],[-0.080505,38.543868],[-0.080504,38.543895],[-0.080506,38.543922],[-0.080508,38.543941],[-0.080513,38.543958],[-0.080526,38.543975],[-0.080539,38.543991],[-0.080598,38.54407],[-0.080657,38.544149],[-0.080688,38.544186],[-0.080738,38.544241],[-0.080789,38.544301],[-0.080796,38.544325],[-0.0808,38.544355],[-0.080804,38.544369],[-0.080814,38.544381],[-0.080861,38.544426],[-0.080868,38.544442],[-0.080875,38.544458],[-0.080878,38.544478],[-0.080878,38.544499],[-0.080876,38.544512],[-0.080863,38.544539],[-0.080847,38.544565],[-0.08083,38.544591],[-0.080809,38.544616],[-0.080793,38.544633],[-0.080775,38.544648],[-0.08076,38.544655],[-0.080734,38.544665],[-0.080701,38.544677],[-0.080685,38.544684],[-0.080639,38.544699],[-0.080589,38.544708],[-0.080551,38.544714],[-0.080513,38.544718],[-0.080488,38.544719],[-0.080463,38.544716],[-0.080425,38.54471],[-0.080387,38.544704],[-0.080345,38.544695],[-0.080304,38.544687],[-0.08027,38.544682],[-0.080236,38.544678],[-0.0802,38.54468],[-0.080164,38.544684],[-0.080134,38.544688],[-0.080104,38.544694],[-0.080088,38.544699],[-0.080077,38.54471],[-0.080061,38.544731],[-0.080048,38.544753],[-0.08004,38.544778],[-0.080031,38.544803],[-0.080024,38.544821],[-0.080018,38.544839],[-0.080012,38.544858],[-0.080006,38.544877],[-0.080006,38.544892],[-0.08001,38.544907],[-0.080018,38.544932],[-0.080027,38.544958],[-0.080038,38.544989],[-0.080047,38.545014],[-0.080061,38.54505],[-0.080072,38.545081],[-0.080084,38.545108],[-0.080103,38.545133],[-0.080122,38.545155],[-0.080145,38.545176],[-0.080166,38.545194],[-0.080188,38.54521],[-0.08022,38.545227],[-0.080252,38.545244],[-0.080291,38.545264],[-0.08033,38.545285],[-0.080369,38.545308],[-0.080404,38.545335],[-0.080428,38.545356],[-0.080448,38.54538],[-0.080458,38.545394],[-0.080467,38.545415],[-0.080467,38.545431],[-0.080463,38.545454],[-0.080451,38.545476],[-0.080438,38.545494],[-0.080425,38.545512],[-0.080409,38.545537],[-0.080393,38.545561],[-0.080374,38.545593],[-0.080357,38.545626],[-0.080338,38.545667],[-0.080319,38.545708],[-0.080308,38.545733],[-0.080293,38.545762],[-0.080281,38.545774],[-0.080264,38.545782],[-0.080246,38.545786],[-0.080218,38.545783],[-0.08019,38.54578],[-0.080152,38.545776],[-0.080114,38.545771],[-0.080056,38.545762],[-0.079999,38.545751],[-0.079957,38.545744],[-0.079916,38.545738],[-0.079893,38.545735],[-0.07987,38.545734],[-0.079849,38.54574],[-0.079829,38.545747],[-0.079807,38.545756],[-0.079786,38.545766],[-0.079766,38.545777],[-0.079752,38.545792],[-0.079739,38.545813],[-0.079729,38.545835],[-0.079719,38.545866],[-0.079709,38.545897],[-0.079701,38.545922],[-0.079694,38.545947],[-0.079677,38.545996],[-0.07966,38.546045],[-0.079646,38.546088],[-0.079633,38.546132],[-0.079623,38.546172],[-0.079615,38.546211],[-0.079608,38.546255],[-0.079601,38.546298],[-0.07959,38.546359],[-0.079579,38.546421],[-0.079554,38.546557],[-0.079542,38.546592],[-0.079524,38.546628],[-0.079512,38.546648],[-0.079489,38.546669],[-0.079476,38.546679],[-0.07946,38.546686],[-0.079443,38.546691],[-0.079411,38.546696],[-0.079379,38.546702],[-0.079356,38.546707],[-0.079333,38.546713],[-0.079311,38.546725],[-0.07929,38.546739],[-0.079235,38.546775],[-0.079178,38.546814],[-0.079149,38.546831],[-0.079118,38.546845],[-0.07906,38.54686],[-0.079003,38.546875],[-0.078944,38.54689],[-0.078885,38.546904],[-0.078838,38.546914],[-0.078792,38.546923],[-0.078749,38.546933],[-0.078705,38.546945],[-0.07867,38.546961],[-0.078636,38.546981],[-0.078599,38.547005],[-0.078563,38.547031],[-0.078531,38.547061],[-0.0785,38.547092],[-0.078475,38.547118],[-0.07845,38.547145],[-0.078432,38.547166],[-0.078419,38.547188],[-0.078407,38.547215],[-0.078397,38.547242],[-0.078387,38.547276],[-0.078377,38.547311],[-0.078365,38.547356],[-0.078353,38.547401],[-0.078336,38.547455],[-0.078297,38.54759],[-0.078301,38.547645],[-0.078296,38.547699],[-0.078331,38.547714],[-0.078353,38.547717],[-0.078371,38.547722],[-0.078392,38.547726],[-0.078399,38.54774],[-0.078407,38.547753],[-0.078414,38.547772],[-0.078417,38.54779],[-0.078418,38.547805],[-0.07842,38.547827],[-0.078424,38.548003],[-0.078425,38.548076],[-0.078427,38.54813],[-0.078434,38.548274],[-0.078436,38.548336],[-0.078437,38.548368],[-0.078455,38.548463],[-0.07845,38.548521],[-0.078431,38.548568],[-0.078189,38.549293],[-0.078046,38.549744],[-0.078375,38.550391],[-0.078285,38.550926],[-0.077881,38.551302],[-0.077827,38.551598],[-0.077852,38.552314],[-0.077894,38.552582],[-0.077971,38.552756],[-0.078054,38.55285],[-0.078286,38.553002],[-0.07838,38.553089],[-0.078434,38.553195],[-0.078536,38.553512],[-0.078702,38.55377],[-0.078798,38.554071],[-0.078788,38.554294],[-0.078807,38.554376],[-0.078956,38.554571],[-0.079355,38.554954],[-0.079484,38.555139],[-0.079516,38.555254],[-0.079534,38.555488],[-0.079466,38.555683],[-0.079465,38.555778],[-0.0795,38.555858],[-0.079684,38.556111],[-0.079769,38.556264],[-0.079817,38.556403],[-0.079947,38.556916]]},"properties":{"id_origen":"HY-N_WATERCOURSELINK_ES080HYWCLL0000008296970","local_id":"ES080HYWCLL0000008296970","nombre":null,"long_municipal_m":2182.14}},{"type":"Feature","id":191,"geometry":{"type":"LineString","coordinates":[[-0.084574,38.541625],[-0.084804,38.541765],[-0.084958,38.541903],[-0.085111,38.541992],[-0.085138,38.542017],[-0.085152,38.54206],[-0.085251,38.542093],[-0.085345,38.542094],[-0.085472,38.542153],[-0.085683,38.542303],[-0.085862,38.542459],[-0.085989,38.542539],[-0.086089,38.542619],[-0.086298,38.54272],[-0.086373,38.542792],[-0.086656,38.542827],[-0.08675,38.542826],[-0.08685,38.542873],[-0.087052,38.542932],[-0.087247,38.542972],[-0.087565,38.543112],[-0.087827,38.543366],[-0.087983,38.543449],[-0.088099,38.543638],[-0.088325,38.543799],[-0.088378,38.543863],[-0.088399,38.543934],[-0.0884,38.54406],[-0.088366,38.544149],[-0.088373,38.544253],[-0.088444,38.544365],[-0.088504,38.544459],[-0.088466,38.544509],[-0.088466,38.544674],[-0.088499,38.544736],[-0.088577,38.544815],[-0.088644,38.545001],[-0.088649,38.54505],[-0.0887,38.545105],[-0.088861,38.545225],[-0.088905,38.545285],[-0.088951,38.545396],[-0.088954,38.545563],[-0.088968,38.545607],[-0.089122,38.545752],[-0.089238,38.54576],[-0.089329,38.5458],[-0.089343,38.545823],[-0.089321,38.545878],[-0.089326,38.545919]]},"properties":{"id_origen":"HY-N_WATERCOURSELINK_ES080HYWCLL0000008297105","local_id":"ES080HYWCLL0000008297105","nombre":null,"long_municipal_m":695.12}},{"type":"Feature","id":192,"geometry":{"type":"LineString","coordinates":[[-0.154527,38.583082],[-0.154327,38.582921],[-0.154023,38.58258],[-0.153998,38.582547],[-0.153974,38.582523],[-0.153942,38.582482],[-0.153858,38.582358],[-0.153845,38.582337],[-0.153834,38.582315],[-0.153823,38.582294],[-0.153813,38.582274],[-0.1538,38.582253],[-0.15377,38.582201],[-0.153757,38.582179],[-0.153747,38.582163],[-0.153735,38.582146],[-0.153712,38.582113],[-0.153698,38.582095],[-0.153683,38.582071],[-0.153669,38.582046],[-0.153662,38.58203],[-0.153635,38.581958],[-0.153616,38.581899],[-0.153611,38.58187],[-0.1536,38.581834],[-0.15359,38.5818],[-0.153581,38.581778],[-0.153549,38.581746],[-0.153533,38.581734],[-0.153514,38.581722],[-0.153416,38.581642],[-0.153349,38.581613],[-0.153312,38.581597],[-0.153235,38.581567],[-0.153203,38.581548],[-0.15318,38.581531],[-0.153153,38.581494],[-0.153112,38.581449],[-0.15309,38.581438],[-0.153006,38.581404],[-0.152988,38.581384],[-0.15296,38.58135],[-0.152929,38.581345],[-0.152906,38.581317],[-0.152879,38.581238],[-0.152868,38.581211],[-0.152806,38.581179],[-0.152765,38.581166],[-0.15272,38.581142],[-0.152676,38.581096],[-0.152648,38.581071],[-0.152592,38.58104],[-0.15256,38.581002],[-0.152539,38.580977],[-0.152503,38.580956],[-0.152452,38.580914],[-0.152409,38.580889],[-0.152395,38.58088],[-0.152352,38.580853],[-0.152328,38.580834],[-0.152281,38.580789],[-0.15226,38.580759],[-0.152247,38.580738],[-0.152197,38.580648],[-0.152181,38.580625],[-0.15211,38.580599],[-0.152057,38.580582],[-0.152017,38.580569],[-0.151971,38.58056],[-0.151906,38.580538],[-0.151879,38.580515],[-0.151842,38.580495],[-0.15178,38.58047],[-0.151711,38.580444],[-0.151609,38.580396],[-0.151551,38.580371],[-0.151493,38.580355],[-0.151416,38.580336],[-0.151355,38.580318],[-0.151327,38.580295],[-0.15131,38.580277],[-0.15132,38.580247],[-0.151336,38.580208],[-0.151332,38.580175],[-0.151333,38.580139],[-0.151323,38.580115],[-0.151306,38.580094],[-0.151281,38.580057],[-0.151274,38.580046],[-0.151258,38.580026],[-0.151249,38.580007],[-0.151242,38.579991],[-0.151217,38.579946],[-0.150992,38.579496],[-0.15085,38.579149]]},"properties":{"id_origen":"HY-N_WATERCOURSELINK_ES080HYWCLL0000008297124","local_id":"ES080HYWCLL0000008297124","nombre":null,"long_municipal_m":571.54}},{"type":"Feature","id":193,"geometry":{"type":"LineString","coordinates":[[-0.166022,38.565382],[-0.166028,38.565334],[-0.166013,38.565274],[-0.166063,38.565058],[-0.166071,38.564868],[-0.166124,38.564724],[-0.166067,38.564468],[-0.166136,38.564211],[-0.166387,38.563817],[-0.166505,38.563598],[-0.166593,38.563508],[-0.166803,38.56337],[-0.166831,38.563256],[-0.166824,38.563142],[-0.166836,38.562955],[-0.166865,38.562841],[-0.166863,38.562703],[-0.166917,38.562583],[-0.1669,38.562527],[-0.166817,38.562433],[-0.166783,38.562353],[-0.166778,38.562314],[-0.166814,38.562137],[-0.166813,38.561913],[-0.166772,38.561796],[-0.166735,38.561607],[-0.166694,38.561539],[-0.166652,38.561413],[-0.166649,38.561268],[-0.166631,38.56118],[-0.166569,38.561003],[-0.166496,38.560852],[-0.166492,38.560837],[-0.166501,38.560796],[-0.1665,38.560762],[-0.166501,38.560738],[-0.166511,38.560707],[-0.166544,38.56066],[-0.166563,38.560616],[-0.166589,38.560581],[-0.166625,38.560543],[-0.166643,38.560524],[-0.166669,38.560504],[-0.16672,38.560463],[-0.166735,38.56045],[-0.166749,38.560441],[-0.16678,38.560425],[-0.16682,38.560401],[-0.166843,38.560393],[-0.166864,38.560384],[-0.166893,38.56037],[-0.166917,38.560357],[-0.166967,38.560329],[-0.166987,38.560312],[-0.167048,38.560257],[-0.167059,38.560246],[-0.167111,38.560188],[-0.167183,38.560126]]},"properties":{"id_origen":"HY-N_WATERCOURSELINK_ES080HYWCLL0000008297164","local_id":"ES080HYWCLL0000008297164","nombre":null,"long_municipal_m":637.81}},{"type":"Feature","id":194,"geometry":{"type":"LineString","coordinates":[[-0.086843,38.536201],[-0.086967,38.536259],[-0.087126,38.536373],[-0.087438,38.536454],[-0.087568,38.536502],[-0.087906,38.53671],[-0.087984,38.536783],[-0.088019,38.536847],[-0.088013,38.537],[-0.087985,38.53714],[-0.087937,38.537211],[-0.087834,38.537316],[-0.087689,38.537419],[-0.087646,38.537496],[-0.087685,38.537632],[-0.087693,38.537908],[-0.087748,38.53803],[-0.08776,38.538311],[-0.087772,38.538353],[-0.08782,38.5384],[-0.087819,38.538451],[-0.087847,38.538487],[-0.088026,38.538541],[-0.088304,38.538679],[-0.088549,38.538839],[-0.088743,38.538863],[-0.088769,38.538869],[-0.088804,38.538877],[-0.088865,38.53889],[-0.088896,38.538897],[-0.088927,38.538905],[-0.088966,38.538909],[-0.089119,38.539139],[-0.089247,38.539389],[-0.089501,38.539962],[-0.089607,38.540043],[-0.089777,38.540233],[-0.089982,38.54039],[-0.0902,38.540589],[-0.090488,38.540819],[-0.090553,38.540857],[-0.090867,38.541013],[-0.091286,38.541197],[-0.09163,38.541321],[-0.091982,38.541549],[-0.092428,38.541768],[-0.092539,38.541858]]},"properties":{"id_origen":"HY-N_WATERCOURSELINK_ES080HYWCLL0000008297381","local_id":"ES080HYWCLL0000008297381","nombre":null,"long_municipal_m":903.27}},{"type":"Feature","id":195,"geometry":{"type":"LineString","coordinates":[[-0.17688,38.593731],[-0.176865,38.593725],[-0.176846,38.59372],[-0.176803,38.593709],[-0.176768,38.593708],[-0.176726,38.593703],[-0.176707,38.593697],[-0.176686,38.593692],[-0.176661,38.593685],[-0.176623,38.593671],[-0.176606,38.593661],[-0.17657,38.593652],[-0.176549,38.593634],[-0.176537,38.593622],[-0.176519,38.593609],[-0.176497,38.593594],[-0.17646,38.593565],[-0.176437,38.593559],[-0.176415,38.593556],[-0.176392,38.593542],[-0.176366,38.593523],[-0.176338,38.593509],[-0.176302,38.593506],[-0.176278,38.593506],[-0.176239,38.593506],[-0.176131,38.593496],[-0.176088,38.593494],[-0.176069,38.593489],[-0.17605,38.593484],[-0.176029,38.593476],[-0.176013,38.593471],[-0.175939,38.593462],[-0.175914,38.593459],[-0.17588,38.593453],[-0.175854,38.593448],[-0.17583,38.593446],[-0.175786,38.593445],[-0.175761,38.59344],[-0.175744,38.593436],[-0.175712,38.593432],[-0.175683,38.593433],[-0.175661,38.593434],[-0.175624,38.59344],[-0.175573,38.593442],[-0.175541,38.593445],[-0.175514,38.593447],[-0.175489,38.593448],[-0.175465,38.593448],[-0.175422,38.593446],[-0.175333,38.593442],[-0.175315,38.593444],[-0.175264,38.59344],[-0.175247,38.593446],[-0.175228,38.593453],[-0.17521,38.593459],[-0.175192,38.593467],[-0.175161,38.593473],[-0.175148,38.593483],[-0.175101,38.593475],[-0.175078,38.593467],[-0.175048,38.593449],[-0.175028,38.593436],[-0.175014,38.593426],[-0.174974,38.593405],[-0.174939,38.593385],[-0.174913,38.59337],[-0.174883,38.59336],[-0.174861,38.593356],[-0.17478,38.593352],[-0.174725,38.593351],[-0.1747,38.593351],[-0.174665,38.593357],[-0.174592,38.593373],[-0.174556,38.593381],[-0.174494,38.5934],[-0.174467,38.593406],[-0.17444,38.593411],[-0.174411,38.593415],[-0.174384,38.593412],[-0.174364,38.593407],[-0.174344,38.5934],[-0.174297,38.593382],[-0.174274,38.593375],[-0.17425,38.593372],[-0.174162,38.59338],[-0.174058,38.593383],[-0.17398,38.593387],[-0.173959,38.593387],[-0.173894,38.593389],[-0.173831,38.593396],[-0.173814,38.593394],[-0.173797,38.593391],[-0.173778,38.593391],[-0.173759,38.593392],[-0.173713,38.593398],[-0.173685,38.593394],[-0.173662,38.593374],[-0.173598,38.593329],[-0.173563,38.593301],[-0.173529,38.593271],[-0.173513,38.593249],[-0.173499,38.593226],[-0.173489,38.593206],[-0.173479,38.593185],[-0.173465,38.59316],[-0.173444,38.593138],[-0.173424,38.593124],[-0.173399,38.593116],[-0.173361,38.593108],[-0.173323,38.593101],[-0.173227,38.593088],[-0.173195,38.593082],[-0.17316,38.593073],[-0.173126,38.593063],[-0.172913,38.592992],[-0.172871,38.592977],[-0.172831,38.59296],[-0.172813,38.59295],[-0.172788,38.592933],[-0.172768,38.592923],[-0.172703,38.592907],[-0.172513,38.592866],[-0.172466,38.592854],[-0.172446,38.592844],[-0.172426,38.592832],[-0.172409,38.592821],[-0.172387,38.592802],[-0.172364,38.592784],[-0.172319,38.592753],[-0.172272,38.592723],[-0.172249,38.592711],[-0.172212,38.592696],[-0.172173,38.592685],[-0.172141,38.59268],[-0.172091,38.592679],[-0.172067,38.592679],[-0.172037,38.592674],[-0.172011,38.592662],[-0.171991,38.592654],[-0.171973,38.59265],[-0.171955,38.592652],[-0.171929,38.592657],[-0.17189,38.592668],[-0.171871,38.592672],[-0.171851,38.592675],[-0.171816,38.592673],[-0.171781,38.59267],[-0.17172,38.592666],[-0.171659,38.59266],[-0.171641,38.592656],[-0.171618,38.592649],[-0.171599,38.592638],[-0.171584,38.592631],[-0.171559,38.592624],[-0.171534,38.592626],[-0.171452,38.592639],[-0.17141,38.592645],[-0.171369,38.592649],[-0.171332,38.59265],[-0.171297,38.592643],[-0.171253,38.592632],[-0.171207,38.592618],[-0.171185,38.592606],[-0.171165,38.592591],[-0.171144,38.592571],[-0.171132,38.592561],[-0.171105,38.592554],[-0.171027,38.592538],[-0.171,38.592532],[-0.170972,38.592524],[-0.170949,38.592506],[-0.170905,38.592475],[-0.170882,38.59246],[-0.170857,38.592445],[-0.170842,38.592437],[-0.170817,38.592431],[-0.170793,38.592428],[-0.170753,38.592432],[-0.170713,38.592436],[-0.170677,38.592438],[-0.170633,38.592437],[-0.170606,38.592425],[-0.170588,38.59241],[-0.170577,38.592399],[-0.170568,38.59238],[-0.170561,38.592362],[-0.170552,38.592331],[-0.170548,38.592316],[-0.170543,38.592301],[-0.170535,38.592288],[-0.170517,38.592271],[-0.170491,38.592253],[-0.170457,38.592241],[-0.17043,38.592218],[-0.170415,38.592198],[-0.170382,38.592152],[-0.170362,38.592127],[-0.170351,38.592115],[-0.170341,38.592102],[-0.170333,38.592088],[-0.170328,38.592065],[-0.170326,38.592042],[-0.170326,38.591994],[-0.170326,38.591946],[-0.170328,38.591872],[-0.170323,38.591807],[-0.170324,38.591771],[-0.170325,38.591735],[-0.170326,38.591718],[-0.170323,38.591696],[-0.17031,38.591686],[-0.170294,38.59168],[-0.170271,38.591672],[-0.170248,38.591666],[-0.170229,38.591666],[-0.170207,38.591668],[-0.170189,38.591667],[-0.170152,38.591652],[-0.170123,38.591636],[-0.170056,38.59159],[-0.170024,38.591566],[-0.169993,38.591541],[-0.169954,38.591509],[-0.169921,38.591473],[-0.169888,38.591432],[-0.169856,38.591391],[-0.169833,38.591364],[-0.169806,38.591339],[-0.169786,38.591331],[-0.169757,38.591324],[-0.169718,38.591322],[-0.169701,38.591318],[-0.169676,38.591309],[-0.169657,38.591293],[-0.169618,38.591255],[-0.16959,38.591229],[-0.169575,38.591216],[-0.169558,38.591204],[-0.169531,38.591194],[-0.169511,38.591189],[-0.169481,38.591184],[-0.169449,38.591181],[-0.169378,38.591178],[-0.169307,38.591174],[-0.169153,38.591161],[-0.169087,38.591156],[-0.169022,38.591151],[-0.169001,38.591146],[-0.168971,38.591136],[-0.168876,38.591098],[-0.168816,38.591068],[-0.16875,38.59103],[-0.168685,38.590992],[-0.168577,38.590925],[-0.168543,38.590906],[-0.16849,38.59088],[-0.168438,38.590852],[-0.168395,38.590827],[-0.168353,38.590799],[-0.16833,38.59078],[-0.168311,38.590759],[-0.16825,38.590685],[-0.168201,38.590626],[-0.168182,38.590623],[-0.168166,38.590625],[-0.168121,38.590634],[-0.168078,38.590649],[-0.168018,38.590674],[-0.168,38.59068],[-0.167978,38.590683],[-0.167962,38.590675],[-0.167955,38.590656],[-0.167948,38.590607],[-0.167942,38.590573],[-0.167932,38.590537],[-0.167919,38.5905],[-0.167903,38.590453],[-0.167861,38.590416],[-0.167848,38.590406],[-0.167826,38.590395],[-0.167802,38.590384],[-0.167783,38.590378],[-0.167756,38.590371],[-0.167729,38.590371],[-0.16771,38.590373],[-0.167682,38.590378],[-0.167653,38.590383],[-0.167615,38.590386],[-0.167595,38.590387],[-0.167577,38.590384],[-0.167547,38.590375],[-0.167519,38.590364],[-0.167482,38.590343],[-0.167445,38.590322],[-0.1674,38.590296],[-0.167398,38.590295],[-0.167359,38.590271],[-0.167339,38.590257],[-0.167311,38.590236],[-0.167281,38.590215],[-0.167251,38.590199],[-0.167221,38.590184],[-0.167185,38.590163],[-0.167151,38.590141],[-0.167141,38.590129],[-0.167128,38.59011],[-0.167117,38.59009],[-0.167097,38.590051],[-0.167078,38.590012],[-0.167061,38.589982],[-0.167048,38.589969],[-0.167028,38.589951],[-0.167003,38.589938],[-0.166982,38.589931],[-0.166945,38.589927],[-0.166908,38.589924],[-0.166841,38.589919],[-0.16682,38.589913],[-0.166803,38.589899],[-0.166794,38.589888],[-0.166762,38.589843],[-0.16675,38.589827],[-0.166727,38.589809],[-0.166697,38.5898],[-0.166675,38.589795],[-0.16665,38.58979],[-0.166626,38.589785],[-0.166596,38.589772],[-0.166569,38.589755],[-0.166492,38.589689],[-0.166484,38.589678],[-0.166478,38.589665],[-0.166466,38.58964],[-0.166463,38.589621],[-0.166468,38.589594],[-0.166474,38.589572],[-0.166477,38.589556],[-0.166479,38.58954],[-0.166478,38.589493],[-0.166485,38.589461],[-0.166492,38.589431],[-0.166495,38.589407],[-0.16649,38.589383],[-0.16648,38.589353],[-0.166465,38.589324],[-0.166447,38.589301],[-0.166426,38.589279],[-0.166393,38.589248],[-0.166373,38.589236],[-0.166351,38.589226],[-0.166324,38.589217],[-0.166297,38.589209],[-0.166275,38.589201],[-0.166253,38.589192],[-0.166235,38.589181],[-0.166219,38.589168],[-0.166203,38.589148],[-0.166211,38.589124],[-0.166228,38.589097],[-0.166242,38.589075],[-0.166254,38.589059],[-0.166279,38.589023],[-0.166294,38.588996],[-0.166282,38.588974],[-0.166249,38.588961],[-0.16622,38.588954],[-0.166177,38.588942],[-0.166154,38.588938],[-0.166084,38.588933],[-0.166051,38.588929],[-0.166028,38.588919],[-0.166016,38.5889],[-0.16601,38.588885],[-0.165999,38.588862],[-0.16599,38.588838],[-0.165984,38.588821],[-0.165965,38.58877]]},"properties":{"id_origen":"HY-N_WATERCOURSELINK_ES080HYWCLL0000008292400","local_id":"ES080HYWCLL0000008292400","nombre":"Barranc del Lliriet","long_municipal_m":1262.69}},{"type":"Feature","id":196,"geometry":{"type":"LineString","coordinates":[[-0.135497,38.572084],[-0.135509,38.572067],[-0.135522,38.572041],[-0.135527,38.572029],[-0.13553,38.572015],[-0.135527,38.572002],[-0.135509,38.571983],[-0.135497,38.571973],[-0.135478,38.571955],[-0.135446,38.571927],[-0.135422,38.571903],[-0.13538,38.571861],[-0.135332,38.571811],[-0.135296,38.571774],[-0.135271,38.571743],[-0.135243,38.571708],[-0.135209,38.571665],[-0.135187,38.571634],[-0.135178,38.571617],[-0.135168,38.571601],[-0.135158,38.57158],[-0.135152,38.571559],[-0.135149,38.571546],[-0.135146,38.571528],[-0.135144,38.571506],[-0.135141,38.571491],[-0.135139,38.57147],[-0.135138,38.571456],[-0.135135,38.571437],[-0.135133,38.571423],[-0.135132,38.571409],[-0.135131,38.57139],[-0.135131,38.571373],[-0.135132,38.571358],[-0.135133,38.571341],[-0.135137,38.571326],[-0.135141,38.571312],[-0.13515,38.571294],[-0.135161,38.571274],[-0.135172,38.571255],[-0.135189,38.571229],[-0.135212,38.571192],[-0.135229,38.571164],[-0.135257,38.571117],[-0.135268,38.571096],[-0.135272,38.57108],[-0.135274,38.571063],[-0.135272,38.571045],[-0.135271,38.571032],[-0.135265,38.571016],[-0.135256,38.570995],[-0.135242,38.570966],[-0.135235,38.57095],[-0.135225,38.57093],[-0.135213,38.570905],[-0.135195,38.570869],[-0.135173,38.570829],[-0.13516,38.570804],[-0.135142,38.570774],[-0.135113,38.570728],[-0.13509,38.570697],[-0.135062,38.570658],[-0.135021,38.570605],[-0.134953,38.570512],[-0.134936,38.570488],[-0.134915,38.570457],[-0.134894,38.570425],[-0.134881,38.570403],[-0.13487,38.570377],[-0.134862,38.570356],[-0.134852,38.570329],[-0.134844,38.570303],[-0.134834,38.570272],[-0.134827,38.570236],[-0.134823,38.570212],[-0.134819,38.570193],[-0.134816,38.570171],[-0.134813,38.570135],[-0.134812,38.570115],[-0.134818,38.570093],[-0.134826,38.570075],[-0.134837,38.57006],[-0.134852,38.570048],[-0.134877,38.570036],[-0.134903,38.570025],[-0.134926,38.570019],[-0.134944,38.570019],[-0.134979,38.570023],[-0.135002,38.570026],[-0.135026,38.570029],[-0.135068,38.570035],[-0.135087,38.570037],[-0.135107,38.570038],[-0.135132,38.57004],[-0.135161,38.570042],[-0.135188,38.570044],[-0.135216,38.570043],[-0.135235,38.570041],[-0.135258,38.570035],[-0.135277,38.570023],[-0.135293,38.570007],[-0.135307,38.569989],[-0.135318,38.569967],[-0.135334,38.569919],[-0.135349,38.569874],[-0.135358,38.569849],[-0.135372,38.569805],[-0.135379,38.569785],[-0.135385,38.56977],[-0.135395,38.569754],[-0.135405,38.569741],[-0.135417,38.56973],[-0.135436,38.569718],[-0.13546,38.569708],[-0.135488,38.569701],[-0.135546,38.569689],[-0.135567,38.569682],[-0.1356,38.569669],[-0.135682,38.569633],[-0.135704,38.569623],[-0.135729,38.569608],[-0.13575,38.569596],[-0.13577,38.569582],[-0.135789,38.569568],[-0.135802,38.569556],[-0.135813,38.569544],[-0.135822,38.569527],[-0.135828,38.569505],[-0.135832,38.569486],[-0.135832,38.569464],[-0.135829,38.56944],[-0.135824,38.569417],[-0.135819,38.569397],[-0.135813,38.569372],[-0.135806,38.569343],[-0.1358,38.569315],[-0.135797,38.569292],[-0.135796,38.569262],[-0.135795,38.569243],[-0.135795,38.569223],[-0.135795,38.569209],[-0.135797,38.569195],[-0.135799,38.569178],[-0.1358,38.569162],[-0.135803,38.569149],[-0.135808,38.56913],[-0.135813,38.569115],[-0.135821,38.569092],[-0.135837,38.569044],[-0.135842,38.569019],[-0.135842,38.569002],[-0.135835,38.568971],[-0.135815,38.568887],[-0.135804,38.568841],[-0.135795,38.568797],[-0.135783,38.568749],[-0.135774,38.568717],[-0.135723,38.568566],[-0.135657,38.568374]]},"properties":{"id_origen":"HY-N_WATERCOURSELINK_ES080HYWCLL0000008292402","local_id":"ES080HYWCLL0000008292402","nombre":"Barranc d'Iborra","long_municipal_m":497}},{"type":"Feature","id":197,"geometry":{"type":"LineString","coordinates":[[-0.108908,38.536445],[-0.109261,38.533369]]},"properties":{"id_origen":"HY-N_WATERCOURSELINK_ES080HYWCLL0000008292392","local_id":"ES080HYWCLL0000008292392","nombre":"Barranc de la Foia Manera","long_municipal_m":343.41}},{"type":"Feature","id":198,"geometry":{"type":"LineString","coordinates":[[-0.158079,38.578656],[-0.158058,38.578663],[-0.158023,38.578671],[-0.158003,38.578674],[-0.157972,38.578672],[-0.157941,38.578667],[-0.157896,38.578657],[-0.157876,38.578649],[-0.157855,38.578639],[-0.157833,38.578627],[-0.157812,38.578614],[-0.157732,38.578561],[-0.157709,38.578548],[-0.157691,38.57854],[-0.157656,38.578534],[-0.157628,38.578533],[-0.157588,38.578531],[-0.157543,38.578537],[-0.157512,38.578542],[-0.157442,38.578547],[-0.157403,38.57854],[-0.157359,38.578531],[-0.157326,38.57852],[-0.1573,38.578511],[-0.157264,38.578495],[-0.157237,38.578483],[-0.157204,38.578461],[-0.157148,38.578424],[-0.157121,38.578417],[-0.15709,38.578411],[-0.157042,38.578404],[-0.157016,38.578401],[-0.156984,38.578399],[-0.156957,38.578396],[-0.15692,38.578388],[-0.156889,38.578381],[-0.156851,38.578373],[-0.156804,38.578362],[-0.156763,38.578351],[-0.156708,38.578333],[-0.156674,38.57832],[-0.156603,38.578294],[-0.156574,38.578286],[-0.156452,38.578249],[-0.156421,38.578234],[-0.156375,38.578208],[-0.156285,38.57816],[-0.156247,38.578142],[-0.156219,38.578133],[-0.156187,38.578125],[-0.156139,38.578115],[-0.156115,38.578116],[-0.156092,38.578129],[-0.156073,38.578143],[-0.156055,38.57816],[-0.156033,38.578179],[-0.155987,38.578219],[-0.155962,38.578244],[-0.155944,38.578264],[-0.155923,38.578283],[-0.155907,38.578295],[-0.155887,38.578306],[-0.155869,38.578315],[-0.155841,38.578321],[-0.155815,38.578326],[-0.155758,38.578335],[-0.155699,38.578341],[-0.155651,38.578344],[-0.155616,38.578346],[-0.155587,38.578346],[-0.155514,38.578349],[-0.155477,38.57835],[-0.155447,38.57835],[-0.155292,38.578348],[-0.15524,38.578346],[-0.155208,38.578341],[-0.155158,38.578332],[-0.155078,38.578316],[-0.154883,38.578279],[-0.154718,38.57827],[-0.154668,38.578268],[-0.154634,38.578265],[-0.154453,38.578256],[-0.15436,38.578241],[-0.154336,38.578238],[-0.154309,38.578234],[-0.15427,38.578229],[-0.154184,38.57822],[-0.154138,38.578216],[-0.154099,38.578214],[-0.153944,38.578207],[-0.153905,38.578204],[-0.153875,38.578205],[-0.153832,38.578211],[-0.153749,38.578221],[-0.153699,38.578229],[-0.153651,38.578235],[-0.153616,38.578237],[-0.153583,38.578241],[-0.153533,38.578243],[-0.153494,38.578242],[-0.15344,38.578244],[-0.153409,38.578246],[-0.153371,38.578246],[-0.153331,38.578243],[-0.153302,38.578234],[-0.15328,38.578225],[-0.153252,38.578207],[-0.153234,38.578192],[-0.153217,38.578164],[-0.153191,38.578126],[-0.153167,38.578095],[-0.153142,38.578059],[-0.153124,38.578029],[-0.1531,38.577994],[-0.153092,38.577982],[-0.153068,38.577961],[-0.153005,38.577919],[-0.152972,38.577905],[-0.15291,38.577878],[-0.152856,38.577852],[-0.152837,38.577841],[-0.152799,38.577824],[-0.152756,38.577801],[-0.152703,38.577768],[-0.152684,38.577755],[-0.152668,38.577741],[-0.152645,38.577725],[-0.152613,38.577703],[-0.152586,38.577686],[-0.15257,38.577684],[-0.152545,38.577688],[-0.152514,38.5777],[-0.152464,38.577717],[-0.152438,38.577718],[-0.152424,38.577718],[-0.152347,38.577749],[-0.152309,38.577761],[-0.15227,38.577775],[-0.152239,38.577781],[-0.152208,38.577784],[-0.152174,38.577785],[-0.152126,38.577783],[-0.152097,38.57777],[-0.152077,38.577755],[-0.152053,38.577729],[-0.152029,38.5777],[-0.152003,38.57767],[-0.151966,38.577633],[-0.151924,38.577591],[-0.151889,38.577554],[-0.151788,38.577443],[-0.151764,38.577413],[-0.151728,38.577373],[-0.151697,38.577349],[-0.151671,38.577327],[-0.151636,38.577302],[-0.151601,38.577275],[-0.151571,38.577256],[-0.151544,38.577249],[-0.151522,38.57725],[-0.151496,38.577253],[-0.151453,38.577258],[-0.151422,38.577252],[-0.151392,38.577247],[-0.15135,38.577237],[-0.151328,38.577227],[-0.151307,38.577209],[-0.151279,38.577182],[-0.151253,38.577158],[-0.151238,38.577136],[-0.151224,38.577109],[-0.151207,38.577079],[-0.151187,38.57705],[-0.151166,38.577031],[-0.151132,38.577009],[-0.151109,38.576993],[-0.151075,38.576968],[-0.150872,38.576876],[-0.150852,38.576866],[-0.150838,38.576857],[-0.150821,38.576844],[-0.150801,38.576829],[-0.150741,38.576785],[-0.150722,38.576775],[-0.150701,38.576765],[-0.150681,38.576756],[-0.150663,38.57675],[-0.150642,38.576744],[-0.150624,38.576739],[-0.150602,38.576733],[-0.150585,38.57673],[-0.150567,38.576726],[-0.150548,38.576724],[-0.150524,38.576722],[-0.150497,38.576722],[-0.150451,38.576723],[-0.1504,38.576719],[-0.150381,38.576717],[-0.150358,38.576714],[-0.150341,38.576712],[-0.150325,38.576708],[-0.150304,38.576704],[-0.150283,38.576699],[-0.150267,38.576693],[-0.150246,38.576685],[-0.150222,38.576674],[-0.15019,38.57666],[-0.150105,38.576621],[-0.150066,38.576604],[-0.150033,38.576591],[-0.149971,38.576568],[-0.149933,38.576552],[-0.1499,38.576538],[-0.149873,38.576525],[-0.149856,38.576514],[-0.149836,38.5765],[-0.149817,38.576486],[-0.149798,38.576471],[-0.14978,38.576455],[-0.149763,38.576439],[-0.149747,38.576423],[-0.149735,38.576409],[-0.149715,38.576383],[-0.149695,38.576358],[-0.149669,38.576325],[-0.149612,38.576251],[-0.1496,38.576235],[-0.149563,38.576186],[-0.1495,38.576101],[-0.149479,38.576074],[-0.149469,38.576064],[-0.149448,38.576052],[-0.149423,38.576042],[-0.149395,38.576032],[-0.149365,38.576021],[-0.149348,38.576013],[-0.149327,38.575999],[-0.149315,38.575973],[-0.14931,38.57596],[-0.149305,38.575945],[-0.149298,38.575922],[-0.14929,38.575895],[-0.149285,38.575878],[-0.14928,38.575864],[-0.14927,38.575838],[-0.149257,38.575804],[-0.149246,38.575777],[-0.149238,38.57576],[-0.149227,38.575744],[-0.149217,38.575731],[-0.149207,38.575717],[-0.149184,38.575695],[-0.149164,38.575678],[-0.149147,38.575669],[-0.149129,38.57566],[-0.149111,38.575652],[-0.149088,38.575643],[-0.149065,38.575634],[-0.14904,38.575627],[-0.149021,38.575622],[-0.149,38.575616],[-0.148984,38.575612],[-0.148963,38.575607],[-0.148941,38.575602],[-0.148915,38.575595],[-0.148861,38.575583],[-0.148835,38.575576],[-0.148814,38.575571],[-0.148792,38.575565],[-0.148629,38.575515],[-0.148599,38.575505],[-0.148552,38.575489],[-0.148528,38.575481],[-0.148487,38.575464],[-0.148453,38.575448],[-0.148413,38.57543],[-0.148368,38.575408],[-0.148301,38.575374],[-0.148278,38.575363],[-0.148226,38.575338],[-0.148184,38.575318],[-0.148154,38.575302],[-0.148129,38.575289],[-0.148111,38.575276],[-0.148094,38.575263],[-0.148082,38.575252],[-0.148068,38.575239],[-0.148052,38.575223],[-0.148036,38.575202],[-0.14802,38.575182],[-0.148003,38.575158],[-0.147983,38.57513],[-0.147957,38.575093],[-0.147933,38.575059],[-0.147913,38.57503],[-0.14788,38.574984],[-0.147872,38.574972],[-0.147851,38.574944],[-0.147832,38.574921],[-0.147811,38.574898],[-0.147789,38.574876],[-0.147767,38.574854],[-0.147743,38.574832],[-0.147715,38.574809],[-0.147692,38.574793],[-0.147677,38.574783],[-0.147661,38.574774],[-0.147641,38.574765],[-0.147619,38.574756],[-0.147598,38.574748],[-0.147572,38.57474],[-0.147543,38.574732],[-0.147512,38.574726],[-0.147488,38.574725],[-0.14747,38.574725],[-0.147453,38.574726],[-0.14743,38.574727],[-0.147402,38.574727],[-0.147379,38.574727],[-0.147354,38.574724],[-0.147322,38.574714],[-0.147303,38.574707],[-0.147287,38.574698],[-0.147273,38.574686],[-0.147261,38.57467],[-0.147251,38.574648],[-0.147246,38.574627],[-0.147238,38.574604],[-0.147225,38.574566],[-0.147049,38.574381],[-0.146986,38.574337],[-0.146747,38.57425],[-0.146447,38.574114],[-0.146315,38.574071],[-0.145657,38.574009],[-0.145569,38.57399],[-0.145475,38.573952],[-0.145366,38.573877],[-0.145264,38.573766],[-0.145149,38.573604],[-0.145125,38.573494],[-0.145068,38.573451],[-0.144704,38.573356],[-0.144574,38.573347],[-0.143998,38.573459],[-0.143361,38.573456],[-0.143224,38.573491],[-0.142952,38.573598],[-0.142902,38.573607],[-0.142881,38.573595],[-0.142845,38.573537],[-0.142754,38.573464],[-0.142732,38.573451],[-0.142706,38.573439],[-0.14269,38.573432],[-0.142667,38.573422],[-0.142639,38.573412],[-0.142598,38.573397],[-0.142535,38.573374],[-0.142518,38.573367],[-0.142496,38.573357],[-0.142481,38.573349],[-0.142452,38.573335],[-0.142418,38.573313],[-0.142391,38.573296],[-0.142365,38.573278],[-0.14234,38.573259],[-0.142326,38.573248],[-0.142323,38.573245],[-0.142295,38.57322],[-0.142266,38.573194],[-0.142234,38.573164],[-0.142218,38.573148]]},"properties":{"id_origen":"HY-N_WATERCOURSELINK_ES080HYWCLL0000008292398","local_id":"ES080HYWCLL0000008292398","nombre":"Barranc del Lliriet","long_municipal_m":1681.36}},{"type":"Feature","id":199,"geometry":{"type":"LineString","coordinates":[[-0.116749,38.56841],[-0.11677,38.568383],[-0.116781,38.568369],[-0.116789,38.568355],[-0.116797,38.568333],[-0.116794,38.568309],[-0.116788,38.568282],[-0.116781,38.56825],[-0.116772,38.568224],[-0.116759,38.56821],[-0.116732,38.56819],[-0.116702,38.568173],[-0.116669,38.568155],[-0.116636,38.568138],[-0.116585,38.568121],[-0.11656,38.568113],[-0.116535,38.568103],[-0.116517,38.568095],[-0.116498,38.568087],[-0.116465,38.568073],[-0.116426,38.568057],[-0.116367,38.568035],[-0.116309,38.568012],[-0.116285,38.567998],[-0.116252,38.567976],[-0.116219,38.567952],[-0.116183,38.567924],[-0.116167,38.567909],[-0.116154,38.567892],[-0.116136,38.567869],[-0.116119,38.567846],[-0.116103,38.567822],[-0.116086,38.567797],[-0.116071,38.567768],[-0.116058,38.567738],[-0.116042,38.5677],[-0.116026,38.567662],[-0.116009,38.567627],[-0.115994,38.56759],[-0.115976,38.567556],[-0.115949,38.567527],[-0.115922,38.567501],[-0.115892,38.567477],[-0.115862,38.567453],[-0.115844,38.567444],[-0.115826,38.567435],[-0.115791,38.567422],[-0.115754,38.567412],[-0.115705,38.567399],[-0.115657,38.567386],[-0.115587,38.567373],[-0.115517,38.567361],[-0.115437,38.567349],[-0.115387,38.567341],[-0.115337,38.567333],[-0.115293,38.567325],[-0.115271,38.56732],[-0.115251,38.567312],[-0.115218,38.567294],[-0.115185,38.567276],[-0.115144,38.567253],[-0.115104,38.567229],[-0.11506,38.567197],[-0.115017,38.567164],[-0.114972,38.567134],[-0.114927,38.567104],[-0.114891,38.567081],[-0.114853,38.567059],[-0.114816,38.567045],[-0.114797,38.56704],[-0.114777,38.567036],[-0.114742,38.567035],[-0.114706,38.567035],[-0.11466,38.567033],[-0.114613,38.567031],[-0.114579,38.567023],[-0.114544,38.567012],[-0.114511,38.566999],[-0.114481,38.56698],[-0.11446,38.566964],[-0.114449,38.56695],[-0.114437,38.566912],[-0.114429,38.56688],[-0.114411,38.566808],[-0.114406,38.566793],[-0.114392,38.566772],[-0.114376,38.566752],[-0.114355,38.566729],[-0.114341,38.566721],[-0.114325,38.566714],[-0.114299,38.566705],[-0.11427,38.566698],[-0.114206,38.566683],[-0.114141,38.566668],[-0.114105,38.56666],[-0.114069,38.566651],[-0.114048,38.566646],[-0.114029,38.566639],[-0.114006,38.566622],[-0.113986,38.566603],[-0.113966,38.566583],[-0.113946,38.566563],[-0.11391,38.56653],[-0.113872,38.566498],[-0.113816,38.566457],[-0.11376,38.566415],[-0.113711,38.566378],[-0.113661,38.566341],[-0.113612,38.566307],[-0.113563,38.566273],[-0.113518,38.56624],[-0.113473,38.566206],[-0.113427,38.56617],[-0.113385,38.56613],[-0.113359,38.566104],[-0.113328,38.566072],[-0.113308,38.566051],[-0.113282,38.566025],[-0.113267,38.566016],[-0.113251,38.566009],[-0.113201,38.565986],[-0.113151,38.565964],[-0.113119,38.565949],[-0.113088,38.565933],[-0.113062,38.565916],[-0.113036,38.565899],[-0.113016,38.565883],[-0.113001,38.565864],[-0.112983,38.565835],[-0.112969,38.565806],[-0.112962,38.565779],[-0.112955,38.565751],[-0.112951,38.565731],[-0.112947,38.565712],[-0.112942,38.565693],[-0.112936,38.565675],[-0.11293,38.565662],[-0.112919,38.565651],[-0.112905,38.565642],[-0.112889,38.565637],[-0.112853,38.565627],[-0.112818,38.565617],[-0.112783,38.565608],[-0.112742,38.565595],[-0.112722,38.56558],[-0.112709,38.565567],[-0.112679,38.565538],[-0.112651,38.565507],[-0.112646,38.565494],[-0.112639,38.565482],[-0.112632,38.565455],[-0.112628,38.56543],[-0.112633,38.565405],[-0.112644,38.56537],[-0.112658,38.565336],[-0.112673,38.565304],[-0.112688,38.565272],[-0.112702,38.565233],[-0.112717,38.565195],[-0.112732,38.565171],[-0.112747,38.565148],[-0.112764,38.565115],[-0.112782,38.565083],[-0.112806,38.565041],[-0.112834,38.565001],[-0.112844,38.564988],[-0.112866,38.564954],[-0.112878,38.564937],[-0.11289,38.564926],[-0.112902,38.564916],[-0.112915,38.564906],[-0.112944,38.564885],[-0.112964,38.564869],[-0.112979,38.564856],[-0.112992,38.564846],[-0.113003,38.564836],[-0.113011,38.564822],[-0.113018,38.564808],[-0.113025,38.564793],[-0.113033,38.564779],[-0.113039,38.564765],[-0.11304,38.564751],[-0.113038,38.564735],[-0.113035,38.56472],[-0.113033,38.564699],[-0.11303,38.564679],[-0.113026,38.564659],[-0.113017,38.564639],[-0.113008,38.564622],[-0.112999,38.564606],[-0.112985,38.564584],[-0.112972,38.564562],[-0.112962,38.564543],[-0.112955,38.564524],[-0.112951,38.564504],[-0.112948,38.564484],[-0.112946,38.564467],[-0.112946,38.564449],[-0.112947,38.564434],[-0.112957,38.564415],[-0.112972,38.564396],[-0.112983,38.564382],[-0.112989,38.564368],[-0.112996,38.564354],[-0.113006,38.564336],[-0.113017,38.564318],[-0.113032,38.564295],[-0.113049,38.564273],[-0.113065,38.564253],[-0.113082,38.564233],[-0.11312,38.564182],[-0.113159,38.564132],[-0.113171,38.564118],[-0.113184,38.564104],[-0.113196,38.564091],[-0.113206,38.564076],[-0.113212,38.564056],[-0.113217,38.564036],[-0.11322,38.564018],[-0.113222,38.563999],[-0.113222,38.563982],[-0.113221,38.563965],[-0.11322,38.563949],[-0.113219,38.563934],[-0.113212,38.563921],[-0.113202,38.563908],[-0.113186,38.5639],[-0.113163,38.563895],[-0.113139,38.563897],[-0.113116,38.563902],[-0.113088,38.563907],[-0.113058,38.563906],[-0.113034,38.563898],[-0.113018,38.56389],[-0.113004,38.563879],[-0.112997,38.563865],[-0.112995,38.56385],[-0.112992,38.563835],[-0.112986,38.563819],[-0.112979,38.563804],[-0.112972,38.563787],[-0.112964,38.563771],[-0.112961,38.563758],[-0.112966,38.563745],[-0.112975,38.563734],[-0.112984,38.563723],[-0.112994,38.56371],[-0.113002,38.563698],[-0.113003,38.563685],[-0.113001,38.563672],[-0.112992,38.563654],[-0.112983,38.563637],[-0.112971,38.563617],[-0.112961,38.563597],[-0.112957,38.563579],[-0.112955,38.56356],[-0.112953,38.563542],[-0.112949,38.563525],[-0.112944,38.56351],[-0.112939,38.563491],[-0.112928,38.563467],[-0.112917,38.563447],[-0.112905,38.563425],[-0.112879,38.563379],[-0.112866,38.563354],[-0.112851,38.563328],[-0.112835,38.563303],[-0.112828,38.563285],[-0.112821,38.563267],[-0.112809,38.56325],[-0.112797,38.563232],[-0.112782,38.56321],[-0.112768,38.563188],[-0.11273,38.563137],[-0.112709,38.563112],[-0.112685,38.56309],[-0.112669,38.563077],[-0.112653,38.563064],[-0.112627,38.563045],[-0.112601,38.563025],[-0.112562,38.562995],[-0.112549,38.562985],[-0.112499,38.562944],[-0.112476,38.562924],[-0.112454,38.562903],[-0.11243,38.562885],[-0.112407,38.562867],[-0.112395,38.562854],[-0.112366,38.562824],[-0.11235,38.562806],[-0.112338,38.562791],[-0.112326,38.562775],[-0.112288,38.562729],[-0.112148,38.56266],[-0.112085,38.562628],[-0.112044,38.562607],[-0.111739,38.562457],[-0.111266,38.562234],[-0.110977,38.562121],[-0.110769,38.56201],[-0.110713,38.561938],[-0.110707,38.561886],[-0.110725,38.561848],[-0.110768,38.561808],[-0.110804,38.561773],[-0.110843,38.561747],[-0.110882,38.561721],[-0.110938,38.561687],[-0.110939,38.561687],[-0.110963,38.561671],[-0.111013,38.561571],[-0.111004,38.561494],[-0.110991,38.561476],[-0.110931,38.56144],[-0.110915,38.561431],[-0.110884,38.56142],[-0.110786,38.561391],[-0.110735,38.561373],[-0.110684,38.561355],[-0.110587,38.56134],[-0.110543,38.561332],[-0.110503,38.561347],[-0.110475,38.561348],[-0.110435,38.561361],[-0.110408,38.561363],[-0.110382,38.561364],[-0.110334,38.561366],[-0.110285,38.561366],[-0.110239,38.561365],[-0.110194,38.561359],[-0.110152,38.561351],[-0.110112,38.561341],[-0.11008,38.561332],[-0.110052,38.561319],[-0.110014,38.561295],[-0.109976,38.561271],[-0.109954,38.561258],[-0.109941,38.561251],[-0.109907,38.561231],[-0.10987,38.561206],[-0.109837,38.561178],[-0.109793,38.56114],[-0.109751,38.561101],[-0.109719,38.561069],[-0.109688,38.561036],[-0.109662,38.561],[-0.109637,38.560965],[-0.109615,38.56093],[-0.109599,38.560893],[-0.109591,38.560864],[-0.109589,38.56085],[-0.109592,38.560836],[-0.109599,38.560814],[-0.10961,38.560793],[-0.10963,38.560767],[-0.109652,38.560741],[-0.109679,38.560712],[-0.109706,38.560684],[-0.109729,38.560657],[-0.109751,38.560629],[-0.109759,38.560606],[-0.109763,38.560583],[-0.109764,38.560558],[-0.10975,38.560539],[-0.109729,38.560529],[-0.109711,38.560525],[-0.10968,38.560517],[-0.109649,38.560511],[-0.109589,38.560504],[-0.10953,38.560496],[-0.109405,38.56048],[-0.109345,38.560472],[-0.109288,38.56046],[-0.109265,38.56046],[-0.109233,38.560453],[-0.109076,38.560398],[-0.109049,38.560372],[-0.108995,38.560107],[-0.108996,38.560045],[-0.109074,38.559837],[-0.109085,38.55981],[-0.109167,38.55964],[-0.109173,38.559629],[-0.10918,38.559614],[-0.109217,38.559562],[-0.10923,38.559539],[-0.109292,38.559447],[-0.109317,38.55942],[-0.109361,38.559388],[-0.109419,38.559353],[-0.109455,38.559331],[-0.109544,38.559283],[-0.109561,38.559273],[-0.109634,38.559228]]},"properties":{"id_origen":"HY-N_WATERCOURSELINK_ES080HYWCLL0000008292394","local_id":"ES080HYWCLL0000008292394","nombre":"Barranc de la Foia Manera","long_municipal_m":1512.43}},{"type":"Feature","id":200,"geometry":{"type":"LineString","coordinates":[[-0.186866,38.60713],[-0.186837,38.607131],[-0.186798,38.607132],[-0.186759,38.607137],[-0.186706,38.607147],[-0.186654,38.607163],[-0.186635,38.607169],[-0.186601,38.607182],[-0.186579,38.607188],[-0.186521,38.607197],[-0.186494,38.607201],[-0.186436,38.607213],[-0.186414,38.607216],[-0.186395,38.607217],[-0.186331,38.60722],[-0.186267,38.607221],[-0.186215,38.607221],[-0.186163,38.60722],[-0.186101,38.60722],[-0.186075,38.607215],[-0.186049,38.607207],[-0.186027,38.607197],[-0.186005,38.607188],[-0.185954,38.607171],[-0.185901,38.607154],[-0.185852,38.607139],[-0.185802,38.607124],[-0.185765,38.607117],[-0.185723,38.607112],[-0.185695,38.607111],[-0.185674,38.607109],[-0.185651,38.607103],[-0.185627,38.607095],[-0.185565,38.607072],[-0.185544,38.607066],[-0.185496,38.607058],[-0.185448,38.60705],[-0.185411,38.607044],[-0.185374,38.607037],[-0.185358,38.607031],[-0.185337,38.607019],[-0.185317,38.607005],[-0.185263,38.606965],[-0.185241,38.606952],[-0.18522,38.606946],[-0.185104,38.606917],[-0.185022,38.606895],[-0.184983,38.606885],[-0.184963,38.60688],[-0.184942,38.606876],[-0.184911,38.606872],[-0.184879,38.60687],[-0.184811,38.606869],[-0.184765,38.606867],[-0.18472,38.606863],[-0.184632,38.606845],[-0.184542,38.606831],[-0.184426,38.606806],[-0.184387,38.606799],[-0.184325,38.606795],[-0.184264,38.606792],[-0.184219,38.60679],[-0.184167,38.606787],[-0.184145,38.606778],[-0.184131,38.606768],[-0.184078,38.606724],[-0.184024,38.606682],[-0.184003,38.606664],[-0.183982,38.606646],[-0.183969,38.606637],[-0.183946,38.606629],[-0.183922,38.606622],[-0.18382,38.606615],[-0.183802,38.606615],[-0.18379,38.606614],[-0.183731,38.606618],[-0.18369,38.606621],[-0.183648,38.606624],[-0.183613,38.606622],[-0.183561,38.606617],[-0.183542,38.606612],[-0.183534,38.606597],[-0.183524,38.606569],[-0.183516,38.606546],[-0.183498,38.606518],[-0.183482,38.606504],[-0.183433,38.606474],[-0.183361,38.606428],[-0.183292,38.606387],[-0.183272,38.606373],[-0.183255,38.606357],[-0.183245,38.606337],[-0.183237,38.606316],[-0.183232,38.606285],[-0.183228,38.606267],[-0.183219,38.606253],[-0.183202,38.606235],[-0.183179,38.606222],[-0.183149,38.606209],[-0.183119,38.606199],[-0.183085,38.60619],[-0.183051,38.606182],[-0.182982,38.606168],[-0.182939,38.606159],[-0.182896,38.60615],[-0.182878,38.606144],[-0.18286,38.606138],[-0.182837,38.60613],[-0.182809,38.606116],[-0.182792,38.606096],[-0.182784,38.606081],[-0.182759,38.605959],[-0.182754,38.605944],[-0.182737,38.605926],[-0.182715,38.605909],[-0.18268,38.605884],[-0.182644,38.60586],[-0.182607,38.605843],[-0.18257,38.605828],[-0.182535,38.605816],[-0.182499,38.605809],[-0.182462,38.605803],[-0.182425,38.605799],[-0.182354,38.605793],[-0.182325,38.605783],[-0.182312,38.605773],[-0.182281,38.605729],[-0.182268,38.60571],[-0.182232,38.605648],[-0.18221,38.605624],[-0.182186,38.605602],[-0.182135,38.60556],[-0.18211,38.605539],[-0.182087,38.605517],[-0.182058,38.605487],[-0.182036,38.605455],[-0.18202,38.605427],[-0.182005,38.6054],[-0.181998,38.605387],[-0.181987,38.60537],[-0.181969,38.605352],[-0.181948,38.605344],[-0.181929,38.605339],[-0.181901,38.605335],[-0.181872,38.605337],[-0.181817,38.605346],[-0.181789,38.605351],[-0.181761,38.605354],[-0.181717,38.605353],[-0.181695,38.605351],[-0.181673,38.605348],[-0.181643,38.605341],[-0.181617,38.605325],[-0.181595,38.605307],[-0.18158,38.605286],[-0.181567,38.60526],[-0.181552,38.605234],[-0.181536,38.605212],[-0.181513,38.605193],[-0.181497,38.605181],[-0.181475,38.605168],[-0.181453,38.605166],[-0.181436,38.605166],[-0.181418,38.605169],[-0.181403,38.605178],[-0.18139,38.605191],[-0.181377,38.605203],[-0.18136,38.605217],[-0.181342,38.60523],[-0.181318,38.605237],[-0.181294,38.605243],[-0.181269,38.605252],[-0.181245,38.60526],[-0.181199,38.60529],[-0.181161,38.605307],[-0.181071,38.605344],[-0.18102,38.605365],[-0.180985,38.605373],[-0.18095,38.605379],[-0.180916,38.605384],[-0.180883,38.605384],[-0.180853,38.605382],[-0.180824,38.605372],[-0.180807,38.605365],[-0.180784,38.605353],[-0.18076,38.605343],[-0.18072,38.605336],[-0.180679,38.605331],[-0.180642,38.605328],[-0.180604,38.605325],[-0.180571,38.605323],[-0.180538,38.605321],[-0.18051,38.605315],[-0.180483,38.605306],[-0.180437,38.605291],[-0.180394,38.605272],[-0.180339,38.605245],[-0.180283,38.605217],[-0.180213,38.605181],[-0.180144,38.605144],[-0.180102,38.605118],[-0.180062,38.605091],[-0.180047,38.60508],[-0.180027,38.605062],[-0.180005,38.605045],[-0.179977,38.605029],[-0.179945,38.605017],[-0.179895,38.605001],[-0.179845,38.604984],[-0.17981,38.604964],[-0.179793,38.604954],[-0.179775,38.604944],[-0.179698,38.604914],[-0.179654,38.604896],[-0.179586,38.604866],[-0.179574,38.604855],[-0.179565,38.604841],[-0.179565,38.604819],[-0.179572,38.604769],[-0.179581,38.604741],[-0.179588,38.604726],[-0.179603,38.604705],[-0.179615,38.604683],[-0.179622,38.604667],[-0.179628,38.604643],[-0.179627,38.604618],[-0.179625,38.604604],[-0.179613,38.60458],[-0.1796,38.604565],[-0.179582,38.604558],[-0.179553,38.604559],[-0.179484,38.604588],[-0.179415,38.604617],[-0.179393,38.604624],[-0.179372,38.60463],[-0.179344,38.604632],[-0.179316,38.60463],[-0.179296,38.604626],[-0.17928,38.604614],[-0.179268,38.604599],[-0.179264,38.604583],[-0.179258,38.604535],[-0.179255,38.604504],[-0.17925,38.604472],[-0.179246,38.604457],[-0.179236,38.604436],[-0.179225,38.604414],[-0.179214,38.604393],[-0.179197,38.604367],[-0.179181,38.604358],[-0.179134,38.604345],[-0.179115,38.60434],[-0.179092,38.604331],[-0.179071,38.604316],[-0.179054,38.604305],[-0.179034,38.604296],[-0.179005,38.604297],[-0.178983,38.604302],[-0.178911,38.604324],[-0.178894,38.604329],[-0.178876,38.604333],[-0.178851,38.604335],[-0.178826,38.604335],[-0.178795,38.604328],[-0.178775,38.604308],[-0.178767,38.604291],[-0.178762,38.604274],[-0.178758,38.604257],[-0.17876,38.604242],[-0.178768,38.604223],[-0.178784,38.60421],[-0.178796,38.604198],[-0.1788,38.604178],[-0.178785,38.604151],[-0.178769,38.604135],[-0.178746,38.604114],[-0.178731,38.604104],[-0.178636,38.604048],[-0.17856,38.604013],[-0.178527,38.603999],[-0.178424,38.603968],[-0.178326,38.603934],[-0.178277,38.60392],[-0.178227,38.603912],[-0.178188,38.603908],[-0.178147,38.603906],[-0.178103,38.603904],[-0.178058,38.603902],[-0.178017,38.603894],[-0.177943,38.603874],[-0.177925,38.603868],[-0.177912,38.603859],[-0.177877,38.603829],[-0.177745,38.603716],[-0.177699,38.60368],[-0.177653,38.603645],[-0.177631,38.603626],[-0.177613,38.603607],[-0.177598,38.603586],[-0.177584,38.603566],[-0.177563,38.60354],[-0.177551,38.603527],[-0.177536,38.603518],[-0.177511,38.603508],[-0.177486,38.6035],[-0.177419,38.603479],[-0.177402,38.603473],[-0.177388,38.603465],[-0.177364,38.603444],[-0.177355,38.60343],[-0.177328,38.603357],[-0.177316,38.603328],[-0.177306,38.603311],[-0.177284,38.603289],[-0.17726,38.603267],[-0.177239,38.603247],[-0.177216,38.603227],[-0.177194,38.603214],[-0.17717,38.603201],[-0.177138,38.603182],[-0.177106,38.603161],[-0.177092,38.603151],[-0.17708,38.603139],[-0.177076,38.603123],[-0.177073,38.603107],[-0.177069,38.603084],[-0.177064,38.603061],[-0.177045,38.602985],[-0.177038,38.60296],[-0.177014,38.602951],[-0.176972,38.602947],[-0.176954,38.602947],[-0.176937,38.60295],[-0.176906,38.602957],[-0.176876,38.602965],[-0.176857,38.602971],[-0.176837,38.602977],[-0.17682,38.60298],[-0.176794,38.602981],[-0.176768,38.602979],[-0.176717,38.602973],[-0.176667,38.602966],[-0.176614,38.602956],[-0.176565,38.602939],[-0.176514,38.602918],[-0.176464,38.602895],[-0.17642,38.602871],[-0.176376,38.602846],[-0.17633,38.602818],[-0.176286,38.602792],[-0.176269,38.60278],[-0.176249,38.602761],[-0.17623,38.60274],[-0.176193,38.602695],[-0.176162,38.602648],[-0.176141,38.602614],[-0.17612,38.602578],[-0.1761,38.602527],[-0.176083,38.602475],[-0.176077,38.602448],[-0.176072,38.602421],[-0.176066,38.602396],[-0.176057,38.602378],[-0.176041,38.602363],[-0.176022,38.602352],[-0.176003,38.60234],[-0.175969,38.602314],[-0.175937,38.602287],[-0.175911,38.602263],[-0.175893,38.602237],[-0.175879,38.60221],[-0.175865,38.602183],[-0.175836,38.602123],[-0.175816,38.602088],[-0.17579,38.602057],[-0.175765,38.60203],[-0.175738,38.602005],[-0.175705,38.601978],[-0.175671,38.60195],[-0.175619,38.601912],[-0.175591,38.601893],[-0.175561,38.601879],[-0.175509,38.601856],[-0.175455,38.601835],[-0.175243,38.601753],[-0.175211,38.60174],[-0.175182,38.601725],[-0.175154,38.601706],[-0.175068,38.601634],[-0.175001,38.601583],[-0.174933,38.601532],[-0.174908,38.601512],[-0.174885,38.60149],[-0.174868,38.601463],[-0.174852,38.601435],[-0.17484,38.601411],[-0.174828,38.601386],[-0.174817,38.601358],[-0.174818,38.601347],[-0.17482,38.601332],[-0.174819,38.601306],[-0.174817,38.601285],[-0.174812,38.601264],[-0.174804,38.601248],[-0.174787,38.60124],[-0.17476,38.601235],[-0.174734,38.601225],[-0.174715,38.601216],[-0.174695,38.601197],[-0.174677,38.601178],[-0.17466,38.601155],[-0.174643,38.601134],[-0.174623,38.601114],[-0.174602,38.601094],[-0.174579,38.601076],[-0.174548,38.601055],[-0.174526,38.601047],[-0.17451,38.601041],[-0.174492,38.60103],[-0.17448,38.601014],[-0.17447,38.600993],[-0.174468,38.600977],[-0.174474,38.60095],[-0.174483,38.600928],[-0.17451,38.600884],[-0.174535,38.600842],[-0.174557,38.600809],[-0.174565,38.600791],[-0.174565,38.600773],[-0.174561,38.600687],[-0.174561,38.600661],[-0.174566,38.600624],[-0.174582,38.600522],[-0.174634,38.600306],[-0.174638,38.600276],[-0.174643,38.600245],[-0.17466,38.600197],[-0.17471,38.600055],[-0.174725,38.600011],[-0.17474,38.599968],[-0.174743,38.599949],[-0.174746,38.599921],[-0.174749,38.599893],[-0.174757,38.599857],[-0.17477,38.599821],[-0.174782,38.599795],[-0.174798,38.599769],[-0.174833,38.599723],[-0.174851,38.599697],[-0.174867,38.599671],[-0.174873,38.599658],[-0.174874,38.599639],[-0.174873,38.599619],[-0.17487,38.5996],[-0.174863,38.599571],[-0.174859,38.599543],[-0.17486,38.599515],[-0.174862,38.599487],[-0.174861,38.59946],[-0.174855,38.599428],[-0.174849,38.599416],[-0.174832,38.599393],[-0.174812,38.599371],[-0.174746,38.599313],[-0.174695,38.599268],[-0.174676,38.59925],[-0.174658,38.599232],[-0.174647,38.599218],[-0.17464,38.599198],[-0.174641,38.599178],[-0.174623,38.599157],[-0.174613,38.599125],[-0.174614,38.599108],[-0.174646,38.599015],[-0.174654,38.598985],[-0.174641,38.598969],[-0.174625,38.598958],[-0.174596,38.59894],[-0.174568,38.598922],[-0.174446,38.59885],[-0.174426,38.598838],[-0.174399,38.598816],[-0.174373,38.598794],[-0.174344,38.598768],[-0.174331,38.598754],[-0.174323,38.598738],[-0.174315,38.59871],[-0.174307,38.598681],[-0.174286,38.598594],[-0.174263,38.598493],[-0.174258,38.598475],[-0.174246,38.598458],[-0.17423,38.598444],[-0.17421,38.598432],[-0.17418,38.598416],[-0.174149,38.598399],[-0.174134,38.598389],[-0.174119,38.59837],[-0.174105,38.598349],[-0.174093,38.598325],[-0.174094,38.598307],[-0.174104,38.598278],[-0.174122,38.598259],[-0.174164,38.598221],[-0.174186,38.598201],[-0.174209,38.598176],[-0.174215,38.598158],[-0.174212,38.598145],[-0.174196,38.598097],[-0.174186,38.59807],[-0.174184,38.598049],[-0.174195,38.598022],[-0.174205,38.598003],[-0.174208,38.59799],[-0.174208,38.597974],[-0.1742,38.59795],[-0.174192,38.597925],[-0.174181,38.597882],[-0.174169,38.597839],[-0.174161,38.597821],[-0.17414,38.597798],[-0.174117,38.597776],[-0.174098,38.597761],[-0.174008,38.597685],[-0.173972,38.597654],[-0.173938,38.597622],[-0.173911,38.597608],[-0.173877,38.597594],[-0.173841,38.597581],[-0.17378,38.597557],[-0.173718,38.597535],[-0.173701,38.597532],[-0.173673,38.597531],[-0.173645,38.597529],[-0.173623,38.597524],[-0.173589,38.597515],[-0.173557,38.597503],[-0.173536,38.59749],[-0.173505,38.597468],[-0.173489,38.597457],[-0.173472,38.597448],[-0.173293,38.597371],[-0.173231,38.597342],[-0.173192,38.597315],[-0.173155,38.597287],[-0.173123,38.597262],[-0.173091,38.597238],[-0.173055,38.597207],[-0.173002,38.597159],[-0.17295,38.597109],[-0.17291,38.597071],[-0.172871,38.597031],[-0.172857,38.597014],[-0.172846,38.596997],[-0.17284,38.596973],[-0.172837,38.596949],[-0.172817,38.596763],[-0.172814,38.596718],[-0.172813,38.596672],[-0.172819,38.596639],[-0.172817,38.596608],[-0.172812,38.596589],[-0.172771,38.59649],[-0.172742,38.596418],[-0.172729,38.596386],[-0.17271,38.596355],[-0.172685,38.596318],[-0.172616,38.596219],[-0.172599,38.596196],[-0.172572,38.596161],[-0.172539,38.596128],[-0.172484,38.596078],[-0.172403,38.596004],[-0.172377,38.59598],[-0.172362,38.595962],[-0.172343,38.595935],[-0.172324,38.595907],[-0.1723,38.595879],[-0.172262,38.595842],[-0.172223,38.595812],[-0.172183,38.595783],[-0.172131,38.595753],[-0.172077,38.595724],[-0.172039,38.595705],[-0.171999,38.595689],[-0.171963,38.595679],[-0.171926,38.595673],[-0.171907,38.595674],[-0.171878,38.595676],[-0.17185,38.595678],[-0.171806,38.595675],[-0.171763,38.595672],[-0.171721,38.595669],[-0.171679,38.595665],[-0.171648,38.595659],[-0.171633,38.595653],[-0.171615,38.595639],[-0.171604,38.595618],[-0.171602,38.595601],[-0.171601,38.595575],[-0.171611,38.59555],[-0.171623,38.595524],[-0.171634,38.595514],[-0.171646,38.595505],[-0.171676,38.595489],[-0.171706,38.595474],[-0.171731,38.59546],[-0.171755,38.595445],[-0.171767,38.595434],[-0.17178,38.595415],[-0.171788,38.595395],[-0.171791,38.595344],[-0.171796,38.595269],[-0.1718,38.595229],[-0.1718,38.595204],[-0.171796,38.59518],[-0.171787,38.59516],[-0.17177,38.595132],[-0.171745,38.595108],[-0.17173,38.595095],[-0.171707,38.595079],[-0.171678,38.595068],[-0.171632,38.595055],[-0.171586,38.595046],[-0.17154,38.595045],[-0.171472,38.595046],[-0.171404,38.595051],[-0.171359,38.595061],[-0.171314,38.595073],[-0.171263,38.59509],[-0.171217,38.595113],[-0.171142,38.595155],[-0.17109,38.59518],[-0.171074,38.595182],[-0.171042,38.595184],[-0.171017,38.595162],[-0.170947,38.595074],[-0.170925,38.59505],[-0.170899,38.595028],[-0.170881,38.595017],[-0.170853,38.595002],[-0.170827,38.594986],[-0.170775,38.594945],[-0.17073,38.594898],[-0.170635,38.594785],[-0.170603,38.594755],[-0.170567,38.594726],[-0.170539,38.594708],[-0.170506,38.594699],[-0.170486,38.594695],[-0.170455,38.594692],[-0.170425,38.594697],[-0.170401,38.594704],[-0.170365,38.594716],[-0.170329,38.594727],[-0.170252,38.594743],[-0.170173,38.594751],[-0.170122,38.594753],[-0.170068,38.59475],[-0.170035,38.594746],[-0.169986,38.594739],[-0.169937,38.594724],[-0.16991,38.59471],[-0.169898,38.594701],[-0.169886,38.594691],[-0.16987,38.594666],[-0.169857,38.59464],[-0.169836,38.594581],[-0.169817,38.594522],[-0.169782,38.594407],[-0.169771,38.594374],[-0.169762,38.594358],[-0.169747,38.594337],[-0.169723,38.594325],[-0.169702,38.59432],[-0.16963,38.59431],[-0.169558,38.594309],[-0.169481,38.594311],[-0.169405,38.594313],[-0.169343,38.594308],[-0.169281,38.594302],[-0.16923,38.594292],[-0.169179,38.594281],[-0.169146,38.594267],[-0.16913,38.594258],[-0.169114,38.594248],[-0.169093,38.594223],[-0.169087,38.594206],[-0.169087,38.594172],[-0.16909,38.594137],[-0.169094,38.594098],[-0.1691,38.594058],[-0.169105,38.594041],[-0.169115,38.594015],[-0.169124,38.59399],[-0.169132,38.593958],[-0.169134,38.593943],[-0.169131,38.593927],[-0.169123,38.593898],[-0.169101,38.593857],[-0.169076,38.593816],[-0.169038,38.593769],[-0.169017,38.593747],[-0.168992,38.593724],[-0.168961,38.593706],[-0.168937,38.593695],[-0.168902,38.593681],[-0.168883,38.593679],[-0.168864,38.593678],[-0.168839,38.593678],[-0.168801,38.593681],[-0.168764,38.593691],[-0.168723,38.593703],[-0.168682,38.593716],[-0.168662,38.593723],[-0.168639,38.593729],[-0.168622,38.593718],[-0.168601,38.593687],[-0.168585,38.59366],[-0.168574,38.59364],[-0.168558,38.593615],[-0.168536,38.593595],[-0.168503,38.593576],[-0.168487,38.593566],[-0.168472,38.593555],[-0.168444,38.593526],[-0.168418,38.593495],[-0.168394,38.593459],[-0.168382,38.593421],[-0.168377,38.593394],[-0.168378,38.593367],[-0.168385,38.593317],[-0.168393,38.593267],[-0.168394,38.593237],[-0.168387,38.593208],[-0.168376,38.593189],[-0.168323,38.593178],[-0.168278,38.593171],[-0.168223,38.593165],[-0.168168,38.593157],[-0.168129,38.59315],[-0.168074,38.593132],[-0.168018,38.593113],[-0.167974,38.593099],[-0.167952,38.59309],[-0.16793,38.593072],[-0.167921,38.593052],[-0.167925,38.592987],[-0.167926,38.592953],[-0.167924,38.592919],[-0.167918,38.592907],[-0.167903,38.59289],[-0.167881,38.592878],[-0.167861,38.592868],[-0.16783,38.592858],[-0.167797,38.592852],[-0.167686,38.592845],[-0.167579,38.592834],[-0.167545,38.592836],[-0.167494,38.592842],[-0.167469,38.592845],[-0.167444,38.592847],[-0.167423,38.592846],[-0.167393,38.592838],[-0.167357,38.592823],[-0.167345,38.592807],[-0.167343,38.592791],[-0.167349,38.592776],[-0.167367,38.592762],[-0.16738,38.592751],[-0.167396,38.592723],[-0.167402,38.592709],[-0.167402,38.592694],[-0.167398,38.592666],[-0.167389,38.592637],[-0.167373,38.592612],[-0.167355,38.592597],[-0.167333,38.592591],[-0.167316,38.592586],[-0.167298,38.592579],[-0.167282,38.592567],[-0.167268,38.592552],[-0.167248,38.592529],[-0.167235,38.592503],[-0.167216,38.592462],[-0.167197,38.59242],[-0.167161,38.592332],[-0.167148,38.592313],[-0.167136,38.5923],[-0.167116,38.592281],[-0.16709,38.592266],[-0.167064,38.592257],[-0.167033,38.592259],[-0.16701,38.592265],[-0.16698,38.592277],[-0.166964,38.592291],[-0.166957,38.592311],[-0.166954,38.592332],[-0.166947,38.592377],[-0.166938,38.592391],[-0.166914,38.592405],[-0.166884,38.592412],[-0.166861,38.592414],[-0.166828,38.592415],[-0.166812,38.592411],[-0.166797,38.592405],[-0.166781,38.592396],[-0.166764,38.592379],[-0.16675,38.59236],[-0.16673,38.592332],[-0.166722,38.592318],[-0.166716,38.592304],[-0.166714,38.59227],[-0.166714,38.592235],[-0.166716,38.592133],[-0.166716,38.592086],[-0.166714,38.592038],[-0.16671,38.592012],[-0.166699,38.591972],[-0.166682,38.591934],[-0.166662,38.591895],[-0.166632,38.59186],[-0.166613,38.591841],[-0.166582,38.591817],[-0.166543,38.591799],[-0.166509,38.591787],[-0.166474,38.591779],[-0.166421,38.591777],[-0.166367,38.591777],[-0.166324,38.591779],[-0.166271,38.59178],[-0.166182,38.591778],[-0.166138,38.591773],[-0.166094,38.591766]]},"properties":{"id_origen":"HY-N_WATERCOURSELINK_ES080HYWCLL0000008292403","local_id":"ES080HYWCLL0000008292403","nombre":"Barranc d'Iborra","long_municipal_m":3075.28}},{"type":"Feature","id":201,"geometry":{"type":"LineString","coordinates":[[-0.165965,38.58877],[-0.165954,38.588741],[-0.165941,38.58871],[-0.165932,38.588696],[-0.165918,38.588685],[-0.165883,38.58866],[-0.165862,38.588652],[-0.16584,38.588646],[-0.165818,38.588641],[-0.165785,38.588636],[-0.165751,38.588636],[-0.165699,38.58864],[-0.165666,38.588639],[-0.165639,38.588622],[-0.165623,38.588606],[-0.165602,38.588588],[-0.165579,38.588562],[-0.165574,38.58854],[-0.165575,38.588523],[-0.165579,38.588494],[-0.165586,38.588465],[-0.165603,38.588433],[-0.165622,38.588402],[-0.165644,38.58837],[-0.165667,38.588338],[-0.165681,38.588311],[-0.165695,38.588283],[-0.165704,38.588263],[-0.165705,38.588248],[-0.165697,38.588231],[-0.165681,38.588215],[-0.165659,38.588204],[-0.165622,38.588188],[-0.165584,38.588173],[-0.165546,38.588159],[-0.165508,38.588146],[-0.165459,38.58813],[-0.165408,38.588119],[-0.16537,38.588115],[-0.165332,38.588112],[-0.165253,38.588101],[-0.165216,38.588098],[-0.165172,38.588092],[-0.165145,38.588079],[-0.16513,38.588064],[-0.165118,38.588051],[-0.165104,38.588031],[-0.165094,38.588011],[-0.165093,38.587987],[-0.165094,38.587964],[-0.165097,38.587941],[-0.1651,38.587918],[-0.165093,38.587894],[-0.165083,38.587869],[-0.165055,38.587821],[-0.165027,38.587774],[-0.16499,38.587712],[-0.16495,38.587652],[-0.16494,38.587639],[-0.164919,38.587626],[-0.164895,38.587613],[-0.164861,38.587599],[-0.164825,38.587591],[-0.164789,38.587585],[-0.164762,38.587586],[-0.164715,38.587593],[-0.164676,38.587599],[-0.164639,38.587604],[-0.164603,38.587605],[-0.164572,38.587603],[-0.164556,38.587595],[-0.164539,38.587582],[-0.164524,38.587559],[-0.164499,38.58751],[-0.16449,38.587485],[-0.164485,38.587462],[-0.164483,38.58744],[-0.164487,38.587421],[-0.164494,38.587385],[-0.164467,38.587353],[-0.16445,38.587325],[-0.164441,38.587311],[-0.164427,38.587302],[-0.164402,38.587289],[-0.164367,38.587277],[-0.164309,38.58728],[-0.16427,38.587284],[-0.164231,38.587288],[-0.164204,38.587287],[-0.164191,38.587273],[-0.164179,38.587252],[-0.164164,38.587227],[-0.164149,38.587202],[-0.164134,38.58718],[-0.164117,38.587152],[-0.164108,38.587128],[-0.164101,38.587116],[-0.164086,38.587103],[-0.164066,38.587092],[-0.164046,38.587081],[-0.164017,38.587062],[-0.163993,38.587039],[-0.163978,38.58702],[-0.163964,38.58699],[-0.163952,38.586959],[-0.163934,38.58691],[-0.163927,38.586886],[-0.163925,38.586861],[-0.163926,38.586829],[-0.163928,38.586796],[-0.163931,38.586765],[-0.163933,38.586733],[-0.163932,38.586724],[-0.163931,38.586719],[-0.163916,38.5867],[-0.163897,38.586683],[-0.163856,38.58665],[-0.163811,38.586623],[-0.163752,38.58659],[-0.16369,38.586559],[-0.163642,38.586543],[-0.163594,38.586529],[-0.16353,38.586511],[-0.163497,38.586505],[-0.163465,38.586498],[-0.163426,38.586492],[-0.163387,38.586486],[-0.163355,38.586479],[-0.163326,38.586467],[-0.163299,38.586451],[-0.163274,38.586435],[-0.163242,38.586416],[-0.163208,38.586399],[-0.163173,38.586392],[-0.163138,38.586386],[-0.163082,38.586378],[-0.163054,38.586375],[-0.163026,38.586375],[-0.162988,38.586377],[-0.162949,38.58638],[-0.162919,38.586383],[-0.162882,38.586384],[-0.162856,38.586372],[-0.162838,38.586358],[-0.162807,38.586332],[-0.162777,38.586306],[-0.162752,38.586283],[-0.162722,38.586257],[-0.162701,38.586249],[-0.162685,38.586247],[-0.162653,38.58625],[-0.162621,38.586253],[-0.162592,38.586254],[-0.162563,38.586255],[-0.162525,38.586248],[-0.162488,38.586238],[-0.162426,38.586217],[-0.162368,38.58619],[-0.162318,38.586166],[-0.162271,38.586139],[-0.162235,38.58611],[-0.1622,38.586079],[-0.162162,38.586044],[-0.162123,38.586008],[-0.162093,38.585978],[-0.162059,38.585939],[-0.162036,38.58591],[-0.162015,38.58588],[-0.161997,38.585838],[-0.161982,38.585794],[-0.161974,38.585754],[-0.161969,38.585741],[-0.161957,38.585726],[-0.161944,38.585712],[-0.161925,38.585692],[-0.161904,38.585666],[-0.1619,38.585645],[-0.161905,38.58563],[-0.161915,38.585614],[-0.161926,38.585598],[-0.161936,38.585583],[-0.161947,38.585565],[-0.161947,38.585547],[-0.161943,38.585533],[-0.161933,38.585503],[-0.161925,38.585472],[-0.161922,38.585414],[-0.161915,38.585355],[-0.161912,38.585295],[-0.161909,38.585264],[-0.161902,38.585234],[-0.16189,38.585196],[-0.161878,38.585158],[-0.161858,38.585067],[-0.161849,38.585042],[-0.161831,38.585019],[-0.161811,38.584999],[-0.161789,38.58498],[-0.161752,38.584959],[-0.161715,38.584938],[-0.161667,38.584913],[-0.161638,38.584899],[-0.161619,38.584886],[-0.161588,38.584837],[-0.161576,38.584787],[-0.161567,38.58476],[-0.161557,38.584734],[-0.161538,38.58468],[-0.161534,38.584666],[-0.161532,38.584645],[-0.161539,38.584625],[-0.161551,38.584604],[-0.161564,38.584583],[-0.161592,38.584544],[-0.161601,38.584525],[-0.161599,38.584506],[-0.161592,38.584487],[-0.161576,38.58447],[-0.161551,38.584452],[-0.161534,38.584446],[-0.161474,38.584436],[-0.161439,38.584429],[-0.161403,38.584421],[-0.161377,38.584415],[-0.161348,38.584401],[-0.161334,38.584383],[-0.161327,38.584367],[-0.161318,38.58434],[-0.161321,38.584313],[-0.16134,38.584262],[-0.161344,38.584235],[-0.161339,38.584208],[-0.161329,38.584179],[-0.161316,38.584151],[-0.161295,38.584121],[-0.161252,38.584061],[-0.16123,38.584033],[-0.161198,38.584005],[-0.161164,38.583978],[-0.161077,38.583912],[-0.161049,38.583887],[-0.161037,38.583864],[-0.161031,38.583846],[-0.161023,38.583816],[-0.161014,38.583786],[-0.161001,38.583751],[-0.160992,38.583734],[-0.160978,38.58372],[-0.160922,38.583665],[-0.160899,38.583644],[-0.160876,38.583621],[-0.160866,38.583609],[-0.16086,38.58359],[-0.160858,38.583576],[-0.16087,38.583544],[-0.160884,38.583516],[-0.160914,38.583463],[-0.16093,38.58343],[-0.160938,38.583397],[-0.16094,38.583384],[-0.16094,38.583363],[-0.160923,38.583343],[-0.160909,38.583327],[-0.160885,38.583309],[-0.160861,38.583291],[-0.160825,38.583266],[-0.16079,38.583241],[-0.160757,38.583212],[-0.160743,38.583196],[-0.16073,38.583179],[-0.1607,38.583118],[-0.160673,38.583057],[-0.160665,38.583024],[-0.160659,38.582987],[-0.160657,38.582964],[-0.160656,38.58293],[-0.160654,38.582914],[-0.160649,38.582898],[-0.160595,38.582763],[-0.160531,38.582655],[-0.160525,38.58264],[-0.160518,38.582626],[-0.160452,38.582515],[-0.160436,38.58248],[-0.160417,38.582443],[-0.160397,38.582406],[-0.160369,38.582358],[-0.160336,38.58231],[-0.160264,38.582213],[-0.160234,38.582169],[-0.160205,38.582125],[-0.160184,38.582092],[-0.160169,38.582057],[-0.160158,38.582025],[-0.160149,38.581994],[-0.160139,38.581955],[-0.160128,38.581916],[-0.160113,38.581877],[-0.160092,38.581839],[-0.160074,38.581809],[-0.160056,38.581779],[-0.160037,38.581732],[-0.160018,38.581684],[-0.159998,38.581637],[-0.159977,38.58159],[-0.159962,38.581557],[-0.159941,38.581527],[-0.159922,38.581507],[-0.159899,38.58149],[-0.159865,38.581464],[-0.15983,38.581439],[-0.159801,38.581421],[-0.159786,38.581411],[-0.159772,38.581399],[-0.159755,38.581378],[-0.159755,38.581364],[-0.159764,38.581336],[-0.159773,38.581309],[-0.159798,38.58124],[-0.159806,38.581209],[-0.159806,38.581178],[-0.159801,38.581151],[-0.159791,38.581136],[-0.159763,38.58111],[-0.159735,38.581084],[-0.159686,38.581035],[-0.159618,38.580941],[-0.159597,38.580903],[-0.159542,38.580782],[-0.159537,38.580755],[-0.159528,38.580723],[-0.15952,38.580705],[-0.159513,38.580683],[-0.159505,38.580654],[-0.159473,38.580582],[-0.159456,38.580542],[-0.159439,38.580501],[-0.159419,38.580455],[-0.159397,38.580409],[-0.159374,38.58037],[-0.159345,38.580333],[-0.159255,38.58022],[-0.159211,38.580165],[-0.159169,38.580109],[-0.159088,38.579994],[-0.159029,38.579912],[-0.158969,38.579831],[-0.158877,38.579711],[-0.158846,38.579662],[-0.15883,38.579637],[-0.158812,38.579613],[-0.158787,38.579584],[-0.158761,38.579556],[-0.158722,38.579513],[-0.158714,38.5795],[-0.158707,38.57948],[-0.158699,38.57946],[-0.158617,38.57934],[-0.15857,38.579271],[-0.158545,38.579243],[-0.158518,38.579216],[-0.158496,38.579191],[-0.158474,38.579167],[-0.158467,38.579154],[-0.15846,38.579134],[-0.158452,38.579114],[-0.158438,38.579094],[-0.158418,38.579077],[-0.158387,38.579059],[-0.158357,38.579042],[-0.158327,38.579023],[-0.158299,38.579003],[-0.158279,38.578984],[-0.158265,38.578962],[-0.158259,38.578948],[-0.158252,38.578927],[-0.158242,38.578907],[-0.158208,38.578874],[-0.158194,38.578856],[-0.158183,38.578837],[-0.158153,38.578777],[-0.158141,38.578757],[-0.15813,38.578737],[-0.158079,38.578656]]},"properties":{"id_origen":"HY-N_WATERCOURSELINK_ES080HYWCLL0000008292399","local_id":"ES080HYWCLL0000008292399","nombre":"Barranc del Lliriet","long_municipal_m":1472.24}},{"type":"Feature","id":202,"geometry":{"type":"LineString","coordinates":[[-0.135657,38.568374],[-0.135628,38.568364],[-0.135604,38.568356],[-0.13557,38.568343],[-0.135537,38.568329],[-0.135519,38.56832],[-0.1355,38.568307],[-0.135481,38.568294],[-0.135459,38.568279],[-0.135429,38.568256],[-0.135407,38.568239],[-0.135394,38.568229],[-0.135375,38.568213],[-0.135361,38.5682],[-0.135349,38.568186],[-0.135336,38.568168],[-0.135321,38.568143],[-0.13531,38.568123],[-0.1353,38.568103],[-0.135294,38.568083],[-0.135286,38.568057],[-0.13528,38.568032],[-0.135274,38.568006],[-0.13527,38.567986],[-0.135269,38.56797],[-0.135267,38.567955],[-0.135265,38.567941],[-0.135263,38.567915],[-0.135261,38.567891],[-0.13526,38.567873],[-0.135259,38.567855],[-0.135258,38.567837],[-0.135257,38.567819],[-0.135257,38.567805],[-0.135258,38.567783],[-0.13526,38.567762],[-0.135263,38.567741],[-0.135267,38.567718],[-0.135271,38.567694],[-0.135275,38.567674],[-0.135287,38.567643],[-0.135295,38.567624],[-0.135306,38.5676],[-0.135317,38.567576],[-0.135332,38.567547],[-0.135352,38.567515],[-0.135376,38.567478],[-0.135384,38.567465],[-0.135398,38.567448],[-0.135416,38.567429],[-0.135453,38.567391],[-0.135463,38.567369],[-0.135469,38.567352],[-0.13547,38.567332],[-0.135468,38.567313],[-0.135464,38.567297],[-0.13545,38.567271],[-0.13542,38.567215],[-0.135413,38.567203],[-0.135399,38.567176],[-0.135377,38.567131],[-0.135371,38.567116],[-0.135364,38.567101],[-0.135363,38.567085],[-0.135369,38.567068],[-0.135377,38.567052],[-0.135385,38.567038],[-0.135414,38.566987],[-0.135432,38.566938],[-0.135434,38.56692],[-0.135432,38.566904],[-0.13543,38.566891],[-0.135421,38.56687],[-0.135407,38.566851],[-0.135396,38.566838],[-0.135384,38.566825],[-0.135367,38.566807],[-0.135338,38.566782],[-0.135318,38.566764],[-0.135303,38.566752],[-0.135286,38.566738],[-0.135272,38.566728],[-0.135252,38.566716],[-0.13522,38.566704],[-0.135194,38.566696],[-0.135174,38.566691],[-0.135144,38.566684],[-0.135071,38.566668],[-0.135037,38.566658],[-0.134947,38.566625],[-0.134929,38.566618],[-0.134908,38.566607],[-0.134891,38.566598],[-0.134874,38.566588],[-0.134854,38.566573],[-0.134834,38.566554],[-0.134821,38.566539],[-0.134805,38.566521],[-0.13479,38.566502],[-0.134772,38.566479],[-0.134755,38.566452],[-0.134726,38.566403],[-0.134706,38.566368],[-0.134692,38.566342],[-0.134652,38.566269],[-0.134636,38.566255],[-0.134603,38.566229],[-0.134599,38.566204],[-0.134599,38.566184],[-0.1346,38.566155],[-0.134602,38.566139],[-0.134602,38.566122],[-0.134603,38.566104],[-0.134605,38.566088],[-0.134606,38.566071],[-0.134608,38.566058],[-0.134611,38.566043],[-0.134618,38.566028],[-0.134625,38.566017],[-0.134632,38.566005],[-0.134643,38.565992],[-0.134659,38.565972],[-0.134685,38.565939],[-0.134694,38.565926],[-0.134717,38.565883],[-0.134732,38.565854],[-0.134743,38.565832],[-0.13475,38.565814],[-0.134756,38.5658],[-0.134757,38.565785],[-0.134758,38.56577],[-0.134757,38.565723],[-0.134756,38.565698],[-0.134751,38.565645],[-0.134737,38.56563],[-0.134717,38.565619],[-0.134689,38.565605],[-0.134665,38.565595],[-0.134613,38.565572],[-0.134596,38.565562],[-0.134572,38.565541],[-0.134546,38.565518],[-0.134478,38.565458],[-0.134403,38.565392],[-0.134383,38.565375],[-0.134363,38.565359],[-0.134344,38.565348],[-0.134326,38.565341],[-0.134307,38.565334],[-0.134289,38.565327],[-0.134266,38.56532],[-0.134236,38.565313],[-0.134144,38.565294],[-0.134122,38.56529],[-0.134115,38.565289],[-0.134003,38.56527],[-0.133946,38.565261],[-0.133824,38.565246],[-0.133785,38.565242],[-0.133779,38.565242],[-0.133739,38.565238],[-0.1337,38.565235],[-0.133674,38.565233],[-0.133634,38.56523],[-0.133584,38.565226],[-0.133545,38.565224],[-0.133499,38.565221],[-0.133452,38.565219],[-0.133421,38.565218],[-0.133389,38.565218],[-0.133342,38.565218],[-0.133319,38.565219],[-0.133296,38.565219],[-0.133268,38.565219],[-0.13324,38.56522],[-0.133215,38.565221],[-0.133182,38.565223],[-0.13314,38.565225],[-0.133098,38.565228],[-0.133057,38.565233],[-0.133016,38.56524],[-0.132983,38.565246],[-0.13295,38.565252],[-0.132917,38.565259],[-0.132891,38.565267],[-0.132868,38.565275],[-0.132846,38.565283],[-0.13282,38.565293],[-0.132786,38.565308],[-0.132721,38.565335],[-0.132705,38.565341],[-0.132677,38.56535],[-0.132649,38.56536],[-0.132616,38.565368],[-0.132586,38.565374],[-0.132568,38.565377],[-0.13255,38.565379],[-0.132533,38.565378],[-0.132505,38.565375],[-0.132463,38.565366],[-0.132437,38.56536],[-0.132412,38.565348],[-0.132392,38.565335],[-0.132374,38.565313],[-0.132364,38.565299],[-0.132352,38.565281],[-0.132342,38.565263],[-0.132332,38.565241],[-0.132315,38.565203],[-0.132287,38.565139],[-0.132265,38.56509],[-0.132246,38.565046],[-0.132229,38.565008],[-0.132221,38.564991],[-0.132214,38.564976],[-0.132196,38.564938],[-0.132189,38.564924],[-0.132178,38.564909],[-0.132159,38.564892],[-0.132141,38.56488],[-0.132126,38.564871],[-0.1321,38.564858],[-0.132064,38.564842],[-0.132046,38.564833],[-0.132017,38.564822],[-0.131993,38.564815],[-0.131969,38.564808],[-0.131944,38.564802],[-0.131924,38.564798],[-0.131894,38.564794],[-0.131856,38.564792],[-0.131838,38.564792],[-0.131811,38.564793],[-0.131779,38.564795],[-0.131749,38.5648],[-0.13171,38.564808],[-0.131676,38.564815],[-0.131626,38.564827],[-0.131551,38.564845],[-0.131468,38.564864],[-0.131435,38.564871],[-0.131401,38.564878],[-0.13137,38.564884],[-0.131302,38.564894],[-0.131232,38.564904],[-0.131213,38.564906],[-0.131176,38.56491],[-0.131157,38.56491],[-0.131138,38.564905],[-0.131129,38.564886],[-0.131117,38.564856],[-0.131101,38.564816],[-0.131096,38.564803],[-0.131048,38.564681],[-0.131038,38.564664],[-0.131026,38.564646],[-0.131002,38.564611],[-0.130994,38.564584],[-0.130989,38.564564],[-0.130986,38.564549],[-0.130982,38.564528],[-0.130979,38.564508],[-0.130974,38.564482],[-0.130966,38.564431],[-0.130963,38.564416],[-0.130959,38.564396],[-0.130955,38.56438],[-0.130947,38.564349],[-0.130933,38.564296],[-0.130929,38.564276],[-0.130924,38.564248],[-0.130921,38.564229],[-0.130922,38.564203],[-0.130924,38.564184],[-0.130927,38.564168],[-0.13093,38.56415],[-0.130932,38.564136],[-0.130935,38.564119],[-0.130941,38.564092],[-0.130958,38.564003],[-0.130962,38.563983],[-0.130965,38.563963],[-0.130967,38.563948],[-0.130975,38.563892],[-0.130977,38.563877],[-0.13098,38.563857],[-0.130992,38.563794],[-0.130998,38.563763],[-0.131005,38.563723],[-0.131009,38.563708],[-0.131012,38.563686],[-0.131016,38.563667],[-0.131019,38.563649],[-0.131024,38.563614],[-0.131026,38.563593],[-0.131032,38.563533],[-0.131033,38.563516],[-0.131033,38.56349],[-0.131033,38.563471],[-0.131031,38.563451],[-0.131023,38.563434],[-0.131014,38.563423],[-0.130996,38.563409],[-0.130972,38.563399],[-0.130951,38.563391],[-0.130933,38.563387],[-0.130896,38.563379],[-0.130851,38.563372],[-0.130812,38.563369],[-0.130791,38.563368],[-0.130765,38.563367],[-0.130744,38.563366],[-0.130723,38.563364],[-0.130695,38.563358],[-0.13067,38.563352],[-0.130651,38.563344],[-0.130635,38.56333],[-0.130621,38.563315],[-0.130611,38.563288],[-0.130606,38.563268],[-0.130604,38.563254],[-0.130604,38.563236],[-0.130605,38.56321],[-0.130606,38.563195],[-0.130607,38.563167],[-0.130608,38.563149],[-0.130609,38.563135],[-0.13061,38.563121],[-0.130612,38.563107],[-0.130615,38.563094],[-0.130619,38.563075],[-0.130625,38.563057],[-0.130629,38.563044],[-0.130638,38.563024],[-0.130656,38.562993],[-0.130672,38.562968],[-0.130689,38.562944],[-0.13071,38.562914],[-0.130731,38.562885],[-0.13076,38.562852],[-0.130799,38.562808],[-0.130844,38.562757],[-0.130861,38.562739],[-0.130874,38.562726],[-0.13092,38.562679],[-0.130931,38.562666],[-0.130936,38.562653],[-0.13094,38.562633],[-0.13094,38.56261],[-0.13094,38.562594],[-0.130939,38.562576],[-0.130938,38.562561],[-0.130937,38.562547],[-0.130935,38.562528],[-0.13093,38.56251],[-0.130924,38.562496],[-0.130917,38.562481],[-0.130906,38.562468],[-0.130887,38.562456],[-0.13085,38.562432],[-0.130803,38.562382],[-0.130793,38.56237],[-0.130783,38.562355],[-0.130774,38.562337],[-0.130761,38.562307],[-0.130744,38.562265],[-0.130732,38.562228],[-0.130721,38.562191],[-0.130709,38.562148],[-0.130698,38.562104],[-0.130686,38.562057],[-0.130679,38.562021],[-0.130673,38.561995],[-0.130665,38.561956],[-0.13064,38.561824],[-0.130638,38.561811],[-0.130633,38.561785],[-0.130628,38.561761],[-0.130621,38.561718],[-0.130612,38.561676],[-0.130594,38.561542],[-0.130545,38.561423],[-0.130419,38.56121],[-0.130154,38.560895],[-0.129841,38.56046],[-0.129775,38.560427],[-0.129672,38.560407],[-0.129451,38.560396],[-0.129286,38.560405],[-0.12913,38.560448],[-0.129049,38.560487],[-0.128931,38.560568],[-0.12879,38.56061],[-0.128183,38.560704],[-0.128025,38.560711],[-0.127869,38.5607],[-0.127722,38.560663],[-0.127421,38.560554],[-0.127317,38.560505],[-0.12721,38.560436],[-0.127152,38.560378],[-0.127113,38.560309],[-0.127036,38.560034],[-0.127015,38.559954],[-0.127009,38.559932],[-0.127003,38.559908],[-0.126981,38.559825],[-0.126945,38.559726],[-0.126936,38.5597],[-0.126846,38.559572],[-0.12682,38.559538],[-0.126797,38.559506],[-0.126753,38.559448],[-0.12673,38.559417],[-0.12671,38.559389],[-0.126688,38.55936],[-0.126673,38.55934],[-0.126667,38.559331],[-0.126591,38.559229],[-0.126524,38.559176],[-0.126487,38.559156],[-0.126462,38.559142],[-0.126444,38.559132],[-0.12642,38.559119],[-0.126395,38.559105],[-0.126362,38.559087],[-0.126321,38.559064],[-0.126299,38.559048],[-0.126286,38.559038],[-0.126263,38.559015],[-0.126239,38.55899],[-0.126228,38.558977],[-0.126213,38.558959],[-0.126186,38.558927],[-0.12617,38.558907],[-0.126161,38.558893],[-0.12613,38.558852],[-0.12612,38.558839],[-0.126102,38.558818],[-0.12609,38.558803],[-0.12607,38.558777],[-0.126054,38.558757],[-0.126039,38.558739],[-0.126029,38.558729],[-0.125989,38.558687],[-0.125976,38.558673],[-0.125963,38.558654],[-0.125954,38.558638],[-0.125943,38.558614],[-0.125889,38.558486],[-0.125872,38.558448],[-0.125853,38.55841],[-0.125844,38.558391],[-0.125834,38.558369],[-0.125806,38.55831],[-0.1258,38.558293],[-0.125795,38.558277],[-0.125791,38.558258],[-0.125764,38.558144],[-0.125762,38.55813],[-0.125758,38.558088],[-0.125756,38.558029],[-0.125753,38.558],[-0.125749,38.557976],[-0.125746,38.557951],[-0.125743,38.557932],[-0.125732,38.55786],[-0.125726,38.557805],[-0.125723,38.557785],[-0.125719,38.557754],[-0.12571,38.557669],[-0.12571,38.557648],[-0.125708,38.55762],[-0.125708,38.557584],[-0.12571,38.557547],[-0.125713,38.55753],[-0.12572,38.557514],[-0.125732,38.55749],[-0.125742,38.557471],[-0.125753,38.557448],[-0.125763,38.557424],[-0.125793,38.557362],[-0.125815,38.557326],[-0.125827,38.557313],[-0.125858,38.557281],[-0.12587,38.557267],[-0.125905,38.557228],[-0.12593,38.557201],[-0.125948,38.55718],[-0.12599,38.55713],[-0.126008,38.557106],[-0.126023,38.557076],[-0.126035,38.557053],[-0.126046,38.557029],[-0.126064,38.556989],[-0.126072,38.556962],[-0.126077,38.556923],[-0.12608,38.556885],[-0.126081,38.556859],[-0.126081,38.556843],[-0.12608,38.556828],[-0.126073,38.556794],[-0.126064,38.556756],[-0.126059,38.55674],[-0.126046,38.556697],[-0.126013,38.556557],[-0.126014,38.556412],[-0.126017,38.556296],[-0.12602,38.556232],[-0.126023,38.556175],[-0.126018,38.556158],[-0.126005,38.556141],[-0.125991,38.556127],[-0.125974,38.556111],[-0.125946,38.556086],[-0.12593,38.556075],[-0.125911,38.556063],[-0.125895,38.556054],[-0.125875,38.556043],[-0.125858,38.556035],[-0.125841,38.556027],[-0.125821,38.556021],[-0.1258,38.556016],[-0.125775,38.55601],[-0.125743,38.556003],[-0.125687,38.555991],[-0.125661,38.555985],[-0.125641,38.555979],[-0.125622,38.555972],[-0.125497,38.555919],[-0.125395,38.555878],[-0.125337,38.555854],[-0.125304,38.55584],[-0.125289,38.555833],[-0.125157,38.555776],[-0.125014,38.555767],[-0.12492,38.555737],[-0.124903,38.55573],[-0.124886,38.555718],[-0.124875,38.555706],[-0.124866,38.555693],[-0.124857,38.555672],[-0.124855,38.555651],[-0.124854,38.555637],[-0.12485,38.555621],[-0.124832,38.555538],[-0.124826,38.555511],[-0.124817,38.555484],[-0.124811,38.555465],[-0.124792,38.555414],[-0.124776,38.555372],[-0.124683,38.555298],[-0.124124,38.554856],[-0.12411,38.55485],[-0.124086,38.554841],[-0.124046,38.554825],[-0.124007,38.554809],[-0.123964,38.554788],[-0.123912,38.554759],[-0.123878,38.554738],[-0.123851,38.554721],[-0.123822,38.554701],[-0.123793,38.554681],[-0.123765,38.554662],[-0.123737,38.554642],[-0.123721,38.554632],[-0.123705,38.554622],[-0.123692,38.554611],[-0.123687,38.554597],[-0.123686,38.554573],[-0.123687,38.55455],[-0.123694,38.554495],[-0.123702,38.554439],[-0.123713,38.554381],[-0.123723,38.554322],[-0.123732,38.554265],[-0.123738,38.554208],[-0.12374,38.554156],[-0.123737,38.554131],[-0.123732,38.554105],[-0.123714,38.554032],[-0.123696,38.553959],[-0.123694,38.553945],[-0.123688,38.55392],[-0.123679,38.553901],[-0.123669,38.553878],[-0.123657,38.553855],[-0.123638,38.553828],[-0.123613,38.553803],[-0.123579,38.553774],[-0.12356,38.553758],[-0.123541,38.553741],[-0.123522,38.553723],[-0.123506,38.553703],[-0.123491,38.553684],[-0.123478,38.553664],[-0.123466,38.553633],[-0.123458,38.553598],[-0.123457,38.553584],[-0.123458,38.55356],[-0.123459,38.553528],[-0.123458,38.553511],[-0.123455,38.553495],[-0.123431,38.553449],[-0.123409,38.553409],[-0.123388,38.553371],[-0.123367,38.553334],[-0.123345,38.553299],[-0.123322,38.553265],[-0.123312,38.553246],[-0.123304,38.553226],[-0.123279,38.553158],[-0.123268,38.553124],[-0.123264,38.553089],[-0.123266,38.553075],[-0.123269,38.553061],[-0.12327,38.553047],[-0.123266,38.55303],[-0.123247,38.553009],[-0.123242,38.552993],[-0.123238,38.552973],[-0.123224,38.552952],[-0.123211,38.552939],[-0.123196,38.552924],[-0.123188,38.552912],[-0.123187,38.552892],[-0.123187,38.552877],[-0.123187,38.552862],[-0.123187,38.552844],[-0.123172,38.552828],[-0.123152,38.552811],[-0.123142,38.552801],[-0.123131,38.552781],[-0.123124,38.552764],[-0.123107,38.552721],[-0.123091,38.552678],[-0.123085,38.552658],[-0.123037,38.552491],[-0.122988,38.552384],[-0.122992,38.552298],[-0.122951,38.552235],[-0.122927,38.552172],[-0.122859,38.551994],[-0.122803,38.551888],[-0.122792,38.55175],[-0.122788,38.551729],[-0.122782,38.551703],[-0.122774,38.551661],[-0.122759,38.551593],[-0.122751,38.551544],[-0.122743,38.551517],[-0.122736,38.551489],[-0.122728,38.551459],[-0.122721,38.551428],[-0.1227,38.551328],[-0.122679,38.551228],[-0.122674,38.551196],[-0.122668,38.551164],[-0.122657,38.55112],[-0.122639,38.551078],[-0.122622,38.551042],[-0.122604,38.551006],[-0.122585,38.550964],[-0.122567,38.550921],[-0.122548,38.550869],[-0.122529,38.550817],[-0.122512,38.55077],[-0.122495,38.550723],[-0.122485,38.550699],[-0.122466,38.550663],[-0.122459,38.550646],[-0.122457,38.550628],[-0.122459,38.550615],[-0.122464,38.550596],[-0.122469,38.550579],[-0.12247,38.550561],[-0.122468,38.550544],[-0.122457,38.550517],[-0.122443,38.55049],[-0.122427,38.550463],[-0.122411,38.550436],[-0.122391,38.55041],[-0.122371,38.550384],[-0.12235,38.550361],[-0.12233,38.550339],[-0.122312,38.550313],[-0.1223,38.550286],[-0.122293,38.550267],[-0.122285,38.550247],[-0.122277,38.550229],[-0.122267,38.550211],[-0.122237,38.550139],[-0.122208,38.550067],[-0.122196,38.550037],[-0.122184,38.550007],[-0.122168,38.549975],[-0.122152,38.549942],[-0.122139,38.549914],[-0.122128,38.549886],[-0.122127,38.549873],[-0.12213,38.549854],[-0.122131,38.549834],[-0.122126,38.549815],[-0.12212,38.549796],[-0.122108,38.549757],[-0.122094,38.549719],[-0.122086,38.549705],[-0.122076,38.549692],[-0.122058,38.549676],[-0.122041,38.54966],[-0.122028,38.549645],[-0.122017,38.549628],[-0.121991,38.549575],[-0.121969,38.549521],[-0.121961,38.5495],[-0.121954,38.549478],[-0.121947,38.549452],[-0.121942,38.549425],[-0.121936,38.549369],[-0.121931,38.549333],[-0.121924,38.549298],[-0.121917,38.549262],[-0.121906,38.549226],[-0.121889,38.54918],[-0.121872,38.549133],[-0.121863,38.549113],[-0.121856,38.549092],[-0.121837,38.549027],[-0.121829,38.549],[-0.121821,38.548972],[-0.121805,38.54893],[-0.121785,38.548888],[-0.121759,38.548837],[-0.121698,38.548715],[-0.12169,38.548698],[-0.12168,38.548679],[-0.121639,38.548603],[-0.12163,38.548585],[-0.121622,38.548572],[-0.121613,38.548559],[-0.121601,38.548547],[-0.121576,38.548537],[-0.12155,38.54853],[-0.121523,38.548526],[-0.121496,38.548523],[-0.12147,38.548523],[-0.121444,38.548528],[-0.121336,38.548556],[-0.121231,38.548587],[-0.121158,38.548612],[-0.121086,38.548638],[-0.121016,38.548662],[-0.120946,38.548686],[-0.120922,38.548694],[-0.120898,38.548702],[-0.120856,38.548711],[-0.120813,38.54872],[-0.120761,38.548731],[-0.120708,38.548743],[-0.12068,38.548744],[-0.120651,38.548743],[-0.120628,38.548741],[-0.120606,38.548738],[-0.120574,38.54873],[-0.120543,38.548719],[-0.120523,38.548707],[-0.120505,38.548695],[-0.120478,38.548673],[-0.120452,38.548649],[-0.12043,38.548625],[-0.120407,38.548602],[-0.120383,38.548576],[-0.120357,38.54855],[-0.120336,38.548534],[-0.120313,38.548518],[-0.120212,38.548452],[-0.120158,38.548422],[-0.120102,38.548395],[-0.120087,38.548388],[-0.120051,38.548372],[-0.12003,38.548363],[-0.120006,38.548357],[-0.119982,38.548352],[-0.119966,38.548349],[-0.119939,38.548343],[-0.119902,38.548337],[-0.119869,38.548333],[-0.119832,38.548326],[-0.119814,38.548321],[-0.119798,38.548311],[-0.119784,38.548299],[-0.119767,38.548283],[-0.119759,38.548263],[-0.119754,38.548237],[-0.119753,38.548211],[-0.119753,38.548177],[-0.119754,38.548143],[-0.119754,38.54811],[-0.119753,38.548076],[-0.119751,38.548042],[-0.119747,38.548007],[-0.119737,38.547976],[-0.119726,38.547944],[-0.119712,38.547907],[-0.119698,38.547871],[-0.119681,38.547841],[-0.119672,38.547826],[-0.11966,38.547812],[-0.119619,38.54778],[-0.119586,38.547759],[-0.119536,38.547729],[-0.11948,38.547704],[-0.119434,38.547684],[-0.119388,38.547665],[-0.119336,38.547644],[-0.119284,38.547624],[-0.119235,38.547604],[-0.119185,38.547584],[-0.119133,38.547563],[-0.119075,38.547534],[-0.119054,38.547517],[-0.119045,38.5475],[-0.119037,38.547474],[-0.119029,38.547448],[-0.119016,38.547414],[-0.119001,38.547381],[-0.118982,38.547341],[-0.118962,38.547301],[-0.118949,38.547277],[-0.118937,38.547253],[-0.118926,38.547224],[-0.118916,38.547196],[-0.118902,38.547158],[-0.118887,38.547121],[-0.118871,38.547086],[-0.11885,38.547052],[-0.118819,38.547003],[-0.118787,38.546954],[-0.118723,38.546863],[-0.118692,38.546812],[-0.118675,38.546782],[-0.118663,38.546751],[-0.118651,38.546712],[-0.11864,38.546674],[-0.118631,38.54664],[-0.118623,38.546612],[-0.118614,38.546586],[-0.118605,38.546566],[-0.118599,38.546553],[-0.11859,38.546537],[-0.118581,38.54652],[-0.118573,38.546503],[-0.118565,38.546485],[-0.118557,38.546471],[-0.118521,38.546427],[-0.11848,38.546383],[-0.118466,38.54637],[-0.118423,38.546326],[-0.118381,38.546282],[-0.118369,38.546268],[-0.118357,38.546254],[-0.118345,38.54624],[-0.118334,38.546226],[-0.118317,38.546205],[-0.118296,38.546172],[-0.118259,38.546117],[-0.118245,38.546097],[-0.118227,38.546078],[-0.11821,38.546061],[-0.118193,38.546044],[-0.118169,38.54602],[-0.118145,38.545995],[-0.118102,38.545939],[-0.11806,38.545883],[-0.118012,38.545826],[-0.117964,38.545769],[-0.117946,38.54574],[-0.11793,38.545711],[-0.117921,38.545691],[-0.117911,38.545671],[-0.117904,38.545658],[-0.117894,38.54564],[-0.117883,38.545619],[-0.117873,38.545604],[-0.117825,38.545569],[-0.117769,38.54553],[-0.11736,38.545225],[-0.116981,38.544918],[-0.116822,38.544774],[-0.11681,38.544759],[-0.116797,38.544743],[-0.116399,38.544267],[-0.116098,38.543764],[-0.116052,38.543672],[-0.115284,38.542115],[-0.115008,38.541692],[-0.114925,38.541565],[-0.114743,38.54135],[-0.114444,38.540994],[-0.113681,38.540199],[-0.113627,38.540109],[-0.112862,38.539205],[-0.11138,38.537469],[-0.110758,38.537075],[-0.109638,38.53671],[-0.108908,38.536445]]},"properties":{"id_origen":"HY-N_WATERCOURSELINK_ES080HYWCLL0000008292395","local_id":"ES080HYWCLL0000008292395","nombre":"Barranc del Lliriet","long_municipal_m":4903.66}},{"type":"Feature","id":203,"geometry":{"type":"LineString","coordinates":[[-0.142218,38.573148],[-0.1422,38.573129],[-0.14218,38.573108],[-0.142169,38.573097],[-0.142138,38.573063],[-0.142108,38.57303],[-0.142083,38.573],[-0.142062,38.572973],[-0.142042,38.572945],[-0.142032,38.572931],[-0.142016,38.572906],[-0.142004,38.572886],[-0.141993,38.57286],[-0.141982,38.572834],[-0.141972,38.572808],[-0.141959,38.572771],[-0.141935,38.5727],[-0.141931,38.572675],[-0.141929,38.57265],[-0.141929,38.572632],[-0.141929,38.572615],[-0.141929,38.5726],[-0.141928,38.572587],[-0.141927,38.572571],[-0.141925,38.572555],[-0.141922,38.572538],[-0.141914,38.572521],[-0.141904,38.572504],[-0.141892,38.572488],[-0.14188,38.572478],[-0.141862,38.572466],[-0.141846,38.572461],[-0.141822,38.572458],[-0.141804,38.572457],[-0.141782,38.572461],[-0.141756,38.572466],[-0.141737,38.572471],[-0.141706,38.572481],[-0.141629,38.572509],[-0.141417,38.572584],[-0.14137,38.5726],[-0.141119,38.572686],[-0.141093,38.572688],[-0.14107,38.57269],[-0.14101,38.572695],[-0.140983,38.572698],[-0.140963,38.5727],[-0.140936,38.572701],[-0.140914,38.572698],[-0.140899,38.572693],[-0.140879,38.572681],[-0.14086,38.572668],[-0.140841,38.57265],[-0.14083,38.572632],[-0.140818,38.572611],[-0.140809,38.572592],[-0.140802,38.572579],[-0.140795,38.572563],[-0.140788,38.572542],[-0.140783,38.572522],[-0.140778,38.572496],[-0.140773,38.572459],[-0.140766,38.572409],[-0.140761,38.572369],[-0.140757,38.572333],[-0.140752,38.572296],[-0.140751,38.57228],[-0.140746,38.572257],[-0.140738,38.572242],[-0.140721,38.572233],[-0.140699,38.572224],[-0.140677,38.572218],[-0.140623,38.572203],[-0.140607,38.572196],[-0.140575,38.572177],[-0.140545,38.572159],[-0.140518,38.572143],[-0.140516,38.572142],[-0.140479,38.57212],[-0.140463,38.57211],[-0.140438,38.572096],[-0.140408,38.57208],[-0.140378,38.572064],[-0.140351,38.572053],[-0.140328,38.572044],[-0.140298,38.572034],[-0.140274,38.572029],[-0.140251,38.572031],[-0.14007,38.572064],[-0.140014,38.572072],[-0.139973,38.572079],[-0.139913,38.572088],[-0.139766,38.57211],[-0.139747,38.572114],[-0.13973,38.572116],[-0.139704,38.57212],[-0.139681,38.572118]]},"properties":{"id_origen":"HY-N_WATERCOURSELINK_ES080HYWCLL0000008292397","local_id":"ES080HYWCLL0000008292397","nombre":"Barranc del Lliriet","long_municipal_m":326.75}},{"type":"Feature","id":204,"geometry":{"type":"LineString","coordinates":[[-0.109634,38.559228],[-0.1096,38.559106],[-0.109515,38.558966],[-0.109471,38.558826],[-0.109482,38.558789],[-0.109516,38.558756],[-0.109533,38.558744],[-0.109545,38.558732],[-0.109561,38.558708],[-0.109577,38.558683],[-0.109565,38.558629],[-0.109486,38.558579],[-0.109392,38.558547],[-0.109236,38.558527],[-0.10918,38.558529],[-0.109074,38.558538],[-0.109,38.558588],[-0.108886,38.558659],[-0.108821,38.558696],[-0.108789,38.558711],[-0.108721,38.55873],[-0.108596,38.558735],[-0.108506,38.558718],[-0.108415,38.55868],[-0.108294,38.558574],[-0.108275,38.558508],[-0.108276,38.558405],[-0.108281,38.558304],[-0.108281,38.558282],[-0.108281,38.558265],[-0.10828,38.558247],[-0.108277,38.558233],[-0.108273,38.558213],[-0.10827,38.558196],[-0.108265,38.558178],[-0.108258,38.558157],[-0.108249,38.55814],[-0.108236,38.558121],[-0.108216,38.558095],[-0.108137,38.557997],[-0.108129,38.557986],[-0.108107,38.557958],[-0.108019,38.557864],[-0.107965,38.557809],[-0.107937,38.557783],[-0.107914,38.557761],[-0.107898,38.557749],[-0.107875,38.557727],[-0.107771,38.557647],[-0.107749,38.557629],[-0.107731,38.557612],[-0.107691,38.557577],[-0.107663,38.557553],[-0.107629,38.557524],[-0.107613,38.557514],[-0.107591,38.557508],[-0.107557,38.557503],[-0.107504,38.557496],[-0.107485,38.557494],[-0.107465,38.557492],[-0.107429,38.557488],[-0.107407,38.557484],[-0.107389,38.557479],[-0.107362,38.55747],[-0.107302,38.557449],[-0.107273,38.55744],[-0.10718,38.557408],[-0.107099,38.557378],[-0.107017,38.557321],[-0.106992,38.557303],[-0.106938,38.557266],[-0.10687,38.557228],[-0.10686,38.557211],[-0.106867,38.557038],[-0.106832,38.556753],[-0.106831,38.556402],[-0.106766,38.556241],[-0.106746,38.556194],[-0.106739,38.556175],[-0.106735,38.556162],[-0.106732,38.556142],[-0.106735,38.556123],[-0.106744,38.556101],[-0.10676,38.556081],[-0.106774,38.556066],[-0.106796,38.556045],[-0.106822,38.55602],[-0.106834,38.556008],[-0.106843,38.555998],[-0.106858,38.555983],[-0.106875,38.555963],[-0.106885,38.555945],[-0.106888,38.555924],[-0.106888,38.555904],[-0.106891,38.555798],[-0.10689,38.555759],[-0.106846,38.555672],[-0.10683,38.555643],[-0.106819,38.555624],[-0.106804,38.5556],[-0.106789,38.555577],[-0.106766,38.55555],[-0.106697,38.55547],[-0.106662,38.55543],[-0.106641,38.555407],[-0.106545,38.555302],[-0.106526,38.555279],[-0.106518,38.555263],[-0.10651,38.555247],[-0.106501,38.555226],[-0.106488,38.555192],[-0.106473,38.555151],[-0.10646,38.555114],[-0.106452,38.555074],[-0.106444,38.555032],[-0.106435,38.554985],[-0.10643,38.554956],[-0.106422,38.554912],[-0.106418,38.554887],[-0.106414,38.554859],[-0.106411,38.554839],[-0.106409,38.554823],[-0.106407,38.554807],[-0.106406,38.554791],[-0.106406,38.554772],[-0.106408,38.554755],[-0.106412,38.554722],[-0.106414,38.554702],[-0.106417,38.554681],[-0.106419,38.554665],[-0.106424,38.554636],[-0.106432,38.554589],[-0.106438,38.554553],[-0.10644,38.554539],[-0.106442,38.554523],[-0.106444,38.554508],[-0.106446,38.554494],[-0.106448,38.554481],[-0.106451,38.554463],[-0.106455,38.554431],[-0.106457,38.554416],[-0.106466,38.554329],[-0.106425,38.554286],[-0.106385,38.554245],[-0.106336,38.554085],[-0.106278,38.553954],[-0.106105,38.55375],[-0.105909,38.553526],[-0.105813,38.553389],[-0.105578,38.553073],[-0.105297,38.552778],[-0.105257,38.552761],[-0.105224,38.552732],[-0.105171,38.552687],[-0.104996,38.552534],[-0.104891,38.552445],[-0.104515,38.552187],[-0.104452,38.552135],[-0.106026,38.543245],[-0.106078,38.542908],[-0.106109,38.542693],[-0.10618,38.54258],[-0.106184,38.542573],[-0.106947,38.541311],[-0.106945,38.54102],[-0.106942,38.540948],[-0.106907,38.539936],[-0.106969,38.539819],[-0.107008,38.539748],[-0.107616,38.538943],[-0.10782,38.538843],[-0.108524,38.538572],[-0.108674,38.538485],[-0.108908,38.536445]]},"properties":{"id_origen":"HY-N_WATERCOURSELINK_ES080HYWCLL0000008292393","local_id":"ES080HYWCLL0000008292393","nombre":"Barranc de la Foia Manera","long_municipal_m":2896.38}},{"type":"Feature","id":205,"geometry":{"type":"LineString","coordinates":[[-0.139681,38.572118],[-0.139673,38.572104],[-0.139666,38.572079],[-0.139662,38.57206],[-0.139658,38.572039],[-0.139656,38.572023],[-0.139655,38.572009],[-0.139655,38.571991],[-0.139655,38.571975],[-0.139656,38.571959],[-0.139657,38.57194],[-0.139658,38.571918],[-0.139662,38.571866],[-0.139662,38.571853],[-0.139663,38.571839],[-0.139663,38.571823],[-0.139662,38.571804],[-0.139661,38.571782],[-0.139659,38.571765],[-0.139649,38.57172],[-0.139642,38.571687],[-0.139625,38.57161],[-0.139614,38.571559],[-0.139608,38.571533],[-0.139601,38.571501],[-0.139595,38.571475],[-0.139589,38.571448],[-0.139585,38.571427],[-0.139581,38.571411],[-0.139578,38.571395],[-0.139573,38.571373],[-0.139568,38.571347],[-0.139553,38.571278],[-0.139545,38.57124],[-0.139537,38.571218],[-0.139531,38.571205],[-0.139525,38.571192],[-0.139517,38.571179],[-0.139509,38.571166],[-0.1395,38.571153],[-0.139484,38.571138],[-0.139462,38.57112],[-0.139443,38.571109],[-0.139428,38.571103],[-0.139413,38.571097],[-0.13939,38.571089],[-0.139361,38.571081],[-0.139336,38.571075],[-0.13931,38.571068],[-0.139292,38.571064],[-0.139255,38.571056],[-0.13922,38.571048],[-0.139192,38.571042],[-0.139164,38.571038],[-0.139147,38.571036],[-0.139124,38.571034],[-0.139092,38.571031],[-0.139075,38.571028],[-0.139048,38.571019],[-0.139019,38.571006],[-0.138999,38.570993],[-0.138986,38.570983],[-0.138973,38.570972],[-0.138954,38.570955],[-0.138934,38.570933],[-0.138922,38.570916],[-0.138908,38.570895],[-0.138894,38.570873],[-0.138882,38.570851],[-0.13886,38.570812],[-0.138838,38.570773],[-0.138828,38.570757],[-0.138814,38.570735],[-0.138797,38.570715],[-0.138773,38.570688],[-0.138749,38.570662],[-0.138733,38.570645],[-0.138719,38.570632],[-0.138707,38.570621],[-0.138693,38.570613],[-0.138674,38.570603],[-0.138638,38.570586],[-0.138605,38.570572],[-0.138563,38.570556],[-0.138512,38.570538],[-0.138444,38.570514],[-0.138368,38.570487],[-0.138318,38.570468],[-0.138287,38.570456],[-0.138259,38.570445],[-0.13824,38.570438],[-0.138213,38.570427],[-0.138144,38.570398],[-0.138126,38.57039],[-0.138103,38.57038],[-0.138083,38.570369],[-0.138067,38.570354],[-0.138057,38.570338],[-0.138052,38.57032],[-0.138051,38.570305],[-0.13806,38.570288],[-0.138078,38.570276],[-0.138107,38.570261],[-0.138136,38.570247],[-0.138164,38.570234],[-0.138182,38.570225],[-0.138215,38.57021],[-0.138323,38.570159],[-0.138337,38.570152],[-0.138356,38.570142],[-0.138374,38.57013],[-0.138392,38.570114],[-0.138403,38.570102],[-0.138414,38.570088],[-0.138423,38.570076],[-0.138434,38.570058],[-0.138441,38.570034],[-0.138445,38.570015],[-0.138445,38.569996],[-0.138441,38.569973],[-0.138435,38.569948],[-0.13843,38.56993],[-0.138424,38.569913],[-0.138414,38.569894],[-0.138393,38.569858],[-0.138355,38.569797],[-0.13832,38.569743],[-0.138276,38.569678],[-0.138235,38.569618],[-0.1382,38.569568],[-0.13817,38.569525],[-0.138122,38.569461],[-0.138093,38.569424],[-0.138068,38.569392],[-0.138056,38.569376],[-0.138036,38.569352],[-0.138026,38.569341],[-0.138012,38.569331],[-0.137999,38.569322],[-0.137984,38.569313],[-0.137965,38.569304],[-0.137933,38.569296],[-0.137889,38.569285],[-0.137843,38.569274],[-0.137819,38.569268],[-0.137798,38.569264],[-0.137756,38.569254],[-0.137688,38.569238],[-0.137662,38.569228],[-0.137633,38.569214],[-0.137612,38.569201],[-0.137599,38.569189],[-0.137587,38.569177],[-0.137572,38.569161],[-0.137557,38.569144],[-0.137539,38.569122],[-0.137522,38.569101],[-0.137506,38.569079],[-0.137492,38.569058],[-0.137479,38.569032],[-0.137466,38.569006],[-0.137459,38.568989],[-0.13745,38.568965],[-0.137443,38.568946],[-0.137434,38.568918],[-0.137407,38.56884],[-0.137401,38.568826],[-0.137384,38.568796],[-0.137373,38.568776],[-0.13736,38.568758],[-0.137349,38.568742],[-0.137338,38.568728],[-0.137323,38.568714],[-0.137305,38.568698],[-0.137273,38.568673],[-0.137244,38.568651],[-0.137208,38.568626],[-0.137172,38.568603],[-0.137122,38.568572],[-0.137053,38.568531],[-0.137028,38.568516],[-0.136994,38.568495],[-0.136968,38.568479],[-0.136937,38.568461],[-0.136918,38.56845],[-0.136898,38.56844],[-0.136881,38.568434],[-0.136862,38.568427],[-0.136835,38.568421],[-0.136816,38.568416],[-0.136795,38.568415],[-0.136772,38.568413],[-0.136752,38.568413],[-0.136727,38.568414],[-0.136699,38.568416],[-0.136672,38.568419],[-0.13663,38.568424],[-0.136561,38.568432],[-0.136536,38.568435],[-0.13651,38.568438],[-0.136475,38.568444],[-0.136387,38.568458],[-0.136347,38.568461],[-0.136323,38.568459],[-0.1363,38.568455],[-0.136283,38.568451],[-0.13626,38.568445],[-0.136231,38.568436],[-0.136139,38.568411],[-0.136103,38.568405],[-0.136077,38.568404],[-0.136056,38.568403],[-0.136037,38.568402],[-0.136019,38.568401],[-0.135966,38.568399],[-0.135943,38.568398],[-0.13589,38.568396],[-0.135873,38.568396],[-0.135858,38.568395],[-0.135844,38.568394],[-0.135817,38.568393],[-0.135795,38.568391],[-0.135766,38.568389],[-0.135744,38.568387],[-0.135724,38.568385],[-0.1357,38.568382],[-0.135675,38.568377],[-0.135657,38.568374]]},"properties":{"id_origen":"HY-N_WATERCOURSELINK_ES080HYWCLL0000008292396","local_id":"ES080HYWCLL0000008292396","nombre":"Barranc del Lliriet","long_municipal_m":666.38}},{"type":"Feature","id":206,"geometry":{"type":"LineString","coordinates":[[-0.14045,38.576642],[-0.14054,38.576456],[-0.140554,38.576428],[-0.140572,38.576394],[-0.140596,38.57635],[-0.140617,38.576317],[-0.140631,38.576296],[-0.140648,38.57627],[-0.140663,38.576249],[-0.140679,38.576236],[-0.140692,38.576227],[-0.14071,38.576215],[-0.140734,38.5762],[-0.140758,38.576186],[-0.140781,38.576171],[-0.140794,38.576162],[-0.140805,38.576153],[-0.140818,38.576139],[-0.140826,38.576126],[-0.14085,38.576078],[-0.140904,38.575964],[-0.14086,38.57595],[-0.140827,38.575938],[-0.140795,38.575921],[-0.140764,38.575898],[-0.140736,38.575876],[-0.140701,38.575852],[-0.140666,38.575825],[-0.140631,38.575801],[-0.140598,38.575777],[-0.140564,38.575754],[-0.140524,38.575726],[-0.140477,38.575691],[-0.140442,38.575668],[-0.140403,38.575644],[-0.140371,38.575621],[-0.14034,38.575591],[-0.140325,38.575567],[-0.140306,38.575529],[-0.14029,38.575499],[-0.140263,38.575459],[-0.140241,38.575428],[-0.14022,38.575394],[-0.140184,38.575335],[-0.140175,38.575298],[-0.140167,38.575265],[-0.140162,38.575227],[-0.140159,38.575185],[-0.140166,38.575143],[-0.140173,38.575096],[-0.140184,38.57501],[-0.140185,38.574974],[-0.140175,38.574937],[-0.140169,38.574914],[-0.140157,38.574854],[-0.14015,38.574825],[-0.140141,38.574798],[-0.140134,38.574777],[-0.140127,38.574757],[-0.140121,38.574742],[-0.14011,38.574721],[-0.140111,38.574696],[-0.140116,38.574683],[-0.140139,38.574667],[-0.140165,38.574649],[-0.140169,38.574625],[-0.140168,38.574607],[-0.140151,38.574579],[-0.140167,38.574552],[-0.140186,38.574526],[-0.140177,38.574489],[-0.140167,38.574459],[-0.140157,38.574425],[-0.140143,38.574393],[-0.14013,38.574363],[-0.140117,38.574332],[-0.140102,38.574301],[-0.140087,38.574275],[-0.140073,38.574243],[-0.140064,38.574221],[-0.140065,38.574185],[-0.140068,38.57416],[-0.140081,38.57413],[-0.140099,38.574085],[-0.140089,38.574049],[-0.140063,38.573987],[-0.140047,38.573959],[-0.140032,38.573936],[-0.140005,38.573931],[-0.139975,38.57393],[-0.139898,38.573927],[-0.139862,38.57391],[-0.139838,38.573893],[-0.139826,38.573872],[-0.139813,38.573839],[-0.139781,38.573765],[-0.139775,38.57373],[-0.139772,38.573694],[-0.139766,38.57365],[-0.139743,38.573609],[-0.139725,38.573578],[-0.139699,38.57354],[-0.139647,38.573466],[-0.139626,38.573432],[-0.139615,38.573406],[-0.139616,38.573365],[-0.13962,38.573327],[-0.139651,38.573317],[-0.139674,38.573311],[-0.139702,38.573301],[-0.139708,38.573276],[-0.139705,38.573249],[-0.1397,38.573226],[-0.139689,38.573194],[-0.139674,38.573158],[-0.139666,38.573131],[-0.139658,38.5731],[-0.139659,38.573067],[-0.139657,38.573037],[-0.139652,38.573002],[-0.139635,38.572973],[-0.139621,38.572952],[-0.139602,38.572926],[-0.139575,38.572885],[-0.139571,38.572855],[-0.139569,38.572821],[-0.139579,38.572791],[-0.139611,38.572691],[-0.139622,38.572655],[-0.139631,38.572607],[-0.139635,38.572573],[-0.139641,38.572539],[-0.139647,38.57251],[-0.139652,38.572482],[-0.139652,38.572454],[-0.139653,38.572429],[-0.139653,38.572407],[-0.139655,38.572383],[-0.139656,38.572366],[-0.139655,38.572345],[-0.139656,38.572329],[-0.139657,38.57231],[-0.139659,38.572294],[-0.139663,38.572278],[-0.139667,38.572257],[-0.139672,38.572231],[-0.139675,38.572211],[-0.139676,38.572194],[-0.139681,38.572118]]},"properties":{"id_origen":"HY-N_WATERCOURSELINK_ES080HYWCLL0000008292404","local_id":"ES080HYWCLL0000008292404","nombre":"Barranc del Sarnatxo","long_municipal_m":573.34}},{"type":"Feature","id":207,"geometry":{"type":"LineString","coordinates":[[-0.139786,38.566723],[-0.139709,38.566692],[-0.139687,38.566683],[-0.139565,38.566633],[-0.139491,38.566583],[-0.13931,38.566465],[-0.139268,38.566437],[-0.139218,38.566404],[-0.139139,38.566342],[-0.139101,38.566313],[-0.138961,38.566108],[-0.13883,38.565966],[-0.138652,38.565824],[-0.138613,38.56576],[-0.138543,38.565645],[-0.138469,38.565489],[-0.138339,38.565382],[-0.138259,38.565317],[-0.13822,38.565323],[-0.138174,38.565331],[-0.137978,38.565231],[-0.137837,38.565146],[-0.137797,38.565113],[-0.13769,38.565023],[-0.137682,38.565009],[-0.137626,38.564905],[-0.137566,38.5648],[-0.13748,38.564698],[-0.137394,38.564597],[-0.137385,38.564578],[-0.137346,38.564496],[-0.13727,38.56439],[-0.137166,38.564277],[-0.137012,38.564132],[-0.136848,38.564027],[-0.136725,38.563892],[-0.136654,38.563758],[-0.136547,38.56362],[-0.136378,38.563453],[-0.136362,38.563437],[-0.136258,38.56333],[-0.136164,38.563225],[-0.136029,38.563072],[-0.13602,38.563063],[-0.135957,38.562844],[-0.135936,38.562674],[-0.135904,38.562472],[-0.135797,38.562326],[-0.135787,38.562312],[-0.135787,38.562186],[-0.135767,38.562088],[-0.135688,38.561973],[-0.135615,38.561867],[-0.135539,38.561763],[-0.135475,38.561675],[-0.13549,38.561617],[-0.135578,38.561284],[-0.135579,38.561215],[-0.135581,38.561118],[-0.135734,38.560901],[-0.135827,38.560776],[-0.135895,38.560712],[-0.135909,38.560699],[-0.135947,38.56067],[-0.136024,38.560611],[-0.136126,38.560551],[-0.136207,38.560541],[-0.136211,38.560541],[-0.136265,38.560513],[-0.136324,38.560477],[-0.136415,38.560451],[-0.136419,38.560447],[-0.136449,38.560423],[-0.136457,38.560416],[-0.1365,38.560382],[-0.136614,38.56023],[-0.13666,38.560068],[-0.13676,38.559973],[-0.13688,38.559894],[-0.137033,38.55987],[-0.137242,38.559837],[-0.137532,38.559816],[-0.137853,38.559808],[-0.138134,38.559786],[-0.138199,38.559665],[-0.138241,38.559525],[-0.138233,38.559405],[-0.138185,38.559199],[-0.138073,38.559093],[-0.138041,38.559079],[-0.137932,38.559033],[-0.137778,38.558972],[-0.137369,38.558959],[-0.137162,38.558951],[-0.137137,38.55895],[-0.137134,38.55895],[-0.137117,38.558948],[-0.136662,38.558901],[-0.136513,38.558885],[-0.136407,38.558785],[-0.136214,38.558604],[-0.1362,38.55844],[-0.136214,38.558289],[-0.136282,38.558096],[-0.136323,38.557876],[-0.136432,38.557738],[-0.136447,38.557578],[-0.136429,38.557304],[-0.136427,38.557269],[-0.136386,38.557091],[-0.136427,38.556957],[-0.13647,38.556792],[-0.136489,38.556619],[-0.13646,38.556433],[-0.136445,38.556346],[-0.136438,38.556235],[-0.136342,38.555875],[-0.136301,38.55574],[-0.136264,38.555624],[-0.136229,38.555535],[-0.136215,38.555475],[-0.136219,38.555345],[-0.136243,38.555285],[-0.136252,38.55522],[-0.136309,38.555148],[-0.136296,38.555055],[-0.13626,38.554969],[-0.136227,38.554936],[-0.136116,38.554804],[-0.1361,38.554703],[-0.136056,38.554598],[-0.136013,38.554481],[-0.135993,38.554282],[-0.136008,38.553987],[-0.136015,38.553823],[-0.135965,38.553736],[-0.135785,38.55341],[-0.135559,38.553085],[-0.135513,38.552976],[-0.135466,38.552877],[-0.135417,38.552771],[-0.135052,38.552249],[-0.134171,38.551629],[-0.134112,38.551502],[-0.134094,38.551439],[-0.134049,38.551365],[-0.133944,38.551287],[-0.133781,38.551142],[-0.133698,38.551034],[-0.13363,38.550938],[-0.133626,38.550862],[-0.133576,38.550632],[-0.133552,38.550556],[-0.133534,38.550483],[-0.133512,38.550409],[-0.133465,38.550328],[-0.133456,38.550167],[-0.133443,38.550094],[-0.133439,38.550072],[-0.133414,38.55001],[-0.133378,38.549922],[-0.133349,38.549829],[-0.133335,38.549742],[-0.133328,38.549729],[-0.133298,38.549677],[-0.13321,38.549618],[-0.133167,38.549555],[-0.133142,38.54952],[-0.133007,38.549436],[-0.132921,38.54926],[-0.132908,38.549109],[-0.132907,38.549092],[-0.132902,38.548997],[-0.132901,38.548958],[-0.1329,38.54895],[-0.132937,38.548856],[-0.132979,38.548718],[-0.132999,38.548502],[-0.133088,38.54823],[-0.133096,38.548198],[-0.133111,38.548143],[-0.133131,38.548066],[-0.133137,38.54804]]},"properties":{"id_origen":"HY-N_WATERCOURSELINK_ES080HYWCLL0000008295102","local_id":"ES080HYWCLL0000008295102","nombre":"Barranc dels Tolls","long_municipal_m":2596.49}},{"type":"Feature","id":208,"geometry":{"type":"LineString","coordinates":[[-0.15748,38.546594],[-0.157486,38.546577],[-0.15749,38.546564],[-0.157496,38.546551],[-0.157503,38.546534],[-0.157511,38.546517],[-0.157523,38.546492],[-0.157539,38.546457],[-0.157554,38.546426],[-0.157577,38.546379],[-0.157591,38.546357],[-0.157604,38.546336],[-0.157704,38.546152],[-0.157732,38.545974],[-0.157766,38.545757],[-0.157806,38.545546],[-0.15781,38.545525],[-0.157812,38.545512],[-0.15782,38.545469],[-0.15783,38.54542],[-0.157834,38.545397],[-0.15789,38.545099],[-0.158027,38.544939],[-0.158211,38.544837],[-0.158262,38.544796],[-0.158379,38.544626],[-0.158409,38.54447],[-0.158539,38.544059],[-0.158573,38.543892],[-0.158606,38.543813],[-0.158658,38.543751],[-0.158715,38.543642],[-0.158703,38.543547],[-0.158529,38.543168],[-0.158417,38.543048],[-0.157779,38.542785],[-0.157416,38.542689],[-0.157328,38.542654],[-0.157306,38.542651],[-0.157283,38.542648],[-0.157262,38.542644],[-0.157243,38.54263],[-0.157225,38.542611],[-0.157209,38.542596],[-0.157192,38.542581],[-0.157178,38.542566],[-0.157174,38.542551],[-0.157183,38.542529],[-0.157194,38.542509],[-0.157202,38.542494],[-0.15721,38.54248],[-0.157218,38.542464],[-0.157223,38.542447],[-0.157226,38.54243],[-0.157229,38.542411],[-0.157232,38.542393],[-0.157233,38.542374],[-0.157235,38.542354],[-0.157237,38.542334],[-0.157239,38.542317],[-0.15724,38.542298],[-0.157239,38.542281],[-0.157235,38.542262],[-0.157232,38.542243],[-0.157228,38.54222],[-0.157224,38.542197],[-0.157221,38.542171],[-0.15722,38.542146],[-0.157225,38.542101],[-0.15723,38.542056],[-0.157234,38.542017],[-0.157238,38.541992],[-0.157243,38.541967],[-0.15725,38.541941],[-0.157257,38.541916],[-0.157275,38.541859],[-0.157281,38.541835],[-0.157287,38.541812],[-0.157299,38.541791],[-0.157313,38.541772],[-0.157328,38.541754],[-0.157345,38.541737],[-0.157363,38.541719],[-0.157388,38.541698],[-0.15743,38.541671],[-0.157469,38.541642],[-0.157505,38.541613],[-0.157529,38.541581],[-0.157556,38.541554],[-0.157582,38.541527],[-0.157589,38.541492],[-0.157595,38.541459],[-0.157628,38.541335],[-0.157481,38.540894],[-0.157531,38.540571],[-0.157514,38.5404],[-0.157422,38.540226],[-0.157301,38.540068],[-0.157169,38.539927],[-0.157109,38.539826],[-0.157125,38.539687],[-0.157172,38.539589],[-0.15724,38.539508],[-0.1573,38.539399],[-0.157312,38.539341],[-0.157352,38.53929],[-0.157353,38.53925],[-0.157337,38.539199],[-0.157328,38.539185],[-0.157285,38.539129],[-0.157152,38.539095],[-0.15711,38.539071],[-0.156876,38.538271],[-0.156266,38.536186],[-0.156101,38.535165]]},"properties":{"id_origen":"HY-N_WATERCOURSELINK_ES080HYWCLL0000008295745","local_id":"ES080HYWCLL0000008295745","nombre":"Barranco de la Tapia","long_municipal_m":1418.97}},{"type":"Feature","id":209,"geometry":{"type":"LineString","coordinates":[[-0.157446,38.550706],[-0.157551,38.550563],[-0.157983,38.550081],[-0.158098,38.549973],[-0.158112,38.549911],[-0.157976,38.549796],[-0.15782,38.549706],[-0.157705,38.54967],[-0.157589,38.549657],[-0.157372,38.549656],[-0.157173,38.549669],[-0.15713,38.549646],[-0.157115,38.549605],[-0.157119,38.549455],[-0.157122,38.549368],[-0.157165,38.548268],[-0.157171,38.548116],[-0.157212,38.547974],[-0.157219,38.54795],[-0.157226,38.547931],[-0.157234,38.547906],[-0.157243,38.547882],[-0.157265,38.547825],[-0.157289,38.54776],[-0.157296,38.547741],[-0.157305,38.547717],[-0.157311,38.547698],[-0.157316,38.547682],[-0.157323,38.547658],[-0.15733,38.547633],[-0.157337,38.547609],[-0.157344,38.547585],[-0.157351,38.547561],[-0.157358,38.547537],[-0.157364,38.547513],[-0.157369,38.547489],[-0.157374,38.547464],[-0.157379,38.54744],[-0.157382,38.547424],[-0.157386,38.5474],[-0.157389,38.547384],[-0.157393,38.547359],[-0.157395,38.547343],[-0.157397,38.547325],[-0.157401,38.547294],[-0.157405,38.547252],[-0.157408,38.547227],[-0.15741,38.54721],[-0.157422,38.547096],[-0.157429,38.547023],[-0.157444,38.546878],[-0.157449,38.546831],[-0.157454,38.546786],[-0.157459,38.546741],[-0.157463,38.546701],[-0.157466,38.546676],[-0.157469,38.546656],[-0.157471,38.546636],[-0.157475,38.546614],[-0.15748,38.546594]]},"properties":{"id_origen":"HY-N_WATERCOURSELINK_ES080HYWCLL0000008295746","local_id":"ES080HYWCLL0000008295746","nombre":"Barranco de la Tapia","long_municipal_m":544.69}},{"type":"Feature","id":210,"geometry":{"type":"LineString","coordinates":[[-0.151037,38.568465],[-0.151045,38.568334],[-0.151093,38.568246],[-0.151181,38.568133],[-0.151396,38.56794],[-0.151508,38.567826],[-0.151594,38.567782],[-0.151887,38.567677],[-0.151961,38.567641],[-0.152255,38.567401],[-0.152301,38.567355],[-0.152421,38.567156],[-0.15254,38.567001],[-0.152662,38.566865],[-0.152707,38.566841],[-0.15277,38.566822],[-0.152908,38.566812],[-0.153011,38.566763],[-0.153066,38.566716],[-0.153241,38.566534],[-0.153366,38.566432],[-0.153503,38.566343],[-0.153555,38.566292],[-0.153585,38.566227],[-0.153584,38.566186],[-0.153481,38.566097],[-0.153277,38.565786],[-0.153242,38.565718],[-0.153233,38.565664],[-0.153237,38.565618],[-0.153295,38.565543],[-0.153456,38.565435],[-0.153624,38.56534],[-0.153869,38.565237],[-0.153892,38.565215],[-0.15391,38.565188],[-0.153916,38.565169],[-0.153977,38.564965],[-0.153996,38.564894],[-0.154042,38.564713],[-0.154077,38.564418],[-0.154047,38.564368],[-0.153898,38.56422],[-0.153933,38.563927],[-0.153846,38.563738],[-0.153809,38.563598],[-0.153801,38.563509],[-0.153836,38.563308],[-0.153903,38.563146],[-0.153904,38.563014],[-0.153926,38.562915],[-0.153974,38.562835],[-0.154132,38.562662],[-0.154157,38.562604],[-0.15415,38.562469],[-0.154177,38.562338],[-0.154114,38.56216],[-0.154077,38.562001],[-0.154125,38.561683],[-0.154122,38.561624],[-0.154094,38.561531],[-0.154009,38.561333],[-0.153958,38.56125],[-0.153853,38.561156],[-0.153578,38.560991],[-0.153495,38.560919],[-0.153464,38.560862],[-0.153399,38.560631],[-0.153466,38.560434],[-0.153511,38.560084],[-0.153294,38.559634],[-0.153259,38.559464],[-0.153194,38.559303],[-0.15321,38.558936],[-0.153365,38.558895],[-0.153436,38.55883],[-0.153498,38.558745],[-0.153595,38.558648],[-0.15395,38.558238],[-0.154072,38.558148],[-0.154213,38.558025],[-0.15443,38.557884],[-0.154771,38.5576],[-0.154852,38.557469],[-0.154856,38.557376],[-0.154809,38.557295],[-0.154541,38.557009],[-0.15451,38.556935],[-0.154444,38.556887],[-0.154414,38.556787],[-0.154436,38.556654],[-0.154484,38.556502],[-0.154502,38.556264],[-0.154432,38.556122],[-0.154375,38.556054],[-0.154216,38.555997],[-0.154039,38.555986],[-0.153871,38.555935],[-0.153804,38.555656],[-0.153816,38.555582],[-0.153842,38.55553],[-0.153918,38.555465],[-0.154012,38.555426],[-0.154203,38.555385],[-0.154351,38.55538],[-0.154403,38.555359],[-0.154439,38.555308],[-0.154493,38.554879],[-0.154478,38.554726],[-0.154499,38.554656],[-0.154557,38.554589],[-0.154705,38.554542],[-0.154795,38.554473],[-0.154859,38.554288],[-0.15494,38.554136],[-0.155142,38.553886],[-0.155365,38.553542],[-0.155454,38.553447],[-0.155543,38.553399],[-0.155955,38.553279],[-0.156093,38.553259],[-0.156154,38.553226],[-0.156198,38.553132],[-0.156236,38.553],[-0.156542,38.552762],[-0.156665,38.552631],[-0.156713,38.552534],[-0.156885,38.552066],[-0.156919,38.551999],[-0.156964,38.55195],[-0.157033,38.551914],[-0.157121,38.551896],[-0.157259,38.551883],[-0.157447,38.551885],[-0.157527,38.55184],[-0.157561,38.551767],[-0.15756,38.551618],[-0.157393,38.550919],[-0.157446,38.550706]]},"properties":{"id_origen":"HY-N_WATERCOURSELINK_ES080HYWCLL0000008295747","local_id":"ES080HYWCLL0000008295747","nombre":"Barranco de la Tapia","long_municipal_m":2429.4}},{"type":"Feature","id":211,"geometry":{"type":"LineString","coordinates":[[-0.160677,38.573034],[-0.160654,38.573039],[-0.160636,38.573048],[-0.160622,38.573057],[-0.160605,38.573072],[-0.160595,38.573087],[-0.160588,38.573101],[-0.160581,38.573115],[-0.160562,38.573152],[-0.160553,38.573167],[-0.160542,38.57318],[-0.160522,38.573195],[-0.160481,38.573226],[-0.160454,38.573246],[-0.160422,38.573269],[-0.16039,38.573291],[-0.160362,38.57331],[-0.160339,38.573322],[-0.160295,38.573344],[-0.160267,38.573357],[-0.160248,38.573365],[-0.160218,38.573378],[-0.160162,38.573402],[-0.160141,38.573412],[-0.160114,38.573424],[-0.160092,38.573435],[-0.160011,38.573472],[-0.159987,38.573483],[-0.159937,38.573506],[-0.159769,38.573584],[-0.159736,38.5736],[-0.159715,38.573612],[-0.159699,38.573622],[-0.159685,38.573633],[-0.159666,38.573648],[-0.159642,38.573668],[-0.159566,38.573729],[-0.159539,38.573745],[-0.159518,38.573755],[-0.159492,38.573765],[-0.159473,38.573772],[-0.15945,38.573777],[-0.159426,38.573782],[-0.159391,38.573788],[-0.159359,38.573793],[-0.159327,38.573797],[-0.15931,38.573798],[-0.159293,38.5738],[-0.159276,38.573801],[-0.159241,38.573803],[-0.159216,38.573804],[-0.15919,38.573805],[-0.159121,38.573808],[-0.159104,38.573809],[-0.159079,38.573811],[-0.159062,38.573812],[-0.159045,38.573814],[-0.159028,38.573815],[-0.159011,38.573817],[-0.158994,38.573819],[-0.158972,38.573822],[-0.15894,38.573829],[-0.158905,38.573836],[-0.15887,38.573844],[-0.158827,38.573853],[-0.158766,38.573867],[-0.158679,38.573886],[-0.158645,38.573894],[-0.15861,38.573902],[-0.158574,38.57391],[-0.158527,38.573922],[-0.158492,38.573931],[-0.158439,38.573944],[-0.158378,38.573959],[-0.158246,38.57399],[-0.15821,38.573998],[-0.158169,38.574008],[-0.158119,38.574019],[-0.15785,38.574078],[-0.157828,38.574085],[-0.157745,38.574106],[-0.157662,38.574127],[-0.157502,38.574164],[-0.157466,38.574173],[-0.157413,38.57419],[-0.157362,38.574211],[-0.157332,38.574225],[-0.157291,38.574248],[-0.157275,38.574261],[-0.157255,38.574277],[-0.15724,38.574292],[-0.157219,38.574315],[-0.157198,38.574338],[-0.157166,38.574368],[-0.157149,38.574381],[-0.157127,38.574389],[-0.156914,38.57444],[-0.156859,38.574453],[-0.156803,38.574468],[-0.156774,38.574481],[-0.156734,38.574504],[-0.156695,38.574527],[-0.156602,38.574582],[-0.156571,38.574599],[-0.156556,38.574608],[-0.156542,38.57462],[-0.156524,38.57464],[-0.156509,38.574672],[-0.156495,38.574703],[-0.156476,38.57474],[-0.156458,38.574777],[-0.156443,38.574813],[-0.15643,38.574849],[-0.156418,38.57488],[-0.156411,38.574894],[-0.1564,38.57491],[-0.156371,38.57491],[-0.156349,38.574901],[-0.156328,38.574884],[-0.156312,38.574874],[-0.156287,38.574872],[-0.156258,38.574877],[-0.156237,38.574878],[-0.156191,38.57487],[-0.15615,38.574861],[-0.156126,38.57486],[-0.156088,38.57486],[-0.15607,38.57486],[-0.156052,38.574857],[-0.155997,38.574841],[-0.155943,38.574823],[-0.155884,38.574803],[-0.155825,38.574782],[-0.155775,38.57476],[-0.155725,38.574737],[-0.15567,38.574715],[-0.155614,38.574694],[-0.155562,38.57468],[-0.155509,38.57467],[-0.155456,38.574663],[-0.155429,38.574661],[-0.155403,38.574662],[-0.155378,38.574666],[-0.155342,38.574673],[-0.155305,38.574681],[-0.155231,38.574693],[-0.155177,38.574701],[-0.155156,38.574703],[-0.155043,38.574707],[-0.154994,38.574714],[-0.154946,38.574722],[-0.15489,38.574732],[-0.154832,38.574743],[-0.15477,38.574748],[-0.154707,38.574747],[-0.154588,38.574741],[-0.154532,38.574736],[-0.154504,38.574734],[-0.154477,38.574739],[-0.154385,38.574772],[-0.154359,38.57478],[-0.154318,38.574789],[-0.154277,38.574796],[-0.15424,38.574801],[-0.154219,38.574802],[-0.15416,38.574803],[-0.154033,38.574799],[-0.153927,38.574799],[-0.153901,38.574798],[-0.153862,38.574793],[-0.153824,38.574782],[-0.153767,38.574762],[-0.153715,38.574737],[-0.153598,38.574678],[-0.153545,38.574652],[-0.153492,38.574626],[-0.153436,38.574602],[-0.153376,38.574583],[-0.153313,38.574566],[-0.153248,38.574552],[-0.153193,38.574542],[-0.153166,38.57454],[-0.153138,38.574539],[-0.153083,38.574542],[-0.153022,38.574544],[-0.15297,38.574545],[-0.152917,38.574544],[-0.15287,38.57454],[-0.152824,38.57453],[-0.152796,38.574521],[-0.152756,38.574506],[-0.152715,38.574492],[-0.152662,38.574478],[-0.152608,38.574471],[-0.152547,38.574466],[-0.152484,38.574463],[-0.152443,38.574461],[-0.152422,38.57446],[-0.1524,38.574462],[-0.152359,38.574467],[-0.152318,38.574473],[-0.152272,38.574479],[-0.152225,38.574485],[-0.152198,38.574487],[-0.152177,38.574487],[-0.152147,38.57448],[-0.152118,38.57447],[-0.152081,38.574457],[-0.152044,38.574442],[-0.152006,38.574426],[-0.151986,38.574417],[-0.151966,38.57441],[-0.151942,38.574408],[-0.151905,38.574407],[-0.151814,38.574409],[-0.151761,38.574409],[-0.15171,38.574406],[-0.151659,38.574402],[-0.151569,38.574399],[-0.151509,38.574393],[-0.151449,38.574384],[-0.151392,38.57437],[-0.151333,38.574354],[-0.15131,38.574344],[-0.151215,38.5743],[-0.151196,38.574292],[-0.151181,38.574285],[-0.151161,38.574276],[-0.151142,38.574268],[-0.151112,38.574254],[-0.151061,38.574231],[-0.151039,38.574219],[-0.151021,38.574209],[-0.151003,38.574192],[-0.150992,38.574179],[-0.150978,38.574161],[-0.150961,38.57414],[-0.150924,38.574091],[-0.150909,38.574074],[-0.150887,38.574047],[-0.150857,38.57401],[-0.150807,38.573948],[-0.150787,38.573923],[-0.15077,38.573903],[-0.150748,38.573876],[-0.150738,38.573863],[-0.150731,38.573849],[-0.150725,38.573835],[-0.15072,38.573819],[-0.150718,38.573798],[-0.150718,38.573781],[-0.15072,38.573766],[-0.15072,38.573764],[-0.15072,38.57374],[-0.150726,38.573647],[-0.150726,38.573621],[-0.150728,38.573608],[-0.15073,38.573591],[-0.150732,38.573573],[-0.150735,38.57355],[-0.150737,38.573529],[-0.150736,38.57351],[-0.150732,38.573488],[-0.150719,38.573448],[-0.150709,38.573415],[-0.150537,38.57338],[-0.150355,38.573346],[-0.150277,38.573297],[-0.150204,38.573194],[-0.150135,38.572903],[-0.150076,38.572697],[-0.150019,38.572575],[-0.149897,38.572306],[-0.149885,38.572259],[-0.149913,38.572185],[-0.150018,38.572059],[-0.150075,38.571967],[-0.150096,38.571901],[-0.15013,38.571561],[-0.150163,38.571244],[-0.150193,38.570953],[-0.150203,38.570815],[-0.150191,38.570641],[-0.150236,38.570468],[-0.150224,38.57043],[-0.150175,38.570377],[-0.150145,38.570328],[-0.150148,38.570281],[-0.150178,38.570207],[-0.150371,38.5698],[-0.150446,38.569704],[-0.150539,38.569641],[-0.150635,38.569262],[-0.150772,38.568989],[-0.151015,38.568643],[-0.15103,38.568572],[-0.151037,38.568465]]},"properties":{"id_origen":"HY-N_WATERCOURSELINK_ES080HYWCLL0000008295748","local_id":"ES080HYWCLL0000008295748","nombre":"Barranco de la Tapia","long_municipal_m":1643.96}},{"type":"Feature","id":212,"geometry":{"type":"LineString","coordinates":[[-0.156101,38.535165],[-0.156142,38.535101],[-0.15615,38.535037],[-0.156124,38.53497],[-0.15609,38.534931],[-0.155945,38.534645],[-0.155645,38.534],[-0.155335,38.533211]]},"properties":{"id_origen":"HY-N_WATERCOURSELINK_ES080HYWCLL0000008295754","local_id":"ES080HYWCLL0000008295754","nombre":"Barranco de la Tapia","long_municipal_m":230.46}},{"type":"Feature","id":213,"geometry":{"type":"LineString","coordinates":[[-0.155672,38.54583],[-0.155643,38.545516],[-0.155625,38.545369],[-0.155515,38.54504],[-0.155466,38.544847],[-0.155461,38.544834],[-0.15537,38.544608],[-0.155281,38.544388],[-0.155076,38.544211],[-0.154933,38.544111],[-0.154831,38.544013],[-0.15481,38.543929],[-0.154766,38.543819],[-0.154611,38.543611],[-0.154456,38.543415],[-0.154396,38.543267],[-0.154373,38.543182],[-0.154247,38.542719],[-0.154277,38.542573],[-0.154277,38.54255],[-0.154278,38.542469],[-0.15428,38.542285],[-0.154232,38.54208],[-0.154214,38.541993],[-0.154197,38.541912],[-0.154254,38.541716],[-0.15425,38.541608],[-0.154243,38.541389],[-0.154204,38.541126],[-0.154137,38.540971],[-0.154104,38.540918],[-0.15403,38.540796],[-0.153818,38.540592],[-0.153762,38.540519],[-0.153733,38.540482],[-0.153733,38.540481],[-0.15371,38.540439],[-0.153588,38.540216],[-0.153583,38.539947],[-0.153581,38.53994],[-0.153514,38.539682],[-0.153448,38.539432],[-0.153407,38.539307],[-0.153361,38.539168],[-0.153267,38.538877],[-0.153205,38.538575],[-0.153098,38.538406],[-0.153084,38.538373],[-0.153008,38.5382],[-0.152766,38.537938],[-0.152762,38.537932],[-0.152682,38.537814],[-0.152602,38.537703],[-0.152589,38.537684],[-0.152337,38.537461],[-0.152107,38.537302],[-0.152094,38.53729],[-0.152019,38.537223],[-0.151996,38.537203],[-0.151981,38.53719],[-0.151939,38.537134],[-0.151834,38.537001],[-0.151773,38.536915],[-0.151752,38.536886],[-0.151742,38.536871],[-0.151655,38.5366],[-0.151607,38.536398],[-0.151263,38.535199]]},"properties":{"id_origen":"HY-N_WATERCOURSELINK_ES080HYWCLL0000008295942","local_id":"ES080HYWCLL0000008295942","nombre":"Barranc de la Vela Blanca","long_municipal_m":1277.82}},{"type":"Feature","id":214,"geometry":{"type":"LineString","coordinates":[[-0.148982,38.551896],[-0.148936,38.55185],[-0.148716,38.55176],[-0.148481,38.551567],[-0.148307,38.551377],[-0.148196,38.551289],[-0.148047,38.551212],[-0.147751,38.551123],[-0.147688,38.551092],[-0.147609,38.55102],[-0.147422,38.550811],[-0.147166,38.55069],[-0.146967,38.550575],[-0.146798,38.550456],[-0.146591,38.550282],[-0.146576,38.550268],[-0.146565,38.550257],[-0.146559,38.550242],[-0.146553,38.550219],[-0.146542,38.550181],[-0.146502,38.550072],[-0.14649,38.550039],[-0.146478,38.550009],[-0.146434,38.549881],[-0.146413,38.549832],[-0.146408,38.549818],[-0.146403,38.549803],[-0.146368,38.549745],[-0.146217,38.549583],[-0.146201,38.54957],[-0.146185,38.549556],[-0.146034,38.549311],[-0.145845,38.548896],[-0.145719,38.548683],[-0.145671,38.548603],[-0.145661,38.548592],[-0.145652,38.548583],[-0.145632,38.548547],[-0.14561,38.548512],[-0.145586,38.548473],[-0.145562,38.548434],[-0.145553,38.548413],[-0.145544,38.54838],[-0.145535,38.548347],[-0.145524,38.548309],[-0.145502,38.548279],[-0.145481,38.548249],[-0.14546,38.548221],[-0.145442,38.548192],[-0.145435,38.548174],[-0.14543,38.548145],[-0.145425,38.548116],[-0.145418,38.548084],[-0.145412,38.548052],[-0.145401,38.548026],[-0.145386,38.548002],[-0.145357,38.547973],[-0.145313,38.547932],[-0.145266,38.547894],[-0.145116,38.547779],[-0.145067,38.54774],[-0.145017,38.547702],[-0.145005,38.54769],[-0.144989,38.547671],[-0.144977,38.54765],[-0.144976,38.547635],[-0.144978,38.54762],[-0.144982,38.547606],[-0.144985,38.547586],[-0.144986,38.547565],[-0.144988,38.547545],[-0.144991,38.547532],[-0.144996,38.547516],[-0.145003,38.5475],[-0.14501,38.547483],[-0.145019,38.547467],[-0.145027,38.547451],[-0.145036,38.547435],[-0.145045,38.547416],[-0.145055,38.547397],[-0.145064,38.547376],[-0.145072,38.547355],[-0.145078,38.547331],[-0.145084,38.547308],[-0.145093,38.547272],[-0.145102,38.547237],[-0.145108,38.547212],[-0.145114,38.547187],[-0.145118,38.547165],[-0.145121,38.547144],[-0.14512,38.547123],[-0.145118,38.547101],[-0.145116,38.547084],[-0.145114,38.547067],[-0.145109,38.547044],[-0.145105,38.54702],[-0.145103,38.546997],[-0.1451,38.546973],[-0.145097,38.546952],[-0.145094,38.546931],[-0.145091,38.546911],[-0.145087,38.546886],[-0.145085,38.54687],[-0.145082,38.546847],[-0.14508,38.546824],[-0.145079,38.546801],[-0.145077,38.546778],[-0.145074,38.546755],[-0.145072,38.546733],[-0.145069,38.546712],[-0.145066,38.54669],[-0.145065,38.54667],[-0.145065,38.546649],[-0.145066,38.546629],[-0.145067,38.54661],[-0.145068,38.546594],[-0.145068,38.546578],[-0.145068,38.546555],[-0.145068,38.546532],[-0.145068,38.546515],[-0.145067,38.546498],[-0.145066,38.546482],[-0.145064,38.546466],[-0.145061,38.546448],[-0.145058,38.546431],[-0.145052,38.546395],[-0.145045,38.546361],[-0.145036,38.546309],[-0.145029,38.546292],[-0.145022,38.546273],[-0.14499,38.546108],[-0.144982,38.546073],[-0.144962,38.545984],[-0.144901,38.545832],[-0.144887,38.545756],[-0.144883,38.545723],[-0.144879,38.545695],[-0.144872,38.545641],[-0.144869,38.545587],[-0.144868,38.545564],[-0.144869,38.545541],[-0.144871,38.545501],[-0.144873,38.545477],[-0.144874,38.545454],[-0.144879,38.545436],[-0.144885,38.545418],[-0.144891,38.545402],[-0.144898,38.545386],[-0.144904,38.545369],[-0.14491,38.545352],[-0.144912,38.545336],[-0.144907,38.54532],[-0.144898,38.545302],[-0.144887,38.545284],[-0.144872,38.545268],[-0.144852,38.545247],[-0.144839,38.545234],[-0.144821,38.545219],[-0.144803,38.545206],[-0.144783,38.545194],[-0.144761,38.545182],[-0.14474,38.545171],[-0.144718,38.545161],[-0.144697,38.545151],[-0.144676,38.545141],[-0.144656,38.545131],[-0.144636,38.545121],[-0.144621,38.545112],[-0.14461,38.545099],[-0.144599,38.545085],[-0.144589,38.54507],[-0.144579,38.545054],[-0.14457,38.545037],[-0.144561,38.545021],[-0.144553,38.545005],[-0.144542,38.544988],[-0.14453,38.54497],[-0.144517,38.544953],[-0.144502,38.544937],[-0.144487,38.544923],[-0.144472,38.544909],[-0.144451,38.54489],[-0.144431,38.54487],[-0.144417,38.544856],[-0.144404,38.544841],[-0.14439,38.544825],[-0.144375,38.544808],[-0.144341,38.544771],[-0.144318,38.544746],[-0.144295,38.544721],[-0.144282,38.544708],[-0.144268,38.544695],[-0.144253,38.544682],[-0.144238,38.544669],[-0.144222,38.544653],[-0.144207,38.544636],[-0.144181,38.544608],[-0.144171,38.544598],[-0.144151,38.544578],[-0.14413,38.544558],[-0.144111,38.54454],[-0.144091,38.544522],[-0.144072,38.544505],[-0.144052,38.544488],[-0.144032,38.544472],[-0.144011,38.544456],[-0.143994,38.544443],[-0.143977,38.54443],[-0.143964,38.544416],[-0.143951,38.544401],[-0.143935,38.544387],[-0.143919,38.544372],[-0.143899,38.544358],[-0.143879,38.544344],[-0.143858,38.544329],[-0.143838,38.544315],[-0.143818,38.544301],[-0.143799,38.544287],[-0.14378,38.544272],[-0.143761,38.544258],[-0.143724,38.54423],[-0.143707,38.544217],[-0.143691,38.544203],[-0.143674,38.544187],[-0.143658,38.54417],[-0.143625,38.544135],[-0.143609,38.544119],[-0.143594,38.544104],[-0.14358,38.544091],[-0.143563,38.544079],[-0.143549,38.544071],[-0.143531,38.54406],[-0.143518,38.544052],[-0.143502,38.544041],[-0.143485,38.544027],[-0.143474,38.54401],[-0.143464,38.543989],[-0.143454,38.543968],[-0.143441,38.543943],[-0.143429,38.543918],[-0.143416,38.543895],[-0.143403,38.543873],[-0.143387,38.543844],[-0.143379,38.54383],[-0.143367,38.543818],[-0.143357,38.543793],[-0.143344,38.543771],[-0.14333,38.54375],[-0.143313,38.543731],[-0.143295,38.543712],[-0.143277,38.543693],[-0.143257,38.54367],[-0.143236,38.543647],[-0.143215,38.543625],[-0.143194,38.543603],[-0.143173,38.543582],[-0.143153,38.543561],[-0.143133,38.543541],[-0.143115,38.543521],[-0.143081,38.543478],[-0.143068,38.543462],[-0.143054,38.543445],[-0.143042,38.54343],[-0.143023,38.543409],[-0.143009,38.543386],[-0.143,38.543367],[-0.142995,38.543357],[-0.142982,38.543336],[-0.142965,38.543303],[-0.142632,38.542682],[-0.142625,38.542661],[-0.142623,38.542643],[-0.142627,38.542621],[-0.142627,38.542601],[-0.142627,38.542574],[-0.142628,38.542547],[-0.142631,38.542524],[-0.142634,38.542501],[-0.142641,38.542455],[-0.142646,38.54241],[-0.142646,38.542392],[-0.142646,38.542374],[-0.142645,38.542321],[-0.142645,38.542289],[-0.142645,38.542257],[-0.142645,38.542212],[-0.142646,38.542157],[-0.142648,38.542103],[-0.142649,38.542078],[-0.142652,38.542053],[-0.142657,38.542028],[-0.142662,38.542002],[-0.142667,38.541979],[-0.142673,38.541956],[-0.142682,38.541931],[-0.142792,38.541681],[-0.142838,38.541614],[-0.14289,38.541567],[-0.14303,38.541492],[-0.14318,38.541454],[-0.143597,38.5413],[-0.143695,38.541197],[-0.143701,38.541149],[-0.143687,38.541113],[-0.143872,38.540794],[-0.143914,38.540717],[-0.143918,38.5406],[-0.143967,38.539367],[-0.14369,38.539135],[-0.143707,38.538685],[-0.144003,38.538467],[-0.144039,38.537567],[-0.143761,38.537335],[-0.143774,38.536994],[-0.143787,38.536686],[-0.143777,38.536406]]},"properties":{"id_origen":"HY-N_WATERCOURSELINK_ES080HYWCLL0000008296696","local_id":"ES080HYWCLL0000008296696","nombre":"Barranc de Xixo","long_municipal_m":2011.58}},{"type":"Feature","id":215,"geometry":{"type":"LineString","coordinates":[[-0.153611,38.54644],[-0.153567,38.54638],[-0.153434,38.546297],[-0.153234,38.545941],[-0.153144,38.545844],[-0.153076,38.545796],[-0.152695,38.545636],[-0.152139,38.545618],[-0.15209,38.545615],[-0.152023,38.54561],[-0.151948,38.545607],[-0.151826,38.545587],[-0.151736,38.545529],[-0.151725,38.545493],[-0.151714,38.545449],[-0.151706,38.545417],[-0.151698,38.545386],[-0.151684,38.545333],[-0.151675,38.545299],[-0.151577,38.545],[-0.151592,38.544496],[-0.151561,38.544346],[-0.151456,38.544154],[-0.151412,38.544101],[-0.15133,38.54405],[-0.151086,38.543962],[-0.150986,38.543899],[-0.150945,38.543856],[-0.150889,38.543753],[-0.150811,38.543651],[-0.150689,38.543551],[-0.150519,38.543447],[-0.15034,38.543244],[-0.150109,38.542832],[-0.149819,38.542224],[-0.149797,38.542154],[-0.149751,38.541782],[-0.149716,38.54169],[-0.149703,38.541659],[-0.149681,38.541603],[-0.149675,38.541589],[-0.14966,38.541549],[-0.149649,38.541518],[-0.14964,38.541492],[-0.149638,38.54148],[-0.149514,38.539969],[-0.149324,38.539332],[-0.148985,38.538721],[-0.148496,38.53818],[-0.147961,38.537819],[-0.147381,38.537391],[-0.147171,38.537116],[-0.146854,38.536003]]},"properties":{"id_origen":"HY-N_WATERCOURSELINK_ES080HYWCLL0000008297083","local_id":"ES080HYWCLL0000008297083","nombre":"Barranc del Rajadell","long_municipal_m":1399.96}}]}